69120,9,84.14973293629666,45.0,14,0
69121,9,84.14973293629666,135.0,17,0
69122,9,84.14973293629666,-135.0,15,0
69123,9,84.14973293629666,-45.0,24,0
69124,9,78.28414760510762,22.5,12,0
69125,9,78.28414760510762,67.5,17,0
69126,9,78.28414760510762,112.5,19,0
69127,9,78.28414760510762,157.5,14,0
69128,9,78.28414760510762,-157.5,26,0
69129,9,78.28414760510762,-112.5,17,0
69130,9,78.28414760510762,-67.5,24,0
69131,9,78.28414760510762,-22.5,15,0
69132,9,72.38756092964962,15.0,13,0
69133,9,72.38756092964962,45.0,13,0
69134,9,72.38756092964962,75.0,23,0
69135,9,72.38756092964962,105.0,29,0
69136,9,72.38756092964962,135.0,14,0
69137,9,72.38756092964962,165.0,13,0
69138,9,72.38756092964962,-165.0,19,0
69139,9,72.38756092964962,-135.0,26,0
69140,9,72.38756092964962,-105.0,20,0
69141,9,72.38756092964962,-75.0,15,0
69142,9,72.38756092964962,-45.0,18,0
69143,9,72.38756092964962,-15.0,14,0
69144,9,66.44353569089877,11.25,16,0
69145,9,66.44353569089877,33.75,14,0
69146,9,66.44353569089877,56.25,15,0
69147,9,66.44353569089877,78.75,15,0
69148,9,66.44353569089877,101.25,21,0
69149,9,66.44353569089877,123.75,16,0
69150,9,66.44353569089877,146.25,17,0
69151,9,66.44353569089877,168.75,19,0
69152,9,66.44353569089877,-168.75,19,0
69153,9,66.44353569089877,-146.25,19,0
69154,9,66.44353569089877,-123.75,18,0
69155,9,66.44353569089877,-101.25,16,0
69156,9,66.44353569089877,-78.75,15,0
69157,9,66.44353569089877,-56.25,19,0
69158,9,66.44353569089877,-33.75,10,0
69159,9,66.44353569089877,-11.25,19,0
69160,9,60.43443884495228,9.0,14,0
69161,9,60.43443884495228,27.0,16,0
69162,9,60.43443884495228,45.0,19,0
69163,9,60.43443884495228,63.0,17,0
69164,9,60.43443884495228,81.0,20,0
69165,9,60.43443884495228,99.0,16,0
69166,9,60.43443884495228,117.0,14,0
69167,9,60.43443884495228,135.0,14,0
69168,9,60.43443884495228,153.0,12,0
69169,9,60.43443884495228,171.0,16,0
69170,9,60.43443884495228,-171.0,11,0
69171,9,60.43443884495228,-153.0,15,0
69172,9,60.43443884495228,-135.0,18,0
69173,9,60.43443884495228,-117.0,10,0
69174,9,60.43443884495228,-99.0,19,0
69175,9,60.43443884495228,-81.0,17,0
69176,9,60.43443884495228,-63.0,10,0
69177,9,60.43443884495228,-45.0,17,0
69178,9,60.43443884495228,-27.0,15,0
69179,9,60.43443884495228,-9.0,16,0
69180,9,54.340912303861245,7.5,23,0
69181,9,54.340912303861245,22.5,13,0
69182,9,54.340912303861245,37.5,18,0
69183,9,54.340912303861245,52.5,13,0
69184,9,54.340912303861245,67.5,19,0
69185,9,54.340912303861245,82.5,15,0
69186,9,54.340912303861245,97.5,21,0
69187,9,54.340912303861245,112.5,17,0
69188,9,54.340912303861245,127.5,14,0
69189,9,54.340912303861245,142.5,17,0
69190,9,54.340912303861245,157.5,21,0
69191,9,54.340912303861245,172.5,19,0
69192,9,54.340912303861245,-172.5,11,0
69193,9,54.340912303861245,-157.5,17,0
69194,9,54.340912303861245,-142.5,16,0
69195,9,54.340912303861245,-127.5,10,0
69196,9,54.340912303861245,-112.5,18,0
69197,9,54.340912303861245,-97.5,15,0
69198,9,54.340912303861245,-82.5,24,0
69199,9,54.340912303861245,-67.5,13,0
69200,9,54.340912303861245,-52.50000000000006,18,0
69201,9,54.340912303861245,-37.5,22,0
69202,9,54.340912303861245,-22.5,22,0
69203,9,54.340912303861245,-7.5,14,0
69204,9,48.141207794360284,6.428571428571416,15,0
69205,9,48.141207794360284,19.285714285714278,19,0
69206,9,48.141207794360284,32.14285714285714,14,0
69207,9,48.141207794360284,45.0,16,0
69208,9,48.141207794360284,57.85714285714286,19,0
69209,9,48.141207794360284,70.71428571428572,26,0
69210,9,48.141207794360284,83.57142857142856,24,0
69211,9,48.141207794360284,96.42857142857144,24,0
69212,9,48.141207794360284,109.28571428571428,18,0
69213,9,48.141207794360284,122.14285714285711,20,0
69214,9,48.141207794360284,135.0,13,0
69215,9,48.141207794360284,147.8571428571429,18,0
69216,9,48.141207794360284,160.71428571428572,16,0
69217,9,48.141207794360284,173.57142857142856,15,0
69218,9,48.141207794360284,-173.57142857142856,15,0
69219,9,48.141207794360284,-160.71428571428572,21,0
69220,9,48.141207794360284,-147.8571428571429,21,0
69221,9,48.141207794360284,-135.0,21,0
69222,9,48.141207794360284,-122.14285714285711,23,0
69223,9,48.141207794360284,-109.28571428571428,18,0
69224,9,48.141207794360284,-96.42857142857144,24,0
69225,9,48.141207794360284,-83.57142857142856,25,0
69226,9,48.141207794360284,-70.71428571428572,13,0
69227,9,48.141207794360284,-57.85714285714283,13,0
69228,9,48.141207794360284,-45.0,14,0
69229,9,48.141207794360284,-32.14285714285717,27,0
69230,9,48.141207794360284,-19.28571428571422,24,0
69231,9,48.141207794360284,-6.428571428571445,17,0
69232,9,41.81031489577859,5.625,12,0
69233,9,41.81031489577859,16.875,19,0
69234,9,41.81031489577859,28.125,23,0
69235,9,41.81031489577859,39.375,14,0
69236,9,41.81031489577859,50.625,26,0
69237,9,41.81031489577859,61.875,10,0
69238,9,41.81031489577859,73.125,20,0
69239,9,41.81031489577859,84.375,27,0
69240,9,41.81031489577859,95.625,25,0
69241,9,41.81031489577859,106.875,12,0
69242,9,41.81031489577859,118.125,21,0
69243,9,41.81031489577859,129.375,6,0
69244,9,41.81031489577859,140.625,18,0
69245,9,41.81031489577859,151.875,18,0
69246,9,41.81031489577859,163.125,23,0
69247,9,41.81031489577859,174.375,17,0
69248,9,41.81031489577859,-174.375,20,0
69249,9,41.81031489577859,-163.125,21,0
69250,9,41.81031489577859,-151.875,12,0
69251,9,41.81031489577859,-140.625,18,0
69252,9,41.81031489577859,-129.37500000000006,22,0
69253,9,41.81031489577859,-118.125,20,0
69254,9,41.81031489577859,-106.875,18,0
69255,9,41.81031489577859,-95.625,22,0
69256,9,41.81031489577859,-84.375,12,0
69257,9,41.81031489577859,-73.12500000000006,15,0
69258,9,41.81031489577859,-61.875,12,0
69259,9,41.81031489577859,-50.625,14,0
69260,9,41.81031489577859,-39.375,15,0
69261,9,41.81031489577859,-28.125,14,0
69262,9,41.81031489577859,-16.875,19,0
69263,9,41.81031489577859,-5.625,14,0
69264,9,35.68533471265204,0.0,17,0
69265,9,35.68533471265204,11.25,18,0
69266,9,35.68533471265204,22.5,10,0
69267,9,35.68533471265204,33.75,14,0
69268,9,35.68533471265204,45.0,20,0
69269,9,35.68533471265204,56.25,25,0
69270,9,35.68533471265204,67.5,7,0
69271,9,35.68533471265204,78.75,12,0
69272,9,35.68533471265204,90.0,22,1
69273,9,35.68533471265204,101.25,21,0
69274,9,35.68533471265204,112.5,16,0
69275,9,35.68533471265204,123.75,10,0
69276,9,35.68533471265204,135.0,16,0
69277,9,35.68533471265204,146.25,30,0
69278,9,35.68533471265204,157.5,17,0
69279,9,35.68533471265204,168.75,14,0
69280,9,35.68533471265204,-180.0,18,0
69281,9,35.68533471265204,-168.75,22,0
69282,9,35.68533471265204,-157.5,18,0
69283,9,35.68533471265204,-146.25,13,0
69284,9,35.68533471265204,-135.0,14,0
69285,9,35.68533471265204,-123.75,17,0
69286,9,35.68533471265204,-112.5,26,0
69287,9,35.68533471265204,-101.25,27,0
69288,9,35.68533471265204,-90.0,13,0
69289,9,35.68533471265204,-78.75000000000006,15,0
69290,9,35.68533471265204,-67.5,10,0
69291,9,35.68533471265204,-56.25,10,0
69292,9,35.68533471265204,-45.0,16,1
69293,9,35.68533471265204,-33.75000000000006,17,1
69294,9,35.68533471265204,-22.5,12,0
69295,9,35.68533471265204,-11.25,20,0
69296,9,30.000000000000007,5.625,12,0
69297,9,30.000000000000007,16.875,17,0
69298,9,30.000000000000007,28.125,14,0
69299,9,30.000000000000007,39.375,16,0
69300,9,30.000000000000007,50.625,17,0
69301,9,30.000000000000007,61.875,15,0
69302,9,30.000000000000007,73.125,18,0
69303,9,30.000000000000007,84.375,17,1
69304,9,30.000000000000007,95.625,17,0
69305,9,30.000000000000007,106.875,16,0
69306,9,30.000000000000007,118.125,15,0
69307,9,30.000000000000007,129.375,13,0
69308,9,30.000000000000007,140.625,21,0
69309,9,30.000000000000007,151.875,25,0
69310,9,30.000000000000007,163.125,10,0
69311,9,30.000000000000007,174.375,15,0
69312,9,30.000000000000007,-174.375,16,0
69313,9,30.000000000000007,-163.125,22,0
69314,9,30.000000000000007,-151.875,15,0
69315,9,30.000000000000007,-140.625,16,0
69316,9,30.000000000000007,-129.37500000000006,16,0
69317,9,30.000000000000007,-118.125,15,0
69318,9,30.000000000000007,-106.875,30,0
69319,9,30.000000000000007,-95.625,20,0
69320,9,30.000000000000007,-84.375,15,0
69321,9,30.000000000000007,-73.12500000000006,13,0
69322,9,30.000000000000007,-61.875,13,0
69323,9,30.000000000000007,-50.625,9,0
69324,9,30.000000000000007,-39.375,22,1
69325,9,30.000000000000007,-28.125,16,0
69326,9,30.000000000000007,-16.875,12,0
69327,9,30.000000000000007,-5.625,18,0
69328,9,24.62431835216408,0.0,16,0
69329,9,24.62431835216408,11.25,16,0
69330,9,24.62431835216408,22.5,19,0
69331,9,24.62431835216408,33.75,18,0
69332,9,24.62431835216408,45.0,19,0
69333,9,24.62431835216408,56.25,16,0
69334,9,24.62431835216408,67.5,21,0
69335,9,24.62431835216408,78.75,17,0
69336,9,24.62431835216408,90.0,18,0
69337,9,24.62431835216408,101.25,17,0
69338,9,24.62431835216408,112.5,18,0
69339,9,24.62431835216408,123.75,14,0
69340,9,24.62431835216408,135.0,16,0
69341,9,24.62431835216408,146.25,16,0
69342,9,24.62431835216408,157.5,22,0
69343,9,24.62431835216408,168.75,19,0
69344,9,24.62431835216408,-180.0,13,0
69345,9,24.62431835216408,-168.75,19,0
69346,9,24.62431835216408,-157.5,15,0
69347,9,24.62431835216408,-146.25,21,0
69348,9,24.62431835216408,-135.0,18,0
69349,9,24.62431835216408,-123.75,12,1
69350,9,24.62431835216408,-112.5,21,0
69351,9,24.62431835216408,-101.25,17,0
69352,9,24.62431835216408,-90.0,9,0
69353,9,24.62431835216408,-78.75000000000006,17,0
69354,9,24.62431835216408,-67.5,26,0
69355,9,24.62431835216408,-56.25,16,0
69356,9,24.62431835216408,-45.0,15,0
69357,9,24.62431835216408,-33.75000000000006,12,0
69358,9,24.62431835216408,-22.5,14,0
69359,9,24.62431835216408,-11.25,17,0
69360,9,19.47122063449069,5.625,19,0
69361,9,19.47122063449069,16.875,17,0
69362,9,19.47122063449069,28.125,11,0
69363,9,19.47122063449069,39.375,18,0
69364,9,19.47122063449069,50.625,16,0
69365,9,19.47122063449069,61.875,14,0
69366,9,19.47122063449069,73.125,17,0
69367,9,19.47122063449069,84.375,18,0
69368,9,19.47122063449069,95.625,19,0
69369,9,19.47122063449069,106.875,11,0
69370,9,19.47122063449069,118.125,18,0
69371,9,19.47122063449069,129.375,18,0
69372,9,19.47122063449069,140.625,17,0
69373,9,19.47122063449069,151.875,20,0
69374,9,19.47122063449069,163.125,22,0
69375,9,19.47122063449069,174.375,15,0
69376,9,19.47122063449069,-174.375,19,0
69377,9,19.47122063449069,-163.125,19,0
69378,9,19.47122063449069,-151.875,17,0
69379,9,19.47122063449069,-140.625,20,0
69380,9,19.47122063449069,-129.37500000000006,23,1
69381,9,19.47122063449069,-118.125,14,0
69382,9,19.47122063449069,-106.875,11,0
69383,9,19.47122063449069,-95.625,21,0
69384,9,19.47122063449069,-84.375,12,0
69385,9,19.47122063449069,-73.12500000000006,12,0
69386,9,19.47122063449069,-61.875,25,0
69387,9,19.47122063449069,-50.625,20,0
69388,9,19.47122063449069,-39.375,17,0
69389,9,19.47122063449069,-28.125,23,0
69390,9,19.47122063449069,-16.875,16,0
69391,9,19.47122063449069,-5.625,22,0
69392,9,14.477512185929925,0.0,21,0
69393,9,14.477512185929925,11.25,19,0
69394,9,14.477512185929925,22.5,18,0
69395,9,14.477512185929925,33.75,12,0
69396,9,14.477512185929925,45.0,17,0
69397,9,14.477512185929925,56.25,14,0
69398,9,14.477512185929925,67.5,18,0
69399,9,14.477512185929925,78.75,21,0
69400,9,14.477512185929925,90.0,22,0
69401,9,14.477512185929925,101.25,14,0
69402,9,14.477512185929925,112.5,16,0
69403,9,14.477512185929925,123.75,19,0
69404,9,14.477512185929925,135.0,11,0
69405,9,14.477512185929925,146.25,15,0
69406,9,14.477512185929925,157.5,17,0
69407,9,14.477512185929925,168.75,17,0
69408,9,14.477512185929925,-180.0,20,1
69409,9,14.477512185929925,-168.75,19,0
69410,9,14.477512185929925,-157.5,11,0
69411,9,14.477512185929925,-146.25,16,0
69412,9,14.477512185929925,-135.0,17,0
69413,9,14.477512185929925,-123.75,17,0
69414,9,14.477512185929925,-112.5,14,0
69415,9,14.477512185929925,-101.25,20,0
69416,9,14.477512185929925,-90.0,14,0
69417,9,14.477512185929925,-78.75000000000006,9,0
69418,9,14.477512185929925,-67.5,11,0
69419,9,14.477512185929925,-56.25,18,0
69420,9,14.477512185929925,-45.0,23,0
69421,9,14.477512185929925,-33.75000000000006,22,0
69422,9,14.477512185929925,-22.5,17,0
69423,9,14.477512185929925,-11.25,18,0
69424,9,9.594068226860458,5.625,17,0
69425,9,9.594068226860458,16.875,17,0
69426,9,9.594068226860458,28.125,24,0
69427,9,9.594068226860458,39.375,18,0
69428,9,9.594068226860458,50.625,25,0
69429,9,9.594068226860458,61.875,18,0
69430,9,9.594068226860458,73.125,16,0
69431,9,9.594068226860458,84.375,25,0
69432,9,9.594068226860458,95.625,13,0
69433,9,9.594068226860458,106.875,18,0
69434,9,9.594068226860458,118.125,15,2
69435,9,9.594068226860458,129.375,13,0
69436,9,9.594068226860458,140.625,19,0
69437,9,9.594068226860458,151.875,13,0
69438,9,9.594068226860458,163.125,26,0
69439,9,9.594068226860458,174.375,20,0
69440,9,9.594068226860458,-174.375,17,1
69441,9,9.594068226860458,-163.125,23,0
69442,9,9.594068226860458,-151.875,14,0
69443,9,9.594068226860458,-140.625,15,0
69444,9,9.594068226860458,-129.37500000000006,20,0
69445,9,9.594068226860458,-118.125,15,0
69446,9,9.594068226860458,-106.875,14,0
69447,9,9.594068226860458,-95.625,15,0
69448,9,9.594068226860458,-84.375,14,0
69449,9,9.594068226860458,-73.12500000000006,12,0
69450,9,9.594068226860458,-61.875,18,0
69451,9,9.594068226860458,-50.625,17,0
69452,9,9.594068226860458,-39.375,19,0
69453,9,9.594068226860458,-28.125,10,0
69454,9,9.594068226860458,-16.875,14,0
69455,9,9.594068226860458,-5.625,17,0
69456,9,4.780191847199163,0.0,20,2
69457,9,4.780191847199163,11.25,15,0
69458,9,4.780191847199163,22.5,16,1
69459,9,4.780191847199163,33.75,21,0
69460,9,4.780191847199163,45.0,25,4
69461,9,4.780191847199163,56.25,17,1
69462,9,4.780191847199163,67.5,21,4
69463,9,4.780191847199163,78.75,10,2
69464,9,4.780191847199163,90.0,27,3
69465,9,4.780191847199163,101.25,15,0
69466,9,4.780191847199163,112.5,18,0
69467,9,4.780191847199163,123.75,18,3
69468,9,4.780191847199163,135.0,19,0
69469,9,4.780191847199163,146.25,15,3
69470,9,4.780191847199163,157.5,24,3
69471,9,4.780191847199163,168.75,16,4
69472,9,4.780191847199163,-180.0,18,0
69473,9,4.780191847199163,-168.75,12,1
69474,9,4.780191847199163,-157.5,17,1
69475,9,4.780191847199163,-146.25,12,1
69476,9,4.780191847199163,-135.0,14,5
69477,9,4.780191847199163,-123.75,13,2
69478,9,4.780191847199163,-112.5,19,3
69479,9,4.780191847199163,-101.25,16,0
69480,9,4.780191847199163,-90.0,12,1
69481,9,4.780191847199163,-78.75000000000006,30,2
69482,9,4.780191847199163,-67.5,21,2
69483,9,4.780191847199163,-56.25,15,5
69484,9,4.780191847199163,-45.0,14,4
69485,9,4.780191847199163,-33.75000000000006,10,3
69486,9,4.780191847199163,-22.5,18,4
69487,9,4.780191847199163,-11.25,13,1
69488,9,0.0,5.625,15,4
69489,9,0.0,16.875,19,4
69490,9,0.0,28.125,17,2
69491,9,0.0,39.375,19,4
69492,9,0.0,50.625,22,5
69493,9,0.0,61.875,18,4
69494,9,0.0,73.125,15,7
69495,9,0.0,84.375,17,3
69496,9,0.0,95.625,17,1
69497,9,0.0,106.875,19,3
69498,9,0.0,118.125,22,3
69499,9,0.0,129.375,15,0
69500,9,0.0,140.625,15,2
69501,9,0.0,151.875,12,1
69502,9,0.0,163.125,13,8
69503,9,0.0,174.375,17,2
69504,9,0.0,-174.375,23,2
69505,9,0.0,-163.125,25,3
69506,9,0.0,-151.875,10,0
69507,9,0.0,-140.625,12,4
69508,9,0.0,-129.37500000000006,15,4
69509,9,0.0,-118.125,18,4
69510,9,0.0,-106.875,11,2
69511,9,0.0,-95.625,14,3
69512,9,0.0,-84.375,19,5
69513,9,0.0,-73.12500000000006,28,1
69514,9,0.0,-61.875,18,4
69515,9,0.0,-50.625,19,9
69516,9,0.0,-39.375,14,5
69517,9,0.0,-28.125,20,5
69518,9,0.0,-16.875,11,0
69519,9,0.0,-5.625,19,3
69520,9,-4.780191847199163,0.0,21,1
69521,9,-4.780191847199163,11.25,20,1
69522,9,-4.780191847199163,22.5,27,2
69523,9,-4.780191847199163,33.75,21,2
69524,9,-4.780191847199163,45.0,19,5
69525,9,-4.780191847199163,56.25,19,2
69526,9,-4.780191847199163,67.5,17,4
69527,9,-4.780191847199163,78.75,10,2
69528,9,-4.780191847199163,90.0,20,2
69529,9,-4.780191847199163,101.25,20,0
69530,9,-4.780191847199163,112.5,26,1
69531,9,-4.780191847199163,123.75,24,1
69532,9,-4.780191847199163,135.0,15,1
69533,9,-4.780191847199163,146.25,15,1
69534,9,-4.780191847199163,157.5,14,2
69535,9,-4.780191847199163,168.75,14,3
69536,9,-4.780191847199163,-180.0,14,1
69537,9,-4.780191847199163,-168.75,23,1
69538,9,-4.780191847199163,-157.5,19,1
69539,9,-4.780191847199163,-146.25,14,0
69540,9,-4.780191847199163,-135.0,19,4
69541,9,-4.780191847199163,-123.75,19,2
69542,9,-4.780191847199163,-112.5,16,0
69543,9,-4.780191847199163,-101.25,9,1
69544,9,-4.780191847199163,-90.0,15,6
69545,9,-4.780191847199163,-78.75000000000006,21,1
69546,9,-4.780191847199163,-67.5,21,0
69547,9,-4.780191847199163,-56.25,22,3
69548,9,-4.780191847199163,-45.0,18,2
69549,9,-4.780191847199163,-33.75000000000006,17,3
69550,9,-4.780191847199163,-22.5,14,1
69551,9,-4.780191847199163,-11.25,10,1
69552,9,-9.594068226860458,5.625,19,0
69553,9,-9.594068226860458,16.875,15,1
69554,9,-9.594068226860458,28.125,20,0
69555,9,-9.594068226860458,39.375,15,1
69556,9,-9.594068226860458,50.625,19,0
69557,9,-9.594068226860458,61.875,15,0
69558,9,-9.594068226860458,73.125,20,0
69559,9,-9.594068226860458,84.375,12,0
69560,9,-9.594068226860458,95.625,17,0
69561,9,-9.594068226860458,106.875,16,0
69562,9,-9.594068226860458,118.125,26,0
69563,9,-9.594068226860458,129.375,18,0
69564,9,-9.594068226860458,140.625,14,0
69565,9,-9.594068226860458,151.875,24,0
69566,9,-9.594068226860458,163.125,13,0
69567,9,-9.594068226860458,174.375,18,0
69568,9,-9.594068226860458,-174.375,19,0
69569,9,-9.594068226860458,-163.125,21,0
69570,9,-9.594068226860458,-151.875,9,0
69571,9,-9.594068226860458,-140.625,11,0
69572,9,-9.594068226860458,-129.37500000000006,13,0
69573,9,-9.594068226860458,-118.125,13,0
69574,9,-9.594068226860458,-106.875,18,0
69575,9,-9.594068226860458,-95.625,19,0
69576,9,-9.594068226860458,-84.375,20,0
69577,9,-9.594068226860458,-73.12500000000006,16,0
69578,9,-9.594068226860458,-61.875,18,0
69579,9,-9.594068226860458,-50.625,24,0
69580,9,-9.594068226860458,-39.375,14,0
69581,9,-9.594068226860458,-28.125,23,0
69582,9,-9.594068226860458,-16.875,18,0
69583,9,-9.594068226860458,-5.625,18,0
69584,9,-14.477512185929925,0.0,12,1
69585,9,-14.477512185929925,11.25,19,1
69586,9,-14.477512185929925,22.5,14,0
69587,9,-14.477512185929925,33.75,13,0
69588,9,-14.477512185929925,45.0,19,0
69589,9,-14.477512185929925,56.25,21,0
69590,9,-14.477512185929925,67.5,17,0
69591,9,-14.477512185929925,78.75,18,0
69592,9,-14.477512185929925,90.0,18,0
69593,9,-14.477512185929925,101.25,13,0
69594,9,-14.477512185929925,112.5,13,0
69595,9,-14.477512185929925,123.75,24,0
69596,9,-14.477512185929925,135.0,16,0
69597,9,-14.477512185929925,146.25,21,0
69598,9,-14.477512185929925,157.5,13,0
69599,9,-14.477512185929925,168.75,19,0
69600,9,-14.477512185929925,-180.0,23,0
69601,9,-14.477512185929925,-168.75,20,0
69602,9,-14.477512185929925,-157.5,16,0
69603,9,-14.477512185929925,-146.25,15,0
69604,9,-14.477512185929925,-135.0,17,0
69605,9,-14.477512185929925,-123.75,11,0
69606,9,-14.477512185929925,-112.5,11,0
69607,9,-14.477512185929925,-101.25,25,0
69608,9,-14.477512185929925,-90.0,23,0
69609,9,-14.477512185929925,-78.75000000000006,22,0
69610,9,-14.477512185929925,-67.5,21,0
69611,9,-14.477512185929925,-56.25,26,0
69612,9,-14.477512185929925,-45.0,11,0
69613,9,-14.477512185929925,-33.75000000000006,16,0
69614,9,-14.477512185929925,-22.5,18,1
69615,9,-14.477512185929925,-11.25,9,0
69616,9,-19.47122063449069,5.625,11,0
69617,9,-19.47122063449069,16.875,19,0
69618,9,-19.47122063449069,28.125,15,0
69619,9,-19.47122063449069,39.375,17,0
69620,9,-19.47122063449069,50.625,22,0
69621,9,-19.47122063449069,61.875,21,0
69622,9,-19.47122063449069,73.125,17,0
69623,9,-19.47122063449069,84.375,24,0
69624,9,-19.47122063449069,95.625,12,0
69625,9,-19.47122063449069,106.875,10,0
69626,9,-19.47122063449069,118.125,17,0
69627,9,-19.47122063449069,129.375,19,0
69628,9,-19.47122063449069,140.625,19,0
69629,9,-19.47122063449069,151.875,23,0
69630,9,-19.47122063449069,163.125,12,0
69631,9,-19.47122063449069,174.375,18,1
69632,9,-19.47122063449069,-174.375,17,0
69633,9,-19.47122063449069,-163.125,22,0
69634,9,-19.47122063449069,-151.875,19,0
69635,9,-19.47122063449069,-140.625,18,0
69636,9,-19.47122063449069,-129.37500000000006,12,0
69637,9,-19.47122063449069,-118.125,17,0
69638,9,-19.47122063449069,-106.875,17,0
69639,9,-19.47122063449069,-95.625,19,0
69640,9,-19.47122063449069,-84.375,17,0
69641,9,-19.47122063449069,-73.12500000000006,21,0
69642,9,-19.47122063449069,-61.875,23,0
69643,9,-19.47122063449069,-50.625,24,0
69644,9,-19.47122063449069,-39.375,20,0
69645,9,-19.47122063449069,-28.125,12,0
69646,9,-19.47122063449069,-16.875,12,1
69647,9,-19.47122063449069,-5.625,9,1
69648,9,-24.62431835216408,0.0,17,0
69649,9,-24.62431835216408,11.25,15,0
69650,9,-24.62431835216408,22.5,22,0
69651,9,-24.62431835216408,33.75,18,0
69652,9,-24.62431835216408,45.0,20,0
69653,9,-24.62431835216408,56.25,25,0
69654,9,-24.62431835216408,67.5,19,0
69655,9,-24.62431835216408,78.75,22,0
69656,9,-24.62431835216408,90.0,18,0
69657,9,-24.62431835216408,101.25,15,0
69658,9,-24.62431835216408,112.5,12,0
69659,9,-24.62431835216408,123.75,16,0
69660,9,-24.62431835216408,135.0,20,0
69661,9,-24.62431835216408,146.25,13,0
69662,9,-24.62431835216408,157.5,17,0
69663,9,-24.62431835216408,168.75,11,0
69664,9,-24.62431835216408,-180.0,18,1
69665,9,-24.62431835216408,-168.75,15,0
69666,9,-24.62431835216408,-157.5,17,0
69667,9,-24.62431835216408,-146.25,27,0
69668,9,-24.62431835216408,-135.0,22,0
69669,9,-24.62431835216408,-123.75,15,0
69670,9,-24.62431835216408,-112.5,16,0
69671,9,-24.62431835216408,-101.25,13,0
69672,9,-24.62431835216408,-90.0,19,0
69673,9,-24.62431835216408,-78.75000000000006,17,0
69674,9,-24.62431835216408,-67.5,17,0
69675,9,-24.62431835216408,-56.25,14,0
69676,9,-24.62431835216408,-45.0,19,0
69677,9,-24.62431835216408,-33.75000000000006,16,1
69678,9,-24.62431835216408,-22.5,13,0
69679,9,-24.62431835216408,-11.25,16,0
69680,9,-30.000000000000014,5.625,17,0
69681,9,-30.000000000000014,16.875,18,0
69682,9,-30.000000000000014,28.125,17,0
69683,9,-30.000000000000014,39.375,18,0
69684,9,-30.000000000000014,50.625,20,0
69685,9,-30.000000000000014,61.875,20,0
69686,9,-30.000000000000014,73.125,19,0
69687,9,-30.000000000000014,84.375,17,0
69688,9,-30.000000000000014,95.625,20,0
69689,9,-30.000000000000014,106.875,23,0
69690,9,-30.000000000000014,118.125,17,0
69691,9,-30.000000000000014,129.375,16,0
69692,9,-30.000000000000014,140.625,18,0
69693,9,-30.000000000000014,151.875,15,0
69694,9,-30.000000000000014,163.125,11,0
69695,9,-30.000000000000014,174.375,22,0
69696,9,-30.000000000000014,-174.375,16,0
69697,9,-30.000000000000014,-163.125,16,0
69698,9,-30.000000000000014,-151.875,20,0
69699,9,-30.000000000000014,-140.625,17,0
69700,9,-30.000000000000014,-129.37500000000006,20,0
69701,9,-30.000000000000014,-118.125,20,0
69702,9,-30.000000000000014,-106.875,13,0
69703,9,-30.000000000000014,-95.625,17,0
69704,9,-30.000000000000014,-84.375,19,0
69705,9,-30.000000000000014,-73.12500000000006,20,0
69706,9,-30.000000000000014,-61.875,13,0
69707,9,-30.000000000000014,-50.625,17,0
69708,9,-30.000000000000014,-39.375,19,0
69709,9,-30.000000000000014,-28.125,22,1
69710,9,-30.000000000000014,-16.875,20,0
69711,9,-30.000000000000014,-5.625,15,0
69712,9,-35.68533471265205,0.0,15,0
69713,9,-35.68533471265205,11.25,14,0
69714,9,-35.68533471265205,22.5,14,0
69715,9,-35.68533471265205,33.75,15,0
69716,9,-35.68533471265205,45.0,16,0
69717,9,-35.68533471265205,56.25,13,0
69718,9,-35.68533471265205,67.5,19,0
69719,9,-35.68533471265205,78.75,13,0
69720,9,-35.68533471265205,90.0,11,0
69721,9,-35.68533471265205,101.25,14,0
69722,9,-35.68533471265205,112.5,17,0
69723,9,-35.68533471265205,123.75,21,0
69724,9,-35.68533471265205,135.0,18,0
69725,9,-35.68533471265205,146.25,15,0
69726,9,-35.68533471265205,157.5,15,0
69727,9,-35.68533471265205,168.75,16,0
69728,9,-35.68533471265205,-180.0,16,0
69729,9,-35.68533471265205,-168.75,16,0
69730,9,-35.68533471265205,-157.5,12,0
69731,9,-35.68533471265205,-146.25,20,0
69732,9,-35.68533471265205,-135.0,16,0
69733,9,-35.68533471265205,-123.75,20,0
69734,9,-35.68533471265205,-112.5,21,0
69735,9,-35.68533471265205,-101.25,19,0
69736,9,-35.68533471265205,-90.0,16,0
69737,9,-35.68533471265205,-78.75000000000006,17,0
69738,9,-35.68533471265205,-67.5,18,0
69739,9,-35.68533471265205,-56.25,18,0
69740,9,-35.68533471265205,-45.0,18,0
69741,9,-35.68533471265205,-33.75000000000006,31,0
69742,9,-35.68533471265205,-22.5,23,0
69743,9,-35.68533471265205,-11.25,20,0
69744,9,-41.81031489577862,5.625,16,0
69745,9,-41.81031489577862,16.875,14,0
69746,9,-41.81031489577862,28.125,10,0
69747,9,-41.81031489577862,39.375,20,0
69748,9,-41.81031489577862,50.625,25,0
69749,9,-41.81031489577862,61.875,21,0
69750,9,-41.81031489577862,73.125,13,0
69751,9,-41.81031489577862,84.375,10,0
69752,9,-41.81031489577862,95.625,20,0
69753,9,-41.81031489577862,106.875,17,0
69754,9,-41.81031489577862,118.125,15,0
69755,9,-41.81031489577862,129.375,18,0
69756,9,-41.81031489577862,140.625,16,0
69757,9,-41.81031489577862,151.875,13,0
69758,9,-41.81031489577862,163.125,16,0
69759,9,-41.81031489577862,174.375,21,0
69760,9,-41.81031489577862,-174.375,17,0
69761,9,-41.81031489577862,-163.125,16,0
69762,9,-41.81031489577862,-151.875,10,0
69763,9,-41.81031489577862,-140.625,17,0
69764,9,-41.81031489577862,-129.37500000000006,13,0
69765,9,-41.81031489577862,-118.125,16,0
69766,9,-41.81031489577862,-106.875,23,0
69767,9,-41.81031489577862,-95.625,18,0
69768,9,-41.81031489577862,-84.375,16,0
69769,9,-41.81031489577862,-73.12500000000006,19,0
69770,9,-41.81031489577862,-61.875,19,0
69771,9,-41.81031489577862,-50.625,17,0
69772,9,-41.81031489577862,-39.375,22,0
69773,9,-41.81031489577862,-28.125,21,0
69774,9,-41.81031489577862,-16.875,14,0
69775,9,-41.81031489577862,-5.625,23,0
69776,9,-48.1412077943603,6.428571428571416,13,0
69777,9,-48.1412077943603,19.285714285714278,16,0
69778,9,-48.1412077943603,32.14285714285714,15,0
69779,9,-48.1412077943603,45.0,19,0
69780,9,-48.1412077943603,57.85714285714286,11,0
69781,9,-48.1412077943603,70.71428571428572,16,0
69782,9,-48.1412077943603,83.57142857142856,14,0
69783,9,-48.1412077943603,96.42857142857144,16,0
69784,9,-48.1412077943603,109.28571428571428,17,0
69785,9,-48.1412077943603,122.14285714285711,17,0
69786,9,-48.1412077943603,135.0,13,0
69787,9,-48.1412077943603,147.8571428571429,20,0
69788,9,-48.1412077943603,160.71428571428572,18,0
69789,9,-48.1412077943603,173.57142857142856,17,0
69790,9,-48.1412077943603,-173.57142857142856,16,0
69791,9,-48.1412077943603,-160.71428571428572,16,0
69792,9,-48.1412077943603,-147.8571428571429,16,0
69793,9,-48.1412077943603,-135.0,25,0
69794,9,-48.1412077943603,-122.14285714285711,22,0
69795,9,-48.1412077943603,-109.28571428571428,24,1
69796,9,-48.1412077943603,-96.42857142857144,15,0
69797,9,-48.1412077943603,-83.57142857142856,19,0
69798,9,-48.1412077943603,-70.71428571428572,20,0
69799,9,-48.1412077943603,-57.85714285714283,18,0
69800,9,-48.1412077943603,-45.0,24,0
69801,9,-48.1412077943603,-32.14285714285717,21,0
69802,9,-48.1412077943603,-19.28571428571422,12,0
69803,9,-48.1412077943603,-6.428571428571445,14,0
69804,9,-54.340912303861245,7.5,11,0
69805,9,-54.340912303861245,22.5,22,0
69806,9,-54.340912303861245,37.5,15,0
69807,9,-54.340912303861245,52.5,15,0
69808,9,-54.340912303861245,67.5,19,0
69809,9,-54.340912303861245,82.5,23,0
69810,9,-54.340912303861245,97.5,23,0
69811,9,-54.340912303861245,112.5,20,0
69812,9,-54.340912303861245,127.5,17,0
69813,9,-54.340912303861245,142.5,23,0
69814,9,-54.340912303861245,157.5,15,0
69815,9,-54.340912303861245,172.5,14,0
69816,9,-54.340912303861245,-172.5,18,0
69817,9,-54.340912303861245,-157.5,12,0
69818,9,-54.340912303861245,-142.5,19,0
69819,9,-54.340912303861245,-127.5,18,0
69820,9,-54.340912303861245,-112.5,15,0
69821,9,-54.340912303861245,-97.5,8,0
69822,9,-54.340912303861245,-82.5,11,0
69823,9,-54.340912303861245,-67.5,27,0
69824,9,-54.340912303861245,-52.50000000000006,18,0
69825,9,-54.340912303861245,-37.5,13,0
69826,9,-54.340912303861245,-22.5,16,0
69827,9,-54.340912303861245,-7.5,19,0
69828,9,-60.4344388449523,9.0,16,0
69829,9,-60.4344388449523,27.0,21,0
69830,9,-60.4344388449523,45.0,18,0
69831,9,-60.4344388449523,63.0,25,0
69832,9,-60.4344388449523,81.0,18,0
69833,9,-60.4344388449523,99.0,12,0
69834,9,-60.4344388449523,117.0,26,0
69835,9,-60.4344388449523,135.0,14,0
69836,9,-60.4344388449523,153.0,20,0
69837,9,-60.4344388449523,171.0,18,0
69838,9,-60.4344388449523,-171.0,21,0
69839,9,-60.4344388449523,-153.0,15,0
69840,9,-60.4344388449523,-135.0,20,0
69841,9,-60.4344388449523,-117.0,22,0
69842,9,-60.4344388449523,-99.0,12,0
69843,9,-60.4344388449523,-81.0,10,0
69844,9,-60.4344388449523,-63.0,30,0
69845,9,-60.4344388449523,-45.0,13,0
69846,9,-60.4344388449523,-27.0,9,0
69847,9,-60.4344388449523,-9.0,23,0
69848,9,-66.44353569089876,11.25,21,0
69849,9,-66.44353569089876,33.75,23,0
69850,9,-66.44353569089876,56.25,20,0
69851,9,-66.44353569089876,78.75,16,0
69852,9,-66.44353569089876,101.25,14,0
69853,9,-66.44353569089876,123.75,17,0
69854,9,-66.44353569089876,146.25,15,0
69855,9,-66.44353569089876,168.75,12,0
69856,9,-66.44353569089876,-168.75,24,0
69857,9,-66.44353569089876,-146.25,19,0
69858,9,-66.44353569089876,-123.75,21,0
69859,9,-66.44353569089876,-101.25,22,0
69860,9,-66.44353569089876,-78.75,14,0
69861,9,-66.44353569089876,-56.25,21,0
69862,9,-66.44353569089876,-33.75,15,0
69863,9,-66.44353569089876,-11.25,16,0
69864,9,-72.38756092964962,15.0,17,0
69865,9,-72.38756092964962,45.0,21,0
69866,9,-72.38756092964962,75.0,20,0
69867,9,-72.38756092964962,105.0,16,0
69868,9,-72.38756092964962,135.0,12,0
69869,9,-72.38756092964962,165.0,12,0
69870,9,-72.38756092964962,-165.0,16,0
69871,9,-72.38756092964962,-135.0,18,0
69872,9,-72.38756092964962,-105.0,21,0
69873,9,-72.38756092964962,-75.0,20,0
69874,9,-72.38756092964962,-45.0,16,0
69875,9,-72.38756092964962,-15.0,17,0
69876,9,-78.28414760510762,22.5,23,0
69877,9,-78.28414760510762,67.5,17,0
69878,9,-78.28414760510762,112.5,14,0
69879,9,-78.28414760510762,157.5,17,0
69880,9,-78.28414760510762,-157.5,15,0
69881,9,-78.28414760510762,-112.5,11,0
69882,9,-78.28414760510762,-67.5,20,0
69883,9,-78.28414760510762,-22.5,18,0
69884,9,-84.14973293629666,45.0,19,0
69885,9,-84.14973293629666,135.0,19,0
69886,9,-84.14973293629666,-135.0,13,0
69887,9,-84.14973293629666,-45.0,22,0
69888,9,84.14973293629666,45.0,14,0
69889,9,84.14973293629666,135.0,17,0
69890,9,84.14973293629666,-135.0,15,0
69891,9,84.14973293629666,-45.0,24,0
69892,9,78.28414760510762,22.5,12,0
69893,9,78.28414760510762,67.5,17,0
69894,9,78.28414760510762,112.5,19,0
69895,9,78.28414760510762,157.5,14,0
69896,9,78.28414760510762,-157.5,26,0
69897,9,78.28414760510762,-112.5,17,0
69898,9,78.28414760510762,-67.5,24,0
69899,9,78.28414760510762,-22.5,15,0
69900,9,72.38756092964962,15.0,13,0
69901,9,72.38756092964962,45.0,13,0
69902,9,72.38756092964962,75.0,23,0
69903,9,72.38756092964962,105.0,29,0
69904,9,72.38756092964962,135.0,14,0
69905,9,72.38756092964962,165.0,13,0
69906,9,72.38756092964962,-165.0,19,0
69907,9,72.38756092964962,-135.0,26,0
69908,9,72.38756092964962,-105.0,20,0
69909,9,72.38756092964962,-75.0,15,0
69910,9,72.38756092964962,-45.0,18,0
69911,9,72.38756092964962,-15.0,14,0
69912,9,66.44353569089877,11.25,16,0
69913,9,66.44353569089877,33.75,14,0
69914,9,66.44353569089877,56.25,15,0
69915,9,66.44353569089877,78.75,15,0
69916,9,66.44353569089877,101.25,21,0
69917,9,66.44353569089877,123.75,16,0
69918,9,66.44353569089877,146.25,17,0
69919,9,66.44353569089877,168.75,19,0
69920,9,66.44353569089877,-168.75,19,0
69921,9,66.44353569089877,-146.25,19,0
69922,9,66.44353569089877,-123.75,18,0
69923,9,66.44353569089877,-101.25,16,0
69924,9,66.44353569089877,-78.75,15,0
69925,9,66.44353569089877,-56.25,19,0
69926,9,66.44353569089877,-33.75,10,0
69927,9,66.44353569089877,-11.25,19,0
69928,9,60.43443884495228,9.0,14,0
69929,9,60.43443884495228,27.0,16,0
69930,9,60.43443884495228,45.0,19,0
69931,9,60.43443884495228,63.0,17,0
69932,9,60.43443884495228,81.0,20,0
69933,9,60.43443884495228,99.0,16,0
69934,9,60.43443884495228,117.0,14,0
69935,9,60.43443884495228,135.0,14,0
69936,9,60.43443884495228,153.0,12,0
69937,9,60.43443884495228,171.0,16,0
69938,9,60.43443884495228,-171.0,11,0
69939,9,60.43443884495228,-153.0,15,0
69940,9,60.43443884495228,-135.0,18,0
69941,9,60.43443884495228,-117.0,10,0
69942,9,60.43443884495228,-99.0,19,0
69943,9,60.43443884495228,-81.0,17,0
69944,9,60.43443884495228,-63.0,10,0
69945,9,60.43443884495228,-45.0,17,0
69946,9,60.43443884495228,-27.0,15,0
69947,9,60.43443884495228,-9.0,16,0
69948,9,54.340912303861245,7.5,23,0
69949,9,54.340912303861245,22.5,13,0
69950,9,54.340912303861245,37.5,18,0
69951,9,54.340912303861245,52.5,13,0
69952,9,54.340912303861245,67.5,19,0
69953,9,54.340912303861245,82.5,15,0
69954,9,54.340912303861245,97.5,21,0
69955,9,54.340912303861245,112.5,17,0
69956,9,54.340912303861245,127.5,14,0
69957,9,54.340912303861245,142.5,17,0
69958,9,54.340912303861245,157.5,21,0
69959,9,54.340912303861245,172.5,19,0
69960,9,54.340912303861245,-172.5,11,0
69961,9,54.340912303861245,-157.5,17,0
69962,9,54.340912303861245,-142.5,16,0
69963,9,54.340912303861245,-127.5,10,0
69964,9,54.340912303861245,-112.5,18,0
69965,9,54.340912303861245,-97.5,15,0
69966,9,54.340912303861245,-82.5,24,0
69967,9,54.340912303861245,-67.5,13,0
69968,9,54.340912303861245,-52.50000000000006,18,0
69969,9,54.340912303861245,-37.5,22,0
69970,9,54.340912303861245,-22.5,22,0
69971,9,54.340912303861245,-7.5,14,0
69972,9,48.141207794360284,6.428571428571416,15,0
69973,9,48.141207794360284,19.285714285714278,19,0
69974,9,48.141207794360284,32.14285714285714,14,0
69975,9,48.141207794360284,45.0,16,0
69976,9,48.141207794360284,57.85714285714286,19,0
69977,9,48.141207794360284,70.71428571428572,26,0
69978,9,48.141207794360284,83.57142857142856,24,0
69979,9,48.141207794360284,96.42857142857144,24,0
69980,9,48.141207794360284,109.28571428571428,18,0
69981,9,48.141207794360284,122.14285714285711,20,0
69982,9,48.141207794360284,135.0,13,0
69983,9,48.141207794360284,147.8571428571429,18,0
69984,9,48.141207794360284,160.71428571428572,16,0
69985,9,48.141207794360284,173.57142857142856,15,0
69986,9,48.141207794360284,-173.57142857142856,15,0
69987,9,48.141207794360284,-160.71428571428572,21,0
69988,9,48.141207794360284,-147.8571428571429,21,0
69989,9,48.141207794360284,-135.0,21,0
69990,9,48.141207794360284,-122.14285714285711,23,0
69991,9,48.141207794360284,-109.28571428571428,18,0
69992,9,48.141207794360284,-96.42857142857144,24,0
69993,9,48.141207794360284,-83.57142857142856,25,0
69994,9,48.141207794360284,-70.71428571428572,13,0
69995,9,48.141207794360284,-57.85714285714283,13,0
69996,9,48.141207794360284,-45.0,14,0
69997,9,48.141207794360284,-32.14285714285717,27,0
69998,9,48.141207794360284,-19.28571428571422,24,0
69999,9,48.141207794360284,-6.428571428571445,17,0
70000,9,41.81031489577859,5.625,12,0
70001,9,41.81031489577859,16.875,19,0
70002,9,41.81031489577859,28.125,23,0
70003,9,41.81031489577859,39.375,14,0
70004,9,41.81031489577859,50.625,26,0
70005,9,41.81031489577859,61.875,10,0
70006,9,41.81031489577859,73.125,20,0
70007,9,41.81031489577859,84.375,27,0
70008,9,41.81031489577859,95.625,25,0
70009,9,41.81031489577859,106.875,12,0
70010,9,41.81031489577859,118.125,21,0
70011,9,41.81031489577859,129.375,6,0
70012,9,41.81031489577859,140.625,18,0
70013,9,41.81031489577859,151.875,18,0
70014,9,41.81031489577859,163.125,23,0
70015,9,41.81031489577859,174.375,17,0
70016,9,41.81031489577859,-174.375,20,0
70017,9,41.81031489577859,-163.125,21,0
70018,9,41.81031489577859,-151.875,12,0
70019,9,41.81031489577859,-140.625,18,0
70020,9,41.81031489577859,-129.37500000000006,22,0
70021,9,41.81031489577859,-118.125,20,0
70022,9,41.81031489577859,-106.875,18,0
70023,9,41.81031489577859,-95.625,22,0
70024,9,41.81031489577859,-84.375,12,0
70025,9,41.81031489577859,-73.12500000000006,15,0
70026,9,41.81031489577859,-61.875,12,0
70027,9,41.81031489577859,-50.625,14,0
70028,9,41.81031489577859,-39.375,15,0
70029,9,41.81031489577859,-28.125,14,0
70030,9,41.81031489577859,-16.875,19,0
70031,9,41.81031489577859,-5.625,14,0
70032,9,35.68533471265204,0.0,17,0
70033,9,35.68533471265204,11.25,18,0
70034,9,35.68533471265204,22.5,10,0
70035,9,35.68533471265204,33.75,14,0
70036,9,35.68533471265204,45.0,20,0
70037,9,35.68533471265204,56.25,25,0
70038,9,35.68533471265204,67.5,7,0
70039,9,35.68533471265204,78.75,12,0
70040,9,35.68533471265204,90.0,22,1
70041,9,35.68533471265204,101.25,21,0
70042,9,35.68533471265204,112.5,16,0
70043,9,35.68533471265204,123.75,10,0
70044,9,35.68533471265204,135.0,16,0
70045,9,35.68533471265204,146.25,30,0
70046,9,35.68533471265204,157.5,17,0
70047,9,35.68533471265204,168.75,14,0
70048,9,35.68533471265204,-180.0,18,0
70049,9,35.68533471265204,-168.75,22,0
70050,9,35.68533471265204,-157.5,18,0
70051,9,35.68533471265204,-146.25,13,0
70052,9,35.68533471265204,-135.0,14,0
70053,9,35.68533471265204,-123.75,17,0
70054,9,35.68533471265204,-112.5,26,0
70055,9,35.68533471265204,-101.25,27,0
70056,9,35.68533471265204,-90.0,13,0
70057,9,35.68533471265204,-78.75000000000006,15,0
70058,9,35.68533471265204,-67.5,10,0
70059,9,35.68533471265204,-56.25,10,0
70060,9,35.68533471265204,-45.0,16,1
70061,9,35.68533471265204,-33.75000000000006,17,1
70062,9,35.68533471265204,-22.5,12,0
70063,9,35.68533471265204,-11.25,20,0
70064,9,30.000000000000007,5.625,12,0
70065,9,30.000000000000007,16.875,17,0
70066,9,30.000000000000007,28.125,14,0
70067,9,30.000000000000007,39.375,16,0
70068,9,30.000000000000007,50.625,17,0
70069,9,30.000000000000007,61.875,15,0
70070,9,30.000000000000007,73.125,18,0
70071,9,30.000000000000007,84.375,17,1
70072,9,30.000000000000007,95.625,17,0
70073,9,30.000000000000007,106.875,16,0
70074,9,30.000000000000007,118.125,15,0
70075,9,30.000000000000007,129.375,13,0
70076,9,30.000000000000007,140.625,21,0
70077,9,30.000000000000007,151.875,25,0
70078,9,30.000000000000007,163.125,10,0
70079,9,30.000000000000007,174.375,15,0
70080,9,30.000000000000007,-174.375,16,0
70081,9,30.000000000000007,-163.125,22,0
70082,9,30.000000000000007,-151.875,15,0
70083,9,30.000000000000007,-140.625,16,0
70084,9,30.000000000000007,-129.37500000000006,16,0
70085,9,30.000000000000007,-118.125,15,0
70086,9,30.000000000000007,-106.875,30,0
70087,9,30.000000000000007,-95.625,20,0
70088,9,30.000000000000007,-84.375,15,0
70089,9,30.000000000000007,-73.12500000000006,13,0
70090,9,30.000000000000007,-61.875,13,0
70091,9,30.000000000000007,-50.625,9,0
70092,9,30.000000000000007,-39.375,22,1
70093,9,30.000000000000007,-28.125,16,0
70094,9,30.000000000000007,-16.875,12,0
70095,9,30.000000000000007,-5.625,18,0
70096,9,24.62431835216408,0.0,16,0
70097,9,24.62431835216408,11.25,16,0
70098,9,24.62431835216408,22.5,19,0
70099,9,24.62431835216408,33.75,18,0
70100,9,24.62431835216408,45.0,19,0
70101,9,24.62431835216408,56.25,16,0
70102,9,24.62431835216408,67.5,21,0
70103,9,24.62431835216408,78.75,17,0
70104,9,24.62431835216408,90.0,18,0
70105,9,24.62431835216408,101.25,17,0
70106,9,24.62431835216408,112.5,18,0
70107,9,24.62431835216408,123.75,14,0
70108,9,24.62431835216408,135.0,16,0
70109,9,24.62431835216408,146.25,16,0
70110,9,24.62431835216408,157.5,22,0
70111,9,24.62431835216408,168.75,19,0
70112,9,24.62431835216408,-180.0,13,0
70113,9,24.62431835216408,-168.75,19,0
70114,9,24.62431835216408,-157.5,15,0
70115,9,24.62431835216408,-146.25,21,0
70116,9,24.62431835216408,-135.0,18,0
70117,9,24.62431835216408,-123.75,12,1
70118,9,24.62431835216408,-112.5,21,0
70119,9,24.62431835216408,-101.25,17,0
70120,9,24.62431835216408,-90.0,9,0
70121,9,24.62431835216408,-78.75000000000006,17,0
70122,9,24.62431835216408,-67.5,26,0
70123,9,24.62431835216408,-56.25,16,0
70124,9,24.62431835216408,-45.0,15,0
70125,9,24.62431835216408,-33.75000000000006,12,0
70126,9,24.62431835216408,-22.5,14,0
70127,9,24.62431835216408,-11.25,17,0
70128,9,19.47122063449069,5.625,19,0
70129,9,19.47122063449069,16.875,17,0
70130,9,19.47122063449069,28.125,11,0
70131,9,19.47122063449069,39.375,18,0
70132,9,19.47122063449069,50.625,16,0
70133,9,19.47122063449069,61.875,14,0
70134,9,19.47122063449069,73.125,17,0
70135,9,19.47122063449069,84.375,18,0
70136,9,19.47122063449069,95.625,19,0
70137,9,19.47122063449069,106.875,11,0
70138,9,19.47122063449069,118.125,18,0
70139,9,19.47122063449069,129.375,18,0
70140,9,19.47122063449069,140.625,17,0
70141,9,19.47122063449069,151.875,20,0
70142,9,19.47122063449069,163.125,22,0
70143,9,19.47122063449069,174.375,15,0
70144,9,19.47122063449069,-174.375,19,0
70145,9,19.47122063449069,-163.125,19,0
70146,9,19.47122063449069,-151.875,17,0
70147,9,19.47122063449069,-140.625,20,0
70148,9,19.47122063449069,-129.37500000000006,23,1
70149,9,19.47122063449069,-118.125,14,0
70150,9,19.47122063449069,-106.875,11,0
70151,9,19.47122063449069,-95.625,21,0
70152,9,19.47122063449069,-84.375,12,0
70153,9,19.47122063449069,-73.12500000000006,12,0
70154,9,19.47122063449069,-61.875,25,0
70155,9,19.47122063449069,-50.625,20,0
70156,9,19.47122063449069,-39.375,17,0
70157,9,19.47122063449069,-28.125,23,0
70158,9,19.47122063449069,-16.875,16,0
70159,9,19.47122063449069,-5.625,22,0
70160,9,14.477512185929925,0.0,21,0
70161,9,14.477512185929925,11.25,19,0
70162,9,14.477512185929925,22.5,18,0
70163,9,14.477512185929925,33.75,12,0
70164,9,14.477512185929925,45.0,17,0
70165,9,14.477512185929925,56.25,14,0
70166,9,14.477512185929925,67.5,18,0
70167,9,14.477512185929925,78.75,21,0
70168,9,14.477512185929925,90.0,22,0
70169,9,14.477512185929925,101.25,14,0
70170,9,14.477512185929925,112.5,16,0
70171,9,14.477512185929925,123.75,19,0
70172,9,14.477512185929925,135.0,11,0
70173,9,14.477512185929925,146.25,15,0
70174,9,14.477512185929925,157.5,17,0
70175,9,14.477512185929925,168.75,17,0
70176,9,14.477512185929925,-180.0,20,1
70177,9,14.477512185929925,-168.75,19,0
70178,9,14.477512185929925,-157.5,11,0
70179,9,14.477512185929925,-146.25,16,0
70180,9,14.477512185929925,-135.0,17,0
70181,9,14.477512185929925,-123.75,17,0
70182,9,14.477512185929925,-112.5,14,0
70183,9,14.477512185929925,-101.25,20,0
70184,9,14.477512185929925,-90.0,14,0
70185,9,14.477512185929925,-78.75000000000006,9,0
70186,9,14.477512185929925,-67.5,11,0
70187,9,14.477512185929925,-56.25,18,0
70188,9,14.477512185929925,-45.0,23,0
70189,9,14.477512185929925,-33.75000000000006,22,0
70190,9,14.477512185929925,-22.5,17,0
70191,9,14.477512185929925,-11.25,18,0
70192,9,9.594068226860458,5.625,17,0
70193,9,9.594068226860458,16.875,17,0
70194,9,9.594068226860458,28.125,24,0
70195,9,9.594068226860458,39.375,18,0
70196,9,9.594068226860458,50.625,25,0
70197,9,9.594068226860458,61.875,18,0
70198,9,9.594068226860458,73.125,16,0
70199,9,9.594068226860458,84.375,25,0
70200,9,9.594068226860458,95.625,13,0
70201,9,9.594068226860458,106.875,18,0
70202,9,9.594068226860458,118.125,15,2
70203,9,9.594068226860458,129.375,13,0
70204,9,9.594068226860458,140.625,19,0
70205,9,9.594068226860458,151.875,13,0
70206,9,9.594068226860458,163.125,26,0
70207,9,9.594068226860458,174.375,20,0
70208,9,9.594068226860458,-174.375,17,1
70209,9,9.594068226860458,-163.125,23,0
70210,9,9.594068226860458,-151.875,14,0
70211,9,9.594068226860458,-140.625,15,0
70212,9,9.594068226860458,-129.37500000000006,20,0
70213,9,9.594068226860458,-118.125,15,0
70214,9,9.594068226860458,-106.875,14,0
70215,9,9.594068226860458,-95.625,15,0
70216,9,9.594068226860458,-84.375,14,0
70217,9,9.594068226860458,-73.12500000000006,12,0
70218,9,9.594068226860458,-61.875,18,0
70219,9,9.594068226860458,-50.625,17,0
70220,9,9.594068226860458,-39.375,19,0
70221,9,9.594068226860458,-28.125,10,0
70222,9,9.594068226860458,-16.875,14,0
70223,9,9.594068226860458,-5.625,17,0
70224,9,4.780191847199163,0.0,20,2
70225,9,4.780191847199163,11.25,15,0
70226,9,4.780191847199163,22.5,16,1
70227,9,4.780191847199163,33.75,21,0
70228,9,4.780191847199163,45.0,25,4
70229,9,4.780191847199163,56.25,17,1
70230,9,4.780191847199163,67.5,21,4
70231,9,4.780191847199163,78.75,10,2
70232,9,4.780191847199163,90.0,27,3
70233,9,4.780191847199163,101.25,15,0
70234,9,4.780191847199163,112.5,18,0
70235,9,4.780191847199163,123.75,18,3
70236,9,4.780191847199163,135.0,19,0
70237,9,4.780191847199163,146.25,15,3
70238,9,4.780191847199163,157.5,24,3
70239,9,4.780191847199163,168.75,16,4
70240,9,4.780191847199163,-180.0,18,0
70241,9,4.780191847199163,-168.75,12,1
70242,9,4.780191847199163,-157.5,17,1
70243,9,4.780191847199163,-146.25,12,1
70244,9,4.780191847199163,-135.0,14,5
70245,9,4.780191847199163,-123.75,13,2
70246,9,4.780191847199163,-112.5,19,3
70247,9,4.780191847199163,-101.25,16,0
70248,9,4.780191847199163,-90.0,12,1
70249,9,4.780191847199163,-78.75000000000006,30,2
70250,9,4.780191847199163,-67.5,21,2
70251,9,4.780191847199163,-56.25,15,5
70252,9,4.780191847199163,-45.0,14,4
70253,9,4.780191847199163,-33.75000000000006,10,3
70254,9,4.780191847199163,-22.5,18,4
70255,9,4.780191847199163,-11.25,13,1
70256,9,0.0,5.625,15,4
70257,9,0.0,16.875,19,4
70258,9,0.0,28.125,17,2
70259,9,0.0,39.375,19,4
70260,9,0.0,50.625,22,5
70261,9,0.0,61.875,18,4
70262,9,0.0,73.125,15,7
70263,9,0.0,84.375,17,3
70264,9,0.0,95.625,17,1
70265,9,0.0,106.875,19,3
70266,9,0.0,118.125,22,3
70267,9,0.0,129.375,15,0
70268,9,0.0,140.625,15,2
70269,9,0.0,151.875,12,1
70270,9,0.0,163.125,13,8
70271,9,0.0,174.375,17,2
70272,9,0.0,-174.375,23,2
70273,9,0.0,-163.125,25,3
70274,9,0.0,-151.875,10,0
70275,9,0.0,-140.625,12,4
70276,9,0.0,-129.37500000000006,15,4
70277,9,0.0,-118.125,18,4
70278,9,0.0,-106.875,11,2
70279,9,0.0,-95.625,14,3
70280,9,0.0,-84.375,19,5
70281,9,0.0,-73.12500000000006,28,1
70282,9,0.0,-61.875,18,4
70283,9,0.0,-50.625,19,9
70284,9,0.0,-39.375,14,5
70285,9,0.0,-28.125,20,5
70286,9,0.0,-16.875,11,0
70287,9,0.0,-5.625,19,3
70288,9,-4.780191847199163,0.0,21,1
70289,9,-4.780191847199163,11.25,20,1
70290,9,-4.780191847199163,22.5,27,2
70291,9,-4.780191847199163,33.75,21,2
70292,9,-4.780191847199163,45.0,19,5
70293,9,-4.780191847199163,56.25,19,2
70294,9,-4.780191847199163,67.5,17,4
70295,9,-4.780191847199163,78.75,10,2
70296,9,-4.780191847199163,90.0,20,2
70297,9,-4.780191847199163,101.25,20,0
70298,9,-4.780191847199163,112.5,26,1
70299,9,-4.780191847199163,123.75,24,1
70300,9,-4.780191847199163,135.0,15,1
70301,9,-4.780191847199163,146.25,15,1
70302,9,-4.780191847199163,157.5,14,2
70303,9,-4.780191847199163,168.75,14,3
70304,9,-4.780191847199163,-180.0,14,1
70305,9,-4.780191847199163,-168.75,23,1
70306,9,-4.780191847199163,-157.5,19,1
70307,9,-4.780191847199163,-146.25,14,0
70308,9,-4.780191847199163,-135.0,19,4
70309,9,-4.780191847199163,-123.75,19,2
70310,9,-4.780191847199163,-112.5,16,0
70311,9,-4.780191847199163,-101.25,9,1
70312,9,-4.780191847199163,-90.0,15,6
70313,9,-4.780191847199163,-78.75000000000006,21,1
70314,9,-4.780191847199163,-67.5,21,0
70315,9,-4.780191847199163,-56.25,22,3
70316,9,-4.780191847199163,-45.0,18,2
70317,9,-4.780191847199163,-33.75000000000006,17,3
70318,9,-4.780191847199163,-22.5,14,1
70319,9,-4.780191847199163,-11.25,10,1
70320,9,-9.594068226860458,5.625,19,0
70321,9,-9.594068226860458,16.875,15,1
70322,9,-9.594068226860458,28.125,20,0
70323,9,-9.594068226860458,39.375,15,1
70324,9,-9.594068226860458,50.625,19,0
70325,9,-9.594068226860458,61.875,15,0
70326,9,-9.594068226860458,73.125,20,0
70327,9,-9.594068226860458,84.375,12,0
70328,9,-9.594068226860458,95.625,17,0
70329,9,-9.594068226860458,106.875,16,0
70330,9,-9.594068226860458,118.125,26,0
70331,9,-9.594068226860458,129.375,18,0
70332,9,-9.594068226860458,140.625,14,0
70333,9,-9.594068226860458,151.875,24,0
70334,9,-9.594068226860458,163.125,13,0
70335,9,-9.594068226860458,174.375,18,0
70336,9,-9.594068226860458,-174.375,19,0
70337,9,-9.594068226860458,-163.125,21,0
70338,9,-9.594068226860458,-151.875,9,0
70339,9,-9.594068226860458,-140.625,11,0
70340,9,-9.594068226860458,-129.37500000000006,13,0
70341,9,-9.594068226860458,-118.125,13,0
70342,9,-9.594068226860458,-106.875,18,0
70343,9,-9.594068226860458,-95.625,19,0
70344,9,-9.594068226860458,-84.375,20,0
70345,9,-9.594068226860458,-73.12500000000006,16,0
70346,9,-9.594068226860458,-61.875,18,0
70347,9,-9.594068226860458,-50.625,24,0
70348,9,-9.594068226860458,-39.375,14,0
70349,9,-9.594068226860458,-28.125,23,0
70350,9,-9.594068226860458,-16.875,18,0
70351,9,-9.594068226860458,-5.625,18,0
70352,9,-14.477512185929925,0.0,12,1
70353,9,-14.477512185929925,11.25,19,1
70354,9,-14.477512185929925,22.5,14,0
70355,9,-14.477512185929925,33.75,13,0
70356,9,-14.477512185929925,45.0,19,0
70357,9,-14.477512185929925,56.25,21,0
70358,9,-14.477512185929925,67.5,17,0
70359,9,-14.477512185929925,78.75,18,0
70360,9,-14.477512185929925,90.0,18,0
70361,9,-14.477512185929925,101.25,13,0
70362,9,-14.477512185929925,112.5,13,0
70363,9,-14.477512185929925,123.75,24,0
70364,9,-14.477512185929925,135.0,16,0
70365,9,-14.477512185929925,146.25,21,0
70366,9,-14.477512185929925,157.5,13,0
70367,9,-14.477512185929925,168.75,19,0
70368,9,-14.477512185929925,-180.0,23,0
70369,9,-14.477512185929925,-168.75,20,0
70370,9,-14.477512185929925,-157.5,16,0
70371,9,-14.477512185929925,-146.25,15,0
70372,9,-14.477512185929925,-135.0,17,0
70373,9,-14.477512185929925,-123.75,11,0
70374,9,-14.477512185929925,-112.5,11,0
70375,9,-14.477512185929925,-101.25,25,0
70376,9,-14.477512185929925,-90.0,23,0
70377,9,-14.477512185929925,-78.75000000000006,22,0
70378,9,-14.477512185929925,-67.5,21,0
70379,9,-14.477512185929925,-56.25,26,0
70380,9,-14.477512185929925,-45.0,11,0
70381,9,-14.477512185929925,-33.75000000000006,16,0
70382,9,-14.477512185929925,-22.5,18,1
70383,9,-14.477512185929925,-11.25,9,0
70384,9,-19.47122063449069,5.625,11,0
70385,9,-19.47122063449069,16.875,19,0
70386,9,-19.47122063449069,28.125,15,0
70387,9,-19.47122063449069,39.375,17,0
70388,9,-19.47122063449069,50.625,22,0
70389,9,-19.47122063449069,61.875,21,0
70390,9,-19.47122063449069,73.125,17,0
70391,9,-19.47122063449069,84.375,24,0
70392,9,-19.47122063449069,95.625,12,0
70393,9,-19.47122063449069,106.875,10,0
70394,9,-19.47122063449069,118.125,17,0
70395,9,-19.47122063449069,129.375,19,0
70396,9,-19.47122063449069,140.625,19,0
70397,9,-19.47122063449069,151.875,23,0
70398,9,-19.47122063449069,163.125,12,0
70399,9,-19.47122063449069,174.375,18,1
70400,9,-19.47122063449069,-174.375,17,0
70401,9,-19.47122063449069,-163.125,22,0
70402,9,-19.47122063449069,-151.875,19,0
70403,9,-19.47122063449069,-140.625,18,0
70404,9,-19.47122063449069,-129.37500000000006,12,0
70405,9,-19.47122063449069,-118.125,17,0
70406,9,-19.47122063449069,-106.875,17,0
70407,9,-19.47122063449069,-95.625,19,0
70408,9,-19.47122063449069,-84.375,17,0
70409,9,-19.47122063449069,-73.12500000000006,21,0
70410,9,-19.47122063449069,-61.875,23,0
70411,9,-19.47122063449069,-50.625,24,0
70412,9,-19.47122063449069,-39.375,20,0
70413,9,-19.47122063449069,-28.125,12,0
70414,9,-19.47122063449069,-16.875,12,1
70415,9,-19.47122063449069,-5.625,9,1
70416,9,-24.62431835216408,0.0,17,0
70417,9,-24.62431835216408,11.25,15,0
70418,9,-24.62431835216408,22.5,22,0
70419,9,-24.62431835216408,33.75,18,0
70420,9,-24.62431835216408,45.0,20,0
70421,9,-24.62431835216408,56.25,25,0
70422,9,-24.62431835216408,67.5,19,0
70423,9,-24.62431835216408,78.75,22,0
70424,9,-24.62431835216408,90.0,18,0
70425,9,-24.62431835216408,101.25,15,0
70426,9,-24.62431835216408,112.5,12,0
70427,9,-24.62431835216408,123.75,16,0
70428,9,-24.62431835216408,135.0,20,0
70429,9,-24.62431835216408,146.25,13,0
70430,9,-24.62431835216408,157.5,17,0
70431,9,-24.62431835216408,168.75,11,0
70432,9,-24.62431835216408,-180.0,18,1
70433,9,-24.62431835216408,-168.75,15,0
70434,9,-24.62431835216408,-157.5,17,0
70435,9,-24.62431835216408,-146.25,27,0
70436,9,-24.62431835216408,-135.0,22,0
70437,9,-24.62431835216408,-123.75,15,0
70438,9,-24.62431835216408,-112.5,16,0
70439,9,-24.62431835216408,-101.25,13,0
70440,9,-24.62431835216408,-90.0,19,0
70441,9,-24.62431835216408,-78.75000000000006,17,0
70442,9,-24.62431835216408,-67.5,17,0
70443,9,-24.62431835216408,-56.25,14,0
70444,9,-24.62431835216408,-45.0,19,0
70445,9,-24.62431835216408,-33.75000000000006,16,1
70446,9,-24.62431835216408,-22.5,13,0
70447,9,-24.62431835216408,-11.25,16,0
70448,9,-30.000000000000014,5.625,17,0
70449,9,-30.000000000000014,16.875,18,0
70450,9,-30.000000000000014,28.125,17,0
70451,9,-30.000000000000014,39.375,18,0
70452,9,-30.000000000000014,50.625,20,0
70453,9,-30.000000000000014,61.875,20,0
70454,9,-30.000000000000014,73.125,19,0
70455,9,-30.000000000000014,84.375,17,0
70456,9,-30.000000000000014,95.625,20,0
70457,9,-30.000000000000014,106.875,23,0
70458,9,-30.000000000000014,118.125,17,0
70459,9,-30.000000000000014,129.375,16,0
70460,9,-30.000000000000014,140.625,18,0
70461,9,-30.000000000000014,151.875,15,0
70462,9,-30.000000000000014,163.125,11,0
70463,9,-30.000000000000014,174.375,22,0
70464,9,-30.000000000000014,-174.375,16,0
70465,9,-30.000000000000014,-163.125,16,0
70466,9,-30.000000000000014,-151.875,20,0
70467,9,-30.000000000000014,-140.625,17,0
70468,9,-30.000000000000014,-129.37500000000006,20,0
70469,9,-30.000000000000014,-118.125,20,0
70470,9,-30.000000000000014,-106.875,13,0
70471,9,-30.000000000000014,-95.625,17,0
70472,9,-30.000000000000014,-84.375,19,0
70473,9,-30.000000000000014,-73.12500000000006,20,0
70474,9,-30.000000000000014,-61.875,13,0
70475,9,-30.000000000000014,-50.625,17,0
70476,9,-30.000000000000014,-39.375,19,0
70477,9,-30.000000000000014,-28.125,22,1
70478,9,-30.000000000000014,-16.875,20,0
70479,9,-30.000000000000014,-5.625,15,0
70480,9,-35.68533471265205,0.0,15,0
70481,9,-35.68533471265205,11.25,14,0
70482,9,-35.68533471265205,22.5,14,0
70483,9,-35.68533471265205,33.75,15,0
70484,9,-35.68533471265205,45.0,16,0
70485,9,-35.68533471265205,56.25,13,0
70486,9,-35.68533471265205,67.5,19,0
70487,9,-35.68533471265205,78.75,13,0
70488,9,-35.68533471265205,90.0,11,0
70489,9,-35.68533471265205,101.25,14,0
70490,9,-35.68533471265205,112.5,17,0
70491,9,-35.68533471265205,123.75,21,0
70492,9,-35.68533471265205,135.0,18,0
70493,9,-35.68533471265205,146.25,15,0
70494,9,-35.68533471265205,157.5,15,0
70495,9,-35.68533471265205,168.75,16,0
70496,9,-35.68533471265205,-180.0,16,0
70497,9,-35.68533471265205,-168.75,16,0
70498,9,-35.68533471265205,-157.5,12,0
70499,9,-35.68533471265205,-146.25,20,0
70500,9,-35.68533471265205,-135.0,16,0
70501,9,-35.68533471265205,-123.75,20,0
70502,9,-35.68533471265205,-112.5,21,0
70503,9,-35.68533471265205,-101.25,19,0
70504,9,-35.68533471265205,-90.0,16,0
70505,9,-35.68533471265205,-78.75000000000006,17,0
70506,9,-35.68533471265205,-67.5,18,0
70507,9,-35.68533471265205,-56.25,18,0
70508,9,-35.68533471265205,-45.0,18,0
70509,9,-35.68533471265205,-33.75000000000006,31,0
70510,9,-35.68533471265205,-22.5,23,0
70511,9,-35.68533471265205,-11.25,20,0
70512,9,-41.81031489577862,5.625,16,0
70513,9,-41.81031489577862,16.875,14,0
70514,9,-41.81031489577862,28.125,10,0
70515,9,-41.81031489577862,39.375,20,0
70516,9,-41.81031489577862,50.625,25,0
70517,9,-41.81031489577862,61.875,21,0
70518,9,-41.81031489577862,73.125,13,0
70519,9,-41.81031489577862,84.375,10,0
70520,9,-41.81031489577862,95.625,20,0
70521,9,-41.81031489577862,106.875,17,0
70522,9,-41.81031489577862,118.125,15,0
70523,9,-41.81031489577862,129.375,18,0
70524,9,-41.81031489577862,140.625,16,0
70525,9,-41.81031489577862,151.875,13,0
70526,9,-41.81031489577862,163.125,16,0
70527,9,-41.81031489577862,174.375,21,0
70528,9,-41.81031489577862,-174.375,17,0
70529,9,-41.81031489577862,-163.125,16,0
70530,9,-41.81031489577862,-151.875,10,0
70531,9,-41.81031489577862,-140.625,17,0
70532,9,-41.81031489577862,-129.37500000000006,13,0
70533,9,-41.81031489577862,-118.125,16,0
70534,9,-41.81031489577862,-106.875,23,0
70535,9,-41.81031489577862,-95.625,18,0
70536,9,-41.81031489577862,-84.375,16,0
70537,9,-41.81031489577862,-73.12500000000006,19,0
70538,9,-41.81031489577862,-61.875,19,0
70539,9,-41.81031489577862,-50.625,17,0
70540,9,-41.81031489577862,-39.375,22,0
70541,9,-41.81031489577862,-28.125,21,0
70542,9,-41.81031489577862,-16.875,14,0
70543,9,-41.81031489577862,-5.625,23,0
70544,9,-48.1412077943603,6.428571428571416,13,0
70545,9,-48.1412077943603,19.285714285714278,16,0
70546,9,-48.1412077943603,32.14285714285714,15,0
70547,9,-48.1412077943603,45.0,19,0
70548,9,-48.1412077943603,57.85714285714286,11,0
70549,9,-48.1412077943603,70.71428571428572,16,0
70550,9,-48.1412077943603,83.57142857142856,14,0
70551,9,-48.1412077943603,96.42857142857144,16,0
70552,9,-48.1412077943603,109.28571428571428,17,0
70553,9,-48.1412077943603,122.14285714285711,17,0
70554,9,-48.1412077943603,135.0,13,0
70555,9,-48.1412077943603,147.8571428571429,20,0
70556,9,-48.1412077943603,160.71428571428572,18,0
70557,9,-48.1412077943603,173.57142857142856,17,0
70558,9,-48.1412077943603,-173.57142857142856,16,0
70559,9,-48.1412077943603,-160.71428571428572,16,0
70560,9,-48.1412077943603,-147.8571428571429,16,0
70561,9,-48.1412077943603,-135.0,25,0
70562,9,-48.1412077943603,-122.14285714285711,22,0
70563,9,-48.1412077943603,-109.28571428571428,24,1
70564,9,-48.1412077943603,-96.42857142857144,15,0
70565,9,-48.1412077943603,-83.57142857142856,19,0
70566,9,-48.1412077943603,-70.71428571428572,20,0
70567,9,-48.1412077943603,-57.85714285714283,18,0
70568,9,-48.1412077943603,-45.0,24,0
70569,9,-48.1412077943603,-32.14285714285717,21,0
70570,9,-48.1412077943603,-19.28571428571422,12,0
70571,9,-48.1412077943603,-6.428571428571445,14,0
70572,9,-54.340912303861245,7.5,11,0
70573,9,-54.340912303861245,22.5,22,0
70574,9,-54.340912303861245,37.5,15,0
70575,9,-54.340912303861245,52.5,15,0
70576,9,-54.340912303861245,67.5,19,0
70577,9,-54.340912303861245,82.5,23,0
70578,9,-54.340912303861245,97.5,23,0
70579,9,-54.340912303861245,112.5,20,0
70580,9,-54.340912303861245,127.5,17,0
70581,9,-54.340912303861245,142.5,23,0
70582,9,-54.340912303861245,157.5,15,0
70583,9,-54.340912303861245,172.5,14,0
70584,9,-54.340912303861245,-172.5,18,0
70585,9,-54.340912303861245,-157.5,12,0
70586,9,-54.340912303861245,-142.5,19,0
70587,9,-54.340912303861245,-127.5,18,0
70588,9,-54.340912303861245,-112.5,15,0
70589,9,-54.340912303861245,-97.5,8,0
70590,9,-54.340912303861245,-82.5,11,0
70591,9,-54.340912303861245,-67.5,27,0
70592,9,-54.340912303861245,-52.50000000000006,18,0
70593,9,-54.340912303861245,-37.5,13,0
70594,9,-54.340912303861245,-22.5,16,0
70595,9,-54.340912303861245,-7.5,19,0
70596,9,-60.4344388449523,9.0,16,0
70597,9,-60.4344388449523,27.0,21,0
70598,9,-60.4344388449523,45.0,18,0
70599,9,-60.4344388449523,63.0,25,0
70600,9,-60.4344388449523,81.0,18,0
70601,9,-60.4344388449523,99.0,12,0
70602,9,-60.4344388449523,117.0,26,0
70603,9,-60.4344388449523,135.0,14,0
70604,9,-60.4344388449523,153.0,20,0
70605,9,-60.4344388449523,171.0,18,0
70606,9,-60.4344388449523,-171.0,21,0
70607,9,-60.4344388449523,-153.0,15,0
70608,9,-60.4344388449523,-135.0,20,0
70609,9,-60.4344388449523,-117.0,22,0
70610,9,-60.4344388449523,-99.0,12,0
70611,9,-60.4344388449523,-81.0,10,0
70612,9,-60.4344388449523,-63.0,30,0
70613,9,-60.4344388449523,-45.0,13,0
70614,9,-60.4344388449523,-27.0,9,0
70615,9,-60.4344388449523,-9.0,23,0
70616,9,-66.44353569089876,11.25,21,0
70617,9,-66.44353569089876,33.75,23,0
70618,9,-66.44353569089876,56.25,20,0
70619,9,-66.44353569089876,78.75,16,0
70620,9,-66.44353569089876,101.25,14,0
70621,9,-66.44353569089876,123.75,17,0
70622,9,-66.44353569089876,146.25,15,0
70623,9,-66.44353569089876,168.75,12,0
70624,9,-66.44353569089876,-168.75,24,0
70625,9,-66.44353569089876,-146.25,19,0
70626,9,-66.44353569089876,-123.75,21,0
70627,9,-66.44353569089876,-101.25,22,0
70628,9,-66.44353569089876,-78.75,14,0
70629,9,-66.44353569089876,-56.25,21,0
70630,9,-66.44353569089876,-33.75,15,0
70631,9,-66.44353569089876,-11.25,16,0
70632,9,-72.38756092964962,15.0,17,0
70633,9,-72.38756092964962,45.0,21,0
70634,9,-72.38756092964962,75.0,20,0
70635,9,-72.38756092964962,105.0,16,0
70636,9,-72.38756092964962,135.0,12,0
70637,9,-72.38756092964962,165.0,12,0
70638,9,-72.38756092964962,-165.0,16,0
70639,9,-72.38756092964962,-135.0,18,0
70640,9,-72.38756092964962,-105.0,21,0
70641,9,-72.38756092964962,-75.0,20,0
70642,9,-72.38756092964962,-45.0,16,0
70643,9,-72.38756092964962,-15.0,17,0
70644,9,-78.28414760510762,22.5,23,0
70645,9,-78.28414760510762,67.5,17,0
70646,9,-78.28414760510762,112.5,14,0
70647,9,-78.28414760510762,157.5,17,0
70648,9,-78.28414760510762,-157.5,15,0
70649,9,-78.28414760510762,-112.5,11,0
70650,9,-78.28414760510762,-67.5,20,0
70651,9,-78.28414760510762,-22.5,18,0
70652,9,-84.14973293629666,45.0,19,0
70653,9,-84.14973293629666,135.0,19,0
70654,9,-84.14973293629666,-135.0,13,0
70655,9,-84.14973293629666,-45.0,22,0
70656,9,84.14973293629666,45.0,14,0
70657,9,84.14973293629666,135.0,17,0
70658,9,84.14973293629666,-135.0,15,0
70659,9,84.14973293629666,-45.0,24,0
70660,9,78.28414760510762,22.5,12,0
70661,9,78.28414760510762,67.5,17,0
70662,9,78.28414760510762,112.5,19,0
70663,9,78.28414760510762,157.5,14,0
70664,9,78.28414760510762,-157.5,26,0
70665,9,78.28414760510762,-112.5,17,0
70666,9,78.28414760510762,-67.5,24,0
70667,9,78.28414760510762,-22.5,15,0
70668,9,72.38756092964962,15.0,13,0
70669,9,72.38756092964962,45.0,13,0
70670,9,72.38756092964962,75.0,23,0
70671,9,72.38756092964962,105.0,29,0
70672,9,72.38756092964962,135.0,14,0
70673,9,72.38756092964962,165.0,13,0
70674,9,72.38756092964962,-165.0,19,0
70675,9,72.38756092964962,-135.0,26,0
70676,9,72.38756092964962,-105.0,20,0
70677,9,72.38756092964962,-75.0,15,0
70678,9,72.38756092964962,-45.0,18,0
70679,9,72.38756092964962,-15.0,14,0
70680,9,66.44353569089877,11.25,16,0
70681,9,66.44353569089877,33.75,14,0
70682,9,66.44353569089877,56.25,15,0
70683,9,66.44353569089877,78.75,15,0
70684,9,66.44353569089877,101.25,21,0
70685,9,66.44353569089877,123.75,16,0
70686,9,66.44353569089877,146.25,17,0
70687,9,66.44353569089877,168.75,19,0
70688,9,66.44353569089877,-168.75,19,0
70689,9,66.44353569089877,-146.25,19,0
70690,9,66.44353569089877,-123.75,18,0
70691,9,66.44353569089877,-101.25,16,0
70692,9,66.44353569089877,-78.75,15,0
70693,9,66.44353569089877,-56.25,19,0
70694,9,66.44353569089877,-33.75,10,0
70695,9,66.44353569089877,-11.25,19,0
70696,9,60.43443884495228,9.0,14,0
70697,9,60.43443884495228,27.0,16,0
70698,9,60.43443884495228,45.0,19,0
70699,9,60.43443884495228,63.0,17,0
70700,9,60.43443884495228,81.0,20,0
70701,9,60.43443884495228,99.0,16,0
70702,9,60.43443884495228,117.0,14,0
70703,9,60.43443884495228,135.0,14,0
70704,9,60.43443884495228,153.0,12,0
70705,9,60.43443884495228,171.0,16,0
70706,9,60.43443884495228,-171.0,11,0
70707,9,60.43443884495228,-153.0,15,0
70708,9,60.43443884495228,-135.0,18,0
70709,9,60.43443884495228,-117.0,10,0
70710,9,60.43443884495228,-99.0,19,0
70711,9,60.43443884495228,-81.0,17,0
70712,9,60.43443884495228,-63.0,10,0
70713,9,60.43443884495228,-45.0,17,0
70714,9,60.43443884495228,-27.0,15,0
70715,9,60.43443884495228,-9.0,16,0
70716,9,54.340912303861245,7.5,23,0
70717,9,54.340912303861245,22.5,13,0
70718,9,54.340912303861245,37.5,18,0
70719,9,54.340912303861245,52.5,13,0
70720,9,54.340912303861245,67.5,19,0
70721,9,54.340912303861245,82.5,15,0
70722,9,54.340912303861245,97.5,21,0
70723,9,54.340912303861245,112.5,17,0
70724,9,54.340912303861245,127.5,14,0
70725,9,54.340912303861245,142.5,17,0
70726,9,54.340912303861245,157.5,21,0
70727,9,54.340912303861245,172.5,19,0
70728,9,54.340912303861245,-172.5,11,0
70729,9,54.340912303861245,-157.5,17,0
70730,9,54.340912303861245,-142.5,16,0
70731,9,54.340912303861245,-127.5,10,0
70732,9,54.340912303861245,-112.5,18,0
70733,9,54.340912303861245,-97.5,15,0
70734,9,54.340912303861245,-82.5,24,0
70735,9,54.340912303861245,-67.5,13,0
70736,9,54.340912303861245,-52.50000000000006,18,0
70737,9,54.340912303861245,-37.5,22,0
70738,9,54.340912303861245,-22.5,22,0
70739,9,54.340912303861245,-7.5,14,0
70740,9,48.141207794360284,6.428571428571416,15,0
70741,9,48.141207794360284,19.285714285714278,19,0
70742,9,48.141207794360284,32.14285714285714,14,0
70743,9,48.141207794360284,45.0,16,0
70744,9,48.141207794360284,57.85714285714286,19,0
70745,9,48.141207794360284,70.71428571428572,26,0
70746,9,48.141207794360284,83.57142857142856,24,0
70747,9,48.141207794360284,96.42857142857144,24,0
70748,9,48.141207794360284,109.28571428571428,18,0
70749,9,48.141207794360284,122.14285714285711,20,0
70750,9,48.141207794360284,135.0,13,0
70751,9,48.141207794360284,147.8571428571429,18,0
70752,9,48.141207794360284,160.71428571428572,16,0
70753,9,48.141207794360284,173.57142857142856,15,0
70754,9,48.141207794360284,-173.57142857142856,15,0
70755,9,48.141207794360284,-160.71428571428572,21,0
70756,9,48.141207794360284,-147.8571428571429,21,0
70757,9,48.141207794360284,-135.0,21,0
70758,9,48.141207794360284,-122.14285714285711,23,0
70759,9,48.141207794360284,-109.28571428571428,18,0
70760,9,48.141207794360284,-96.42857142857144,24,0
70761,9,48.141207794360284,-83.57142857142856,25,0
70762,9,48.141207794360284,-70.71428571428572,13,0
70763,9,48.141207794360284,-57.85714285714283,13,0
70764,9,48.141207794360284,-45.0,14,0
70765,9,48.141207794360284,-32.14285714285717,27,0
70766,9,48.141207794360284,-19.28571428571422,24,0
70767,9,48.141207794360284,-6.428571428571445,17,0
70768,9,41.81031489577859,5.625,12,0
70769,9,41.81031489577859,16.875,19,0
70770,9,41.81031489577859,28.125,23,0
70771,9,41.81031489577859,39.375,14,0
70772,9,41.81031489577859,50.625,26,0
70773,9,41.81031489577859,61.875,10,0
70774,9,41.81031489577859,73.125,20,0
70775,9,41.81031489577859,84.375,27,0
70776,9,41.81031489577859,95.625,25,0
70777,9,41.81031489577859,106.875,12,0
70778,9,41.81031489577859,118.125,21,0
70779,9,41.81031489577859,129.375,6,0
70780,9,41.81031489577859,140.625,18,0
70781,9,41.81031489577859,151.875,18,0
70782,9,41.81031489577859,163.125,23,0
70783,9,41.81031489577859,174.375,17,0
70784,9,41.81031489577859,-174.375,20,0
70785,9,41.81031489577859,-163.125,21,0
70786,9,41.81031489577859,-151.875,12,0
70787,9,41.81031489577859,-140.625,18,0
70788,9,41.81031489577859,-129.37500000000006,22,0
70789,9,41.81031489577859,-118.125,20,0
70790,9,41.81031489577859,-106.875,18,0
70791,9,41.81031489577859,-95.625,22,0
70792,9,41.81031489577859,-84.375,12,0
70793,9,41.81031489577859,-73.12500000000006,15,0
70794,9,41.81031489577859,-61.875,12,0
70795,9,41.81031489577859,-50.625,14,0
70796,9,41.81031489577859,-39.375,15,0
70797,9,41.81031489577859,-28.125,14,0
70798,9,41.81031489577859,-16.875,19,0
70799,9,41.81031489577859,-5.625,14,0
70800,9,35.68533471265204,0.0,17,0
70801,9,35.68533471265204,11.25,18,0
70802,9,35.68533471265204,22.5,10,0
70803,9,35.68533471265204,33.75,14,0
70804,9,35.68533471265204,45.0,20,0
70805,9,35.68533471265204,56.25,25,0
70806,9,35.68533471265204,67.5,7,0
70807,9,35.68533471265204,78.75,12,0
70808,9,35.68533471265204,90.0,22,1
70809,9,35.68533471265204,101.25,21,0
70810,9,35.68533471265204,112.5,16,0
70811,9,35.68533471265204,123.75,10,0
70812,9,35.68533471265204,135.0,16,0
70813,9,35.68533471265204,146.25,30,0
70814,9,35.68533471265204,157.5,17,0
70815,9,35.68533471265204,168.75,14,0
70816,9,35.68533471265204,-180.0,18,0
70817,9,35.68533471265204,-168.75,22,0
70818,9,35.68533471265204,-157.5,18,0
70819,9,35.68533471265204,-146.25,13,0
70820,9,35.68533471265204,-135.0,14,0
70821,9,35.68533471265204,-123.75,17,0
70822,9,35.68533471265204,-112.5,26,0
70823,9,35.68533471265204,-101.25,27,0
70824,9,35.68533471265204,-90.0,13,0
70825,9,35.68533471265204,-78.75000000000006,15,0
70826,9,35.68533471265204,-67.5,10,0
70827,9,35.68533471265204,-56.25,10,0
70828,9,35.68533471265204,-45.0,16,1
70829,9,35.68533471265204,-33.75000000000006,17,1
70830,9,35.68533471265204,-22.5,12,0
70831,9,35.68533471265204,-11.25,20,0
70832,9,30.000000000000007,5.625,12,0
70833,9,30.000000000000007,16.875,17,0
70834,9,30.000000000000007,28.125,14,0
70835,9,30.000000000000007,39.375,16,0
70836,9,30.000000000000007,50.625,17,0
70837,9,30.000000000000007,61.875,15,0
70838,9,30.000000000000007,73.125,18,0
70839,9,30.000000000000007,84.375,17,1
70840,9,30.000000000000007,95.625,17,0
70841,9,30.000000000000007,106.875,16,0
70842,9,30.000000000000007,118.125,15,0
70843,9,30.000000000000007,129.375,13,0
70844,9,30.000000000000007,140.625,21,0
70845,9,30.000000000000007,151.875,25,0
70846,9,30.000000000000007,163.125,10,0
70847,9,30.000000000000007,174.375,15,0
70848,9,30.000000000000007,-174.375,16,0
70849,9,30.000000000000007,-163.125,22,0
70850,9,30.000000000000007,-151.875,15,0
70851,9,30.000000000000007,-140.625,16,0
70852,9,30.000000000000007,-129.37500000000006,16,0
70853,9,30.000000000000007,-118.125,15,0
70854,9,30.000000000000007,-106.875,30,0
70855,9,30.000000000000007,-95.625,20,0
70856,9,30.000000000000007,-84.375,15,0
70857,9,30.000000000000007,-73.12500000000006,13,0
70858,9,30.000000000000007,-61.875,13,0
70859,9,30.000000000000007,-50.625,9,0
70860,9,30.000000000000007,-39.375,22,1
70861,9,30.000000000000007,-28.125,16,0
70862,9,30.000000000000007,-16.875,12,0
70863,9,30.000000000000007,-5.625,18,0
70864,9,24.62431835216408,0.0,16,0
70865,9,24.62431835216408,11.25,16,0
70866,9,24.62431835216408,22.5,19,0
70867,9,24.62431835216408,33.75,18,0
70868,9,24.62431835216408,45.0,19,0
70869,9,24.62431835216408,56.25,16,0
70870,9,24.62431835216408,67.5,21,0
70871,9,24.62431835216408,78.75,17,0
70872,9,24.62431835216408,90.0,18,0
70873,9,24.62431835216408,101.25,17,0
70874,9,24.62431835216408,112.5,18,0
70875,9,24.62431835216408,123.75,14,0
70876,9,24.62431835216408,135.0,16,0
70877,9,24.62431835216408,146.25,16,0
70878,9,24.62431835216408,157.5,22,0
70879,9,24.62431835216408,168.75,19,0
70880,9,24.62431835216408,-180.0,13,0
70881,9,24.62431835216408,-168.75,19,0
70882,9,24.62431835216408,-157.5,15,0
70883,9,24.62431835216408,-146.25,21,0
70884,9,24.62431835216408,-135.0,18,0
70885,9,24.62431835216408,-123.75,12,1
70886,9,24.62431835216408,-112.5,21,0
70887,9,24.62431835216408,-101.25,17,0
70888,9,24.62431835216408,-90.0,9,0
70889,9,24.62431835216408,-78.75000000000006,17,0
70890,9,24.62431835216408,-67.5,26,0
70891,9,24.62431835216408,-56.25,16,0
70892,9,24.62431835216408,-45.0,15,0
70893,9,24.62431835216408,-33.75000000000006,12,0
70894,9,24.62431835216408,-22.5,14,0
70895,9,24.62431835216408,-11.25,17,0
70896,9,19.47122063449069,5.625,19,0
70897,9,19.47122063449069,16.875,17,0
70898,9,19.47122063449069,28.125,11,0
70899,9,19.47122063449069,39.375,18,0
70900,9,19.47122063449069,50.625,16,0
70901,9,19.47122063449069,61.875,14,0
70902,9,19.47122063449069,73.125,17,0
70903,9,19.47122063449069,84.375,18,0
70904,9,19.47122063449069,95.625,19,0
70905,9,19.47122063449069,106.875,11,0
70906,9,19.47122063449069,118.125,18,0
70907,9,19.47122063449069,129.375,18,0
70908,9,19.47122063449069,140.625,17,0
70909,9,19.47122063449069,151.875,20,0
70910,9,19.47122063449069,163.125,22,0
70911,9,19.47122063449069,174.375,15,0
70912,9,19.47122063449069,-174.375,19,0
70913,9,19.47122063449069,-163.125,19,0
70914,9,19.47122063449069,-151.875,17,0
70915,9,19.47122063449069,-140.625,20,0
70916,9,19.47122063449069,-129.37500000000006,23,1
70917,9,19.47122063449069,-118.125,14,0
70918,9,19.47122063449069,-106.875,11,0
70919,9,19.47122063449069,-95.625,21,0
70920,9,19.47122063449069,-84.375,12,0
70921,9,19.47122063449069,-73.12500000000006,12,0
70922,9,19.47122063449069,-61.875,25,0
70923,9,19.47122063449069,-50.625,20,0
70924,9,19.47122063449069,-39.375,17,0
70925,9,19.47122063449069,-28.125,23,0
70926,9,19.47122063449069,-16.875,16,0
70927,9,19.47122063449069,-5.625,22,0
70928,9,14.477512185929925,0.0,21,0
70929,9,14.477512185929925,11.25,19,0
70930,9,14.477512185929925,22.5,18,0
70931,9,14.477512185929925,33.75,12,0
70932,9,14.477512185929925,45.0,17,0
70933,9,14.477512185929925,56.25,14,0
70934,9,14.477512185929925,67.5,18,0
70935,9,14.477512185929925,78.75,21,0
70936,9,14.477512185929925,90.0,22,0
70937,9,14.477512185929925,101.25,14,0
70938,9,14.477512185929925,112.5,16,0
70939,9,14.477512185929925,123.75,19,0
70940,9,14.477512185929925,135.0,11,0
70941,9,14.477512185929925,146.25,15,0
70942,9,14.477512185929925,157.5,17,0
70943,9,14.477512185929925,168.75,17,0
70944,9,14.477512185929925,-180.0,20,1
70945,9,14.477512185929925,-168.75,19,0
70946,9,14.477512185929925,-157.5,11,0
70947,9,14.477512185929925,-146.25,16,0
70948,9,14.477512185929925,-135.0,17,0
70949,9,14.477512185929925,-123.75,17,0
70950,9,14.477512185929925,-112.5,14,0
70951,9,14.477512185929925,-101.25,20,0
70952,9,14.477512185929925,-90.0,14,0
70953,9,14.477512185929925,-78.75000000000006,9,0
70954,9,14.477512185929925,-67.5,11,0
70955,9,14.477512185929925,-56.25,18,0
70956,9,14.477512185929925,-45.0,23,0
70957,9,14.477512185929925,-33.75000000000006,22,0
70958,9,14.477512185929925,-22.5,17,0
70959,9,14.477512185929925,-11.25,18,0
70960,9,9.594068226860458,5.625,17,0
70961,9,9.594068226860458,16.875,17,0
70962,9,9.594068226860458,28.125,24,0
70963,9,9.594068226860458,39.375,18,0
70964,9,9.594068226860458,50.625,25,0
70965,9,9.594068226860458,61.875,18,0
70966,9,9.594068226860458,73.125,16,0
70967,9,9.594068226860458,84.375,25,0
70968,9,9.594068226860458,95.625,13,0
70969,9,9.594068226860458,106.875,18,0
70970,9,9.594068226860458,118.125,15,2
70971,9,9.594068226860458,129.375,13,0
70972,9,9.594068226860458,140.625,19,0
70973,9,9.594068226860458,151.875,13,0
70974,9,9.594068226860458,163.125,26,0
70975,9,9.594068226860458,174.375,20,0
70976,9,9.594068226860458,-174.375,17,1
70977,9,9.594068226860458,-163.125,23,0
70978,9,9.594068226860458,-151.875,14,0
70979,9,9.594068226860458,-140.625,15,0
70980,9,9.594068226860458,-129.37500000000006,20,0
70981,9,9.594068226860458,-118.125,15,0
70982,9,9.594068226860458,-106.875,14,0
70983,9,9.594068226860458,-95.625,15,0
70984,9,9.594068226860458,-84.375,14,0
70985,9,9.594068226860458,-73.12500000000006,12,0
70986,9,9.594068226860458,-61.875,18,0
70987,9,9.594068226860458,-50.625,17,0
70988,9,9.594068226860458,-39.375,19,0
70989,9,9.594068226860458,-28.125,10,0
70990,9,9.594068226860458,-16.875,14,0
70991,9,9.594068226860458,-5.625,17,0
70992,9,4.780191847199163,0.0,20,2
70993,9,4.780191847199163,11.25,15,0
70994,9,4.780191847199163,22.5,16,1
70995,9,4.780191847199163,33.75,21,0
70996,9,4.780191847199163,45.0,25,4
70997,9,4.780191847199163,56.25,17,1
70998,9,4.780191847199163,67.5,21,4
70999,9,4.780191847199163,78.75,10,2
71000,9,4.780191847199163,90.0,27,3
71001,9,4.780191847199163,101.25,15,0
71002,9,4.780191847199163,112.5,18,0
71003,9,4.780191847199163,123.75,18,3
71004,9,4.780191847199163,135.0,19,0
71005,9,4.780191847199163,146.25,15,3
71006,9,4.780191847199163,157.5,24,3
71007,9,4.780191847199163,168.75,16,4
71008,9,4.780191847199163,-180.0,18,0
71009,9,4.780191847199163,-168.75,12,1
71010,9,4.780191847199163,-157.5,17,1
71011,9,4.780191847199163,-146.25,12,1
71012,9,4.780191847199163,-135.0,14,5
71013,9,4.780191847199163,-123.75,13,2
71014,9,4.780191847199163,-112.5,19,3
71015,9,4.780191847199163,-101.25,16,0
71016,9,4.780191847199163,-90.0,12,1
71017,9,4.780191847199163,-78.75000000000006,30,2
71018,9,4.780191847199163,-67.5,21,2
71019,9,4.780191847199163,-56.25,15,5
71020,9,4.780191847199163,-45.0,14,4
71021,9,4.780191847199163,-33.75000000000006,10,3
71022,9,4.780191847199163,-22.5,18,4
71023,9,4.780191847199163,-11.25,13,1
71024,9,0.0,5.625,15,4
71025,9,0.0,16.875,19,4
71026,9,0.0,28.125,17,2
71027,9,0.0,39.375,19,4
71028,9,0.0,50.625,22,5
71029,9,0.0,61.875,18,4
71030,9,0.0,73.125,15,7
71031,9,0.0,84.375,17,3
71032,9,0.0,95.625,17,1
71033,9,0.0,106.875,19,3
71034,9,0.0,118.125,22,3
71035,9,0.0,129.375,15,0
71036,9,0.0,140.625,15,2
71037,9,0.0,151.875,12,1
71038,9,0.0,163.125,13,8
71039,9,0.0,174.375,17,2
71040,9,0.0,-174.375,23,2
71041,9,0.0,-163.125,25,3
71042,9,0.0,-151.875,10,0
71043,9,0.0,-140.625,12,4
71044,9,0.0,-129.37500000000006,15,4
71045,9,0.0,-118.125,18,4
71046,9,0.0,-106.875,11,2
71047,9,0.0,-95.625,14,3
71048,9,0.0,-84.375,19,5
71049,9,0.0,-73.12500000000006,28,1
71050,9,0.0,-61.875,18,4
71051,9,0.0,-50.625,19,9
71052,9,0.0,-39.375,14,5
71053,9,0.0,-28.125,20,5
71054,9,0.0,-16.875,11,0
71055,9,0.0,-5.625,19,3
71056,9,-4.780191847199163,0.0,21,1
71057,9,-4.780191847199163,11.25,20,1
71058,9,-4.780191847199163,22.5,27,2
71059,9,-4.780191847199163,33.75,21,2
71060,9,-4.780191847199163,45.0,19,5
71061,9,-4.780191847199163,56.25,19,2
71062,9,-4.780191847199163,67.5,17,4
71063,9,-4.780191847199163,78.75,10,2
71064,9,-4.780191847199163,90.0,20,2
71065,9,-4.780191847199163,101.25,20,0
71066,9,-4.780191847199163,112.5,26,1
71067,9,-4.780191847199163,123.75,24,1
71068,9,-4.780191847199163,135.0,15,1
71069,9,-4.780191847199163,146.25,15,1
71070,9,-4.780191847199163,157.5,14,2
71071,9,-4.780191847199163,168.75,14,3
71072,9,-4.780191847199163,-180.0,14,1
71073,9,-4.780191847199163,-168.75,23,1
71074,9,-4.780191847199163,-157.5,19,1
71075,9,-4.780191847199163,-146.25,14,0
71076,9,-4.780191847199163,-135.0,19,4
71077,9,-4.780191847199163,-123.75,19,2
71078,9,-4.780191847199163,-112.5,16,0
71079,9,-4.780191847199163,-101.25,9,1
71080,9,-4.780191847199163,-90.0,15,6
71081,9,-4.780191847199163,-78.75000000000006,21,1
71082,9,-4.780191847199163,-67.5,21,0
71083,9,-4.780191847199163,-56.25,22,3
71084,9,-4.780191847199163,-45.0,18,2
71085,9,-4.780191847199163,-33.75000000000006,17,3
71086,9,-4.780191847199163,-22.5,14,1
71087,9,-4.780191847199163,-11.25,10,1
71088,9,-9.594068226860458,5.625,19,0
71089,9,-9.594068226860458,16.875,15,1
71090,9,-9.594068226860458,28.125,20,0
71091,9,-9.594068226860458,39.375,15,1
71092,9,-9.594068226860458,50.625,19,0
71093,9,-9.594068226860458,61.875,15,0
71094,9,-9.594068226860458,73.125,20,0
71095,9,-9.594068226860458,84.375,12,0
71096,9,-9.594068226860458,95.625,17,0
71097,9,-9.594068226860458,106.875,16,0
71098,9,-9.594068226860458,118.125,26,0
71099,9,-9.594068226860458,129.375,18,0
71100,9,-9.594068226860458,140.625,14,0
71101,9,-9.594068226860458,151.875,24,0
71102,9,-9.594068226860458,163.125,13,0
71103,9,-9.594068226860458,174.375,18,0
71104,9,-9.594068226860458,-174.375,19,0
71105,9,-9.594068226860458,-163.125,21,0
71106,9,-9.594068226860458,-151.875,9,0
71107,9,-9.594068226860458,-140.625,11,0
71108,9,-9.594068226860458,-129.37500000000006,13,0
71109,9,-9.594068226860458,-118.125,13,0
71110,9,-9.594068226860458,-106.875,18,0
71111,9,-9.594068226860458,-95.625,19,0
71112,9,-9.594068226860458,-84.375,20,0
71113,9,-9.594068226860458,-73.12500000000006,16,0
71114,9,-9.594068226860458,-61.875,18,0
71115,9,-9.594068226860458,-50.625,24,0
71116,9,-9.594068226860458,-39.375,14,0
71117,9,-9.594068226860458,-28.125,23,0
71118,9,-9.594068226860458,-16.875,18,0
71119,9,-9.594068226860458,-5.625,18,0
71120,9,-14.477512185929925,0.0,12,1
71121,9,-14.477512185929925,11.25,19,1
71122,9,-14.477512185929925,22.5,14,0
71123,9,-14.477512185929925,33.75,13,0
71124,9,-14.477512185929925,45.0,19,0
71125,9,-14.477512185929925,56.25,21,0
71126,9,-14.477512185929925,67.5,17,0
71127,9,-14.477512185929925,78.75,18,0
71128,9,-14.477512185929925,90.0,18,0
71129,9,-14.477512185929925,101.25,13,0
71130,9,-14.477512185929925,112.5,13,0
71131,9,-14.477512185929925,123.75,24,0
71132,9,-14.477512185929925,135.0,16,0
71133,9,-14.477512185929925,146.25,21,0
71134,9,-14.477512185929925,157.5,13,0
71135,9,-14.477512185929925,168.75,19,0
71136,9,-14.477512185929925,-180.0,23,0
71137,9,-14.477512185929925,-168.75,20,0
71138,9,-14.477512185929925,-157.5,16,0
71139,9,-14.477512185929925,-146.25,15,0
71140,9,-14.477512185929925,-135.0,17,0
71141,9,-14.477512185929925,-123.75,11,0
71142,9,-14.477512185929925,-112.5,11,0
71143,9,-14.477512185929925,-101.25,25,0
71144,9,-14.477512185929925,-90.0,23,0
71145,9,-14.477512185929925,-78.75000000000006,22,0
71146,9,-14.477512185929925,-67.5,21,0
71147,9,-14.477512185929925,-56.25,26,0
71148,9,-14.477512185929925,-45.0,11,0
71149,9,-14.477512185929925,-33.75000000000006,16,0
71150,9,-14.477512185929925,-22.5,18,1
71151,9,-14.477512185929925,-11.25,9,0
71152,9,-19.47122063449069,5.625,11,0
71153,9,-19.47122063449069,16.875,19,0
71154,9,-19.47122063449069,28.125,15,0
71155,9,-19.47122063449069,39.375,17,0
71156,9,-19.47122063449069,50.625,22,0
71157,9,-19.47122063449069,61.875,21,0
71158,9,-19.47122063449069,73.125,17,0
71159,9,-19.47122063449069,84.375,24,0
71160,9,-19.47122063449069,95.625,12,0
71161,9,-19.47122063449069,106.875,10,0
71162,9,-19.47122063449069,118.125,17,0
71163,9,-19.47122063449069,129.375,19,0
71164,9,-19.47122063449069,140.625,19,0
71165,9,-19.47122063449069,151.875,23,0
71166,9,-19.47122063449069,163.125,12,0
71167,9,-19.47122063449069,174.375,18,1
71168,9,-19.47122063449069,-174.375,17,0
71169,9,-19.47122063449069,-163.125,22,0
71170,9,-19.47122063449069,-151.875,19,0
71171,9,-19.47122063449069,-140.625,18,0
71172,9,-19.47122063449069,-129.37500000000006,12,0
71173,9,-19.47122063449069,-118.125,17,0
71174,9,-19.47122063449069,-106.875,17,0
71175,9,-19.47122063449069,-95.625,19,0
71176,9,-19.47122063449069,-84.375,17,0
71177,9,-19.47122063449069,-73.12500000000006,21,0
71178,9,-19.47122063449069,-61.875,23,0
71179,9,-19.47122063449069,-50.625,24,0
71180,9,-19.47122063449069,-39.375,20,0
71181,9,-19.47122063449069,-28.125,12,0
71182,9,-19.47122063449069,-16.875,12,1
71183,9,-19.47122063449069,-5.625,9,1
71184,9,-24.62431835216408,0.0,17,0
71185,9,-24.62431835216408,11.25,15,0
71186,9,-24.62431835216408,22.5,22,0
71187,9,-24.62431835216408,33.75,18,0
71188,9,-24.62431835216408,45.0,20,0
71189,9,-24.62431835216408,56.25,25,0
71190,9,-24.62431835216408,67.5,19,0
71191,9,-24.62431835216408,78.75,22,0
71192,9,-24.62431835216408,90.0,18,0
71193,9,-24.62431835216408,101.25,15,0
71194,9,-24.62431835216408,112.5,12,0
71195,9,-24.62431835216408,123.75,16,0
71196,9,-24.62431835216408,135.0,20,0
71197,9,-24.62431835216408,146.25,13,0
71198,9,-24.62431835216408,157.5,17,0
71199,9,-24.62431835216408,168.75,11,0
71200,9,-24.62431835216408,-180.0,18,1
71201,9,-24.62431835216408,-168.75,15,0
71202,9,-24.62431835216408,-157.5,17,0
71203,9,-24.62431835216408,-146.25,27,0
71204,9,-24.62431835216408,-135.0,22,0
71205,9,-24.62431835216408,-123.75,15,0
71206,9,-24.62431835216408,-112.5,16,0
71207,9,-24.62431835216408,-101.25,13,0
71208,9,-24.62431835216408,-90.0,19,0
71209,9,-24.62431835216408,-78.75000000000006,17,0
71210,9,-24.62431835216408,-67.5,17,0
71211,9,-24.62431835216408,-56.25,14,0
71212,9,-24.62431835216408,-45.0,19,0
71213,9,-24.62431835216408,-33.75000000000006,16,1
71214,9,-24.62431835216408,-22.5,13,0
71215,9,-24.62431835216408,-11.25,16,0
71216,9,-30.000000000000014,5.625,17,0
71217,9,-30.000000000000014,16.875,18,0
71218,9,-30.000000000000014,28.125,17,0
71219,9,-30.000000000000014,39.375,18,0
71220,9,-30.000000000000014,50.625,20,0
71221,9,-30.000000000000014,61.875,20,0
71222,9,-30.000000000000014,73.125,19,0
71223,9,-30.000000000000014,84.375,17,0
71224,9,-30.000000000000014,95.625,20,0
71225,9,-30.000000000000014,106.875,23,0
71226,9,-30.000000000000014,118.125,17,0
71227,9,-30.000000000000014,129.375,16,0
71228,9,-30.000000000000014,140.625,18,0
71229,9,-30.000000000000014,151.875,15,0
71230,9,-30.000000000000014,163.125,11,0
71231,9,-30.000000000000014,174.375,22,0
71232,9,-30.000000000000014,-174.375,16,0
71233,9,-30.000000000000014,-163.125,16,0
71234,9,-30.000000000000014,-151.875,20,0
71235,9,-30.000000000000014,-140.625,17,0
71236,9,-30.000000000000014,-129.37500000000006,20,0
71237,9,-30.000000000000014,-118.125,20,0
71238,9,-30.000000000000014,-106.875,13,0
71239,9,-30.000000000000014,-95.625,17,0
71240,9,-30.000000000000014,-84.375,19,0
71241,9,-30.000000000000014,-73.12500000000006,20,0
71242,9,-30.000000000000014,-61.875,13,0
71243,9,-30.000000000000014,-50.625,17,0
71244,9,-30.000000000000014,-39.375,19,0
71245,9,-30.000000000000014,-28.125,22,1
71246,9,-30.000000000000014,-16.875,20,0
71247,9,-30.000000000000014,-5.625,15,0
71248,9,-35.68533471265205,0.0,15,0
71249,9,-35.68533471265205,11.25,14,0
71250,9,-35.68533471265205,22.5,14,0
71251,9,-35.68533471265205,33.75,15,0
71252,9,-35.68533471265205,45.0,16,0
71253,9,-35.68533471265205,56.25,13,0
71254,9,-35.68533471265205,67.5,19,0
71255,9,-35.68533471265205,78.75,13,0
71256,9,-35.68533471265205,90.0,11,0
71257,9,-35.68533471265205,101.25,14,0
71258,9,-35.68533471265205,112.5,17,0
71259,9,-35.68533471265205,123.75,21,0
71260,9,-35.68533471265205,135.0,18,0
71261,9,-35.68533471265205,146.25,15,0
71262,9,-35.68533471265205,157.5,15,0
71263,9,-35.68533471265205,168.75,16,0
71264,9,-35.68533471265205,-180.0,16,0
71265,9,-35.68533471265205,-168.75,16,0
71266,9,-35.68533471265205,-157.5,12,0
71267,9,-35.68533471265205,-146.25,20,0
71268,9,-35.68533471265205,-135.0,16,0
71269,9,-35.68533471265205,-123.75,20,0
71270,9,-35.68533471265205,-112.5,21,0
71271,9,-35.68533471265205,-101.25,19,0
71272,9,-35.68533471265205,-90.0,16,0
71273,9,-35.68533471265205,-78.75000000000006,17,0
71274,9,-35.68533471265205,-67.5,18,0
71275,9,-35.68533471265205,-56.25,18,0
71276,9,-35.68533471265205,-45.0,18,0
71277,9,-35.68533471265205,-33.75000000000006,31,0
71278,9,-35.68533471265205,-22.5,23,0
71279,9,-35.68533471265205,-11.25,20,0
71280,9,-41.81031489577862,5.625,16,0
71281,9,-41.81031489577862,16.875,14,0
71282,9,-41.81031489577862,28.125,10,0
71283,9,-41.81031489577862,39.375,20,0
71284,9,-41.81031489577862,50.625,25,0
71285,9,-41.81031489577862,61.875,21,0
71286,9,-41.81031489577862,73.125,13,0
71287,9,-41.81031489577862,84.375,10,0
71288,9,-41.81031489577862,95.625,20,0
71289,9,-41.81031489577862,106.875,17,0
71290,9,-41.81031489577862,118.125,15,0
71291,9,-41.81031489577862,129.375,18,0
71292,9,-41.81031489577862,140.625,16,0
71293,9,-41.81031489577862,151.875,13,0
71294,9,-41.81031489577862,163.125,16,0
71295,9,-41.81031489577862,174.375,21,0
71296,9,-41.81031489577862,-174.375,17,0
71297,9,-41.81031489577862,-163.125,16,0
71298,9,-41.81031489577862,-151.875,10,0
71299,9,-41.81031489577862,-140.625,17,0
71300,9,-41.81031489577862,-129.37500000000006,13,0
71301,9,-41.81031489577862,-118.125,16,0
71302,9,-41.81031489577862,-106.875,23,0
71303,9,-41.81031489577862,-95.625,18,0
71304,9,-41.81031489577862,-84.375,16,0
71305,9,-41.81031489577862,-73.12500000000006,19,0
71306,9,-41.81031489577862,-61.875,19,0
71307,9,-41.81031489577862,-50.625,17,0
71308,9,-41.81031489577862,-39.375,22,0
71309,9,-41.81031489577862,-28.125,21,0
71310,9,-41.81031489577862,-16.875,14,0
71311,9,-41.81031489577862,-5.625,23,0
71312,9,-48.1412077943603,6.428571428571416,13,0
71313,9,-48.1412077943603,19.285714285714278,16,0
71314,9,-48.1412077943603,32.14285714285714,15,0
71315,9,-48.1412077943603,45.0,19,0
71316,9,-48.1412077943603,57.85714285714286,11,0
71317,9,-48.1412077943603,70.71428571428572,16,0
71318,9,-48.1412077943603,83.57142857142856,14,0
71319,9,-48.1412077943603,96.42857142857144,16,0
71320,9,-48.1412077943603,109.28571428571428,17,0
71321,9,-48.1412077943603,122.14285714285711,17,0
71322,9,-48.1412077943603,135.0,13,0
71323,9,-48.1412077943603,147.8571428571429,20,0
71324,9,-48.1412077943603,160.71428571428572,18,0
71325,9,-48.1412077943603,173.57142857142856,17,0
71326,9,-48.1412077943603,-173.57142857142856,16,0
71327,9,-48.1412077943603,-160.71428571428572,16,0
71328,9,-48.1412077943603,-147.8571428571429,16,0
71329,9,-48.1412077943603,-135.0,25,0
71330,9,-48.1412077943603,-122.14285714285711,22,0
71331,9,-48.1412077943603,-109.28571428571428,24,1
71332,9,-48.1412077943603,-96.42857142857144,15,0
71333,9,-48.1412077943603,-83.57142857142856,19,0
71334,9,-48.1412077943603,-70.71428571428572,20,0
71335,9,-48.1412077943603,-57.85714285714283,18,0
71336,9,-48.1412077943603,-45.0,24,0
71337,9,-48.1412077943603,-32.14285714285717,21,0
71338,9,-48.1412077943603,-19.28571428571422,12,0
71339,9,-48.1412077943603,-6.428571428571445,14,0
71340,9,-54.340912303861245,7.5,11,0
71341,9,-54.340912303861245,22.5,22,0
71342,9,-54.340912303861245,37.5,15,0
71343,9,-54.340912303861245,52.5,15,0
71344,9,-54.340912303861245,67.5,19,0
71345,9,-54.340912303861245,82.5,23,0
71346,9,-54.340912303861245,97.5,23,0
71347,9,-54.340912303861245,112.5,20,0
71348,9,-54.340912303861245,127.5,17,0
71349,9,-54.340912303861245,142.5,23,0
71350,9,-54.340912303861245,157.5,15,0
71351,9,-54.340912303861245,172.5,14,0
71352,9,-54.340912303861245,-172.5,18,0
71353,9,-54.340912303861245,-157.5,12,0
71354,9,-54.340912303861245,-142.5,19,0
71355,9,-54.340912303861245,-127.5,18,0
71356,9,-54.340912303861245,-112.5,15,0
71357,9,-54.340912303861245,-97.5,8,0
71358,9,-54.340912303861245,-82.5,11,0
71359,9,-54.340912303861245,-67.5,27,0
71360,9,-54.340912303861245,-52.50000000000006,18,0
71361,9,-54.340912303861245,-37.5,13,0
71362,9,-54.340912303861245,-22.5,16,0
71363,9,-54.340912303861245,-7.5,19,0
71364,9,-60.4344388449523,9.0,16,0
71365,9,-60.4344388449523,27.0,21,0
71366,9,-60.4344388449523,45.0,18,0
71367,9,-60.4344388449523,63.0,25,0
71368,9,-60.4344388449523,81.0,18,0
71369,9,-60.4344388449523,99.0,12,0
71370,9,-60.4344388449523,117.0,26,0
71371,9,-60.4344388449523,135.0,14,0
71372,9,-60.4344388449523,153.0,20,0
71373,9,-60.4344388449523,171.0,18,0
71374,9,-60.4344388449523,-171.0,21,0
71375,9,-60.4344388449523,-153.0,15,0
71376,9,-60.4344388449523,-135.0,20,0
71377,9,-60.4344388449523,-117.0,22,0
71378,9,-60.4344388449523,-99.0,12,0
71379,9,-60.4344388449523,-81.0,10,0
71380,9,-60.4344388449523,-63.0,30,0
71381,9,-60.4344388449523,-45.0,13,0
71382,9,-60.4344388449523,-27.0,9,0
71383,9,-60.4344388449523,-9.0,23,0
71384,9,-66.44353569089876,11.25,21,0
71385,9,-66.44353569089876,33.75,23,0
71386,9,-66.44353569089876,56.25,20,0
71387,9,-66.44353569089876,78.75,16,0
71388,9,-66.44353569089876,101.25,14,0
71389,9,-66.44353569089876,123.75,17,0
71390,9,-66.44353569089876,146.25,15,0
71391,9,-66.44353569089876,168.75,12,0
71392,9,-66.44353569089876,-168.75,24,0
71393,9,-66.44353569089876,-146.25,19,0
71394,9,-66.44353569089876,-123.75,21,0
71395,9,-66.44353569089876,-101.25,22,0
71396,9,-66.44353569089876,-78.75,14,0
71397,9,-66.44353569089876,-56.25,21,0
71398,9,-66.44353569089876,-33.75,15,0
71399,9,-66.44353569089876,-11.25,16,0
71400,9,-72.38756092964962,15.0,17,0
71401,9,-72.38756092964962,45.0,21,0
71402,9,-72.38756092964962,75.0,20,0
71403,9,-72.38756092964962,105.0,16,0
71404,9,-72.38756092964962,135.0,12,0
71405,9,-72.38756092964962,165.0,12,0
71406,9,-72.38756092964962,-165.0,16,0
71407,9,-72.38756092964962,-135.0,18,0
71408,9,-72.38756092964962,-105.0,21,0
71409,9,-72.38756092964962,-75.0,20,0
71410,9,-72.38756092964962,-45.0,16,0
71411,9,-72.38756092964962,-15.0,17,0
71412,9,-78.28414760510762,22.5,23,0
71413,9,-78.28414760510762,67.5,17,0
71414,9,-78.28414760510762,112.5,14,0
71415,9,-78.28414760510762,157.5,17,0
71416,9,-78.28414760510762,-157.5,15,0
71417,9,-78.28414760510762,-112.5,11,0
71418,9,-78.28414760510762,-67.5,20,0
71419,9,-78.28414760510762,-22.5,18,0
71420,9,-84.14973293629666,45.0,19,0
71421,9,-84.14973293629666,135.0,19,0
71422,9,-84.14973293629666,-135.0,13,0
71423,9,-84.14973293629666,-45.0,22,0
71424,9,84.14973293629666,45.0,14,0
71425,9,84.14973293629666,135.0,17,0
71426,9,84.14973293629666,-135.0,15,0
71427,9,84.14973293629666,-45.0,24,0
71428,9,78.28414760510762,22.5,12,0
71429,9,78.28414760510762,67.5,17,0
71430,9,78.28414760510762,112.5,19,0
71431,9,78.28414760510762,157.5,14,0
71432,9,78.28414760510762,-157.5,26,0
71433,9,78.28414760510762,-112.5,17,0
71434,9,78.28414760510762,-67.5,24,0
71435,9,78.28414760510762,-22.5,15,0
71436,9,72.38756092964962,15.0,13,0
71437,9,72.38756092964962,45.0,13,0
71438,9,72.38756092964962,75.0,23,0
71439,9,72.38756092964962,105.0,29,0
71440,9,72.38756092964962,135.0,14,0
71441,9,72.38756092964962,165.0,13,0
71442,9,72.38756092964962,-165.0,19,0
71443,9,72.38756092964962,-135.0,26,0
71444,9,72.38756092964962,-105.0,20,0
71445,9,72.38756092964962,-75.0,15,0
71446,9,72.38756092964962,-45.0,18,0
71447,9,72.38756092964962,-15.0,14,0
71448,9,66.44353569089877,11.25,16,0
71449,9,66.44353569089877,33.75,14,0
71450,9,66.44353569089877,56.25,15,0
71451,9,66.44353569089877,78.75,15,0
71452,9,66.44353569089877,101.25,21,0
71453,9,66.44353569089877,123.75,16,0
71454,9,66.44353569089877,146.25,17,0
71455,9,66.44353569089877,168.75,19,0
71456,9,66.44353569089877,-168.75,19,0
71457,9,66.44353569089877,-146.25,19,0
71458,9,66.44353569089877,-123.75,18,0
71459,9,66.44353569089877,-101.25,16,0
71460,9,66.44353569089877,-78.75,15,0
71461,9,66.44353569089877,-56.25,19,0
71462,9,66.44353569089877,-33.75,10,0
71463,9,66.44353569089877,-11.25,19,0
71464,9,60.43443884495228,9.0,14,0
71465,9,60.43443884495228,27.0,16,0
71466,9,60.43443884495228,45.0,19,0
71467,9,60.43443884495228,63.0,17,0
71468,9,60.43443884495228,81.0,20,0
71469,9,60.43443884495228,99.0,16,0
71470,9,60.43443884495228,117.0,14,0
71471,9,60.43443884495228,135.0,14,0
71472,9,60.43443884495228,153.0,12,0
71473,9,60.43443884495228,171.0,16,0
71474,9,60.43443884495228,-171.0,11,0
71475,9,60.43443884495228,-153.0,15,0
71476,9,60.43443884495228,-135.0,18,0
71477,9,60.43443884495228,-117.0,10,0
71478,9,60.43443884495228,-99.0,19,0
71479,9,60.43443884495228,-81.0,17,0
71480,9,60.43443884495228,-63.0,10,0
71481,9,60.43443884495228,-45.0,17,0
71482,9,60.43443884495228,-27.0,15,0
71483,9,60.43443884495228,-9.0,16,0
71484,9,54.340912303861245,7.5,23,0
71485,9,54.340912303861245,22.5,13,0
71486,9,54.340912303861245,37.5,18,0
71487,9,54.340912303861245,52.5,13,0
71488,9,54.340912303861245,67.5,19,0
71489,9,54.340912303861245,82.5,15,0
71490,9,54.340912303861245,97.5,21,0
71491,9,54.340912303861245,112.5,17,0
71492,9,54.340912303861245,127.5,14,0
71493,9,54.340912303861245,142.5,17,0
71494,9,54.340912303861245,157.5,21,0
71495,9,54.340912303861245,172.5,19,0
71496,9,54.340912303861245,-172.5,11,0
71497,9,54.340912303861245,-157.5,17,0
71498,9,54.340912303861245,-142.5,16,0
71499,9,54.340912303861245,-127.5,10,0
71500,9,54.340912303861245,-112.5,18,0
71501,9,54.340912303861245,-97.5,15,0
71502,9,54.340912303861245,-82.5,24,0
71503,9,54.340912303861245,-67.5,13,0
71504,9,54.340912303861245,-52.50000000000006,18,0
71505,9,54.340912303861245,-37.5,22,0
71506,9,54.340912303861245,-22.5,22,0
71507,9,54.340912303861245,-7.5,14,0
71508,9,48.141207794360284,6.428571428571416,15,0
71509,9,48.141207794360284,19.285714285714278,19,0
71510,9,48.141207794360284,32.14285714285714,14,0
71511,9,48.141207794360284,45.0,16,0
71512,9,48.141207794360284,57.85714285714286,19,0
71513,9,48.141207794360284,70.71428571428572,26,0
71514,9,48.141207794360284,83.57142857142856,24,0
71515,9,48.141207794360284,96.42857142857144,24,0
71516,9,48.141207794360284,109.28571428571428,18,0
71517,9,48.141207794360284,122.14285714285711,20,0
71518,9,48.141207794360284,135.0,13,0
71519,9,48.141207794360284,147.8571428571429,18,0
71520,9,48.141207794360284,160.71428571428572,16,0
71521,9,48.141207794360284,173.57142857142856,15,0
71522,9,48.141207794360284,-173.57142857142856,15,0
71523,9,48.141207794360284,-160.71428571428572,21,0
71524,9,48.141207794360284,-147.8571428571429,21,0
71525,9,48.141207794360284,-135.0,21,0
71526,9,48.141207794360284,-122.14285714285711,23,0
71527,9,48.141207794360284,-109.28571428571428,18,0
71528,9,48.141207794360284,-96.42857142857144,24,0
71529,9,48.141207794360284,-83.57142857142856,25,0
71530,9,48.141207794360284,-70.71428571428572,13,0
71531,9,48.141207794360284,-57.85714285714283,13,0
71532,9,48.141207794360284,-45.0,14,0
71533,9,48.141207794360284,-32.14285714285717,27,0
71534,9,48.141207794360284,-19.28571428571422,24,0
71535,9,48.141207794360284,-6.428571428571445,17,0
71536,9,41.81031489577859,5.625,12,0
71537,9,41.81031489577859,16.875,19,0
71538,9,41.81031489577859,28.125,23,0
71539,9,41.81031489577859,39.375,14,0
71540,9,41.81031489577859,50.625,26,0
71541,9,41.81031489577859,61.875,10,0
71542,9,41.81031489577859,73.125,20,0
71543,9,41.81031489577859,84.375,27,0
71544,9,41.81031489577859,95.625,25,0
71545,9,41.81031489577859,106.875,12,0
71546,9,41.81031489577859,118.125,21,0
71547,9,41.81031489577859,129.375,6,0
71548,9,41.81031489577859,140.625,18,0
71549,9,41.81031489577859,151.875,18,0
71550,9,41.81031489577859,163.125,23,0
71551,9,41.81031489577859,174.375,17,0
71552,9,41.81031489577859,-174.375,20,0
71553,9,41.81031489577859,-163.125,21,0
71554,9,41.81031489577859,-151.875,12,0
71555,9,41.81031489577859,-140.625,18,0
71556,9,41.81031489577859,-129.37500000000006,22,0
71557,9,41.81031489577859,-118.125,20,0
71558,9,41.81031489577859,-106.875,18,0
71559,9,41.81031489577859,-95.625,22,0
71560,9,41.81031489577859,-84.375,12,0
71561,9,41.81031489577859,-73.12500000000006,15,0
71562,9,41.81031489577859,-61.875,12,0
71563,9,41.81031489577859,-50.625,14,0
71564,9,41.81031489577859,-39.375,15,0
71565,9,41.81031489577859,-28.125,14,0
71566,9,41.81031489577859,-16.875,19,0
71567,9,41.81031489577859,-5.625,14,0
71568,9,35.68533471265204,0.0,17,0
71569,9,35.68533471265204,11.25,18,0
71570,9,35.68533471265204,22.5,10,0
71571,9,35.68533471265204,33.75,14,0
71572,9,35.68533471265204,45.0,20,0
71573,9,35.68533471265204,56.25,25,0
71574,9,35.68533471265204,67.5,7,0
71575,9,35.68533471265204,78.75,12,0
71576,9,35.68533471265204,90.0,22,1
71577,9,35.68533471265204,101.25,21,0
71578,9,35.68533471265204,112.5,16,0
71579,9,35.68533471265204,123.75,10,0
71580,9,35.68533471265204,135.0,16,0
71581,9,35.68533471265204,146.25,30,0
71582,9,35.68533471265204,157.5,17,0
71583,9,35.68533471265204,168.75,14,0
71584,9,35.68533471265204,-180.0,18,0
71585,9,35.68533471265204,-168.75,22,0
71586,9,35.68533471265204,-157.5,18,0
71587,9,35.68533471265204,-146.25,13,0
71588,9,35.68533471265204,-135.0,14,0
71589,9,35.68533471265204,-123.75,17,0
71590,9,35.68533471265204,-112.5,26,0
71591,9,35.68533471265204,-101.25,27,0
71592,9,35.68533471265204,-90.0,13,0
71593,9,35.68533471265204,-78.75000000000006,15,0
71594,9,35.68533471265204,-67.5,10,0
71595,9,35.68533471265204,-56.25,10,0
71596,9,35.68533471265204,-45.0,16,1
71597,9,35.68533471265204,-33.75000000000006,17,1
71598,9,35.68533471265204,-22.5,12,0
71599,9,35.68533471265204,-11.25,20,0
71600,9,30.000000000000007,5.625,12,0
71601,9,30.000000000000007,16.875,17,0
71602,9,30.000000000000007,28.125,14,0
71603,9,30.000000000000007,39.375,16,0
71604,9,30.000000000000007,50.625,17,0
71605,9,30.000000000000007,61.875,15,0
71606,9,30.000000000000007,73.125,18,0
71607,9,30.000000000000007,84.375,17,1
71608,9,30.000000000000007,95.625,17,0
71609,9,30.000000000000007,106.875,16,0
71610,9,30.000000000000007,118.125,15,0
71611,9,30.000000000000007,129.375,13,0
71612,9,30.000000000000007,140.625,21,0
71613,9,30.000000000000007,151.875,25,0
71614,9,30.000000000000007,163.125,10,0
71615,9,30.000000000000007,174.375,15,0
71616,9,30.000000000000007,-174.375,16,0
71617,9,30.000000000000007,-163.125,22,0
71618,9,30.000000000000007,-151.875,15,0
71619,9,30.000000000000007,-140.625,16,0
71620,9,30.000000000000007,-129.37500000000006,16,0
71621,9,30.000000000000007,-118.125,15,0
71622,9,30.000000000000007,-106.875,30,0
71623,9,30.000000000000007,-95.625,20,0
71624,9,30.000000000000007,-84.375,15,0
71625,9,30.000000000000007,-73.12500000000006,13,0
71626,9,30.000000000000007,-61.875,13,0
71627,9,30.000000000000007,-50.625,9,0
71628,9,30.000000000000007,-39.375,22,1
71629,9,30.000000000000007,-28.125,16,0
71630,9,30.000000000000007,-16.875,12,0
71631,9,30.000000000000007,-5.625,18,0
71632,9,24.62431835216408,0.0,16,0
71633,9,24.62431835216408,11.25,16,0
71634,9,24.62431835216408,22.5,19,0
71635,9,24.62431835216408,33.75,18,0
71636,9,24.62431835216408,45.0,19,0
71637,9,24.62431835216408,56.25,16,0
71638,9,24.62431835216408,67.5,21,0
71639,9,24.62431835216408,78.75,17,0
71640,9,24.62431835216408,90.0,18,0
71641,9,24.62431835216408,101.25,17,0
71642,9,24.62431835216408,112.5,18,0
71643,9,24.62431835216408,123.75,14,0
71644,9,24.62431835216408,135.0,16,0
71645,9,24.62431835216408,146.25,16,0
71646,9,24.62431835216408,157.5,22,0
71647,9,24.62431835216408,168.75,19,0
71648,9,24.62431835216408,-180.0,13,0
71649,9,24.62431835216408,-168.75,19,0
71650,9,24.62431835216408,-157.5,15,0
71651,9,24.62431835216408,-146.25,21,0
71652,9,24.62431835216408,-135.0,18,0
71653,9,24.62431835216408,-123.75,12,1
71654,9,24.62431835216408,-112.5,21,0
71655,9,24.62431835216408,-101.25,17,0
71656,9,24.62431835216408,-90.0,9,0
71657,9,24.62431835216408,-78.75000000000006,17,0
71658,9,24.62431835216408,-67.5,26,0
71659,9,24.62431835216408,-56.25,16,0
71660,9,24.62431835216408,-45.0,15,0
71661,9,24.62431835216408,-33.75000000000006,12,0
71662,9,24.62431835216408,-22.5,14,0
71663,9,24.62431835216408,-11.25,17,0
71664,9,19.47122063449069,5.625,19,0
71665,9,19.47122063449069,16.875,17,0
71666,9,19.47122063449069,28.125,11,0
71667,9,19.47122063449069,39.375,18,0
71668,9,19.47122063449069,50.625,16,0
71669,9,19.47122063449069,61.875,14,0
71670,9,19.47122063449069,73.125,17,0
71671,9,19.47122063449069,84.375,18,0
71672,9,19.47122063449069,95.625,19,0
71673,9,19.47122063449069,106.875,11,0
71674,9,19.47122063449069,118.125,18,0
71675,9,19.47122063449069,129.375,18,0
71676,9,19.47122063449069,140.625,17,0
71677,9,19.47122063449069,151.875,20,0
71678,9,19.47122063449069,163.125,22,0
71679,9,19.47122063449069,174.375,15,0
71680,9,19.47122063449069,-174.375,19,0
71681,9,19.47122063449069,-163.125,19,0
71682,9,19.47122063449069,-151.875,17,0
71683,9,19.47122063449069,-140.625,20,0
71684,9,19.47122063449069,-129.37500000000006,23,1
71685,9,19.47122063449069,-118.125,14,0
71686,9,19.47122063449069,-106.875,11,0
71687,9,19.47122063449069,-95.625,21,0
71688,9,19.47122063449069,-84.375,12,0
71689,9,19.47122063449069,-73.12500000000006,12,0
71690,9,19.47122063449069,-61.875,25,0
71691,9,19.47122063449069,-50.625,20,0
71692,9,19.47122063449069,-39.375,17,0
71693,9,19.47122063449069,-28.125,23,0
71694,9,19.47122063449069,-16.875,16,0
71695,9,19.47122063449069,-5.625,22,0
71696,9,14.477512185929925,0.0,21,0
71697,9,14.477512185929925,11.25,19,0
71698,9,14.477512185929925,22.5,18,0
71699,9,14.477512185929925,33.75,12,0
71700,9,14.477512185929925,45.0,17,0
71701,9,14.477512185929925,56.25,14,0
71702,9,14.477512185929925,67.5,18,0
71703,9,14.477512185929925,78.75,21,0
71704,9,14.477512185929925,90.0,22,0
71705,9,14.477512185929925,101.25,14,0
71706,9,14.477512185929925,112.5,16,0
71707,9,14.477512185929925,123.75,19,0
71708,9,14.477512185929925,135.0,11,0
71709,9,14.477512185929925,146.25,15,0
71710,9,14.477512185929925,157.5,17,0
71711,9,14.477512185929925,168.75,17,0
71712,9,14.477512185929925,-180.0,20,1
71713,9,14.477512185929925,-168.75,19,0
71714,9,14.477512185929925,-157.5,11,0
71715,9,14.477512185929925,-146.25,16,0
71716,9,14.477512185929925,-135.0,17,0
71717,9,14.477512185929925,-123.75,17,0
71718,9,14.477512185929925,-112.5,14,0
71719,9,14.477512185929925,-101.25,20,0
71720,9,14.477512185929925,-90.0,14,0
71721,9,14.477512185929925,-78.75000000000006,9,0
71722,9,14.477512185929925,-67.5,11,0
71723,9,14.477512185929925,-56.25,18,0
71724,9,14.477512185929925,-45.0,23,0
71725,9,14.477512185929925,-33.75000000000006,22,0
71726,9,14.477512185929925,-22.5,17,0
71727,9,14.477512185929925,-11.25,18,0
71728,9,9.594068226860458,5.625,17,0
71729,9,9.594068226860458,16.875,17,0
71730,9,9.594068226860458,28.125,24,0
71731,9,9.594068226860458,39.375,18,0
71732,9,9.594068226860458,50.625,25,0
71733,9,9.594068226860458,61.875,18,0
71734,9,9.594068226860458,73.125,16,0
71735,9,9.594068226860458,84.375,25,0
71736,9,9.594068226860458,95.625,13,0
71737,9,9.594068226860458,106.875,18,0
71738,9,9.594068226860458,118.125,15,2
71739,9,9.594068226860458,129.375,13,0
71740,9,9.594068226860458,140.625,19,0
71741,9,9.594068226860458,151.875,13,0
71742,9,9.594068226860458,163.125,26,0
71743,9,9.594068226860458,174.375,20,0
71744,9,9.594068226860458,-174.375,17,1
71745,9,9.594068226860458,-163.125,23,0
71746,9,9.594068226860458,-151.875,14,0
71747,9,9.594068226860458,-140.625,15,0
71748,9,9.594068226860458,-129.37500000000006,20,0
71749,9,9.594068226860458,-118.125,15,0
71750,9,9.594068226860458,-106.875,14,0
71751,9,9.594068226860458,-95.625,15,0
71752,9,9.594068226860458,-84.375,14,0
71753,9,9.594068226860458,-73.12500000000006,12,0
71754,9,9.594068226860458,-61.875,18,0
71755,9,9.594068226860458,-50.625,17,0
71756,9,9.594068226860458,-39.375,19,0
71757,9,9.594068226860458,-28.125,10,0
71758,9,9.594068226860458,-16.875,14,0
71759,9,9.594068226860458,-5.625,17,0
71760,9,4.780191847199163,0.0,20,2
71761,9,4.780191847199163,11.25,15,0
71762,9,4.780191847199163,22.5,16,1
71763,9,4.780191847199163,33.75,21,0
71764,9,4.780191847199163,45.0,25,4
71765,9,4.780191847199163,56.25,17,1
71766,9,4.780191847199163,67.5,21,4
71767,9,4.780191847199163,78.75,10,2
71768,9,4.780191847199163,90.0,27,3
71769,9,4.780191847199163,101.25,15,0
71770,9,4.780191847199163,112.5,18,0
71771,9,4.780191847199163,123.75,18,3
71772,9,4.780191847199163,135.0,19,0
71773,9,4.780191847199163,146.25,15,3
71774,9,4.780191847199163,157.5,24,3
71775,9,4.780191847199163,168.75,16,4
71776,9,4.780191847199163,-180.0,18,0
71777,9,4.780191847199163,-168.75,12,1
71778,9,4.780191847199163,-157.5,17,1
71779,9,4.780191847199163,-146.25,12,1
71780,9,4.780191847199163,-135.0,14,5
71781,9,4.780191847199163,-123.75,13,2
71782,9,4.780191847199163,-112.5,19,3
71783,9,4.780191847199163,-101.25,16,0
71784,9,4.780191847199163,-90.0,12,1
71785,9,4.780191847199163,-78.75000000000006,30,2
71786,9,4.780191847199163,-67.5,21,2
71787,9,4.780191847199163,-56.25,15,5
71788,9,4.780191847199163,-45.0,14,4
71789,9,4.780191847199163,-33.75000000000006,10,3
71790,9,4.780191847199163,-22.5,18,4
71791,9,4.780191847199163,-11.25,13,1
71792,9,0.0,5.625,15,4
71793,9,0.0,16.875,19,4
71794,9,0.0,28.125,17,2
71795,9,0.0,39.375,19,4
71796,9,0.0,50.625,22,5
71797,9,0.0,61.875,18,4
71798,9,0.0,73.125,15,7
71799,9,0.0,84.375,17,3
71800,9,0.0,95.625,17,1
71801,9,0.0,106.875,19,3
71802,9,0.0,118.125,22,3
71803,9,0.0,129.375,15,0
71804,9,0.0,140.625,15,2
71805,9,0.0,151.875,12,1
71806,9,0.0,163.125,13,8
71807,9,0.0,174.375,17,2
71808,9,0.0,-174.375,23,2
71809,9,0.0,-163.125,25,3
71810,9,0.0,-151.875,10,0
71811,9,0.0,-140.625,12,4
71812,9,0.0,-129.37500000000006,15,4
71813,9,0.0,-118.125,18,4
71814,9,0.0,-106.875,11,2
71815,9,0.0,-95.625,14,3
71816,9,0.0,-84.375,19,5
71817,9,0.0,-73.12500000000006,28,1
71818,9,0.0,-61.875,18,4
71819,9,0.0,-50.625,19,9
71820,9,0.0,-39.375,14,5
71821,9,0.0,-28.125,20,5
71822,9,0.0,-16.875,11,0
71823,9,0.0,-5.625,19,3
71824,9,-4.780191847199163,0.0,21,1
71825,9,-4.780191847199163,11.25,20,1
71826,9,-4.780191847199163,22.5,27,2
71827,9,-4.780191847199163,33.75,21,2
71828,9,-4.780191847199163,45.0,19,5
71829,9,-4.780191847199163,56.25,19,2
71830,9,-4.780191847199163,67.5,17,4
71831,9,-4.780191847199163,78.75,10,2
71832,9,-4.780191847199163,90.0,20,2
71833,9,-4.780191847199163,101.25,20,0
71834,9,-4.780191847199163,112.5,26,1
71835,9,-4.780191847199163,123.75,24,1
71836,9,-4.780191847199163,135.0,15,1
71837,9,-4.780191847199163,146.25,15,1
71838,9,-4.780191847199163,157.5,14,2
71839,9,-4.780191847199163,168.75,14,3
71840,9,-4.780191847199163,-180.0,14,1
71841,9,-4.780191847199163,-168.75,23,1
71842,9,-4.780191847199163,-157.5,19,1
71843,9,-4.780191847199163,-146.25,14,0
71844,9,-4.780191847199163,-135.0,19,4
71845,9,-4.780191847199163,-123.75,19,2
71846,9,-4.780191847199163,-112.5,16,0
71847,9,-4.780191847199163,-101.25,9,1
71848,9,-4.780191847199163,-90.0,15,6
71849,9,-4.780191847199163,-78.75000000000006,21,1
71850,9,-4.780191847199163,-67.5,21,0
71851,9,-4.780191847199163,-56.25,22,3
71852,9,-4.780191847199163,-45.0,18,2
71853,9,-4.780191847199163,-33.75000000000006,17,3
71854,9,-4.780191847199163,-22.5,14,1
71855,9,-4.780191847199163,-11.25,10,1
71856,9,-9.594068226860458,5.625,19,0
71857,9,-9.594068226860458,16.875,15,1
71858,9,-9.594068226860458,28.125,20,0
71859,9,-9.594068226860458,39.375,15,1
71860,9,-9.594068226860458,50.625,19,0
71861,9,-9.594068226860458,61.875,15,0
71862,9,-9.594068226860458,73.125,20,0
71863,9,-9.594068226860458,84.375,12,0
71864,9,-9.594068226860458,95.625,17,0
71865,9,-9.594068226860458,106.875,16,0
71866,9,-9.594068226860458,118.125,26,0
71867,9,-9.594068226860458,129.375,18,0
71868,9,-9.594068226860458,140.625,14,0
71869,9,-9.594068226860458,151.875,24,0
71870,9,-9.594068226860458,163.125,13,0
71871,9,-9.594068226860458,174.375,18,0
71872,9,-9.594068226860458,-174.375,19,0
71873,9,-9.594068226860458,-163.125,21,0
71874,9,-9.594068226860458,-151.875,9,0
71875,9,-9.594068226860458,-140.625,11,0
71876,9,-9.594068226860458,-129.37500000000006,13,0
71877,9,-9.594068226860458,-118.125,13,0
71878,9,-9.594068226860458,-106.875,18,0
71879,9,-9.594068226860458,-95.625,19,0
71880,9,-9.594068226860458,-84.375,20,0
71881,9,-9.594068226860458,-73.12500000000006,16,0
71882,9,-9.594068226860458,-61.875,18,0
71883,9,-9.594068226860458,-50.625,24,0
71884,9,-9.594068226860458,-39.375,14,0
71885,9,-9.594068226860458,-28.125,23,0
71886,9,-9.594068226860458,-16.875,18,0
71887,9,-9.594068226860458,-5.625,18,0
71888,9,-14.477512185929925,0.0,12,1
71889,9,-14.477512185929925,11.25,19,1
71890,9,-14.477512185929925,22.5,14,0
71891,9,-14.477512185929925,33.75,13,0
71892,9,-14.477512185929925,45.0,19,0
71893,9,-14.477512185929925,56.25,21,0
71894,9,-14.477512185929925,67.5,17,0
71895,9,-14.477512185929925,78.75,18,0
71896,9,-14.477512185929925,90.0,18,0
71897,9,-14.477512185929925,101.25,13,0
71898,9,-14.477512185929925,112.5,13,0
71899,9,-14.477512185929925,123.75,24,0
71900,9,-14.477512185929925,135.0,16,0
71901,9,-14.477512185929925,146.25,21,0
71902,9,-14.477512185929925,157.5,13,0
71903,9,-14.477512185929925,168.75,19,0
71904,9,-14.477512185929925,-180.0,23,0
71905,9,-14.477512185929925,-168.75,20,0
71906,9,-14.477512185929925,-157.5,16,0
71907,9,-14.477512185929925,-146.25,15,0
71908,9,-14.477512185929925,-135.0,17,0
71909,9,-14.477512185929925,-123.75,11,0
71910,9,-14.477512185929925,-112.5,11,0
71911,9,-14.477512185929925,-101.25,25,0
71912,9,-14.477512185929925,-90.0,23,0
71913,9,-14.477512185929925,-78.75000000000006,22,0
71914,9,-14.477512185929925,-67.5,21,0
71915,9,-14.477512185929925,-56.25,26,0
71916,9,-14.477512185929925,-45.0,11,0
71917,9,-14.477512185929925,-33.75000000000006,16,0
71918,9,-14.477512185929925,-22.5,18,1
71919,9,-14.477512185929925,-11.25,9,0
71920,9,-19.47122063449069,5.625,11,0
71921,9,-19.47122063449069,16.875,19,0
71922,9,-19.47122063449069,28.125,15,0
71923,9,-19.47122063449069,39.375,17,0
71924,9,-19.47122063449069,50.625,22,0
71925,9,-19.47122063449069,61.875,21,0
71926,9,-19.47122063449069,73.125,17,0
71927,9,-19.47122063449069,84.375,24,0
71928,9,-19.47122063449069,95.625,12,0
71929,9,-19.47122063449069,106.875,10,0
71930,9,-19.47122063449069,118.125,17,0
71931,9,-19.47122063449069,129.375,19,0
71932,9,-19.47122063449069,140.625,19,0
71933,9,-19.47122063449069,151.875,23,0
71934,9,-19.47122063449069,163.125,12,0
71935,9,-19.47122063449069,174.375,18,1
71936,9,-19.47122063449069,-174.375,17,0
71937,9,-19.47122063449069,-163.125,22,0
71938,9,-19.47122063449069,-151.875,19,0
71939,9,-19.47122063449069,-140.625,18,0
71940,9,-19.47122063449069,-129.37500000000006,12,0
71941,9,-19.47122063449069,-118.125,17,0
71942,9,-19.47122063449069,-106.875,17,0
71943,9,-19.47122063449069,-95.625,19,0
71944,9,-19.47122063449069,-84.375,17,0
71945,9,-19.47122063449069,-73.12500000000006,21,0
71946,9,-19.47122063449069,-61.875,23,0
71947,9,-19.47122063449069,-50.625,24,0
71948,9,-19.47122063449069,-39.375,20,0
71949,9,-19.47122063449069,-28.125,12,0
71950,9,-19.47122063449069,-16.875,12,1
71951,9,-19.47122063449069,-5.625,9,1
71952,9,-24.62431835216408,0.0,17,0
71953,9,-24.62431835216408,11.25,15,0
71954,9,-24.62431835216408,22.5,22,0
71955,9,-24.62431835216408,33.75,18,0
71956,9,-24.62431835216408,45.0,20,0
71957,9,-24.62431835216408,56.25,25,0
71958,9,-24.62431835216408,67.5,19,0
71959,9,-24.62431835216408,78.75,22,0
71960,9,-24.62431835216408,90.0,18,0
71961,9,-24.62431835216408,101.25,15,0
71962,9,-24.62431835216408,112.5,12,0
71963,9,-24.62431835216408,123.75,16,0
71964,9,-24.62431835216408,135.0,20,0
71965,9,-24.62431835216408,146.25,13,0
71966,9,-24.62431835216408,157.5,17,0
71967,9,-24.62431835216408,168.75,11,0
71968,9,-24.62431835216408,-180.0,18,1
71969,9,-24.62431835216408,-168.75,15,0
71970,9,-24.62431835216408,-157.5,17,0
71971,9,-24.62431835216408,-146.25,27,0
71972,9,-24.62431835216408,-135.0,22,0
71973,9,-24.62431835216408,-123.75,15,0
71974,9,-24.62431835216408,-112.5,16,0
71975,9,-24.62431835216408,-101.25,13,0
71976,9,-24.62431835216408,-90.0,19,0
71977,9,-24.62431835216408,-78.75000000000006,17,0
71978,9,-24.62431835216408,-67.5,17,0
71979,9,-24.62431835216408,-56.25,14,0
71980,9,-24.62431835216408,-45.0,19,0
71981,9,-24.62431835216408,-33.75000000000006,16,1
71982,9,-24.62431835216408,-22.5,13,0
71983,9,-24.62431835216408,-11.25,16,0
71984,9,-30.000000000000014,5.625,17,0
71985,9,-30.000000000000014,16.875,18,0
71986,9,-30.000000000000014,28.125,17,0
71987,9,-30.000000000000014,39.375,18,0
71988,9,-30.000000000000014,50.625,20,0
71989,9,-30.000000000000014,61.875,20,0
71990,9,-30.000000000000014,73.125,19,0
71991,9,-30.000000000000014,84.375,17,0
71992,9,-30.000000000000014,95.625,20,0
71993,9,-30.000000000000014,106.875,23,0
71994,9,-30.000000000000014,118.125,17,0
71995,9,-30.000000000000014,129.375,16,0
71996,9,-30.000000000000014,140.625,18,0
71997,9,-30.000000000000014,151.875,15,0
71998,9,-30.000000000000014,163.125,11,0
71999,9,-30.000000000000014,174.375,22,0
72000,9,-30.000000000000014,-174.375,16,0
72001,9,-30.000000000000014,-163.125,16,0
72002,9,-30.000000000000014,-151.875,20,0
72003,9,-30.000000000000014,-140.625,17,0
72004,9,-30.000000000000014,-129.37500000000006,20,0
72005,9,-30.000000000000014,-118.125,20,0
72006,9,-30.000000000000014,-106.875,13,0
72007,9,-30.000000000000014,-95.625,17,0
72008,9,-30.000000000000014,-84.375,19,0
72009,9,-30.000000000000014,-73.12500000000006,20,0
72010,9,-30.000000000000014,-61.875,13,0
72011,9,-30.000000000000014,-50.625,17,0
72012,9,-30.000000000000014,-39.375,19,0
72013,9,-30.000000000000014,-28.125,22,1
72014,9,-30.000000000000014,-16.875,20,0
72015,9,-30.000000000000014,-5.625,15,0
72016,9,-35.68533471265205,0.0,15,0
72017,9,-35.68533471265205,11.25,14,0
72018,9,-35.68533471265205,22.5,14,0
72019,9,-35.68533471265205,33.75,15,0
72020,9,-35.68533471265205,45.0,16,0
72021,9,-35.68533471265205,56.25,13,0
72022,9,-35.68533471265205,67.5,19,0
72023,9,-35.68533471265205,78.75,13,0
72024,9,-35.68533471265205,90.0,11,0
72025,9,-35.68533471265205,101.25,14,0
72026,9,-35.68533471265205,112.5,17,0
72027,9,-35.68533471265205,123.75,21,0
72028,9,-35.68533471265205,135.0,18,0
72029,9,-35.68533471265205,146.25,15,0
72030,9,-35.68533471265205,157.5,15,0
72031,9,-35.68533471265205,168.75,16,0
72032,9,-35.68533471265205,-180.0,16,0
72033,9,-35.68533471265205,-168.75,16,0
72034,9,-35.68533471265205,-157.5,12,0
72035,9,-35.68533471265205,-146.25,20,0
72036,9,-35.68533471265205,-135.0,16,0
72037,9,-35.68533471265205,-123.75,20,0
72038,9,-35.68533471265205,-112.5,21,0
72039,9,-35.68533471265205,-101.25,19,0
72040,9,-35.68533471265205,-90.0,16,0
72041,9,-35.68533471265205,-78.75000000000006,17,0
72042,9,-35.68533471265205,-67.5,18,0
72043,9,-35.68533471265205,-56.25,18,0
72044,9,-35.68533471265205,-45.0,18,0
72045,9,-35.68533471265205,-33.75000000000006,31,0
72046,9,-35.68533471265205,-22.5,23,0
72047,9,-35.68533471265205,-11.25,20,0
72048,9,-41.81031489577862,5.625,16,0
72049,9,-41.81031489577862,16.875,14,0
72050,9,-41.81031489577862,28.125,10,0
72051,9,-41.81031489577862,39.375,20,0
72052,9,-41.81031489577862,50.625,25,0
72053,9,-41.81031489577862,61.875,21,0
72054,9,-41.81031489577862,73.125,13,0
72055,9,-41.81031489577862,84.375,10,0
72056,9,-41.81031489577862,95.625,20,0
72057,9,-41.81031489577862,106.875,17,0
72058,9,-41.81031489577862,118.125,15,0
72059,9,-41.81031489577862,129.375,18,0
72060,9,-41.81031489577862,140.625,16,0
72061,9,-41.81031489577862,151.875,13,0
72062,9,-41.81031489577862,163.125,16,0
72063,9,-41.81031489577862,174.375,21,0
72064,9,-41.81031489577862,-174.375,17,0
72065,9,-41.81031489577862,-163.125,16,0
72066,9,-41.81031489577862,-151.875,10,0
72067,9,-41.81031489577862,-140.625,17,0
72068,9,-41.81031489577862,-129.37500000000006,13,0
72069,9,-41.81031489577862,-118.125,16,0
72070,9,-41.81031489577862,-106.875,23,0
72071,9,-41.81031489577862,-95.625,18,0
72072,9,-41.81031489577862,-84.375,16,0
72073,9,-41.81031489577862,-73.12500000000006,19,0
72074,9,-41.81031489577862,-61.875,19,0
72075,9,-41.81031489577862,-50.625,17,0
72076,9,-41.81031489577862,-39.375,22,0
72077,9,-41.81031489577862,-28.125,21,0
72078,9,-41.81031489577862,-16.875,14,0
72079,9,-41.81031489577862,-5.625,23,0
72080,9,-48.1412077943603,6.428571428571416,13,0
72081,9,-48.1412077943603,19.285714285714278,16,0
72082,9,-48.1412077943603,32.14285714285714,15,0
72083,9,-48.1412077943603,45.0,19,0
72084,9,-48.1412077943603,57.85714285714286,11,0
72085,9,-48.1412077943603,70.71428571428572,16,0
72086,9,-48.1412077943603,83.57142857142856,14,0
72087,9,-48.1412077943603,96.42857142857144,16,0
72088,9,-48.1412077943603,109.28571428571428,17,0
72089,9,-48.1412077943603,122.14285714285711,17,0
72090,9,-48.1412077943603,135.0,13,0
72091,9,-48.1412077943603,147.8571428571429,20,0
72092,9,-48.1412077943603,160.71428571428572,18,0
72093,9,-48.1412077943603,173.57142857142856,17,0
72094,9,-48.1412077943603,-173.57142857142856,16,0
72095,9,-48.1412077943603,-160.71428571428572,16,0
72096,9,-48.1412077943603,-147.8571428571429,16,0
72097,9,-48.1412077943603,-135.0,25,0
72098,9,-48.1412077943603,-122.14285714285711,22,0
72099,9,-48.1412077943603,-109.28571428571428,24,1
72100,9,-48.1412077943603,-96.42857142857144,15,0
72101,9,-48.1412077943603,-83.57142857142856,19,0
72102,9,-48.1412077943603,-70.71428571428572,20,0
72103,9,-48.1412077943603,-57.85714285714283,18,0
72104,9,-48.1412077943603,-45.0,24,0
72105,9,-48.1412077943603,-32.14285714285717,21,0
72106,9,-48.1412077943603,-19.28571428571422,12,0
72107,9,-48.1412077943603,-6.428571428571445,14,0
72108,9,-54.340912303861245,7.5,11,0
72109,9,-54.340912303861245,22.5,22,0
72110,9,-54.340912303861245,37.5,15,0
72111,9,-54.340912303861245,52.5,15,0
72112,9,-54.340912303861245,67.5,19,0
72113,9,-54.340912303861245,82.5,23,0
72114,9,-54.340912303861245,97.5,23,0
72115,9,-54.340912303861245,112.5,20,0
72116,9,-54.340912303861245,127.5,17,0
72117,9,-54.340912303861245,142.5,23,0
72118,9,-54.340912303861245,157.5,15,0
72119,9,-54.340912303861245,172.5,14,0
72120,9,-54.340912303861245,-172.5,18,0
72121,9,-54.340912303861245,-157.5,12,0
72122,9,-54.340912303861245,-142.5,19,0
72123,9,-54.340912303861245,-127.5,18,0
72124,9,-54.340912303861245,-112.5,15,0
72125,9,-54.340912303861245,-97.5,8,0
72126,9,-54.340912303861245,-82.5,11,0
72127,9,-54.340912303861245,-67.5,27,0
72128,9,-54.340912303861245,-52.50000000000006,18,0
72129,9,-54.340912303861245,-37.5,13,0
72130,9,-54.340912303861245,-22.5,16,0
72131,9,-54.340912303861245,-7.5,19,0
72132,9,-60.4344388449523,9.0,16,0
72133,9,-60.4344388449523,27.0,21,0
72134,9,-60.4344388449523,45.0,18,0
72135,9,-60.4344388449523,63.0,25,0
72136,9,-60.4344388449523,81.0,18,0
72137,9,-60.4344388449523,99.0,12,0
72138,9,-60.4344388449523,117.0,26,0
72139,9,-60.4344388449523,135.0,14,0
72140,9,-60.4344388449523,153.0,20,0
72141,9,-60.4344388449523,171.0,18,0
72142,9,-60.4344388449523,-171.0,21,0
72143,9,-60.4344388449523,-153.0,15,0
72144,9,-60.4344388449523,-135.0,20,0
72145,9,-60.4344388449523,-117.0,22,0
72146,9,-60.4344388449523,-99.0,12,0
72147,9,-60.4344388449523,-81.0,10,0
72148,9,-60.4344388449523,-63.0,30,0
72149,9,-60.4344388449523,-45.0,13,0
72150,9,-60.4344388449523,-27.0,9,0
72151,9,-60.4344388449523,-9.0,23,0
72152,9,-66.44353569089876,11.25,21,0
72153,9,-66.44353569089876,33.75,23,0
72154,9,-66.44353569089876,56.25,20,0
72155,9,-66.44353569089876,78.75,16,0
72156,9,-66.44353569089876,101.25,14,0
72157,9,-66.44353569089876,123.75,17,0
72158,9,-66.44353569089876,146.25,15,0
72159,9,-66.44353569089876,168.75,12,0
72160,9,-66.44353569089876,-168.75,24,0
72161,9,-66.44353569089876,-146.25,19,0
72162,9,-66.44353569089876,-123.75,21,0
72163,9,-66.44353569089876,-101.25,22,0
72164,9,-66.44353569089876,-78.75,14,0
72165,9,-66.44353569089876,-56.25,21,0
72166,9,-66.44353569089876,-33.75,15,0
72167,9,-66.44353569089876,-11.25,16,0
72168,9,-72.38756092964962,15.0,17,0
72169,9,-72.38756092964962,45.0,21,0
72170,9,-72.38756092964962,75.0,20,0
72171,9,-72.38756092964962,105.0,16,0
72172,9,-72.38756092964962,135.0,12,0
72173,9,-72.38756092964962,165.0,12,0
72174,9,-72.38756092964962,-165.0,16,0
72175,9,-72.38756092964962,-135.0,18,0
72176,9,-72.38756092964962,-105.0,21,0
72177,9,-72.38756092964962,-75.0,20,0
72178,9,-72.38756092964962,-45.0,16,0
72179,9,-72.38756092964962,-15.0,17,0
72180,9,-78.28414760510762,22.5,23,0
72181,9,-78.28414760510762,67.5,17,0
72182,9,-78.28414760510762,112.5,14,0
72183,9,-78.28414760510762,157.5,17,0
72184,9,-78.28414760510762,-157.5,15,0
72185,9,-78.28414760510762,-112.5,11,0
72186,9,-78.28414760510762,-67.5,20,0
72187,9,-78.28414760510762,-22.5,18,0
72188,9,-84.14973293629666,45.0,19,0
72189,9,-84.14973293629666,135.0,19,0
72190,9,-84.14973293629666,-135.0,13,0
72191,9,-84.14973293629666,-45.0,22,0
72192,9,84.14973293629666,45.0,14,0
72193,9,84.14973293629666,135.0,17,0
72194,9,84.14973293629666,-135.0,15,0
72195,9,84.14973293629666,-45.0,24,0
72196,9,78.28414760510762,22.5,12,0
72197,9,78.28414760510762,67.5,17,0
72198,9,78.28414760510762,112.5,19,0
72199,9,78.28414760510762,157.5,14,0
72200,9,78.28414760510762,-157.5,26,0
72201,9,78.28414760510762,-112.5,17,0
72202,9,78.28414760510762,-67.5,24,0
72203,9,78.28414760510762,-22.5,15,0
72204,9,72.38756092964962,15.0,13,0
72205,9,72.38756092964962,45.0,13,0
72206,9,72.38756092964962,75.0,23,0
72207,9,72.38756092964962,105.0,29,0
72208,9,72.38756092964962,135.0,14,0
72209,9,72.38756092964962,165.0,13,0
72210,9,72.38756092964962,-165.0,19,0
72211,9,72.38756092964962,-135.0,26,0
72212,9,72.38756092964962,-105.0,20,0
72213,9,72.38756092964962,-75.0,15,0
72214,9,72.38756092964962,-45.0,18,0
72215,9,72.38756092964962,-15.0,14,0
72216,9,66.44353569089877,11.25,16,0
72217,9,66.44353569089877,33.75,14,0
72218,9,66.44353569089877,56.25,15,0
72219,9,66.44353569089877,78.75,15,0
72220,9,66.44353569089877,101.25,21,0
72221,9,66.44353569089877,123.75,16,0
72222,9,66.44353569089877,146.25,17,0
72223,9,66.44353569089877,168.75,19,0
72224,9,66.44353569089877,-168.75,19,0
72225,9,66.44353569089877,-146.25,19,0
72226,9,66.44353569089877,-123.75,18,0
72227,9,66.44353569089877,-101.25,16,0
72228,9,66.44353569089877,-78.75,15,0
72229,9,66.44353569089877,-56.25,19,0
72230,9,66.44353569089877,-33.75,10,0
72231,9,66.44353569089877,-11.25,19,0
72232,9,60.43443884495228,9.0,14,0
72233,9,60.43443884495228,27.0,16,0
72234,9,60.43443884495228,45.0,19,0
72235,9,60.43443884495228,63.0,17,0
72236,9,60.43443884495228,81.0,20,0
72237,9,60.43443884495228,99.0,16,0
72238,9,60.43443884495228,117.0,14,0
72239,9,60.43443884495228,135.0,14,0
72240,9,60.43443884495228,153.0,12,0
72241,9,60.43443884495228,171.0,16,0
72242,9,60.43443884495228,-171.0,11,0
72243,9,60.43443884495228,-153.0,15,0
72244,9,60.43443884495228,-135.0,18,0
72245,9,60.43443884495228,-117.0,10,0
72246,9,60.43443884495228,-99.0,19,0
72247,9,60.43443884495228,-81.0,17,0
72248,9,60.43443884495228,-63.0,10,0
72249,9,60.43443884495228,-45.0,17,0
72250,9,60.43443884495228,-27.0,15,0
72251,9,60.43443884495228,-9.0,16,0
72252,9,54.340912303861245,7.5,23,0
72253,9,54.340912303861245,22.5,13,0
72254,9,54.340912303861245,37.5,18,0
72255,9,54.340912303861245,52.5,13,0
72256,9,54.340912303861245,67.5,19,0
72257,9,54.340912303861245,82.5,15,0
72258,9,54.340912303861245,97.5,21,0
72259,9,54.340912303861245,112.5,17,0
72260,9,54.340912303861245,127.5,14,0
72261,9,54.340912303861245,142.5,17,0
72262,9,54.340912303861245,157.5,21,0
72263,9,54.340912303861245,172.5,19,0
72264,9,54.340912303861245,-172.5,11,0
72265,9,54.340912303861245,-157.5,17,0
72266,9,54.340912303861245,-142.5,16,0
72267,9,54.340912303861245,-127.5,10,0
72268,9,54.340912303861245,-112.5,18,0
72269,9,54.340912303861245,-97.5,15,0
72270,9,54.340912303861245,-82.5,24,0
72271,9,54.340912303861245,-67.5,13,0
72272,9,54.340912303861245,-52.50000000000006,18,0
72273,9,54.340912303861245,-37.5,22,0
72274,9,54.340912303861245,-22.5,22,0
72275,9,54.340912303861245,-7.5,14,0
72276,9,48.141207794360284,6.428571428571416,15,0
72277,9,48.141207794360284,19.285714285714278,19,0
72278,9,48.141207794360284,32.14285714285714,14,0
72279,9,48.141207794360284,45.0,16,0
72280,9,48.141207794360284,57.85714285714286,19,0
72281,9,48.141207794360284,70.71428571428572,26,0
72282,9,48.141207794360284,83.57142857142856,24,0
72283,9,48.141207794360284,96.42857142857144,24,0
72284,9,48.141207794360284,109.28571428571428,18,0
72285,9,48.141207794360284,122.14285714285711,20,0
72286,9,48.141207794360284,135.0,13,0
72287,9,48.141207794360284,147.8571428571429,18,0
72288,9,48.141207794360284,160.71428571428572,16,0
72289,9,48.141207794360284,173.57142857142856,15,0
72290,9,48.141207794360284,-173.57142857142856,15,0
72291,9,48.141207794360284,-160.71428571428572,21,0
72292,9,48.141207794360284,-147.8571428571429,21,0
72293,9,48.141207794360284,-135.0,21,0
72294,9,48.141207794360284,-122.14285714285711,23,0
72295,9,48.141207794360284,-109.28571428571428,18,0
72296,9,48.141207794360284,-96.42857142857144,24,0
72297,9,48.141207794360284,-83.57142857142856,25,0
72298,9,48.141207794360284,-70.71428571428572,13,0
72299,9,48.141207794360284,-57.85714285714283,13,0
72300,9,48.141207794360284,-45.0,14,0
72301,9,48.141207794360284,-32.14285714285717,27,0
72302,9,48.141207794360284,-19.28571428571422,24,0
72303,9,48.141207794360284,-6.428571428571445,17,0
72304,9,41.81031489577859,5.625,12,0
72305,9,41.81031489577859,16.875,19,0
72306,9,41.81031489577859,28.125,23,0
72307,9,41.81031489577859,39.375,14,0
72308,9,41.81031489577859,50.625,26,0
72309,9,41.81031489577859,61.875,10,0
72310,9,41.81031489577859,73.125,20,0
72311,9,41.81031489577859,84.375,27,0
72312,9,41.81031489577859,95.625,25,0
72313,9,41.81031489577859,106.875,12,0
72314,9,41.81031489577859,118.125,21,0
72315,9,41.81031489577859,129.375,6,0
72316,9,41.81031489577859,140.625,18,0
72317,9,41.81031489577859,151.875,18,0
72318,9,41.81031489577859,163.125,23,0
72319,9,41.81031489577859,174.375,17,0
72320,9,41.81031489577859,-174.375,20,0
72321,9,41.81031489577859,-163.125,21,0
72322,9,41.81031489577859,-151.875,12,0
72323,9,41.81031489577859,-140.625,18,0
72324,9,41.81031489577859,-129.37500000000006,22,0
72325,9,41.81031489577859,-118.125,20,0
72326,9,41.81031489577859,-106.875,18,0
72327,9,41.81031489577859,-95.625,22,0
72328,9,41.81031489577859,-84.375,12,0
72329,9,41.81031489577859,-73.12500000000006,15,0
72330,9,41.81031489577859,-61.875,12,0
72331,9,41.81031489577859,-50.625,14,0
72332,9,41.81031489577859,-39.375,15,0
72333,9,41.81031489577859,-28.125,14,0
72334,9,41.81031489577859,-16.875,19,0
72335,9,41.81031489577859,-5.625,14,0
72336,9,35.68533471265204,0.0,17,0
72337,9,35.68533471265204,11.25,18,0
72338,9,35.68533471265204,22.5,10,0
72339,9,35.68533471265204,33.75,14,0
72340,9,35.68533471265204,45.0,20,0
72341,9,35.68533471265204,56.25,25,0
72342,9,35.68533471265204,67.5,7,0
72343,9,35.68533471265204,78.75,12,0
72344,9,35.68533471265204,90.0,22,1
72345,9,35.68533471265204,101.25,21,0
72346,9,35.68533471265204,112.5,16,0
72347,9,35.68533471265204,123.75,10,0
72348,9,35.68533471265204,135.0,16,0
72349,9,35.68533471265204,146.25,30,0
72350,9,35.68533471265204,157.5,17,0
72351,9,35.68533471265204,168.75,14,0
72352,9,35.68533471265204,-180.0,18,0
72353,9,35.68533471265204,-168.75,22,0
72354,9,35.68533471265204,-157.5,18,0
72355,9,35.68533471265204,-146.25,13,0
72356,9,35.68533471265204,-135.0,14,0
72357,9,35.68533471265204,-123.75,17,0
72358,9,35.68533471265204,-112.5,26,0
72359,9,35.68533471265204,-101.25,27,0
72360,9,35.68533471265204,-90.0,13,0
72361,9,35.68533471265204,-78.75000000000006,15,0
72362,9,35.68533471265204,-67.5,10,0
72363,9,35.68533471265204,-56.25,10,0
72364,9,35.68533471265204,-45.0,16,1
72365,9,35.68533471265204,-33.75000000000006,17,1
72366,9,35.68533471265204,-22.5,12,0
72367,9,35.68533471265204,-11.25,20,0
72368,9,30.000000000000007,5.625,12,0
72369,9,30.000000000000007,16.875,17,0
72370,9,30.000000000000007,28.125,14,0
72371,9,30.000000000000007,39.375,16,0
72372,9,30.000000000000007,50.625,17,0
72373,9,30.000000000000007,61.875,15,0
72374,9,30.000000000000007,73.125,18,0
72375,9,30.000000000000007,84.375,17,1
72376,9,30.000000000000007,95.625,17,0
72377,9,30.000000000000007,106.875,16,0
72378,9,30.000000000000007,118.125,15,0
72379,9,30.000000000000007,129.375,13,0
72380,9,30.000000000000007,140.625,21,0
72381,9,30.000000000000007,151.875,25,0
72382,9,30.000000000000007,163.125,10,0
72383,9,30.000000000000007,174.375,15,0
72384,9,30.000000000000007,-174.375,16,0
72385,9,30.000000000000007,-163.125,22,0
72386,9,30.000000000000007,-151.875,15,0
72387,9,30.000000000000007,-140.625,16,0
72388,9,30.000000000000007,-129.37500000000006,16,0
72389,9,30.000000000000007,-118.125,15,0
72390,9,30.000000000000007,-106.875,30,0
72391,9,30.000000000000007,-95.625,20,0
72392,9,30.000000000000007,-84.375,15,0
72393,9,30.000000000000007,-73.12500000000006,13,0
72394,9,30.000000000000007,-61.875,13,0
72395,9,30.000000000000007,-50.625,9,0
72396,9,30.000000000000007,-39.375,22,1
72397,9,30.000000000000007,-28.125,16,0
72398,9,30.000000000000007,-16.875,12,0
72399,9,30.000000000000007,-5.625,18,0
72400,9,24.62431835216408,0.0,16,0
72401,9,24.62431835216408,11.25,16,0
72402,9,24.62431835216408,22.5,19,0
72403,9,24.62431835216408,33.75,18,0
72404,9,24.62431835216408,45.0,19,0
72405,9,24.62431835216408,56.25,16,0
72406,9,24.62431835216408,67.5,21,0
72407,9,24.62431835216408,78.75,17,0
72408,9,24.62431835216408,90.0,18,0
72409,9,24.62431835216408,101.25,17,0
72410,9,24.62431835216408,112.5,18,0
72411,9,24.62431835216408,123.75,14,0
72412,9,24.62431835216408,135.0,16,0
72413,9,24.62431835216408,146.25,16,0
72414,9,24.62431835216408,157.5,22,0
72415,9,24.62431835216408,168.75,19,0
72416,9,24.62431835216408,-180.0,13,0
72417,9,24.62431835216408,-168.75,19,0
72418,9,24.62431835216408,-157.5,15,0
72419,9,24.62431835216408,-146.25,21,0
72420,9,24.62431835216408,-135.0,18,0
72421,9,24.62431835216408,-123.75,12,1
72422,9,24.62431835216408,-112.5,21,0
72423,9,24.62431835216408,-101.25,17,0
72424,9,24.62431835216408,-90.0,9,0
72425,9,24.62431835216408,-78.75000000000006,17,0
72426,9,24.62431835216408,-67.5,26,0
72427,9,24.62431835216408,-56.25,16,0
72428,9,24.62431835216408,-45.0,15,0
72429,9,24.62431835216408,-33.75000000000006,12,0
72430,9,24.62431835216408,-22.5,14,0
72431,9,24.62431835216408,-11.25,17,0
72432,9,19.47122063449069,5.625,19,0
72433,9,19.47122063449069,16.875,17,0
72434,9,19.47122063449069,28.125,11,0
72435,9,19.47122063449069,39.375,18,0
72436,9,19.47122063449069,50.625,16,0
72437,9,19.47122063449069,61.875,14,0
72438,9,19.47122063449069,73.125,17,0
72439,9,19.47122063449069,84.375,18,0
72440,9,19.47122063449069,95.625,19,0
72441,9,19.47122063449069,106.875,11,0
72442,9,19.47122063449069,118.125,18,0
72443,9,19.47122063449069,129.375,18,0
72444,9,19.47122063449069,140.625,17,0
72445,9,19.47122063449069,151.875,20,0
72446,9,19.47122063449069,163.125,22,0
72447,9,19.47122063449069,174.375,15,0
72448,9,19.47122063449069,-174.375,19,0
72449,9,19.47122063449069,-163.125,19,0
72450,9,19.47122063449069,-151.875,17,0
72451,9,19.47122063449069,-140.625,20,0
72452,9,19.47122063449069,-129.37500000000006,23,1
72453,9,19.47122063449069,-118.125,14,0
72454,9,19.47122063449069,-106.875,11,0
72455,9,19.47122063449069,-95.625,21,0
72456,9,19.47122063449069,-84.375,12,0
72457,9,19.47122063449069,-73.12500000000006,12,0
72458,9,19.47122063449069,-61.875,25,0
72459,9,19.47122063449069,-50.625,20,0
72460,9,19.47122063449069,-39.375,17,0
72461,9,19.47122063449069,-28.125,23,0
72462,9,19.47122063449069,-16.875,16,0
72463,9,19.47122063449069,-5.625,22,0
72464,9,14.477512185929925,0.0,21,0
72465,9,14.477512185929925,11.25,19,0
72466,9,14.477512185929925,22.5,18,0
72467,9,14.477512185929925,33.75,12,0
72468,9,14.477512185929925,45.0,17,0
72469,9,14.477512185929925,56.25,14,0
72470,9,14.477512185929925,67.5,18,0
72471,9,14.477512185929925,78.75,21,0
72472,9,14.477512185929925,90.0,22,0
72473,9,14.477512185929925,101.25,14,0
72474,9,14.477512185929925,112.5,16,0
72475,9,14.477512185929925,123.75,19,0
72476,9,14.477512185929925,135.0,11,0
72477,9,14.477512185929925,146.25,15,0
72478,9,14.477512185929925,157.5,17,0
72479,9,14.477512185929925,168.75,17,0
72480,9,14.477512185929925,-180.0,20,1
72481,9,14.477512185929925,-168.75,19,0
72482,9,14.477512185929925,-157.5,11,0
72483,9,14.477512185929925,-146.25,16,0
72484,9,14.477512185929925,-135.0,17,0
72485,9,14.477512185929925,-123.75,17,0
72486,9,14.477512185929925,-112.5,14,0
72487,9,14.477512185929925,-101.25,20,0
72488,9,14.477512185929925,-90.0,14,0
72489,9,14.477512185929925,-78.75000000000006,9,0
72490,9,14.477512185929925,-67.5,11,0
72491,9,14.477512185929925,-56.25,18,0
72492,9,14.477512185929925,-45.0,23,0
72493,9,14.477512185929925,-33.75000000000006,22,0
72494,9,14.477512185929925,-22.5,17,0
72495,9,14.477512185929925,-11.25,18,0
72496,9,9.594068226860458,5.625,17,0
72497,9,9.594068226860458,16.875,17,0
72498,9,9.594068226860458,28.125,24,0
72499,9,9.594068226860458,39.375,18,0
72500,9,9.594068226860458,50.625,25,0
72501,9,9.594068226860458,61.875,18,0
72502,9,9.594068226860458,73.125,16,0
72503,9,9.594068226860458,84.375,25,0
72504,9,9.594068226860458,95.625,13,0
72505,9,9.594068226860458,106.875,18,0
72506,9,9.594068226860458,118.125,15,2
72507,9,9.594068226860458,129.375,13,0
72508,9,9.594068226860458,140.625,19,0
72509,9,9.594068226860458,151.875,13,0
72510,9,9.594068226860458,163.125,26,0
72511,9,9.594068226860458,174.375,20,0
72512,9,9.594068226860458,-174.375,17,1
72513,9,9.594068226860458,-163.125,23,0
72514,9,9.594068226860458,-151.875,14,0
72515,9,9.594068226860458,-140.625,15,0
72516,9,9.594068226860458,-129.37500000000006,20,0
72517,9,9.594068226860458,-118.125,15,0
72518,9,9.594068226860458,-106.875,14,0
72519,9,9.594068226860458,-95.625,15,0
72520,9,9.594068226860458,-84.375,14,0
72521,9,9.594068226860458,-73.12500000000006,12,0
72522,9,9.594068226860458,-61.875,18,0
72523,9,9.594068226860458,-50.625,17,0
72524,9,9.594068226860458,-39.375,19,0
72525,9,9.594068226860458,-28.125,10,0
72526,9,9.594068226860458,-16.875,14,0
72527,9,9.594068226860458,-5.625,17,0
72528,9,4.780191847199163,0.0,20,2
72529,9,4.780191847199163,11.25,15,0
72530,9,4.780191847199163,22.5,16,1
72531,9,4.780191847199163,33.75,21,0
72532,9,4.780191847199163,45.0,25,4
72533,9,4.780191847199163,56.25,17,1
72534,9,4.780191847199163,67.5,21,4
72535,9,4.780191847199163,78.75,10,2
72536,9,4.780191847199163,90.0,27,3
72537,9,4.780191847199163,101.25,15,0
72538,9,4.780191847199163,112.5,18,0
72539,9,4.780191847199163,123.75,18,3
72540,9,4.780191847199163,135.0,19,0
72541,9,4.780191847199163,146.25,15,3
72542,9,4.780191847199163,157.5,24,3
72543,9,4.780191847199163,168.75,16,4
72544,9,4.780191847199163,-180.0,18,0
72545,9,4.780191847199163,-168.75,12,1
72546,9,4.780191847199163,-157.5,17,1
72547,9,4.780191847199163,-146.25,12,1
72548,9,4.780191847199163,-135.0,14,5
72549,9,4.780191847199163,-123.75,13,2
72550,9,4.780191847199163,-112.5,19,3
72551,9,4.780191847199163,-101.25,16,0
72552,9,4.780191847199163,-90.0,12,1
72553,9,4.780191847199163,-78.75000000000006,30,2
72554,9,4.780191847199163,-67.5,21,2
72555,9,4.780191847199163,-56.25,15,5
72556,9,4.780191847199163,-45.0,14,4
72557,9,4.780191847199163,-33.75000000000006,10,3
72558,9,4.780191847199163,-22.5,18,4
72559,9,4.780191847199163,-11.25,13,1
72560,9,0.0,5.625,15,4
72561,9,0.0,16.875,19,4
72562,9,0.0,28.125,17,2
72563,9,0.0,39.375,19,4
72564,9,0.0,50.625,22,5
72565,9,0.0,61.875,18,4
72566,9,0.0,73.125,15,7
72567,9,0.0,84.375,17,3
72568,9,0.0,95.625,17,1
72569,9,0.0,106.875,19,3
72570,9,0.0,118.125,22,3
72571,9,0.0,129.375,15,0
72572,9,0.0,140.625,15,2
72573,9,0.0,151.875,12,1
72574,9,0.0,163.125,13,8
72575,9,0.0,174.375,17,2
72576,9,0.0,-174.375,23,2
72577,9,0.0,-163.125,25,3
72578,9,0.0,-151.875,10,0
72579,9,0.0,-140.625,12,4
72580,9,0.0,-129.37500000000006,15,4
72581,9,0.0,-118.125,18,4
72582,9,0.0,-106.875,11,2
72583,9,0.0,-95.625,14,3
72584,9,0.0,-84.375,19,5
72585,9,0.0,-73.12500000000006,28,1
72586,9,0.0,-61.875,18,4
72587,9,0.0,-50.625,19,9
72588,9,0.0,-39.375,14,5
72589,9,0.0,-28.125,20,5
72590,9,0.0,-16.875,11,0
72591,9,0.0,-5.625,19,3
72592,9,-4.780191847199163,0.0,21,1
72593,9,-4.780191847199163,11.25,20,1
72594,9,-4.780191847199163,22.5,27,2
72595,9,-4.780191847199163,33.75,21,2
72596,9,-4.780191847199163,45.0,19,5
72597,9,-4.780191847199163,56.25,19,2
72598,9,-4.780191847199163,67.5,17,4
72599,9,-4.780191847199163,78.75,10,2
72600,9,-4.780191847199163,90.0,20,2
72601,9,-4.780191847199163,101.25,20,0
72602,9,-4.780191847199163,112.5,26,1
72603,9,-4.780191847199163,123.75,24,1
72604,9,-4.780191847199163,135.0,15,1
72605,9,-4.780191847199163,146.25,15,1
72606,9,-4.780191847199163,157.5,14,2
72607,9,-4.780191847199163,168.75,14,3
72608,9,-4.780191847199163,-180.0,14,1
72609,9,-4.780191847199163,-168.75,23,1
72610,9,-4.780191847199163,-157.5,19,1
72611,9,-4.780191847199163,-146.25,14,0
72612,9,-4.780191847199163,-135.0,19,4
72613,9,-4.780191847199163,-123.75,19,2
72614,9,-4.780191847199163,-112.5,16,0
72615,9,-4.780191847199163,-101.25,9,1
72616,9,-4.780191847199163,-90.0,15,6
72617,9,-4.780191847199163,-78.75000000000006,21,1
72618,9,-4.780191847199163,-67.5,21,0
72619,9,-4.780191847199163,-56.25,22,3
72620,9,-4.780191847199163,-45.0,18,2
72621,9,-4.780191847199163,-33.75000000000006,17,3
72622,9,-4.780191847199163,-22.5,14,1
72623,9,-4.780191847199163,-11.25,10,1
72624,9,-9.594068226860458,5.625,19,0
72625,9,-9.594068226860458,16.875,15,1
72626,9,-9.594068226860458,28.125,20,0
72627,9,-9.594068226860458,39.375,15,1
72628,9,-9.594068226860458,50.625,19,0
72629,9,-9.594068226860458,61.875,15,0
72630,9,-9.594068226860458,73.125,20,0
72631,9,-9.594068226860458,84.375,12,0
72632,9,-9.594068226860458,95.625,17,0
72633,9,-9.594068226860458,106.875,16,0
72634,9,-9.594068226860458,118.125,26,0
72635,9,-9.594068226860458,129.375,18,0
72636,9,-9.594068226860458,140.625,14,0
72637,9,-9.594068226860458,151.875,24,0
72638,9,-9.594068226860458,163.125,13,0
72639,9,-9.594068226860458,174.375,18,0
72640,9,-9.594068226860458,-174.375,19,0
72641,9,-9.594068226860458,-163.125,21,0
72642,9,-9.594068226860458,-151.875,9,0
72643,9,-9.594068226860458,-140.625,11,0
72644,9,-9.594068226860458,-129.37500000000006,13,0
72645,9,-9.594068226860458,-118.125,13,0
72646,9,-9.594068226860458,-106.875,18,0
72647,9,-9.594068226860458,-95.625,19,0
72648,9,-9.594068226860458,-84.375,20,0
72649,9,-9.594068226860458,-73.12500000000006,16,0
72650,9,-9.594068226860458,-61.875,18,0
72651,9,-9.594068226860458,-50.625,24,0
72652,9,-9.594068226860458,-39.375,14,0
72653,9,-9.594068226860458,-28.125,23,0
72654,9,-9.594068226860458,-16.875,18,0
72655,9,-9.594068226860458,-5.625,18,0
72656,9,-14.477512185929925,0.0,12,1
72657,9,-14.477512185929925,11.25,19,1
72658,9,-14.477512185929925,22.5,14,0
72659,9,-14.477512185929925,33.75,13,0
72660,9,-14.477512185929925,45.0,19,0
72661,9,-14.477512185929925,56.25,21,0
72662,9,-14.477512185929925,67.5,17,0
72663,9,-14.477512185929925,78.75,18,0
72664,9,-14.477512185929925,90.0,18,0
72665,9,-14.477512185929925,101.25,13,0
72666,9,-14.477512185929925,112.5,13,0
72667,9,-14.477512185929925,123.75,24,0
72668,9,-14.477512185929925,135.0,16,0
72669,9,-14.477512185929925,146.25,21,0
72670,9,-14.477512185929925,157.5,13,0
72671,9,-14.477512185929925,168.75,19,0
72672,9,-14.477512185929925,-180.0,23,0
72673,9,-14.477512185929925,-168.75,20,0
72674,9,-14.477512185929925,-157.5,16,0
72675,9,-14.477512185929925,-146.25,15,0
72676,9,-14.477512185929925,-135.0,17,0
72677,9,-14.477512185929925,-123.75,11,0
72678,9,-14.477512185929925,-112.5,11,0
72679,9,-14.477512185929925,-101.25,25,0
72680,9,-14.477512185929925,-90.0,23,0
72681,9,-14.477512185929925,-78.75000000000006,22,0
72682,9,-14.477512185929925,-67.5,21,0
72683,9,-14.477512185929925,-56.25,26,0
72684,9,-14.477512185929925,-45.0,11,0
72685,9,-14.477512185929925,-33.75000000000006,16,0
72686,9,-14.477512185929925,-22.5,18,1
72687,9,-14.477512185929925,-11.25,9,0
72688,9,-19.47122063449069,5.625,11,0
72689,9,-19.47122063449069,16.875,19,0
72690,9,-19.47122063449069,28.125,15,0
72691,9,-19.47122063449069,39.375,17,0
72692,9,-19.47122063449069,50.625,22,0
72693,9,-19.47122063449069,61.875,21,0
72694,9,-19.47122063449069,73.125,17,0
72695,9,-19.47122063449069,84.375,24,0
72696,9,-19.47122063449069,95.625,12,0
72697,9,-19.47122063449069,106.875,10,0
72698,9,-19.47122063449069,118.125,17,0
72699,9,-19.47122063449069,129.375,19,0
72700,9,-19.47122063449069,140.625,19,0
72701,9,-19.47122063449069,151.875,23,0
72702,9,-19.47122063449069,163.125,12,0
72703,9,-19.47122063449069,174.375,18,1
72704,9,-19.47122063449069,-174.375,17,0
72705,9,-19.47122063449069,-163.125,22,0
72706,9,-19.47122063449069,-151.875,19,0
72707,9,-19.47122063449069,-140.625,18,0
72708,9,-19.47122063449069,-129.37500000000006,12,0
72709,9,-19.47122063449069,-118.125,17,0
72710,9,-19.47122063449069,-106.875,17,0
72711,9,-19.47122063449069,-95.625,19,0
72712,9,-19.47122063449069,-84.375,17,0
72713,9,-19.47122063449069,-73.12500000000006,21,0
72714,9,-19.47122063449069,-61.875,23,0
72715,9,-19.47122063449069,-50.625,24,0
72716,9,-19.47122063449069,-39.375,20,0
72717,9,-19.47122063449069,-28.125,12,0
72718,9,-19.47122063449069,-16.875,12,1
72719,9,-19.47122063449069,-5.625,9,1
72720,9,-24.62431835216408,0.0,17,0
72721,9,-24.62431835216408,11.25,15,0
72722,9,-24.62431835216408,22.5,22,0
72723,9,-24.62431835216408,33.75,18,0
72724,9,-24.62431835216408,45.0,20,0
72725,9,-24.62431835216408,56.25,25,0
72726,9,-24.62431835216408,67.5,19,0
72727,9,-24.62431835216408,78.75,22,0
72728,9,-24.62431835216408,90.0,18,0
72729,9,-24.62431835216408,101.25,15,0
72730,9,-24.62431835216408,112.5,12,0
72731,9,-24.62431835216408,123.75,16,0
72732,9,-24.62431835216408,135.0,20,0
72733,9,-24.62431835216408,146.25,13,0
72734,9,-24.62431835216408,157.5,17,0
72735,9,-24.62431835216408,168.75,11,0
72736,9,-24.62431835216408,-180.0,18,1
72737,9,-24.62431835216408,-168.75,15,0
72738,9,-24.62431835216408,-157.5,17,0
72739,9,-24.62431835216408,-146.25,27,0
72740,9,-24.62431835216408,-135.0,22,0
72741,9,-24.62431835216408,-123.75,15,0
72742,9,-24.62431835216408,-112.5,16,0
72743,9,-24.62431835216408,-101.25,13,0
72744,9,-24.62431835216408,-90.0,19,0
72745,9,-24.62431835216408,-78.75000000000006,17,0
72746,9,-24.62431835216408,-67.5,17,0
72747,9,-24.62431835216408,-56.25,14,0
72748,9,-24.62431835216408,-45.0,19,0
72749,9,-24.62431835216408,-33.75000000000006,16,1
72750,9,-24.62431835216408,-22.5,13,0
72751,9,-24.62431835216408,-11.25,16,0
72752,9,-30.000000000000014,5.625,17,0
72753,9,-30.000000000000014,16.875,18,0
72754,9,-30.000000000000014,28.125,17,0
72755,9,-30.000000000000014,39.375,18,0
72756,9,-30.000000000000014,50.625,20,0
72757,9,-30.000000000000014,61.875,20,0
72758,9,-30.000000000000014,73.125,19,0
72759,9,-30.000000000000014,84.375,17,0
72760,9,-30.000000000000014,95.625,20,0
72761,9,-30.000000000000014,106.875,23,0
72762,9,-30.000000000000014,118.125,17,0
72763,9,-30.000000000000014,129.375,16,0
72764,9,-30.000000000000014,140.625,18,0
72765,9,-30.000000000000014,151.875,15,0
72766,9,-30.000000000000014,163.125,11,0
72767,9,-30.000000000000014,174.375,22,0
72768,9,-30.000000000000014,-174.375,16,0
72769,9,-30.000000000000014,-163.125,16,0
72770,9,-30.000000000000014,-151.875,20,0
72771,9,-30.000000000000014,-140.625,17,0
72772,9,-30.000000000000014,-129.37500000000006,20,0
72773,9,-30.000000000000014,-118.125,20,0
72774,9,-30.000000000000014,-106.875,13,0
72775,9,-30.000000000000014,-95.625,17,0
72776,9,-30.000000000000014,-84.375,19,0
72777,9,-30.000000000000014,-73.12500000000006,20,0
72778,9,-30.000000000000014,-61.875,13,0
72779,9,-30.000000000000014,-50.625,17,0
72780,9,-30.000000000000014,-39.375,19,0
72781,9,-30.000000000000014,-28.125,22,1
72782,9,-30.000000000000014,-16.875,20,0
72783,9,-30.000000000000014,-5.625,15,0
72784,9,-35.68533471265205,0.0,15,0
72785,9,-35.68533471265205,11.25,14,0
72786,9,-35.68533471265205,22.5,14,0
72787,9,-35.68533471265205,33.75,15,0
72788,9,-35.68533471265205,45.0,16,0
72789,9,-35.68533471265205,56.25,13,0
72790,9,-35.68533471265205,67.5,19,0
72791,9,-35.68533471265205,78.75,13,0
72792,9,-35.68533471265205,90.0,11,0
72793,9,-35.68533471265205,101.25,14,0
72794,9,-35.68533471265205,112.5,17,0
72795,9,-35.68533471265205,123.75,21,0
72796,9,-35.68533471265205,135.0,18,0
72797,9,-35.68533471265205,146.25,15,0
72798,9,-35.68533471265205,157.5,15,0
72799,9,-35.68533471265205,168.75,16,0
72800,9,-35.68533471265205,-180.0,16,0
72801,9,-35.68533471265205,-168.75,16,0
72802,9,-35.68533471265205,-157.5,12,0
72803,9,-35.68533471265205,-146.25,20,0
72804,9,-35.68533471265205,-135.0,16,0
72805,9,-35.68533471265205,-123.75,20,0
72806,9,-35.68533471265205,-112.5,21,0
72807,9,-35.68533471265205,-101.25,19,0
72808,9,-35.68533471265205,-90.0,16,0
72809,9,-35.68533471265205,-78.75000000000006,17,0
72810,9,-35.68533471265205,-67.5,18,0
72811,9,-35.68533471265205,-56.25,18,0
72812,9,-35.68533471265205,-45.0,18,0
72813,9,-35.68533471265205,-33.75000000000006,31,0
72814,9,-35.68533471265205,-22.5,23,0
72815,9,-35.68533471265205,-11.25,20,0
72816,9,-41.81031489577862,5.625,16,0
72817,9,-41.81031489577862,16.875,14,0
72818,9,-41.81031489577862,28.125,10,0
72819,9,-41.81031489577862,39.375,20,0
72820,9,-41.81031489577862,50.625,25,0
72821,9,-41.81031489577862,61.875,21,0
72822,9,-41.81031489577862,73.125,13,0
72823,9,-41.81031489577862,84.375,10,0
72824,9,-41.81031489577862,95.625,20,0
72825,9,-41.81031489577862,106.875,17,0
72826,9,-41.81031489577862,118.125,15,0
72827,9,-41.81031489577862,129.375,18,0
72828,9,-41.81031489577862,140.625,16,0
72829,9,-41.81031489577862,151.875,13,0
72830,9,-41.81031489577862,163.125,16,0
72831,9,-41.81031489577862,174.375,21,0
72832,9,-41.81031489577862,-174.375,17,0
72833,9,-41.81031489577862,-163.125,16,0
72834,9,-41.81031489577862,-151.875,10,0
72835,9,-41.81031489577862,-140.625,17,0
72836,9,-41.81031489577862,-129.37500000000006,13,0
72837,9,-41.81031489577862,-118.125,16,0
72838,9,-41.81031489577862,-106.875,23,0
72839,9,-41.81031489577862,-95.625,18,0
72840,9,-41.81031489577862,-84.375,16,0
72841,9,-41.81031489577862,-73.12500000000006,19,0
72842,9,-41.81031489577862,-61.875,19,0
72843,9,-41.81031489577862,-50.625,17,0
72844,9,-41.81031489577862,-39.375,22,0
72845,9,-41.81031489577862,-28.125,21,0
72846,9,-41.81031489577862,-16.875,14,0
72847,9,-41.81031489577862,-5.625,23,0
72848,9,-48.1412077943603,6.428571428571416,13,0
72849,9,-48.1412077943603,19.285714285714278,16,0
72850,9,-48.1412077943603,32.14285714285714,15,0
72851,9,-48.1412077943603,45.0,19,0
72852,9,-48.1412077943603,57.85714285714286,11,0
72853,9,-48.1412077943603,70.71428571428572,16,0
72854,9,-48.1412077943603,83.57142857142856,14,0
72855,9,-48.1412077943603,96.42857142857144,16,0
72856,9,-48.1412077943603,109.28571428571428,17,0
72857,9,-48.1412077943603,122.14285714285711,17,0
72858,9,-48.1412077943603,135.0,13,0
72859,9,-48.1412077943603,147.8571428571429,20,0
72860,9,-48.1412077943603,160.71428571428572,18,0
72861,9,-48.1412077943603,173.57142857142856,17,0
72862,9,-48.1412077943603,-173.57142857142856,16,0
72863,9,-48.1412077943603,-160.71428571428572,16,0
72864,9,-48.1412077943603,-147.8571428571429,16,0
72865,9,-48.1412077943603,-135.0,25,0
72866,9,-48.1412077943603,-122.14285714285711,22,0
72867,9,-48.1412077943603,-109.28571428571428,24,1
72868,9,-48.1412077943603,-96.42857142857144,15,0
72869,9,-48.1412077943603,-83.57142857142856,19,0
72870,9,-48.1412077943603,-70.71428571428572,20,0
72871,9,-48.1412077943603,-57.85714285714283,18,0
72872,9,-48.1412077943603,-45.0,24,0
72873,9,-48.1412077943603,-32.14285714285717,21,0
72874,9,-48.1412077943603,-19.28571428571422,12,0
72875,9,-48.1412077943603,-6.428571428571445,14,0
72876,9,-54.340912303861245,7.5,11,0
72877,9,-54.340912303861245,22.5,22,0
72878,9,-54.340912303861245,37.5,15,0
72879,9,-54.340912303861245,52.5,15,0
72880,9,-54.340912303861245,67.5,19,0
72881,9,-54.340912303861245,82.5,23,0
72882,9,-54.340912303861245,97.5,23,0
72883,9,-54.340912303861245,112.5,20,0
72884,9,-54.340912303861245,127.5,17,0
72885,9,-54.340912303861245,142.5,23,0
72886,9,-54.340912303861245,157.5,15,0
72887,9,-54.340912303861245,172.5,14,0
72888,9,-54.340912303861245,-172.5,18,0
72889,9,-54.340912303861245,-157.5,12,0
72890,9,-54.340912303861245,-142.5,19,0
72891,9,-54.340912303861245,-127.5,18,0
72892,9,-54.340912303861245,-112.5,15,0
72893,9,-54.340912303861245,-97.5,8,0
72894,9,-54.340912303861245,-82.5,11,0
72895,9,-54.340912303861245,-67.5,27,0
72896,9,-54.340912303861245,-52.50000000000006,18,0
72897,9,-54.340912303861245,-37.5,13,0
72898,9,-54.340912303861245,-22.5,16,0
72899,9,-54.340912303861245,-7.5,19,0
72900,9,-60.4344388449523,9.0,16,0
72901,9,-60.4344388449523,27.0,21,0
72902,9,-60.4344388449523,45.0,18,0
72903,9,-60.4344388449523,63.0,25,0
72904,9,-60.4344388449523,81.0,18,0
72905,9,-60.4344388449523,99.0,12,0
72906,9,-60.4344388449523,117.0,26,0
72907,9,-60.4344388449523,135.0,14,0
72908,9,-60.4344388449523,153.0,20,0
72909,9,-60.4344388449523,171.0,18,0
72910,9,-60.4344388449523,-171.0,21,0
72911,9,-60.4344388449523,-153.0,15,0
72912,9,-60.4344388449523,-135.0,20,0
72913,9,-60.4344388449523,-117.0,22,0
72914,9,-60.4344388449523,-99.0,12,0
72915,9,-60.4344388449523,-81.0,10,0
72916,9,-60.4344388449523,-63.0,30,0
72917,9,-60.4344388449523,-45.0,13,0
72918,9,-60.4344388449523,-27.0,9,0
72919,9,-60.4344388449523,-9.0,23,0
72920,9,-66.44353569089876,11.25,21,0
72921,9,-66.44353569089876,33.75,23,0
72922,9,-66.44353569089876,56.25,20,0
72923,9,-66.44353569089876,78.75,16,0
72924,9,-66.44353569089876,101.25,14,0
72925,9,-66.44353569089876,123.75,17,0
72926,9,-66.44353569089876,146.25,15,0
72927,9,-66.44353569089876,168.75,12,0
72928,9,-66.44353569089876,-168.75,24,0
72929,9,-66.44353569089876,-146.25,19,0
72930,9,-66.44353569089876,-123.75,21,0
72931,9,-66.44353569089876,-101.25,22,0
72932,9,-66.44353569089876,-78.75,14,0
72933,9,-66.44353569089876,-56.25,21,0
72934,9,-66.44353569089876,-33.75,15,0
72935,9,-66.44353569089876,-11.25,16,0
72936,9,-72.38756092964962,15.0,17,0
72937,9,-72.38756092964962,45.0,21,0
72938,9,-72.38756092964962,75.0,20,0
72939,9,-72.38756092964962,105.0,16,0
72940,9,-72.38756092964962,135.0,12,0
72941,9,-72.38756092964962,165.0,12,0
72942,9,-72.38756092964962,-165.0,16,0
72943,9,-72.38756092964962,-135.0,18,0
72944,9,-72.38756092964962,-105.0,21,0
72945,9,-72.38756092964962,-75.0,20,0
72946,9,-72.38756092964962,-45.0,16,0
72947,9,-72.38756092964962,-15.0,17,0
72948,9,-78.28414760510762,22.5,23,0
72949,9,-78.28414760510762,67.5,17,0
72950,9,-78.28414760510762,112.5,14,0
72951,9,-78.28414760510762,157.5,17,0
72952,9,-78.28414760510762,-157.5,15,0
72953,9,-78.28414760510762,-112.5,11,0
72954,9,-78.28414760510762,-67.5,20,0
72955,9,-78.28414760510762,-22.5,18,0
72956,9,-84.14973293629666,45.0,19,0
72957,9,-84.14973293629666,135.0,19,0
72958,9,-84.14973293629666,-135.0,13,0
72959,9,-84.14973293629666,-45.0,22,0
72960,9,84.14973293629666,45.0,14,0
72961,9,84.14973293629666,135.0,17,0
72962,9,84.14973293629666,-135.0,15,0
72963,9,84.14973293629666,-45.0,24,0
72964,9,78.28414760510762,22.5,12,0
72965,9,78.28414760510762,67.5,17,0
72966,9,78.28414760510762,112.5,19,0
72967,9,78.28414760510762,157.5,14,0
72968,9,78.28414760510762,-157.5,26,0
72969,9,78.28414760510762,-112.5,17,0
72970,9,78.28414760510762,-67.5,24,0
72971,9,78.28414760510762,-22.5,15,0
72972,9,72.38756092964962,15.0,13,0
72973,9,72.38756092964962,45.0,13,0
72974,9,72.38756092964962,75.0,23,0
72975,9,72.38756092964962,105.0,29,0
72976,9,72.38756092964962,135.0,14,0
72977,9,72.38756092964962,165.0,13,0
72978,9,72.38756092964962,-165.0,19,0
72979,9,72.38756092964962,-135.0,26,0
72980,9,72.38756092964962,-105.0,20,0
72981,9,72.38756092964962,-75.0,15,0
72982,9,72.38756092964962,-45.0,18,0
72983,9,72.38756092964962,-15.0,14,0
72984,9,66.44353569089877,11.25,16,0
72985,9,66.44353569089877,33.75,14,0
72986,9,66.44353569089877,56.25,15,0
72987,9,66.44353569089877,78.75,15,0
72988,9,66.44353569089877,101.25,21,0
72989,9,66.44353569089877,123.75,16,0
72990,9,66.44353569089877,146.25,17,0
72991,9,66.44353569089877,168.75,19,0
72992,9,66.44353569089877,-168.75,19,0
72993,9,66.44353569089877,-146.25,19,0
72994,9,66.44353569089877,-123.75,18,0
72995,9,66.44353569089877,-101.25,16,0
72996,9,66.44353569089877,-78.75,15,0
72997,9,66.44353569089877,-56.25,19,0
72998,9,66.44353569089877,-33.75,10,0
72999,9,66.44353569089877,-11.25,19,0
73000,9,60.43443884495228,9.0,14,0
73001,9,60.43443884495228,27.0,16,0
73002,9,60.43443884495228,45.0,19,0
73003,9,60.43443884495228,63.0,17,0
73004,9,60.43443884495228,81.0,20,0
73005,9,60.43443884495228,99.0,16,0
73006,9,60.43443884495228,117.0,14,0
73007,9,60.43443884495228,135.0,14,0
73008,9,60.43443884495228,153.0,12,0
73009,9,60.43443884495228,171.0,16,0
73010,9,60.43443884495228,-171.0,11,0
73011,9,60.43443884495228,-153.0,15,0
73012,9,60.43443884495228,-135.0,18,0
73013,9,60.43443884495228,-117.0,10,0
73014,9,60.43443884495228,-99.0,19,0
73015,9,60.43443884495228,-81.0,17,0
73016,9,60.43443884495228,-63.0,10,0
73017,9,60.43443884495228,-45.0,17,0
73018,9,60.43443884495228,-27.0,15,0
73019,9,60.43443884495228,-9.0,16,0
73020,9,54.340912303861245,7.5,23,0
73021,9,54.340912303861245,22.5,13,0
73022,9,54.340912303861245,37.5,18,0
73023,9,54.340912303861245,52.5,13,0
73024,9,54.340912303861245,67.5,19,0
73025,9,54.340912303861245,82.5,15,0
73026,9,54.340912303861245,97.5,21,0
73027,9,54.340912303861245,112.5,17,0
73028,9,54.340912303861245,127.5,14,0
73029,9,54.340912303861245,142.5,17,0
73030,9,54.340912303861245,157.5,21,0
73031,9,54.340912303861245,172.5,19,0
73032,9,54.340912303861245,-172.5,11,0
73033,9,54.340912303861245,-157.5,17,0
73034,9,54.340912303861245,-142.5,16,0
73035,9,54.340912303861245,-127.5,10,0
73036,9,54.340912303861245,-112.5,18,0
73037,9,54.340912303861245,-97.5,15,0
73038,9,54.340912303861245,-82.5,24,0
73039,9,54.340912303861245,-67.5,13,0
73040,9,54.340912303861245,-52.50000000000006,18,0
73041,9,54.340912303861245,-37.5,22,0
73042,9,54.340912303861245,-22.5,22,0
73043,9,54.340912303861245,-7.5,14,0
73044,9,48.141207794360284,6.428571428571416,15,0
73045,9,48.141207794360284,19.285714285714278,19,0
73046,9,48.141207794360284,32.14285714285714,14,0
73047,9,48.141207794360284,45.0,16,0
73048,9,48.141207794360284,57.85714285714286,19,0
73049,9,48.141207794360284,70.71428571428572,26,0
73050,9,48.141207794360284,83.57142857142856,24,0
73051,9,48.141207794360284,96.42857142857144,24,0
73052,9,48.141207794360284,109.28571428571428,18,0
73053,9,48.141207794360284,122.14285714285711,20,0
73054,9,48.141207794360284,135.0,13,0
73055,9,48.141207794360284,147.8571428571429,18,0
73056,9,48.141207794360284,160.71428571428572,16,0
73057,9,48.141207794360284,173.57142857142856,15,0
73058,9,48.141207794360284,-173.57142857142856,15,0
73059,9,48.141207794360284,-160.71428571428572,21,0
73060,9,48.141207794360284,-147.8571428571429,21,0
73061,9,48.141207794360284,-135.0,21,0
73062,9,48.141207794360284,-122.14285714285711,23,0
73063,9,48.141207794360284,-109.28571428571428,18,0
73064,9,48.141207794360284,-96.42857142857144,24,0
73065,9,48.141207794360284,-83.57142857142856,25,0
73066,9,48.141207794360284,-70.71428571428572,13,0
73067,9,48.141207794360284,-57.85714285714283,13,0
73068,9,48.141207794360284,-45.0,14,0
73069,9,48.141207794360284,-32.14285714285717,27,0
73070,9,48.141207794360284,-19.28571428571422,24,0
73071,9,48.141207794360284,-6.428571428571445,17,0
73072,9,41.81031489577859,5.625,12,0
73073,9,41.81031489577859,16.875,19,0
73074,9,41.81031489577859,28.125,23,0
73075,9,41.81031489577859,39.375,14,0
73076,9,41.81031489577859,50.625,26,0
73077,9,41.81031489577859,61.875,10,0
73078,9,41.81031489577859,73.125,20,0
73079,9,41.81031489577859,84.375,27,0
73080,9,41.81031489577859,95.625,25,0
73081,9,41.81031489577859,106.875,12,0
73082,9,41.81031489577859,118.125,21,0
73083,9,41.81031489577859,129.375,6,0
73084,9,41.81031489577859,140.625,18,0
73085,9,41.81031489577859,151.875,18,0
73086,9,41.81031489577859,163.125,23,0
73087,9,41.81031489577859,174.375,17,0
73088,9,41.81031489577859,-174.375,20,0
73089,9,41.81031489577859,-163.125,21,0
73090,9,41.81031489577859,-151.875,12,0
73091,9,41.81031489577859,-140.625,18,0
73092,9,41.81031489577859,-129.37500000000006,22,0
73093,9,41.81031489577859,-118.125,20,0
73094,9,41.81031489577859,-106.875,18,0
73095,9,41.81031489577859,-95.625,22,0
73096,9,41.81031489577859,-84.375,12,0
73097,9,41.81031489577859,-73.12500000000006,15,0
73098,9,41.81031489577859,-61.875,12,0
73099,9,41.81031489577859,-50.625,14,0
73100,9,41.81031489577859,-39.375,15,0
73101,9,41.81031489577859,-28.125,14,0
73102,9,41.81031489577859,-16.875,19,0
73103,9,41.81031489577859,-5.625,14,0
73104,9,35.68533471265204,0.0,17,0
73105,9,35.68533471265204,11.25,18,0
73106,9,35.68533471265204,22.5,10,0
73107,9,35.68533471265204,33.75,14,0
73108,9,35.68533471265204,45.0,20,0
73109,9,35.68533471265204,56.25,25,0
73110,9,35.68533471265204,67.5,7,0
73111,9,35.68533471265204,78.75,12,0
73112,9,35.68533471265204,90.0,22,1
73113,9,35.68533471265204,101.25,21,0
73114,9,35.68533471265204,112.5,16,0
73115,9,35.68533471265204,123.75,10,0
73116,9,35.68533471265204,135.0,16,0
73117,9,35.68533471265204,146.25,30,0
73118,9,35.68533471265204,157.5,17,0
73119,9,35.68533471265204,168.75,14,0
73120,9,35.68533471265204,-180.0,18,0
73121,9,35.68533471265204,-168.75,22,0
73122,9,35.68533471265204,-157.5,18,0
73123,9,35.68533471265204,-146.25,13,0
73124,9,35.68533471265204,-135.0,14,0
73125,9,35.68533471265204,-123.75,17,0
73126,9,35.68533471265204,-112.5,26,0
73127,9,35.68533471265204,-101.25,27,0
73128,9,35.68533471265204,-90.0,13,0
73129,9,35.68533471265204,-78.75000000000006,15,0
73130,9,35.68533471265204,-67.5,10,0
73131,9,35.68533471265204,-56.25,10,0
73132,9,35.68533471265204,-45.0,16,1
73133,9,35.68533471265204,-33.75000000000006,17,1
73134,9,35.68533471265204,-22.5,12,0
73135,9,35.68533471265204,-11.25,20,0
73136,9,30.000000000000007,5.625,12,0
73137,9,30.000000000000007,16.875,17,0
73138,9,30.000000000000007,28.125,14,0
73139,9,30.000000000000007,39.375,16,0
73140,9,30.000000000000007,50.625,17,0
73141,9,30.000000000000007,61.875,15,0
73142,9,30.000000000000007,73.125,18,0
73143,9,30.000000000000007,84.375,17,1
73144,9,30.000000000000007,95.625,17,0
73145,9,30.000000000000007,106.875,16,0
73146,9,30.000000000000007,118.125,15,0
73147,9,30.000000000000007,129.375,13,0
73148,9,30.000000000000007,140.625,21,0
73149,9,30.000000000000007,151.875,25,0
73150,9,30.000000000000007,163.125,10,0
73151,9,30.000000000000007,174.375,15,0
73152,9,30.000000000000007,-174.375,16,0
73153,9,30.000000000000007,-163.125,22,0
73154,9,30.000000000000007,-151.875,15,0
73155,9,30.000000000000007,-140.625,16,0
73156,9,30.000000000000007,-129.37500000000006,16,0
73157,9,30.000000000000007,-118.125,15,0
73158,9,30.000000000000007,-106.875,30,0
73159,9,30.000000000000007,-95.625,20,0
73160,9,30.000000000000007,-84.375,15,0
73161,9,30.000000000000007,-73.12500000000006,13,0
73162,9,30.000000000000007,-61.875,13,0
73163,9,30.000000000000007,-50.625,9,0
73164,9,30.000000000000007,-39.375,22,1
73165,9,30.000000000000007,-28.125,16,0
73166,9,30.000000000000007,-16.875,12,0
73167,9,30.000000000000007,-5.625,18,0
73168,9,24.62431835216408,0.0,16,0
73169,9,24.62431835216408,11.25,16,0
73170,9,24.62431835216408,22.5,19,0
73171,9,24.62431835216408,33.75,18,0
73172,9,24.62431835216408,45.0,19,0
73173,9,24.62431835216408,56.25,16,0
73174,9,24.62431835216408,67.5,21,0
73175,9,24.62431835216408,78.75,17,0
73176,9,24.62431835216408,90.0,18,0
73177,9,24.62431835216408,101.25,17,0
73178,9,24.62431835216408,112.5,18,0
73179,9,24.62431835216408,123.75,14,0
73180,9,24.62431835216408,135.0,16,0
73181,9,24.62431835216408,146.25,16,0
73182,9,24.62431835216408,157.5,22,0
73183,9,24.62431835216408,168.75,19,0
73184,9,24.62431835216408,-180.0,13,0
73185,9,24.62431835216408,-168.75,19,0
73186,9,24.62431835216408,-157.5,15,0
73187,9,24.62431835216408,-146.25,21,0
73188,9,24.62431835216408,-135.0,18,0
73189,9,24.62431835216408,-123.75,12,1
73190,9,24.62431835216408,-112.5,21,0
73191,9,24.62431835216408,-101.25,17,0
73192,9,24.62431835216408,-90.0,9,0
73193,9,24.62431835216408,-78.75000000000006,17,0
73194,9,24.62431835216408,-67.5,26,0
73195,9,24.62431835216408,-56.25,16,0
73196,9,24.62431835216408,-45.0,15,0
73197,9,24.62431835216408,-33.75000000000006,12,0
73198,9,24.62431835216408,-22.5,14,0
73199,9,24.62431835216408,-11.25,17,0
73200,9,19.47122063449069,5.625,19,0
73201,9,19.47122063449069,16.875,17,0
73202,9,19.47122063449069,28.125,11,0
73203,9,19.47122063449069,39.375,18,0
73204,9,19.47122063449069,50.625,16,0
73205,9,19.47122063449069,61.875,14,0
73206,9,19.47122063449069,73.125,17,0
73207,9,19.47122063449069,84.375,18,0
73208,9,19.47122063449069,95.625,19,0
73209,9,19.47122063449069,106.875,11,0
73210,9,19.47122063449069,118.125,18,0
73211,9,19.47122063449069,129.375,18,0
73212,9,19.47122063449069,140.625,17,0
73213,9,19.47122063449069,151.875,20,0
73214,9,19.47122063449069,163.125,22,0
73215,9,19.47122063449069,174.375,15,0
73216,9,19.47122063449069,-174.375,19,0
73217,9,19.47122063449069,-163.125,19,0
73218,9,19.47122063449069,-151.875,17,0
73219,9,19.47122063449069,-140.625,20,0
73220,9,19.47122063449069,-129.37500000000006,23,1
73221,9,19.47122063449069,-118.125,14,0
73222,9,19.47122063449069,-106.875,11,0
73223,9,19.47122063449069,-95.625,21,0
73224,9,19.47122063449069,-84.375,12,0
73225,9,19.47122063449069,-73.12500000000006,12,0
73226,9,19.47122063449069,-61.875,25,0
73227,9,19.47122063449069,-50.625,20,0
73228,9,19.47122063449069,-39.375,17,0
73229,9,19.47122063449069,-28.125,23,0
73230,9,19.47122063449069,-16.875,16,0
73231,9,19.47122063449069,-5.625,22,0
73232,9,14.477512185929925,0.0,21,0
73233,9,14.477512185929925,11.25,19,0
73234,9,14.477512185929925,22.5,18,0
73235,9,14.477512185929925,33.75,12,0
73236,9,14.477512185929925,45.0,17,0
73237,9,14.477512185929925,56.25,14,0
73238,9,14.477512185929925,67.5,18,0
73239,9,14.477512185929925,78.75,21,0
73240,9,14.477512185929925,90.0,22,0
73241,9,14.477512185929925,101.25,14,0
73242,9,14.477512185929925,112.5,16,0
73243,9,14.477512185929925,123.75,19,0
73244,9,14.477512185929925,135.0,11,0
73245,9,14.477512185929925,146.25,15,0
73246,9,14.477512185929925,157.5,17,0
73247,9,14.477512185929925,168.75,17,0
73248,9,14.477512185929925,-180.0,20,1
73249,9,14.477512185929925,-168.75,19,0
73250,9,14.477512185929925,-157.5,11,0
73251,9,14.477512185929925,-146.25,16,0
73252,9,14.477512185929925,-135.0,17,0
73253,9,14.477512185929925,-123.75,17,0
73254,9,14.477512185929925,-112.5,14,0
73255,9,14.477512185929925,-101.25,20,0
73256,9,14.477512185929925,-90.0,14,0
73257,9,14.477512185929925,-78.75000000000006,9,0
73258,9,14.477512185929925,-67.5,11,0
73259,9,14.477512185929925,-56.25,18,0
73260,9,14.477512185929925,-45.0,23,0
73261,9,14.477512185929925,-33.75000000000006,22,0
73262,9,14.477512185929925,-22.5,17,0
73263,9,14.477512185929925,-11.25,18,0
73264,9,9.594068226860458,5.625,17,0
73265,9,9.594068226860458,16.875,17,0
73266,9,9.594068226860458,28.125,24,0
73267,9,9.594068226860458,39.375,18,0
73268,9,9.594068226860458,50.625,25,0
73269,9,9.594068226860458,61.875,18,0
73270,9,9.594068226860458,73.125,16,0
73271,9,9.594068226860458,84.375,25,0
73272,9,9.594068226860458,95.625,13,0
73273,9,9.594068226860458,106.875,18,0
73274,9,9.594068226860458,118.125,15,2
73275,9,9.594068226860458,129.375,13,0
73276,9,9.594068226860458,140.625,19,0
73277,9,9.594068226860458,151.875,13,0
73278,9,9.594068226860458,163.125,26,0
73279,9,9.594068226860458,174.375,20,0
73280,9,9.594068226860458,-174.375,17,1
73281,9,9.594068226860458,-163.125,23,0
73282,9,9.594068226860458,-151.875,14,0
73283,9,9.594068226860458,-140.625,15,0
73284,9,9.594068226860458,-129.37500000000006,20,0
73285,9,9.594068226860458,-118.125,15,0
73286,9,9.594068226860458,-106.875,14,0
73287,9,9.594068226860458,-95.625,15,0
73288,9,9.594068226860458,-84.375,14,0
73289,9,9.594068226860458,-73.12500000000006,12,0
73290,9,9.594068226860458,-61.875,18,0
73291,9,9.594068226860458,-50.625,17,0
73292,9,9.594068226860458,-39.375,19,0
73293,9,9.594068226860458,-28.125,10,0
73294,9,9.594068226860458,-16.875,14,0
73295,9,9.594068226860458,-5.625,17,0
73296,9,4.780191847199163,0.0,20,2
73297,9,4.780191847199163,11.25,15,0
73298,9,4.780191847199163,22.5,16,1
73299,9,4.780191847199163,33.75,21,0
73300,9,4.780191847199163,45.0,25,4
73301,9,4.780191847199163,56.25,17,1
73302,9,4.780191847199163,67.5,21,4
73303,9,4.780191847199163,78.75,10,2
73304,9,4.780191847199163,90.0,27,3
73305,9,4.780191847199163,101.25,15,0
73306,9,4.780191847199163,112.5,18,0
73307,9,4.780191847199163,123.75,18,3
73308,9,4.780191847199163,135.0,19,0
73309,9,4.780191847199163,146.25,15,3
73310,9,4.780191847199163,157.5,24,3
73311,9,4.780191847199163,168.75,16,4
73312,9,4.780191847199163,-180.0,18,0
73313,9,4.780191847199163,-168.75,12,1
73314,9,4.780191847199163,-157.5,17,1
73315,9,4.780191847199163,-146.25,12,1
73316,9,4.780191847199163,-135.0,14,5
73317,9,4.780191847199163,-123.75,13,2
73318,9,4.780191847199163,-112.5,19,3
73319,9,4.780191847199163,-101.25,16,0
73320,9,4.780191847199163,-90.0,12,1
73321,9,4.780191847199163,-78.75000000000006,30,2
73322,9,4.780191847199163,-67.5,21,2
73323,9,4.780191847199163,-56.25,15,5
73324,9,4.780191847199163,-45.0,14,4
73325,9,4.780191847199163,-33.75000000000006,10,3
73326,9,4.780191847199163,-22.5,18,4
73327,9,4.780191847199163,-11.25,13,1
73328,9,0.0,5.625,15,4
73329,9,0.0,16.875,19,4
73330,9,0.0,28.125,17,2
73331,9,0.0,39.375,19,4
73332,9,0.0,50.625,22,5
73333,9,0.0,61.875,18,4
73334,9,0.0,73.125,15,7
73335,9,0.0,84.375,17,3
73336,9,0.0,95.625,17,1
73337,9,0.0,106.875,19,3
73338,9,0.0,118.125,22,3
73339,9,0.0,129.375,15,0
73340,9,0.0,140.625,15,2
73341,9,0.0,151.875,12,1
73342,9,0.0,163.125,13,8
73343,9,0.0,174.375,17,2
73344,9,0.0,-174.375,23,2
73345,9,0.0,-163.125,25,3
73346,9,0.0,-151.875,10,0
73347,9,0.0,-140.625,12,4
73348,9,0.0,-129.37500000000006,15,4
73349,9,0.0,-118.125,18,4
73350,9,0.0,-106.875,11,2
73351,9,0.0,-95.625,14,3
73352,9,0.0,-84.375,19,5
73353,9,0.0,-73.12500000000006,28,1
73354,9,0.0,-61.875,18,4
73355,9,0.0,-50.625,19,9
73356,9,0.0,-39.375,14,5
73357,9,0.0,-28.125,20,5
73358,9,0.0,-16.875,11,0
73359,9,0.0,-5.625,19,3
73360,9,-4.780191847199163,0.0,21,1
73361,9,-4.780191847199163,11.25,20,1
73362,9,-4.780191847199163,22.5,27,2
73363,9,-4.780191847199163,33.75,21,2
73364,9,-4.780191847199163,45.0,19,5
73365,9,-4.780191847199163,56.25,19,2
73366,9,-4.780191847199163,67.5,17,4
73367,9,-4.780191847199163,78.75,10,2
73368,9,-4.780191847199163,90.0,20,2
73369,9,-4.780191847199163,101.25,20,0
73370,9,-4.780191847199163,112.5,26,1
73371,9,-4.780191847199163,123.75,24,1
73372,9,-4.780191847199163,135.0,15,1
73373,9,-4.780191847199163,146.25,15,1
73374,9,-4.780191847199163,157.5,14,2
73375,9,-4.780191847199163,168.75,14,3
73376,9,-4.780191847199163,-180.0,14,1
73377,9,-4.780191847199163,-168.75,23,1
73378,9,-4.780191847199163,-157.5,19,1
73379,9,-4.780191847199163,-146.25,14,0
73380,9,-4.780191847199163,-135.0,19,4
73381,9,-4.780191847199163,-123.75,19,2
73382,9,-4.780191847199163,-112.5,16,0
73383,9,-4.780191847199163,-101.25,9,1
73384,9,-4.780191847199163,-90.0,15,6
73385,9,-4.780191847199163,-78.75000000000006,21,1
73386,9,-4.780191847199163,-67.5,21,0
73387,9,-4.780191847199163,-56.25,22,3
73388,9,-4.780191847199163,-45.0,18,2
73389,9,-4.780191847199163,-33.75000000000006,17,3
73390,9,-4.780191847199163,-22.5,14,1
73391,9,-4.780191847199163,-11.25,10,1
73392,9,-9.594068226860458,5.625,19,0
73393,9,-9.594068226860458,16.875,15,1
73394,9,-9.594068226860458,28.125,20,0
73395,9,-9.594068226860458,39.375,15,1
73396,9,-9.594068226860458,50.625,19,0
73397,9,-9.594068226860458,61.875,15,0
73398,9,-9.594068226860458,73.125,20,0
73399,9,-9.594068226860458,84.375,12,0
73400,9,-9.594068226860458,95.625,17,0
73401,9,-9.594068226860458,106.875,16,0
73402,9,-9.594068226860458,118.125,26,0
73403,9,-9.594068226860458,129.375,18,0
73404,9,-9.594068226860458,140.625,14,0
73405,9,-9.594068226860458,151.875,24,0
73406,9,-9.594068226860458,163.125,13,0
73407,9,-9.594068226860458,174.375,18,0
73408,9,-9.594068226860458,-174.375,19,0
73409,9,-9.594068226860458,-163.125,21,0
73410,9,-9.594068226860458,-151.875,9,0
73411,9,-9.594068226860458,-140.625,11,0
73412,9,-9.594068226860458,-129.37500000000006,13,0
73413,9,-9.594068226860458,-118.125,13,0
73414,9,-9.594068226860458,-106.875,18,0
73415,9,-9.594068226860458,-95.625,19,0
73416,9,-9.594068226860458,-84.375,20,0
73417,9,-9.594068226860458,-73.12500000000006,16,0
73418,9,-9.594068226860458,-61.875,18,0
73419,9,-9.594068226860458,-50.625,24,0
73420,9,-9.594068226860458,-39.375,14,0
73421,9,-9.594068226860458,-28.125,23,0
73422,9,-9.594068226860458,-16.875,18,0
73423,9,-9.594068226860458,-5.625,18,0
73424,9,-14.477512185929925,0.0,12,1
73425,9,-14.477512185929925,11.25,19,1
73426,9,-14.477512185929925,22.5,14,0
73427,9,-14.477512185929925,33.75,13,0
73428,9,-14.477512185929925,45.0,19,0
73429,9,-14.477512185929925,56.25,21,0
73430,9,-14.477512185929925,67.5,17,0
73431,9,-14.477512185929925,78.75,18,0
73432,9,-14.477512185929925,90.0,18,0
73433,9,-14.477512185929925,101.25,13,0
73434,9,-14.477512185929925,112.5,13,0
73435,9,-14.477512185929925,123.75,24,0
73436,9,-14.477512185929925,135.0,16,0
73437,9,-14.477512185929925,146.25,21,0
73438,9,-14.477512185929925,157.5,13,0
73439,9,-14.477512185929925,168.75,19,0
73440,9,-14.477512185929925,-180.0,23,0
73441,9,-14.477512185929925,-168.75,20,0
73442,9,-14.477512185929925,-157.5,16,0
73443,9,-14.477512185929925,-146.25,15,0
73444,9,-14.477512185929925,-135.0,17,0
73445,9,-14.477512185929925,-123.75,11,0
73446,9,-14.477512185929925,-112.5,11,0
73447,9,-14.477512185929925,-101.25,25,0
73448,9,-14.477512185929925,-90.0,23,0
73449,9,-14.477512185929925,-78.75000000000006,22,0
73450,9,-14.477512185929925,-67.5,21,0
73451,9,-14.477512185929925,-56.25,26,0
73452,9,-14.477512185929925,-45.0,11,0
73453,9,-14.477512185929925,-33.75000000000006,16,0
73454,9,-14.477512185929925,-22.5,18,1
73455,9,-14.477512185929925,-11.25,9,0
73456,9,-19.47122063449069,5.625,11,0
73457,9,-19.47122063449069,16.875,19,0
73458,9,-19.47122063449069,28.125,15,0
73459,9,-19.47122063449069,39.375,17,0
73460,9,-19.47122063449069,50.625,22,0
73461,9,-19.47122063449069,61.875,21,0
73462,9,-19.47122063449069,73.125,17,0
73463,9,-19.47122063449069,84.375,24,0
73464,9,-19.47122063449069,95.625,12,0
73465,9,-19.47122063449069,106.875,10,0
73466,9,-19.47122063449069,118.125,17,0
73467,9,-19.47122063449069,129.375,19,0
73468,9,-19.47122063449069,140.625,19,0
73469,9,-19.47122063449069,151.875,23,0
73470,9,-19.47122063449069,163.125,12,0
73471,9,-19.47122063449069,174.375,18,1
73472,9,-19.47122063449069,-174.375,17,0
73473,9,-19.47122063449069,-163.125,22,0
73474,9,-19.47122063449069,-151.875,19,0
73475,9,-19.47122063449069,-140.625,18,0
73476,9,-19.47122063449069,-129.37500000000006,12,0
73477,9,-19.47122063449069,-118.125,17,0
73478,9,-19.47122063449069,-106.875,17,0
73479,9,-19.47122063449069,-95.625,19,0
73480,9,-19.47122063449069,-84.375,17,0
73481,9,-19.47122063449069,-73.12500000000006,21,0
73482,9,-19.47122063449069,-61.875,23,0
73483,9,-19.47122063449069,-50.625,24,0
73484,9,-19.47122063449069,-39.375,20,0
73485,9,-19.47122063449069,-28.125,12,0
73486,9,-19.47122063449069,-16.875,12,1
73487,9,-19.47122063449069,-5.625,9,1
73488,9,-24.62431835216408,0.0,17,0
73489,9,-24.62431835216408,11.25,15,0
73490,9,-24.62431835216408,22.5,22,0
73491,9,-24.62431835216408,33.75,18,0
73492,9,-24.62431835216408,45.0,20,0
73493,9,-24.62431835216408,56.25,25,0
73494,9,-24.62431835216408,67.5,19,0
73495,9,-24.62431835216408,78.75,22,0
73496,9,-24.62431835216408,90.0,18,0
73497,9,-24.62431835216408,101.25,15,0
73498,9,-24.62431835216408,112.5,12,0
73499,9,-24.62431835216408,123.75,16,0
73500,9,-24.62431835216408,135.0,20,0
73501,9,-24.62431835216408,146.25,13,0
73502,9,-24.62431835216408,157.5,17,0
73503,9,-24.62431835216408,168.75,11,0
73504,9,-24.62431835216408,-180.0,18,1
73505,9,-24.62431835216408,-168.75,15,0
73506,9,-24.62431835216408,-157.5,17,0
73507,9,-24.62431835216408,-146.25,27,0
73508,9,-24.62431835216408,-135.0,22,0
73509,9,-24.62431835216408,-123.75,15,0
73510,9,-24.62431835216408,-112.5,16,0
73511,9,-24.62431835216408,-101.25,13,0
73512,9,-24.62431835216408,-90.0,19,0
73513,9,-24.62431835216408,-78.75000000000006,17,0
73514,9,-24.62431835216408,-67.5,17,0
73515,9,-24.62431835216408,-56.25,14,0
73516,9,-24.62431835216408,-45.0,19,0
73517,9,-24.62431835216408,-33.75000000000006,16,1
73518,9,-24.62431835216408,-22.5,13,0
73519,9,-24.62431835216408,-11.25,16,0
73520,9,-30.000000000000014,5.625,17,0
73521,9,-30.000000000000014,16.875,18,0
73522,9,-30.000000000000014,28.125,17,0
73523,9,-30.000000000000014,39.375,18,0
73524,9,-30.000000000000014,50.625,20,0
73525,9,-30.000000000000014,61.875,20,0
73526,9,-30.000000000000014,73.125,19,0
73527,9,-30.000000000000014,84.375,17,0
73528,9,-30.000000000000014,95.625,20,0
73529,9,-30.000000000000014,106.875,23,0
73530,9,-30.000000000000014,118.125,17,0
73531,9,-30.000000000000014,129.375,16,0
73532,9,-30.000000000000014,140.625,18,0
73533,9,-30.000000000000014,151.875,15,0
73534,9,-30.000000000000014,163.125,11,0
73535,9,-30.000000000000014,174.375,22,0
73536,9,-30.000000000000014,-174.375,16,0
73537,9,-30.000000000000014,-163.125,16,0
73538,9,-30.000000000000014,-151.875,20,0
73539,9,-30.000000000000014,-140.625,17,0
73540,9,-30.000000000000014,-129.37500000000006,20,0
73541,9,-30.000000000000014,-118.125,20,0
73542,9,-30.000000000000014,-106.875,13,0
73543,9,-30.000000000000014,-95.625,17,0
73544,9,-30.000000000000014,-84.375,19,0
73545,9,-30.000000000000014,-73.12500000000006,20,0
73546,9,-30.000000000000014,-61.875,13,0
73547,9,-30.000000000000014,-50.625,17,0
73548,9,-30.000000000000014,-39.375,19,0
73549,9,-30.000000000000014,-28.125,22,1
73550,9,-30.000000000000014,-16.875,20,0
73551,9,-30.000000000000014,-5.625,15,0
73552,9,-35.68533471265205,0.0,15,0
73553,9,-35.68533471265205,11.25,14,0
73554,9,-35.68533471265205,22.5,14,0
73555,9,-35.68533471265205,33.75,15,0
73556,9,-35.68533471265205,45.0,16,0
73557,9,-35.68533471265205,56.25,13,0
73558,9,-35.68533471265205,67.5,19,0
73559,9,-35.68533471265205,78.75,13,0
73560,9,-35.68533471265205,90.0,11,0
73561,9,-35.68533471265205,101.25,14,0
73562,9,-35.68533471265205,112.5,17,0
73563,9,-35.68533471265205,123.75,21,0
73564,9,-35.68533471265205,135.0,18,0
73565,9,-35.68533471265205,146.25,15,0
73566,9,-35.68533471265205,157.5,15,0
73567,9,-35.68533471265205,168.75,16,0
73568,9,-35.68533471265205,-180.0,16,0
73569,9,-35.68533471265205,-168.75,16,0
73570,9,-35.68533471265205,-157.5,12,0
73571,9,-35.68533471265205,-146.25,20,0
73572,9,-35.68533471265205,-135.0,16,0
73573,9,-35.68533471265205,-123.75,20,0
73574,9,-35.68533471265205,-112.5,21,0
73575,9,-35.68533471265205,-101.25,19,0
73576,9,-35.68533471265205,-90.0,16,0
73577,9,-35.68533471265205,-78.75000000000006,17,0
73578,9,-35.68533471265205,-67.5,18,0
73579,9,-35.68533471265205,-56.25,18,0
73580,9,-35.68533471265205,-45.0,18,0
73581,9,-35.68533471265205,-33.75000000000006,31,0
73582,9,-35.68533471265205,-22.5,23,0
73583,9,-35.68533471265205,-11.25,20,0
73584,9,-41.81031489577862,5.625,16,0
73585,9,-41.81031489577862,16.875,14,0
73586,9,-41.81031489577862,28.125,10,0
73587,9,-41.81031489577862,39.375,20,0
73588,9,-41.81031489577862,50.625,25,0
73589,9,-41.81031489577862,61.875,21,0
73590,9,-41.81031489577862,73.125,13,0
73591,9,-41.81031489577862,84.375,10,0
73592,9,-41.81031489577862,95.625,20,0
73593,9,-41.81031489577862,106.875,17,0
73594,9,-41.81031489577862,118.125,15,0
73595,9,-41.81031489577862,129.375,18,0
73596,9,-41.81031489577862,140.625,16,0
73597,9,-41.81031489577862,151.875,13,0
73598,9,-41.81031489577862,163.125,16,0
73599,9,-41.81031489577862,174.375,21,0
73600,9,-41.81031489577862,-174.375,17,0
73601,9,-41.81031489577862,-163.125,16,0
73602,9,-41.81031489577862,-151.875,10,0
73603,9,-41.81031489577862,-140.625,17,0
73604,9,-41.81031489577862,-129.37500000000006,13,0
73605,9,-41.81031489577862,-118.125,16,0
73606,9,-41.81031489577862,-106.875,23,0
73607,9,-41.81031489577862,-95.625,18,0
73608,9,-41.81031489577862,-84.375,16,0
73609,9,-41.81031489577862,-73.12500000000006,19,0
73610,9,-41.81031489577862,-61.875,19,0
73611,9,-41.81031489577862,-50.625,17,0
73612,9,-41.81031489577862,-39.375,22,0
73613,9,-41.81031489577862,-28.125,21,0
73614,9,-41.81031489577862,-16.875,14,0
73615,9,-41.81031489577862,-5.625,23,0
73616,9,-48.1412077943603,6.428571428571416,13,0
73617,9,-48.1412077943603,19.285714285714278,16,0
73618,9,-48.1412077943603,32.14285714285714,15,0
73619,9,-48.1412077943603,45.0,19,0
73620,9,-48.1412077943603,57.85714285714286,11,0
73621,9,-48.1412077943603,70.71428571428572,16,0
73622,9,-48.1412077943603,83.57142857142856,14,0
73623,9,-48.1412077943603,96.42857142857144,16,0
73624,9,-48.1412077943603,109.28571428571428,17,0
73625,9,-48.1412077943603,122.14285714285711,17,0
73626,9,-48.1412077943603,135.0,13,0
73627,9,-48.1412077943603,147.8571428571429,20,0
73628,9,-48.1412077943603,160.71428571428572,18,0
73629,9,-48.1412077943603,173.57142857142856,17,0
73630,9,-48.1412077943603,-173.57142857142856,16,0
73631,9,-48.1412077943603,-160.71428571428572,16,0
73632,9,-48.1412077943603,-147.8571428571429,16,0
73633,9,-48.1412077943603,-135.0,25,0
73634,9,-48.1412077943603,-122.14285714285711,22,0
73635,9,-48.1412077943603,-109.28571428571428,24,1
73636,9,-48.1412077943603,-96.42857142857144,15,0
73637,9,-48.1412077943603,-83.57142857142856,19,0
73638,9,-48.1412077943603,-70.71428571428572,20,0
73639,9,-48.1412077943603,-57.85714285714283,18,0
73640,9,-48.1412077943603,-45.0,24,0
73641,9,-48.1412077943603,-32.14285714285717,21,0
73642,9,-48.1412077943603,-19.28571428571422,12,0
73643,9,-48.1412077943603,-6.428571428571445,14,0
73644,9,-54.340912303861245,7.5,11,0
73645,9,-54.340912303861245,22.5,22,0
73646,9,-54.340912303861245,37.5,15,0
73647,9,-54.340912303861245,52.5,15,0
73648,9,-54.340912303861245,67.5,19,0
73649,9,-54.340912303861245,82.5,23,0
73650,9,-54.340912303861245,97.5,23,0
73651,9,-54.340912303861245,112.5,20,0
73652,9,-54.340912303861245,127.5,17,0
73653,9,-54.340912303861245,142.5,23,0
73654,9,-54.340912303861245,157.5,15,0
73655,9,-54.340912303861245,172.5,14,0
73656,9,-54.340912303861245,-172.5,18,0
73657,9,-54.340912303861245,-157.5,12,0
73658,9,-54.340912303861245,-142.5,19,0
73659,9,-54.340912303861245,-127.5,18,0
73660,9,-54.340912303861245,-112.5,15,0
73661,9,-54.340912303861245,-97.5,8,0
73662,9,-54.340912303861245,-82.5,11,0
73663,9,-54.340912303861245,-67.5,27,0
73664,9,-54.340912303861245,-52.50000000000006,18,0
73665,9,-54.340912303861245,-37.5,13,0
73666,9,-54.340912303861245,-22.5,16,0
73667,9,-54.340912303861245,-7.5,19,0
73668,9,-60.4344388449523,9.0,16,0
73669,9,-60.4344388449523,27.0,21,0
73670,9,-60.4344388449523,45.0,18,0
73671,9,-60.4344388449523,63.0,25,0
73672,9,-60.4344388449523,81.0,18,0
73673,9,-60.4344388449523,99.0,12,0
73674,9,-60.4344388449523,117.0,26,0
73675,9,-60.4344388449523,135.0,14,0
73676,9,-60.4344388449523,153.0,20,0
73677,9,-60.4344388449523,171.0,18,0
73678,9,-60.4344388449523,-171.0,21,0
73679,9,-60.4344388449523,-153.0,15,0
73680,9,-60.4344388449523,-135.0,20,0
73681,9,-60.4344388449523,-117.0,22,0
73682,9,-60.4344388449523,-99.0,12,0
73683,9,-60.4344388449523,-81.0,10,0
73684,9,-60.4344388449523,-63.0,30,0
73685,9,-60.4344388449523,-45.0,13,0
73686,9,-60.4344388449523,-27.0,9,0
73687,9,-60.4344388449523,-9.0,23,0
73688,9,-66.44353569089876,11.25,21,0
73689,9,-66.44353569089876,33.75,23,0
73690,9,-66.44353569089876,56.25,20,0
73691,9,-66.44353569089876,78.75,16,0
73692,9,-66.44353569089876,101.25,14,0
73693,9,-66.44353569089876,123.75,17,0
73694,9,-66.44353569089876,146.25,15,0
73695,9,-66.44353569089876,168.75,12,0
73696,9,-66.44353569089876,-168.75,24,0
73697,9,-66.44353569089876,-146.25,19,0
73698,9,-66.44353569089876,-123.75,21,0
73699,9,-66.44353569089876,-101.25,22,0
73700,9,-66.44353569089876,-78.75,14,0
73701,9,-66.44353569089876,-56.25,21,0
73702,9,-66.44353569089876,-33.75,15,0
73703,9,-66.44353569089876,-11.25,16,0
73704,9,-72.38756092964962,15.0,17,0
73705,9,-72.38756092964962,45.0,21,0
73706,9,-72.38756092964962,75.0,20,0
73707,9,-72.38756092964962,105.0,16,0
73708,9,-72.38756092964962,135.0,12,0
73709,9,-72.38756092964962,165.0,12,0
73710,9,-72.38756092964962,-165.0,16,0
73711,9,-72.38756092964962,-135.0,18,0
73712,9,-72.38756092964962,-105.0,21,0
73713,9,-72.38756092964962,-75.0,20,0
73714,9,-72.38756092964962,-45.0,16,0
73715,9,-72.38756092964962,-15.0,17,0
73716,9,-78.28414760510762,22.5,23,0
73717,9,-78.28414760510762,67.5,17,0
73718,9,-78.28414760510762,112.5,14,0
73719,9,-78.28414760510762,157.5,17,0
73720,9,-78.28414760510762,-157.5,15,0
73721,9,-78.28414760510762,-112.5,11,0
73722,9,-78.28414760510762,-67.5,20,0
73723,9,-78.28414760510762,-22.5,18,0
73724,9,-84.14973293629666,45.0,19,0
73725,9,-84.14973293629666,135.0,19,0
73726,9,-84.14973293629666,-135.0,13,0
73727,9,-84.14973293629666,-45.0,22,0
73728,9,84.14973293629666,45.0,14,0
73729,9,84.14973293629666,135.0,17,0
73730,9,84.14973293629666,-135.0,15,0
73731,9,84.14973293629666,-45.0,24,0
73732,9,78.28414760510762,22.5,12,0
73733,9,78.28414760510762,67.5,17,0
73734,9,78.28414760510762,112.5,19,0
73735,9,78.28414760510762,157.5,14,0
73736,9,78.28414760510762,-157.5,26,0
73737,9,78.28414760510762,-112.5,17,0
73738,9,78.28414760510762,-67.5,24,0
73739,9,78.28414760510762,-22.5,15,0
73740,9,72.38756092964962,15.0,13,0
73741,9,72.38756092964962,45.0,13,0
73742,9,72.38756092964962,75.0,23,0
73743,9,72.38756092964962,105.0,29,0
73744,9,72.38756092964962,135.0,14,0
73745,9,72.38756092964962,165.0,13,0
73746,9,72.38756092964962,-165.0,19,0
73747,9,72.38756092964962,-135.0,26,0
73748,9,72.38756092964962,-105.0,20,0
73749,9,72.38756092964962,-75.0,15,0
73750,9,72.38756092964962,-45.0,18,0
73751,9,72.38756092964962,-15.0,14,0
73752,9,66.44353569089877,11.25,16,0
73753,9,66.44353569089877,33.75,14,0
73754,9,66.44353569089877,56.25,15,0
73755,9,66.44353569089877,78.75,15,0
73756,9,66.44353569089877,101.25,21,0
73757,9,66.44353569089877,123.75,16,0
73758,9,66.44353569089877,146.25,17,0
73759,9,66.44353569089877,168.75,19,0
73760,9,66.44353569089877,-168.75,19,0
73761,9,66.44353569089877,-146.25,19,0
73762,9,66.44353569089877,-123.75,18,0
73763,9,66.44353569089877,-101.25,16,0
73764,9,66.44353569089877,-78.75,15,0
73765,9,66.44353569089877,-56.25,19,0
73766,9,66.44353569089877,-33.75,10,0
73767,9,66.44353569089877,-11.25,19,0
73768,9,60.43443884495228,9.0,14,0
73769,9,60.43443884495228,27.0,16,0
73770,9,60.43443884495228,45.0,19,0
73771,9,60.43443884495228,63.0,17,0
73772,9,60.43443884495228,81.0,20,0
73773,9,60.43443884495228,99.0,16,0
73774,9,60.43443884495228,117.0,14,0
73775,9,60.43443884495228,135.0,14,0
73776,9,60.43443884495228,153.0,12,0
73777,9,60.43443884495228,171.0,16,0
73778,9,60.43443884495228,-171.0,11,0
73779,9,60.43443884495228,-153.0,15,0
73780,9,60.43443884495228,-135.0,18,0
73781,9,60.43443884495228,-117.0,10,0
73782,9,60.43443884495228,-99.0,19,0
73783,9,60.43443884495228,-81.0,17,0
73784,9,60.43443884495228,-63.0,10,0
73785,9,60.43443884495228,-45.0,17,0
73786,9,60.43443884495228,-27.0,15,0
73787,9,60.43443884495228,-9.0,16,0
73788,9,54.340912303861245,7.5,23,0
73789,9,54.340912303861245,22.5,13,0
73790,9,54.340912303861245,37.5,18,0
73791,9,54.340912303861245,52.5,13,0
73792,9,54.340912303861245,67.5,19,0
73793,9,54.340912303861245,82.5,15,0
73794,9,54.340912303861245,97.5,21,0
73795,9,54.340912303861245,112.5,17,0
73796,9,54.340912303861245,127.5,14,0
73797,9,54.340912303861245,142.5,17,0
73798,9,54.340912303861245,157.5,21,0
73799,9,54.340912303861245,172.5,19,0
73800,9,54.340912303861245,-172.5,11,0
73801,9,54.340912303861245,-157.5,17,0
73802,9,54.340912303861245,-142.5,16,0
73803,9,54.340912303861245,-127.5,10,0
73804,9,54.340912303861245,-112.5,18,0
73805,9,54.340912303861245,-97.5,15,0
73806,9,54.340912303861245,-82.5,24,0
73807,9,54.340912303861245,-67.5,13,0
73808,9,54.340912303861245,-52.50000000000006,18,0
73809,9,54.340912303861245,-37.5,22,0
73810,9,54.340912303861245,-22.5,22,0
73811,9,54.340912303861245,-7.5,14,0
73812,9,48.141207794360284,6.428571428571416,15,0
73813,9,48.141207794360284,19.285714285714278,19,0
73814,9,48.141207794360284,32.14285714285714,14,0
73815,9,48.141207794360284,45.0,16,0
73816,9,48.141207794360284,57.85714285714286,19,0
73817,9,48.141207794360284,70.71428571428572,26,0
73818,9,48.141207794360284,83.57142857142856,24,0
73819,9,48.141207794360284,96.42857142857144,24,0
73820,9,48.141207794360284,109.28571428571428,18,0
73821,9,48.141207794360284,122.14285714285711,20,0
73822,9,48.141207794360284,135.0,13,0
73823,9,48.141207794360284,147.8571428571429,18,0
73824,9,48.141207794360284,160.71428571428572,16,0
73825,9,48.141207794360284,173.57142857142856,15,0
73826,9,48.141207794360284,-173.57142857142856,15,0
73827,9,48.141207794360284,-160.71428571428572,21,0
73828,9,48.141207794360284,-147.8571428571429,21,0
73829,9,48.141207794360284,-135.0,21,0
73830,9,48.141207794360284,-122.14285714285711,23,0
73831,9,48.141207794360284,-109.28571428571428,18,0
73832,9,48.141207794360284,-96.42857142857144,24,0
73833,9,48.141207794360284,-83.57142857142856,25,0
73834,9,48.141207794360284,-70.71428571428572,13,0
73835,9,48.141207794360284,-57.85714285714283,13,0
73836,9,48.141207794360284,-45.0,14,0
73837,9,48.141207794360284,-32.14285714285717,27,0
73838,9,48.141207794360284,-19.28571428571422,24,0
73839,9,48.141207794360284,-6.428571428571445,17,0
73840,9,41.81031489577859,5.625,12,0
73841,9,41.81031489577859,16.875,19,0
73842,9,41.81031489577859,28.125,23,0
73843,9,41.81031489577859,39.375,14,0
73844,9,41.81031489577859,50.625,26,0
73845,9,41.81031489577859,61.875,10,0
73846,9,41.81031489577859,73.125,20,0
73847,9,41.81031489577859,84.375,27,0
73848,9,41.81031489577859,95.625,25,0
73849,9,41.81031489577859,106.875,12,0
73850,9,41.81031489577859,118.125,21,0
73851,9,41.81031489577859,129.375,6,0
73852,9,41.81031489577859,140.625,18,0
73853,9,41.81031489577859,151.875,18,0
73854,9,41.81031489577859,163.125,23,0
73855,9,41.81031489577859,174.375,17,0
73856,9,41.81031489577859,-174.375,20,0
73857,9,41.81031489577859,-163.125,21,0
73858,9,41.81031489577859,-151.875,12,0
73859,9,41.81031489577859,-140.625,18,0
73860,9,41.81031489577859,-129.37500000000006,22,0
73861,9,41.81031489577859,-118.125,20,0
73862,9,41.81031489577859,-106.875,18,0
73863,9,41.81031489577859,-95.625,22,0
73864,9,41.81031489577859,-84.375,12,0
73865,9,41.81031489577859,-73.12500000000006,15,0
73866,9,41.81031489577859,-61.875,12,0
73867,9,41.81031489577859,-50.625,14,0
73868,9,41.81031489577859,-39.375,15,0
73869,9,41.81031489577859,-28.125,14,0
73870,9,41.81031489577859,-16.875,19,0
73871,9,41.81031489577859,-5.625,14,0
73872,9,35.68533471265204,0.0,17,0
73873,9,35.68533471265204,11.25,18,0
73874,9,35.68533471265204,22.5,10,0
73875,9,35.68533471265204,33.75,14,0
73876,9,35.68533471265204,45.0,20,0
73877,9,35.68533471265204,56.25,25,0
73878,9,35.68533471265204,67.5,7,0
73879,9,35.68533471265204,78.75,12,0
73880,9,35.68533471265204,90.0,22,1
73881,9,35.68533471265204,101.25,21,0
73882,9,35.68533471265204,112.5,16,0
73883,9,35.68533471265204,123.75,10,0
73884,9,35.68533471265204,135.0,16,0
73885,9,35.68533471265204,146.25,30,0
73886,9,35.68533471265204,157.5,17,0
73887,9,35.68533471265204,168.75,14,0
73888,9,35.68533471265204,-180.0,18,0
73889,9,35.68533471265204,-168.75,22,0
73890,9,35.68533471265204,-157.5,18,0
73891,9,35.68533471265204,-146.25,13,0
73892,9,35.68533471265204,-135.0,14,0
73893,9,35.68533471265204,-123.75,17,0
73894,9,35.68533471265204,-112.5,26,0
73895,9,35.68533471265204,-101.25,27,0
73896,9,35.68533471265204,-90.0,13,0
73897,9,35.68533471265204,-78.75000000000006,15,0
73898,9,35.68533471265204,-67.5,10,0
73899,9,35.68533471265204,-56.25,10,0
73900,9,35.68533471265204,-45.0,16,1
73901,9,35.68533471265204,-33.75000000000006,17,1
73902,9,35.68533471265204,-22.5,12,0
73903,9,35.68533471265204,-11.25,20,0
73904,9,30.000000000000007,5.625,12,0
73905,9,30.000000000000007,16.875,17,0
73906,9,30.000000000000007,28.125,14,0
73907,9,30.000000000000007,39.375,16,0
73908,9,30.000000000000007,50.625,17,0
73909,9,30.000000000000007,61.875,15,0
73910,9,30.000000000000007,73.125,18,0
73911,9,30.000000000000007,84.375,17,1
73912,9,30.000000000000007,95.625,17,0
73913,9,30.000000000000007,106.875,16,0
73914,9,30.000000000000007,118.125,15,0
73915,9,30.000000000000007,129.375,13,0
73916,9,30.000000000000007,140.625,21,0
73917,9,30.000000000000007,151.875,25,0
73918,9,30.000000000000007,163.125,10,0
73919,9,30.000000000000007,174.375,15,0
73920,9,30.000000000000007,-174.375,16,0
73921,9,30.000000000000007,-163.125,22,0
73922,9,30.000000000000007,-151.875,15,0
73923,9,30.000000000000007,-140.625,16,0
73924,9,30.000000000000007,-129.37500000000006,16,0
73925,9,30.000000000000007,-118.125,15,0
73926,9,30.000000000000007,-106.875,30,0
73927,9,30.000000000000007,-95.625,20,0
73928,9,30.000000000000007,-84.375,15,0
73929,9,30.000000000000007,-73.12500000000006,13,0
73930,9,30.000000000000007,-61.875,13,0
73931,9,30.000000000000007,-50.625,9,0
73932,9,30.000000000000007,-39.375,22,1
73933,9,30.000000000000007,-28.125,16,0
73934,9,30.000000000000007,-16.875,12,0
73935,9,30.000000000000007,-5.625,18,0
73936,9,24.62431835216408,0.0,16,0
73937,9,24.62431835216408,11.25,16,0
73938,9,24.62431835216408,22.5,19,0
73939,9,24.62431835216408,33.75,18,0
73940,9,24.62431835216408,45.0,19,0
73941,9,24.62431835216408,56.25,16,0
73942,9,24.62431835216408,67.5,21,0
73943,9,24.62431835216408,78.75,17,0
73944,9,24.62431835216408,90.0,18,0
73945,9,24.62431835216408,101.25,17,0
73946,9,24.62431835216408,112.5,18,0
73947,9,24.62431835216408,123.75,14,0
73948,9,24.62431835216408,135.0,16,0
73949,9,24.62431835216408,146.25,16,0
73950,9,24.62431835216408,157.5,22,0
73951,9,24.62431835216408,168.75,19,0
73952,9,24.62431835216408,-180.0,13,0
73953,9,24.62431835216408,-168.75,19,0
73954,9,24.62431835216408,-157.5,15,0
73955,9,24.62431835216408,-146.25,21,0
73956,9,24.62431835216408,-135.0,18,0
73957,9,24.62431835216408,-123.75,12,1
73958,9,24.62431835216408,-112.5,21,0
73959,9,24.62431835216408,-101.25,17,0
73960,9,24.62431835216408,-90.0,9,0
73961,9,24.62431835216408,-78.75000000000006,17,0
73962,9,24.62431835216408,-67.5,26,0
73963,9,24.62431835216408,-56.25,16,0
73964,9,24.62431835216408,-45.0,15,0
73965,9,24.62431835216408,-33.75000000000006,12,0
73966,9,24.62431835216408,-22.5,14,0
73967,9,24.62431835216408,-11.25,17,0
73968,9,19.47122063449069,5.625,19,0
73969,9,19.47122063449069,16.875,17,0
73970,9,19.47122063449069,28.125,11,0
73971,9,19.47122063449069,39.375,18,0
73972,9,19.47122063449069,50.625,16,0
73973,9,19.47122063449069,61.875,14,0
73974,9,19.47122063449069,73.125,17,0
73975,9,19.47122063449069,84.375,18,0
73976,9,19.47122063449069,95.625,19,0
73977,9,19.47122063449069,106.875,11,0
73978,9,19.47122063449069,118.125,18,0
73979,9,19.47122063449069,129.375,18,0
73980,9,19.47122063449069,140.625,17,0
73981,9,19.47122063449069,151.875,20,0
73982,9,19.47122063449069,163.125,22,0
73983,9,19.47122063449069,174.375,15,0
73984,9,19.47122063449069,-174.375,19,0
73985,9,19.47122063449069,-163.125,19,0
73986,9,19.47122063449069,-151.875,17,0
73987,9,19.47122063449069,-140.625,20,0
73988,9,19.47122063449069,-129.37500000000006,23,1
73989,9,19.47122063449069,-118.125,14,0
73990,9,19.47122063449069,-106.875,11,0
73991,9,19.47122063449069,-95.625,21,0
73992,9,19.47122063449069,-84.375,12,0
73993,9,19.47122063449069,-73.12500000000006,12,0
73994,9,19.47122063449069,-61.875,25,0
73995,9,19.47122063449069,-50.625,20,0
73996,9,19.47122063449069,-39.375,17,0
73997,9,19.47122063449069,-28.125,23,0
73998,9,19.47122063449069,-16.875,16,0
73999,9,19.47122063449069,-5.625,22,0
74000,9,14.477512185929925,0.0,21,0
74001,9,14.477512185929925,11.25,19,0
74002,9,14.477512185929925,22.5,18,0
74003,9,14.477512185929925,33.75,12,0
74004,9,14.477512185929925,45.0,17,0
74005,9,14.477512185929925,56.25,14,0
74006,9,14.477512185929925,67.5,18,0
74007,9,14.477512185929925,78.75,21,0
74008,9,14.477512185929925,90.0,22,0
74009,9,14.477512185929925,101.25,14,0
74010,9,14.477512185929925,112.5,16,0
74011,9,14.477512185929925,123.75,19,0
74012,9,14.477512185929925,135.0,11,0
74013,9,14.477512185929925,146.25,15,0
74014,9,14.477512185929925,157.5,17,0
74015,9,14.477512185929925,168.75,17,0
74016,9,14.477512185929925,-180.0,20,1
74017,9,14.477512185929925,-168.75,19,0
74018,9,14.477512185929925,-157.5,11,0
74019,9,14.477512185929925,-146.25,16,0
74020,9,14.477512185929925,-135.0,17,0
74021,9,14.477512185929925,-123.75,17,0
74022,9,14.477512185929925,-112.5,14,0
74023,9,14.477512185929925,-101.25,20,0
74024,9,14.477512185929925,-90.0,14,0
74025,9,14.477512185929925,-78.75000000000006,9,0
74026,9,14.477512185929925,-67.5,11,0
74027,9,14.477512185929925,-56.25,18,0
74028,9,14.477512185929925,-45.0,23,0
74029,9,14.477512185929925,-33.75000000000006,22,0
74030,9,14.477512185929925,-22.5,17,0
74031,9,14.477512185929925,-11.25,18,0
74032,9,9.594068226860458,5.625,17,0
74033,9,9.594068226860458,16.875,17,0
74034,9,9.594068226860458,28.125,24,0
74035,9,9.594068226860458,39.375,18,0
74036,9,9.594068226860458,50.625,25,0
74037,9,9.594068226860458,61.875,18,0
74038,9,9.594068226860458,73.125,16,0
74039,9,9.594068226860458,84.375,25,0
74040,9,9.594068226860458,95.625,13,0
74041,9,9.594068226860458,106.875,18,0
74042,9,9.594068226860458,118.125,15,2
74043,9,9.594068226860458,129.375,13,0
74044,9,9.594068226860458,140.625,19,0
74045,9,9.594068226860458,151.875,13,0
74046,9,9.594068226860458,163.125,26,0
74047,9,9.594068226860458,174.375,20,0
74048,9,9.594068226860458,-174.375,17,1
74049,9,9.594068226860458,-163.125,23,0
74050,9,9.594068226860458,-151.875,14,0
74051,9,9.594068226860458,-140.625,15,0
74052,9,9.594068226860458,-129.37500000000006,20,0
74053,9,9.594068226860458,-118.125,15,0
74054,9,9.594068226860458,-106.875,14,0
74055,9,9.594068226860458,-95.625,15,0
74056,9,9.594068226860458,-84.375,14,0
74057,9,9.594068226860458,-73.12500000000006,12,0
74058,9,9.594068226860458,-61.875,18,0
74059,9,9.594068226860458,-50.625,17,0
74060,9,9.594068226860458,-39.375,19,0
74061,9,9.594068226860458,-28.125,10,0
74062,9,9.594068226860458,-16.875,14,0
74063,9,9.594068226860458,-5.625,17,0
74064,9,4.780191847199163,0.0,20,2
74065,9,4.780191847199163,11.25,15,0
74066,9,4.780191847199163,22.5,16,1
74067,9,4.780191847199163,33.75,21,0
74068,9,4.780191847199163,45.0,25,4
74069,9,4.780191847199163,56.25,17,1
74070,9,4.780191847199163,67.5,21,4
74071,9,4.780191847199163,78.75,10,2
74072,9,4.780191847199163,90.0,27,3
74073,9,4.780191847199163,101.25,15,0
74074,9,4.780191847199163,112.5,18,0
74075,9,4.780191847199163,123.75,18,3
74076,9,4.780191847199163,135.0,19,0
74077,9,4.780191847199163,146.25,15,3
74078,9,4.780191847199163,157.5,24,3
74079,9,4.780191847199163,168.75,16,4
74080,9,4.780191847199163,-180.0,18,0
74081,9,4.780191847199163,-168.75,12,1
74082,9,4.780191847199163,-157.5,17,1
74083,9,4.780191847199163,-146.25,12,1
74084,9,4.780191847199163,-135.0,14,5
74085,9,4.780191847199163,-123.75,13,2
74086,9,4.780191847199163,-112.5,19,3
74087,9,4.780191847199163,-101.25,16,0
74088,9,4.780191847199163,-90.0,12,1
74089,9,4.780191847199163,-78.75000000000006,30,2
74090,9,4.780191847199163,-67.5,21,2
74091,9,4.780191847199163,-56.25,15,5
74092,9,4.780191847199163,-45.0,14,4
74093,9,4.780191847199163,-33.75000000000006,10,3
74094,9,4.780191847199163,-22.5,18,4
74095,9,4.780191847199163,-11.25,13,1
74096,9,0.0,5.625,15,4
74097,9,0.0,16.875,19,4
74098,9,0.0,28.125,17,2
74099,9,0.0,39.375,19,4
74100,9,0.0,50.625,22,5
74101,9,0.0,61.875,18,4
74102,9,0.0,73.125,15,7
74103,9,0.0,84.375,17,3
74104,9,0.0,95.625,17,1
74105,9,0.0,106.875,19,3
74106,9,0.0,118.125,22,3
74107,9,0.0,129.375,15,0
74108,9,0.0,140.625,15,2
74109,9,0.0,151.875,12,1
74110,9,0.0,163.125,13,8
74111,9,0.0,174.375,17,2
74112,9,0.0,-174.375,23,2
74113,9,0.0,-163.125,25,3
74114,9,0.0,-151.875,10,0
74115,9,0.0,-140.625,12,4
74116,9,0.0,-129.37500000000006,15,4
74117,9,0.0,-118.125,18,4
74118,9,0.0,-106.875,11,2
74119,9,0.0,-95.625,14,3
74120,9,0.0,-84.375,19,5
74121,9,0.0,-73.12500000000006,28,1
74122,9,0.0,-61.875,18,4
74123,9,0.0,-50.625,19,9
74124,9,0.0,-39.375,14,5
74125,9,0.0,-28.125,20,5
74126,9,0.0,-16.875,11,0
74127,9,0.0,-5.625,19,3
74128,9,-4.780191847199163,0.0,21,1
74129,9,-4.780191847199163,11.25,20,1
74130,9,-4.780191847199163,22.5,27,2
74131,9,-4.780191847199163,33.75,21,2
74132,9,-4.780191847199163,45.0,19,5
74133,9,-4.780191847199163,56.25,19,2
74134,9,-4.780191847199163,67.5,17,4
74135,9,-4.780191847199163,78.75,10,2
74136,9,-4.780191847199163,90.0,20,2
74137,9,-4.780191847199163,101.25,20,0
74138,9,-4.780191847199163,112.5,26,1
74139,9,-4.780191847199163,123.75,24,1
74140,9,-4.780191847199163,135.0,15,1
74141,9,-4.780191847199163,146.25,15,1
74142,9,-4.780191847199163,157.5,14,2
74143,9,-4.780191847199163,168.75,14,3
74144,9,-4.780191847199163,-180.0,14,1
74145,9,-4.780191847199163,-168.75,23,1
74146,9,-4.780191847199163,-157.5,19,1
74147,9,-4.780191847199163,-146.25,14,0
74148,9,-4.780191847199163,-135.0,19,4
74149,9,-4.780191847199163,-123.75,19,2
74150,9,-4.780191847199163,-112.5,16,0
74151,9,-4.780191847199163,-101.25,9,1
74152,9,-4.780191847199163,-90.0,15,6
74153,9,-4.780191847199163,-78.75000000000006,21,1
74154,9,-4.780191847199163,-67.5,21,0
74155,9,-4.780191847199163,-56.25,22,3
74156,9,-4.780191847199163,-45.0,18,2
74157,9,-4.780191847199163,-33.75000000000006,17,3
74158,9,-4.780191847199163,-22.5,14,1
74159,9,-4.780191847199163,-11.25,10,1
74160,9,-9.594068226860458,5.625,19,0
74161,9,-9.594068226860458,16.875,15,1
74162,9,-9.594068226860458,28.125,20,0
74163,9,-9.594068226860458,39.375,15,1
74164,9,-9.594068226860458,50.625,19,0
74165,9,-9.594068226860458,61.875,15,0
74166,9,-9.594068226860458,73.125,20,0
74167,9,-9.594068226860458,84.375,12,0
74168,9,-9.594068226860458,95.625,17,0
74169,9,-9.594068226860458,106.875,16,0
74170,9,-9.594068226860458,118.125,26,0
74171,9,-9.594068226860458,129.375,18,0
74172,9,-9.594068226860458,140.625,14,0
74173,9,-9.594068226860458,151.875,24,0
74174,9,-9.594068226860458,163.125,13,0
74175,9,-9.594068226860458,174.375,18,0
74176,9,-9.594068226860458,-174.375,19,0
74177,9,-9.594068226860458,-163.125,21,0
74178,9,-9.594068226860458,-151.875,9,0
74179,9,-9.594068226860458,-140.625,11,0
74180,9,-9.594068226860458,-129.37500000000006,13,0
74181,9,-9.594068226860458,-118.125,13,0
74182,9,-9.594068226860458,-106.875,18,0
74183,9,-9.594068226860458,-95.625,19,0
74184,9,-9.594068226860458,-84.375,20,0
74185,9,-9.594068226860458,-73.12500000000006,16,0
74186,9,-9.594068226860458,-61.875,18,0
74187,9,-9.594068226860458,-50.625,24,0
74188,9,-9.594068226860458,-39.375,14,0
74189,9,-9.594068226860458,-28.125,23,0
74190,9,-9.594068226860458,-16.875,18,0
74191,9,-9.594068226860458,-5.625,18,0
74192,9,-14.477512185929925,0.0,12,1
74193,9,-14.477512185929925,11.25,19,1
74194,9,-14.477512185929925,22.5,14,0
74195,9,-14.477512185929925,33.75,13,0
74196,9,-14.477512185929925,45.0,19,0
74197,9,-14.477512185929925,56.25,21,0
74198,9,-14.477512185929925,67.5,17,0
74199,9,-14.477512185929925,78.75,18,0
74200,9,-14.477512185929925,90.0,18,0
74201,9,-14.477512185929925,101.25,13,0
74202,9,-14.477512185929925,112.5,13,0
74203,9,-14.477512185929925,123.75,24,0
74204,9,-14.477512185929925,135.0,16,0
74205,9,-14.477512185929925,146.25,21,0
74206,9,-14.477512185929925,157.5,13,0
74207,9,-14.477512185929925,168.75,19,0
74208,9,-14.477512185929925,-180.0,23,0
74209,9,-14.477512185929925,-168.75,20,0
74210,9,-14.477512185929925,-157.5,16,0
74211,9,-14.477512185929925,-146.25,15,0
74212,9,-14.477512185929925,-135.0,17,0
74213,9,-14.477512185929925,-123.75,11,0
74214,9,-14.477512185929925,-112.5,11,0
74215,9,-14.477512185929925,-101.25,25,0
74216,9,-14.477512185929925,-90.0,23,0
74217,9,-14.477512185929925,-78.75000000000006,22,0
74218,9,-14.477512185929925,-67.5,21,0
74219,9,-14.477512185929925,-56.25,26,0
74220,9,-14.477512185929925,-45.0,11,0
74221,9,-14.477512185929925,-33.75000000000006,16,0
74222,9,-14.477512185929925,-22.5,18,1
74223,9,-14.477512185929925,-11.25,9,0
74224,9,-19.47122063449069,5.625,11,0
74225,9,-19.47122063449069,16.875,19,0
74226,9,-19.47122063449069,28.125,15,0
74227,9,-19.47122063449069,39.375,17,0
74228,9,-19.47122063449069,50.625,22,0
74229,9,-19.47122063449069,61.875,21,0
74230,9,-19.47122063449069,73.125,17,0
74231,9,-19.47122063449069,84.375,24,0
74232,9,-19.47122063449069,95.625,12,0
74233,9,-19.47122063449069,106.875,10,0
74234,9,-19.47122063449069,118.125,17,0
74235,9,-19.47122063449069,129.375,19,0
74236,9,-19.47122063449069,140.625,19,0
74237,9,-19.47122063449069,151.875,23,0
74238,9,-19.47122063449069,163.125,12,0
74239,9,-19.47122063449069,174.375,18,1
74240,9,-19.47122063449069,-174.375,17,0
74241,9,-19.47122063449069,-163.125,22,0
74242,9,-19.47122063449069,-151.875,19,0
74243,9,-19.47122063449069,-140.625,18,0
74244,9,-19.47122063449069,-129.37500000000006,12,0
74245,9,-19.47122063449069,-118.125,17,0
74246,9,-19.47122063449069,-106.875,17,0
74247,9,-19.47122063449069,-95.625,19,0
74248,9,-19.47122063449069,-84.375,17,0
74249,9,-19.47122063449069,-73.12500000000006,21,0
74250,9,-19.47122063449069,-61.875,23,0
74251,9,-19.47122063449069,-50.625,24,0
74252,9,-19.47122063449069,-39.375,20,0
74253,9,-19.47122063449069,-28.125,12,0
74254,9,-19.47122063449069,-16.875,12,1
74255,9,-19.47122063449069,-5.625,9,1
74256,9,-24.62431835216408,0.0,17,0
74257,9,-24.62431835216408,11.25,15,0
74258,9,-24.62431835216408,22.5,22,0
74259,9,-24.62431835216408,33.75,18,0
74260,9,-24.62431835216408,45.0,20,0
74261,9,-24.62431835216408,56.25,25,0
74262,9,-24.62431835216408,67.5,19,0
74263,9,-24.62431835216408,78.75,22,0
74264,9,-24.62431835216408,90.0,18,0
74265,9,-24.62431835216408,101.25,15,0
74266,9,-24.62431835216408,112.5,12,0
74267,9,-24.62431835216408,123.75,16,0
74268,9,-24.62431835216408,135.0,20,0
74269,9,-24.62431835216408,146.25,13,0
74270,9,-24.62431835216408,157.5,17,0
74271,9,-24.62431835216408,168.75,11,0
74272,9,-24.62431835216408,-180.0,18,1
74273,9,-24.62431835216408,-168.75,15,0
74274,9,-24.62431835216408,-157.5,17,0
74275,9,-24.62431835216408,-146.25,27,0
74276,9,-24.62431835216408,-135.0,22,0
74277,9,-24.62431835216408,-123.75,15,0
74278,9,-24.62431835216408,-112.5,16,0
74279,9,-24.62431835216408,-101.25,13,0
74280,9,-24.62431835216408,-90.0,19,0
74281,9,-24.62431835216408,-78.75000000000006,17,0
74282,9,-24.62431835216408,-67.5,17,0
74283,9,-24.62431835216408,-56.25,14,0
74284,9,-24.62431835216408,-45.0,19,0
74285,9,-24.62431835216408,-33.75000000000006,16,1
74286,9,-24.62431835216408,-22.5,13,0
74287,9,-24.62431835216408,-11.25,16,0
74288,9,-30.000000000000014,5.625,17,0
74289,9,-30.000000000000014,16.875,18,0
74290,9,-30.000000000000014,28.125,17,0
74291,9,-30.000000000000014,39.375,18,0
74292,9,-30.000000000000014,50.625,20,0
74293,9,-30.000000000000014,61.875,20,0
74294,9,-30.000000000000014,73.125,19,0
74295,9,-30.000000000000014,84.375,17,0
74296,9,-30.000000000000014,95.625,20,0
74297,9,-30.000000000000014,106.875,23,0
74298,9,-30.000000000000014,118.125,17,0
74299,9,-30.000000000000014,129.375,16,0
74300,9,-30.000000000000014,140.625,18,0
74301,9,-30.000000000000014,151.875,15,0
74302,9,-30.000000000000014,163.125,11,0
74303,9,-30.000000000000014,174.375,22,0
74304,9,-30.000000000000014,-174.375,16,0
74305,9,-30.000000000000014,-163.125,16,0
74306,9,-30.000000000000014,-151.875,20,0
74307,9,-30.000000000000014,-140.625,17,0
74308,9,-30.000000000000014,-129.37500000000006,20,0
74309,9,-30.000000000000014,-118.125,20,0
74310,9,-30.000000000000014,-106.875,13,0
74311,9,-30.000000000000014,-95.625,17,0
74312,9,-30.000000000000014,-84.375,19,0
74313,9,-30.000000000000014,-73.12500000000006,20,0
74314,9,-30.000000000000014,-61.875,13,0
74315,9,-30.000000000000014,-50.625,17,0
74316,9,-30.000000000000014,-39.375,19,0
74317,9,-30.000000000000014,-28.125,22,1
74318,9,-30.000000000000014,-16.875,20,0
74319,9,-30.000000000000014,-5.625,15,0
74320,9,-35.68533471265205,0.0,15,0
74321,9,-35.68533471265205,11.25,14,0
74322,9,-35.68533471265205,22.5,14,0
74323,9,-35.68533471265205,33.75,15,0
74324,9,-35.68533471265205,45.0,16,0
74325,9,-35.68533471265205,56.25,13,0
74326,9,-35.68533471265205,67.5,19,0
74327,9,-35.68533471265205,78.75,13,0
74328,9,-35.68533471265205,90.0,11,0
74329,9,-35.68533471265205,101.25,14,0
74330,9,-35.68533471265205,112.5,17,0
74331,9,-35.68533471265205,123.75,21,0
74332,9,-35.68533471265205,135.0,18,0
74333,9,-35.68533471265205,146.25,15,0
74334,9,-35.68533471265205,157.5,15,0
74335,9,-35.68533471265205,168.75,16,0
74336,9,-35.68533471265205,-180.0,16,0
74337,9,-35.68533471265205,-168.75,16,0
74338,9,-35.68533471265205,-157.5,12,0
74339,9,-35.68533471265205,-146.25,20,0
74340,9,-35.68533471265205,-135.0,16,0
74341,9,-35.68533471265205,-123.75,20,0
74342,9,-35.68533471265205,-112.5,21,0
74343,9,-35.68533471265205,-101.25,19,0
74344,9,-35.68533471265205,-90.0,16,0
74345,9,-35.68533471265205,-78.75000000000006,17,0
74346,9,-35.68533471265205,-67.5,18,0
74347,9,-35.68533471265205,-56.25,18,0
74348,9,-35.68533471265205,-45.0,18,0
74349,9,-35.68533471265205,-33.75000000000006,31,0
74350,9,-35.68533471265205,-22.5,23,0
74351,9,-35.68533471265205,-11.25,20,0
74352,9,-41.81031489577862,5.625,16,0
74353,9,-41.81031489577862,16.875,14,0
74354,9,-41.81031489577862,28.125,10,0
74355,9,-41.81031489577862,39.375,20,0
74356,9,-41.81031489577862,50.625,25,0
74357,9,-41.81031489577862,61.875,21,0
74358,9,-41.81031489577862,73.125,13,0
74359,9,-41.81031489577862,84.375,10,0
74360,9,-41.81031489577862,95.625,20,0
74361,9,-41.81031489577862,106.875,17,0
74362,9,-41.81031489577862,118.125,15,0
74363,9,-41.81031489577862,129.375,18,0
74364,9,-41.81031489577862,140.625,16,0
74365,9,-41.81031489577862,151.875,13,0
74366,9,-41.81031489577862,163.125,16,0
74367,9,-41.81031489577862,174.375,21,0
74368,9,-41.81031489577862,-174.375,17,0
74369,9,-41.81031489577862,-163.125,16,0
74370,9,-41.81031489577862,-151.875,10,0
74371,9,-41.81031489577862,-140.625,17,0
74372,9,-41.81031489577862,-129.37500000000006,13,0
74373,9,-41.81031489577862,-118.125,16,0
74374,9,-41.81031489577862,-106.875,23,0
74375,9,-41.81031489577862,-95.625,18,0
74376,9,-41.81031489577862,-84.375,16,0
74377,9,-41.81031489577862,-73.12500000000006,19,0
74378,9,-41.81031489577862,-61.875,19,0
74379,9,-41.81031489577862,-50.625,17,0
74380,9,-41.81031489577862,-39.375,22,0
74381,9,-41.81031489577862,-28.125,21,0
74382,9,-41.81031489577862,-16.875,14,0
74383,9,-41.81031489577862,-5.625,23,0
74384,9,-48.1412077943603,6.428571428571416,13,0
74385,9,-48.1412077943603,19.285714285714278,16,0
74386,9,-48.1412077943603,32.14285714285714,15,0
74387,9,-48.1412077943603,45.0,19,0
74388,9,-48.1412077943603,57.85714285714286,11,0
74389,9,-48.1412077943603,70.71428571428572,16,0
74390,9,-48.1412077943603,83.57142857142856,14,0
74391,9,-48.1412077943603,96.42857142857144,16,0
74392,9,-48.1412077943603,109.28571428571428,17,0
74393,9,-48.1412077943603,122.14285714285711,17,0
74394,9,-48.1412077943603,135.0,13,0
74395,9,-48.1412077943603,147.8571428571429,20,0
74396,9,-48.1412077943603,160.71428571428572,18,0
74397,9,-48.1412077943603,173.57142857142856,17,0
74398,9,-48.1412077943603,-173.57142857142856,16,0
74399,9,-48.1412077943603,-160.71428571428572,16,0
74400,9,-48.1412077943603,-147.8571428571429,16,0
74401,9,-48.1412077943603,-135.0,25,0
74402,9,-48.1412077943603,-122.14285714285711,22,0
74403,9,-48.1412077943603,-109.28571428571428,24,1
74404,9,-48.1412077943603,-96.42857142857144,15,0
74405,9,-48.1412077943603,-83.57142857142856,19,0
74406,9,-48.1412077943603,-70.71428571428572,20,0
74407,9,-48.1412077943603,-57.85714285714283,18,0
74408,9,-48.1412077943603,-45.0,24,0
74409,9,-48.1412077943603,-32.14285714285717,21,0
74410,9,-48.1412077943603,-19.28571428571422,12,0
74411,9,-48.1412077943603,-6.428571428571445,14,0
74412,9,-54.340912303861245,7.5,11,0
74413,9,-54.340912303861245,22.5,22,0
74414,9,-54.340912303861245,37.5,15,0
74415,9,-54.340912303861245,52.5,15,0
74416,9,-54.340912303861245,67.5,19,0
74417,9,-54.340912303861245,82.5,23,0
74418,9,-54.340912303861245,97.5,23,0
74419,9,-54.340912303861245,112.5,20,0
74420,9,-54.340912303861245,127.5,17,0
74421,9,-54.340912303861245,142.5,23,0
74422,9,-54.340912303861245,157.5,15,0
74423,9,-54.340912303861245,172.5,14,0
74424,9,-54.340912303861245,-172.5,18,0
74425,9,-54.340912303861245,-157.5,12,0
74426,9,-54.340912303861245,-142.5,19,0
74427,9,-54.340912303861245,-127.5,18,0
74428,9,-54.340912303861245,-112.5,15,0
74429,9,-54.340912303861245,-97.5,8,0
74430,9,-54.340912303861245,-82.5,11,0
74431,9,-54.340912303861245,-67.5,27,0
74432,9,-54.340912303861245,-52.50000000000006,18,0
74433,9,-54.340912303861245,-37.5,13,0
74434,9,-54.340912303861245,-22.5,16,0
74435,9,-54.340912303861245,-7.5,19,0
74436,9,-60.4344388449523,9.0,16,0
74437,9,-60.4344388449523,27.0,21,0
74438,9,-60.4344388449523,45.0,18,0
74439,9,-60.4344388449523,63.0,25,0
74440,9,-60.4344388449523,81.0,18,0
74441,9,-60.4344388449523,99.0,12,0
74442,9,-60.4344388449523,117.0,26,0
74443,9,-60.4344388449523,135.0,14,0
74444,9,-60.4344388449523,153.0,20,0
74445,9,-60.4344388449523,171.0,18,0
74446,9,-60.4344388449523,-171.0,21,0
74447,9,-60.4344388449523,-153.0,15,0
74448,9,-60.4344388449523,-135.0,20,0
74449,9,-60.4344388449523,-117.0,22,0
74450,9,-60.4344388449523,-99.0,12,0
74451,9,-60.4344388449523,-81.0,10,0
74452,9,-60.4344388449523,-63.0,30,0
74453,9,-60.4344388449523,-45.0,13,0
74454,9,-60.4344388449523,-27.0,9,0
74455,9,-60.4344388449523,-9.0,23,0
74456,9,-66.44353569089876,11.25,21,0
74457,9,-66.44353569089876,33.75,23,0
74458,9,-66.44353569089876,56.25,20,0
74459,9,-66.44353569089876,78.75,16,0
74460,9,-66.44353569089876,101.25,14,0
74461,9,-66.44353569089876,123.75,17,0
74462,9,-66.44353569089876,146.25,15,0
74463,9,-66.44353569089876,168.75,12,0
74464,9,-66.44353569089876,-168.75,24,0
74465,9,-66.44353569089876,-146.25,19,0
74466,9,-66.44353569089876,-123.75,21,0
74467,9,-66.44353569089876,-101.25,22,0
74468,9,-66.44353569089876,-78.75,14,0
74469,9,-66.44353569089876,-56.25,21,0
74470,9,-66.44353569089876,-33.75,15,0
74471,9,-66.44353569089876,-11.25,16,0
74472,9,-72.38756092964962,15.0,17,0
74473,9,-72.38756092964962,45.0,21,0
74474,9,-72.38756092964962,75.0,20,0
74475,9,-72.38756092964962,105.0,16,0
74476,9,-72.38756092964962,135.0,12,0
74477,9,-72.38756092964962,165.0,12,0
74478,9,-72.38756092964962,-165.0,16,0
74479,9,-72.38756092964962,-135.0,18,0
74480,9,-72.38756092964962,-105.0,21,0
74481,9,-72.38756092964962,-75.0,20,0
74482,9,-72.38756092964962,-45.0,16,0
74483,9,-72.38756092964962,-15.0,17,0
74484,9,-78.28414760510762,22.5,23,0
74485,9,-78.28414760510762,67.5,17,0
74486,9,-78.28414760510762,112.5,14,0
74487,9,-78.28414760510762,157.5,17,0
74488,9,-78.28414760510762,-157.5,15,0
74489,9,-78.28414760510762,-112.5,11,0
74490,9,-78.28414760510762,-67.5,20,0
74491,9,-78.28414760510762,-22.5,18,0
74492,9,-84.14973293629666,45.0,19,0
74493,9,-84.14973293629666,135.0,19,0
74494,9,-84.14973293629666,-135.0,13,0
74495,9,-84.14973293629666,-45.0,22,0
74496,9,84.14973293629666,45.0,14,0
74497,9,84.14973293629666,135.0,17,0
74498,9,84.14973293629666,-135.0,15,0
74499,9,84.14973293629666,-45.0,24,0
74500,9,78.28414760510762,22.5,12,0
74501,9,78.28414760510762,67.5,17,0
74502,9,78.28414760510762,112.5,19,0
74503,9,78.28414760510762,157.5,14,0
74504,9,78.28414760510762,-157.5,26,0
74505,9,78.28414760510762,-112.5,17,0
74506,9,78.28414760510762,-67.5,24,0
74507,9,78.28414760510762,-22.5,15,0
74508,9,72.38756092964962,15.0,13,0
74509,9,72.38756092964962,45.0,13,0
74510,9,72.38756092964962,75.0,23,0
74511,9,72.38756092964962,105.0,29,0
74512,9,72.38756092964962,135.0,14,0
74513,9,72.38756092964962,165.0,13,0
74514,9,72.38756092964962,-165.0,19,0
74515,9,72.38756092964962,-135.0,26,0
74516,9,72.38756092964962,-105.0,20,0
74517,9,72.38756092964962,-75.0,15,0
74518,9,72.38756092964962,-45.0,18,0
74519,9,72.38756092964962,-15.0,14,0
74520,9,66.44353569089877,11.25,16,0
74521,9,66.44353569089877,33.75,14,0
74522,9,66.44353569089877,56.25,15,0
74523,9,66.44353569089877,78.75,15,0
74524,9,66.44353569089877,101.25,21,0
74525,9,66.44353569089877,123.75,16,0
74526,9,66.44353569089877,146.25,17,0
74527,9,66.44353569089877,168.75,19,0
74528,9,66.44353569089877,-168.75,19,0
74529,9,66.44353569089877,-146.25,19,0
74530,9,66.44353569089877,-123.75,18,0
74531,9,66.44353569089877,-101.25,16,0
74532,9,66.44353569089877,-78.75,15,0
74533,9,66.44353569089877,-56.25,19,0
74534,9,66.44353569089877,-33.75,10,0
74535,9,66.44353569089877,-11.25,19,0
74536,9,60.43443884495228,9.0,14,0
74537,9,60.43443884495228,27.0,16,0
74538,9,60.43443884495228,45.0,19,0
74539,9,60.43443884495228,63.0,17,0
74540,9,60.43443884495228,81.0,20,0
74541,9,60.43443884495228,99.0,16,0
74542,9,60.43443884495228,117.0,14,0
74543,9,60.43443884495228,135.0,14,0
74544,9,60.43443884495228,153.0,12,0
74545,9,60.43443884495228,171.0,16,0
74546,9,60.43443884495228,-171.0,11,0
74547,9,60.43443884495228,-153.0,15,0
74548,9,60.43443884495228,-135.0,18,0
74549,9,60.43443884495228,-117.0,10,0
74550,9,60.43443884495228,-99.0,19,0
74551,9,60.43443884495228,-81.0,17,0
74552,9,60.43443884495228,-63.0,10,0
74553,9,60.43443884495228,-45.0,17,0
74554,9,60.43443884495228,-27.0,15,0
74555,9,60.43443884495228,-9.0,16,0
74556,9,54.340912303861245,7.5,23,0
74557,9,54.340912303861245,22.5,13,0
74558,9,54.340912303861245,37.5,18,0
74559,9,54.340912303861245,52.5,13,0
74560,9,54.340912303861245,67.5,19,0
74561,9,54.340912303861245,82.5,15,0
74562,9,54.340912303861245,97.5,21,0
74563,9,54.340912303861245,112.5,17,0
74564,9,54.340912303861245,127.5,14,0
74565,9,54.340912303861245,142.5,17,0
74566,9,54.340912303861245,157.5,21,0
74567,9,54.340912303861245,172.5,19,0
74568,9,54.340912303861245,-172.5,11,0
74569,9,54.340912303861245,-157.5,17,0
74570,9,54.340912303861245,-142.5,16,0
74571,9,54.340912303861245,-127.5,10,0
74572,9,54.340912303861245,-112.5,18,0
74573,9,54.340912303861245,-97.5,15,0
74574,9,54.340912303861245,-82.5,24,0
74575,9,54.340912303861245,-67.5,13,0
74576,9,54.340912303861245,-52.50000000000006,18,0
74577,9,54.340912303861245,-37.5,22,0
74578,9,54.340912303861245,-22.5,22,0
74579,9,54.340912303861245,-7.5,14,0
74580,9,48.141207794360284,6.428571428571416,15,0
74581,9,48.141207794360284,19.285714285714278,19,0
74582,9,48.141207794360284,32.14285714285714,14,0
74583,9,48.141207794360284,45.0,16,0
74584,9,48.141207794360284,57.85714285714286,19,0
74585,9,48.141207794360284,70.71428571428572,26,0
74586,9,48.141207794360284,83.57142857142856,24,0
74587,9,48.141207794360284,96.42857142857144,24,0
74588,9,48.141207794360284,109.28571428571428,18,0
74589,9,48.141207794360284,122.14285714285711,20,0
74590,9,48.141207794360284,135.0,13,0
74591,9,48.141207794360284,147.8571428571429,18,0
74592,9,48.141207794360284,160.71428571428572,16,0
74593,9,48.141207794360284,173.57142857142856,15,0
74594,9,48.141207794360284,-173.57142857142856,15,0
74595,9,48.141207794360284,-160.71428571428572,21,0
74596,9,48.141207794360284,-147.8571428571429,21,0
74597,9,48.141207794360284,-135.0,21,0
74598,9,48.141207794360284,-122.14285714285711,23,0
74599,9,48.141207794360284,-109.28571428571428,18,0
74600,9,48.141207794360284,-96.42857142857144,24,0
74601,9,48.141207794360284,-83.57142857142856,25,0
74602,9,48.141207794360284,-70.71428571428572,13,0
74603,9,48.141207794360284,-57.85714285714283,13,0
74604,9,48.141207794360284,-45.0,14,0
74605,9,48.141207794360284,-32.14285714285717,27,0
74606,9,48.141207794360284,-19.28571428571422,24,0
74607,9,48.141207794360284,-6.428571428571445,17,0
74608,9,41.81031489577859,5.625,12,0
74609,9,41.81031489577859,16.875,19,0
74610,9,41.81031489577859,28.125,23,0
74611,9,41.81031489577859,39.375,14,0
74612,9,41.81031489577859,50.625,26,0
74613,9,41.81031489577859,61.875,10,0
74614,9,41.81031489577859,73.125,20,0
74615,9,41.81031489577859,84.375,27,0
74616,9,41.81031489577859,95.625,25,0
74617,9,41.81031489577859,106.875,12,0
74618,9,41.81031489577859,118.125,21,0
74619,9,41.81031489577859,129.375,6,0
74620,9,41.81031489577859,140.625,18,0
74621,9,41.81031489577859,151.875,18,0
74622,9,41.81031489577859,163.125,23,0
74623,9,41.81031489577859,174.375,17,0
74624,9,41.81031489577859,-174.375,20,0
74625,9,41.81031489577859,-163.125,21,0
74626,9,41.81031489577859,-151.875,12,0
74627,9,41.81031489577859,-140.625,18,0
74628,9,41.81031489577859,-129.37500000000006,22,0
74629,9,41.81031489577859,-118.125,20,0
74630,9,41.81031489577859,-106.875,18,0
74631,9,41.81031489577859,-95.625,22,0
74632,9,41.81031489577859,-84.375,12,0
74633,9,41.81031489577859,-73.12500000000006,15,0
74634,9,41.81031489577859,-61.875,12,0
74635,9,41.81031489577859,-50.625,14,0
74636,9,41.81031489577859,-39.375,15,0
74637,9,41.81031489577859,-28.125,14,0
74638,9,41.81031489577859,-16.875,19,0
74639,9,41.81031489577859,-5.625,14,0
74640,9,35.68533471265204,0.0,17,0
74641,9,35.68533471265204,11.25,18,0
74642,9,35.68533471265204,22.5,10,0
74643,9,35.68533471265204,33.75,14,0
74644,9,35.68533471265204,45.0,20,0
74645,9,35.68533471265204,56.25,25,0
74646,9,35.68533471265204,67.5,7,0
74647,9,35.68533471265204,78.75,12,0
74648,9,35.68533471265204,90.0,22,1
74649,9,35.68533471265204,101.25,21,0
74650,9,35.68533471265204,112.5,16,0
74651,9,35.68533471265204,123.75,10,0
74652,9,35.68533471265204,135.0,16,0
74653,9,35.68533471265204,146.25,30,0
74654,9,35.68533471265204,157.5,17,0
74655,9,35.68533471265204,168.75,14,0
74656,9,35.68533471265204,-180.0,18,0
74657,9,35.68533471265204,-168.75,22,0
74658,9,35.68533471265204,-157.5,18,0
74659,9,35.68533471265204,-146.25,13,0
74660,9,35.68533471265204,-135.0,14,0
74661,9,35.68533471265204,-123.75,17,0
74662,9,35.68533471265204,-112.5,26,0
74663,9,35.68533471265204,-101.25,27,0
74664,9,35.68533471265204,-90.0,13,0
74665,9,35.68533471265204,-78.75000000000006,15,0
74666,9,35.68533471265204,-67.5,10,0
74667,9,35.68533471265204,-56.25,10,0
74668,9,35.68533471265204,-45.0,16,1
74669,9,35.68533471265204,-33.75000000000006,17,1
74670,9,35.68533471265204,-22.5,12,0
74671,9,35.68533471265204,-11.25,20,0
74672,9,30.000000000000007,5.625,12,0
74673,9,30.000000000000007,16.875,17,0
74674,9,30.000000000000007,28.125,14,0
74675,9,30.000000000000007,39.375,16,0
74676,9,30.000000000000007,50.625,17,0
74677,9,30.000000000000007,61.875,15,0
74678,9,30.000000000000007,73.125,18,0
74679,9,30.000000000000007,84.375,17,1
74680,9,30.000000000000007,95.625,17,0
74681,9,30.000000000000007,106.875,16,0
74682,9,30.000000000000007,118.125,15,0
74683,9,30.000000000000007,129.375,13,0
74684,9,30.000000000000007,140.625,21,0
74685,9,30.000000000000007,151.875,25,0
74686,9,30.000000000000007,163.125,10,0
74687,9,30.000000000000007,174.375,15,0
74688,9,30.000000000000007,-174.375,16,0
74689,9,30.000000000000007,-163.125,22,0
74690,9,30.000000000000007,-151.875,15,0
74691,9,30.000000000000007,-140.625,16,0
74692,9,30.000000000000007,-129.37500000000006,16,0
74693,9,30.000000000000007,-118.125,15,0
74694,9,30.000000000000007,-106.875,30,0
74695,9,30.000000000000007,-95.625,20,0
74696,9,30.000000000000007,-84.375,15,0
74697,9,30.000000000000007,-73.12500000000006,13,0
74698,9,30.000000000000007,-61.875,13,0
74699,9,30.000000000000007,-50.625,9,0
74700,9,30.000000000000007,-39.375,22,1
74701,9,30.000000000000007,-28.125,16,0
74702,9,30.000000000000007,-16.875,12,0
74703,9,30.000000000000007,-5.625,18,0
74704,9,24.62431835216408,0.0,16,0
74705,9,24.62431835216408,11.25,16,0
74706,9,24.62431835216408,22.5,19,0
74707,9,24.62431835216408,33.75,18,0
74708,9,24.62431835216408,45.0,19,0
74709,9,24.62431835216408,56.25,16,0
74710,9,24.62431835216408,67.5,21,0
74711,9,24.62431835216408,78.75,17,0
74712,9,24.62431835216408,90.0,18,0
74713,9,24.62431835216408,101.25,17,0
74714,9,24.62431835216408,112.5,18,0
74715,9,24.62431835216408,123.75,14,0
74716,9,24.62431835216408,135.0,16,0
74717,9,24.62431835216408,146.25,16,0
74718,9,24.62431835216408,157.5,22,0
74719,9,24.62431835216408,168.75,19,0
74720,9,24.62431835216408,-180.0,13,0
74721,9,24.62431835216408,-168.75,19,0
74722,9,24.62431835216408,-157.5,15,0
74723,9,24.62431835216408,-146.25,21,0
74724,9,24.62431835216408,-135.0,18,0
74725,9,24.62431835216408,-123.75,12,1
74726,9,24.62431835216408,-112.5,21,0
74727,9,24.62431835216408,-101.25,17,0
74728,9,24.62431835216408,-90.0,9,0
74729,9,24.62431835216408,-78.75000000000006,17,0
74730,9,24.62431835216408,-67.5,26,0
74731,9,24.62431835216408,-56.25,16,0
74732,9,24.62431835216408,-45.0,15,0
74733,9,24.62431835216408,-33.75000000000006,12,0
74734,9,24.62431835216408,-22.5,14,0
74735,9,24.62431835216408,-11.25,17,0
74736,9,19.47122063449069,5.625,19,0
74737,9,19.47122063449069,16.875,17,0
74738,9,19.47122063449069,28.125,11,0
74739,9,19.47122063449069,39.375,18,0
74740,9,19.47122063449069,50.625,16,0
74741,9,19.47122063449069,61.875,14,0
74742,9,19.47122063449069,73.125,17,0
74743,9,19.47122063449069,84.375,18,0
74744,9,19.47122063449069,95.625,19,0
74745,9,19.47122063449069,106.875,11,0
74746,9,19.47122063449069,118.125,18,0
74747,9,19.47122063449069,129.375,18,0
74748,9,19.47122063449069,140.625,17,0
74749,9,19.47122063449069,151.875,20,0
74750,9,19.47122063449069,163.125,22,0
74751,9,19.47122063449069,174.375,15,0
74752,9,19.47122063449069,-174.375,19,0
74753,9,19.47122063449069,-163.125,19,0
74754,9,19.47122063449069,-151.875,17,0
74755,9,19.47122063449069,-140.625,20,0
74756,9,19.47122063449069,-129.37500000000006,23,1
74757,9,19.47122063449069,-118.125,14,0
74758,9,19.47122063449069,-106.875,11,0
74759,9,19.47122063449069,-95.625,21,0
74760,9,19.47122063449069,-84.375,12,0
74761,9,19.47122063449069,-73.12500000000006,12,0
74762,9,19.47122063449069,-61.875,25,0
74763,9,19.47122063449069,-50.625,20,0
74764,9,19.47122063449069,-39.375,17,0
74765,9,19.47122063449069,-28.125,23,0
74766,9,19.47122063449069,-16.875,16,0
74767,9,19.47122063449069,-5.625,22,0
74768,9,14.477512185929925,0.0,21,0
74769,9,14.477512185929925,11.25,19,0
74770,9,14.477512185929925,22.5,18,0
74771,9,14.477512185929925,33.75,12,0
74772,9,14.477512185929925,45.0,17,0
74773,9,14.477512185929925,56.25,14,0
74774,9,14.477512185929925,67.5,18,0
74775,9,14.477512185929925,78.75,21,0
74776,9,14.477512185929925,90.0,22,0
74777,9,14.477512185929925,101.25,14,0
74778,9,14.477512185929925,112.5,16,0
74779,9,14.477512185929925,123.75,19,0
74780,9,14.477512185929925,135.0,11,0
74781,9,14.477512185929925,146.25,15,0
74782,9,14.477512185929925,157.5,17,0
74783,9,14.477512185929925,168.75,17,0
74784,9,14.477512185929925,-180.0,20,1
74785,9,14.477512185929925,-168.75,19,0
74786,9,14.477512185929925,-157.5,11,0
74787,9,14.477512185929925,-146.25,16,0
74788,9,14.477512185929925,-135.0,17,0
74789,9,14.477512185929925,-123.75,17,0
74790,9,14.477512185929925,-112.5,14,0
74791,9,14.477512185929925,-101.25,20,0
74792,9,14.477512185929925,-90.0,14,0
74793,9,14.477512185929925,-78.75000000000006,9,0
74794,9,14.477512185929925,-67.5,11,0
74795,9,14.477512185929925,-56.25,18,0
74796,9,14.477512185929925,-45.0,23,0
74797,9,14.477512185929925,-33.75000000000006,22,0
74798,9,14.477512185929925,-22.5,17,0
74799,9,14.477512185929925,-11.25,18,0
74800,9,9.594068226860458,5.625,17,0
74801,9,9.594068226860458,16.875,17,0
74802,9,9.594068226860458,28.125,24,0
74803,9,9.594068226860458,39.375,18,0
74804,9,9.594068226860458,50.625,25,0
74805,9,9.594068226860458,61.875,18,0
74806,9,9.594068226860458,73.125,16,0
74807,9,9.594068226860458,84.375,25,0
74808,9,9.594068226860458,95.625,13,0
74809,9,9.594068226860458,106.875,18,0
74810,9,9.594068226860458,118.125,15,2
74811,9,9.594068226860458,129.375,13,0
74812,9,9.594068226860458,140.625,19,0
74813,9,9.594068226860458,151.875,13,0
74814,9,9.594068226860458,163.125,26,0
74815,9,9.594068226860458,174.375,20,0
74816,9,9.594068226860458,-174.375,17,1
74817,9,9.594068226860458,-163.125,23,0
74818,9,9.594068226860458,-151.875,14,0
74819,9,9.594068226860458,-140.625,15,0
74820,9,9.594068226860458,-129.37500000000006,20,0
74821,9,9.594068226860458,-118.125,15,0
74822,9,9.594068226860458,-106.875,14,0
74823,9,9.594068226860458,-95.625,15,0
74824,9,9.594068226860458,-84.375,14,0
74825,9,9.594068226860458,-73.12500000000006,12,0
74826,9,9.594068226860458,-61.875,18,0
74827,9,9.594068226860458,-50.625,17,0
74828,9,9.594068226860458,-39.375,19,0
74829,9,9.594068226860458,-28.125,10,0
74830,9,9.594068226860458,-16.875,14,0
74831,9,9.594068226860458,-5.625,17,0
74832,9,4.780191847199163,0.0,20,2
74833,9,4.780191847199163,11.25,15,0
74834,9,4.780191847199163,22.5,16,1
74835,9,4.780191847199163,33.75,21,0
74836,9,4.780191847199163,45.0,25,4
74837,9,4.780191847199163,56.25,17,1
74838,9,4.780191847199163,67.5,21,4
74839,9,4.780191847199163,78.75,10,2
74840,9,4.780191847199163,90.0,27,3
74841,9,4.780191847199163,101.25,15,0
74842,9,4.780191847199163,112.5,18,0
74843,9,4.780191847199163,123.75,18,3
74844,9,4.780191847199163,135.0,19,0
74845,9,4.780191847199163,146.25,15,3
74846,9,4.780191847199163,157.5,24,3
74847,9,4.780191847199163,168.75,16,4
74848,9,4.780191847199163,-180.0,18,0
74849,9,4.780191847199163,-168.75,12,1
74850,9,4.780191847199163,-157.5,17,1
74851,9,4.780191847199163,-146.25,12,1
74852,9,4.780191847199163,-135.0,14,5
74853,9,4.780191847199163,-123.75,13,2
74854,9,4.780191847199163,-112.5,19,3
74855,9,4.780191847199163,-101.25,16,0
74856,9,4.780191847199163,-90.0,12,1
74857,9,4.780191847199163,-78.75000000000006,30,2
74858,9,4.780191847199163,-67.5,21,2
74859,9,4.780191847199163,-56.25,15,5
74860,9,4.780191847199163,-45.0,14,4
74861,9,4.780191847199163,-33.75000000000006,10,3
74862,9,4.780191847199163,-22.5,18,4
74863,9,4.780191847199163,-11.25,13,1
74864,9,0.0,5.625,15,4
74865,9,0.0,16.875,19,4
74866,9,0.0,28.125,17,2
74867,9,0.0,39.375,19,4
74868,9,0.0,50.625,22,5
74869,9,0.0,61.875,18,4
74870,9,0.0,73.125,15,7
74871,9,0.0,84.375,17,3
74872,9,0.0,95.625,17,1
74873,9,0.0,106.875,19,3
74874,9,0.0,118.125,22,3
74875,9,0.0,129.375,15,0
74876,9,0.0,140.625,15,2
74877,9,0.0,151.875,12,1
74878,9,0.0,163.125,13,8
74879,9,0.0,174.375,17,2
74880,9,0.0,-174.375,23,2
74881,9,0.0,-163.125,25,3
74882,9,0.0,-151.875,10,0
74883,9,0.0,-140.625,12,4
74884,9,0.0,-129.37500000000006,15,4
74885,9,0.0,-118.125,18,4
74886,9,0.0,-106.875,11,2
74887,9,0.0,-95.625,14,3
74888,9,0.0,-84.375,19,5
74889,9,0.0,-73.12500000000006,28,1
74890,9,0.0,-61.875,18,4
74891,9,0.0,-50.625,19,9
74892,9,0.0,-39.375,14,5
74893,9,0.0,-28.125,20,5
74894,9,0.0,-16.875,11,0
74895,9,0.0,-5.625,19,3
74896,9,-4.780191847199163,0.0,21,1
74897,9,-4.780191847199163,11.25,20,1
74898,9,-4.780191847199163,22.5,27,2
74899,9,-4.780191847199163,33.75,21,2
74900,9,-4.780191847199163,45.0,19,5
74901,9,-4.780191847199163,56.25,19,2
74902,9,-4.780191847199163,67.5,17,4
74903,9,-4.780191847199163,78.75,10,2
74904,9,-4.780191847199163,90.0,20,2
74905,9,-4.780191847199163,101.25,20,0
74906,9,-4.780191847199163,112.5,26,1
74907,9,-4.780191847199163,123.75,24,1
74908,9,-4.780191847199163,135.0,15,1
74909,9,-4.780191847199163,146.25,15,1
74910,9,-4.780191847199163,157.5,14,2
74911,9,-4.780191847199163,168.75,14,3
74912,9,-4.780191847199163,-180.0,14,1
74913,9,-4.780191847199163,-168.75,23,1
74914,9,-4.780191847199163,-157.5,19,1
74915,9,-4.780191847199163,-146.25,14,0
74916,9,-4.780191847199163,-135.0,19,4
74917,9,-4.780191847199163,-123.75,19,2
74918,9,-4.780191847199163,-112.5,16,0
74919,9,-4.780191847199163,-101.25,9,1
74920,9,-4.780191847199163,-90.0,15,6
74921,9,-4.780191847199163,-78.75000000000006,21,1
74922,9,-4.780191847199163,-67.5,21,0
74923,9,-4.780191847199163,-56.25,22,3
74924,9,-4.780191847199163,-45.0,18,2
74925,9,-4.780191847199163,-33.75000000000006,17,3
74926,9,-4.780191847199163,-22.5,14,1
74927,9,-4.780191847199163,-11.25,10,1
74928,9,-9.594068226860458,5.625,19,0
74929,9,-9.594068226860458,16.875,15,1
74930,9,-9.594068226860458,28.125,20,0
74931,9,-9.594068226860458,39.375,15,1
74932,9,-9.594068226860458,50.625,19,0
74933,9,-9.594068226860458,61.875,15,0
74934,9,-9.594068226860458,73.125,20,0
74935,9,-9.594068226860458,84.375,12,0
74936,9,-9.594068226860458,95.625,17,0
74937,9,-9.594068226860458,106.875,16,0
74938,9,-9.594068226860458,118.125,26,0
74939,9,-9.594068226860458,129.375,18,0
74940,9,-9.594068226860458,140.625,14,0
74941,9,-9.594068226860458,151.875,24,0
74942,9,-9.594068226860458,163.125,13,0
74943,9,-9.594068226860458,174.375,18,0
74944,9,-9.594068226860458,-174.375,19,0
74945,9,-9.594068226860458,-163.125,21,0
74946,9,-9.594068226860458,-151.875,9,0
74947,9,-9.594068226860458,-140.625,11,0
74948,9,-9.594068226860458,-129.37500000000006,13,0
74949,9,-9.594068226860458,-118.125,13,0
74950,9,-9.594068226860458,-106.875,18,0
74951,9,-9.594068226860458,-95.625,19,0
74952,9,-9.594068226860458,-84.375,20,0
74953,9,-9.594068226860458,-73.12500000000006,16,0
74954,9,-9.594068226860458,-61.875,18,0
74955,9,-9.594068226860458,-50.625,24,0
74956,9,-9.594068226860458,-39.375,14,0
74957,9,-9.594068226860458,-28.125,23,0
74958,9,-9.594068226860458,-16.875,18,0
74959,9,-9.594068226860458,-5.625,18,0
74960,9,-14.477512185929925,0.0,12,1
74961,9,-14.477512185929925,11.25,19,1
74962,9,-14.477512185929925,22.5,14,0
74963,9,-14.477512185929925,33.75,13,0
74964,9,-14.477512185929925,45.0,19,0
74965,9,-14.477512185929925,56.25,21,0
74966,9,-14.477512185929925,67.5,17,0
74967,9,-14.477512185929925,78.75,18,0
74968,9,-14.477512185929925,90.0,18,0
74969,9,-14.477512185929925,101.25,13,0
74970,9,-14.477512185929925,112.5,13,0
74971,9,-14.477512185929925,123.75,24,0
74972,9,-14.477512185929925,135.0,16,0
74973,9,-14.477512185929925,146.25,21,0
74974,9,-14.477512185929925,157.5,13,0
74975,9,-14.477512185929925,168.75,19,0
74976,9,-14.477512185929925,-180.0,23,0
74977,9,-14.477512185929925,-168.75,20,0
74978,9,-14.477512185929925,-157.5,16,0
74979,9,-14.477512185929925,-146.25,15,0
74980,9,-14.477512185929925,-135.0,17,0
74981,9,-14.477512185929925,-123.75,11,0
74982,9,-14.477512185929925,-112.5,11,0
74983,9,-14.477512185929925,-101.25,25,0
74984,9,-14.477512185929925,-90.0,23,0
74985,9,-14.477512185929925,-78.75000000000006,22,0
74986,9,-14.477512185929925,-67.5,21,0
74987,9,-14.477512185929925,-56.25,26,0
74988,9,-14.477512185929925,-45.0,11,0
74989,9,-14.477512185929925,-33.75000000000006,16,0
74990,9,-14.477512185929925,-22.5,18,1
74991,9,-14.477512185929925,-11.25,9,0
74992,9,-19.47122063449069,5.625,11,0
74993,9,-19.47122063449069,16.875,19,0
74994,9,-19.47122063449069,28.125,15,0
74995,9,-19.47122063449069,39.375,17,0
74996,9,-19.47122063449069,50.625,22,0
74997,9,-19.47122063449069,61.875,21,0
74998,9,-19.47122063449069,73.125,17,0
74999,9,-19.47122063449069,84.375,24,0
75000,9,-19.47122063449069,95.625,12,0
75001,9,-19.47122063449069,106.875,10,0
75002,9,-19.47122063449069,118.125,17,0
75003,9,-19.47122063449069,129.375,19,0
75004,9,-19.47122063449069,140.625,19,0
75005,9,-19.47122063449069,151.875,23,0
75006,9,-19.47122063449069,163.125,12,0
75007,9,-19.47122063449069,174.375,18,1
75008,9,-19.47122063449069,-174.375,17,0
75009,9,-19.47122063449069,-163.125,22,0
75010,9,-19.47122063449069,-151.875,19,0
75011,9,-19.47122063449069,-140.625,18,0
75012,9,-19.47122063449069,-129.37500000000006,12,0
75013,9,-19.47122063449069,-118.125,17,0
75014,9,-19.47122063449069,-106.875,17,0
75015,9,-19.47122063449069,-95.625,19,0
75016,9,-19.47122063449069,-84.375,17,0
75017,9,-19.47122063449069,-73.12500000000006,21,0
75018,9,-19.47122063449069,-61.875,23,0
75019,9,-19.47122063449069,-50.625,24,0
75020,9,-19.47122063449069,-39.375,20,0
75021,9,-19.47122063449069,-28.125,12,0
75022,9,-19.47122063449069,-16.875,12,1
75023,9,-19.47122063449069,-5.625,9,1
75024,9,-24.62431835216408,0.0,17,0
75025,9,-24.62431835216408,11.25,15,0
75026,9,-24.62431835216408,22.5,22,0
75027,9,-24.62431835216408,33.75,18,0
75028,9,-24.62431835216408,45.0,20,0
75029,9,-24.62431835216408,56.25,25,0
75030,9,-24.62431835216408,67.5,19,0
75031,9,-24.62431835216408,78.75,22,0
75032,9,-24.62431835216408,90.0,18,0
75033,9,-24.62431835216408,101.25,15,0
75034,9,-24.62431835216408,112.5,12,0
75035,9,-24.62431835216408,123.75,16,0
75036,9,-24.62431835216408,135.0,20,0
75037,9,-24.62431835216408,146.25,13,0
75038,9,-24.62431835216408,157.5,17,0
75039,9,-24.62431835216408,168.75,11,0
75040,9,-24.62431835216408,-180.0,18,1
75041,9,-24.62431835216408,-168.75,15,0
75042,9,-24.62431835216408,-157.5,17,0
75043,9,-24.62431835216408,-146.25,27,0
75044,9,-24.62431835216408,-135.0,22,0
75045,9,-24.62431835216408,-123.75,15,0
75046,9,-24.62431835216408,-112.5,16,0
75047,9,-24.62431835216408,-101.25,13,0
75048,9,-24.62431835216408,-90.0,19,0
75049,9,-24.62431835216408,-78.75000000000006,17,0
75050,9,-24.62431835216408,-67.5,17,0
75051,9,-24.62431835216408,-56.25,14,0
75052,9,-24.62431835216408,-45.0,19,0
75053,9,-24.62431835216408,-33.75000000000006,16,1
75054,9,-24.62431835216408,-22.5,13,0
75055,9,-24.62431835216408,-11.25,16,0
75056,9,-30.000000000000014,5.625,17,0
75057,9,-30.000000000000014,16.875,18,0
75058,9,-30.000000000000014,28.125,17,0
75059,9,-30.000000000000014,39.375,18,0
75060,9,-30.000000000000014,50.625,20,0
75061,9,-30.000000000000014,61.875,20,0
75062,9,-30.000000000000014,73.125,19,0
75063,9,-30.000000000000014,84.375,17,0
75064,9,-30.000000000000014,95.625,20,0
75065,9,-30.000000000000014,106.875,23,0
75066,9,-30.000000000000014,118.125,17,0
75067,9,-30.000000000000014,129.375,16,0
75068,9,-30.000000000000014,140.625,18,0
75069,9,-30.000000000000014,151.875,15,0
75070,9,-30.000000000000014,163.125,11,0
75071,9,-30.000000000000014,174.375,22,0
75072,9,-30.000000000000014,-174.375,16,0
75073,9,-30.000000000000014,-163.125,16,0
75074,9,-30.000000000000014,-151.875,20,0
75075,9,-30.000000000000014,-140.625,17,0
75076,9,-30.000000000000014,-129.37500000000006,20,0
75077,9,-30.000000000000014,-118.125,20,0
75078,9,-30.000000000000014,-106.875,13,0
75079,9,-30.000000000000014,-95.625,17,0
75080,9,-30.000000000000014,-84.375,19,0
75081,9,-30.000000000000014,-73.12500000000006,20,0
75082,9,-30.000000000000014,-61.875,13,0
75083,9,-30.000000000000014,-50.625,17,0
75084,9,-30.000000000000014,-39.375,19,0
75085,9,-30.000000000000014,-28.125,22,1
75086,9,-30.000000000000014,-16.875,20,0
75087,9,-30.000000000000014,-5.625,15,0
75088,9,-35.68533471265205,0.0,15,0
75089,9,-35.68533471265205,11.25,14,0
75090,9,-35.68533471265205,22.5,14,0
75091,9,-35.68533471265205,33.75,15,0
75092,9,-35.68533471265205,45.0,16,0
75093,9,-35.68533471265205,56.25,13,0
75094,9,-35.68533471265205,67.5,19,0
75095,9,-35.68533471265205,78.75,13,0
75096,9,-35.68533471265205,90.0,11,0
75097,9,-35.68533471265205,101.25,14,0
75098,9,-35.68533471265205,112.5,17,0
75099,9,-35.68533471265205,123.75,21,0
75100,9,-35.68533471265205,135.0,18,0
75101,9,-35.68533471265205,146.25,15,0
75102,9,-35.68533471265205,157.5,15,0
75103,9,-35.68533471265205,168.75,16,0
75104,9,-35.68533471265205,-180.0,16,0
75105,9,-35.68533471265205,-168.75,16,0
75106,9,-35.68533471265205,-157.5,12,0
75107,9,-35.68533471265205,-146.25,20,0
75108,9,-35.68533471265205,-135.0,16,0
75109,9,-35.68533471265205,-123.75,20,0
75110,9,-35.68533471265205,-112.5,21,0
75111,9,-35.68533471265205,-101.25,19,0
75112,9,-35.68533471265205,-90.0,16,0
75113,9,-35.68533471265205,-78.75000000000006,17,0
75114,9,-35.68533471265205,-67.5,18,0
75115,9,-35.68533471265205,-56.25,18,0
75116,9,-35.68533471265205,-45.0,18,0
75117,9,-35.68533471265205,-33.75000000000006,31,0
75118,9,-35.68533471265205,-22.5,23,0
75119,9,-35.68533471265205,-11.25,20,0
75120,9,-41.81031489577862,5.625,16,0
75121,9,-41.81031489577862,16.875,14,0
75122,9,-41.81031489577862,28.125,10,0
75123,9,-41.81031489577862,39.375,20,0
75124,9,-41.81031489577862,50.625,25,0
75125,9,-41.81031489577862,61.875,21,0
75126,9,-41.81031489577862,73.125,13,0
75127,9,-41.81031489577862,84.375,10,0
75128,9,-41.81031489577862,95.625,20,0
75129,9,-41.81031489577862,106.875,17,0
75130,9,-41.81031489577862,118.125,15,0
75131,9,-41.81031489577862,129.375,18,0
75132,9,-41.81031489577862,140.625,16,0
75133,9,-41.81031489577862,151.875,13,0
75134,9,-41.81031489577862,163.125,16,0
75135,9,-41.81031489577862,174.375,21,0
75136,9,-41.81031489577862,-174.375,17,0
75137,9,-41.81031489577862,-163.125,16,0
75138,9,-41.81031489577862,-151.875,10,0
75139,9,-41.81031489577862,-140.625,17,0
75140,9,-41.81031489577862,-129.37500000000006,13,0
75141,9,-41.81031489577862,-118.125,16,0
75142,9,-41.81031489577862,-106.875,23,0
75143,9,-41.81031489577862,-95.625,18,0
75144,9,-41.81031489577862,-84.375,16,0
75145,9,-41.81031489577862,-73.12500000000006,19,0
75146,9,-41.81031489577862,-61.875,19,0
75147,9,-41.81031489577862,-50.625,17,0
75148,9,-41.81031489577862,-39.375,22,0
75149,9,-41.81031489577862,-28.125,21,0
75150,9,-41.81031489577862,-16.875,14,0
75151,9,-41.81031489577862,-5.625,23,0
75152,9,-48.1412077943603,6.428571428571416,13,0
75153,9,-48.1412077943603,19.285714285714278,16,0
75154,9,-48.1412077943603,32.14285714285714,15,0
75155,9,-48.1412077943603,45.0,19,0
75156,9,-48.1412077943603,57.85714285714286,11,0
75157,9,-48.1412077943603,70.71428571428572,16,0
75158,9,-48.1412077943603,83.57142857142856,14,0
75159,9,-48.1412077943603,96.42857142857144,16,0
75160,9,-48.1412077943603,109.28571428571428,17,0
75161,9,-48.1412077943603,122.14285714285711,17,0
75162,9,-48.1412077943603,135.0,13,0
75163,9,-48.1412077943603,147.8571428571429,20,0
75164,9,-48.1412077943603,160.71428571428572,18,0
75165,9,-48.1412077943603,173.57142857142856,17,0
75166,9,-48.1412077943603,-173.57142857142856,16,0
75167,9,-48.1412077943603,-160.71428571428572,16,0
75168,9,-48.1412077943603,-147.8571428571429,16,0
75169,9,-48.1412077943603,-135.0,25,0
75170,9,-48.1412077943603,-122.14285714285711,22,0
75171,9,-48.1412077943603,-109.28571428571428,24,1
75172,9,-48.1412077943603,-96.42857142857144,15,0
75173,9,-48.1412077943603,-83.57142857142856,19,0
75174,9,-48.1412077943603,-70.71428571428572,20,0
75175,9,-48.1412077943603,-57.85714285714283,18,0
75176,9,-48.1412077943603,-45.0,24,0
75177,9,-48.1412077943603,-32.14285714285717,21,0
75178,9,-48.1412077943603,-19.28571428571422,12,0
75179,9,-48.1412077943603,-6.428571428571445,14,0
75180,9,-54.340912303861245,7.5,11,0
75181,9,-54.340912303861245,22.5,22,0
75182,9,-54.340912303861245,37.5,15,0
75183,9,-54.340912303861245,52.5,15,0
75184,9,-54.340912303861245,67.5,19,0
75185,9,-54.340912303861245,82.5,23,0
75186,9,-54.340912303861245,97.5,23,0
75187,9,-54.340912303861245,112.5,20,0
75188,9,-54.340912303861245,127.5,17,0
75189,9,-54.340912303861245,142.5,23,0
75190,9,-54.340912303861245,157.5,15,0
75191,9,-54.340912303861245,172.5,14,0
75192,9,-54.340912303861245,-172.5,18,0
75193,9,-54.340912303861245,-157.5,12,0
75194,9,-54.340912303861245,-142.5,19,0
75195,9,-54.340912303861245,-127.5,18,0
75196,9,-54.340912303861245,-112.5,15,0
75197,9,-54.340912303861245,-97.5,8,0
75198,9,-54.340912303861245,-82.5,11,0
75199,9,-54.340912303861245,-67.5,27,0
75200,9,-54.340912303861245,-52.50000000000006,18,0
75201,9,-54.340912303861245,-37.5,13,0
75202,9,-54.340912303861245,-22.5,16,0
75203,9,-54.340912303861245,-7.5,19,0
75204,9,-60.4344388449523,9.0,16,0
75205,9,-60.4344388449523,27.0,21,0
75206,9,-60.4344388449523,45.0,18,0
75207,9,-60.4344388449523,63.0,25,0
75208,9,-60.4344388449523,81.0,18,0
75209,9,-60.4344388449523,99.0,12,0
75210,9,-60.4344388449523,117.0,26,0
75211,9,-60.4344388449523,135.0,14,0
75212,9,-60.4344388449523,153.0,20,0
75213,9,-60.4344388449523,171.0,18,0
75214,9,-60.4344388449523,-171.0,21,0
75215,9,-60.4344388449523,-153.0,15,0
75216,9,-60.4344388449523,-135.0,20,0
75217,9,-60.4344388449523,-117.0,22,0
75218,9,-60.4344388449523,-99.0,12,0
75219,9,-60.4344388449523,-81.0,10,0
75220,9,-60.4344388449523,-63.0,30,0
75221,9,-60.4344388449523,-45.0,13,0
75222,9,-60.4344388449523,-27.0,9,0
75223,9,-60.4344388449523,-9.0,23,0
75224,9,-66.44353569089876,11.25,21,0
75225,9,-66.44353569089876,33.75,23,0
75226,9,-66.44353569089876,56.25,20,0
75227,9,-66.44353569089876,78.75,16,0
75228,9,-66.44353569089876,101.25,14,0
75229,9,-66.44353569089876,123.75,17,0
75230,9,-66.44353569089876,146.25,15,0
75231,9,-66.44353569089876,168.75,12,0
75232,9,-66.44353569089876,-168.75,24,0
75233,9,-66.44353569089876,-146.25,19,0
75234,9,-66.44353569089876,-123.75,21,0
75235,9,-66.44353569089876,-101.25,22,0
75236,9,-66.44353569089876,-78.75,14,0
75237,9,-66.44353569089876,-56.25,21,0
75238,9,-66.44353569089876,-33.75,15,0
75239,9,-66.44353569089876,-11.25,16,0
75240,9,-72.38756092964962,15.0,17,0
75241,9,-72.38756092964962,45.0,21,0
75242,9,-72.38756092964962,75.0,20,0
75243,9,-72.38756092964962,105.0,16,0
75244,9,-72.38756092964962,135.0,12,0
75245,9,-72.38756092964962,165.0,12,0
75246,9,-72.38756092964962,-165.0,16,0
75247,9,-72.38756092964962,-135.0,18,0
75248,9,-72.38756092964962,-105.0,21,0
75249,9,-72.38756092964962,-75.0,20,0
75250,9,-72.38756092964962,-45.0,16,0
75251,9,-72.38756092964962,-15.0,17,0
75252,9,-78.28414760510762,22.5,23,0
75253,9,-78.28414760510762,67.5,17,0
75254,9,-78.28414760510762,112.5,14,0
75255,9,-78.28414760510762,157.5,17,0
75256,9,-78.28414760510762,-157.5,15,0
75257,9,-78.28414760510762,-112.5,11,0
75258,9,-78.28414760510762,-67.5,20,0
75259,9,-78.28414760510762,-22.5,18,0
75260,9,-84.14973293629666,45.0,19,0
75261,9,-84.14973293629666,135.0,19,0
75262,9,-84.14973293629666,-135.0,13,0
75263,9,-84.14973293629666,-45.0,22,0
75264,9,84.14973293629666,45.0,14,0
75265,9,84.14973293629666,135.0,17,0
75266,9,84.14973293629666,-135.0,15,0
75267,9,84.14973293629666,-45.0,24,0
75268,9,78.28414760510762,22.5,12,0
75269,9,78.28414760510762,67.5,17,0
75270,9,78.28414760510762,112.5,19,0
75271,9,78.28414760510762,157.5,14,0
75272,9,78.28414760510762,-157.5,26,0
75273,9,78.28414760510762,-112.5,17,0
75274,9,78.28414760510762,-67.5,24,0
75275,9,78.28414760510762,-22.5,15,0
75276,9,72.38756092964962,15.0,13,0
75277,9,72.38756092964962,45.0,13,0
75278,9,72.38756092964962,75.0,23,0
75279,9,72.38756092964962,105.0,29,0
75280,9,72.38756092964962,135.0,14,0
75281,9,72.38756092964962,165.0,13,0
75282,9,72.38756092964962,-165.0,19,0
75283,9,72.38756092964962,-135.0,26,0
75284,9,72.38756092964962,-105.0,20,0
75285,9,72.38756092964962,-75.0,15,0
75286,9,72.38756092964962,-45.0,18,0
75287,9,72.38756092964962,-15.0,14,0
75288,9,66.44353569089877,11.25,16,0
75289,9,66.44353569089877,33.75,14,0
75290,9,66.44353569089877,56.25,15,0
75291,9,66.44353569089877,78.75,15,0
75292,9,66.44353569089877,101.25,21,0
75293,9,66.44353569089877,123.75,16,0
75294,9,66.44353569089877,146.25,17,0
75295,9,66.44353569089877,168.75,19,0
75296,9,66.44353569089877,-168.75,19,0
75297,9,66.44353569089877,-146.25,19,0
75298,9,66.44353569089877,-123.75,18,0
75299,9,66.44353569089877,-101.25,16,0
75300,9,66.44353569089877,-78.75,15,0
75301,9,66.44353569089877,-56.25,19,0
75302,9,66.44353569089877,-33.75,10,0
75303,9,66.44353569089877,-11.25,19,0
75304,9,60.43443884495228,9.0,14,0
75305,9,60.43443884495228,27.0,16,0
75306,9,60.43443884495228,45.0,19,0
75307,9,60.43443884495228,63.0,17,0
75308,9,60.43443884495228,81.0,20,0
75309,9,60.43443884495228,99.0,16,0
75310,9,60.43443884495228,117.0,14,0
75311,9,60.43443884495228,135.0,14,0
75312,9,60.43443884495228,153.0,12,0
75313,9,60.43443884495228,171.0,16,0
75314,9,60.43443884495228,-171.0,11,0
75315,9,60.43443884495228,-153.0,15,0
75316,9,60.43443884495228,-135.0,18,0
75317,9,60.43443884495228,-117.0,10,0
75318,9,60.43443884495228,-99.0,19,0
75319,9,60.43443884495228,-81.0,17,0
75320,9,60.43443884495228,-63.0,10,0
75321,9,60.43443884495228,-45.0,17,0
75322,9,60.43443884495228,-27.0,15,0
75323,9,60.43443884495228,-9.0,16,0
75324,9,54.340912303861245,7.5,23,0
75325,9,54.340912303861245,22.5,13,0
75326,9,54.340912303861245,37.5,18,0
75327,9,54.340912303861245,52.5,13,0
75328,9,54.340912303861245,67.5,19,0
75329,9,54.340912303861245,82.5,15,0
75330,9,54.340912303861245,97.5,21,0
75331,9,54.340912303861245,112.5,17,0
75332,9,54.340912303861245,127.5,14,0
75333,9,54.340912303861245,142.5,17,0
75334,9,54.340912303861245,157.5,21,0
75335,9,54.340912303861245,172.5,19,0
75336,9,54.340912303861245,-172.5,11,0
75337,9,54.340912303861245,-157.5,17,0
75338,9,54.340912303861245,-142.5,16,0
75339,9,54.340912303861245,-127.5,10,0
75340,9,54.340912303861245,-112.5,18,0
75341,9,54.340912303861245,-97.5,15,0
75342,9,54.340912303861245,-82.5,24,0
75343,9,54.340912303861245,-67.5,13,0
75344,9,54.340912303861245,-52.50000000000006,18,0
75345,9,54.340912303861245,-37.5,22,0
75346,9,54.340912303861245,-22.5,22,0
75347,9,54.340912303861245,-7.5,14,0
75348,9,48.141207794360284,6.428571428571416,15,0
75349,9,48.141207794360284,19.285714285714278,19,0
75350,9,48.141207794360284,32.14285714285714,14,0
75351,9,48.141207794360284,45.0,16,0
75352,9,48.141207794360284,57.85714285714286,19,0
75353,9,48.141207794360284,70.71428571428572,26,0
75354,9,48.141207794360284,83.57142857142856,24,0
75355,9,48.141207794360284,96.42857142857144,24,0
75356,9,48.141207794360284,109.28571428571428,18,0
75357,9,48.141207794360284,122.14285714285711,20,0
75358,9,48.141207794360284,135.0,13,0
75359,9,48.141207794360284,147.8571428571429,18,0
75360,9,48.141207794360284,160.71428571428572,16,0
75361,9,48.141207794360284,173.57142857142856,15,0
75362,9,48.141207794360284,-173.57142857142856,15,0
75363,9,48.141207794360284,-160.71428571428572,21,0
75364,9,48.141207794360284,-147.8571428571429,21,0
75365,9,48.141207794360284,-135.0,21,0
75366,9,48.141207794360284,-122.14285714285711,23,0
75367,9,48.141207794360284,-109.28571428571428,18,0
75368,9,48.141207794360284,-96.42857142857144,24,0
75369,9,48.141207794360284,-83.57142857142856,25,0
75370,9,48.141207794360284,-70.71428571428572,13,0
75371,9,48.141207794360284,-57.85714285714283,13,0
75372,9,48.141207794360284,-45.0,14,0
75373,9,48.141207794360284,-32.14285714285717,27,0
75374,9,48.141207794360284,-19.28571428571422,24,0
75375,9,48.141207794360284,-6.428571428571445,17,0
75376,9,41.81031489577859,5.625,12,0
75377,9,41.81031489577859,16.875,19,0
75378,9,41.81031489577859,28.125,23,0
75379,9,41.81031489577859,39.375,14,0
75380,9,41.81031489577859,50.625,26,0
75381,9,41.81031489577859,61.875,10,0
75382,9,41.81031489577859,73.125,20,0
75383,9,41.81031489577859,84.375,27,0
75384,9,41.81031489577859,95.625,25,0
75385,9,41.81031489577859,106.875,12,0
75386,9,41.81031489577859,118.125,21,0
75387,9,41.81031489577859,129.375,6,0
75388,9,41.81031489577859,140.625,18,0
75389,9,41.81031489577859,151.875,18,0
75390,9,41.81031489577859,163.125,23,0
75391,9,41.81031489577859,174.375,17,0
75392,9,41.81031489577859,-174.375,20,0
75393,9,41.81031489577859,-163.125,21,0
75394,9,41.81031489577859,-151.875,12,0
75395,9,41.81031489577859,-140.625,18,0
75396,9,41.81031489577859,-129.37500000000006,22,0
75397,9,41.81031489577859,-118.125,20,0
75398,9,41.81031489577859,-106.875,18,0
75399,9,41.81031489577859,-95.625,22,0
75400,9,41.81031489577859,-84.375,12,0
75401,9,41.81031489577859,-73.12500000000006,15,0
75402,9,41.81031489577859,-61.875,12,0
75403,9,41.81031489577859,-50.625,14,0
75404,9,41.81031489577859,-39.375,15,0
75405,9,41.81031489577859,-28.125,14,0
75406,9,41.81031489577859,-16.875,19,0
75407,9,41.81031489577859,-5.625,14,0
75408,9,35.68533471265204,0.0,17,0
75409,9,35.68533471265204,11.25,18,0
75410,9,35.68533471265204,22.5,10,0
75411,9,35.68533471265204,33.75,14,0
75412,9,35.68533471265204,45.0,20,0
75413,9,35.68533471265204,56.25,25,0
75414,9,35.68533471265204,67.5,7,0
75415,9,35.68533471265204,78.75,12,0
75416,9,35.68533471265204,90.0,22,1
75417,9,35.68533471265204,101.25,21,0
75418,9,35.68533471265204,112.5,16,0
75419,9,35.68533471265204,123.75,10,0
75420,9,35.68533471265204,135.0,16,0
75421,9,35.68533471265204,146.25,30,0
75422,9,35.68533471265204,157.5,17,0
75423,9,35.68533471265204,168.75,14,0
75424,9,35.68533471265204,-180.0,18,0
75425,9,35.68533471265204,-168.75,22,0
75426,9,35.68533471265204,-157.5,18,0
75427,9,35.68533471265204,-146.25,13,0
75428,9,35.68533471265204,-135.0,14,0
75429,9,35.68533471265204,-123.75,17,0
75430,9,35.68533471265204,-112.5,26,0
75431,9,35.68533471265204,-101.25,27,0
75432,9,35.68533471265204,-90.0,13,0
75433,9,35.68533471265204,-78.75000000000006,15,0
75434,9,35.68533471265204,-67.5,10,0
75435,9,35.68533471265204,-56.25,10,0
75436,9,35.68533471265204,-45.0,16,1
75437,9,35.68533471265204,-33.75000000000006,17,1
75438,9,35.68533471265204,-22.5,12,0
75439,9,35.68533471265204,-11.25,20,0
75440,9,30.000000000000007,5.625,12,0
75441,9,30.000000000000007,16.875,17,0
75442,9,30.000000000000007,28.125,14,0
75443,9,30.000000000000007,39.375,16,0
75444,9,30.000000000000007,50.625,17,0
75445,9,30.000000000000007,61.875,15,0
75446,9,30.000000000000007,73.125,18,0
75447,9,30.000000000000007,84.375,17,1
75448,9,30.000000000000007,95.625,17,0
75449,9,30.000000000000007,106.875,16,0
75450,9,30.000000000000007,118.125,15,0
75451,9,30.000000000000007,129.375,13,0
75452,9,30.000000000000007,140.625,21,0
75453,9,30.000000000000007,151.875,25,0
75454,9,30.000000000000007,163.125,10,0
75455,9,30.000000000000007,174.375,15,0
75456,9,30.000000000000007,-174.375,16,0
75457,9,30.000000000000007,-163.125,22,0
75458,9,30.000000000000007,-151.875,15,0
75459,9,30.000000000000007,-140.625,16,0
75460,9,30.000000000000007,-129.37500000000006,16,0
75461,9,30.000000000000007,-118.125,15,0
75462,9,30.000000000000007,-106.875,30,0
75463,9,30.000000000000007,-95.625,20,0
75464,9,30.000000000000007,-84.375,15,0
75465,9,30.000000000000007,-73.12500000000006,13,0
75466,9,30.000000000000007,-61.875,13,0
75467,9,30.000000000000007,-50.625,9,0
75468,9,30.000000000000007,-39.375,22,1
75469,9,30.000000000000007,-28.125,16,0
75470,9,30.000000000000007,-16.875,12,0
75471,9,30.000000000000007,-5.625,18,0
75472,9,24.62431835216408,0.0,16,0
75473,9,24.62431835216408,11.25,16,0
75474,9,24.62431835216408,22.5,19,0
75475,9,24.62431835216408,33.75,18,0
75476,9,24.62431835216408,45.0,19,0
75477,9,24.62431835216408,56.25,16,0
75478,9,24.62431835216408,67.5,21,0
75479,9,24.62431835216408,78.75,17,0
75480,9,24.62431835216408,90.0,18,0
75481,9,24.62431835216408,101.25,17,0
75482,9,24.62431835216408,112.5,18,0
75483,9,24.62431835216408,123.75,14,0
75484,9,24.62431835216408,135.0,16,0
75485,9,24.62431835216408,146.25,16,0
75486,9,24.62431835216408,157.5,22,0
75487,9,24.62431835216408,168.75,19,0
75488,9,24.62431835216408,-180.0,13,0
75489,9,24.62431835216408,-168.75,19,0
75490,9,24.62431835216408,-157.5,15,0
75491,9,24.62431835216408,-146.25,21,0
75492,9,24.62431835216408,-135.0,18,0
75493,9,24.62431835216408,-123.75,12,1
75494,9,24.62431835216408,-112.5,21,0
75495,9,24.62431835216408,-101.25,17,0
75496,9,24.62431835216408,-90.0,9,0
75497,9,24.62431835216408,-78.75000000000006,17,0
75498,9,24.62431835216408,-67.5,26,0
75499,9,24.62431835216408,-56.25,16,0
75500,9,24.62431835216408,-45.0,15,0
75501,9,24.62431835216408,-33.75000000000006,12,0
75502,9,24.62431835216408,-22.5,14,0
75503,9,24.62431835216408,-11.25,17,0
75504,9,19.47122063449069,5.625,19,0
75505,9,19.47122063449069,16.875,17,0
75506,9,19.47122063449069,28.125,11,0
75507,9,19.47122063449069,39.375,18,0
75508,9,19.47122063449069,50.625,16,0
75509,9,19.47122063449069,61.875,14,0
75510,9,19.47122063449069,73.125,17,0
75511,9,19.47122063449069,84.375,18,0
75512,9,19.47122063449069,95.625,19,0
75513,9,19.47122063449069,106.875,11,0
75514,9,19.47122063449069,118.125,18,0
75515,9,19.47122063449069,129.375,18,0
75516,9,19.47122063449069,140.625,17,0
75517,9,19.47122063449069,151.875,20,0
75518,9,19.47122063449069,163.125,22,0
75519,9,19.47122063449069,174.375,15,0
75520,9,19.47122063449069,-174.375,19,0
75521,9,19.47122063449069,-163.125,19,0
75522,9,19.47122063449069,-151.875,17,0
75523,9,19.47122063449069,-140.625,20,0
75524,9,19.47122063449069,-129.37500000000006,23,1
75525,9,19.47122063449069,-118.125,14,0
75526,9,19.47122063449069,-106.875,11,0
75527,9,19.47122063449069,-95.625,21,0
75528,9,19.47122063449069,-84.375,12,0
75529,9,19.47122063449069,-73.12500000000006,12,0
75530,9,19.47122063449069,-61.875,25,0
75531,9,19.47122063449069,-50.625,20,0
75532,9,19.47122063449069,-39.375,17,0
75533,9,19.47122063449069,-28.125,23,0
75534,9,19.47122063449069,-16.875,16,0
75535,9,19.47122063449069,-5.625,22,0
75536,9,14.477512185929925,0.0,21,0
75537,9,14.477512185929925,11.25,19,0
75538,9,14.477512185929925,22.5,18,0
75539,9,14.477512185929925,33.75,12,0
75540,9,14.477512185929925,45.0,17,0
75541,9,14.477512185929925,56.25,14,0
75542,9,14.477512185929925,67.5,18,0
75543,9,14.477512185929925,78.75,21,0
75544,9,14.477512185929925,90.0,22,0
75545,9,14.477512185929925,101.25,14,0
75546,9,14.477512185929925,112.5,16,0
75547,9,14.477512185929925,123.75,19,0
75548,9,14.477512185929925,135.0,11,0
75549,9,14.477512185929925,146.25,15,0
75550,9,14.477512185929925,157.5,17,0
75551,9,14.477512185929925,168.75,17,0
75552,9,14.477512185929925,-180.0,20,1
75553,9,14.477512185929925,-168.75,19,0
75554,9,14.477512185929925,-157.5,11,0
75555,9,14.477512185929925,-146.25,16,0
75556,9,14.477512185929925,-135.0,17,0
75557,9,14.477512185929925,-123.75,17,0
75558,9,14.477512185929925,-112.5,14,0
75559,9,14.477512185929925,-101.25,20,0
75560,9,14.477512185929925,-90.0,14,0
75561,9,14.477512185929925,-78.75000000000006,9,0
75562,9,14.477512185929925,-67.5,11,0
75563,9,14.477512185929925,-56.25,18,0
75564,9,14.477512185929925,-45.0,23,0
75565,9,14.477512185929925,-33.75000000000006,22,0
75566,9,14.477512185929925,-22.5,17,0
75567,9,14.477512185929925,-11.25,18,0
75568,9,9.594068226860458,5.625,17,0
75569,9,9.594068226860458,16.875,17,0
75570,9,9.594068226860458,28.125,24,0
75571,9,9.594068226860458,39.375,18,0
75572,9,9.594068226860458,50.625,25,0
75573,9,9.594068226860458,61.875,18,0
75574,9,9.594068226860458,73.125,16,0
75575,9,9.594068226860458,84.375,25,0
75576,9,9.594068226860458,95.625,13,0
75577,9,9.594068226860458,106.875,18,0
75578,9,9.594068226860458,118.125,15,2
75579,9,9.594068226860458,129.375,13,0
75580,9,9.594068226860458,140.625,19,0
75581,9,9.594068226860458,151.875,13,0
75582,9,9.594068226860458,163.125,26,0
75583,9,9.594068226860458,174.375,20,0
75584,9,9.594068226860458,-174.375,17,1
75585,9,9.594068226860458,-163.125,23,0
75586,9,9.594068226860458,-151.875,14,0
75587,9,9.594068226860458,-140.625,15,0
75588,9,9.594068226860458,-129.37500000000006,20,0
75589,9,9.594068226860458,-118.125,15,0
75590,9,9.594068226860458,-106.875,14,0
75591,9,9.594068226860458,-95.625,15,0
75592,9,9.594068226860458,-84.375,14,0
75593,9,9.594068226860458,-73.12500000000006,12,0
75594,9,9.594068226860458,-61.875,18,0
75595,9,9.594068226860458,-50.625,17,0
75596,9,9.594068226860458,-39.375,19,0
75597,9,9.594068226860458,-28.125,10,0
75598,9,9.594068226860458,-16.875,14,0
75599,9,9.594068226860458,-5.625,17,0
75600,9,4.780191847199163,0.0,20,2
75601,9,4.780191847199163,11.25,15,0
75602,9,4.780191847199163,22.5,16,1
75603,9,4.780191847199163,33.75,21,0
75604,9,4.780191847199163,45.0,25,4
75605,9,4.780191847199163,56.25,17,1
75606,9,4.780191847199163,67.5,21,4
75607,9,4.780191847199163,78.75,10,2
75608,9,4.780191847199163,90.0,27,3
75609,9,4.780191847199163,101.25,15,0
75610,9,4.780191847199163,112.5,18,0
75611,9,4.780191847199163,123.75,18,3
75612,9,4.780191847199163,135.0,19,0
75613,9,4.780191847199163,146.25,15,3
75614,9,4.780191847199163,157.5,24,3
75615,9,4.780191847199163,168.75,16,4
75616,9,4.780191847199163,-180.0,18,0
75617,9,4.780191847199163,-168.75,12,1
75618,9,4.780191847199163,-157.5,17,1
75619,9,4.780191847199163,-146.25,12,1
75620,9,4.780191847199163,-135.0,14,5
75621,9,4.780191847199163,-123.75,13,2
75622,9,4.780191847199163,-112.5,19,3
75623,9,4.780191847199163,-101.25,16,0
75624,9,4.780191847199163,-90.0,12,1
75625,9,4.780191847199163,-78.75000000000006,30,2
75626,9,4.780191847199163,-67.5,21,2
75627,9,4.780191847199163,-56.25,15,5
75628,9,4.780191847199163,-45.0,14,4
75629,9,4.780191847199163,-33.75000000000006,10,3
75630,9,4.780191847199163,-22.5,18,4
75631,9,4.780191847199163,-11.25,13,1
75632,9,0.0,5.625,15,4
75633,9,0.0,16.875,19,4
75634,9,0.0,28.125,17,2
75635,9,0.0,39.375,19,4
75636,9,0.0,50.625,22,5
75637,9,0.0,61.875,18,4
75638,9,0.0,73.125,15,7
75639,9,0.0,84.375,17,3
75640,9,0.0,95.625,17,1
75641,9,0.0,106.875,19,3
75642,9,0.0,118.125,22,3
75643,9,0.0,129.375,15,0
75644,9,0.0,140.625,15,2
75645,9,0.0,151.875,12,1
75646,9,0.0,163.125,13,8
75647,9,0.0,174.375,17,2
75648,9,0.0,-174.375,23,2
75649,9,0.0,-163.125,25,3
75650,9,0.0,-151.875,10,0
75651,9,0.0,-140.625,12,4
75652,9,0.0,-129.37500000000006,15,4
75653,9,0.0,-118.125,18,4
75654,9,0.0,-106.875,11,2
75655,9,0.0,-95.625,14,3
75656,9,0.0,-84.375,19,5
75657,9,0.0,-73.12500000000006,28,1
75658,9,0.0,-61.875,18,4
75659,9,0.0,-50.625,19,9
75660,9,0.0,-39.375,14,5
75661,9,0.0,-28.125,20,5
75662,9,0.0,-16.875,11,0
75663,9,0.0,-5.625,19,3
75664,9,-4.780191847199163,0.0,21,1
75665,9,-4.780191847199163,11.25,20,1
75666,9,-4.780191847199163,22.5,27,2
75667,9,-4.780191847199163,33.75,21,2
75668,9,-4.780191847199163,45.0,19,5
75669,9,-4.780191847199163,56.25,19,2
75670,9,-4.780191847199163,67.5,17,4
75671,9,-4.780191847199163,78.75,10,2
75672,9,-4.780191847199163,90.0,20,2
75673,9,-4.780191847199163,101.25,20,0
75674,9,-4.780191847199163,112.5,26,1
75675,9,-4.780191847199163,123.75,24,1
75676,9,-4.780191847199163,135.0,15,1
75677,9,-4.780191847199163,146.25,15,1
75678,9,-4.780191847199163,157.5,14,2
75679,9,-4.780191847199163,168.75,14,3
75680,9,-4.780191847199163,-180.0,14,1
75681,9,-4.780191847199163,-168.75,23,1
75682,9,-4.780191847199163,-157.5,19,1
75683,9,-4.780191847199163,-146.25,14,0
75684,9,-4.780191847199163,-135.0,19,4
75685,9,-4.780191847199163,-123.75,19,2
75686,9,-4.780191847199163,-112.5,16,0
75687,9,-4.780191847199163,-101.25,9,1
75688,9,-4.780191847199163,-90.0,15,6
75689,9,-4.780191847199163,-78.75000000000006,21,1
75690,9,-4.780191847199163,-67.5,21,0
75691,9,-4.780191847199163,-56.25,22,3
75692,9,-4.780191847199163,-45.0,18,2
75693,9,-4.780191847199163,-33.75000000000006,17,3
75694,9,-4.780191847199163,-22.5,14,1
75695,9,-4.780191847199163,-11.25,10,1
75696,9,-9.594068226860458,5.625,19,0
75697,9,-9.594068226860458,16.875,15,1
75698,9,-9.594068226860458,28.125,20,0
75699,9,-9.594068226860458,39.375,15,1
75700,9,-9.594068226860458,50.625,19,0
75701,9,-9.594068226860458,61.875,15,0
75702,9,-9.594068226860458,73.125,20,0
75703,9,-9.594068226860458,84.375,12,0
75704,9,-9.594068226860458,95.625,17,0
75705,9,-9.594068226860458,106.875,16,0
75706,9,-9.594068226860458,118.125,26,0
75707,9,-9.594068226860458,129.375,18,0
75708,9,-9.594068226860458,140.625,14,0
75709,9,-9.594068226860458,151.875,24,0
75710,9,-9.594068226860458,163.125,13,0
75711,9,-9.594068226860458,174.375,18,0
75712,9,-9.594068226860458,-174.375,19,0
75713,9,-9.594068226860458,-163.125,21,0
75714,9,-9.594068226860458,-151.875,9,0
75715,9,-9.594068226860458,-140.625,11,0
75716,9,-9.594068226860458,-129.37500000000006,13,0
75717,9,-9.594068226860458,-118.125,13,0
75718,9,-9.594068226860458,-106.875,18,0
75719,9,-9.594068226860458,-95.625,19,0
75720,9,-9.594068226860458,-84.375,20,0
75721,9,-9.594068226860458,-73.12500000000006,16,0
75722,9,-9.594068226860458,-61.875,18,0
75723,9,-9.594068226860458,-50.625,24,0
75724,9,-9.594068226860458,-39.375,14,0
75725,9,-9.594068226860458,-28.125,23,0
75726,9,-9.594068226860458,-16.875,18,0
75727,9,-9.594068226860458,-5.625,18,0
75728,9,-14.477512185929925,0.0,12,1
75729,9,-14.477512185929925,11.25,19,1
75730,9,-14.477512185929925,22.5,14,0
75731,9,-14.477512185929925,33.75,13,0
75732,9,-14.477512185929925,45.0,19,0
75733,9,-14.477512185929925,56.25,21,0
75734,9,-14.477512185929925,67.5,17,0
75735,9,-14.477512185929925,78.75,18,0
75736,9,-14.477512185929925,90.0,18,0
75737,9,-14.477512185929925,101.25,13,0
75738,9,-14.477512185929925,112.5,13,0
75739,9,-14.477512185929925,123.75,24,0
75740,9,-14.477512185929925,135.0,16,0
75741,9,-14.477512185929925,146.25,21,0
75742,9,-14.477512185929925,157.5,13,0
75743,9,-14.477512185929925,168.75,19,0
75744,9,-14.477512185929925,-180.0,23,0
75745,9,-14.477512185929925,-168.75,20,0
75746,9,-14.477512185929925,-157.5,16,0
75747,9,-14.477512185929925,-146.25,15,0
75748,9,-14.477512185929925,-135.0,17,0
75749,9,-14.477512185929925,-123.75,11,0
75750,9,-14.477512185929925,-112.5,11,0
75751,9,-14.477512185929925,-101.25,25,0
75752,9,-14.477512185929925,-90.0,23,0
75753,9,-14.477512185929925,-78.75000000000006,22,0
75754,9,-14.477512185929925,-67.5,21,0
75755,9,-14.477512185929925,-56.25,26,0
75756,9,-14.477512185929925,-45.0,11,0
75757,9,-14.477512185929925,-33.75000000000006,16,0
75758,9,-14.477512185929925,-22.5,18,1
75759,9,-14.477512185929925,-11.25,9,0
75760,9,-19.47122063449069,5.625,11,0
75761,9,-19.47122063449069,16.875,19,0
75762,9,-19.47122063449069,28.125,15,0
75763,9,-19.47122063449069,39.375,17,0
75764,9,-19.47122063449069,50.625,22,0
75765,9,-19.47122063449069,61.875,21,0
75766,9,-19.47122063449069,73.125,17,0
75767,9,-19.47122063449069,84.375,24,0
75768,9,-19.47122063449069,95.625,12,0
75769,9,-19.47122063449069,106.875,10,0
75770,9,-19.47122063449069,118.125,17,0
75771,9,-19.47122063449069,129.375,19,0
75772,9,-19.47122063449069,140.625,19,0
75773,9,-19.47122063449069,151.875,23,0
75774,9,-19.47122063449069,163.125,12,0
75775,9,-19.47122063449069,174.375,18,1
75776,9,-19.47122063449069,-174.375,17,0
75777,9,-19.47122063449069,-163.125,22,0
75778,9,-19.47122063449069,-151.875,19,0
75779,9,-19.47122063449069,-140.625,18,0
75780,9,-19.47122063449069,-129.37500000000006,12,0
75781,9,-19.47122063449069,-118.125,17,0
75782,9,-19.47122063449069,-106.875,17,0
75783,9,-19.47122063449069,-95.625,19,0
75784,9,-19.47122063449069,-84.375,17,0
75785,9,-19.47122063449069,-73.12500000000006,21,0
75786,9,-19.47122063449069,-61.875,23,0
75787,9,-19.47122063449069,-50.625,24,0
75788,9,-19.47122063449069,-39.375,20,0
75789,9,-19.47122063449069,-28.125,12,0
75790,9,-19.47122063449069,-16.875,12,1
75791,9,-19.47122063449069,-5.625,9,1
75792,9,-24.62431835216408,0.0,17,0
75793,9,-24.62431835216408,11.25,15,0
75794,9,-24.62431835216408,22.5,22,0
75795,9,-24.62431835216408,33.75,18,0
75796,9,-24.62431835216408,45.0,20,0
75797,9,-24.62431835216408,56.25,25,0
75798,9,-24.62431835216408,67.5,19,0
75799,9,-24.62431835216408,78.75,22,0
75800,9,-24.62431835216408,90.0,18,0
75801,9,-24.62431835216408,101.25,15,0
75802,9,-24.62431835216408,112.5,12,0
75803,9,-24.62431835216408,123.75,16,0
75804,9,-24.62431835216408,135.0,20,0
75805,9,-24.62431835216408,146.25,13,0
75806,9,-24.62431835216408,157.5,17,0
75807,9,-24.62431835216408,168.75,11,0
75808,9,-24.62431835216408,-180.0,18,1
75809,9,-24.62431835216408,-168.75,15,0
75810,9,-24.62431835216408,-157.5,17,0
75811,9,-24.62431835216408,-146.25,27,0
75812,9,-24.62431835216408,-135.0,22,0
75813,9,-24.62431835216408,-123.75,15,0
75814,9,-24.62431835216408,-112.5,16,0
75815,9,-24.62431835216408,-101.25,13,0
75816,9,-24.62431835216408,-90.0,19,0
75817,9,-24.62431835216408,-78.75000000000006,17,0
75818,9,-24.62431835216408,-67.5,17,0
75819,9,-24.62431835216408,-56.25,14,0
75820,9,-24.62431835216408,-45.0,19,0
75821,9,-24.62431835216408,-33.75000000000006,16,1
75822,9,-24.62431835216408,-22.5,13,0
75823,9,-24.62431835216408,-11.25,16,0
75824,9,-30.000000000000014,5.625,17,0
75825,9,-30.000000000000014,16.875,18,0
75826,9,-30.000000000000014,28.125,17,0
75827,9,-30.000000000000014,39.375,18,0
75828,9,-30.000000000000014,50.625,20,0
75829,9,-30.000000000000014,61.875,20,0
75830,9,-30.000000000000014,73.125,19,0
75831,9,-30.000000000000014,84.375,17,0
75832,9,-30.000000000000014,95.625,20,0
75833,9,-30.000000000000014,106.875,23,0
75834,9,-30.000000000000014,118.125,17,0
75835,9,-30.000000000000014,129.375,16,0
75836,9,-30.000000000000014,140.625,18,0
75837,9,-30.000000000000014,151.875,15,0
75838,9,-30.000000000000014,163.125,11,0
75839,9,-30.000000000000014,174.375,22,0
75840,9,-30.000000000000014,-174.375,16,0
75841,9,-30.000000000000014,-163.125,16,0
75842,9,-30.000000000000014,-151.875,20,0
75843,9,-30.000000000000014,-140.625,17,0
75844,9,-30.000000000000014,-129.37500000000006,20,0
75845,9,-30.000000000000014,-118.125,20,0
75846,9,-30.000000000000014,-106.875,13,0
75847,9,-30.000000000000014,-95.625,17,0
75848,9,-30.000000000000014,-84.375,19,0
75849,9,-30.000000000000014,-73.12500000000006,20,0
75850,9,-30.000000000000014,-61.875,13,0
75851,9,-30.000000000000014,-50.625,17,0
75852,9,-30.000000000000014,-39.375,19,0
75853,9,-30.000000000000014,-28.125,22,1
75854,9,-30.000000000000014,-16.875,20,0
75855,9,-30.000000000000014,-5.625,15,0
75856,9,-35.68533471265205,0.0,15,0
75857,9,-35.68533471265205,11.25,14,0
75858,9,-35.68533471265205,22.5,14,0
75859,9,-35.68533471265205,33.75,15,0
75860,9,-35.68533471265205,45.0,16,0
75861,9,-35.68533471265205,56.25,13,0
75862,9,-35.68533471265205,67.5,19,0
75863,9,-35.68533471265205,78.75,13,0
75864,9,-35.68533471265205,90.0,11,0
75865,9,-35.68533471265205,101.25,14,0
75866,9,-35.68533471265205,112.5,17,0
75867,9,-35.68533471265205,123.75,21,0
75868,9,-35.68533471265205,135.0,18,0
75869,9,-35.68533471265205,146.25,15,0
75870,9,-35.68533471265205,157.5,15,0
75871,9,-35.68533471265205,168.75,16,0
75872,9,-35.68533471265205,-180.0,16,0
75873,9,-35.68533471265205,-168.75,16,0
75874,9,-35.68533471265205,-157.5,12,0
75875,9,-35.68533471265205,-146.25,20,0
75876,9,-35.68533471265205,-135.0,16,0
75877,9,-35.68533471265205,-123.75,20,0
75878,9,-35.68533471265205,-112.5,21,0
75879,9,-35.68533471265205,-101.25,19,0
75880,9,-35.68533471265205,-90.0,16,0
75881,9,-35.68533471265205,-78.75000000000006,17,0
75882,9,-35.68533471265205,-67.5,18,0
75883,9,-35.68533471265205,-56.25,18,0
75884,9,-35.68533471265205,-45.0,18,0
75885,9,-35.68533471265205,-33.75000000000006,31,0
75886,9,-35.68533471265205,-22.5,23,0
75887,9,-35.68533471265205,-11.25,20,0
75888,9,-41.81031489577862,5.625,16,0
75889,9,-41.81031489577862,16.875,14,0
75890,9,-41.81031489577862,28.125,10,0
75891,9,-41.81031489577862,39.375,20,0
75892,9,-41.81031489577862,50.625,25,0
75893,9,-41.81031489577862,61.875,21,0
75894,9,-41.81031489577862,73.125,13,0
75895,9,-41.81031489577862,84.375,10,0
75896,9,-41.81031489577862,95.625,20,0
75897,9,-41.81031489577862,106.875,17,0
75898,9,-41.81031489577862,118.125,15,0
75899,9,-41.81031489577862,129.375,18,0
75900,9,-41.81031489577862,140.625,16,0
75901,9,-41.81031489577862,151.875,13,0
75902,9,-41.81031489577862,163.125,16,0
75903,9,-41.81031489577862,174.375,21,0
75904,9,-41.81031489577862,-174.375,17,0
75905,9,-41.81031489577862,-163.125,16,0
75906,9,-41.81031489577862,-151.875,10,0
75907,9,-41.81031489577862,-140.625,17,0
75908,9,-41.81031489577862,-129.37500000000006,13,0
75909,9,-41.81031489577862,-118.125,16,0
75910,9,-41.81031489577862,-106.875,23,0
75911,9,-41.81031489577862,-95.625,18,0
75912,9,-41.81031489577862,-84.375,16,0
75913,9,-41.81031489577862,-73.12500000000006,19,0
75914,9,-41.81031489577862,-61.875,19,0
75915,9,-41.81031489577862,-50.625,17,0
75916,9,-41.81031489577862,-39.375,22,0
75917,9,-41.81031489577862,-28.125,21,0
75918,9,-41.81031489577862,-16.875,14,0
75919,9,-41.81031489577862,-5.625,23,0
75920,9,-48.1412077943603,6.428571428571416,13,0
75921,9,-48.1412077943603,19.285714285714278,16,0
75922,9,-48.1412077943603,32.14285714285714,15,0
75923,9,-48.1412077943603,45.0,19,0
75924,9,-48.1412077943603,57.85714285714286,11,0
75925,9,-48.1412077943603,70.71428571428572,16,0
75926,9,-48.1412077943603,83.57142857142856,14,0
75927,9,-48.1412077943603,96.42857142857144,16,0
75928,9,-48.1412077943603,109.28571428571428,17,0
75929,9,-48.1412077943603,122.14285714285711,17,0
75930,9,-48.1412077943603,135.0,13,0
75931,9,-48.1412077943603,147.8571428571429,20,0
75932,9,-48.1412077943603,160.71428571428572,18,0
75933,9,-48.1412077943603,173.57142857142856,17,0
75934,9,-48.1412077943603,-173.57142857142856,16,0
75935,9,-48.1412077943603,-160.71428571428572,16,0
75936,9,-48.1412077943603,-147.8571428571429,16,0
75937,9,-48.1412077943603,-135.0,25,0
75938,9,-48.1412077943603,-122.14285714285711,22,0
75939,9,-48.1412077943603,-109.28571428571428,24,1
75940,9,-48.1412077943603,-96.42857142857144,15,0
75941,9,-48.1412077943603,-83.57142857142856,19,0
75942,9,-48.1412077943603,-70.71428571428572,20,0
75943,9,-48.1412077943603,-57.85714285714283,18,0
75944,9,-48.1412077943603,-45.0,24,0
75945,9,-48.1412077943603,-32.14285714285717,21,0
75946,9,-48.1412077943603,-19.28571428571422,12,0
75947,9,-48.1412077943603,-6.428571428571445,14,0
75948,9,-54.340912303861245,7.5,11,0
75949,9,-54.340912303861245,22.5,22,0
75950,9,-54.340912303861245,37.5,15,0
75951,9,-54.340912303861245,52.5,15,0
75952,9,-54.340912303861245,67.5,19,0
75953,9,-54.340912303861245,82.5,23,0
75954,9,-54.340912303861245,97.5,23,0
75955,9,-54.340912303861245,112.5,20,0
75956,9,-54.340912303861245,127.5,17,0
75957,9,-54.340912303861245,142.5,23,0
75958,9,-54.340912303861245,157.5,15,0
75959,9,-54.340912303861245,172.5,14,0
75960,9,-54.340912303861245,-172.5,18,0
75961,9,-54.340912303861245,-157.5,12,0
75962,9,-54.340912303861245,-142.5,19,0
75963,9,-54.340912303861245,-127.5,18,0
75964,9,-54.340912303861245,-112.5,15,0
75965,9,-54.340912303861245,-97.5,8,0
75966,9,-54.340912303861245,-82.5,11,0
75967,9,-54.340912303861245,-67.5,27,0
75968,9,-54.340912303861245,-52.50000000000006,18,0
75969,9,-54.340912303861245,-37.5,13,0
75970,9,-54.340912303861245,-22.5,16,0
75971,9,-54.340912303861245,-7.5,19,0
75972,9,-60.4344388449523,9.0,16,0
75973,9,-60.4344388449523,27.0,21,0
75974,9,-60.4344388449523,45.0,18,0
75975,9,-60.4344388449523,63.0,25,0
75976,9,-60.4344388449523,81.0,18,0
75977,9,-60.4344388449523,99.0,12,0
75978,9,-60.4344388449523,117.0,26,0
75979,9,-60.4344388449523,135.0,14,0
75980,9,-60.4344388449523,153.0,20,0
75981,9,-60.4344388449523,171.0,18,0
75982,9,-60.4344388449523,-171.0,21,0
75983,9,-60.4344388449523,-153.0,15,0
75984,9,-60.4344388449523,-135.0,20,0
75985,9,-60.4344388449523,-117.0,22,0
75986,9,-60.4344388449523,-99.0,12,0
75987,9,-60.4344388449523,-81.0,10,0
75988,9,-60.4344388449523,-63.0,30,0
75989,9,-60.4344388449523,-45.0,13,0
75990,9,-60.4344388449523,-27.0,9,0
75991,9,-60.4344388449523,-9.0,23,0
75992,9,-66.44353569089876,11.25,21,0
75993,9,-66.44353569089876,33.75,23,0
75994,9,-66.44353569089876,56.25,20,0
75995,9,-66.44353569089876,78.75,16,0
75996,9,-66.44353569089876,101.25,14,0
75997,9,-66.44353569089876,123.75,17,0
75998,9,-66.44353569089876,146.25,15,0
75999,9,-66.44353569089876,168.75,12,0
76000,9,-66.44353569089876,-168.75,24,0
76001,9,-66.44353569089876,-146.25,19,0
76002,9,-66.44353569089876,-123.75,21,0
76003,9,-66.44353569089876,-101.25,22,0
76004,9,-66.44353569089876,-78.75,14,0
76005,9,-66.44353569089876,-56.25,21,0
76006,9,-66.44353569089876,-33.75,15,0
76007,9,-66.44353569089876,-11.25,16,0
76008,9,-72.38756092964962,15.0,17,0
76009,9,-72.38756092964962,45.0,21,0
76010,9,-72.38756092964962,75.0,20,0
76011,9,-72.38756092964962,105.0,16,0
76012,9,-72.38756092964962,135.0,12,0
76013,9,-72.38756092964962,165.0,12,0
76014,9,-72.38756092964962,-165.0,16,0
76015,9,-72.38756092964962,-135.0,18,0
76016,9,-72.38756092964962,-105.0,21,0
76017,9,-72.38756092964962,-75.0,20,0
76018,9,-72.38756092964962,-45.0,16,0
76019,9,-72.38756092964962,-15.0,17,0
76020,9,-78.28414760510762,22.5,23,0
76021,9,-78.28414760510762,67.5,17,0
76022,9,-78.28414760510762,112.5,14,0
76023,9,-78.28414760510762,157.5,17,0
76024,9,-78.28414760510762,-157.5,15,0
76025,9,-78.28414760510762,-112.5,11,0
76026,9,-78.28414760510762,-67.5,20,0
76027,9,-78.28414760510762,-22.5,18,0
76028,9,-84.14973293629666,45.0,19,0
76029,9,-84.14973293629666,135.0,19,0
76030,9,-84.14973293629666,-135.0,13,0
76031,9,-84.14973293629666,-45.0,22,0
76032,9,84.14973293629666,45.0,14,0
76033,9,84.14973293629666,135.0,17,0
76034,9,84.14973293629666,-135.0,15,0
76035,9,84.14973293629666,-45.0,24,0
76036,9,78.28414760510762,22.5,12,0
76037,9,78.28414760510762,67.5,17,0
76038,9,78.28414760510762,112.5,19,0
76039,9,78.28414760510762,157.5,14,0
76040,9,78.28414760510762,-157.5,26,0
76041,9,78.28414760510762,-112.5,17,0
76042,9,78.28414760510762,-67.5,24,0
76043,9,78.28414760510762,-22.5,15,0
76044,9,72.38756092964962,15.0,13,0
76045,9,72.38756092964962,45.0,13,0
76046,9,72.38756092964962,75.0,23,0
76047,9,72.38756092964962,105.0,29,0
76048,9,72.38756092964962,135.0,14,0
76049,9,72.38756092964962,165.0,13,0
76050,9,72.38756092964962,-165.0,19,0
76051,9,72.38756092964962,-135.0,26,0
76052,9,72.38756092964962,-105.0,20,0
76053,9,72.38756092964962,-75.0,15,0
76054,9,72.38756092964962,-45.0,18,0
76055,9,72.38756092964962,-15.0,14,0
76056,9,66.44353569089877,11.25,16,0
76057,9,66.44353569089877,33.75,14,0
76058,9,66.44353569089877,56.25,15,0
76059,9,66.44353569089877,78.75,15,0
76060,9,66.44353569089877,101.25,21,0
76061,9,66.44353569089877,123.75,16,0
76062,9,66.44353569089877,146.25,17,0
76063,9,66.44353569089877,168.75,19,0
76064,9,66.44353569089877,-168.75,19,0
76065,9,66.44353569089877,-146.25,19,0
76066,9,66.44353569089877,-123.75,18,0
76067,9,66.44353569089877,-101.25,16,0
76068,9,66.44353569089877,-78.75,15,0
76069,9,66.44353569089877,-56.25,19,0
76070,9,66.44353569089877,-33.75,10,0
76071,9,66.44353569089877,-11.25,19,0
76072,9,60.43443884495228,9.0,14,0
76073,9,60.43443884495228,27.0,16,0
76074,9,60.43443884495228,45.0,19,0
76075,9,60.43443884495228,63.0,17,0
76076,9,60.43443884495228,81.0,20,0
76077,9,60.43443884495228,99.0,16,0
76078,9,60.43443884495228,117.0,14,0
76079,9,60.43443884495228,135.0,14,0
76080,9,60.43443884495228,153.0,12,0
76081,9,60.43443884495228,171.0,16,0
76082,9,60.43443884495228,-171.0,11,0
76083,9,60.43443884495228,-153.0,15,0
76084,9,60.43443884495228,-135.0,18,0
76085,9,60.43443884495228,-117.0,10,0
76086,9,60.43443884495228,-99.0,19,0
76087,9,60.43443884495228,-81.0,17,0
76088,9,60.43443884495228,-63.0,10,0
76089,9,60.43443884495228,-45.0,17,0
76090,9,60.43443884495228,-27.0,15,0
76091,9,60.43443884495228,-9.0,16,0
76092,9,54.340912303861245,7.5,23,0
76093,9,54.340912303861245,22.5,13,0
76094,9,54.340912303861245,37.5,18,0
76095,9,54.340912303861245,52.5,13,0
76096,9,54.340912303861245,67.5,19,0
76097,9,54.340912303861245,82.5,15,0
76098,9,54.340912303861245,97.5,21,0
76099,9,54.340912303861245,112.5,17,0
76100,9,54.340912303861245,127.5,14,0
76101,9,54.340912303861245,142.5,17,0
76102,9,54.340912303861245,157.5,21,0
76103,9,54.340912303861245,172.5,19,0
76104,9,54.340912303861245,-172.5,11,0
76105,9,54.340912303861245,-157.5,17,0
76106,9,54.340912303861245,-142.5,16,0
76107,9,54.340912303861245,-127.5,10,0
76108,9,54.340912303861245,-112.5,18,0
76109,9,54.340912303861245,-97.5,15,0
76110,9,54.340912303861245,-82.5,24,0
76111,9,54.340912303861245,-67.5,13,0
76112,9,54.340912303861245,-52.50000000000006,18,0
76113,9,54.340912303861245,-37.5,22,0
76114,9,54.340912303861245,-22.5,22,0
76115,9,54.340912303861245,-7.5,14,0
76116,9,48.141207794360284,6.428571428571416,15,0
76117,9,48.141207794360284,19.285714285714278,19,0
76118,9,48.141207794360284,32.14285714285714,14,0
76119,9,48.141207794360284,45.0,16,0
76120,9,48.141207794360284,57.85714285714286,19,0
76121,9,48.141207794360284,70.71428571428572,26,0
76122,9,48.141207794360284,83.57142857142856,24,0
76123,9,48.141207794360284,96.42857142857144,24,0
76124,9,48.141207794360284,109.28571428571428,18,0
76125,9,48.141207794360284,122.14285714285711,20,0
76126,9,48.141207794360284,135.0,13,0
76127,9,48.141207794360284,147.8571428571429,18,0
76128,9,48.141207794360284,160.71428571428572,16,0
76129,9,48.141207794360284,173.57142857142856,15,0
76130,9,48.141207794360284,-173.57142857142856,15,0
76131,9,48.141207794360284,-160.71428571428572,21,0
76132,9,48.141207794360284,-147.8571428571429,21,0
76133,9,48.141207794360284,-135.0,21,0
76134,9,48.141207794360284,-122.14285714285711,23,0
76135,9,48.141207794360284,-109.28571428571428,18,0
76136,9,48.141207794360284,-96.42857142857144,24,0
76137,9,48.141207794360284,-83.57142857142856,25,0
76138,9,48.141207794360284,-70.71428571428572,13,0
76139,9,48.141207794360284,-57.85714285714283,13,0
76140,9,48.141207794360284,-45.0,14,0
76141,9,48.141207794360284,-32.14285714285717,27,0
76142,9,48.141207794360284,-19.28571428571422,24,0
76143,9,48.141207794360284,-6.428571428571445,17,0
76144,9,41.81031489577859,5.625,12,0
76145,9,41.81031489577859,16.875,19,0
76146,9,41.81031489577859,28.125,23,0
76147,9,41.81031489577859,39.375,14,0
76148,9,41.81031489577859,50.625,26,0
76149,9,41.81031489577859,61.875,10,0
76150,9,41.81031489577859,73.125,20,0
76151,9,41.81031489577859,84.375,27,0
76152,9,41.81031489577859,95.625,25,0
76153,9,41.81031489577859,106.875,12,0
76154,9,41.81031489577859,118.125,21,0
76155,9,41.81031489577859,129.375,6,0
76156,9,41.81031489577859,140.625,18,0
76157,9,41.81031489577859,151.875,18,0
76158,9,41.81031489577859,163.125,23,0
76159,9,41.81031489577859,174.375,17,0
76160,9,41.81031489577859,-174.375,20,0
76161,9,41.81031489577859,-163.125,21,0
76162,9,41.81031489577859,-151.875,12,0
76163,9,41.81031489577859,-140.625,18,0
76164,9,41.81031489577859,-129.37500000000006,22,0
76165,9,41.81031489577859,-118.125,20,0
76166,9,41.81031489577859,-106.875,18,0
76167,9,41.81031489577859,-95.625,22,0
76168,9,41.81031489577859,-84.375,12,0
76169,9,41.81031489577859,-73.12500000000006,15,0
76170,9,41.81031489577859,-61.875,12,0
76171,9,41.81031489577859,-50.625,14,0
76172,9,41.81031489577859,-39.375,15,0
76173,9,41.81031489577859,-28.125,14,0
76174,9,41.81031489577859,-16.875,19,0
76175,9,41.81031489577859,-5.625,14,0
76176,9,35.68533471265204,0.0,17,0
76177,9,35.68533471265204,11.25,18,0
76178,9,35.68533471265204,22.5,10,0
76179,9,35.68533471265204,33.75,14,0
76180,9,35.68533471265204,45.0,20,0
76181,9,35.68533471265204,56.25,25,0
76182,9,35.68533471265204,67.5,7,0
76183,9,35.68533471265204,78.75,12,0
76184,9,35.68533471265204,90.0,22,1
76185,9,35.68533471265204,101.25,21,0
76186,9,35.68533471265204,112.5,16,0
76187,9,35.68533471265204,123.75,10,0
76188,9,35.68533471265204,135.0,16,0
76189,9,35.68533471265204,146.25,30,0
76190,9,35.68533471265204,157.5,17,0
76191,9,35.68533471265204,168.75,14,0
76192,9,35.68533471265204,-180.0,18,0
76193,9,35.68533471265204,-168.75,22,0
76194,9,35.68533471265204,-157.5,18,0
76195,9,35.68533471265204,-146.25,13,0
76196,9,35.68533471265204,-135.0,14,0
76197,9,35.68533471265204,-123.75,17,0
76198,9,35.68533471265204,-112.5,26,0
76199,9,35.68533471265204,-101.25,27,0
76200,9,35.68533471265204,-90.0,13,0
76201,9,35.68533471265204,-78.75000000000006,15,0
76202,9,35.68533471265204,-67.5,10,0
76203,9,35.68533471265204,-56.25,10,0
76204,9,35.68533471265204,-45.0,16,1
76205,9,35.68533471265204,-33.75000000000006,17,1
76206,9,35.68533471265204,-22.5,12,0
76207,9,35.68533471265204,-11.25,20,0
76208,9,30.000000000000007,5.625,12,0
76209,9,30.000000000000007,16.875,17,0
76210,9,30.000000000000007,28.125,14,0
76211,9,30.000000000000007,39.375,16,0
76212,9,30.000000000000007,50.625,17,0
76213,9,30.000000000000007,61.875,15,0
76214,9,30.000000000000007,73.125,18,0
76215,9,30.000000000000007,84.375,17,1
76216,9,30.000000000000007,95.625,17,0
76217,9,30.000000000000007,106.875,16,0
76218,9,30.000000000000007,118.125,15,0
76219,9,30.000000000000007,129.375,13,0
76220,9,30.000000000000007,140.625,21,0
76221,9,30.000000000000007,151.875,25,0
76222,9,30.000000000000007,163.125,10,0
76223,9,30.000000000000007,174.375,15,0
76224,9,30.000000000000007,-174.375,16,0
76225,9,30.000000000000007,-163.125,22,0
76226,9,30.000000000000007,-151.875,15,0
76227,9,30.000000000000007,-140.625,16,0
76228,9,30.000000000000007,-129.37500000000006,16,0
76229,9,30.000000000000007,-118.125,15,0
76230,9,30.000000000000007,-106.875,30,0
76231,9,30.000000000000007,-95.625,20,0
76232,9,30.000000000000007,-84.375,15,0
76233,9,30.000000000000007,-73.12500000000006,13,0
76234,9,30.000000000000007,-61.875,13,0
76235,9,30.000000000000007,-50.625,9,0
76236,9,30.000000000000007,-39.375,22,1
76237,9,30.000000000000007,-28.125,16,0
76238,9,30.000000000000007,-16.875,12,0
76239,9,30.000000000000007,-5.625,18,0
76240,9,24.62431835216408,0.0,16,0
76241,9,24.62431835216408,11.25,16,0
76242,9,24.62431835216408,22.5,19,0
76243,9,24.62431835216408,33.75,18,0
76244,9,24.62431835216408,45.0,19,0
76245,9,24.62431835216408,56.25,16,0
76246,9,24.62431835216408,67.5,21,0
76247,9,24.62431835216408,78.75,17,0
76248,9,24.62431835216408,90.0,18,0
76249,9,24.62431835216408,101.25,17,0
76250,9,24.62431835216408,112.5,18,0
76251,9,24.62431835216408,123.75,14,0
76252,9,24.62431835216408,135.0,16,0
76253,9,24.62431835216408,146.25,16,0
76254,9,24.62431835216408,157.5,22,0
76255,9,24.62431835216408,168.75,19,0
76256,9,24.62431835216408,-180.0,13,0
76257,9,24.62431835216408,-168.75,19,0
76258,9,24.62431835216408,-157.5,15,0
76259,9,24.62431835216408,-146.25,21,0
76260,9,24.62431835216408,-135.0,18,0
76261,9,24.62431835216408,-123.75,12,1
76262,9,24.62431835216408,-112.5,21,0
76263,9,24.62431835216408,-101.25,17,0
76264,9,24.62431835216408,-90.0,9,0
76265,9,24.62431835216408,-78.75000000000006,17,0
76266,9,24.62431835216408,-67.5,26,0
76267,9,24.62431835216408,-56.25,16,0
76268,9,24.62431835216408,-45.0,15,0
76269,9,24.62431835216408,-33.75000000000006,12,0
76270,9,24.62431835216408,-22.5,14,0
76271,9,24.62431835216408,-11.25,17,0
76272,9,19.47122063449069,5.625,19,0
76273,9,19.47122063449069,16.875,17,0
76274,9,19.47122063449069,28.125,11,0
76275,9,19.47122063449069,39.375,18,0
76276,9,19.47122063449069,50.625,16,0
76277,9,19.47122063449069,61.875,14,0
76278,9,19.47122063449069,73.125,17,0
76279,9,19.47122063449069,84.375,18,0
76280,9,19.47122063449069,95.625,19,0
76281,9,19.47122063449069,106.875,11,0
76282,9,19.47122063449069,118.125,18,0
76283,9,19.47122063449069,129.375,18,0
76284,9,19.47122063449069,140.625,17,0
76285,9,19.47122063449069,151.875,20,0
76286,9,19.47122063449069,163.125,22,0
76287,9,19.47122063449069,174.375,15,0
76288,9,19.47122063449069,-174.375,19,0
76289,9,19.47122063449069,-163.125,19,0
76290,9,19.47122063449069,-151.875,17,0
76291,9,19.47122063449069,-140.625,20,0
76292,9,19.47122063449069,-129.37500000000006,23,1
76293,9,19.47122063449069,-118.125,14,0
76294,9,19.47122063449069,-106.875,11,0
76295,9,19.47122063449069,-95.625,21,0
76296,9,19.47122063449069,-84.375,12,0
76297,9,19.47122063449069,-73.12500000000006,12,0
76298,9,19.47122063449069,-61.875,25,0
76299,9,19.47122063449069,-50.625,20,0
76300,9,19.47122063449069,-39.375,17,0
76301,9,19.47122063449069,-28.125,23,0
76302,9,19.47122063449069,-16.875,16,0
76303,9,19.47122063449069,-5.625,22,0
76304,9,14.477512185929925,0.0,21,0
76305,9,14.477512185929925,11.25,19,0
76306,9,14.477512185929925,22.5,18,0
76307,9,14.477512185929925,33.75,12,0
76308,9,14.477512185929925,45.0,17,0
76309,9,14.477512185929925,56.25,14,0
76310,9,14.477512185929925,67.5,18,0
76311,9,14.477512185929925,78.75,21,0
76312,9,14.477512185929925,90.0,22,0
76313,9,14.477512185929925,101.25,14,0
76314,9,14.477512185929925,112.5,16,0
76315,9,14.477512185929925,123.75,19,0
76316,9,14.477512185929925,135.0,11,0
76317,9,14.477512185929925,146.25,15,0
76318,9,14.477512185929925,157.5,17,0
76319,9,14.477512185929925,168.75,17,0
76320,9,14.477512185929925,-180.0,20,1
76321,9,14.477512185929925,-168.75,19,0
76322,9,14.477512185929925,-157.5,11,0
76323,9,14.477512185929925,-146.25,16,0
76324,9,14.477512185929925,-135.0,17,0
76325,9,14.477512185929925,-123.75,17,0
76326,9,14.477512185929925,-112.5,14,0
76327,9,14.477512185929925,-101.25,20,0
76328,9,14.477512185929925,-90.0,14,0
76329,9,14.477512185929925,-78.75000000000006,9,0
76330,9,14.477512185929925,-67.5,11,0
76331,9,14.477512185929925,-56.25,18,0
76332,9,14.477512185929925,-45.0,23,0
76333,9,14.477512185929925,-33.75000000000006,22,0
76334,9,14.477512185929925,-22.5,17,0
76335,9,14.477512185929925,-11.25,18,0
76336,9,9.594068226860458,5.625,17,0
76337,9,9.594068226860458,16.875,17,0
76338,9,9.594068226860458,28.125,24,0
76339,9,9.594068226860458,39.375,18,0
76340,9,9.594068226860458,50.625,25,0
76341,9,9.594068226860458,61.875,18,0
76342,9,9.594068226860458,73.125,16,0
76343,9,9.594068226860458,84.375,25,0
76344,9,9.594068226860458,95.625,13,0
76345,9,9.594068226860458,106.875,18,0
76346,9,9.594068226860458,118.125,15,2
76347,9,9.594068226860458,129.375,13,0
76348,9,9.594068226860458,140.625,19,0
76349,9,9.594068226860458,151.875,13,0
76350,9,9.594068226860458,163.125,26,0
76351,9,9.594068226860458,174.375,20,0
76352,9,9.594068226860458,-174.375,17,1
76353,9,9.594068226860458,-163.125,23,0
76354,9,9.594068226860458,-151.875,14,0
76355,9,9.594068226860458,-140.625,15,0
76356,9,9.594068226860458,-129.37500000000006,20,0
76357,9,9.594068226860458,-118.125,15,0
76358,9,9.594068226860458,-106.875,14,0
76359,9,9.594068226860458,-95.625,15,0
76360,9,9.594068226860458,-84.375,14,0
76361,9,9.594068226860458,-73.12500000000006,12,0
76362,9,9.594068226860458,-61.875,18,0
76363,9,9.594068226860458,-50.625,17,0
76364,9,9.594068226860458,-39.375,19,0
76365,9,9.594068226860458,-28.125,10,0
76366,9,9.594068226860458,-16.875,14,0
76367,9,9.594068226860458,-5.625,17,0
76368,9,4.780191847199163,0.0,20,2
76369,9,4.780191847199163,11.25,15,0
76370,9,4.780191847199163,22.5,16,1
76371,9,4.780191847199163,33.75,21,0
76372,9,4.780191847199163,45.0,25,4
76373,9,4.780191847199163,56.25,17,1
76374,9,4.780191847199163,67.5,21,4
76375,9,4.780191847199163,78.75,10,2
76376,9,4.780191847199163,90.0,27,3
76377,9,4.780191847199163,101.25,15,0
76378,9,4.780191847199163,112.5,18,0
76379,9,4.780191847199163,123.75,18,3
76380,9,4.780191847199163,135.0,19,0
76381,9,4.780191847199163,146.25,15,3
76382,9,4.780191847199163,157.5,24,3
76383,9,4.780191847199163,168.75,16,4
76384,9,4.780191847199163,-180.0,18,0
76385,9,4.780191847199163,-168.75,12,1
76386,9,4.780191847199163,-157.5,17,1
76387,9,4.780191847199163,-146.25,12,1
76388,9,4.780191847199163,-135.0,14,5
76389,9,4.780191847199163,-123.75,13,2
76390,9,4.780191847199163,-112.5,19,3
76391,9,4.780191847199163,-101.25,16,0
76392,9,4.780191847199163,-90.0,12,1
76393,9,4.780191847199163,-78.75000000000006,30,2
76394,9,4.780191847199163,-67.5,21,2
76395,9,4.780191847199163,-56.25,15,5
76396,9,4.780191847199163,-45.0,14,4
76397,9,4.780191847199163,-33.75000000000006,10,3
76398,9,4.780191847199163,-22.5,18,4
76399,9,4.780191847199163,-11.25,13,1
76400,9,0.0,5.625,15,4
76401,9,0.0,16.875,19,4
76402,9,0.0,28.125,17,2
76403,9,0.0,39.375,19,4
76404,9,0.0,50.625,22,5
76405,9,0.0,61.875,18,4
76406,9,0.0,73.125,15,7
76407,9,0.0,84.375,17,3
76408,9,0.0,95.625,17,1
76409,9,0.0,106.875,19,3
76410,9,0.0,118.125,22,3
76411,9,0.0,129.375,15,0
76412,9,0.0,140.625,15,2
76413,9,0.0,151.875,12,1
76414,9,0.0,163.125,13,8
76415,9,0.0,174.375,17,2
76416,9,0.0,-174.375,23,2
76417,9,0.0,-163.125,25,3
76418,9,0.0,-151.875,10,0
76419,9,0.0,-140.625,12,4
76420,9,0.0,-129.37500000000006,15,4
76421,9,0.0,-118.125,18,4
76422,9,0.0,-106.875,11,2
76423,9,0.0,-95.625,14,3
76424,9,0.0,-84.375,19,5
76425,9,0.0,-73.12500000000006,28,1
76426,9,0.0,-61.875,18,4
76427,9,0.0,-50.625,19,9
76428,9,0.0,-39.375,14,5
76429,9,0.0,-28.125,20,5
76430,9,0.0,-16.875,11,0
76431,9,0.0,-5.625,19,3
76432,9,-4.780191847199163,0.0,21,1
76433,9,-4.780191847199163,11.25,20,1
76434,9,-4.780191847199163,22.5,27,2
76435,9,-4.780191847199163,33.75,21,2
76436,9,-4.780191847199163,45.0,19,5
76437,9,-4.780191847199163,56.25,19,2
76438,9,-4.780191847199163,67.5,17,4
76439,9,-4.780191847199163,78.75,10,2
76440,9,-4.780191847199163,90.0,20,2
76441,9,-4.780191847199163,101.25,20,0
76442,9,-4.780191847199163,112.5,26,1
76443,9,-4.780191847199163,123.75,24,1
76444,9,-4.780191847199163,135.0,15,1
76445,9,-4.780191847199163,146.25,15,1
76446,9,-4.780191847199163,157.5,14,2
76447,9,-4.780191847199163,168.75,14,3
76448,9,-4.780191847199163,-180.0,14,1
76449,9,-4.780191847199163,-168.75,23,1
76450,9,-4.780191847199163,-157.5,19,1
76451,9,-4.780191847199163,-146.25,14,0
76452,9,-4.780191847199163,-135.0,19,4
76453,9,-4.780191847199163,-123.75,19,2
76454,9,-4.780191847199163,-112.5,16,0
76455,9,-4.780191847199163,-101.25,9,1
76456,9,-4.780191847199163,-90.0,15,6
76457,9,-4.780191847199163,-78.75000000000006,21,1
76458,9,-4.780191847199163,-67.5,21,0
76459,9,-4.780191847199163,-56.25,22,3
76460,9,-4.780191847199163,-45.0,18,2
76461,9,-4.780191847199163,-33.75000000000006,17,3
76462,9,-4.780191847199163,-22.5,14,1
76463,9,-4.780191847199163,-11.25,10,1
76464,9,-9.594068226860458,5.625,19,0
76465,9,-9.594068226860458,16.875,15,1
76466,9,-9.594068226860458,28.125,20,0
76467,9,-9.594068226860458,39.375,15,1
76468,9,-9.594068226860458,50.625,19,0
76469,9,-9.594068226860458,61.875,15,0
76470,9,-9.594068226860458,73.125,20,0
76471,9,-9.594068226860458,84.375,12,0
76472,9,-9.594068226860458,95.625,17,0
76473,9,-9.594068226860458,106.875,16,0
76474,9,-9.594068226860458,118.125,26,0
76475,9,-9.594068226860458,129.375,18,0
76476,9,-9.594068226860458,140.625,14,0
76477,9,-9.594068226860458,151.875,24,0
76478,9,-9.594068226860458,163.125,13,0
76479,9,-9.594068226860458,174.375,18,0
76480,9,-9.594068226860458,-174.375,19,0
76481,9,-9.594068226860458,-163.125,21,0
76482,9,-9.594068226860458,-151.875,9,0
76483,9,-9.594068226860458,-140.625,11,0
76484,9,-9.594068226860458,-129.37500000000006,13,0
76485,9,-9.594068226860458,-118.125,13,0
76486,9,-9.594068226860458,-106.875,18,0
76487,9,-9.594068226860458,-95.625,19,0
76488,9,-9.594068226860458,-84.375,20,0
76489,9,-9.594068226860458,-73.12500000000006,16,0
76490,9,-9.594068226860458,-61.875,18,0
76491,9,-9.594068226860458,-50.625,24,0
76492,9,-9.594068226860458,-39.375,14,0
76493,9,-9.594068226860458,-28.125,23,0
76494,9,-9.594068226860458,-16.875,18,0
76495,9,-9.594068226860458,-5.625,18,0
76496,9,-14.477512185929925,0.0,12,1
76497,9,-14.477512185929925,11.25,19,1
76498,9,-14.477512185929925,22.5,14,0
76499,9,-14.477512185929925,33.75,13,0
76500,9,-14.477512185929925,45.0,19,0
76501,9,-14.477512185929925,56.25,21,0
76502,9,-14.477512185929925,67.5,17,0
76503,9,-14.477512185929925,78.75,18,0
76504,9,-14.477512185929925,90.0,18,0
76505,9,-14.477512185929925,101.25,13,0
76506,9,-14.477512185929925,112.5,13,0
76507,9,-14.477512185929925,123.75,24,0
76508,9,-14.477512185929925,135.0,16,0
76509,9,-14.477512185929925,146.25,21,0
76510,9,-14.477512185929925,157.5,13,0
76511,9,-14.477512185929925,168.75,19,0
76512,9,-14.477512185929925,-180.0,23,0
76513,9,-14.477512185929925,-168.75,20,0
76514,9,-14.477512185929925,-157.5,16,0
76515,9,-14.477512185929925,-146.25,15,0
76516,9,-14.477512185929925,-135.0,17,0
76517,9,-14.477512185929925,-123.75,11,0
76518,9,-14.477512185929925,-112.5,11,0
76519,9,-14.477512185929925,-101.25,25,0
76520,9,-14.477512185929925,-90.0,23,0
76521,9,-14.477512185929925,-78.75000000000006,22,0
76522,9,-14.477512185929925,-67.5,21,0
76523,9,-14.477512185929925,-56.25,26,0
76524,9,-14.477512185929925,-45.0,11,0
76525,9,-14.477512185929925,-33.75000000000006,16,0
76526,9,-14.477512185929925,-22.5,18,1
76527,9,-14.477512185929925,-11.25,9,0
76528,9,-19.47122063449069,5.625,11,0
76529,9,-19.47122063449069,16.875,19,0
76530,9,-19.47122063449069,28.125,15,0
76531,9,-19.47122063449069,39.375,17,0
76532,9,-19.47122063449069,50.625,22,0
76533,9,-19.47122063449069,61.875,21,0
76534,9,-19.47122063449069,73.125,17,0
76535,9,-19.47122063449069,84.375,24,0
76536,9,-19.47122063449069,95.625,12,0
76537,9,-19.47122063449069,106.875,10,0
76538,9,-19.47122063449069,118.125,17,0
76539,9,-19.47122063449069,129.375,19,0
76540,9,-19.47122063449069,140.625,19,0
76541,9,-19.47122063449069,151.875,23,0
76542,9,-19.47122063449069,163.125,12,0
76543,9,-19.47122063449069,174.375,18,1
76544,9,-19.47122063449069,-174.375,17,0
76545,9,-19.47122063449069,-163.125,22,0
76546,9,-19.47122063449069,-151.875,19,0
76547,9,-19.47122063449069,-140.625,18,0
76548,9,-19.47122063449069,-129.37500000000006,12,0
76549,9,-19.47122063449069,-118.125,17,0
76550,9,-19.47122063449069,-106.875,17,0
76551,9,-19.47122063449069,-95.625,19,0
76552,9,-19.47122063449069,-84.375,17,0
76553,9,-19.47122063449069,-73.12500000000006,21,0
76554,9,-19.47122063449069,-61.875,23,0
76555,9,-19.47122063449069,-50.625,24,0
76556,9,-19.47122063449069,-39.375,20,0
76557,9,-19.47122063449069,-28.125,12,0
76558,9,-19.47122063449069,-16.875,12,1
76559,9,-19.47122063449069,-5.625,9,1
76560,9,-24.62431835216408,0.0,17,0
76561,9,-24.62431835216408,11.25,15,0
76562,9,-24.62431835216408,22.5,22,0
76563,9,-24.62431835216408,33.75,18,0
76564,9,-24.62431835216408,45.0,20,0
76565,9,-24.62431835216408,56.25,25,0
76566,9,-24.62431835216408,67.5,19,0
76567,9,-24.62431835216408,78.75,22,0
76568,9,-24.62431835216408,90.0,18,0
76569,9,-24.62431835216408,101.25,15,0
76570,9,-24.62431835216408,112.5,12,0
76571,9,-24.62431835216408,123.75,16,0
76572,9,-24.62431835216408,135.0,20,0
76573,9,-24.62431835216408,146.25,13,0
76574,9,-24.62431835216408,157.5,17,0
76575,9,-24.62431835216408,168.75,11,0
76576,9,-24.62431835216408,-180.0,18,1
76577,9,-24.62431835216408,-168.75,15,0
76578,9,-24.62431835216408,-157.5,17,0
76579,9,-24.62431835216408,-146.25,27,0
76580,9,-24.62431835216408,-135.0,22,0
76581,9,-24.62431835216408,-123.75,15,0
76582,9,-24.62431835216408,-112.5,16,0
76583,9,-24.62431835216408,-101.25,13,0
76584,9,-24.62431835216408,-90.0,19,0
76585,9,-24.62431835216408,-78.75000000000006,17,0
76586,9,-24.62431835216408,-67.5,17,0
76587,9,-24.62431835216408,-56.25,14,0
76588,9,-24.62431835216408,-45.0,19,0
76589,9,-24.62431835216408,-33.75000000000006,16,1
76590,9,-24.62431835216408,-22.5,13,0
76591,9,-24.62431835216408,-11.25,16,0
76592,9,-30.000000000000014,5.625,17,0
76593,9,-30.000000000000014,16.875,18,0
76594,9,-30.000000000000014,28.125,17,0
76595,9,-30.000000000000014,39.375,18,0
76596,9,-30.000000000000014,50.625,20,0
76597,9,-30.000000000000014,61.875,20,0
76598,9,-30.000000000000014,73.125,19,0
76599,9,-30.000000000000014,84.375,17,0
76600,9,-30.000000000000014,95.625,20,0
76601,9,-30.000000000000014,106.875,23,0
76602,9,-30.000000000000014,118.125,17,0
76603,9,-30.000000000000014,129.375,16,0
76604,9,-30.000000000000014,140.625,18,0
76605,9,-30.000000000000014,151.875,15,0
76606,9,-30.000000000000014,163.125,11,0
76607,9,-30.000000000000014,174.375,22,0
76608,9,-30.000000000000014,-174.375,16,0
76609,9,-30.000000000000014,-163.125,16,0
76610,9,-30.000000000000014,-151.875,20,0
76611,9,-30.000000000000014,-140.625,17,0
76612,9,-30.000000000000014,-129.37500000000006,20,0
76613,9,-30.000000000000014,-118.125,20,0
76614,9,-30.000000000000014,-106.875,13,0
76615,9,-30.000000000000014,-95.625,17,0
76616,9,-30.000000000000014,-84.375,19,0
76617,9,-30.000000000000014,-73.12500000000006,20,0
76618,9,-30.000000000000014,-61.875,13,0
76619,9,-30.000000000000014,-50.625,17,0
76620,9,-30.000000000000014,-39.375,19,0
76621,9,-30.000000000000014,-28.125,22,1
76622,9,-30.000000000000014,-16.875,20,0
76623,9,-30.000000000000014,-5.625,15,0
76624,9,-35.68533471265205,0.0,15,0
76625,9,-35.68533471265205,11.25,14,0
76626,9,-35.68533471265205,22.5,14,0
76627,9,-35.68533471265205,33.75,15,0
76628,9,-35.68533471265205,45.0,16,0
76629,9,-35.68533471265205,56.25,13,0
76630,9,-35.68533471265205,67.5,19,0
76631,9,-35.68533471265205,78.75,13,0
76632,9,-35.68533471265205,90.0,11,0
76633,9,-35.68533471265205,101.25,14,0
76634,9,-35.68533471265205,112.5,17,0
76635,9,-35.68533471265205,123.75,21,0
76636,9,-35.68533471265205,135.0,18,0
76637,9,-35.68533471265205,146.25,15,0
76638,9,-35.68533471265205,157.5,15,0
76639,9,-35.68533471265205,168.75,16,0
76640,9,-35.68533471265205,-180.0,16,0
76641,9,-35.68533471265205,-168.75,16,0
76642,9,-35.68533471265205,-157.5,12,0
76643,9,-35.68533471265205,-146.25,20,0
76644,9,-35.68533471265205,-135.0,16,0
76645,9,-35.68533471265205,-123.75,20,0
76646,9,-35.68533471265205,-112.5,21,0
76647,9,-35.68533471265205,-101.25,19,0
76648,9,-35.68533471265205,-90.0,16,0
76649,9,-35.68533471265205,-78.75000000000006,17,0
76650,9,-35.68533471265205,-67.5,18,0
76651,9,-35.68533471265205,-56.25,18,0
76652,9,-35.68533471265205,-45.0,18,0
76653,9,-35.68533471265205,-33.75000000000006,31,0
76654,9,-35.68533471265205,-22.5,23,0
76655,9,-35.68533471265205,-11.25,20,0
76656,9,-41.81031489577862,5.625,16,0
76657,9,-41.81031489577862,16.875,14,0
76658,9,-41.81031489577862,28.125,10,0
76659,9,-41.81031489577862,39.375,20,0
76660,9,-41.81031489577862,50.625,25,0
76661,9,-41.81031489577862,61.875,21,0
76662,9,-41.81031489577862,73.125,13,0
76663,9,-41.81031489577862,84.375,10,0
76664,9,-41.81031489577862,95.625,20,0
76665,9,-41.81031489577862,106.875,17,0
76666,9,-41.81031489577862,118.125,15,0
76667,9,-41.81031489577862,129.375,18,0
76668,9,-41.81031489577862,140.625,16,0
76669,9,-41.81031489577862,151.875,13,0
76670,9,-41.81031489577862,163.125,16,0
76671,9,-41.81031489577862,174.375,21,0
76672,9,-41.81031489577862,-174.375,17,0
76673,9,-41.81031489577862,-163.125,16,0
76674,9,-41.81031489577862,-151.875,10,0
76675,9,-41.81031489577862,-140.625,17,0
76676,9,-41.81031489577862,-129.37500000000006,13,0
76677,9,-41.81031489577862,-118.125,16,0
76678,9,-41.81031489577862,-106.875,23,0
76679,9,-41.81031489577862,-95.625,18,0
76680,9,-41.81031489577862,-84.375,16,0
76681,9,-41.81031489577862,-73.12500000000006,19,0
76682,9,-41.81031489577862,-61.875,19,0
76683,9,-41.81031489577862,-50.625,17,0
76684,9,-41.81031489577862,-39.375,22,0
76685,9,-41.81031489577862,-28.125,21,0
76686,9,-41.81031489577862,-16.875,14,0
76687,9,-41.81031489577862,-5.625,23,0
76688,9,-48.1412077943603,6.428571428571416,13,0
76689,9,-48.1412077943603,19.285714285714278,16,0
76690,9,-48.1412077943603,32.14285714285714,15,0
76691,9,-48.1412077943603,45.0,19,0
76692,9,-48.1412077943603,57.85714285714286,11,0
76693,9,-48.1412077943603,70.71428571428572,16,0
76694,9,-48.1412077943603,83.57142857142856,14,0
76695,9,-48.1412077943603,96.42857142857144,16,0
76696,9,-48.1412077943603,109.28571428571428,17,0
76697,9,-48.1412077943603,122.14285714285711,17,0
76698,9,-48.1412077943603,135.0,13,0
76699,9,-48.1412077943603,147.8571428571429,20,0
76700,9,-48.1412077943603,160.71428571428572,18,0
76701,9,-48.1412077943603,173.57142857142856,17,0
76702,9,-48.1412077943603,-173.57142857142856,16,0
76703,9,-48.1412077943603,-160.71428571428572,16,0
76704,9,-48.1412077943603,-147.8571428571429,16,0
76705,9,-48.1412077943603,-135.0,25,0
76706,9,-48.1412077943603,-122.14285714285711,22,0
76707,9,-48.1412077943603,-109.28571428571428,24,1
76708,9,-48.1412077943603,-96.42857142857144,15,0
76709,9,-48.1412077943603,-83.57142857142856,19,0
76710,9,-48.1412077943603,-70.71428571428572,20,0
76711,9,-48.1412077943603,-57.85714285714283,18,0
76712,9,-48.1412077943603,-45.0,24,0
76713,9,-48.1412077943603,-32.14285714285717,21,0
76714,9,-48.1412077943603,-19.28571428571422,12,0
76715,9,-48.1412077943603,-6.428571428571445,14,0
76716,9,-54.340912303861245,7.5,11,0
76717,9,-54.340912303861245,22.5,22,0
76718,9,-54.340912303861245,37.5,15,0
76719,9,-54.340912303861245,52.5,15,0
76720,9,-54.340912303861245,67.5,19,0
76721,9,-54.340912303861245,82.5,23,0
76722,9,-54.340912303861245,97.5,23,0
76723,9,-54.340912303861245,112.5,20,0
76724,9,-54.340912303861245,127.5,17,0
76725,9,-54.340912303861245,142.5,23,0
76726,9,-54.340912303861245,157.5,15,0
76727,9,-54.340912303861245,172.5,14,0
76728,9,-54.340912303861245,-172.5,18,0
76729,9,-54.340912303861245,-157.5,12,0
76730,9,-54.340912303861245,-142.5,19,0
76731,9,-54.340912303861245,-127.5,18,0
76732,9,-54.340912303861245,-112.5,15,0
76733,9,-54.340912303861245,-97.5,8,0
76734,9,-54.340912303861245,-82.5,11,0
76735,9,-54.340912303861245,-67.5,27,0
76736,9,-54.340912303861245,-52.50000000000006,18,0
76737,9,-54.340912303861245,-37.5,13,0
76738,9,-54.340912303861245,-22.5,16,0
76739,9,-54.340912303861245,-7.5,19,0
76740,9,-60.4344388449523,9.0,16,0
76741,9,-60.4344388449523,27.0,21,0
76742,9,-60.4344388449523,45.0,18,0
76743,9,-60.4344388449523,63.0,25,0
76744,9,-60.4344388449523,81.0,18,0
76745,9,-60.4344388449523,99.0,12,0
76746,9,-60.4344388449523,117.0,26,0
76747,9,-60.4344388449523,135.0,14,0
76748,9,-60.4344388449523,153.0,20,0
76749,9,-60.4344388449523,171.0,18,0
76750,9,-60.4344388449523,-171.0,21,0
76751,9,-60.4344388449523,-153.0,15,0
76752,9,-60.4344388449523,-135.0,20,0
76753,9,-60.4344388449523,-117.0,22,0
76754,9,-60.4344388449523,-99.0,12,0
76755,9,-60.4344388449523,-81.0,10,0
76756,9,-60.4344388449523,-63.0,30,0
76757,9,-60.4344388449523,-45.0,13,0
76758,9,-60.4344388449523,-27.0,9,0
76759,9,-60.4344388449523,-9.0,23,0
76760,9,-66.44353569089876,11.25,21,0
76761,9,-66.44353569089876,33.75,23,0
76762,9,-66.44353569089876,56.25,20,0
76763,9,-66.44353569089876,78.75,16,0
76764,9,-66.44353569089876,101.25,14,0
76765,9,-66.44353569089876,123.75,17,0
76766,9,-66.44353569089876,146.25,15,0
76767,9,-66.44353569089876,168.75,12,0
76768,9,-66.44353569089876,-168.75,24,0
76769,9,-66.44353569089876,-146.25,19,0
76770,9,-66.44353569089876,-123.75,21,0
76771,9,-66.44353569089876,-101.25,22,0
76772,9,-66.44353569089876,-78.75,14,0
76773,9,-66.44353569089876,-56.25,21,0
76774,9,-66.44353569089876,-33.75,15,0
76775,9,-66.44353569089876,-11.25,16,0
76776,9,-72.38756092964962,15.0,17,0
76777,9,-72.38756092964962,45.0,21,0
76778,9,-72.38756092964962,75.0,20,0
76779,9,-72.38756092964962,105.0,16,0
76780,9,-72.38756092964962,135.0,12,0
76781,9,-72.38756092964962,165.0,12,0
76782,9,-72.38756092964962,-165.0,16,0
76783,9,-72.38756092964962,-135.0,18,0
76784,9,-72.38756092964962,-105.0,21,0
76785,9,-72.38756092964962,-75.0,20,0
76786,9,-72.38756092964962,-45.0,16,0
76787,9,-72.38756092964962,-15.0,17,0
76788,9,-78.28414760510762,22.5,23,0
76789,9,-78.28414760510762,67.5,17,0
76790,9,-78.28414760510762,112.5,14,0
76791,9,-78.28414760510762,157.5,17,0
76792,9,-78.28414760510762,-157.5,15,0
76793,9,-78.28414760510762,-112.5,11,0
76794,9,-78.28414760510762,-67.5,20,0
76795,9,-78.28414760510762,-22.5,18,0
76796,9,-84.14973293629666,45.0,19,0
76797,9,-84.14973293629666,135.0,19,0
76798,9,-84.14973293629666,-135.0,13,0
76799,9,-84.14973293629666,-45.0,22,0
