38400,5,84.14973293629666,45.0,21,0
38401,5,84.14973293629666,135.0,17,0
38402,5,84.14973293629666,-135.0,16,0
38403,5,84.14973293629666,-45.0,20,0
38404,5,78.28414760510762,22.5,24,0
38405,5,78.28414760510762,67.5,12,0
38406,5,78.28414760510762,112.5,14,0
38407,5,78.28414760510762,157.5,10,0
38408,5,78.28414760510762,-157.5,19,0
38409,5,78.28414760510762,-112.5,13,0
38410,5,78.28414760510762,-67.5,15,0
38411,5,78.28414760510762,-22.5,19,0
38412,5,72.38756092964962,15.0,17,0
38413,5,72.38756092964962,45.0,16,0
38414,5,72.38756092964962,75.0,15,0
38415,5,72.38756092964962,105.0,19,0
38416,5,72.38756092964962,135.0,16,0
38417,5,72.38756092964962,165.0,14,0
38418,5,72.38756092964962,-165.0,20,0
38419,5,72.38756092964962,-135.0,14,0
38420,5,72.38756092964962,-105.0,19,0
38421,5,72.38756092964962,-75.0,19,0
38422,5,72.38756092964962,-45.0,14,0
38423,5,72.38756092964962,-15.0,20,0
38424,5,66.44353569089877,11.25,15,0
38425,5,66.44353569089877,33.75,21,0
38426,5,66.44353569089877,56.25,14,0
38427,5,66.44353569089877,78.75,15,0
38428,5,66.44353569089877,101.25,22,0
38429,5,66.44353569089877,123.75,22,0
38430,5,66.44353569089877,146.25,22,0
38431,5,66.44353569089877,168.75,15,0
38432,5,66.44353569089877,-168.75,17,0
38433,5,66.44353569089877,-146.25,14,0
38434,5,66.44353569089877,-123.75,13,0
38435,5,66.44353569089877,-101.25,17,1
38436,5,66.44353569089877,-78.75,16,0
38437,5,66.44353569089877,-56.25,18,0
38438,5,66.44353569089877,-33.75,27,0
38439,5,66.44353569089877,-11.25,16,0
38440,5,60.43443884495228,9.0,15,0
38441,5,60.43443884495228,27.0,19,0
38442,5,60.43443884495228,45.0,16,0
38443,5,60.43443884495228,63.0,12,0
38444,5,60.43443884495228,81.0,17,0
38445,5,60.43443884495228,99.0,18,0
38446,5,60.43443884495228,117.0,11,0
38447,5,60.43443884495228,135.0,13,0
38448,5,60.43443884495228,153.0,20,0
38449,5,60.43443884495228,171.0,16,0
38450,5,60.43443884495228,-171.0,14,0
38451,5,60.43443884495228,-153.0,13,0
38452,5,60.43443884495228,-135.0,10,0
38453,5,60.43443884495228,-117.0,17,0
38454,5,60.43443884495228,-99.0,16,0
38455,5,60.43443884495228,-81.0,16,0
38456,5,60.43443884495228,-63.0,17,0
38457,5,60.43443884495228,-45.0,22,0
38458,5,60.43443884495228,-27.0,14,0
38459,5,60.43443884495228,-9.0,10,0
38460,5,54.340912303861245,7.5,15,0
38461,5,54.340912303861245,22.5,14,0
38462,5,54.340912303861245,37.5,17,0
38463,5,54.340912303861245,52.5,21,0
38464,5,54.340912303861245,67.5,16,0
38465,5,54.340912303861245,82.5,18,0
38466,5,54.340912303861245,97.5,15,0
38467,5,54.340912303861245,112.5,17,0
38468,5,54.340912303861245,127.5,12,0
38469,5,54.340912303861245,142.5,20,0
38470,5,54.340912303861245,157.5,17,0
38471,5,54.340912303861245,172.5,24,0
38472,5,54.340912303861245,-172.5,17,0
38473,5,54.340912303861245,-157.5,10,0
38474,5,54.340912303861245,-142.5,12,0
38475,5,54.340912303861245,-127.5,20,0
38476,5,54.340912303861245,-112.5,22,0
38477,5,54.340912303861245,-97.5,12,0
38478,5,54.340912303861245,-82.5,18,0
38479,5,54.340912303861245,-67.5,17,0
38480,5,54.340912303861245,-52.50000000000006,14,0
38481,5,54.340912303861245,-37.5,9,0
38482,5,54.340912303861245,-22.5,19,0
38483,5,54.340912303861245,-7.5,12,0
38484,5,48.141207794360284,6.428571428571416,14,0
38485,5,48.141207794360284,19.285714285714278,14,0
38486,5,48.141207794360284,32.14285714285714,19,0
38487,5,48.141207794360284,45.0,21,0
38488,5,48.141207794360284,57.85714285714286,15,0
38489,5,48.141207794360284,70.71428571428572,16,0
38490,5,48.141207794360284,83.57142857142856,10,0
38491,5,48.141207794360284,96.42857142857144,19,0
38492,5,48.141207794360284,109.28571428571428,13,0
38493,5,48.141207794360284,122.14285714285711,22,0
38494,5,48.141207794360284,135.0,19,0
38495,5,48.141207794360284,147.8571428571429,26,0
38496,5,48.141207794360284,160.71428571428572,11,0
38497,5,48.141207794360284,173.57142857142856,23,0
38498,5,48.141207794360284,-173.57142857142856,20,0
38499,5,48.141207794360284,-160.71428571428572,15,0
38500,5,48.141207794360284,-147.8571428571429,19,0
38501,5,48.141207794360284,-135.0,18,0
38502,5,48.141207794360284,-122.14285714285711,21,0
38503,5,48.141207794360284,-109.28571428571428,14,0
38504,5,48.141207794360284,-96.42857142857144,8,0
38505,5,48.141207794360284,-83.57142857142856,16,0
38506,5,48.141207794360284,-70.71428571428572,13,0
38507,5,48.141207794360284,-57.85714285714283,16,0
38508,5,48.141207794360284,-45.0,10,0
38509,5,48.141207794360284,-32.14285714285717,17,0
38510,5,48.141207794360284,-19.28571428571422,18,0
38511,5,48.141207794360284,-6.428571428571445,15,0
38512,5,41.81031489577859,5.625,17,0
38513,5,41.81031489577859,16.875,16,0
38514,5,41.81031489577859,28.125,10,0
38515,5,41.81031489577859,39.375,23,0
38516,5,41.81031489577859,50.625,9,0
38517,5,41.81031489577859,61.875,20,0
38518,5,41.81031489577859,73.125,20,0
38519,5,41.81031489577859,84.375,16,0
38520,5,41.81031489577859,95.625,21,0
38521,5,41.81031489577859,106.875,14,0
38522,5,41.81031489577859,118.125,14,0
38523,5,41.81031489577859,129.375,22,0
38524,5,41.81031489577859,140.625,22,0
38525,5,41.81031489577859,151.875,19,0
38526,5,41.81031489577859,163.125,17,0
38527,5,41.81031489577859,174.375,15,0
38528,5,41.81031489577859,-174.375,13,0
38529,5,41.81031489577859,-163.125,13,0
38530,5,41.81031489577859,-151.875,26,0
38531,5,41.81031489577859,-140.625,24,0
38532,5,41.81031489577859,-129.37500000000006,17,0
38533,5,41.81031489577859,-118.125,20,0
38534,5,41.81031489577859,-106.875,22,0
38535,5,41.81031489577859,-95.625,12,0
38536,5,41.81031489577859,-84.375,22,0
38537,5,41.81031489577859,-73.12500000000006,20,0
38538,5,41.81031489577859,-61.875,22,0
38539,5,41.81031489577859,-50.625,14,0
38540,5,41.81031489577859,-39.375,12,0
38541,5,41.81031489577859,-28.125,10,0
38542,5,41.81031489577859,-16.875,24,0
38543,5,41.81031489577859,-5.625,16,0
38544,5,35.68533471265204,0.0,9,0
38545,5,35.68533471265204,11.25,14,0
38546,5,35.68533471265204,22.5,10,0
38547,5,35.68533471265204,33.75,18,0
38548,5,35.68533471265204,45.0,15,0
38549,5,35.68533471265204,56.25,18,0
38550,5,35.68533471265204,67.5,14,0
38551,5,35.68533471265204,78.75,15,0
38552,5,35.68533471265204,90.0,22,0
38553,5,35.68533471265204,101.25,24,0
38554,5,35.68533471265204,112.5,11,0
38555,5,35.68533471265204,123.75,10,0
38556,5,35.68533471265204,135.0,17,0
38557,5,35.68533471265204,146.25,16,0
38558,5,35.68533471265204,157.5,19,0
38559,5,35.68533471265204,168.75,16,0
38560,5,35.68533471265204,-180.0,14,0
38561,5,35.68533471265204,-168.75,9,0
38562,5,35.68533471265204,-157.5,10,0
38563,5,35.68533471265204,-146.25,18,0
38564,5,35.68533471265204,-135.0,23,0
38565,5,35.68533471265204,-123.75,11,0
38566,5,35.68533471265204,-112.5,18,0
38567,5,35.68533471265204,-101.25,19,0
38568,5,35.68533471265204,-90.0,14,0
38569,5,35.68533471265204,-78.75000000000006,23,0
38570,5,35.68533471265204,-67.5,17,0
38571,5,35.68533471265204,-56.25,14,0
38572,5,35.68533471265204,-45.0,16,0
38573,5,35.68533471265204,-33.75000000000006,12,0
38574,5,35.68533471265204,-22.5,19,0
38575,5,35.68533471265204,-11.25,24,0
38576,5,30.000000000000007,5.625,21,0
38577,5,30.000000000000007,16.875,15,0
38578,5,30.000000000000007,28.125,17,0
38579,5,30.000000000000007,39.375,18,0
38580,5,30.000000000000007,50.625,15,0
38581,5,30.000000000000007,61.875,21,0
38582,5,30.000000000000007,73.125,22,0
38583,5,30.000000000000007,84.375,15,0
38584,5,30.000000000000007,95.625,16,0
38585,5,30.000000000000007,106.875,23,0
38586,5,30.000000000000007,118.125,11,0
38587,5,30.000000000000007,129.375,20,0
38588,5,30.000000000000007,140.625,16,0
38589,5,30.000000000000007,151.875,16,0
38590,5,30.000000000000007,163.125,20,0
38591,5,30.000000000000007,174.375,14,0
38592,5,30.000000000000007,-174.375,14,0
38593,5,30.000000000000007,-163.125,15,0
38594,5,30.000000000000007,-151.875,14,0
38595,5,30.000000000000007,-140.625,11,0
38596,5,30.000000000000007,-129.37500000000006,15,0
38597,5,30.000000000000007,-118.125,13,0
38598,5,30.000000000000007,-106.875,17,0
38599,5,30.000000000000007,-95.625,15,0
38600,5,30.000000000000007,-84.375,21,0
38601,5,30.000000000000007,-73.12500000000006,25,0
38602,5,30.000000000000007,-61.875,16,0
38603,5,30.000000000000007,-50.625,16,0
38604,5,30.000000000000007,-39.375,14,0
38605,5,30.000000000000007,-28.125,18,0
38606,5,30.000000000000007,-16.875,18,0
38607,5,30.000000000000007,-5.625,15,0
38608,5,24.62431835216408,0.0,20,0
38609,5,24.62431835216408,11.25,20,0
38610,5,24.62431835216408,22.5,22,0
38611,5,24.62431835216408,33.75,17,0
38612,5,24.62431835216408,45.0,11,0
38613,5,24.62431835216408,56.25,9,0
38614,5,24.62431835216408,67.5,25,0
38615,5,24.62431835216408,78.75,17,0
38616,5,24.62431835216408,90.0,23,0
38617,5,24.62431835216408,101.25,17,0
38618,5,24.62431835216408,112.5,15,0
38619,5,24.62431835216408,123.75,20,0
38620,5,24.62431835216408,135.0,18,0
38621,5,24.62431835216408,146.25,22,0
38622,5,24.62431835216408,157.5,20,0
38623,5,24.62431835216408,168.75,13,0
38624,5,24.62431835216408,-180.0,18,0
38625,5,24.62431835216408,-168.75,15,0
38626,5,24.62431835216408,-157.5,11,0
38627,5,24.62431835216408,-146.25,17,0
38628,5,24.62431835216408,-135.0,15,0
38629,5,24.62431835216408,-123.75,17,0
38630,5,24.62431835216408,-112.5,18,0
38631,5,24.62431835216408,-101.25,19,0
38632,5,24.62431835216408,-90.0,18,0
38633,5,24.62431835216408,-78.75000000000006,13,0
38634,5,24.62431835216408,-67.5,22,0
38635,5,24.62431835216408,-56.25,21,0
38636,5,24.62431835216408,-45.0,10,0
38637,5,24.62431835216408,-33.75000000000006,14,0
38638,5,24.62431835216408,-22.5,12,0
38639,5,24.62431835216408,-11.25,18,0
38640,5,19.47122063449069,5.625,15,0
38641,5,19.47122063449069,16.875,21,0
38642,5,19.47122063449069,28.125,16,0
38643,5,19.47122063449069,39.375,9,0
38644,5,19.47122063449069,50.625,19,0
38645,5,19.47122063449069,61.875,19,0
38646,5,19.47122063449069,73.125,14,0
38647,5,19.47122063449069,84.375,13,0
38648,5,19.47122063449069,95.625,19,0
38649,5,19.47122063449069,106.875,17,0
38650,5,19.47122063449069,118.125,14,0
38651,5,19.47122063449069,129.375,20,0
38652,5,19.47122063449069,140.625,21,0
38653,5,19.47122063449069,151.875,25,0
38654,5,19.47122063449069,163.125,22,0
38655,5,19.47122063449069,174.375,14,0
38656,5,19.47122063449069,-174.375,20,0
38657,5,19.47122063449069,-163.125,14,0
38658,5,19.47122063449069,-151.875,6,0
38659,5,19.47122063449069,-140.625,22,0
38660,5,19.47122063449069,-129.37500000000006,17,0
38661,5,19.47122063449069,-118.125,16,0
38662,5,19.47122063449069,-106.875,22,0
38663,5,19.47122063449069,-95.625,20,0
38664,5,19.47122063449069,-84.375,12,0
38665,5,19.47122063449069,-73.12500000000006,16,0
38666,5,19.47122063449069,-61.875,21,0
38667,5,19.47122063449069,-50.625,15,0
38668,5,19.47122063449069,-39.375,12,0
38669,5,19.47122063449069,-28.125,17,0
38670,5,19.47122063449069,-16.875,10,0
38671,5,19.47122063449069,-5.625,31,0
38672,5,14.477512185929925,0.0,27,0
38673,5,14.477512185929925,11.25,20,0
38674,5,14.477512185929925,22.5,12,0
38675,5,14.477512185929925,33.75,20,0
38676,5,14.477512185929925,45.0,20,0
38677,5,14.477512185929925,56.25,23,0
38678,5,14.477512185929925,67.5,17,0
38679,5,14.477512185929925,78.75,13,0
38680,5,14.477512185929925,90.0,13,0
38681,5,14.477512185929925,101.25,19,0
38682,5,14.477512185929925,112.5,14,0
38683,5,14.477512185929925,123.75,19,0
38684,5,14.477512185929925,135.0,19,0
38685,5,14.477512185929925,146.25,22,0
38686,5,14.477512185929925,157.5,18,0
38687,5,14.477512185929925,168.75,13,0
38688,5,14.477512185929925,-180.0,12,0
38689,5,14.477512185929925,-168.75,22,0
38690,5,14.477512185929925,-157.5,14,0
38691,5,14.477512185929925,-146.25,12,0
38692,5,14.477512185929925,-135.0,16,0
38693,5,14.477512185929925,-123.75,22,0
38694,5,14.477512185929925,-112.5,19,0
38695,5,14.477512185929925,-101.25,11,0
38696,5,14.477512185929925,-90.0,17,0
38697,5,14.477512185929925,-78.75000000000006,7,0
38698,5,14.477512185929925,-67.5,24,0
38699,5,14.477512185929925,-56.25,17,0
38700,5,14.477512185929925,-45.0,10,0
38701,5,14.477512185929925,-33.75000000000006,17,0
38702,5,14.477512185929925,-22.5,16,0
38703,5,14.477512185929925,-11.25,19,0
38704,5,9.594068226860458,5.625,21,0
38705,5,9.594068226860458,16.875,17,0
38706,5,9.594068226860458,28.125,13,0
38707,5,9.594068226860458,39.375,19,0
38708,5,9.594068226860458,50.625,18,0
38709,5,9.594068226860458,61.875,22,0
38710,5,9.594068226860458,73.125,11,0
38711,5,9.594068226860458,84.375,15,1
38712,5,9.594068226860458,95.625,16,1
38713,5,9.594068226860458,106.875,12,0
38714,5,9.594068226860458,118.125,19,0
38715,5,9.594068226860458,129.375,17,0
38716,5,9.594068226860458,140.625,21,0
38717,5,9.594068226860458,151.875,8,0
38718,5,9.594068226860458,163.125,13,0
38719,5,9.594068226860458,174.375,8,0
38720,5,9.594068226860458,-174.375,15,0
38721,5,9.594068226860458,-163.125,16,0
38722,5,9.594068226860458,-151.875,19,1
38723,5,9.594068226860458,-140.625,17,0
38724,5,9.594068226860458,-129.37500000000006,18,0
38725,5,9.594068226860458,-118.125,21,0
38726,5,9.594068226860458,-106.875,14,0
38727,5,9.594068226860458,-95.625,21,0
38728,5,9.594068226860458,-84.375,13,0
38729,5,9.594068226860458,-73.12500000000006,17,0
38730,5,9.594068226860458,-61.875,15,0
38731,5,9.594068226860458,-50.625,20,0
38732,5,9.594068226860458,-39.375,13,1
38733,5,9.594068226860458,-28.125,17,0
38734,5,9.594068226860458,-16.875,22,0
38735,5,9.594068226860458,-5.625,22,0
38736,5,4.780191847199163,0.0,19,0
38737,5,4.780191847199163,11.25,13,1
38738,5,4.780191847199163,22.5,18,3
38739,5,4.780191847199163,33.75,9,1
38740,5,4.780191847199163,45.0,16,1
38741,5,4.780191847199163,56.25,19,2
38742,5,4.780191847199163,67.5,17,3
38743,5,4.780191847199163,78.75,15,1
38744,5,4.780191847199163,90.0,16,2
38745,5,4.780191847199163,101.25,16,2
38746,5,4.780191847199163,112.5,14,0
38747,5,4.780191847199163,123.75,29,2
38748,5,4.780191847199163,135.0,17,2
38749,5,4.780191847199163,146.25,10,2
38750,5,4.780191847199163,157.5,10,1
38751,5,4.780191847199163,168.75,14,0
38752,5,4.780191847199163,-180.0,12,0
38753,5,4.780191847199163,-168.75,27,3
38754,5,4.780191847199163,-157.5,16,2
38755,5,4.780191847199163,-146.25,26,6
38756,5,4.780191847199163,-135.0,11,3
38757,5,4.780191847199163,-123.75,22,0
38758,5,4.780191847199163,-112.5,14,6
38759,5,4.780191847199163,-101.25,12,2
38760,5,4.780191847199163,-90.0,17,3
38761,5,4.780191847199163,-78.75000000000006,13,0
38762,5,4.780191847199163,-67.5,24,3
38763,5,4.780191847199163,-56.25,20,2
38764,5,4.780191847199163,-45.0,20,3
38765,5,4.780191847199163,-33.75000000000006,14,1
38766,5,4.780191847199163,-22.5,12,2
38767,5,4.780191847199163,-11.25,21,3
38768,5,0.0,5.625,14,1
38769,5,0.0,16.875,17,3
38770,5,0.0,28.125,12,2
38771,5,0.0,39.375,12,3
38772,5,0.0,50.625,17,7
38773,5,0.0,61.875,18,2
38774,5,0.0,73.125,14,2
38775,5,0.0,84.375,21,3
38776,5,0.0,95.625,14,2
38777,5,0.0,106.875,19,2
38778,5,0.0,118.125,21,3
38779,5,0.0,129.375,26,5
38780,5,0.0,140.625,17,3
38781,5,0.0,151.875,13,2
38782,5,0.0,163.125,9,2
38783,5,0.0,174.375,16,0
38784,5,0.0,-174.375,13,3
38785,5,0.0,-163.125,15,3
38786,5,0.0,-151.875,21,5
38787,5,0.0,-140.625,21,2
38788,5,0.0,-129.37500000000006,14,3
38789,5,0.0,-118.125,19,5
38790,5,0.0,-106.875,12,6
38791,5,0.0,-95.625,20,6
38792,5,0.0,-84.375,15,4
38793,5,0.0,-73.12500000000006,12,2
38794,5,0.0,-61.875,23,6
38795,5,0.0,-50.625,21,4
38796,5,0.0,-39.375,17,1
38797,5,0.0,-28.125,22,2
38798,5,0.0,-16.875,12,1
38799,5,0.0,-5.625,15,3
38800,5,-4.780191847199163,0.0,14,3
38801,5,-4.780191847199163,11.25,22,1
38802,5,-4.780191847199163,22.5,14,0
38803,5,-4.780191847199163,33.75,11,3
38804,5,-4.780191847199163,45.0,16,3
38805,5,-4.780191847199163,56.25,18,2
38806,5,-4.780191847199163,67.5,17,1
38807,5,-4.780191847199163,78.75,18,2
38808,5,-4.780191847199163,90.0,17,0
38809,5,-4.780191847199163,101.25,19,2
38810,5,-4.780191847199163,112.5,14,3
38811,5,-4.780191847199163,123.75,20,3
38812,5,-4.780191847199163,135.0,24,2
38813,5,-4.780191847199163,146.25,21,2
38814,5,-4.780191847199163,157.5,15,0
38815,5,-4.780191847199163,168.75,18,3
38816,5,-4.780191847199163,-180.0,10,0
38817,5,-4.780191847199163,-168.75,19,3
38818,5,-4.780191847199163,-157.5,12,2
38819,5,-4.780191847199163,-146.25,21,2
38820,5,-4.780191847199163,-135.0,12,1
38821,5,-4.780191847199163,-123.75,14,2
38822,5,-4.780191847199163,-112.5,14,2
38823,5,-4.780191847199163,-101.25,12,5
38824,5,-4.780191847199163,-90.0,25,2
38825,5,-4.780191847199163,-78.75000000000006,16,0
38826,5,-4.780191847199163,-67.5,22,3
38827,5,-4.780191847199163,-56.25,15,3
38828,5,-4.780191847199163,-45.0,21,2
38829,5,-4.780191847199163,-33.75000000000006,18,0
38830,5,-4.780191847199163,-22.5,22,0
38831,5,-4.780191847199163,-11.25,18,1
38832,5,-9.594068226860458,5.625,22,0
38833,5,-9.594068226860458,16.875,12,0
38834,5,-9.594068226860458,28.125,18,0
38835,5,-9.594068226860458,39.375,23,0
38836,5,-9.594068226860458,50.625,12,0
38837,5,-9.594068226860458,61.875,14,0
38838,5,-9.594068226860458,73.125,10,0
38839,5,-9.594068226860458,84.375,11,0
38840,5,-9.594068226860458,95.625,13,0
38841,5,-9.594068226860458,106.875,17,1
38842,5,-9.594068226860458,118.125,16,0
38843,5,-9.594068226860458,129.375,11,0
38844,5,-9.594068226860458,140.625,20,0
38845,5,-9.594068226860458,151.875,17,0
38846,5,-9.594068226860458,163.125,19,0
38847,5,-9.594068226860458,174.375,16,0
38848,5,-9.594068226860458,-174.375,14,0
38849,5,-9.594068226860458,-163.125,15,0
38850,5,-9.594068226860458,-151.875,16,1
38851,5,-9.594068226860458,-140.625,16,0
38852,5,-9.594068226860458,-129.37500000000006,10,1
38853,5,-9.594068226860458,-118.125,16,0
38854,5,-9.594068226860458,-106.875,16,0
38855,5,-9.594068226860458,-95.625,23,0
38856,5,-9.594068226860458,-84.375,17,1
38857,5,-9.594068226860458,-73.12500000000006,18,0
38858,5,-9.594068226860458,-61.875,16,0
38859,5,-9.594068226860458,-50.625,9,0
38860,5,-9.594068226860458,-39.375,25,0
38861,5,-9.594068226860458,-28.125,14,0
38862,5,-9.594068226860458,-16.875,14,0
38863,5,-9.594068226860458,-5.625,15,0
38864,5,-14.477512185929925,0.0,15,0
38865,5,-14.477512185929925,11.25,16,0
38866,5,-14.477512185929925,22.5,18,0
38867,5,-14.477512185929925,33.75,15,0
38868,5,-14.477512185929925,45.0,15,0
38869,5,-14.477512185929925,56.25,19,0
38870,5,-14.477512185929925,67.5,14,0
38871,5,-14.477512185929925,78.75,11,0
38872,5,-14.477512185929925,90.0,23,0
38873,5,-14.477512185929925,101.25,14,0
38874,5,-14.477512185929925,112.5,12,0
38875,5,-14.477512185929925,123.75,17,0
38876,5,-14.477512185929925,135.0,19,0
38877,5,-14.477512185929925,146.25,20,0
38878,5,-14.477512185929925,157.5,17,0
38879,5,-14.477512185929925,168.75,17,0
38880,5,-14.477512185929925,-180.0,16,0
38881,5,-14.477512185929925,-168.75,19,0
38882,5,-14.477512185929925,-157.5,20,1
38883,5,-14.477512185929925,-146.25,12,0
38884,5,-14.477512185929925,-135.0,14,0
38885,5,-14.477512185929925,-123.75,14,1
38886,5,-14.477512185929925,-112.5,15,0
38887,5,-14.477512185929925,-101.25,28,0
38888,5,-14.477512185929925,-90.0,16,1
38889,5,-14.477512185929925,-78.75000000000006,7,0
38890,5,-14.477512185929925,-67.5,20,0
38891,5,-14.477512185929925,-56.25,16,0
38892,5,-14.477512185929925,-45.0,20,0
38893,5,-14.477512185929925,-33.75000000000006,16,0
38894,5,-14.477512185929925,-22.5,17,0
38895,5,-14.477512185929925,-11.25,19,0
38896,5,-19.47122063449069,5.625,14,0
38897,5,-19.47122063449069,16.875,16,0
38898,5,-19.47122063449069,28.125,17,0
38899,5,-19.47122063449069,39.375,12,0
38900,5,-19.47122063449069,50.625,22,0
38901,5,-19.47122063449069,61.875,16,0
38902,5,-19.47122063449069,73.125,16,0
38903,5,-19.47122063449069,84.375,17,0
38904,5,-19.47122063449069,95.625,19,0
38905,5,-19.47122063449069,106.875,9,0
38906,5,-19.47122063449069,118.125,13,0
38907,5,-19.47122063449069,129.375,17,0
38908,5,-19.47122063449069,140.625,17,0
38909,5,-19.47122063449069,151.875,18,0
38910,5,-19.47122063449069,163.125,18,0
38911,5,-19.47122063449069,174.375,19,0
38912,5,-19.47122063449069,-174.375,15,1
38913,5,-19.47122063449069,-163.125,23,0
38914,5,-19.47122063449069,-151.875,13,0
38915,5,-19.47122063449069,-140.625,19,0
38916,5,-19.47122063449069,-129.37500000000006,17,0
38917,5,-19.47122063449069,-118.125,12,0
38918,5,-19.47122063449069,-106.875,21,0
38919,5,-19.47122063449069,-95.625,20,0
38920,5,-19.47122063449069,-84.375,15,0
38921,5,-19.47122063449069,-73.12500000000006,20,0
38922,5,-19.47122063449069,-61.875,12,0
38923,5,-19.47122063449069,-50.625,19,0
38924,5,-19.47122063449069,-39.375,21,0
38925,5,-19.47122063449069,-28.125,19,0
38926,5,-19.47122063449069,-16.875,16,0
38927,5,-19.47122063449069,-5.625,21,0
38928,5,-24.62431835216408,0.0,16,0
38929,5,-24.62431835216408,11.25,19,0
38930,5,-24.62431835216408,22.5,12,0
38931,5,-24.62431835216408,33.75,15,0
38932,5,-24.62431835216408,45.0,17,0
38933,5,-24.62431835216408,56.25,12,0
38934,5,-24.62431835216408,67.5,21,0
38935,5,-24.62431835216408,78.75,14,0
38936,5,-24.62431835216408,90.0,21,0
38937,5,-24.62431835216408,101.25,16,0
38938,5,-24.62431835216408,112.5,13,0
38939,5,-24.62431835216408,123.75,20,0
38940,5,-24.62431835216408,135.0,19,0
38941,5,-24.62431835216408,146.25,15,0
38942,5,-24.62431835216408,157.5,13,0
38943,5,-24.62431835216408,168.75,21,0
38944,5,-24.62431835216408,-180.0,14,0
38945,5,-24.62431835216408,-168.75,19,0
38946,5,-24.62431835216408,-157.5,16,0
38947,5,-24.62431835216408,-146.25,15,0
38948,5,-24.62431835216408,-135.0,17,0
38949,5,-24.62431835216408,-123.75,13,0
38950,5,-24.62431835216408,-112.5,13,0
38951,5,-24.62431835216408,-101.25,13,0
38952,5,-24.62431835216408,-90.0,22,0
38953,5,-24.62431835216408,-78.75000000000006,16,0
38954,5,-24.62431835216408,-67.5,15,0
38955,5,-24.62431835216408,-56.25,18,0
38956,5,-24.62431835216408,-45.0,21,0
38957,5,-24.62431835216408,-33.75000000000006,22,0
38958,5,-24.62431835216408,-22.5,21,0
38959,5,-24.62431835216408,-11.25,18,0
38960,5,-30.000000000000014,5.625,20,0
38961,5,-30.000000000000014,16.875,20,0
38962,5,-30.000000000000014,28.125,15,0
38963,5,-30.000000000000014,39.375,15,0
38964,5,-30.000000000000014,50.625,11,0
38965,5,-30.000000000000014,61.875,16,0
38966,5,-30.000000000000014,73.125,16,0
38967,5,-30.000000000000014,84.375,22,0
38968,5,-30.000000000000014,95.625,15,0
38969,5,-30.000000000000014,106.875,12,0
38970,5,-30.000000000000014,118.125,18,0
38971,5,-30.000000000000014,129.375,14,0
38972,5,-30.000000000000014,140.625,14,0
38973,5,-30.000000000000014,151.875,11,0
38974,5,-30.000000000000014,163.125,23,0
38975,5,-30.000000000000014,174.375,15,0
38976,5,-30.000000000000014,-174.375,20,0
38977,5,-30.000000000000014,-163.125,22,0
38978,5,-30.000000000000014,-151.875,18,0
38979,5,-30.000000000000014,-140.625,16,0
38980,5,-30.000000000000014,-129.37500000000006,14,0
38981,5,-30.000000000000014,-118.125,10,0
38982,5,-30.000000000000014,-106.875,10,0
38983,5,-30.000000000000014,-95.625,13,0
38984,5,-30.000000000000014,-84.375,19,0
38985,5,-30.000000000000014,-73.12500000000006,19,0
38986,5,-30.000000000000014,-61.875,16,0
38987,5,-30.000000000000014,-50.625,14,0
38988,5,-30.000000000000014,-39.375,23,0
38989,5,-30.000000000000014,-28.125,18,0
38990,5,-30.000000000000014,-16.875,24,0
38991,5,-30.000000000000014,-5.625,13,0
38992,5,-35.68533471265205,0.0,14,0
38993,5,-35.68533471265205,11.25,24,0
38994,5,-35.68533471265205,22.5,14,0
38995,5,-35.68533471265205,33.75,18,0
38996,5,-35.68533471265205,45.0,17,0
38997,5,-35.68533471265205,56.25,14,0
38998,5,-35.68533471265205,67.5,12,0
38999,5,-35.68533471265205,78.75,10,0
39000,5,-35.68533471265205,90.0,25,0
39001,5,-35.68533471265205,101.25,15,0
39002,5,-35.68533471265205,112.5,13,0
39003,5,-35.68533471265205,123.75,12,0
39004,5,-35.68533471265205,135.0,11,0
39005,5,-35.68533471265205,146.25,20,0
39006,5,-35.68533471265205,157.5,14,0
39007,5,-35.68533471265205,168.75,10,0
39008,5,-35.68533471265205,-180.0,11,0
39009,5,-35.68533471265205,-168.75,17,0
39010,5,-35.68533471265205,-157.5,22,0
39011,5,-35.68533471265205,-146.25,14,0
39012,5,-35.68533471265205,-135.0,11,0
39013,5,-35.68533471265205,-123.75,14,0
39014,5,-35.68533471265205,-112.5,16,0
39015,5,-35.68533471265205,-101.25,16,0
39016,5,-35.68533471265205,-90.0,13,0
39017,5,-35.68533471265205,-78.75000000000006,21,0
39018,5,-35.68533471265205,-67.5,11,0
39019,5,-35.68533471265205,-56.25,11,0
39020,5,-35.68533471265205,-45.0,24,0
39021,5,-35.68533471265205,-33.75000000000006,13,0
39022,5,-35.68533471265205,-22.5,19,0
39023,5,-35.68533471265205,-11.25,23,0
39024,5,-41.81031489577862,5.625,21,0
39025,5,-41.81031489577862,16.875,16,0
39026,5,-41.81031489577862,28.125,21,0
39027,5,-41.81031489577862,39.375,18,0
39028,5,-41.81031489577862,50.625,17,0
39029,5,-41.81031489577862,61.875,17,0
39030,5,-41.81031489577862,73.125,14,0
39031,5,-41.81031489577862,84.375,16,0
39032,5,-41.81031489577862,95.625,24,0
39033,5,-41.81031489577862,106.875,16,0
39034,5,-41.81031489577862,118.125,12,0
39035,5,-41.81031489577862,129.375,12,0
39036,5,-41.81031489577862,140.625,19,0
39037,5,-41.81031489577862,151.875,14,0
39038,5,-41.81031489577862,163.125,17,0
39039,5,-41.81031489577862,174.375,13,0
39040,5,-41.81031489577862,-174.375,18,0
39041,5,-41.81031489577862,-163.125,20,0
39042,5,-41.81031489577862,-151.875,15,0
39043,5,-41.81031489577862,-140.625,9,0
39044,5,-41.81031489577862,-129.37500000000006,15,0
39045,5,-41.81031489577862,-118.125,18,0
39046,5,-41.81031489577862,-106.875,20,0
39047,5,-41.81031489577862,-95.625,21,0
39048,5,-41.81031489577862,-84.375,16,0
39049,5,-41.81031489577862,-73.12500000000006,13,0
39050,5,-41.81031489577862,-61.875,10,0
39051,5,-41.81031489577862,-50.625,15,0
39052,5,-41.81031489577862,-39.375,13,0
39053,5,-41.81031489577862,-28.125,16,0
39054,5,-41.81031489577862,-16.875,19,0
39055,5,-41.81031489577862,-5.625,13,0
39056,5,-48.1412077943603,6.428571428571416,19,0
39057,5,-48.1412077943603,19.285714285714278,17,0
39058,5,-48.1412077943603,32.14285714285714,19,0
39059,5,-48.1412077943603,45.0,15,0
39060,5,-48.1412077943603,57.85714285714286,14,0
39061,5,-48.1412077943603,70.71428571428572,17,0
39062,5,-48.1412077943603,83.57142857142856,24,0
39063,5,-48.1412077943603,96.42857142857144,16,0
39064,5,-48.1412077943603,109.28571428571428,18,0
39065,5,-48.1412077943603,122.14285714285711,15,0
39066,5,-48.1412077943603,135.0,19,0
39067,5,-48.1412077943603,147.8571428571429,24,0
39068,5,-48.1412077943603,160.71428571428572,18,0
39069,5,-48.1412077943603,173.57142857142856,18,0
39070,5,-48.1412077943603,-173.57142857142856,12,0
39071,5,-48.1412077943603,-160.71428571428572,14,0
39072,5,-48.1412077943603,-147.8571428571429,14,0
39073,5,-48.1412077943603,-135.0,16,0
39074,5,-48.1412077943603,-122.14285714285711,14,0
39075,5,-48.1412077943603,-109.28571428571428,22,0
39076,5,-48.1412077943603,-96.42857142857144,18,0
39077,5,-48.1412077943603,-83.57142857142856,17,0
39078,5,-48.1412077943603,-70.71428571428572,13,0
39079,5,-48.1412077943603,-57.85714285714283,19,0
39080,5,-48.1412077943603,-45.0,17,0
39081,5,-48.1412077943603,-32.14285714285717,18,0
39082,5,-48.1412077943603,-19.28571428571422,21,0
39083,5,-48.1412077943603,-6.428571428571445,15,0
39084,5,-54.340912303861245,7.5,24,0
39085,5,-54.340912303861245,22.5,8,0
39086,5,-54.340912303861245,37.5,26,0
39087,5,-54.340912303861245,52.5,23,0
39088,5,-54.340912303861245,67.5,16,0
39089,5,-54.340912303861245,82.5,16,0
39090,5,-54.340912303861245,97.5,19,0
39091,5,-54.340912303861245,112.5,20,0
39092,5,-54.340912303861245,127.5,25,0
39093,5,-54.340912303861245,142.5,28,0
39094,5,-54.340912303861245,157.5,22,0
39095,5,-54.340912303861245,172.5,9,0
39096,5,-54.340912303861245,-172.5,9,0
39097,5,-54.340912303861245,-157.5,19,0
39098,5,-54.340912303861245,-142.5,18,0
39099,5,-54.340912303861245,-127.5,14,0
39100,5,-54.340912303861245,-112.5,17,0
39101,5,-54.340912303861245,-97.5,17,0
39102,5,-54.340912303861245,-82.5,10,0
39103,5,-54.340912303861245,-67.5,13,0
39104,5,-54.340912303861245,-52.50000000000006,16,0
39105,5,-54.340912303861245,-37.5,14,0
39106,5,-54.340912303861245,-22.5,23,0
39107,5,-54.340912303861245,-7.5,23,0
39108,5,-60.4344388449523,9.0,16,0
39109,5,-60.4344388449523,27.0,22,0
39110,5,-60.4344388449523,45.0,21,0
39111,5,-60.4344388449523,63.0,16,0
39112,5,-60.4344388449523,81.0,21,0
39113,5,-60.4344388449523,99.0,17,0
39114,5,-60.4344388449523,117.0,18,0
39115,5,-60.4344388449523,135.0,20,0
39116,5,-60.4344388449523,153.0,15,0
39117,5,-60.4344388449523,171.0,13,0
39118,5,-60.4344388449523,-171.0,16,0
39119,5,-60.4344388449523,-153.0,14,0
39120,5,-60.4344388449523,-135.0,12,0
39121,5,-60.4344388449523,-117.0,9,0
39122,5,-60.4344388449523,-99.0,21,0
39123,5,-60.4344388449523,-81.0,16,0
39124,5,-60.4344388449523,-63.0,10,0
39125,5,-60.4344388449523,-45.0,13,0
39126,5,-60.4344388449523,-27.0,16,0
39127,5,-60.4344388449523,-9.0,15,0
39128,5,-66.44353569089876,11.25,11,0
39129,5,-66.44353569089876,33.75,28,0
39130,5,-66.44353569089876,56.25,19,0
39131,5,-66.44353569089876,78.75,16,0
39132,5,-66.44353569089876,101.25,9,0
39133,5,-66.44353569089876,123.75,17,0
39134,5,-66.44353569089876,146.25,13,0
39135,5,-66.44353569089876,168.75,18,0
39136,5,-66.44353569089876,-168.75,14,0
39137,5,-66.44353569089876,-146.25,16,0
39138,5,-66.44353569089876,-123.75,10,0
39139,5,-66.44353569089876,-101.25,26,0
39140,5,-66.44353569089876,-78.75,19,0
39141,5,-66.44353569089876,-56.25,15,0
39142,5,-66.44353569089876,-33.75,16,0
39143,5,-66.44353569089876,-11.25,12,0
39144,5,-72.38756092964962,15.0,24,0
39145,5,-72.38756092964962,45.0,21,0
39146,5,-72.38756092964962,75.0,11,0
39147,5,-72.38756092964962,105.0,14,0
39148,5,-72.38756092964962,135.0,16,0
39149,5,-72.38756092964962,165.0,15,0
39150,5,-72.38756092964962,-165.0,15,0
39151,5,-72.38756092964962,-135.0,16,0
39152,5,-72.38756092964962,-105.0,20,0
39153,5,-72.38756092964962,-75.0,26,0
39154,5,-72.38756092964962,-45.0,20,0
39155,5,-72.38756092964962,-15.0,12,0
39156,5,-78.28414760510762,22.5,20,0
39157,5,-78.28414760510762,67.5,15,0
39158,5,-78.28414760510762,112.5,11,0
39159,5,-78.28414760510762,157.5,21,0
39160,5,-78.28414760510762,-157.5,19,0
39161,5,-78.28414760510762,-112.5,14,0
39162,5,-78.28414760510762,-67.5,28,0
39163,5,-78.28414760510762,-22.5,19,0
39164,5,-84.14973293629666,45.0,17,0
39165,5,-84.14973293629666,135.0,16,0
39166,5,-84.14973293629666,-135.0,14,0
39167,5,-84.14973293629666,-45.0,17,0
39168,5,84.14973293629666,45.0,21,0
39169,5,84.14973293629666,135.0,17,0
39170,5,84.14973293629666,-135.0,16,0
39171,5,84.14973293629666,-45.0,20,0
39172,5,78.28414760510762,22.5,24,0
39173,5,78.28414760510762,67.5,12,0
39174,5,78.28414760510762,112.5,14,0
39175,5,78.28414760510762,157.5,10,0
39176,5,78.28414760510762,-157.5,19,0
39177,5,78.28414760510762,-112.5,13,0
39178,5,78.28414760510762,-67.5,15,0
39179,5,78.28414760510762,-22.5,19,0
39180,5,72.38756092964962,15.0,17,0
39181,5,72.38756092964962,45.0,16,0
39182,5,72.38756092964962,75.0,15,0
39183,5,72.38756092964962,105.0,19,0
39184,5,72.38756092964962,135.0,16,0
39185,5,72.38756092964962,165.0,14,0
39186,5,72.38756092964962,-165.0,20,0
39187,5,72.38756092964962,-135.0,14,0
39188,5,72.38756092964962,-105.0,19,0
39189,5,72.38756092964962,-75.0,19,0
39190,5,72.38756092964962,-45.0,14,0
39191,5,72.38756092964962,-15.0,20,0
39192,5,66.44353569089877,11.25,15,0
39193,5,66.44353569089877,33.75,21,0
39194,5,66.44353569089877,56.25,14,0
39195,5,66.44353569089877,78.75,15,0
39196,5,66.44353569089877,101.25,22,0
39197,5,66.44353569089877,123.75,22,0
39198,5,66.44353569089877,146.25,22,0
39199,5,66.44353569089877,168.75,15,0
39200,5,66.44353569089877,-168.75,17,0
39201,5,66.44353569089877,-146.25,14,0
39202,5,66.44353569089877,-123.75,13,0
39203,5,66.44353569089877,-101.25,17,1
39204,5,66.44353569089877,-78.75,16,0
39205,5,66.44353569089877,-56.25,18,0
39206,5,66.44353569089877,-33.75,27,0
39207,5,66.44353569089877,-11.25,16,0
39208,5,60.43443884495228,9.0,15,0
39209,5,60.43443884495228,27.0,19,0
39210,5,60.43443884495228,45.0,16,0
39211,5,60.43443884495228,63.0,12,0
39212,5,60.43443884495228,81.0,17,0
39213,5,60.43443884495228,99.0,18,0
39214,5,60.43443884495228,117.0,11,0
39215,5,60.43443884495228,135.0,13,0
39216,5,60.43443884495228,153.0,20,0
39217,5,60.43443884495228,171.0,16,0
39218,5,60.43443884495228,-171.0,14,0
39219,5,60.43443884495228,-153.0,13,0
39220,5,60.43443884495228,-135.0,10,0
39221,5,60.43443884495228,-117.0,17,0
39222,5,60.43443884495228,-99.0,16,0
39223,5,60.43443884495228,-81.0,16,0
39224,5,60.43443884495228,-63.0,17,0
39225,5,60.43443884495228,-45.0,22,0
39226,5,60.43443884495228,-27.0,14,0
39227,5,60.43443884495228,-9.0,10,0
39228,5,54.340912303861245,7.5,15,0
39229,5,54.340912303861245,22.5,14,0
39230,5,54.340912303861245,37.5,17,0
39231,5,54.340912303861245,52.5,21,0
39232,5,54.340912303861245,67.5,16,0
39233,5,54.340912303861245,82.5,18,0
39234,5,54.340912303861245,97.5,15,0
39235,5,54.340912303861245,112.5,17,0
39236,5,54.340912303861245,127.5,12,0
39237,5,54.340912303861245,142.5,20,0
39238,5,54.340912303861245,157.5,17,0
39239,5,54.340912303861245,172.5,24,0
39240,5,54.340912303861245,-172.5,17,0
39241,5,54.340912303861245,-157.5,10,0
39242,5,54.340912303861245,-142.5,12,0
39243,5,54.340912303861245,-127.5,20,0
39244,5,54.340912303861245,-112.5,22,0
39245,5,54.340912303861245,-97.5,12,0
39246,5,54.340912303861245,-82.5,18,0
39247,5,54.340912303861245,-67.5,17,0
39248,5,54.340912303861245,-52.50000000000006,14,0
39249,5,54.340912303861245,-37.5,9,0
39250,5,54.340912303861245,-22.5,19,0
39251,5,54.340912303861245,-7.5,12,0
39252,5,48.141207794360284,6.428571428571416,14,0
39253,5,48.141207794360284,19.285714285714278,14,0
39254,5,48.141207794360284,32.14285714285714,19,0
39255,5,48.141207794360284,45.0,21,0
39256,5,48.141207794360284,57.85714285714286,15,0
39257,5,48.141207794360284,70.71428571428572,16,0
39258,5,48.141207794360284,83.57142857142856,10,0
39259,5,48.141207794360284,96.42857142857144,19,0
39260,5,48.141207794360284,109.28571428571428,13,0
39261,5,48.141207794360284,122.14285714285711,22,0
39262,5,48.141207794360284,135.0,19,0
39263,5,48.141207794360284,147.8571428571429,26,0
39264,5,48.141207794360284,160.71428571428572,11,0
39265,5,48.141207794360284,173.57142857142856,23,0
39266,5,48.141207794360284,-173.57142857142856,20,0
39267,5,48.141207794360284,-160.71428571428572,15,0
39268,5,48.141207794360284,-147.8571428571429,19,0
39269,5,48.141207794360284,-135.0,18,0
39270,5,48.141207794360284,-122.14285714285711,21,0
39271,5,48.141207794360284,-109.28571428571428,14,0
39272,5,48.141207794360284,-96.42857142857144,8,0
39273,5,48.141207794360284,-83.57142857142856,16,0
39274,5,48.141207794360284,-70.71428571428572,13,0
39275,5,48.141207794360284,-57.85714285714283,16,0
39276,5,48.141207794360284,-45.0,10,0
39277,5,48.141207794360284,-32.14285714285717,17,0
39278,5,48.141207794360284,-19.28571428571422,18,0
39279,5,48.141207794360284,-6.428571428571445,15,0
39280,5,41.81031489577859,5.625,17,0
39281,5,41.81031489577859,16.875,16,0
39282,5,41.81031489577859,28.125,10,0
39283,5,41.81031489577859,39.375,23,0
39284,5,41.81031489577859,50.625,9,0
39285,5,41.81031489577859,61.875,20,0
39286,5,41.81031489577859,73.125,20,0
39287,5,41.81031489577859,84.375,16,0
39288,5,41.81031489577859,95.625,21,0
39289,5,41.81031489577859,106.875,14,0
39290,5,41.81031489577859,118.125,14,0
39291,5,41.81031489577859,129.375,22,0
39292,5,41.81031489577859,140.625,22,0
39293,5,41.81031489577859,151.875,19,0
39294,5,41.81031489577859,163.125,17,0
39295,5,41.81031489577859,174.375,15,0
39296,5,41.81031489577859,-174.375,13,0
39297,5,41.81031489577859,-163.125,13,0
39298,5,41.81031489577859,-151.875,26,0
39299,5,41.81031489577859,-140.625,24,0
39300,5,41.81031489577859,-129.37500000000006,17,0
39301,5,41.81031489577859,-118.125,20,0
39302,5,41.81031489577859,-106.875,22,0
39303,5,41.81031489577859,-95.625,12,0
39304,5,41.81031489577859,-84.375,22,0
39305,5,41.81031489577859,-73.12500000000006,20,0
39306,5,41.81031489577859,-61.875,22,0
39307,5,41.81031489577859,-50.625,14,0
39308,5,41.81031489577859,-39.375,12,0
39309,5,41.81031489577859,-28.125,10,0
39310,5,41.81031489577859,-16.875,24,0
39311,5,41.81031489577859,-5.625,16,0
39312,5,35.68533471265204,0.0,9,0
39313,5,35.68533471265204,11.25,14,0
39314,5,35.68533471265204,22.5,10,0
39315,5,35.68533471265204,33.75,18,0
39316,5,35.68533471265204,45.0,15,0
39317,5,35.68533471265204,56.25,18,0
39318,5,35.68533471265204,67.5,14,0
39319,5,35.68533471265204,78.75,15,0
39320,5,35.68533471265204,90.0,22,0
39321,5,35.68533471265204,101.25,24,0
39322,5,35.68533471265204,112.5,11,0
39323,5,35.68533471265204,123.75,10,0
39324,5,35.68533471265204,135.0,17,0
39325,5,35.68533471265204,146.25,16,0
39326,5,35.68533471265204,157.5,19,0
39327,5,35.68533471265204,168.75,16,0
39328,5,35.68533471265204,-180.0,14,0
39329,5,35.68533471265204,-168.75,9,0
39330,5,35.68533471265204,-157.5,10,0
39331,5,35.68533471265204,-146.25,18,0
39332,5,35.68533471265204,-135.0,23,0
39333,5,35.68533471265204,-123.75,11,0
39334,5,35.68533471265204,-112.5,18,0
39335,5,35.68533471265204,-101.25,19,0
39336,5,35.68533471265204,-90.0,14,0
39337,5,35.68533471265204,-78.75000000000006,23,0
39338,5,35.68533471265204,-67.5,17,0
39339,5,35.68533471265204,-56.25,14,0
39340,5,35.68533471265204,-45.0,16,0
39341,5,35.68533471265204,-33.75000000000006,12,0
39342,5,35.68533471265204,-22.5,19,0
39343,5,35.68533471265204,-11.25,24,0
39344,5,30.000000000000007,5.625,21,0
39345,5,30.000000000000007,16.875,15,0
39346,5,30.000000000000007,28.125,17,0
39347,5,30.000000000000007,39.375,18,0
39348,5,30.000000000000007,50.625,15,0
39349,5,30.000000000000007,61.875,21,0
39350,5,30.000000000000007,73.125,22,0
39351,5,30.000000000000007,84.375,15,0
39352,5,30.000000000000007,95.625,16,0
39353,5,30.000000000000007,106.875,23,0
39354,5,30.000000000000007,118.125,11,0
39355,5,30.000000000000007,129.375,20,0
39356,5,30.000000000000007,140.625,16,0
39357,5,30.000000000000007,151.875,16,0
39358,5,30.000000000000007,163.125,20,0
39359,5,30.000000000000007,174.375,14,0
39360,5,30.000000000000007,-174.375,14,0
39361,5,30.000000000000007,-163.125,15,0
39362,5,30.000000000000007,-151.875,14,0
39363,5,30.000000000000007,-140.625,11,0
39364,5,30.000000000000007,-129.37500000000006,15,0
39365,5,30.000000000000007,-118.125,13,0
39366,5,30.000000000000007,-106.875,17,0
39367,5,30.000000000000007,-95.625,15,0
39368,5,30.000000000000007,-84.375,21,0
39369,5,30.000000000000007,-73.12500000000006,25,0
39370,5,30.000000000000007,-61.875,16,0
39371,5,30.000000000000007,-50.625,16,0
39372,5,30.000000000000007,-39.375,14,0
39373,5,30.000000000000007,-28.125,18,0
39374,5,30.000000000000007,-16.875,18,0
39375,5,30.000000000000007,-5.625,15,0
39376,5,24.62431835216408,0.0,20,0
39377,5,24.62431835216408,11.25,20,0
39378,5,24.62431835216408,22.5,22,0
39379,5,24.62431835216408,33.75,17,0
39380,5,24.62431835216408,45.0,11,0
39381,5,24.62431835216408,56.25,9,0
39382,5,24.62431835216408,67.5,25,0
39383,5,24.62431835216408,78.75,17,0
39384,5,24.62431835216408,90.0,23,0
39385,5,24.62431835216408,101.25,17,0
39386,5,24.62431835216408,112.5,15,0
39387,5,24.62431835216408,123.75,20,0
39388,5,24.62431835216408,135.0,18,0
39389,5,24.62431835216408,146.25,22,0
39390,5,24.62431835216408,157.5,20,0
39391,5,24.62431835216408,168.75,13,0
39392,5,24.62431835216408,-180.0,18,0
39393,5,24.62431835216408,-168.75,15,0
39394,5,24.62431835216408,-157.5,11,0
39395,5,24.62431835216408,-146.25,17,0
39396,5,24.62431835216408,-135.0,15,0
39397,5,24.62431835216408,-123.75,17,0
39398,5,24.62431835216408,-112.5,18,0
39399,5,24.62431835216408,-101.25,19,0
39400,5,24.62431835216408,-90.0,18,0
39401,5,24.62431835216408,-78.75000000000006,13,0
39402,5,24.62431835216408,-67.5,22,0
39403,5,24.62431835216408,-56.25,21,0
39404,5,24.62431835216408,-45.0,10,0
39405,5,24.62431835216408,-33.75000000000006,14,0
39406,5,24.62431835216408,-22.5,12,0
39407,5,24.62431835216408,-11.25,18,0
39408,5,19.47122063449069,5.625,15,0
39409,5,19.47122063449069,16.875,21,0
39410,5,19.47122063449069,28.125,16,0
39411,5,19.47122063449069,39.375,9,0
39412,5,19.47122063449069,50.625,19,0
39413,5,19.47122063449069,61.875,19,0
39414,5,19.47122063449069,73.125,14,0
39415,5,19.47122063449069,84.375,13,0
39416,5,19.47122063449069,95.625,19,0
39417,5,19.47122063449069,106.875,17,0
39418,5,19.47122063449069,118.125,14,0
39419,5,19.47122063449069,129.375,20,0
39420,5,19.47122063449069,140.625,21,0
39421,5,19.47122063449069,151.875,25,0
39422,5,19.47122063449069,163.125,22,0
39423,5,19.47122063449069,174.375,14,0
39424,5,19.47122063449069,-174.375,20,0
39425,5,19.47122063449069,-163.125,14,0
39426,5,19.47122063449069,-151.875,6,0
39427,5,19.47122063449069,-140.625,22,0
39428,5,19.47122063449069,-129.37500000000006,17,0
39429,5,19.47122063449069,-118.125,16,0
39430,5,19.47122063449069,-106.875,22,0
39431,5,19.47122063449069,-95.625,20,0
39432,5,19.47122063449069,-84.375,12,0
39433,5,19.47122063449069,-73.12500000000006,16,0
39434,5,19.47122063449069,-61.875,21,0
39435,5,19.47122063449069,-50.625,15,0
39436,5,19.47122063449069,-39.375,12,0
39437,5,19.47122063449069,-28.125,17,0
39438,5,19.47122063449069,-16.875,10,0
39439,5,19.47122063449069,-5.625,31,0
39440,5,14.477512185929925,0.0,27,0
39441,5,14.477512185929925,11.25,20,0
39442,5,14.477512185929925,22.5,12,0
39443,5,14.477512185929925,33.75,20,0
39444,5,14.477512185929925,45.0,20,0
39445,5,14.477512185929925,56.25,23,0
39446,5,14.477512185929925,67.5,17,0
39447,5,14.477512185929925,78.75,13,0
39448,5,14.477512185929925,90.0,13,0
39449,5,14.477512185929925,101.25,19,0
39450,5,14.477512185929925,112.5,14,0
39451,5,14.477512185929925,123.75,19,0
39452,5,14.477512185929925,135.0,19,0
39453,5,14.477512185929925,146.25,22,0
39454,5,14.477512185929925,157.5,18,0
39455,5,14.477512185929925,168.75,13,0
39456,5,14.477512185929925,-180.0,12,0
39457,5,14.477512185929925,-168.75,22,0
39458,5,14.477512185929925,-157.5,14,0
39459,5,14.477512185929925,-146.25,12,0
39460,5,14.477512185929925,-135.0,16,0
39461,5,14.477512185929925,-123.75,22,0
39462,5,14.477512185929925,-112.5,19,0
39463,5,14.477512185929925,-101.25,11,0
39464,5,14.477512185929925,-90.0,17,0
39465,5,14.477512185929925,-78.75000000000006,7,0
39466,5,14.477512185929925,-67.5,24,0
39467,5,14.477512185929925,-56.25,17,0
39468,5,14.477512185929925,-45.0,10,0
39469,5,14.477512185929925,-33.75000000000006,17,0
39470,5,14.477512185929925,-22.5,16,0
39471,5,14.477512185929925,-11.25,19,0
39472,5,9.594068226860458,5.625,21,0
39473,5,9.594068226860458,16.875,17,0
39474,5,9.594068226860458,28.125,13,0
39475,5,9.594068226860458,39.375,19,0
39476,5,9.594068226860458,50.625,18,0
39477,5,9.594068226860458,61.875,22,0
39478,5,9.594068226860458,73.125,11,0
39479,5,9.594068226860458,84.375,15,1
39480,5,9.594068226860458,95.625,16,1
39481,5,9.594068226860458,106.875,12,0
39482,5,9.594068226860458,118.125,19,0
39483,5,9.594068226860458,129.375,17,0
39484,5,9.594068226860458,140.625,21,0
39485,5,9.594068226860458,151.875,8,0
39486,5,9.594068226860458,163.125,13,0
39487,5,9.594068226860458,174.375,8,0
39488,5,9.594068226860458,-174.375,15,0
39489,5,9.594068226860458,-163.125,16,0
39490,5,9.594068226860458,-151.875,19,1
39491,5,9.594068226860458,-140.625,17,0
39492,5,9.594068226860458,-129.37500000000006,18,0
39493,5,9.594068226860458,-118.125,21,0
39494,5,9.594068226860458,-106.875,14,0
39495,5,9.594068226860458,-95.625,21,0
39496,5,9.594068226860458,-84.375,13,0
39497,5,9.594068226860458,-73.12500000000006,17,0
39498,5,9.594068226860458,-61.875,15,0
39499,5,9.594068226860458,-50.625,20,0
39500,5,9.594068226860458,-39.375,13,1
39501,5,9.594068226860458,-28.125,17,0
39502,5,9.594068226860458,-16.875,22,0
39503,5,9.594068226860458,-5.625,22,0
39504,5,4.780191847199163,0.0,19,0
39505,5,4.780191847199163,11.25,13,1
39506,5,4.780191847199163,22.5,18,3
39507,5,4.780191847199163,33.75,9,1
39508,5,4.780191847199163,45.0,16,1
39509,5,4.780191847199163,56.25,19,2
39510,5,4.780191847199163,67.5,17,3
39511,5,4.780191847199163,78.75,15,1
39512,5,4.780191847199163,90.0,16,2
39513,5,4.780191847199163,101.25,16,2
39514,5,4.780191847199163,112.5,14,0
39515,5,4.780191847199163,123.75,29,2
39516,5,4.780191847199163,135.0,17,2
39517,5,4.780191847199163,146.25,10,2
39518,5,4.780191847199163,157.5,10,1
39519,5,4.780191847199163,168.75,14,0
39520,5,4.780191847199163,-180.0,12,0
39521,5,4.780191847199163,-168.75,27,3
39522,5,4.780191847199163,-157.5,16,2
39523,5,4.780191847199163,-146.25,26,6
39524,5,4.780191847199163,-135.0,11,3
39525,5,4.780191847199163,-123.75,22,0
39526,5,4.780191847199163,-112.5,14,6
39527,5,4.780191847199163,-101.25,12,2
39528,5,4.780191847199163,-90.0,17,3
39529,5,4.780191847199163,-78.75000000000006,13,0
39530,5,4.780191847199163,-67.5,24,3
39531,5,4.780191847199163,-56.25,20,2
39532,5,4.780191847199163,-45.0,20,3
39533,5,4.780191847199163,-33.75000000000006,14,1
39534,5,4.780191847199163,-22.5,12,2
39535,5,4.780191847199163,-11.25,21,3
39536,5,0.0,5.625,14,1
39537,5,0.0,16.875,17,3
39538,5,0.0,28.125,12,2
39539,5,0.0,39.375,12,3
39540,5,0.0,50.625,17,7
39541,5,0.0,61.875,18,2
39542,5,0.0,73.125,14,2
39543,5,0.0,84.375,21,3
39544,5,0.0,95.625,14,2
39545,5,0.0,106.875,19,2
39546,5,0.0,118.125,21,3
39547,5,0.0,129.375,26,5
39548,5,0.0,140.625,17,3
39549,5,0.0,151.875,13,2
39550,5,0.0,163.125,9,2
39551,5,0.0,174.375,16,0
39552,5,0.0,-174.375,13,3
39553,5,0.0,-163.125,15,3
39554,5,0.0,-151.875,21,5
39555,5,0.0,-140.625,21,2
39556,5,0.0,-129.37500000000006,14,3
39557,5,0.0,-118.125,19,5
39558,5,0.0,-106.875,12,6
39559,5,0.0,-95.625,20,6
39560,5,0.0,-84.375,15,4
39561,5,0.0,-73.12500000000006,12,2
39562,5,0.0,-61.875,23,6
39563,5,0.0,-50.625,21,4
39564,5,0.0,-39.375,17,1
39565,5,0.0,-28.125,22,2
39566,5,0.0,-16.875,12,1
39567,5,0.0,-5.625,15,3
39568,5,-4.780191847199163,0.0,14,3
39569,5,-4.780191847199163,11.25,22,1
39570,5,-4.780191847199163,22.5,14,0
39571,5,-4.780191847199163,33.75,11,3
39572,5,-4.780191847199163,45.0,16,3
39573,5,-4.780191847199163,56.25,18,2
39574,5,-4.780191847199163,67.5,17,1
39575,5,-4.780191847199163,78.75,18,2
39576,5,-4.780191847199163,90.0,17,0
39577,5,-4.780191847199163,101.25,19,2
39578,5,-4.780191847199163,112.5,14,3
39579,5,-4.780191847199163,123.75,20,3
39580,5,-4.780191847199163,135.0,24,2
39581,5,-4.780191847199163,146.25,21,2
39582,5,-4.780191847199163,157.5,15,0
39583,5,-4.780191847199163,168.75,18,3
39584,5,-4.780191847199163,-180.0,10,0
39585,5,-4.780191847199163,-168.75,19,3
39586,5,-4.780191847199163,-157.5,12,2
39587,5,-4.780191847199163,-146.25,21,2
39588,5,-4.780191847199163,-135.0,12,1
39589,5,-4.780191847199163,-123.75,14,2
39590,5,-4.780191847199163,-112.5,14,2
39591,5,-4.780191847199163,-101.25,12,5
39592,5,-4.780191847199163,-90.0,25,2
39593,5,-4.780191847199163,-78.75000000000006,16,0
39594,5,-4.780191847199163,-67.5,22,3
39595,5,-4.780191847199163,-56.25,15,3
39596,5,-4.780191847199163,-45.0,21,2
39597,5,-4.780191847199163,-33.75000000000006,18,0
39598,5,-4.780191847199163,-22.5,22,0
39599,5,-4.780191847199163,-11.25,18,1
39600,5,-9.594068226860458,5.625,22,0
39601,5,-9.594068226860458,16.875,12,0
39602,5,-9.594068226860458,28.125,18,0
39603,5,-9.594068226860458,39.375,23,0
39604,5,-9.594068226860458,50.625,12,0
39605,5,-9.594068226860458,61.875,14,0
39606,5,-9.594068226860458,73.125,10,0
39607,5,-9.594068226860458,84.375,11,0
39608,5,-9.594068226860458,95.625,13,0
39609,5,-9.594068226860458,106.875,17,1
39610,5,-9.594068226860458,118.125,16,0
39611,5,-9.594068226860458,129.375,11,0
39612,5,-9.594068226860458,140.625,20,0
39613,5,-9.594068226860458,151.875,17,0
39614,5,-9.594068226860458,163.125,19,0
39615,5,-9.594068226860458,174.375,16,0
39616,5,-9.594068226860458,-174.375,14,0
39617,5,-9.594068226860458,-163.125,15,0
39618,5,-9.594068226860458,-151.875,16,1
39619,5,-9.594068226860458,-140.625,16,0
39620,5,-9.594068226860458,-129.37500000000006,10,1
39621,5,-9.594068226860458,-118.125,16,0
39622,5,-9.594068226860458,-106.875,16,0
39623,5,-9.594068226860458,-95.625,23,0
39624,5,-9.594068226860458,-84.375,17,1
39625,5,-9.594068226860458,-73.12500000000006,18,0
39626,5,-9.594068226860458,-61.875,16,0
39627,5,-9.594068226860458,-50.625,9,0
39628,5,-9.594068226860458,-39.375,25,0
39629,5,-9.594068226860458,-28.125,14,0
39630,5,-9.594068226860458,-16.875,14,0
39631,5,-9.594068226860458,-5.625,15,0
39632,5,-14.477512185929925,0.0,15,0
39633,5,-14.477512185929925,11.25,16,0
39634,5,-14.477512185929925,22.5,18,0
39635,5,-14.477512185929925,33.75,15,0
39636,5,-14.477512185929925,45.0,15,0
39637,5,-14.477512185929925,56.25,19,0
39638,5,-14.477512185929925,67.5,14,0
39639,5,-14.477512185929925,78.75,11,0
39640,5,-14.477512185929925,90.0,23,0
39641,5,-14.477512185929925,101.25,14,0
39642,5,-14.477512185929925,112.5,12,0
39643,5,-14.477512185929925,123.75,17,0
39644,5,-14.477512185929925,135.0,19,0
39645,5,-14.477512185929925,146.25,20,0
39646,5,-14.477512185929925,157.5,17,0
39647,5,-14.477512185929925,168.75,17,0
39648,5,-14.477512185929925,-180.0,16,0
39649,5,-14.477512185929925,-168.75,19,0
39650,5,-14.477512185929925,-157.5,20,1
39651,5,-14.477512185929925,-146.25,12,0
39652,5,-14.477512185929925,-135.0,14,0
39653,5,-14.477512185929925,-123.75,14,1
39654,5,-14.477512185929925,-112.5,15,0
39655,5,-14.477512185929925,-101.25,28,0
39656,5,-14.477512185929925,-90.0,16,1
39657,5,-14.477512185929925,-78.75000000000006,7,0
39658,5,-14.477512185929925,-67.5,20,0
39659,5,-14.477512185929925,-56.25,16,0
39660,5,-14.477512185929925,-45.0,20,0
39661,5,-14.477512185929925,-33.75000000000006,16,0
39662,5,-14.477512185929925,-22.5,17,0
39663,5,-14.477512185929925,-11.25,19,0
39664,5,-19.47122063449069,5.625,14,0
39665,5,-19.47122063449069,16.875,16,0
39666,5,-19.47122063449069,28.125,17,0
39667,5,-19.47122063449069,39.375,12,0
39668,5,-19.47122063449069,50.625,22,0
39669,5,-19.47122063449069,61.875,16,0
39670,5,-19.47122063449069,73.125,16,0
39671,5,-19.47122063449069,84.375,17,0
39672,5,-19.47122063449069,95.625,19,0
39673,5,-19.47122063449069,106.875,9,0
39674,5,-19.47122063449069,118.125,13,0
39675,5,-19.47122063449069,129.375,17,0
39676,5,-19.47122063449069,140.625,17,0
39677,5,-19.47122063449069,151.875,18,0
39678,5,-19.47122063449069,163.125,18,0
39679,5,-19.47122063449069,174.375,19,0
39680,5,-19.47122063449069,-174.375,15,1
39681,5,-19.47122063449069,-163.125,23,0
39682,5,-19.47122063449069,-151.875,13,0
39683,5,-19.47122063449069,-140.625,19,0
39684,5,-19.47122063449069,-129.37500000000006,17,0
39685,5,-19.47122063449069,-118.125,12,0
39686,5,-19.47122063449069,-106.875,21,0
39687,5,-19.47122063449069,-95.625,20,0
39688,5,-19.47122063449069,-84.375,15,0
39689,5,-19.47122063449069,-73.12500000000006,20,0
39690,5,-19.47122063449069,-61.875,12,0
39691,5,-19.47122063449069,-50.625,19,0
39692,5,-19.47122063449069,-39.375,21,0
39693,5,-19.47122063449069,-28.125,19,0
39694,5,-19.47122063449069,-16.875,16,0
39695,5,-19.47122063449069,-5.625,21,0
39696,5,-24.62431835216408,0.0,16,0
39697,5,-24.62431835216408,11.25,19,0
39698,5,-24.62431835216408,22.5,12,0
39699,5,-24.62431835216408,33.75,15,0
39700,5,-24.62431835216408,45.0,17,0
39701,5,-24.62431835216408,56.25,12,0
39702,5,-24.62431835216408,67.5,21,0
39703,5,-24.62431835216408,78.75,14,0
39704,5,-24.62431835216408,90.0,21,0
39705,5,-24.62431835216408,101.25,16,0
39706,5,-24.62431835216408,112.5,13,0
39707,5,-24.62431835216408,123.75,20,0
39708,5,-24.62431835216408,135.0,19,0
39709,5,-24.62431835216408,146.25,15,0
39710,5,-24.62431835216408,157.5,13,0
39711,5,-24.62431835216408,168.75,21,0
39712,5,-24.62431835216408,-180.0,14,0
39713,5,-24.62431835216408,-168.75,19,0
39714,5,-24.62431835216408,-157.5,16,0
39715,5,-24.62431835216408,-146.25,15,0
39716,5,-24.62431835216408,-135.0,17,0
39717,5,-24.62431835216408,-123.75,13,0
39718,5,-24.62431835216408,-112.5,13,0
39719,5,-24.62431835216408,-101.25,13,0
39720,5,-24.62431835216408,-90.0,22,0
39721,5,-24.62431835216408,-78.75000000000006,16,0
39722,5,-24.62431835216408,-67.5,15,0
39723,5,-24.62431835216408,-56.25,18,0
39724,5,-24.62431835216408,-45.0,21,0
39725,5,-24.62431835216408,-33.75000000000006,22,0
39726,5,-24.62431835216408,-22.5,21,0
39727,5,-24.62431835216408,-11.25,18,0
39728,5,-30.000000000000014,5.625,20,0
39729,5,-30.000000000000014,16.875,20,0
39730,5,-30.000000000000014,28.125,15,0
39731,5,-30.000000000000014,39.375,15,0
39732,5,-30.000000000000014,50.625,11,0
39733,5,-30.000000000000014,61.875,16,0
39734,5,-30.000000000000014,73.125,16,0
39735,5,-30.000000000000014,84.375,22,0
39736,5,-30.000000000000014,95.625,15,0
39737,5,-30.000000000000014,106.875,12,0
39738,5,-30.000000000000014,118.125,18,0
39739,5,-30.000000000000014,129.375,14,0
39740,5,-30.000000000000014,140.625,14,0
39741,5,-30.000000000000014,151.875,11,0
39742,5,-30.000000000000014,163.125,23,0
39743,5,-30.000000000000014,174.375,15,0
39744,5,-30.000000000000014,-174.375,20,0
39745,5,-30.000000000000014,-163.125,22,0
39746,5,-30.000000000000014,-151.875,18,0
39747,5,-30.000000000000014,-140.625,16,0
39748,5,-30.000000000000014,-129.37500000000006,14,0
39749,5,-30.000000000000014,-118.125,10,0
39750,5,-30.000000000000014,-106.875,10,0
39751,5,-30.000000000000014,-95.625,13,0
39752,5,-30.000000000000014,-84.375,19,0
39753,5,-30.000000000000014,-73.12500000000006,19,0
39754,5,-30.000000000000014,-61.875,16,0
39755,5,-30.000000000000014,-50.625,14,0
39756,5,-30.000000000000014,-39.375,23,0
39757,5,-30.000000000000014,-28.125,18,0
39758,5,-30.000000000000014,-16.875,24,0
39759,5,-30.000000000000014,-5.625,13,0
39760,5,-35.68533471265205,0.0,14,0
39761,5,-35.68533471265205,11.25,24,0
39762,5,-35.68533471265205,22.5,14,0
39763,5,-35.68533471265205,33.75,18,0
39764,5,-35.68533471265205,45.0,17,0
39765,5,-35.68533471265205,56.25,14,0
39766,5,-35.68533471265205,67.5,12,0
39767,5,-35.68533471265205,78.75,10,0
39768,5,-35.68533471265205,90.0,25,0
39769,5,-35.68533471265205,101.25,15,0
39770,5,-35.68533471265205,112.5,13,0
39771,5,-35.68533471265205,123.75,12,0
39772,5,-35.68533471265205,135.0,11,0
39773,5,-35.68533471265205,146.25,20,0
39774,5,-35.68533471265205,157.5,14,0
39775,5,-35.68533471265205,168.75,10,0
39776,5,-35.68533471265205,-180.0,11,0
39777,5,-35.68533471265205,-168.75,17,0
39778,5,-35.68533471265205,-157.5,22,0
39779,5,-35.68533471265205,-146.25,14,0
39780,5,-35.68533471265205,-135.0,11,0
39781,5,-35.68533471265205,-123.75,14,0
39782,5,-35.68533471265205,-112.5,16,0
39783,5,-35.68533471265205,-101.25,16,0
39784,5,-35.68533471265205,-90.0,13,0
39785,5,-35.68533471265205,-78.75000000000006,21,0
39786,5,-35.68533471265205,-67.5,11,0
39787,5,-35.68533471265205,-56.25,11,0
39788,5,-35.68533471265205,-45.0,24,0
39789,5,-35.68533471265205,-33.75000000000006,13,0
39790,5,-35.68533471265205,-22.5,19,0
39791,5,-35.68533471265205,-11.25,23,0
39792,5,-41.81031489577862,5.625,21,0
39793,5,-41.81031489577862,16.875,16,0
39794,5,-41.81031489577862,28.125,21,0
39795,5,-41.81031489577862,39.375,18,0
39796,5,-41.81031489577862,50.625,17,0
39797,5,-41.81031489577862,61.875,17,0
39798,5,-41.81031489577862,73.125,14,0
39799,5,-41.81031489577862,84.375,16,0
39800,5,-41.81031489577862,95.625,24,0
39801,5,-41.81031489577862,106.875,16,0
39802,5,-41.81031489577862,118.125,12,0
39803,5,-41.81031489577862,129.375,12,0
39804,5,-41.81031489577862,140.625,19,0
39805,5,-41.81031489577862,151.875,14,0
39806,5,-41.81031489577862,163.125,17,0
39807,5,-41.81031489577862,174.375,13,0
39808,5,-41.81031489577862,-174.375,18,0
39809,5,-41.81031489577862,-163.125,20,0
39810,5,-41.81031489577862,-151.875,15,0
39811,5,-41.81031489577862,-140.625,9,0
39812,5,-41.81031489577862,-129.37500000000006,15,0
39813,5,-41.81031489577862,-118.125,18,0
39814,5,-41.81031489577862,-106.875,20,0
39815,5,-41.81031489577862,-95.625,21,0
39816,5,-41.81031489577862,-84.375,16,0
39817,5,-41.81031489577862,-73.12500000000006,13,0
39818,5,-41.81031489577862,-61.875,10,0
39819,5,-41.81031489577862,-50.625,15,0
39820,5,-41.81031489577862,-39.375,13,0
39821,5,-41.81031489577862,-28.125,16,0
39822,5,-41.81031489577862,-16.875,19,0
39823,5,-41.81031489577862,-5.625,13,0
39824,5,-48.1412077943603,6.428571428571416,19,0
39825,5,-48.1412077943603,19.285714285714278,17,0
39826,5,-48.1412077943603,32.14285714285714,19,0
39827,5,-48.1412077943603,45.0,15,0
39828,5,-48.1412077943603,57.85714285714286,14,0
39829,5,-48.1412077943603,70.71428571428572,17,0
39830,5,-48.1412077943603,83.57142857142856,24,0
39831,5,-48.1412077943603,96.42857142857144,16,0
39832,5,-48.1412077943603,109.28571428571428,18,0
39833,5,-48.1412077943603,122.14285714285711,15,0
39834,5,-48.1412077943603,135.0,19,0
39835,5,-48.1412077943603,147.8571428571429,24,0
39836,5,-48.1412077943603,160.71428571428572,18,0
39837,5,-48.1412077943603,173.57142857142856,18,0
39838,5,-48.1412077943603,-173.57142857142856,12,0
39839,5,-48.1412077943603,-160.71428571428572,14,0
39840,5,-48.1412077943603,-147.8571428571429,14,0
39841,5,-48.1412077943603,-135.0,16,0
39842,5,-48.1412077943603,-122.14285714285711,14,0
39843,5,-48.1412077943603,-109.28571428571428,22,0
39844,5,-48.1412077943603,-96.42857142857144,18,0
39845,5,-48.1412077943603,-83.57142857142856,17,0
39846,5,-48.1412077943603,-70.71428571428572,13,0
39847,5,-48.1412077943603,-57.85714285714283,19,0
39848,5,-48.1412077943603,-45.0,17,0
39849,5,-48.1412077943603,-32.14285714285717,18,0
39850,5,-48.1412077943603,-19.28571428571422,21,0
39851,5,-48.1412077943603,-6.428571428571445,15,0
39852,5,-54.340912303861245,7.5,24,0
39853,5,-54.340912303861245,22.5,8,0
39854,5,-54.340912303861245,37.5,26,0
39855,5,-54.340912303861245,52.5,23,0
39856,5,-54.340912303861245,67.5,16,0
39857,5,-54.340912303861245,82.5,16,0
39858,5,-54.340912303861245,97.5,19,0
39859,5,-54.340912303861245,112.5,20,0
39860,5,-54.340912303861245,127.5,25,0
39861,5,-54.340912303861245,142.5,28,0
39862,5,-54.340912303861245,157.5,22,0
39863,5,-54.340912303861245,172.5,9,0
39864,5,-54.340912303861245,-172.5,9,0
39865,5,-54.340912303861245,-157.5,19,0
39866,5,-54.340912303861245,-142.5,18,0
39867,5,-54.340912303861245,-127.5,14,0
39868,5,-54.340912303861245,-112.5,17,0
39869,5,-54.340912303861245,-97.5,17,0
39870,5,-54.340912303861245,-82.5,10,0
39871,5,-54.340912303861245,-67.5,13,0
39872,5,-54.340912303861245,-52.50000000000006,16,0
39873,5,-54.340912303861245,-37.5,14,0
39874,5,-54.340912303861245,-22.5,23,0
39875,5,-54.340912303861245,-7.5,23,0
39876,5,-60.4344388449523,9.0,16,0
39877,5,-60.4344388449523,27.0,22,0
39878,5,-60.4344388449523,45.0,21,0
39879,5,-60.4344388449523,63.0,16,0
39880,5,-60.4344388449523,81.0,21,0
39881,5,-60.4344388449523,99.0,17,0
39882,5,-60.4344388449523,117.0,18,0
39883,5,-60.4344388449523,135.0,20,0
39884,5,-60.4344388449523,153.0,15,0
39885,5,-60.4344388449523,171.0,13,0
39886,5,-60.4344388449523,-171.0,16,0
39887,5,-60.4344388449523,-153.0,14,0
39888,5,-60.4344388449523,-135.0,12,0
39889,5,-60.4344388449523,-117.0,9,0
39890,5,-60.4344388449523,-99.0,21,0
39891,5,-60.4344388449523,-81.0,16,0
39892,5,-60.4344388449523,-63.0,10,0
39893,5,-60.4344388449523,-45.0,13,0
39894,5,-60.4344388449523,-27.0,16,0
39895,5,-60.4344388449523,-9.0,15,0
39896,5,-66.44353569089876,11.25,11,0
39897,5,-66.44353569089876,33.75,28,0
39898,5,-66.44353569089876,56.25,19,0
39899,5,-66.44353569089876,78.75,16,0
39900,5,-66.44353569089876,101.25,9,0
39901,5,-66.44353569089876,123.75,17,0
39902,5,-66.44353569089876,146.25,13,0
39903,5,-66.44353569089876,168.75,18,0
39904,5,-66.44353569089876,-168.75,14,0
39905,5,-66.44353569089876,-146.25,16,0
39906,5,-66.44353569089876,-123.75,10,0
39907,5,-66.44353569089876,-101.25,26,0
39908,5,-66.44353569089876,-78.75,19,0
39909,5,-66.44353569089876,-56.25,15,0
39910,5,-66.44353569089876,-33.75,16,0
39911,5,-66.44353569089876,-11.25,12,0
39912,5,-72.38756092964962,15.0,24,0
39913,5,-72.38756092964962,45.0,21,0
39914,5,-72.38756092964962,75.0,11,0
39915,5,-72.38756092964962,105.0,14,0
39916,5,-72.38756092964962,135.0,16,0
39917,5,-72.38756092964962,165.0,15,0
39918,5,-72.38756092964962,-165.0,15,0
39919,5,-72.38756092964962,-135.0,16,0
39920,5,-72.38756092964962,-105.0,20,0
39921,5,-72.38756092964962,-75.0,26,0
39922,5,-72.38756092964962,-45.0,20,0
39923,5,-72.38756092964962,-15.0,12,0
39924,5,-78.28414760510762,22.5,20,0
39925,5,-78.28414760510762,67.5,15,0
39926,5,-78.28414760510762,112.5,11,0
39927,5,-78.28414760510762,157.5,21,0
39928,5,-78.28414760510762,-157.5,19,0
39929,5,-78.28414760510762,-112.5,14,0
39930,5,-78.28414760510762,-67.5,28,0
39931,5,-78.28414760510762,-22.5,19,0
39932,5,-84.14973293629666,45.0,17,0
39933,5,-84.14973293629666,135.0,16,0
39934,5,-84.14973293629666,-135.0,14,0
39935,5,-84.14973293629666,-45.0,17,0
39936,5,84.14973293629666,45.0,21,0
39937,5,84.14973293629666,135.0,17,0
39938,5,84.14973293629666,-135.0,16,0
39939,5,84.14973293629666,-45.0,20,0
39940,5,78.28414760510762,22.5,24,0
39941,5,78.28414760510762,67.5,12,0
39942,5,78.28414760510762,112.5,14,0
39943,5,78.28414760510762,157.5,10,0
39944,5,78.28414760510762,-157.5,19,0
39945,5,78.28414760510762,-112.5,13,0
39946,5,78.28414760510762,-67.5,15,0
39947,5,78.28414760510762,-22.5,19,0
39948,5,72.38756092964962,15.0,17,0
39949,5,72.38756092964962,45.0,16,0
39950,5,72.38756092964962,75.0,15,0
39951,5,72.38756092964962,105.0,19,0
39952,5,72.38756092964962,135.0,16,0
39953,5,72.38756092964962,165.0,14,0
39954,5,72.38756092964962,-165.0,20,0
39955,5,72.38756092964962,-135.0,14,0
39956,5,72.38756092964962,-105.0,19,0
39957,5,72.38756092964962,-75.0,19,0
39958,5,72.38756092964962,-45.0,14,0
39959,5,72.38756092964962,-15.0,20,0
39960,5,66.44353569089877,11.25,15,0
39961,5,66.44353569089877,33.75,21,0
39962,5,66.44353569089877,56.25,14,0
39963,5,66.44353569089877,78.75,15,0
39964,5,66.44353569089877,101.25,22,0
39965,5,66.44353569089877,123.75,22,0
39966,5,66.44353569089877,146.25,22,0
39967,5,66.44353569089877,168.75,15,0
39968,5,66.44353569089877,-168.75,17,0
39969,5,66.44353569089877,-146.25,14,0
39970,5,66.44353569089877,-123.75,13,0
39971,5,66.44353569089877,-101.25,17,1
39972,5,66.44353569089877,-78.75,16,0
39973,5,66.44353569089877,-56.25,18,0
39974,5,66.44353569089877,-33.75,27,0
39975,5,66.44353569089877,-11.25,16,0
39976,5,60.43443884495228,9.0,15,0
39977,5,60.43443884495228,27.0,19,0
39978,5,60.43443884495228,45.0,16,0
39979,5,60.43443884495228,63.0,12,0
39980,5,60.43443884495228,81.0,17,0
39981,5,60.43443884495228,99.0,18,0
39982,5,60.43443884495228,117.0,11,0
39983,5,60.43443884495228,135.0,13,0
39984,5,60.43443884495228,153.0,20,0
39985,5,60.43443884495228,171.0,16,0
39986,5,60.43443884495228,-171.0,14,0
39987,5,60.43443884495228,-153.0,13,0
39988,5,60.43443884495228,-135.0,10,0
39989,5,60.43443884495228,-117.0,17,0
39990,5,60.43443884495228,-99.0,16,0
39991,5,60.43443884495228,-81.0,16,0
39992,5,60.43443884495228,-63.0,17,0
39993,5,60.43443884495228,-45.0,22,0
39994,5,60.43443884495228,-27.0,14,0
39995,5,60.43443884495228,-9.0,10,0
39996,5,54.340912303861245,7.5,15,0
39997,5,54.340912303861245,22.5,14,0
39998,5,54.340912303861245,37.5,17,0
39999,5,54.340912303861245,52.5,21,0
40000,5,54.340912303861245,67.5,16,0
40001,5,54.340912303861245,82.5,18,0
40002,5,54.340912303861245,97.5,15,0
40003,5,54.340912303861245,112.5,17,0
40004,5,54.340912303861245,127.5,12,0
40005,5,54.340912303861245,142.5,20,0
40006,5,54.340912303861245,157.5,17,0
40007,5,54.340912303861245,172.5,24,0
40008,5,54.340912303861245,-172.5,17,0
40009,5,54.340912303861245,-157.5,10,0
40010,5,54.340912303861245,-142.5,12,0
40011,5,54.340912303861245,-127.5,20,0
40012,5,54.340912303861245,-112.5,22,0
40013,5,54.340912303861245,-97.5,12,0
40014,5,54.340912303861245,-82.5,18,0
40015,5,54.340912303861245,-67.5,17,0
40016,5,54.340912303861245,-52.50000000000006,14,0
40017,5,54.340912303861245,-37.5,9,0
40018,5,54.340912303861245,-22.5,19,0
40019,5,54.340912303861245,-7.5,12,0
40020,5,48.141207794360284,6.428571428571416,14,0
40021,5,48.141207794360284,19.285714285714278,14,0
40022,5,48.141207794360284,32.14285714285714,19,0
40023,5,48.141207794360284,45.0,21,0
40024,5,48.141207794360284,57.85714285714286,15,0
40025,5,48.141207794360284,70.71428571428572,16,0
40026,5,48.141207794360284,83.57142857142856,10,0
40027,5,48.141207794360284,96.42857142857144,19,0
40028,5,48.141207794360284,109.28571428571428,13,0
40029,5,48.141207794360284,122.14285714285711,22,0
40030,5,48.141207794360284,135.0,19,0
40031,5,48.141207794360284,147.8571428571429,26,0
40032,5,48.141207794360284,160.71428571428572,11,0
40033,5,48.141207794360284,173.57142857142856,23,0
40034,5,48.141207794360284,-173.57142857142856,20,0
40035,5,48.141207794360284,-160.71428571428572,15,0
40036,5,48.141207794360284,-147.8571428571429,19,0
40037,5,48.141207794360284,-135.0,18,0
40038,5,48.141207794360284,-122.14285714285711,21,0
40039,5,48.141207794360284,-109.28571428571428,14,0
40040,5,48.141207794360284,-96.42857142857144,8,0
40041,5,48.141207794360284,-83.57142857142856,16,0
40042,5,48.141207794360284,-70.71428571428572,13,0
40043,5,48.141207794360284,-57.85714285714283,16,0
40044,5,48.141207794360284,-45.0,10,0
40045,5,48.141207794360284,-32.14285714285717,17,0
40046,5,48.141207794360284,-19.28571428571422,18,0
40047,5,48.141207794360284,-6.428571428571445,15,0
40048,5,41.81031489577859,5.625,17,0
40049,5,41.81031489577859,16.875,16,0
40050,5,41.81031489577859,28.125,10,0
40051,5,41.81031489577859,39.375,23,0
40052,5,41.81031489577859,50.625,9,0
40053,5,41.81031489577859,61.875,20,0
40054,5,41.81031489577859,73.125,20,0
40055,5,41.81031489577859,84.375,16,0
40056,5,41.81031489577859,95.625,21,0
40057,5,41.81031489577859,106.875,14,0
40058,5,41.81031489577859,118.125,14,0
40059,5,41.81031489577859,129.375,22,0
40060,5,41.81031489577859,140.625,22,0
40061,5,41.81031489577859,151.875,19,0
40062,5,41.81031489577859,163.125,17,0
40063,5,41.81031489577859,174.375,15,0
40064,5,41.81031489577859,-174.375,13,0
40065,5,41.81031489577859,-163.125,13,0
40066,5,41.81031489577859,-151.875,26,0
40067,5,41.81031489577859,-140.625,24,0
40068,5,41.81031489577859,-129.37500000000006,17,0
40069,5,41.81031489577859,-118.125,20,0
40070,5,41.81031489577859,-106.875,22,0
40071,5,41.81031489577859,-95.625,12,0
40072,5,41.81031489577859,-84.375,22,0
40073,5,41.81031489577859,-73.12500000000006,20,0
40074,5,41.81031489577859,-61.875,22,0
40075,5,41.81031489577859,-50.625,14,0
40076,5,41.81031489577859,-39.375,12,0
40077,5,41.81031489577859,-28.125,10,0
40078,5,41.81031489577859,-16.875,24,0
40079,5,41.81031489577859,-5.625,16,0
40080,5,35.68533471265204,0.0,9,0
40081,5,35.68533471265204,11.25,14,0
40082,5,35.68533471265204,22.5,10,0
40083,5,35.68533471265204,33.75,18,0
40084,5,35.68533471265204,45.0,15,0
40085,5,35.68533471265204,56.25,18,0
40086,5,35.68533471265204,67.5,14,0
40087,5,35.68533471265204,78.75,15,0
40088,5,35.68533471265204,90.0,22,0
40089,5,35.68533471265204,101.25,24,0
40090,5,35.68533471265204,112.5,11,0
40091,5,35.68533471265204,123.75,10,0
40092,5,35.68533471265204,135.0,17,0
40093,5,35.68533471265204,146.25,16,0
40094,5,35.68533471265204,157.5,19,0
40095,5,35.68533471265204,168.75,16,0
40096,5,35.68533471265204,-180.0,14,0
40097,5,35.68533471265204,-168.75,9,0
40098,5,35.68533471265204,-157.5,10,0
40099,5,35.68533471265204,-146.25,18,0
40100,5,35.68533471265204,-135.0,23,0
40101,5,35.68533471265204,-123.75,11,0
40102,5,35.68533471265204,-112.5,18,0
40103,5,35.68533471265204,-101.25,19,0
40104,5,35.68533471265204,-90.0,14,0
40105,5,35.68533471265204,-78.75000000000006,23,0
40106,5,35.68533471265204,-67.5,17,0
40107,5,35.68533471265204,-56.25,14,0
40108,5,35.68533471265204,-45.0,16,0
40109,5,35.68533471265204,-33.75000000000006,12,0
40110,5,35.68533471265204,-22.5,19,0
40111,5,35.68533471265204,-11.25,24,0
40112,5,30.000000000000007,5.625,21,0
40113,5,30.000000000000007,16.875,15,0
40114,5,30.000000000000007,28.125,17,0
40115,5,30.000000000000007,39.375,18,0
40116,5,30.000000000000007,50.625,15,0
40117,5,30.000000000000007,61.875,21,0
40118,5,30.000000000000007,73.125,22,0
40119,5,30.000000000000007,84.375,15,0
40120,5,30.000000000000007,95.625,16,0
40121,5,30.000000000000007,106.875,23,0
40122,5,30.000000000000007,118.125,11,0
40123,5,30.000000000000007,129.375,20,0
40124,5,30.000000000000007,140.625,16,0
40125,5,30.000000000000007,151.875,16,0
40126,5,30.000000000000007,163.125,20,0
40127,5,30.000000000000007,174.375,14,0
40128,5,30.000000000000007,-174.375,14,0
40129,5,30.000000000000007,-163.125,15,0
40130,5,30.000000000000007,-151.875,14,0
40131,5,30.000000000000007,-140.625,11,0
40132,5,30.000000000000007,-129.37500000000006,15,0
40133,5,30.000000000000007,-118.125,13,0
40134,5,30.000000000000007,-106.875,17,0
40135,5,30.000000000000007,-95.625,15,0
40136,5,30.000000000000007,-84.375,21,0
40137,5,30.000000000000007,-73.12500000000006,25,0
40138,5,30.000000000000007,-61.875,16,0
40139,5,30.000000000000007,-50.625,16,0
40140,5,30.000000000000007,-39.375,14,0
40141,5,30.000000000000007,-28.125,18,0
40142,5,30.000000000000007,-16.875,18,0
40143,5,30.000000000000007,-5.625,15,0
40144,5,24.62431835216408,0.0,20,0
40145,5,24.62431835216408,11.25,20,0
40146,5,24.62431835216408,22.5,22,0
40147,5,24.62431835216408,33.75,17,0
40148,5,24.62431835216408,45.0,11,0
40149,5,24.62431835216408,56.25,9,0
40150,5,24.62431835216408,67.5,25,0
40151,5,24.62431835216408,78.75,17,0
40152,5,24.62431835216408,90.0,23,0
40153,5,24.62431835216408,101.25,17,0
40154,5,24.62431835216408,112.5,15,0
40155,5,24.62431835216408,123.75,20,0
40156,5,24.62431835216408,135.0,18,0
40157,5,24.62431835216408,146.25,22,0
40158,5,24.62431835216408,157.5,20,0
40159,5,24.62431835216408,168.75,13,0
40160,5,24.62431835216408,-180.0,18,0
40161,5,24.62431835216408,-168.75,15,0
40162,5,24.62431835216408,-157.5,11,0
40163,5,24.62431835216408,-146.25,17,0
40164,5,24.62431835216408,-135.0,15,0
40165,5,24.62431835216408,-123.75,17,0
40166,5,24.62431835216408,-112.5,18,0
40167,5,24.62431835216408,-101.25,19,0
40168,5,24.62431835216408,-90.0,18,0
40169,5,24.62431835216408,-78.75000000000006,13,0
40170,5,24.62431835216408,-67.5,22,0
40171,5,24.62431835216408,-56.25,21,0
40172,5,24.62431835216408,-45.0,10,0
40173,5,24.62431835216408,-33.75000000000006,14,0
40174,5,24.62431835216408,-22.5,12,0
40175,5,24.62431835216408,-11.25,18,0
40176,5,19.47122063449069,5.625,15,0
40177,5,19.47122063449069,16.875,21,0
40178,5,19.47122063449069,28.125,16,0
40179,5,19.47122063449069,39.375,9,0
40180,5,19.47122063449069,50.625,19,0
40181,5,19.47122063449069,61.875,19,0
40182,5,19.47122063449069,73.125,14,0
40183,5,19.47122063449069,84.375,13,0
40184,5,19.47122063449069,95.625,19,0
40185,5,19.47122063449069,106.875,17,0
40186,5,19.47122063449069,118.125,14,0
40187,5,19.47122063449069,129.375,20,0
40188,5,19.47122063449069,140.625,21,0
40189,5,19.47122063449069,151.875,25,0
40190,5,19.47122063449069,163.125,22,0
40191,5,19.47122063449069,174.375,14,0
40192,5,19.47122063449069,-174.375,20,0
40193,5,19.47122063449069,-163.125,14,0
40194,5,19.47122063449069,-151.875,6,0
40195,5,19.47122063449069,-140.625,22,0
40196,5,19.47122063449069,-129.37500000000006,17,0
40197,5,19.47122063449069,-118.125,16,0
40198,5,19.47122063449069,-106.875,22,0
40199,5,19.47122063449069,-95.625,20,0
40200,5,19.47122063449069,-84.375,12,0
40201,5,19.47122063449069,-73.12500000000006,16,0
40202,5,19.47122063449069,-61.875,21,0
40203,5,19.47122063449069,-50.625,15,0
40204,5,19.47122063449069,-39.375,12,0
40205,5,19.47122063449069,-28.125,17,0
40206,5,19.47122063449069,-16.875,10,0
40207,5,19.47122063449069,-5.625,31,0
40208,5,14.477512185929925,0.0,27,0
40209,5,14.477512185929925,11.25,20,0
40210,5,14.477512185929925,22.5,12,0
40211,5,14.477512185929925,33.75,20,0
40212,5,14.477512185929925,45.0,20,0
40213,5,14.477512185929925,56.25,23,0
40214,5,14.477512185929925,67.5,17,0
40215,5,14.477512185929925,78.75,13,0
40216,5,14.477512185929925,90.0,13,0
40217,5,14.477512185929925,101.25,19,0
40218,5,14.477512185929925,112.5,14,0
40219,5,14.477512185929925,123.75,19,0
40220,5,14.477512185929925,135.0,19,0
40221,5,14.477512185929925,146.25,22,0
40222,5,14.477512185929925,157.5,18,0
40223,5,14.477512185929925,168.75,13,0
40224,5,14.477512185929925,-180.0,12,0
40225,5,14.477512185929925,-168.75,22,0
40226,5,14.477512185929925,-157.5,14,0
40227,5,14.477512185929925,-146.25,12,0
40228,5,14.477512185929925,-135.0,16,0
40229,5,14.477512185929925,-123.75,22,0
40230,5,14.477512185929925,-112.5,19,0
40231,5,14.477512185929925,-101.25,11,0
40232,5,14.477512185929925,-90.0,17,0
40233,5,14.477512185929925,-78.75000000000006,7,0
40234,5,14.477512185929925,-67.5,24,0
40235,5,14.477512185929925,-56.25,17,0
40236,5,14.477512185929925,-45.0,10,0
40237,5,14.477512185929925,-33.75000000000006,17,0
40238,5,14.477512185929925,-22.5,16,0
40239,5,14.477512185929925,-11.25,19,0
40240,5,9.594068226860458,5.625,21,0
40241,5,9.594068226860458,16.875,17,0
40242,5,9.594068226860458,28.125,13,0
40243,5,9.594068226860458,39.375,19,0
40244,5,9.594068226860458,50.625,18,0
40245,5,9.594068226860458,61.875,22,0
40246,5,9.594068226860458,73.125,11,0
40247,5,9.594068226860458,84.375,15,1
40248,5,9.594068226860458,95.625,16,1
40249,5,9.594068226860458,106.875,12,0
40250,5,9.594068226860458,118.125,19,0
40251,5,9.594068226860458,129.375,17,0
40252,5,9.594068226860458,140.625,21,0
40253,5,9.594068226860458,151.875,8,0
40254,5,9.594068226860458,163.125,13,0
40255,5,9.594068226860458,174.375,8,0
40256,5,9.594068226860458,-174.375,15,0
40257,5,9.594068226860458,-163.125,16,0
40258,5,9.594068226860458,-151.875,19,1
40259,5,9.594068226860458,-140.625,17,0
40260,5,9.594068226860458,-129.37500000000006,18,0
40261,5,9.594068226860458,-118.125,21,0
40262,5,9.594068226860458,-106.875,14,0
40263,5,9.594068226860458,-95.625,21,0
40264,5,9.594068226860458,-84.375,13,0
40265,5,9.594068226860458,-73.12500000000006,17,0
40266,5,9.594068226860458,-61.875,15,0
40267,5,9.594068226860458,-50.625,20,0
40268,5,9.594068226860458,-39.375,13,1
40269,5,9.594068226860458,-28.125,17,0
40270,5,9.594068226860458,-16.875,22,0
40271,5,9.594068226860458,-5.625,22,0
40272,5,4.780191847199163,0.0,19,0
40273,5,4.780191847199163,11.25,13,1
40274,5,4.780191847199163,22.5,18,3
40275,5,4.780191847199163,33.75,9,1
40276,5,4.780191847199163,45.0,16,1
40277,5,4.780191847199163,56.25,19,2
40278,5,4.780191847199163,67.5,17,3
40279,5,4.780191847199163,78.75,15,1
40280,5,4.780191847199163,90.0,16,2
40281,5,4.780191847199163,101.25,16,2
40282,5,4.780191847199163,112.5,14,0
40283,5,4.780191847199163,123.75,29,2
40284,5,4.780191847199163,135.0,17,2
40285,5,4.780191847199163,146.25,10,2
40286,5,4.780191847199163,157.5,10,1
40287,5,4.780191847199163,168.75,14,0
40288,5,4.780191847199163,-180.0,12,0
40289,5,4.780191847199163,-168.75,27,3
40290,5,4.780191847199163,-157.5,16,2
40291,5,4.780191847199163,-146.25,26,6
40292,5,4.780191847199163,-135.0,11,3
40293,5,4.780191847199163,-123.75,22,0
40294,5,4.780191847199163,-112.5,14,6
40295,5,4.780191847199163,-101.25,12,2
40296,5,4.780191847199163,-90.0,17,3
40297,5,4.780191847199163,-78.75000000000006,13,0
40298,5,4.780191847199163,-67.5,24,3
40299,5,4.780191847199163,-56.25,20,2
40300,5,4.780191847199163,-45.0,20,3
40301,5,4.780191847199163,-33.75000000000006,14,1
40302,5,4.780191847199163,-22.5,12,2
40303,5,4.780191847199163,-11.25,21,3
40304,5,0.0,5.625,14,1
40305,5,0.0,16.875,17,3
40306,5,0.0,28.125,12,2
40307,5,0.0,39.375,12,3
40308,5,0.0,50.625,17,7
40309,5,0.0,61.875,18,2
40310,5,0.0,73.125,14,2
40311,5,0.0,84.375,21,3
40312,5,0.0,95.625,14,2
40313,5,0.0,106.875,19,2
40314,5,0.0,118.125,21,3
40315,5,0.0,129.375,26,5
40316,5,0.0,140.625,17,3
40317,5,0.0,151.875,13,2
40318,5,0.0,163.125,9,2
40319,5,0.0,174.375,16,0
40320,5,0.0,-174.375,13,3
40321,5,0.0,-163.125,15,3
40322,5,0.0,-151.875,21,5
40323,5,0.0,-140.625,21,2
40324,5,0.0,-129.37500000000006,14,3
40325,5,0.0,-118.125,19,5
40326,5,0.0,-106.875,12,6
40327,5,0.0,-95.625,20,6
40328,5,0.0,-84.375,15,4
40329,5,0.0,-73.12500000000006,12,2
40330,5,0.0,-61.875,23,6
40331,5,0.0,-50.625,21,4
40332,5,0.0,-39.375,17,1
40333,5,0.0,-28.125,22,2
40334,5,0.0,-16.875,12,1
40335,5,0.0,-5.625,15,3
40336,5,-4.780191847199163,0.0,14,3
40337,5,-4.780191847199163,11.25,22,1
40338,5,-4.780191847199163,22.5,14,0
40339,5,-4.780191847199163,33.75,11,3
40340,5,-4.780191847199163,45.0,16,3
40341,5,-4.780191847199163,56.25,18,2
40342,5,-4.780191847199163,67.5,17,1
40343,5,-4.780191847199163,78.75,18,2
40344,5,-4.780191847199163,90.0,17,0
40345,5,-4.780191847199163,101.25,19,2
40346,5,-4.780191847199163,112.5,14,3
40347,5,-4.780191847199163,123.75,20,3
40348,5,-4.780191847199163,135.0,24,2
40349,5,-4.780191847199163,146.25,21,2
40350,5,-4.780191847199163,157.5,15,0
40351,5,-4.780191847199163,168.75,18,3
40352,5,-4.780191847199163,-180.0,10,0
40353,5,-4.780191847199163,-168.75,19,3
40354,5,-4.780191847199163,-157.5,12,2
40355,5,-4.780191847199163,-146.25,21,2
40356,5,-4.780191847199163,-135.0,12,1
40357,5,-4.780191847199163,-123.75,14,2
40358,5,-4.780191847199163,-112.5,14,2
40359,5,-4.780191847199163,-101.25,12,5
40360,5,-4.780191847199163,-90.0,25,2
40361,5,-4.780191847199163,-78.75000000000006,16,0
40362,5,-4.780191847199163,-67.5,22,3
40363,5,-4.780191847199163,-56.25,15,3
40364,5,-4.780191847199163,-45.0,21,2
40365,5,-4.780191847199163,-33.75000000000006,18,0
40366,5,-4.780191847199163,-22.5,22,0
40367,5,-4.780191847199163,-11.25,18,1
40368,5,-9.594068226860458,5.625,22,0
40369,5,-9.594068226860458,16.875,12,0
40370,5,-9.594068226860458,28.125,18,0
40371,5,-9.594068226860458,39.375,23,0
40372,5,-9.594068226860458,50.625,12,0
40373,5,-9.594068226860458,61.875,14,0
40374,5,-9.594068226860458,73.125,10,0
40375,5,-9.594068226860458,84.375,11,0
40376,5,-9.594068226860458,95.625,13,0
40377,5,-9.594068226860458,106.875,17,1
40378,5,-9.594068226860458,118.125,16,0
40379,5,-9.594068226860458,129.375,11,0
40380,5,-9.594068226860458,140.625,20,0
40381,5,-9.594068226860458,151.875,17,0
40382,5,-9.594068226860458,163.125,19,0
40383,5,-9.594068226860458,174.375,16,0
40384,5,-9.594068226860458,-174.375,14,0
40385,5,-9.594068226860458,-163.125,15,0
40386,5,-9.594068226860458,-151.875,16,1
40387,5,-9.594068226860458,-140.625,16,0
40388,5,-9.594068226860458,-129.37500000000006,10,1
40389,5,-9.594068226860458,-118.125,16,0
40390,5,-9.594068226860458,-106.875,16,0
40391,5,-9.594068226860458,-95.625,23,0
40392,5,-9.594068226860458,-84.375,17,1
40393,5,-9.594068226860458,-73.12500000000006,18,0
40394,5,-9.594068226860458,-61.875,16,0
40395,5,-9.594068226860458,-50.625,9,0
40396,5,-9.594068226860458,-39.375,25,0
40397,5,-9.594068226860458,-28.125,14,0
40398,5,-9.594068226860458,-16.875,14,0
40399,5,-9.594068226860458,-5.625,15,0
40400,5,-14.477512185929925,0.0,15,0
40401,5,-14.477512185929925,11.25,16,0
40402,5,-14.477512185929925,22.5,18,0
40403,5,-14.477512185929925,33.75,15,0
40404,5,-14.477512185929925,45.0,15,0
40405,5,-14.477512185929925,56.25,19,0
40406,5,-14.477512185929925,67.5,14,0
40407,5,-14.477512185929925,78.75,11,0
40408,5,-14.477512185929925,90.0,23,0
40409,5,-14.477512185929925,101.25,14,0
40410,5,-14.477512185929925,112.5,12,0
40411,5,-14.477512185929925,123.75,17,0
40412,5,-14.477512185929925,135.0,19,0
40413,5,-14.477512185929925,146.25,20,0
40414,5,-14.477512185929925,157.5,17,0
40415,5,-14.477512185929925,168.75,17,0
40416,5,-14.477512185929925,-180.0,16,0
40417,5,-14.477512185929925,-168.75,19,0
40418,5,-14.477512185929925,-157.5,20,1
40419,5,-14.477512185929925,-146.25,12,0
40420,5,-14.477512185929925,-135.0,14,0
40421,5,-14.477512185929925,-123.75,14,1
40422,5,-14.477512185929925,-112.5,15,0
40423,5,-14.477512185929925,-101.25,28,0
40424,5,-14.477512185929925,-90.0,16,1
40425,5,-14.477512185929925,-78.75000000000006,7,0
40426,5,-14.477512185929925,-67.5,20,0
40427,5,-14.477512185929925,-56.25,16,0
40428,5,-14.477512185929925,-45.0,20,0
40429,5,-14.477512185929925,-33.75000000000006,16,0
40430,5,-14.477512185929925,-22.5,17,0
40431,5,-14.477512185929925,-11.25,19,0
40432,5,-19.47122063449069,5.625,14,0
40433,5,-19.47122063449069,16.875,16,0
40434,5,-19.47122063449069,28.125,17,0
40435,5,-19.47122063449069,39.375,12,0
40436,5,-19.47122063449069,50.625,22,0
40437,5,-19.47122063449069,61.875,16,0
40438,5,-19.47122063449069,73.125,16,0
40439,5,-19.47122063449069,84.375,17,0
40440,5,-19.47122063449069,95.625,19,0
40441,5,-19.47122063449069,106.875,9,0
40442,5,-19.47122063449069,118.125,13,0
40443,5,-19.47122063449069,129.375,17,0
40444,5,-19.47122063449069,140.625,17,0
40445,5,-19.47122063449069,151.875,18,0
40446,5,-19.47122063449069,163.125,18,0
40447,5,-19.47122063449069,174.375,19,0
40448,5,-19.47122063449069,-174.375,15,1
40449,5,-19.47122063449069,-163.125,23,0
40450,5,-19.47122063449069,-151.875,13,0
40451,5,-19.47122063449069,-140.625,19,0
40452,5,-19.47122063449069,-129.37500000000006,17,0
40453,5,-19.47122063449069,-118.125,12,0
40454,5,-19.47122063449069,-106.875,21,0
40455,5,-19.47122063449069,-95.625,20,0
40456,5,-19.47122063449069,-84.375,15,0
40457,5,-19.47122063449069,-73.12500000000006,20,0
40458,5,-19.47122063449069,-61.875,12,0
40459,5,-19.47122063449069,-50.625,19,0
40460,5,-19.47122063449069,-39.375,21,0
40461,5,-19.47122063449069,-28.125,19,0
40462,5,-19.47122063449069,-16.875,16,0
40463,5,-19.47122063449069,-5.625,21,0
40464,5,-24.62431835216408,0.0,16,0
40465,5,-24.62431835216408,11.25,19,0
40466,5,-24.62431835216408,22.5,12,0
40467,5,-24.62431835216408,33.75,15,0
40468,5,-24.62431835216408,45.0,17,0
40469,5,-24.62431835216408,56.25,12,0
40470,5,-24.62431835216408,67.5,21,0
40471,5,-24.62431835216408,78.75,14,0
40472,5,-24.62431835216408,90.0,21,0
40473,5,-24.62431835216408,101.25,16,0
40474,5,-24.62431835216408,112.5,13,0
40475,5,-24.62431835216408,123.75,20,0
40476,5,-24.62431835216408,135.0,19,0
40477,5,-24.62431835216408,146.25,15,0
40478,5,-24.62431835216408,157.5,13,0
40479,5,-24.62431835216408,168.75,21,0
40480,5,-24.62431835216408,-180.0,14,0
40481,5,-24.62431835216408,-168.75,19,0
40482,5,-24.62431835216408,-157.5,16,0
40483,5,-24.62431835216408,-146.25,15,0
40484,5,-24.62431835216408,-135.0,17,0
40485,5,-24.62431835216408,-123.75,13,0
40486,5,-24.62431835216408,-112.5,13,0
40487,5,-24.62431835216408,-101.25,13,0
40488,5,-24.62431835216408,-90.0,22,0
40489,5,-24.62431835216408,-78.75000000000006,16,0
40490,5,-24.62431835216408,-67.5,15,0
40491,5,-24.62431835216408,-56.25,18,0
40492,5,-24.62431835216408,-45.0,21,0
40493,5,-24.62431835216408,-33.75000000000006,22,0
40494,5,-24.62431835216408,-22.5,21,0
40495,5,-24.62431835216408,-11.25,18,0
40496,5,-30.000000000000014,5.625,20,0
40497,5,-30.000000000000014,16.875,20,0
40498,5,-30.000000000000014,28.125,15,0
40499,5,-30.000000000000014,39.375,15,0
40500,5,-30.000000000000014,50.625,11,0
40501,5,-30.000000000000014,61.875,16,0
40502,5,-30.000000000000014,73.125,16,0
40503,5,-30.000000000000014,84.375,22,0
40504,5,-30.000000000000014,95.625,15,0
40505,5,-30.000000000000014,106.875,12,0
40506,5,-30.000000000000014,118.125,18,0
40507,5,-30.000000000000014,129.375,14,0
40508,5,-30.000000000000014,140.625,14,0
40509,5,-30.000000000000014,151.875,11,0
40510,5,-30.000000000000014,163.125,23,0
40511,5,-30.000000000000014,174.375,15,0
40512,5,-30.000000000000014,-174.375,20,0
40513,5,-30.000000000000014,-163.125,22,0
40514,5,-30.000000000000014,-151.875,18,0
40515,5,-30.000000000000014,-140.625,16,0
40516,5,-30.000000000000014,-129.37500000000006,14,0
40517,5,-30.000000000000014,-118.125,10,0
40518,5,-30.000000000000014,-106.875,10,0
40519,5,-30.000000000000014,-95.625,13,0
40520,5,-30.000000000000014,-84.375,19,0
40521,5,-30.000000000000014,-73.12500000000006,19,0
40522,5,-30.000000000000014,-61.875,16,0
40523,5,-30.000000000000014,-50.625,14,0
40524,5,-30.000000000000014,-39.375,23,0
40525,5,-30.000000000000014,-28.125,18,0
40526,5,-30.000000000000014,-16.875,24,0
40527,5,-30.000000000000014,-5.625,13,0
40528,5,-35.68533471265205,0.0,14,0
40529,5,-35.68533471265205,11.25,24,0
40530,5,-35.68533471265205,22.5,14,0
40531,5,-35.68533471265205,33.75,18,0
40532,5,-35.68533471265205,45.0,17,0
40533,5,-35.68533471265205,56.25,14,0
40534,5,-35.68533471265205,67.5,12,0
40535,5,-35.68533471265205,78.75,10,0
40536,5,-35.68533471265205,90.0,25,0
40537,5,-35.68533471265205,101.25,15,0
40538,5,-35.68533471265205,112.5,13,0
40539,5,-35.68533471265205,123.75,12,0
40540,5,-35.68533471265205,135.0,11,0
40541,5,-35.68533471265205,146.25,20,0
40542,5,-35.68533471265205,157.5,14,0
40543,5,-35.68533471265205,168.75,10,0
40544,5,-35.68533471265205,-180.0,11,0
40545,5,-35.68533471265205,-168.75,17,0
40546,5,-35.68533471265205,-157.5,22,0
40547,5,-35.68533471265205,-146.25,14,0
40548,5,-35.68533471265205,-135.0,11,0
40549,5,-35.68533471265205,-123.75,14,0
40550,5,-35.68533471265205,-112.5,16,0
40551,5,-35.68533471265205,-101.25,16,0
40552,5,-35.68533471265205,-90.0,13,0
40553,5,-35.68533471265205,-78.75000000000006,21,0
40554,5,-35.68533471265205,-67.5,11,0
40555,5,-35.68533471265205,-56.25,11,0
40556,5,-35.68533471265205,-45.0,24,0
40557,5,-35.68533471265205,-33.75000000000006,13,0
40558,5,-35.68533471265205,-22.5,19,0
40559,5,-35.68533471265205,-11.25,23,0
40560,5,-41.81031489577862,5.625,21,0
40561,5,-41.81031489577862,16.875,16,0
40562,5,-41.81031489577862,28.125,21,0
40563,5,-41.81031489577862,39.375,18,0
40564,5,-41.81031489577862,50.625,17,0
40565,5,-41.81031489577862,61.875,17,0
40566,5,-41.81031489577862,73.125,14,0
40567,5,-41.81031489577862,84.375,16,0
40568,5,-41.81031489577862,95.625,24,0
40569,5,-41.81031489577862,106.875,16,0
40570,5,-41.81031489577862,118.125,12,0
40571,5,-41.81031489577862,129.375,12,0
40572,5,-41.81031489577862,140.625,19,0
40573,5,-41.81031489577862,151.875,14,0
40574,5,-41.81031489577862,163.125,17,0
40575,5,-41.81031489577862,174.375,13,0
40576,5,-41.81031489577862,-174.375,18,0
40577,5,-41.81031489577862,-163.125,20,0
40578,5,-41.81031489577862,-151.875,15,0
40579,5,-41.81031489577862,-140.625,9,0
40580,5,-41.81031489577862,-129.37500000000006,15,0
40581,5,-41.81031489577862,-118.125,18,0
40582,5,-41.81031489577862,-106.875,20,0
40583,5,-41.81031489577862,-95.625,21,0
40584,5,-41.81031489577862,-84.375,16,0
40585,5,-41.81031489577862,-73.12500000000006,13,0
40586,5,-41.81031489577862,-61.875,10,0
40587,5,-41.81031489577862,-50.625,15,0
40588,5,-41.81031489577862,-39.375,13,0
40589,5,-41.81031489577862,-28.125,16,0
40590,5,-41.81031489577862,-16.875,19,0
40591,5,-41.81031489577862,-5.625,13,0
40592,5,-48.1412077943603,6.428571428571416,19,0
40593,5,-48.1412077943603,19.285714285714278,17,0
40594,5,-48.1412077943603,32.14285714285714,19,0
40595,5,-48.1412077943603,45.0,15,0
40596,5,-48.1412077943603,57.85714285714286,14,0
40597,5,-48.1412077943603,70.71428571428572,17,0
40598,5,-48.1412077943603,83.57142857142856,24,0
40599,5,-48.1412077943603,96.42857142857144,16,0
40600,5,-48.1412077943603,109.28571428571428,18,0
40601,5,-48.1412077943603,122.14285714285711,15,0
40602,5,-48.1412077943603,135.0,19,0
40603,5,-48.1412077943603,147.8571428571429,24,0
40604,5,-48.1412077943603,160.71428571428572,18,0
40605,5,-48.1412077943603,173.57142857142856,18,0
40606,5,-48.1412077943603,-173.57142857142856,12,0
40607,5,-48.1412077943603,-160.71428571428572,14,0
40608,5,-48.1412077943603,-147.8571428571429,14,0
40609,5,-48.1412077943603,-135.0,16,0
40610,5,-48.1412077943603,-122.14285714285711,14,0
40611,5,-48.1412077943603,-109.28571428571428,22,0
40612,5,-48.1412077943603,-96.42857142857144,18,0
40613,5,-48.1412077943603,-83.57142857142856,17,0
40614,5,-48.1412077943603,-70.71428571428572,13,0
40615,5,-48.1412077943603,-57.85714285714283,19,0
40616,5,-48.1412077943603,-45.0,17,0
40617,5,-48.1412077943603,-32.14285714285717,18,0
40618,5,-48.1412077943603,-19.28571428571422,21,0
40619,5,-48.1412077943603,-6.428571428571445,15,0
40620,5,-54.340912303861245,7.5,24,0
40621,5,-54.340912303861245,22.5,8,0
40622,5,-54.340912303861245,37.5,26,0
40623,5,-54.340912303861245,52.5,23,0
40624,5,-54.340912303861245,67.5,16,0
40625,5,-54.340912303861245,82.5,16,0
40626,5,-54.340912303861245,97.5,19,0
40627,5,-54.340912303861245,112.5,20,0
40628,5,-54.340912303861245,127.5,25,0
40629,5,-54.340912303861245,142.5,28,0
40630,5,-54.340912303861245,157.5,22,0
40631,5,-54.340912303861245,172.5,9,0
40632,5,-54.340912303861245,-172.5,9,0
40633,5,-54.340912303861245,-157.5,19,0
40634,5,-54.340912303861245,-142.5,18,0
40635,5,-54.340912303861245,-127.5,14,0
40636,5,-54.340912303861245,-112.5,17,0
40637,5,-54.340912303861245,-97.5,17,0
40638,5,-54.340912303861245,-82.5,10,0
40639,5,-54.340912303861245,-67.5,13,0
40640,5,-54.340912303861245,-52.50000000000006,16,0
40641,5,-54.340912303861245,-37.5,14,0
40642,5,-54.340912303861245,-22.5,23,0
40643,5,-54.340912303861245,-7.5,23,0
40644,5,-60.4344388449523,9.0,16,0
40645,5,-60.4344388449523,27.0,22,0
40646,5,-60.4344388449523,45.0,21,0
40647,5,-60.4344388449523,63.0,16,0
40648,5,-60.4344388449523,81.0,21,0
40649,5,-60.4344388449523,99.0,17,0
40650,5,-60.4344388449523,117.0,18,0
40651,5,-60.4344388449523,135.0,20,0
40652,5,-60.4344388449523,153.0,15,0
40653,5,-60.4344388449523,171.0,13,0
40654,5,-60.4344388449523,-171.0,16,0
40655,5,-60.4344388449523,-153.0,14,0
40656,5,-60.4344388449523,-135.0,12,0
40657,5,-60.4344388449523,-117.0,9,0
40658,5,-60.4344388449523,-99.0,21,0
40659,5,-60.4344388449523,-81.0,16,0
40660,5,-60.4344388449523,-63.0,10,0
40661,5,-60.4344388449523,-45.0,13,0
40662,5,-60.4344388449523,-27.0,16,0
40663,5,-60.4344388449523,-9.0,15,0
40664,5,-66.44353569089876,11.25,11,0
40665,5,-66.44353569089876,33.75,28,0
40666,5,-66.44353569089876,56.25,19,0
40667,5,-66.44353569089876,78.75,16,0
40668,5,-66.44353569089876,101.25,9,0
40669,5,-66.44353569089876,123.75,17,0
40670,5,-66.44353569089876,146.25,13,0
40671,5,-66.44353569089876,168.75,18,0
40672,5,-66.44353569089876,-168.75,14,0
40673,5,-66.44353569089876,-146.25,16,0
40674,5,-66.44353569089876,-123.75,10,0
40675,5,-66.44353569089876,-101.25,26,0
40676,5,-66.44353569089876,-78.75,19,0
40677,5,-66.44353569089876,-56.25,15,0
40678,5,-66.44353569089876,-33.75,16,0
40679,5,-66.44353569089876,-11.25,12,0
40680,5,-72.38756092964962,15.0,24,0
40681,5,-72.38756092964962,45.0,21,0
40682,5,-72.38756092964962,75.0,11,0
40683,5,-72.38756092964962,105.0,14,0
40684,5,-72.38756092964962,135.0,16,0
40685,5,-72.38756092964962,165.0,15,0
40686,5,-72.38756092964962,-165.0,15,0
40687,5,-72.38756092964962,-135.0,16,0
40688,5,-72.38756092964962,-105.0,20,0
40689,5,-72.38756092964962,-75.0,26,0
40690,5,-72.38756092964962,-45.0,20,0
40691,5,-72.38756092964962,-15.0,12,0
40692,5,-78.28414760510762,22.5,20,0
40693,5,-78.28414760510762,67.5,15,0
40694,5,-78.28414760510762,112.5,11,0
40695,5,-78.28414760510762,157.5,21,0
40696,5,-78.28414760510762,-157.5,19,0
40697,5,-78.28414760510762,-112.5,14,0
40698,5,-78.28414760510762,-67.5,28,0
40699,5,-78.28414760510762,-22.5,19,0
40700,5,-84.14973293629666,45.0,17,0
40701,5,-84.14973293629666,135.0,16,0
40702,5,-84.14973293629666,-135.0,14,0
40703,5,-84.14973293629666,-45.0,17,0
40704,5,84.14973293629666,45.0,21,0
40705,5,84.14973293629666,135.0,17,0
40706,5,84.14973293629666,-135.0,16,0
40707,5,84.14973293629666,-45.0,20,0
40708,5,78.28414760510762,22.5,24,0
40709,5,78.28414760510762,67.5,12,0
40710,5,78.28414760510762,112.5,14,0
40711,5,78.28414760510762,157.5,10,0
40712,5,78.28414760510762,-157.5,19,0
40713,5,78.28414760510762,-112.5,13,0
40714,5,78.28414760510762,-67.5,15,0
40715,5,78.28414760510762,-22.5,19,0
40716,5,72.38756092964962,15.0,17,0
40717,5,72.38756092964962,45.0,16,0
40718,5,72.38756092964962,75.0,15,0
40719,5,72.38756092964962,105.0,19,0
40720,5,72.38756092964962,135.0,16,0
40721,5,72.38756092964962,165.0,14,0
40722,5,72.38756092964962,-165.0,20,0
40723,5,72.38756092964962,-135.0,14,0
40724,5,72.38756092964962,-105.0,19,0
40725,5,72.38756092964962,-75.0,19,0
40726,5,72.38756092964962,-45.0,14,0
40727,5,72.38756092964962,-15.0,20,0
40728,5,66.44353569089877,11.25,15,0
40729,5,66.44353569089877,33.75,21,0
40730,5,66.44353569089877,56.25,14,0
40731,5,66.44353569089877,78.75,15,0
40732,5,66.44353569089877,101.25,22,0
40733,5,66.44353569089877,123.75,22,0
40734,5,66.44353569089877,146.25,22,0
40735,5,66.44353569089877,168.75,15,0
40736,5,66.44353569089877,-168.75,17,0
40737,5,66.44353569089877,-146.25,14,0
40738,5,66.44353569089877,-123.75,13,0
40739,5,66.44353569089877,-101.25,17,1
40740,5,66.44353569089877,-78.75,16,0
40741,5,66.44353569089877,-56.25,18,0
40742,5,66.44353569089877,-33.75,27,0
40743,5,66.44353569089877,-11.25,16,0
40744,5,60.43443884495228,9.0,15,0
40745,5,60.43443884495228,27.0,19,0
40746,5,60.43443884495228,45.0,16,0
40747,5,60.43443884495228,63.0,12,0
40748,5,60.43443884495228,81.0,17,0
40749,5,60.43443884495228,99.0,18,0
40750,5,60.43443884495228,117.0,11,0
40751,5,60.43443884495228,135.0,13,0
40752,5,60.43443884495228,153.0,20,0
40753,5,60.43443884495228,171.0,16,0
40754,5,60.43443884495228,-171.0,14,0
40755,5,60.43443884495228,-153.0,13,0
40756,5,60.43443884495228,-135.0,10,0
40757,5,60.43443884495228,-117.0,17,0
40758,5,60.43443884495228,-99.0,16,0
40759,5,60.43443884495228,-81.0,16,0
40760,5,60.43443884495228,-63.0,17,0
40761,5,60.43443884495228,-45.0,22,0
40762,5,60.43443884495228,-27.0,14,0
40763,5,60.43443884495228,-9.0,10,0
40764,5,54.340912303861245,7.5,15,0
40765,5,54.340912303861245,22.5,14,0
40766,5,54.340912303861245,37.5,17,0
40767,5,54.340912303861245,52.5,21,0
40768,5,54.340912303861245,67.5,16,0
40769,5,54.340912303861245,82.5,18,0
40770,5,54.340912303861245,97.5,15,0
40771,5,54.340912303861245,112.5,17,0
40772,5,54.340912303861245,127.5,12,0
40773,5,54.340912303861245,142.5,20,0
40774,5,54.340912303861245,157.5,17,0
40775,5,54.340912303861245,172.5,24,0
40776,5,54.340912303861245,-172.5,17,0
40777,5,54.340912303861245,-157.5,10,0
40778,5,54.340912303861245,-142.5,12,0
40779,5,54.340912303861245,-127.5,20,0
40780,5,54.340912303861245,-112.5,22,0
40781,5,54.340912303861245,-97.5,12,0
40782,5,54.340912303861245,-82.5,18,0
40783,5,54.340912303861245,-67.5,17,0
40784,5,54.340912303861245,-52.50000000000006,14,0
40785,5,54.340912303861245,-37.5,9,0
40786,5,54.340912303861245,-22.5,19,0
40787,5,54.340912303861245,-7.5,12,0
40788,5,48.141207794360284,6.428571428571416,14,0
40789,5,48.141207794360284,19.285714285714278,14,0
40790,5,48.141207794360284,32.14285714285714,19,0
40791,5,48.141207794360284,45.0,21,0
40792,5,48.141207794360284,57.85714285714286,15,0
40793,5,48.141207794360284,70.71428571428572,16,0
40794,5,48.141207794360284,83.57142857142856,10,0
40795,5,48.141207794360284,96.42857142857144,19,0
40796,5,48.141207794360284,109.28571428571428,13,0
40797,5,48.141207794360284,122.14285714285711,22,0
40798,5,48.141207794360284,135.0,19,0
40799,5,48.141207794360284,147.8571428571429,26,0
40800,5,48.141207794360284,160.71428571428572,11,0
40801,5,48.141207794360284,173.57142857142856,23,0
40802,5,48.141207794360284,-173.57142857142856,20,0
40803,5,48.141207794360284,-160.71428571428572,15,0
40804,5,48.141207794360284,-147.8571428571429,19,0
40805,5,48.141207794360284,-135.0,18,0
40806,5,48.141207794360284,-122.14285714285711,21,0
40807,5,48.141207794360284,-109.28571428571428,14,0
40808,5,48.141207794360284,-96.42857142857144,8,0
40809,5,48.141207794360284,-83.57142857142856,16,0
40810,5,48.141207794360284,-70.71428571428572,13,0
40811,5,48.141207794360284,-57.85714285714283,16,0
40812,5,48.141207794360284,-45.0,10,0
40813,5,48.141207794360284,-32.14285714285717,17,0
40814,5,48.141207794360284,-19.28571428571422,18,0
40815,5,48.141207794360284,-6.428571428571445,15,0
40816,5,41.81031489577859,5.625,17,0
40817,5,41.81031489577859,16.875,16,0
40818,5,41.81031489577859,28.125,10,0
40819,5,41.81031489577859,39.375,23,0
40820,5,41.81031489577859,50.625,9,0
40821,5,41.81031489577859,61.875,20,0
40822,5,41.81031489577859,73.125,20,0
40823,5,41.81031489577859,84.375,16,0
40824,5,41.81031489577859,95.625,21,0
40825,5,41.81031489577859,106.875,14,0
40826,5,41.81031489577859,118.125,14,0
40827,5,41.81031489577859,129.375,22,0
40828,5,41.81031489577859,140.625,22,0
40829,5,41.81031489577859,151.875,19,0
40830,5,41.81031489577859,163.125,17,0
40831,5,41.81031489577859,174.375,15,0
40832,5,41.81031489577859,-174.375,13,0
40833,5,41.81031489577859,-163.125,13,0
40834,5,41.81031489577859,-151.875,26,0
40835,5,41.81031489577859,-140.625,24,0
40836,5,41.81031489577859,-129.37500000000006,17,0
40837,5,41.81031489577859,-118.125,20,0
40838,5,41.81031489577859,-106.875,22,0
40839,5,41.81031489577859,-95.625,12,0
40840,5,41.81031489577859,-84.375,22,0
40841,5,41.81031489577859,-73.12500000000006,20,0
40842,5,41.81031489577859,-61.875,22,0
40843,5,41.81031489577859,-50.625,14,0
40844,5,41.81031489577859,-39.375,12,0
40845,5,41.81031489577859,-28.125,10,0
40846,5,41.81031489577859,-16.875,24,0
40847,5,41.81031489577859,-5.625,16,0
40848,5,35.68533471265204,0.0,9,0
40849,5,35.68533471265204,11.25,14,0
40850,5,35.68533471265204,22.5,10,0
40851,5,35.68533471265204,33.75,18,0
40852,5,35.68533471265204,45.0,15,0
40853,5,35.68533471265204,56.25,18,0
40854,5,35.68533471265204,67.5,14,0
40855,5,35.68533471265204,78.75,15,0
40856,5,35.68533471265204,90.0,22,0
40857,5,35.68533471265204,101.25,24,0
40858,5,35.68533471265204,112.5,11,0
40859,5,35.68533471265204,123.75,10,0
40860,5,35.68533471265204,135.0,17,0
40861,5,35.68533471265204,146.25,16,0
40862,5,35.68533471265204,157.5,19,0
40863,5,35.68533471265204,168.75,16,0
40864,5,35.68533471265204,-180.0,14,0
40865,5,35.68533471265204,-168.75,9,0
40866,5,35.68533471265204,-157.5,10,0
40867,5,35.68533471265204,-146.25,18,0
40868,5,35.68533471265204,-135.0,23,0
40869,5,35.68533471265204,-123.75,11,0
40870,5,35.68533471265204,-112.5,18,0
40871,5,35.68533471265204,-101.25,19,0
40872,5,35.68533471265204,-90.0,14,0
40873,5,35.68533471265204,-78.75000000000006,23,0
40874,5,35.68533471265204,-67.5,17,0
40875,5,35.68533471265204,-56.25,14,0
40876,5,35.68533471265204,-45.0,16,0
40877,5,35.68533471265204,-33.75000000000006,12,0
40878,5,35.68533471265204,-22.5,19,0
40879,5,35.68533471265204,-11.25,24,0
40880,5,30.000000000000007,5.625,21,0
40881,5,30.000000000000007,16.875,15,0
40882,5,30.000000000000007,28.125,17,0
40883,5,30.000000000000007,39.375,18,0
40884,5,30.000000000000007,50.625,15,0
40885,5,30.000000000000007,61.875,21,0
40886,5,30.000000000000007,73.125,22,0
40887,5,30.000000000000007,84.375,15,0
40888,5,30.000000000000007,95.625,16,0
40889,5,30.000000000000007,106.875,23,0
40890,5,30.000000000000007,118.125,11,0
40891,5,30.000000000000007,129.375,20,0
40892,5,30.000000000000007,140.625,16,0
40893,5,30.000000000000007,151.875,16,0
40894,5,30.000000000000007,163.125,20,0
40895,5,30.000000000000007,174.375,14,0
40896,5,30.000000000000007,-174.375,14,0
40897,5,30.000000000000007,-163.125,15,0
40898,5,30.000000000000007,-151.875,14,0
40899,5,30.000000000000007,-140.625,11,0
40900,5,30.000000000000007,-129.37500000000006,15,0
40901,5,30.000000000000007,-118.125,13,0
40902,5,30.000000000000007,-106.875,17,0
40903,5,30.000000000000007,-95.625,15,0
40904,5,30.000000000000007,-84.375,21,0
40905,5,30.000000000000007,-73.12500000000006,25,0
40906,5,30.000000000000007,-61.875,16,0
40907,5,30.000000000000007,-50.625,16,0
40908,5,30.000000000000007,-39.375,14,0
40909,5,30.000000000000007,-28.125,18,0
40910,5,30.000000000000007,-16.875,18,0
40911,5,30.000000000000007,-5.625,15,0
40912,5,24.62431835216408,0.0,20,0
40913,5,24.62431835216408,11.25,20,0
40914,5,24.62431835216408,22.5,22,0
40915,5,24.62431835216408,33.75,17,0
40916,5,24.62431835216408,45.0,11,0
40917,5,24.62431835216408,56.25,9,0
40918,5,24.62431835216408,67.5,25,0
40919,5,24.62431835216408,78.75,17,0
40920,5,24.62431835216408,90.0,23,0
40921,5,24.62431835216408,101.25,17,0
40922,5,24.62431835216408,112.5,15,0
40923,5,24.62431835216408,123.75,20,0
40924,5,24.62431835216408,135.0,18,0
40925,5,24.62431835216408,146.25,22,0
40926,5,24.62431835216408,157.5,20,0
40927,5,24.62431835216408,168.75,13,0
40928,5,24.62431835216408,-180.0,18,0
40929,5,24.62431835216408,-168.75,15,0
40930,5,24.62431835216408,-157.5,11,0
40931,5,24.62431835216408,-146.25,17,0
40932,5,24.62431835216408,-135.0,15,0
40933,5,24.62431835216408,-123.75,17,0
40934,5,24.62431835216408,-112.5,18,0
40935,5,24.62431835216408,-101.25,19,0
40936,5,24.62431835216408,-90.0,18,0
40937,5,24.62431835216408,-78.75000000000006,13,0
40938,5,24.62431835216408,-67.5,22,0
40939,5,24.62431835216408,-56.25,21,0
40940,5,24.62431835216408,-45.0,10,0
40941,5,24.62431835216408,-33.75000000000006,14,0
40942,5,24.62431835216408,-22.5,12,0
40943,5,24.62431835216408,-11.25,18,0
40944,5,19.47122063449069,5.625,15,0
40945,5,19.47122063449069,16.875,21,0
40946,5,19.47122063449069,28.125,16,0
40947,5,19.47122063449069,39.375,9,0
40948,5,19.47122063449069,50.625,19,0
40949,5,19.47122063449069,61.875,19,0
40950,5,19.47122063449069,73.125,14,0
40951,5,19.47122063449069,84.375,13,0
40952,5,19.47122063449069,95.625,19,0
40953,5,19.47122063449069,106.875,17,0
40954,5,19.47122063449069,118.125,14,0
40955,5,19.47122063449069,129.375,20,0
40956,5,19.47122063449069,140.625,21,0
40957,5,19.47122063449069,151.875,25,0
40958,5,19.47122063449069,163.125,22,0
40959,5,19.47122063449069,174.375,14,0
40960,5,19.47122063449069,-174.375,20,0
40961,5,19.47122063449069,-163.125,14,0
40962,5,19.47122063449069,-151.875,6,0
40963,5,19.47122063449069,-140.625,22,0
40964,5,19.47122063449069,-129.37500000000006,17,0
40965,5,19.47122063449069,-118.125,16,0
40966,5,19.47122063449069,-106.875,22,0
40967,5,19.47122063449069,-95.625,20,0
40968,5,19.47122063449069,-84.375,12,0
40969,5,19.47122063449069,-73.12500000000006,16,0
40970,5,19.47122063449069,-61.875,21,0
40971,5,19.47122063449069,-50.625,15,0
40972,5,19.47122063449069,-39.375,12,0
40973,5,19.47122063449069,-28.125,17,0
40974,5,19.47122063449069,-16.875,10,0
40975,5,19.47122063449069,-5.625,31,0
40976,5,14.477512185929925,0.0,27,0
40977,5,14.477512185929925,11.25,20,0
40978,5,14.477512185929925,22.5,12,0
40979,5,14.477512185929925,33.75,20,0
40980,5,14.477512185929925,45.0,20,0
40981,5,14.477512185929925,56.25,23,0
40982,5,14.477512185929925,67.5,17,0
40983,5,14.477512185929925,78.75,13,0
40984,5,14.477512185929925,90.0,13,0
40985,5,14.477512185929925,101.25,19,0
40986,5,14.477512185929925,112.5,14,0
40987,5,14.477512185929925,123.75,19,0
40988,5,14.477512185929925,135.0,19,0
40989,5,14.477512185929925,146.25,22,0
40990,5,14.477512185929925,157.5,18,0
40991,5,14.477512185929925,168.75,13,0
40992,5,14.477512185929925,-180.0,12,0
40993,5,14.477512185929925,-168.75,22,0
40994,5,14.477512185929925,-157.5,14,0
40995,5,14.477512185929925,-146.25,12,0
40996,5,14.477512185929925,-135.0,16,0
40997,5,14.477512185929925,-123.75,22,0
40998,5,14.477512185929925,-112.5,19,0
40999,5,14.477512185929925,-101.25,11,0
41000,5,14.477512185929925,-90.0,17,0
41001,5,14.477512185929925,-78.75000000000006,7,0
41002,5,14.477512185929925,-67.5,24,0
41003,5,14.477512185929925,-56.25,17,0
41004,5,14.477512185929925,-45.0,10,0
41005,5,14.477512185929925,-33.75000000000006,17,0
41006,5,14.477512185929925,-22.5,16,0
41007,5,14.477512185929925,-11.25,19,0
41008,5,9.594068226860458,5.625,21,0
41009,5,9.594068226860458,16.875,17,0
41010,5,9.594068226860458,28.125,13,0
41011,5,9.594068226860458,39.375,19,0
41012,5,9.594068226860458,50.625,18,0
41013,5,9.594068226860458,61.875,22,0
41014,5,9.594068226860458,73.125,11,0
41015,5,9.594068226860458,84.375,15,1
41016,5,9.594068226860458,95.625,16,1
41017,5,9.594068226860458,106.875,12,0
41018,5,9.594068226860458,118.125,19,0
41019,5,9.594068226860458,129.375,17,0
41020,5,9.594068226860458,140.625,21,0
41021,5,9.594068226860458,151.875,8,0
41022,5,9.594068226860458,163.125,13,0
41023,5,9.594068226860458,174.375,8,0
41024,5,9.594068226860458,-174.375,15,0
41025,5,9.594068226860458,-163.125,16,0
41026,5,9.594068226860458,-151.875,19,1
41027,5,9.594068226860458,-140.625,17,0
41028,5,9.594068226860458,-129.37500000000006,18,0
41029,5,9.594068226860458,-118.125,21,0
41030,5,9.594068226860458,-106.875,14,0
41031,5,9.594068226860458,-95.625,21,0
41032,5,9.594068226860458,-84.375,13,0
41033,5,9.594068226860458,-73.12500000000006,17,0
41034,5,9.594068226860458,-61.875,15,0
41035,5,9.594068226860458,-50.625,20,0
41036,5,9.594068226860458,-39.375,13,1
41037,5,9.594068226860458,-28.125,17,0
41038,5,9.594068226860458,-16.875,22,0
41039,5,9.594068226860458,-5.625,22,0
41040,5,4.780191847199163,0.0,19,0
41041,5,4.780191847199163,11.25,13,1
41042,5,4.780191847199163,22.5,18,3
41043,5,4.780191847199163,33.75,9,1
41044,5,4.780191847199163,45.0,16,1
41045,5,4.780191847199163,56.25,19,2
41046,5,4.780191847199163,67.5,17,3
41047,5,4.780191847199163,78.75,15,1
41048,5,4.780191847199163,90.0,16,2
41049,5,4.780191847199163,101.25,16,2
41050,5,4.780191847199163,112.5,14,0
41051,5,4.780191847199163,123.75,29,2
41052,5,4.780191847199163,135.0,17,2
41053,5,4.780191847199163,146.25,10,2
41054,5,4.780191847199163,157.5,10,1
41055,5,4.780191847199163,168.75,14,0
41056,5,4.780191847199163,-180.0,12,0
41057,5,4.780191847199163,-168.75,27,3
41058,5,4.780191847199163,-157.5,16,2
41059,5,4.780191847199163,-146.25,26,6
41060,5,4.780191847199163,-135.0,11,3
41061,5,4.780191847199163,-123.75,22,0
41062,5,4.780191847199163,-112.5,14,6
41063,5,4.780191847199163,-101.25,12,2
41064,5,4.780191847199163,-90.0,17,3
41065,5,4.780191847199163,-78.75000000000006,13,0
41066,5,4.780191847199163,-67.5,24,3
41067,5,4.780191847199163,-56.25,20,2
41068,5,4.780191847199163,-45.0,20,3
41069,5,4.780191847199163,-33.75000000000006,14,1
41070,5,4.780191847199163,-22.5,12,2
41071,5,4.780191847199163,-11.25,21,3
41072,5,0.0,5.625,14,1
41073,5,0.0,16.875,17,3
41074,5,0.0,28.125,12,2
41075,5,0.0,39.375,12,3
41076,5,0.0,50.625,17,7
41077,5,0.0,61.875,18,2
41078,5,0.0,73.125,14,2
41079,5,0.0,84.375,21,3
41080,5,0.0,95.625,14,2
41081,5,0.0,106.875,19,2
41082,5,0.0,118.125,21,3
41083,5,0.0,129.375,26,5
41084,5,0.0,140.625,17,3
41085,5,0.0,151.875,13,2
41086,5,0.0,163.125,9,2
41087,5,0.0,174.375,16,0
41088,5,0.0,-174.375,13,3
41089,5,0.0,-163.125,15,3
41090,5,0.0,-151.875,21,5
41091,5,0.0,-140.625,21,2
41092,5,0.0,-129.37500000000006,14,3
41093,5,0.0,-118.125,19,5
41094,5,0.0,-106.875,12,6
41095,5,0.0,-95.625,20,6
41096,5,0.0,-84.375,15,4
41097,5,0.0,-73.12500000000006,12,2
41098,5,0.0,-61.875,23,6
41099,5,0.0,-50.625,21,4
41100,5,0.0,-39.375,17,1
41101,5,0.0,-28.125,22,2
41102,5,0.0,-16.875,12,1
41103,5,0.0,-5.625,15,3
41104,5,-4.780191847199163,0.0,14,3
41105,5,-4.780191847199163,11.25,22,1
41106,5,-4.780191847199163,22.5,14,0
41107,5,-4.780191847199163,33.75,11,3
41108,5,-4.780191847199163,45.0,16,3
41109,5,-4.780191847199163,56.25,18,2
41110,5,-4.780191847199163,67.5,17,1
41111,5,-4.780191847199163,78.75,18,2
41112,5,-4.780191847199163,90.0,17,0
41113,5,-4.780191847199163,101.25,19,2
41114,5,-4.780191847199163,112.5,14,3
41115,5,-4.780191847199163,123.75,20,3
41116,5,-4.780191847199163,135.0,24,2
41117,5,-4.780191847199163,146.25,21,2
41118,5,-4.780191847199163,157.5,15,0
41119,5,-4.780191847199163,168.75,18,3
41120,5,-4.780191847199163,-180.0,10,0
41121,5,-4.780191847199163,-168.75,19,3
41122,5,-4.780191847199163,-157.5,12,2
41123,5,-4.780191847199163,-146.25,21,2
41124,5,-4.780191847199163,-135.0,12,1
41125,5,-4.780191847199163,-123.75,14,2
41126,5,-4.780191847199163,-112.5,14,2
41127,5,-4.780191847199163,-101.25,12,5
41128,5,-4.780191847199163,-90.0,25,2
41129,5,-4.780191847199163,-78.75000000000006,16,0
41130,5,-4.780191847199163,-67.5,22,3
41131,5,-4.780191847199163,-56.25,15,3
41132,5,-4.780191847199163,-45.0,21,2
41133,5,-4.780191847199163,-33.75000000000006,18,0
41134,5,-4.780191847199163,-22.5,22,0
41135,5,-4.780191847199163,-11.25,18,1
41136,5,-9.594068226860458,5.625,22,0
41137,5,-9.594068226860458,16.875,12,0
41138,5,-9.594068226860458,28.125,18,0
41139,5,-9.594068226860458,39.375,23,0
41140,5,-9.594068226860458,50.625,12,0
41141,5,-9.594068226860458,61.875,14,0
41142,5,-9.594068226860458,73.125,10,0
41143,5,-9.594068226860458,84.375,11,0
41144,5,-9.594068226860458,95.625,13,0
41145,5,-9.594068226860458,106.875,17,1
41146,5,-9.594068226860458,118.125,16,0
41147,5,-9.594068226860458,129.375,11,0
41148,5,-9.594068226860458,140.625,20,0
41149,5,-9.594068226860458,151.875,17,0
41150,5,-9.594068226860458,163.125,19,0
41151,5,-9.594068226860458,174.375,16,0
41152,5,-9.594068226860458,-174.375,14,0
41153,5,-9.594068226860458,-163.125,15,0
41154,5,-9.594068226860458,-151.875,16,1
41155,5,-9.594068226860458,-140.625,16,0
41156,5,-9.594068226860458,-129.37500000000006,10,1
41157,5,-9.594068226860458,-118.125,16,0
41158,5,-9.594068226860458,-106.875,16,0
41159,5,-9.594068226860458,-95.625,23,0
41160,5,-9.594068226860458,-84.375,17,1
41161,5,-9.594068226860458,-73.12500000000006,18,0
41162,5,-9.594068226860458,-61.875,16,0
41163,5,-9.594068226860458,-50.625,9,0
41164,5,-9.594068226860458,-39.375,25,0
41165,5,-9.594068226860458,-28.125,14,0
41166,5,-9.594068226860458,-16.875,14,0
41167,5,-9.594068226860458,-5.625,15,0
41168,5,-14.477512185929925,0.0,15,0
41169,5,-14.477512185929925,11.25,16,0
41170,5,-14.477512185929925,22.5,18,0
41171,5,-14.477512185929925,33.75,15,0
41172,5,-14.477512185929925,45.0,15,0
41173,5,-14.477512185929925,56.25,19,0
41174,5,-14.477512185929925,67.5,14,0
41175,5,-14.477512185929925,78.75,11,0
41176,5,-14.477512185929925,90.0,23,0
41177,5,-14.477512185929925,101.25,14,0
41178,5,-14.477512185929925,112.5,12,0
41179,5,-14.477512185929925,123.75,17,0
41180,5,-14.477512185929925,135.0,19,0
41181,5,-14.477512185929925,146.25,20,0
41182,5,-14.477512185929925,157.5,17,0
41183,5,-14.477512185929925,168.75,17,0
41184,5,-14.477512185929925,-180.0,16,0
41185,5,-14.477512185929925,-168.75,19,0
41186,5,-14.477512185929925,-157.5,20,1
41187,5,-14.477512185929925,-146.25,12,0
41188,5,-14.477512185929925,-135.0,14,0
41189,5,-14.477512185929925,-123.75,14,1
41190,5,-14.477512185929925,-112.5,15,0
41191,5,-14.477512185929925,-101.25,28,0
41192,5,-14.477512185929925,-90.0,16,1
41193,5,-14.477512185929925,-78.75000000000006,7,0
41194,5,-14.477512185929925,-67.5,20,0
41195,5,-14.477512185929925,-56.25,16,0
41196,5,-14.477512185929925,-45.0,20,0
41197,5,-14.477512185929925,-33.75000000000006,16,0
41198,5,-14.477512185929925,-22.5,17,0
41199,5,-14.477512185929925,-11.25,19,0
41200,5,-19.47122063449069,5.625,14,0
41201,5,-19.47122063449069,16.875,16,0
41202,5,-19.47122063449069,28.125,17,0
41203,5,-19.47122063449069,39.375,12,0
41204,5,-19.47122063449069,50.625,22,0
41205,5,-19.47122063449069,61.875,16,0
41206,5,-19.47122063449069,73.125,16,0
41207,5,-19.47122063449069,84.375,17,0
41208,5,-19.47122063449069,95.625,19,0
41209,5,-19.47122063449069,106.875,9,0
41210,5,-19.47122063449069,118.125,13,0
41211,5,-19.47122063449069,129.375,17,0
41212,5,-19.47122063449069,140.625,17,0
41213,5,-19.47122063449069,151.875,18,0
41214,5,-19.47122063449069,163.125,18,0
41215,5,-19.47122063449069,174.375,19,0
41216,5,-19.47122063449069,-174.375,15,1
41217,5,-19.47122063449069,-163.125,23,0
41218,5,-19.47122063449069,-151.875,13,0
41219,5,-19.47122063449069,-140.625,19,0
41220,5,-19.47122063449069,-129.37500000000006,17,0
41221,5,-19.47122063449069,-118.125,12,0
41222,5,-19.47122063449069,-106.875,21,0
41223,5,-19.47122063449069,-95.625,20,0
41224,5,-19.47122063449069,-84.375,15,0
41225,5,-19.47122063449069,-73.12500000000006,20,0
41226,5,-19.47122063449069,-61.875,12,0
41227,5,-19.47122063449069,-50.625,19,0
41228,5,-19.47122063449069,-39.375,21,0
41229,5,-19.47122063449069,-28.125,19,0
41230,5,-19.47122063449069,-16.875,16,0
41231,5,-19.47122063449069,-5.625,21,0
41232,5,-24.62431835216408,0.0,16,0
41233,5,-24.62431835216408,11.25,19,0
41234,5,-24.62431835216408,22.5,12,0
41235,5,-24.62431835216408,33.75,15,0
41236,5,-24.62431835216408,45.0,17,0
41237,5,-24.62431835216408,56.25,12,0
41238,5,-24.62431835216408,67.5,21,0
41239,5,-24.62431835216408,78.75,14,0
41240,5,-24.62431835216408,90.0,21,0
41241,5,-24.62431835216408,101.25,16,0
41242,5,-24.62431835216408,112.5,13,0
41243,5,-24.62431835216408,123.75,20,0
41244,5,-24.62431835216408,135.0,19,0
41245,5,-24.62431835216408,146.25,15,0
41246,5,-24.62431835216408,157.5,13,0
41247,5,-24.62431835216408,168.75,21,0
41248,5,-24.62431835216408,-180.0,14,0
41249,5,-24.62431835216408,-168.75,19,0
41250,5,-24.62431835216408,-157.5,16,0
41251,5,-24.62431835216408,-146.25,15,0
41252,5,-24.62431835216408,-135.0,17,0
41253,5,-24.62431835216408,-123.75,13,0
41254,5,-24.62431835216408,-112.5,13,0
41255,5,-24.62431835216408,-101.25,13,0
41256,5,-24.62431835216408,-90.0,22,0
41257,5,-24.62431835216408,-78.75000000000006,16,0
41258,5,-24.62431835216408,-67.5,15,0
41259,5,-24.62431835216408,-56.25,18,0
41260,5,-24.62431835216408,-45.0,21,0
41261,5,-24.62431835216408,-33.75000000000006,22,0
41262,5,-24.62431835216408,-22.5,21,0
41263,5,-24.62431835216408,-11.25,18,0
41264,5,-30.000000000000014,5.625,20,0
41265,5,-30.000000000000014,16.875,20,0
41266,5,-30.000000000000014,28.125,15,0
41267,5,-30.000000000000014,39.375,15,0
41268,5,-30.000000000000014,50.625,11,0
41269,5,-30.000000000000014,61.875,16,0
41270,5,-30.000000000000014,73.125,16,0
41271,5,-30.000000000000014,84.375,22,0
41272,5,-30.000000000000014,95.625,15,0
41273,5,-30.000000000000014,106.875,12,0
41274,5,-30.000000000000014,118.125,18,0
41275,5,-30.000000000000014,129.375,14,0
41276,5,-30.000000000000014,140.625,14,0
41277,5,-30.000000000000014,151.875,11,0
41278,5,-30.000000000000014,163.125,23,0
41279,5,-30.000000000000014,174.375,15,0
41280,5,-30.000000000000014,-174.375,20,0
41281,5,-30.000000000000014,-163.125,22,0
41282,5,-30.000000000000014,-151.875,18,0
41283,5,-30.000000000000014,-140.625,16,0
41284,5,-30.000000000000014,-129.37500000000006,14,0
41285,5,-30.000000000000014,-118.125,10,0
41286,5,-30.000000000000014,-106.875,10,0
41287,5,-30.000000000000014,-95.625,13,0
41288,5,-30.000000000000014,-84.375,19,0
41289,5,-30.000000000000014,-73.12500000000006,19,0
41290,5,-30.000000000000014,-61.875,16,0
41291,5,-30.000000000000014,-50.625,14,0
41292,5,-30.000000000000014,-39.375,23,0
41293,5,-30.000000000000014,-28.125,18,0
41294,5,-30.000000000000014,-16.875,24,0
41295,5,-30.000000000000014,-5.625,13,0
41296,5,-35.68533471265205,0.0,14,0
41297,5,-35.68533471265205,11.25,24,0
41298,5,-35.68533471265205,22.5,14,0
41299,5,-35.68533471265205,33.75,18,0
41300,5,-35.68533471265205,45.0,17,0
41301,5,-35.68533471265205,56.25,14,0
41302,5,-35.68533471265205,67.5,12,0
41303,5,-35.68533471265205,78.75,10,0
41304,5,-35.68533471265205,90.0,25,0
41305,5,-35.68533471265205,101.25,15,0
41306,5,-35.68533471265205,112.5,13,0
41307,5,-35.68533471265205,123.75,12,0
41308,5,-35.68533471265205,135.0,11,0
41309,5,-35.68533471265205,146.25,20,0
41310,5,-35.68533471265205,157.5,14,0
41311,5,-35.68533471265205,168.75,10,0
41312,5,-35.68533471265205,-180.0,11,0
41313,5,-35.68533471265205,-168.75,17,0
41314,5,-35.68533471265205,-157.5,22,0
41315,5,-35.68533471265205,-146.25,14,0
41316,5,-35.68533471265205,-135.0,11,0
41317,5,-35.68533471265205,-123.75,14,0
41318,5,-35.68533471265205,-112.5,16,0
41319,5,-35.68533471265205,-101.25,16,0
41320,5,-35.68533471265205,-90.0,13,0
41321,5,-35.68533471265205,-78.75000000000006,21,0
41322,5,-35.68533471265205,-67.5,11,0
41323,5,-35.68533471265205,-56.25,11,0
41324,5,-35.68533471265205,-45.0,24,0
41325,5,-35.68533471265205,-33.75000000000006,13,0
41326,5,-35.68533471265205,-22.5,19,0
41327,5,-35.68533471265205,-11.25,23,0
41328,5,-41.81031489577862,5.625,21,0
41329,5,-41.81031489577862,16.875,16,0
41330,5,-41.81031489577862,28.125,21,0
41331,5,-41.81031489577862,39.375,18,0
41332,5,-41.81031489577862,50.625,17,0
41333,5,-41.81031489577862,61.875,17,0
41334,5,-41.81031489577862,73.125,14,0
41335,5,-41.81031489577862,84.375,16,0
41336,5,-41.81031489577862,95.625,24,0
41337,5,-41.81031489577862,106.875,16,0
41338,5,-41.81031489577862,118.125,12,0
41339,5,-41.81031489577862,129.375,12,0
41340,5,-41.81031489577862,140.625,19,0
41341,5,-41.81031489577862,151.875,14,0
41342,5,-41.81031489577862,163.125,17,0
41343,5,-41.81031489577862,174.375,13,0
41344,5,-41.81031489577862,-174.375,18,0
41345,5,-41.81031489577862,-163.125,20,0
41346,5,-41.81031489577862,-151.875,15,0
41347,5,-41.81031489577862,-140.625,9,0
41348,5,-41.81031489577862,-129.37500000000006,15,0
41349,5,-41.81031489577862,-118.125,18,0
41350,5,-41.81031489577862,-106.875,20,0
41351,5,-41.81031489577862,-95.625,21,0
41352,5,-41.81031489577862,-84.375,16,0
41353,5,-41.81031489577862,-73.12500000000006,13,0
41354,5,-41.81031489577862,-61.875,10,0
41355,5,-41.81031489577862,-50.625,15,0
41356,5,-41.81031489577862,-39.375,13,0
41357,5,-41.81031489577862,-28.125,16,0
41358,5,-41.81031489577862,-16.875,19,0
41359,5,-41.81031489577862,-5.625,13,0
41360,5,-48.1412077943603,6.428571428571416,19,0
41361,5,-48.1412077943603,19.285714285714278,17,0
41362,5,-48.1412077943603,32.14285714285714,19,0
41363,5,-48.1412077943603,45.0,15,0
41364,5,-48.1412077943603,57.85714285714286,14,0
41365,5,-48.1412077943603,70.71428571428572,17,0
41366,5,-48.1412077943603,83.57142857142856,24,0
41367,5,-48.1412077943603,96.42857142857144,16,0
41368,5,-48.1412077943603,109.28571428571428,18,0
41369,5,-48.1412077943603,122.14285714285711,15,0
41370,5,-48.1412077943603,135.0,19,0
41371,5,-48.1412077943603,147.8571428571429,24,0
41372,5,-48.1412077943603,160.71428571428572,18,0
41373,5,-48.1412077943603,173.57142857142856,18,0
41374,5,-48.1412077943603,-173.57142857142856,12,0
41375,5,-48.1412077943603,-160.71428571428572,14,0
41376,5,-48.1412077943603,-147.8571428571429,14,0
41377,5,-48.1412077943603,-135.0,16,0
41378,5,-48.1412077943603,-122.14285714285711,14,0
41379,5,-48.1412077943603,-109.28571428571428,22,0
41380,5,-48.1412077943603,-96.42857142857144,18,0
41381,5,-48.1412077943603,-83.57142857142856,17,0
41382,5,-48.1412077943603,-70.71428571428572,13,0
41383,5,-48.1412077943603,-57.85714285714283,19,0
41384,5,-48.1412077943603,-45.0,17,0
41385,5,-48.1412077943603,-32.14285714285717,18,0
41386,5,-48.1412077943603,-19.28571428571422,21,0
41387,5,-48.1412077943603,-6.428571428571445,15,0
41388,5,-54.340912303861245,7.5,24,0
41389,5,-54.340912303861245,22.5,8,0
41390,5,-54.340912303861245,37.5,26,0
41391,5,-54.340912303861245,52.5,23,0
41392,5,-54.340912303861245,67.5,16,0
41393,5,-54.340912303861245,82.5,16,0
41394,5,-54.340912303861245,97.5,19,0
41395,5,-54.340912303861245,112.5,20,0
41396,5,-54.340912303861245,127.5,25,0
41397,5,-54.340912303861245,142.5,28,0
41398,5,-54.340912303861245,157.5,22,0
41399,5,-54.340912303861245,172.5,9,0
41400,5,-54.340912303861245,-172.5,9,0
41401,5,-54.340912303861245,-157.5,19,0
41402,5,-54.340912303861245,-142.5,18,0
41403,5,-54.340912303861245,-127.5,14,0
41404,5,-54.340912303861245,-112.5,17,0
41405,5,-54.340912303861245,-97.5,17,0
41406,5,-54.340912303861245,-82.5,10,0
41407,5,-54.340912303861245,-67.5,13,0
41408,5,-54.340912303861245,-52.50000000000006,16,0
41409,5,-54.340912303861245,-37.5,14,0
41410,5,-54.340912303861245,-22.5,23,0
41411,5,-54.340912303861245,-7.5,23,0
41412,5,-60.4344388449523,9.0,16,0
41413,5,-60.4344388449523,27.0,22,0
41414,5,-60.4344388449523,45.0,21,0
41415,5,-60.4344388449523,63.0,16,0
41416,5,-60.4344388449523,81.0,21,0
41417,5,-60.4344388449523,99.0,17,0
41418,5,-60.4344388449523,117.0,18,0
41419,5,-60.4344388449523,135.0,20,0
41420,5,-60.4344388449523,153.0,15,0
41421,5,-60.4344388449523,171.0,13,0
41422,5,-60.4344388449523,-171.0,16,0
41423,5,-60.4344388449523,-153.0,14,0
41424,5,-60.4344388449523,-135.0,12,0
41425,5,-60.4344388449523,-117.0,9,0
41426,5,-60.4344388449523,-99.0,21,0
41427,5,-60.4344388449523,-81.0,16,0
41428,5,-60.4344388449523,-63.0,10,0
41429,5,-60.4344388449523,-45.0,13,0
41430,5,-60.4344388449523,-27.0,16,0
41431,5,-60.4344388449523,-9.0,15,0
41432,5,-66.44353569089876,11.25,11,0
41433,5,-66.44353569089876,33.75,28,0
41434,5,-66.44353569089876,56.25,19,0
41435,5,-66.44353569089876,78.75,16,0
41436,5,-66.44353569089876,101.25,9,0
41437,5,-66.44353569089876,123.75,17,0
41438,5,-66.44353569089876,146.25,13,0
41439,5,-66.44353569089876,168.75,18,0
41440,5,-66.44353569089876,-168.75,14,0
41441,5,-66.44353569089876,-146.25,16,0
41442,5,-66.44353569089876,-123.75,10,0
41443,5,-66.44353569089876,-101.25,26,0
41444,5,-66.44353569089876,-78.75,19,0
41445,5,-66.44353569089876,-56.25,15,0
41446,5,-66.44353569089876,-33.75,16,0
41447,5,-66.44353569089876,-11.25,12,0
41448,5,-72.38756092964962,15.0,24,0
41449,5,-72.38756092964962,45.0,21,0
41450,5,-72.38756092964962,75.0,11,0
41451,5,-72.38756092964962,105.0,14,0
41452,5,-72.38756092964962,135.0,16,0
41453,5,-72.38756092964962,165.0,15,0
41454,5,-72.38756092964962,-165.0,15,0
41455,5,-72.38756092964962,-135.0,16,0
41456,5,-72.38756092964962,-105.0,20,0
41457,5,-72.38756092964962,-75.0,26,0
41458,5,-72.38756092964962,-45.0,20,0
41459,5,-72.38756092964962,-15.0,12,0
41460,5,-78.28414760510762,22.5,20,0
41461,5,-78.28414760510762,67.5,15,0
41462,5,-78.28414760510762,112.5,11,0
41463,5,-78.28414760510762,157.5,21,0
41464,5,-78.28414760510762,-157.5,19,0
41465,5,-78.28414760510762,-112.5,14,0
41466,5,-78.28414760510762,-67.5,28,0
41467,5,-78.28414760510762,-22.5,19,0
41468,5,-84.14973293629666,45.0,17,0
41469,5,-84.14973293629666,135.0,16,0
41470,5,-84.14973293629666,-135.0,14,0
41471,5,-84.14973293629666,-45.0,17,0
41472,5,84.14973293629666,45.0,21,0
41473,5,84.14973293629666,135.0,17,0
41474,5,84.14973293629666,-135.0,16,0
41475,5,84.14973293629666,-45.0,20,0
41476,5,78.28414760510762,22.5,24,0
41477,5,78.28414760510762,67.5,12,0
41478,5,78.28414760510762,112.5,14,0
41479,5,78.28414760510762,157.5,10,0
41480,5,78.28414760510762,-157.5,19,0
41481,5,78.28414760510762,-112.5,13,0
41482,5,78.28414760510762,-67.5,15,0
41483,5,78.28414760510762,-22.5,19,0
41484,5,72.38756092964962,15.0,17,0
41485,5,72.38756092964962,45.0,16,0
41486,5,72.38756092964962,75.0,15,0
41487,5,72.38756092964962,105.0,19,0
41488,5,72.38756092964962,135.0,16,0
41489,5,72.38756092964962,165.0,14,0
41490,5,72.38756092964962,-165.0,20,0
41491,5,72.38756092964962,-135.0,14,0
41492,5,72.38756092964962,-105.0,19,0
41493,5,72.38756092964962,-75.0,19,0
41494,5,72.38756092964962,-45.0,14,0
41495,5,72.38756092964962,-15.0,20,0
41496,5,66.44353569089877,11.25,15,0
41497,5,66.44353569089877,33.75,21,0
41498,5,66.44353569089877,56.25,14,0
41499,5,66.44353569089877,78.75,15,0
41500,5,66.44353569089877,101.25,22,0
41501,5,66.44353569089877,123.75,22,0
41502,5,66.44353569089877,146.25,22,0
41503,5,66.44353569089877,168.75,15,0
41504,5,66.44353569089877,-168.75,17,0
41505,5,66.44353569089877,-146.25,14,0
41506,5,66.44353569089877,-123.75,13,0
41507,5,66.44353569089877,-101.25,17,1
41508,5,66.44353569089877,-78.75,16,0
41509,5,66.44353569089877,-56.25,18,0
41510,5,66.44353569089877,-33.75,27,0
41511,5,66.44353569089877,-11.25,16,0
41512,5,60.43443884495228,9.0,15,0
41513,5,60.43443884495228,27.0,19,0
41514,5,60.43443884495228,45.0,16,0
41515,5,60.43443884495228,63.0,12,0
41516,5,60.43443884495228,81.0,17,0
41517,5,60.43443884495228,99.0,18,0
41518,5,60.43443884495228,117.0,11,0
41519,5,60.43443884495228,135.0,13,0
41520,5,60.43443884495228,153.0,20,0
41521,5,60.43443884495228,171.0,16,0
41522,5,60.43443884495228,-171.0,14,0
41523,5,60.43443884495228,-153.0,13,0
41524,5,60.43443884495228,-135.0,10,0
41525,5,60.43443884495228,-117.0,17,0
41526,5,60.43443884495228,-99.0,16,0
41527,5,60.43443884495228,-81.0,16,0
41528,5,60.43443884495228,-63.0,17,0
41529,5,60.43443884495228,-45.0,22,0
41530,5,60.43443884495228,-27.0,14,0
41531,5,60.43443884495228,-9.0,10,0
41532,5,54.340912303861245,7.5,15,0
41533,5,54.340912303861245,22.5,14,0
41534,5,54.340912303861245,37.5,17,0
41535,5,54.340912303861245,52.5,21,0
41536,5,54.340912303861245,67.5,16,0
41537,5,54.340912303861245,82.5,18,0
41538,5,54.340912303861245,97.5,15,0
41539,5,54.340912303861245,112.5,17,0
41540,5,54.340912303861245,127.5,12,0
41541,5,54.340912303861245,142.5,20,0
41542,5,54.340912303861245,157.5,17,0
41543,5,54.340912303861245,172.5,24,0
41544,5,54.340912303861245,-172.5,17,0
41545,5,54.340912303861245,-157.5,10,0
41546,5,54.340912303861245,-142.5,12,0
41547,5,54.340912303861245,-127.5,20,0
41548,5,54.340912303861245,-112.5,22,0
41549,5,54.340912303861245,-97.5,12,0
41550,5,54.340912303861245,-82.5,18,0
41551,5,54.340912303861245,-67.5,17,0
41552,5,54.340912303861245,-52.50000000000006,14,0
41553,5,54.340912303861245,-37.5,9,0
41554,5,54.340912303861245,-22.5,19,0
41555,5,54.340912303861245,-7.5,12,0
41556,5,48.141207794360284,6.428571428571416,14,0
41557,5,48.141207794360284,19.285714285714278,14,0
41558,5,48.141207794360284,32.14285714285714,19,0
41559,5,48.141207794360284,45.0,21,0
41560,5,48.141207794360284,57.85714285714286,15,0
41561,5,48.141207794360284,70.71428571428572,16,0
41562,5,48.141207794360284,83.57142857142856,10,0
41563,5,48.141207794360284,96.42857142857144,19,0
41564,5,48.141207794360284,109.28571428571428,13,0
41565,5,48.141207794360284,122.14285714285711,22,0
41566,5,48.141207794360284,135.0,19,0
41567,5,48.141207794360284,147.8571428571429,26,0
41568,5,48.141207794360284,160.71428571428572,11,0
41569,5,48.141207794360284,173.57142857142856,23,0
41570,5,48.141207794360284,-173.57142857142856,20,0
41571,5,48.141207794360284,-160.71428571428572,15,0
41572,5,48.141207794360284,-147.8571428571429,19,0
41573,5,48.141207794360284,-135.0,18,0
41574,5,48.141207794360284,-122.14285714285711,21,0
41575,5,48.141207794360284,-109.28571428571428,14,0
41576,5,48.141207794360284,-96.42857142857144,8,0
41577,5,48.141207794360284,-83.57142857142856,16,0
41578,5,48.141207794360284,-70.71428571428572,13,0
41579,5,48.141207794360284,-57.85714285714283,16,0
41580,5,48.141207794360284,-45.0,10,0
41581,5,48.141207794360284,-32.14285714285717,17,0
41582,5,48.141207794360284,-19.28571428571422,18,0
41583,5,48.141207794360284,-6.428571428571445,15,0
41584,5,41.81031489577859,5.625,17,0
41585,5,41.81031489577859,16.875,16,0
41586,5,41.81031489577859,28.125,10,0
41587,5,41.81031489577859,39.375,23,0
41588,5,41.81031489577859,50.625,9,0
41589,5,41.81031489577859,61.875,20,0
41590,5,41.81031489577859,73.125,20,0
41591,5,41.81031489577859,84.375,16,0
41592,5,41.81031489577859,95.625,21,0
41593,5,41.81031489577859,106.875,14,0
41594,5,41.81031489577859,118.125,14,0
41595,5,41.81031489577859,129.375,22,0
41596,5,41.81031489577859,140.625,22,0
41597,5,41.81031489577859,151.875,19,0
41598,5,41.81031489577859,163.125,17,0
41599,5,41.81031489577859,174.375,15,0
41600,5,41.81031489577859,-174.375,13,0
41601,5,41.81031489577859,-163.125,13,0
41602,5,41.81031489577859,-151.875,26,0
41603,5,41.81031489577859,-140.625,24,0
41604,5,41.81031489577859,-129.37500000000006,17,0
41605,5,41.81031489577859,-118.125,20,0
41606,5,41.81031489577859,-106.875,22,0
41607,5,41.81031489577859,-95.625,12,0
41608,5,41.81031489577859,-84.375,22,0
41609,5,41.81031489577859,-73.12500000000006,20,0
41610,5,41.81031489577859,-61.875,22,0
41611,5,41.81031489577859,-50.625,14,0
41612,5,41.81031489577859,-39.375,12,0
41613,5,41.81031489577859,-28.125,10,0
41614,5,41.81031489577859,-16.875,24,0
41615,5,41.81031489577859,-5.625,16,0
41616,5,35.68533471265204,0.0,9,0
41617,5,35.68533471265204,11.25,14,0
41618,5,35.68533471265204,22.5,10,0
41619,5,35.68533471265204,33.75,18,0
41620,5,35.68533471265204,45.0,15,0
41621,5,35.68533471265204,56.25,18,0
41622,5,35.68533471265204,67.5,14,0
41623,5,35.68533471265204,78.75,15,0
41624,5,35.68533471265204,90.0,22,0
41625,5,35.68533471265204,101.25,24,0
41626,5,35.68533471265204,112.5,11,0
41627,5,35.68533471265204,123.75,10,0
41628,5,35.68533471265204,135.0,17,0
41629,5,35.68533471265204,146.25,16,0
41630,5,35.68533471265204,157.5,19,0
41631,5,35.68533471265204,168.75,16,0
41632,5,35.68533471265204,-180.0,14,0
41633,5,35.68533471265204,-168.75,9,0
41634,5,35.68533471265204,-157.5,10,0
41635,5,35.68533471265204,-146.25,18,0
41636,5,35.68533471265204,-135.0,23,0
41637,5,35.68533471265204,-123.75,11,0
41638,5,35.68533471265204,-112.5,18,0
41639,5,35.68533471265204,-101.25,19,0
41640,5,35.68533471265204,-90.0,14,0
41641,5,35.68533471265204,-78.75000000000006,23,0
41642,5,35.68533471265204,-67.5,17,0
41643,5,35.68533471265204,-56.25,14,0
41644,5,35.68533471265204,-45.0,16,0
41645,5,35.68533471265204,-33.75000000000006,12,0
41646,5,35.68533471265204,-22.5,19,0
41647,5,35.68533471265204,-11.25,24,0
41648,5,30.000000000000007,5.625,21,0
41649,5,30.000000000000007,16.875,15,0
41650,5,30.000000000000007,28.125,17,0
41651,5,30.000000000000007,39.375,18,0
41652,5,30.000000000000007,50.625,15,0
41653,5,30.000000000000007,61.875,21,0
41654,5,30.000000000000007,73.125,22,0
41655,5,30.000000000000007,84.375,15,0
41656,5,30.000000000000007,95.625,16,0
41657,5,30.000000000000007,106.875,23,0
41658,5,30.000000000000007,118.125,11,0
41659,5,30.000000000000007,129.375,20,0
41660,5,30.000000000000007,140.625,16,0
41661,5,30.000000000000007,151.875,16,0
41662,5,30.000000000000007,163.125,20,0
41663,5,30.000000000000007,174.375,14,0
41664,5,30.000000000000007,-174.375,14,0
41665,5,30.000000000000007,-163.125,15,0
41666,5,30.000000000000007,-151.875,14,0
41667,5,30.000000000000007,-140.625,11,0
41668,5,30.000000000000007,-129.37500000000006,15,0
41669,5,30.000000000000007,-118.125,13,0
41670,5,30.000000000000007,-106.875,17,0
41671,5,30.000000000000007,-95.625,15,0
41672,5,30.000000000000007,-84.375,21,0
41673,5,30.000000000000007,-73.12500000000006,25,0
41674,5,30.000000000000007,-61.875,16,0
41675,5,30.000000000000007,-50.625,16,0
41676,5,30.000000000000007,-39.375,14,0
41677,5,30.000000000000007,-28.125,18,0
41678,5,30.000000000000007,-16.875,18,0
41679,5,30.000000000000007,-5.625,15,0
41680,5,24.62431835216408,0.0,20,0
41681,5,24.62431835216408,11.25,20,0
41682,5,24.62431835216408,22.5,22,0
41683,5,24.62431835216408,33.75,17,0
41684,5,24.62431835216408,45.0,11,0
41685,5,24.62431835216408,56.25,9,0
41686,5,24.62431835216408,67.5,25,0
41687,5,24.62431835216408,78.75,17,0
41688,5,24.62431835216408,90.0,23,0
41689,5,24.62431835216408,101.25,17,0
41690,5,24.62431835216408,112.5,15,0
41691,5,24.62431835216408,123.75,20,0
41692,5,24.62431835216408,135.0,18,0
41693,5,24.62431835216408,146.25,22,0
41694,5,24.62431835216408,157.5,20,0
41695,5,24.62431835216408,168.75,13,0
41696,5,24.62431835216408,-180.0,18,0
41697,5,24.62431835216408,-168.75,15,0
41698,5,24.62431835216408,-157.5,11,0
41699,5,24.62431835216408,-146.25,17,0
41700,5,24.62431835216408,-135.0,15,0
41701,5,24.62431835216408,-123.75,17,0
41702,5,24.62431835216408,-112.5,18,0
41703,5,24.62431835216408,-101.25,19,0
41704,5,24.62431835216408,-90.0,18,0
41705,5,24.62431835216408,-78.75000000000006,13,0
41706,5,24.62431835216408,-67.5,22,0
41707,5,24.62431835216408,-56.25,21,0
41708,5,24.62431835216408,-45.0,10,0
41709,5,24.62431835216408,-33.75000000000006,14,0
41710,5,24.62431835216408,-22.5,12,0
41711,5,24.62431835216408,-11.25,18,0
41712,5,19.47122063449069,5.625,15,0
41713,5,19.47122063449069,16.875,21,0
41714,5,19.47122063449069,28.125,16,0
41715,5,19.47122063449069,39.375,9,0
41716,5,19.47122063449069,50.625,19,0
41717,5,19.47122063449069,61.875,19,0
41718,5,19.47122063449069,73.125,14,0
41719,5,19.47122063449069,84.375,13,0
41720,5,19.47122063449069,95.625,19,0
41721,5,19.47122063449069,106.875,17,0
41722,5,19.47122063449069,118.125,14,0
41723,5,19.47122063449069,129.375,20,0
41724,5,19.47122063449069,140.625,21,0
41725,5,19.47122063449069,151.875,25,0
41726,5,19.47122063449069,163.125,22,0
41727,5,19.47122063449069,174.375,14,0
41728,5,19.47122063449069,-174.375,20,0
41729,5,19.47122063449069,-163.125,14,0
41730,5,19.47122063449069,-151.875,6,0
41731,5,19.47122063449069,-140.625,22,0
41732,5,19.47122063449069,-129.37500000000006,17,0
41733,5,19.47122063449069,-118.125,16,0
41734,5,19.47122063449069,-106.875,22,0
41735,5,19.47122063449069,-95.625,20,0
41736,5,19.47122063449069,-84.375,12,0
41737,5,19.47122063449069,-73.12500000000006,16,0
41738,5,19.47122063449069,-61.875,21,0
41739,5,19.47122063449069,-50.625,15,0
41740,5,19.47122063449069,-39.375,12,0
41741,5,19.47122063449069,-28.125,17,0
41742,5,19.47122063449069,-16.875,10,0
41743,5,19.47122063449069,-5.625,31,0
41744,5,14.477512185929925,0.0,27,0
41745,5,14.477512185929925,11.25,20,0
41746,5,14.477512185929925,22.5,12,0
41747,5,14.477512185929925,33.75,20,0
41748,5,14.477512185929925,45.0,20,0
41749,5,14.477512185929925,56.25,23,0
41750,5,14.477512185929925,67.5,17,0
41751,5,14.477512185929925,78.75,13,0
41752,5,14.477512185929925,90.0,13,0
41753,5,14.477512185929925,101.25,19,0
41754,5,14.477512185929925,112.5,14,0
41755,5,14.477512185929925,123.75,19,0
41756,5,14.477512185929925,135.0,19,0
41757,5,14.477512185929925,146.25,22,0
41758,5,14.477512185929925,157.5,18,0
41759,5,14.477512185929925,168.75,13,0
41760,5,14.477512185929925,-180.0,12,0
41761,5,14.477512185929925,-168.75,22,0
41762,5,14.477512185929925,-157.5,14,0
41763,5,14.477512185929925,-146.25,12,0
41764,5,14.477512185929925,-135.0,16,0
41765,5,14.477512185929925,-123.75,22,0
41766,5,14.477512185929925,-112.5,19,0
41767,5,14.477512185929925,-101.25,11,0
41768,5,14.477512185929925,-90.0,17,0
41769,5,14.477512185929925,-78.75000000000006,7,0
41770,5,14.477512185929925,-67.5,24,0
41771,5,14.477512185929925,-56.25,17,0
41772,5,14.477512185929925,-45.0,10,0
41773,5,14.477512185929925,-33.75000000000006,17,0
41774,5,14.477512185929925,-22.5,16,0
41775,5,14.477512185929925,-11.25,19,0
41776,5,9.594068226860458,5.625,21,0
41777,5,9.594068226860458,16.875,17,0
41778,5,9.594068226860458,28.125,13,0
41779,5,9.594068226860458,39.375,19,0
41780,5,9.594068226860458,50.625,18,0
41781,5,9.594068226860458,61.875,22,0
41782,5,9.594068226860458,73.125,11,0
41783,5,9.594068226860458,84.375,15,1
41784,5,9.594068226860458,95.625,16,1
41785,5,9.594068226860458,106.875,12,0
41786,5,9.594068226860458,118.125,19,0
41787,5,9.594068226860458,129.375,17,0
41788,5,9.594068226860458,140.625,21,0
41789,5,9.594068226860458,151.875,8,0
41790,5,9.594068226860458,163.125,13,0
41791,5,9.594068226860458,174.375,8,0
41792,5,9.594068226860458,-174.375,15,0
41793,5,9.594068226860458,-163.125,16,0
41794,5,9.594068226860458,-151.875,19,1
41795,5,9.594068226860458,-140.625,17,0
41796,5,9.594068226860458,-129.37500000000006,18,0
41797,5,9.594068226860458,-118.125,21,0
41798,5,9.594068226860458,-106.875,14,0
41799,5,9.594068226860458,-95.625,21,0
41800,5,9.594068226860458,-84.375,13,0
41801,5,9.594068226860458,-73.12500000000006,17,0
41802,5,9.594068226860458,-61.875,15,0
41803,5,9.594068226860458,-50.625,20,0
41804,5,9.594068226860458,-39.375,13,1
41805,5,9.594068226860458,-28.125,17,0
41806,5,9.594068226860458,-16.875,22,0
41807,5,9.594068226860458,-5.625,22,0
41808,5,4.780191847199163,0.0,19,0
41809,5,4.780191847199163,11.25,13,1
41810,5,4.780191847199163,22.5,18,3
41811,5,4.780191847199163,33.75,9,1
41812,5,4.780191847199163,45.0,16,1
41813,5,4.780191847199163,56.25,19,2
41814,5,4.780191847199163,67.5,17,3
41815,5,4.780191847199163,78.75,15,1
41816,5,4.780191847199163,90.0,16,2
41817,5,4.780191847199163,101.25,16,2
41818,5,4.780191847199163,112.5,14,0
41819,5,4.780191847199163,123.75,29,2
41820,5,4.780191847199163,135.0,17,2
41821,5,4.780191847199163,146.25,10,2
41822,5,4.780191847199163,157.5,10,1
41823,5,4.780191847199163,168.75,14,0
41824,5,4.780191847199163,-180.0,12,0
41825,5,4.780191847199163,-168.75,27,3
41826,5,4.780191847199163,-157.5,16,2
41827,5,4.780191847199163,-146.25,26,6
41828,5,4.780191847199163,-135.0,11,3
41829,5,4.780191847199163,-123.75,22,0
41830,5,4.780191847199163,-112.5,14,6
41831,5,4.780191847199163,-101.25,12,2
41832,5,4.780191847199163,-90.0,17,3
41833,5,4.780191847199163,-78.75000000000006,13,0
41834,5,4.780191847199163,-67.5,24,3
41835,5,4.780191847199163,-56.25,20,2
41836,5,4.780191847199163,-45.0,20,3
41837,5,4.780191847199163,-33.75000000000006,14,1
41838,5,4.780191847199163,-22.5,12,2
41839,5,4.780191847199163,-11.25,21,3
41840,5,0.0,5.625,14,1
41841,5,0.0,16.875,17,3
41842,5,0.0,28.125,12,2
41843,5,0.0,39.375,12,3
41844,5,0.0,50.625,17,7
41845,5,0.0,61.875,18,2
41846,5,0.0,73.125,14,2
41847,5,0.0,84.375,21,3
41848,5,0.0,95.625,14,2
41849,5,0.0,106.875,19,2
41850,5,0.0,118.125,21,3
41851,5,0.0,129.375,26,5
41852,5,0.0,140.625,17,3
41853,5,0.0,151.875,13,2
41854,5,0.0,163.125,9,2
41855,5,0.0,174.375,16,0
41856,5,0.0,-174.375,13,3
41857,5,0.0,-163.125,15,3
41858,5,0.0,-151.875,21,5
41859,5,0.0,-140.625,21,2
41860,5,0.0,-129.37500000000006,14,3
41861,5,0.0,-118.125,19,5
41862,5,0.0,-106.875,12,6
41863,5,0.0,-95.625,20,6
41864,5,0.0,-84.375,15,4
41865,5,0.0,-73.12500000000006,12,2
41866,5,0.0,-61.875,23,6
41867,5,0.0,-50.625,21,4
41868,5,0.0,-39.375,17,1
41869,5,0.0,-28.125,22,2
41870,5,0.0,-16.875,12,1
41871,5,0.0,-5.625,15,3
41872,5,-4.780191847199163,0.0,14,3
41873,5,-4.780191847199163,11.25,22,1
41874,5,-4.780191847199163,22.5,14,0
41875,5,-4.780191847199163,33.75,11,3
41876,5,-4.780191847199163,45.0,16,3
41877,5,-4.780191847199163,56.25,18,2
41878,5,-4.780191847199163,67.5,17,1
41879,5,-4.780191847199163,78.75,18,2
41880,5,-4.780191847199163,90.0,17,0
41881,5,-4.780191847199163,101.25,19,2
41882,5,-4.780191847199163,112.5,14,3
41883,5,-4.780191847199163,123.75,20,3
41884,5,-4.780191847199163,135.0,24,2
41885,5,-4.780191847199163,146.25,21,2
41886,5,-4.780191847199163,157.5,15,0
41887,5,-4.780191847199163,168.75,18,3
41888,5,-4.780191847199163,-180.0,10,0
41889,5,-4.780191847199163,-168.75,19,3
41890,5,-4.780191847199163,-157.5,12,2
41891,5,-4.780191847199163,-146.25,21,2
41892,5,-4.780191847199163,-135.0,12,1
41893,5,-4.780191847199163,-123.75,14,2
41894,5,-4.780191847199163,-112.5,14,2
41895,5,-4.780191847199163,-101.25,12,5
41896,5,-4.780191847199163,-90.0,25,2
41897,5,-4.780191847199163,-78.75000000000006,16,0
41898,5,-4.780191847199163,-67.5,22,3
41899,5,-4.780191847199163,-56.25,15,3
41900,5,-4.780191847199163,-45.0,21,2
41901,5,-4.780191847199163,-33.75000000000006,18,0
41902,5,-4.780191847199163,-22.5,22,0
41903,5,-4.780191847199163,-11.25,18,1
41904,5,-9.594068226860458,5.625,22,0
41905,5,-9.594068226860458,16.875,12,0
41906,5,-9.594068226860458,28.125,18,0
41907,5,-9.594068226860458,39.375,23,0
41908,5,-9.594068226860458,50.625,12,0
41909,5,-9.594068226860458,61.875,14,0
41910,5,-9.594068226860458,73.125,10,0
41911,5,-9.594068226860458,84.375,11,0
41912,5,-9.594068226860458,95.625,13,0
41913,5,-9.594068226860458,106.875,17,1
41914,5,-9.594068226860458,118.125,16,0
41915,5,-9.594068226860458,129.375,11,0
41916,5,-9.594068226860458,140.625,20,0
41917,5,-9.594068226860458,151.875,17,0
41918,5,-9.594068226860458,163.125,19,0
41919,5,-9.594068226860458,174.375,16,0
41920,5,-9.594068226860458,-174.375,14,0
41921,5,-9.594068226860458,-163.125,15,0
41922,5,-9.594068226860458,-151.875,16,1
41923,5,-9.594068226860458,-140.625,16,0
41924,5,-9.594068226860458,-129.37500000000006,10,1
41925,5,-9.594068226860458,-118.125,16,0
41926,5,-9.594068226860458,-106.875,16,0
41927,5,-9.594068226860458,-95.625,23,0
41928,5,-9.594068226860458,-84.375,17,1
41929,5,-9.594068226860458,-73.12500000000006,18,0
41930,5,-9.594068226860458,-61.875,16,0
41931,5,-9.594068226860458,-50.625,9,0
41932,5,-9.594068226860458,-39.375,25,0
41933,5,-9.594068226860458,-28.125,14,0
41934,5,-9.594068226860458,-16.875,14,0
41935,5,-9.594068226860458,-5.625,15,0
41936,5,-14.477512185929925,0.0,15,0
41937,5,-14.477512185929925,11.25,16,0
41938,5,-14.477512185929925,22.5,18,0
41939,5,-14.477512185929925,33.75,15,0
41940,5,-14.477512185929925,45.0,15,0
41941,5,-14.477512185929925,56.25,19,0
41942,5,-14.477512185929925,67.5,14,0
41943,5,-14.477512185929925,78.75,11,0
41944,5,-14.477512185929925,90.0,23,0
41945,5,-14.477512185929925,101.25,14,0
41946,5,-14.477512185929925,112.5,12,0
41947,5,-14.477512185929925,123.75,17,0
41948,5,-14.477512185929925,135.0,19,0
41949,5,-14.477512185929925,146.25,20,0
41950,5,-14.477512185929925,157.5,17,0
41951,5,-14.477512185929925,168.75,17,0
41952,5,-14.477512185929925,-180.0,16,0
41953,5,-14.477512185929925,-168.75,19,0
41954,5,-14.477512185929925,-157.5,20,1
41955,5,-14.477512185929925,-146.25,12,0
41956,5,-14.477512185929925,-135.0,14,0
41957,5,-14.477512185929925,-123.75,14,1
41958,5,-14.477512185929925,-112.5,15,0
41959,5,-14.477512185929925,-101.25,28,0
41960,5,-14.477512185929925,-90.0,16,1
41961,5,-14.477512185929925,-78.75000000000006,7,0
41962,5,-14.477512185929925,-67.5,20,0
41963,5,-14.477512185929925,-56.25,16,0
41964,5,-14.477512185929925,-45.0,20,0
41965,5,-14.477512185929925,-33.75000000000006,16,0
41966,5,-14.477512185929925,-22.5,17,0
41967,5,-14.477512185929925,-11.25,19,0
41968,5,-19.47122063449069,5.625,14,0
41969,5,-19.47122063449069,16.875,16,0
41970,5,-19.47122063449069,28.125,17,0
41971,5,-19.47122063449069,39.375,12,0
41972,5,-19.47122063449069,50.625,22,0
41973,5,-19.47122063449069,61.875,16,0
41974,5,-19.47122063449069,73.125,16,0
41975,5,-19.47122063449069,84.375,17,0
41976,5,-19.47122063449069,95.625,19,0
41977,5,-19.47122063449069,106.875,9,0
41978,5,-19.47122063449069,118.125,13,0
41979,5,-19.47122063449069,129.375,17,0
41980,5,-19.47122063449069,140.625,17,0
41981,5,-19.47122063449069,151.875,18,0
41982,5,-19.47122063449069,163.125,18,0
41983,5,-19.47122063449069,174.375,19,0
41984,5,-19.47122063449069,-174.375,15,1
41985,5,-19.47122063449069,-163.125,23,0
41986,5,-19.47122063449069,-151.875,13,0
41987,5,-19.47122063449069,-140.625,19,0
41988,5,-19.47122063449069,-129.37500000000006,17,0
41989,5,-19.47122063449069,-118.125,12,0
41990,5,-19.47122063449069,-106.875,21,0
41991,5,-19.47122063449069,-95.625,20,0
41992,5,-19.47122063449069,-84.375,15,0
41993,5,-19.47122063449069,-73.12500000000006,20,0
41994,5,-19.47122063449069,-61.875,12,0
41995,5,-19.47122063449069,-50.625,19,0
41996,5,-19.47122063449069,-39.375,21,0
41997,5,-19.47122063449069,-28.125,19,0
41998,5,-19.47122063449069,-16.875,16,0
41999,5,-19.47122063449069,-5.625,21,0
42000,5,-24.62431835216408,0.0,16,0
42001,5,-24.62431835216408,11.25,19,0
42002,5,-24.62431835216408,22.5,12,0
42003,5,-24.62431835216408,33.75,15,0
42004,5,-24.62431835216408,45.0,17,0
42005,5,-24.62431835216408,56.25,12,0
42006,5,-24.62431835216408,67.5,21,0
42007,5,-24.62431835216408,78.75,14,0
42008,5,-24.62431835216408,90.0,21,0
42009,5,-24.62431835216408,101.25,16,0
42010,5,-24.62431835216408,112.5,13,0
42011,5,-24.62431835216408,123.75,20,0
42012,5,-24.62431835216408,135.0,19,0
42013,5,-24.62431835216408,146.25,15,0
42014,5,-24.62431835216408,157.5,13,0
42015,5,-24.62431835216408,168.75,21,0
42016,5,-24.62431835216408,-180.0,14,0
42017,5,-24.62431835216408,-168.75,19,0
42018,5,-24.62431835216408,-157.5,16,0
42019,5,-24.62431835216408,-146.25,15,0
42020,5,-24.62431835216408,-135.0,17,0
42021,5,-24.62431835216408,-123.75,13,0
42022,5,-24.62431835216408,-112.5,13,0
42023,5,-24.62431835216408,-101.25,13,0
42024,5,-24.62431835216408,-90.0,22,0
42025,5,-24.62431835216408,-78.75000000000006,16,0
42026,5,-24.62431835216408,-67.5,15,0
42027,5,-24.62431835216408,-56.25,18,0
42028,5,-24.62431835216408,-45.0,21,0
42029,5,-24.62431835216408,-33.75000000000006,22,0
42030,5,-24.62431835216408,-22.5,21,0
42031,5,-24.62431835216408,-11.25,18,0
42032,5,-30.000000000000014,5.625,20,0
42033,5,-30.000000000000014,16.875,20,0
42034,5,-30.000000000000014,28.125,15,0
42035,5,-30.000000000000014,39.375,15,0
42036,5,-30.000000000000014,50.625,11,0
42037,5,-30.000000000000014,61.875,16,0
42038,5,-30.000000000000014,73.125,16,0
42039,5,-30.000000000000014,84.375,22,0
42040,5,-30.000000000000014,95.625,15,0
42041,5,-30.000000000000014,106.875,12,0
42042,5,-30.000000000000014,118.125,18,0
42043,5,-30.000000000000014,129.375,14,0
42044,5,-30.000000000000014,140.625,14,0
42045,5,-30.000000000000014,151.875,11,0
42046,5,-30.000000000000014,163.125,23,0
42047,5,-30.000000000000014,174.375,15,0
42048,5,-30.000000000000014,-174.375,20,0
42049,5,-30.000000000000014,-163.125,22,0
42050,5,-30.000000000000014,-151.875,18,0
42051,5,-30.000000000000014,-140.625,16,0
42052,5,-30.000000000000014,-129.37500000000006,14,0
42053,5,-30.000000000000014,-118.125,10,0
42054,5,-30.000000000000014,-106.875,10,0
42055,5,-30.000000000000014,-95.625,13,0
42056,5,-30.000000000000014,-84.375,19,0
42057,5,-30.000000000000014,-73.12500000000006,19,0
42058,5,-30.000000000000014,-61.875,16,0
42059,5,-30.000000000000014,-50.625,14,0
42060,5,-30.000000000000014,-39.375,23,0
42061,5,-30.000000000000014,-28.125,18,0
42062,5,-30.000000000000014,-16.875,24,0
42063,5,-30.000000000000014,-5.625,13,0
42064,5,-35.68533471265205,0.0,14,0
42065,5,-35.68533471265205,11.25,24,0
42066,5,-35.68533471265205,22.5,14,0
42067,5,-35.68533471265205,33.75,18,0
42068,5,-35.68533471265205,45.0,17,0
42069,5,-35.68533471265205,56.25,14,0
42070,5,-35.68533471265205,67.5,12,0
42071,5,-35.68533471265205,78.75,10,0
42072,5,-35.68533471265205,90.0,25,0
42073,5,-35.68533471265205,101.25,15,0
42074,5,-35.68533471265205,112.5,13,0
42075,5,-35.68533471265205,123.75,12,0
42076,5,-35.68533471265205,135.0,11,0
42077,5,-35.68533471265205,146.25,20,0
42078,5,-35.68533471265205,157.5,14,0
42079,5,-35.68533471265205,168.75,10,0
42080,5,-35.68533471265205,-180.0,11,0
42081,5,-35.68533471265205,-168.75,17,0
42082,5,-35.68533471265205,-157.5,22,0
42083,5,-35.68533471265205,-146.25,14,0
42084,5,-35.68533471265205,-135.0,11,0
42085,5,-35.68533471265205,-123.75,14,0
42086,5,-35.68533471265205,-112.5,16,0
42087,5,-35.68533471265205,-101.25,16,0
42088,5,-35.68533471265205,-90.0,13,0
42089,5,-35.68533471265205,-78.75000000000006,21,0
42090,5,-35.68533471265205,-67.5,11,0
42091,5,-35.68533471265205,-56.25,11,0
42092,5,-35.68533471265205,-45.0,24,0
42093,5,-35.68533471265205,-33.75000000000006,13,0
42094,5,-35.68533471265205,-22.5,19,0
42095,5,-35.68533471265205,-11.25,23,0
42096,5,-41.81031489577862,5.625,21,0
42097,5,-41.81031489577862,16.875,16,0
42098,5,-41.81031489577862,28.125,21,0
42099,5,-41.81031489577862,39.375,18,0
42100,5,-41.81031489577862,50.625,17,0
42101,5,-41.81031489577862,61.875,17,0
42102,5,-41.81031489577862,73.125,14,0
42103,5,-41.81031489577862,84.375,16,0
42104,5,-41.81031489577862,95.625,24,0
42105,5,-41.81031489577862,106.875,16,0
42106,5,-41.81031489577862,118.125,12,0
42107,5,-41.81031489577862,129.375,12,0
42108,5,-41.81031489577862,140.625,19,0
42109,5,-41.81031489577862,151.875,14,0
42110,5,-41.81031489577862,163.125,17,0
42111,5,-41.81031489577862,174.375,13,0
42112,5,-41.81031489577862,-174.375,18,0
42113,5,-41.81031489577862,-163.125,20,0
42114,5,-41.81031489577862,-151.875,15,0
42115,5,-41.81031489577862,-140.625,9,0
42116,5,-41.81031489577862,-129.37500000000006,15,0
42117,5,-41.81031489577862,-118.125,18,0
42118,5,-41.81031489577862,-106.875,20,0
42119,5,-41.81031489577862,-95.625,21,0
42120,5,-41.81031489577862,-84.375,16,0
42121,5,-41.81031489577862,-73.12500000000006,13,0
42122,5,-41.81031489577862,-61.875,10,0
42123,5,-41.81031489577862,-50.625,15,0
42124,5,-41.81031489577862,-39.375,13,0
42125,5,-41.81031489577862,-28.125,16,0
42126,5,-41.81031489577862,-16.875,19,0
42127,5,-41.81031489577862,-5.625,13,0
42128,5,-48.1412077943603,6.428571428571416,19,0
42129,5,-48.1412077943603,19.285714285714278,17,0
42130,5,-48.1412077943603,32.14285714285714,19,0
42131,5,-48.1412077943603,45.0,15,0
42132,5,-48.1412077943603,57.85714285714286,14,0
42133,5,-48.1412077943603,70.71428571428572,17,0
42134,5,-48.1412077943603,83.57142857142856,24,0
42135,5,-48.1412077943603,96.42857142857144,16,0
42136,5,-48.1412077943603,109.28571428571428,18,0
42137,5,-48.1412077943603,122.14285714285711,15,0
42138,5,-48.1412077943603,135.0,19,0
42139,5,-48.1412077943603,147.8571428571429,24,0
42140,5,-48.1412077943603,160.71428571428572,18,0
42141,5,-48.1412077943603,173.57142857142856,18,0
42142,5,-48.1412077943603,-173.57142857142856,12,0
42143,5,-48.1412077943603,-160.71428571428572,14,0
42144,5,-48.1412077943603,-147.8571428571429,14,0
42145,5,-48.1412077943603,-135.0,16,0
42146,5,-48.1412077943603,-122.14285714285711,14,0
42147,5,-48.1412077943603,-109.28571428571428,22,0
42148,5,-48.1412077943603,-96.42857142857144,18,0
42149,5,-48.1412077943603,-83.57142857142856,17,0
42150,5,-48.1412077943603,-70.71428571428572,13,0
42151,5,-48.1412077943603,-57.85714285714283,19,0
42152,5,-48.1412077943603,-45.0,17,0
42153,5,-48.1412077943603,-32.14285714285717,18,0
42154,5,-48.1412077943603,-19.28571428571422,21,0
42155,5,-48.1412077943603,-6.428571428571445,15,0
42156,5,-54.340912303861245,7.5,24,0
42157,5,-54.340912303861245,22.5,8,0
42158,5,-54.340912303861245,37.5,26,0
42159,5,-54.340912303861245,52.5,23,0
42160,5,-54.340912303861245,67.5,16,0
42161,5,-54.340912303861245,82.5,16,0
42162,5,-54.340912303861245,97.5,19,0
42163,5,-54.340912303861245,112.5,20,0
42164,5,-54.340912303861245,127.5,25,0
42165,5,-54.340912303861245,142.5,28,0
42166,5,-54.340912303861245,157.5,22,0
42167,5,-54.340912303861245,172.5,9,0
42168,5,-54.340912303861245,-172.5,9,0
42169,5,-54.340912303861245,-157.5,19,0
42170,5,-54.340912303861245,-142.5,18,0
42171,5,-54.340912303861245,-127.5,14,0
42172,5,-54.340912303861245,-112.5,17,0
42173,5,-54.340912303861245,-97.5,17,0
42174,5,-54.340912303861245,-82.5,10,0
42175,5,-54.340912303861245,-67.5,13,0
42176,5,-54.340912303861245,-52.50000000000006,16,0
42177,5,-54.340912303861245,-37.5,14,0
42178,5,-54.340912303861245,-22.5,23,0
42179,5,-54.340912303861245,-7.5,23,0
42180,5,-60.4344388449523,9.0,16,0
42181,5,-60.4344388449523,27.0,22,0
42182,5,-60.4344388449523,45.0,21,0
42183,5,-60.4344388449523,63.0,16,0
42184,5,-60.4344388449523,81.0,21,0
42185,5,-60.4344388449523,99.0,17,0
42186,5,-60.4344388449523,117.0,18,0
42187,5,-60.4344388449523,135.0,20,0
42188,5,-60.4344388449523,153.0,15,0
42189,5,-60.4344388449523,171.0,13,0
42190,5,-60.4344388449523,-171.0,16,0
42191,5,-60.4344388449523,-153.0,14,0
42192,5,-60.4344388449523,-135.0,12,0
42193,5,-60.4344388449523,-117.0,9,0
42194,5,-60.4344388449523,-99.0,21,0
42195,5,-60.4344388449523,-81.0,16,0
42196,5,-60.4344388449523,-63.0,10,0
42197,5,-60.4344388449523,-45.0,13,0
42198,5,-60.4344388449523,-27.0,16,0
42199,5,-60.4344388449523,-9.0,15,0
42200,5,-66.44353569089876,11.25,11,0
42201,5,-66.44353569089876,33.75,28,0
42202,5,-66.44353569089876,56.25,19,0
42203,5,-66.44353569089876,78.75,16,0
42204,5,-66.44353569089876,101.25,9,0
42205,5,-66.44353569089876,123.75,17,0
42206,5,-66.44353569089876,146.25,13,0
42207,5,-66.44353569089876,168.75,18,0
42208,5,-66.44353569089876,-168.75,14,0
42209,5,-66.44353569089876,-146.25,16,0
42210,5,-66.44353569089876,-123.75,10,0
42211,5,-66.44353569089876,-101.25,26,0
42212,5,-66.44353569089876,-78.75,19,0
42213,5,-66.44353569089876,-56.25,15,0
42214,5,-66.44353569089876,-33.75,16,0
42215,5,-66.44353569089876,-11.25,12,0
42216,5,-72.38756092964962,15.0,24,0
42217,5,-72.38756092964962,45.0,21,0
42218,5,-72.38756092964962,75.0,11,0
42219,5,-72.38756092964962,105.0,14,0
42220,5,-72.38756092964962,135.0,16,0
42221,5,-72.38756092964962,165.0,15,0
42222,5,-72.38756092964962,-165.0,15,0
42223,5,-72.38756092964962,-135.0,16,0
42224,5,-72.38756092964962,-105.0,20,0
42225,5,-72.38756092964962,-75.0,26,0
42226,5,-72.38756092964962,-45.0,20,0
42227,5,-72.38756092964962,-15.0,12,0
42228,5,-78.28414760510762,22.5,20,0
42229,5,-78.28414760510762,67.5,15,0
42230,5,-78.28414760510762,112.5,11,0
42231,5,-78.28414760510762,157.5,21,0
42232,5,-78.28414760510762,-157.5,19,0
42233,5,-78.28414760510762,-112.5,14,0
42234,5,-78.28414760510762,-67.5,28,0
42235,5,-78.28414760510762,-22.5,19,0
42236,5,-84.14973293629666,45.0,17,0
42237,5,-84.14973293629666,135.0,16,0
42238,5,-84.14973293629666,-135.0,14,0
42239,5,-84.14973293629666,-45.0,17,0
42240,5,84.14973293629666,45.0,21,0
42241,5,84.14973293629666,135.0,17,0
42242,5,84.14973293629666,-135.0,16,0
42243,5,84.14973293629666,-45.0,20,0
42244,5,78.28414760510762,22.5,24,0
42245,5,78.28414760510762,67.5,12,0
42246,5,78.28414760510762,112.5,14,0
42247,5,78.28414760510762,157.5,10,0
42248,5,78.28414760510762,-157.5,19,0
42249,5,78.28414760510762,-112.5,13,0
42250,5,78.28414760510762,-67.5,15,0
42251,5,78.28414760510762,-22.5,19,0
42252,5,72.38756092964962,15.0,17,0
42253,5,72.38756092964962,45.0,16,0
42254,5,72.38756092964962,75.0,15,0
42255,5,72.38756092964962,105.0,19,0
42256,5,72.38756092964962,135.0,16,0
42257,5,72.38756092964962,165.0,14,0
42258,5,72.38756092964962,-165.0,20,0
42259,5,72.38756092964962,-135.0,14,0
42260,5,72.38756092964962,-105.0,19,0
42261,5,72.38756092964962,-75.0,19,0
42262,5,72.38756092964962,-45.0,14,0
42263,5,72.38756092964962,-15.0,20,0
42264,5,66.44353569089877,11.25,15,0
42265,5,66.44353569089877,33.75,21,0
42266,5,66.44353569089877,56.25,14,0
42267,5,66.44353569089877,78.75,15,0
42268,5,66.44353569089877,101.25,22,0
42269,5,66.44353569089877,123.75,22,0
42270,5,66.44353569089877,146.25,22,0
42271,5,66.44353569089877,168.75,15,0
42272,5,66.44353569089877,-168.75,17,0
42273,5,66.44353569089877,-146.25,14,0
42274,5,66.44353569089877,-123.75,13,0
42275,5,66.44353569089877,-101.25,17,1
42276,5,66.44353569089877,-78.75,16,0
42277,5,66.44353569089877,-56.25,18,0
42278,5,66.44353569089877,-33.75,27,0
42279,5,66.44353569089877,-11.25,16,0
42280,5,60.43443884495228,9.0,15,0
42281,5,60.43443884495228,27.0,19,0
42282,5,60.43443884495228,45.0,16,0
42283,5,60.43443884495228,63.0,12,0
42284,5,60.43443884495228,81.0,17,0
42285,5,60.43443884495228,99.0,18,0
42286,5,60.43443884495228,117.0,11,0
42287,5,60.43443884495228,135.0,13,0
42288,5,60.43443884495228,153.0,20,0
42289,5,60.43443884495228,171.0,16,0
42290,5,60.43443884495228,-171.0,14,0
42291,5,60.43443884495228,-153.0,13,0
42292,5,60.43443884495228,-135.0,10,0
42293,5,60.43443884495228,-117.0,17,0
42294,5,60.43443884495228,-99.0,16,0
42295,5,60.43443884495228,-81.0,16,0
42296,5,60.43443884495228,-63.0,17,0
42297,5,60.43443884495228,-45.0,22,0
42298,5,60.43443884495228,-27.0,14,0
42299,5,60.43443884495228,-9.0,10,0
42300,5,54.340912303861245,7.5,15,0
42301,5,54.340912303861245,22.5,14,0
42302,5,54.340912303861245,37.5,17,0
42303,5,54.340912303861245,52.5,21,0
42304,5,54.340912303861245,67.5,16,0
42305,5,54.340912303861245,82.5,18,0
42306,5,54.340912303861245,97.5,15,0
42307,5,54.340912303861245,112.5,17,0
42308,5,54.340912303861245,127.5,12,0
42309,5,54.340912303861245,142.5,20,0
42310,5,54.340912303861245,157.5,17,0
42311,5,54.340912303861245,172.5,24,0
42312,5,54.340912303861245,-172.5,17,0
42313,5,54.340912303861245,-157.5,10,0
42314,5,54.340912303861245,-142.5,12,0
42315,5,54.340912303861245,-127.5,20,0
42316,5,54.340912303861245,-112.5,22,0
42317,5,54.340912303861245,-97.5,12,0
42318,5,54.340912303861245,-82.5,18,0
42319,5,54.340912303861245,-67.5,17,0
42320,5,54.340912303861245,-52.50000000000006,14,0
42321,5,54.340912303861245,-37.5,9,0
42322,5,54.340912303861245,-22.5,19,0
42323,5,54.340912303861245,-7.5,12,0
42324,5,48.141207794360284,6.428571428571416,14,0
42325,5,48.141207794360284,19.285714285714278,14,0
42326,5,48.141207794360284,32.14285714285714,19,0
42327,5,48.141207794360284,45.0,21,0
42328,5,48.141207794360284,57.85714285714286,15,0
42329,5,48.141207794360284,70.71428571428572,16,0
42330,5,48.141207794360284,83.57142857142856,10,0
42331,5,48.141207794360284,96.42857142857144,19,0
42332,5,48.141207794360284,109.28571428571428,13,0
42333,5,48.141207794360284,122.14285714285711,22,0
42334,5,48.141207794360284,135.0,19,0
42335,5,48.141207794360284,147.8571428571429,26,0
42336,5,48.141207794360284,160.71428571428572,11,0
42337,5,48.141207794360284,173.57142857142856,23,0
42338,5,48.141207794360284,-173.57142857142856,20,0
42339,5,48.141207794360284,-160.71428571428572,15,0
42340,5,48.141207794360284,-147.8571428571429,19,0
42341,5,48.141207794360284,-135.0,18,0
42342,5,48.141207794360284,-122.14285714285711,21,0
42343,5,48.141207794360284,-109.28571428571428,14,0
42344,5,48.141207794360284,-96.42857142857144,8,0
42345,5,48.141207794360284,-83.57142857142856,16,0
42346,5,48.141207794360284,-70.71428571428572,13,0
42347,5,48.141207794360284,-57.85714285714283,16,0
42348,5,48.141207794360284,-45.0,10,0
42349,5,48.141207794360284,-32.14285714285717,17,0
42350,5,48.141207794360284,-19.28571428571422,18,0
42351,5,48.141207794360284,-6.428571428571445,15,0
42352,5,41.81031489577859,5.625,17,0
42353,5,41.81031489577859,16.875,16,0
42354,5,41.81031489577859,28.125,10,0
42355,5,41.81031489577859,39.375,23,0
42356,5,41.81031489577859,50.625,9,0
42357,5,41.81031489577859,61.875,20,0
42358,5,41.81031489577859,73.125,20,0
42359,5,41.81031489577859,84.375,16,0
42360,5,41.81031489577859,95.625,21,0
42361,5,41.81031489577859,106.875,14,0
42362,5,41.81031489577859,118.125,14,0
42363,5,41.81031489577859,129.375,22,0
42364,5,41.81031489577859,140.625,22,0
42365,5,41.81031489577859,151.875,19,0
42366,5,41.81031489577859,163.125,17,0
42367,5,41.81031489577859,174.375,15,0
42368,5,41.81031489577859,-174.375,13,0
42369,5,41.81031489577859,-163.125,13,0
42370,5,41.81031489577859,-151.875,26,0
42371,5,41.81031489577859,-140.625,24,0
42372,5,41.81031489577859,-129.37500000000006,17,0
42373,5,41.81031489577859,-118.125,20,0
42374,5,41.81031489577859,-106.875,22,0
42375,5,41.81031489577859,-95.625,12,0
42376,5,41.81031489577859,-84.375,22,0
42377,5,41.81031489577859,-73.12500000000006,20,0
42378,5,41.81031489577859,-61.875,22,0
42379,5,41.81031489577859,-50.625,14,0
42380,5,41.81031489577859,-39.375,12,0
42381,5,41.81031489577859,-28.125,10,0
42382,5,41.81031489577859,-16.875,24,0
42383,5,41.81031489577859,-5.625,16,0
42384,5,35.68533471265204,0.0,9,0
42385,5,35.68533471265204,11.25,14,0
42386,5,35.68533471265204,22.5,10,0
42387,5,35.68533471265204,33.75,18,0
42388,5,35.68533471265204,45.0,15,0
42389,5,35.68533471265204,56.25,18,0
42390,5,35.68533471265204,67.5,14,0
42391,5,35.68533471265204,78.75,15,0
42392,5,35.68533471265204,90.0,22,0
42393,5,35.68533471265204,101.25,24,0
42394,5,35.68533471265204,112.5,11,0
42395,5,35.68533471265204,123.75,10,0
42396,5,35.68533471265204,135.0,17,0
42397,5,35.68533471265204,146.25,16,0
42398,5,35.68533471265204,157.5,19,0
42399,5,35.68533471265204,168.75,16,0
42400,5,35.68533471265204,-180.0,14,0
42401,5,35.68533471265204,-168.75,9,0
42402,5,35.68533471265204,-157.5,10,0
42403,5,35.68533471265204,-146.25,18,0
42404,5,35.68533471265204,-135.0,23,0
42405,5,35.68533471265204,-123.75,11,0
42406,5,35.68533471265204,-112.5,18,0
42407,5,35.68533471265204,-101.25,19,0
42408,5,35.68533471265204,-90.0,14,0
42409,5,35.68533471265204,-78.75000000000006,23,0
42410,5,35.68533471265204,-67.5,17,0
42411,5,35.68533471265204,-56.25,14,0
42412,5,35.68533471265204,-45.0,16,0
42413,5,35.68533471265204,-33.75000000000006,12,0
42414,5,35.68533471265204,-22.5,19,0
42415,5,35.68533471265204,-11.25,24,0
42416,5,30.000000000000007,5.625,21,0
42417,5,30.000000000000007,16.875,15,0
42418,5,30.000000000000007,28.125,17,0
42419,5,30.000000000000007,39.375,18,0
42420,5,30.000000000000007,50.625,15,0
42421,5,30.000000000000007,61.875,21,0
42422,5,30.000000000000007,73.125,22,0
42423,5,30.000000000000007,84.375,15,0
42424,5,30.000000000000007,95.625,16,0
42425,5,30.000000000000007,106.875,23,0
42426,5,30.000000000000007,118.125,11,0
42427,5,30.000000000000007,129.375,20,0
42428,5,30.000000000000007,140.625,16,0
42429,5,30.000000000000007,151.875,16,0
42430,5,30.000000000000007,163.125,20,0
42431,5,30.000000000000007,174.375,14,0
42432,5,30.000000000000007,-174.375,14,0
42433,5,30.000000000000007,-163.125,15,0
42434,5,30.000000000000007,-151.875,14,0
42435,5,30.000000000000007,-140.625,11,0
42436,5,30.000000000000007,-129.37500000000006,15,0
42437,5,30.000000000000007,-118.125,13,0
42438,5,30.000000000000007,-106.875,17,0
42439,5,30.000000000000007,-95.625,15,0
42440,5,30.000000000000007,-84.375,21,0
42441,5,30.000000000000007,-73.12500000000006,25,0
42442,5,30.000000000000007,-61.875,16,0
42443,5,30.000000000000007,-50.625,16,0
42444,5,30.000000000000007,-39.375,14,0
42445,5,30.000000000000007,-28.125,18,0
42446,5,30.000000000000007,-16.875,18,0
42447,5,30.000000000000007,-5.625,15,0
42448,5,24.62431835216408,0.0,20,0
42449,5,24.62431835216408,11.25,20,0
42450,5,24.62431835216408,22.5,22,0
42451,5,24.62431835216408,33.75,17,0
42452,5,24.62431835216408,45.0,11,0
42453,5,24.62431835216408,56.25,9,0
42454,5,24.62431835216408,67.5,25,0
42455,5,24.62431835216408,78.75,17,0
42456,5,24.62431835216408,90.0,23,0
42457,5,24.62431835216408,101.25,17,0
42458,5,24.62431835216408,112.5,15,0
42459,5,24.62431835216408,123.75,20,0
42460,5,24.62431835216408,135.0,18,0
42461,5,24.62431835216408,146.25,22,0
42462,5,24.62431835216408,157.5,20,0
42463,5,24.62431835216408,168.75,13,0
42464,5,24.62431835216408,-180.0,18,0
42465,5,24.62431835216408,-168.75,15,0
42466,5,24.62431835216408,-157.5,11,0
42467,5,24.62431835216408,-146.25,17,0
42468,5,24.62431835216408,-135.0,15,0
42469,5,24.62431835216408,-123.75,17,0
42470,5,24.62431835216408,-112.5,18,0
42471,5,24.62431835216408,-101.25,19,0
42472,5,24.62431835216408,-90.0,18,0
42473,5,24.62431835216408,-78.75000000000006,13,0
42474,5,24.62431835216408,-67.5,22,0
42475,5,24.62431835216408,-56.25,21,0
42476,5,24.62431835216408,-45.0,10,0
42477,5,24.62431835216408,-33.75000000000006,14,0
42478,5,24.62431835216408,-22.5,12,0
42479,5,24.62431835216408,-11.25,18,0
42480,5,19.47122063449069,5.625,15,0
42481,5,19.47122063449069,16.875,21,0
42482,5,19.47122063449069,28.125,16,0
42483,5,19.47122063449069,39.375,9,0
42484,5,19.47122063449069,50.625,19,0
42485,5,19.47122063449069,61.875,19,0
42486,5,19.47122063449069,73.125,14,0
42487,5,19.47122063449069,84.375,13,0
42488,5,19.47122063449069,95.625,19,0
42489,5,19.47122063449069,106.875,17,0
42490,5,19.47122063449069,118.125,14,0
42491,5,19.47122063449069,129.375,20,0
42492,5,19.47122063449069,140.625,21,0
42493,5,19.47122063449069,151.875,25,0
42494,5,19.47122063449069,163.125,22,0
42495,5,19.47122063449069,174.375,14,0
42496,5,19.47122063449069,-174.375,20,0
42497,5,19.47122063449069,-163.125,14,0
42498,5,19.47122063449069,-151.875,6,0
42499,5,19.47122063449069,-140.625,22,0
42500,5,19.47122063449069,-129.37500000000006,17,0
42501,5,19.47122063449069,-118.125,16,0
42502,5,19.47122063449069,-106.875,22,0
42503,5,19.47122063449069,-95.625,20,0
42504,5,19.47122063449069,-84.375,12,0
42505,5,19.47122063449069,-73.12500000000006,16,0
42506,5,19.47122063449069,-61.875,21,0
42507,5,19.47122063449069,-50.625,15,0
42508,5,19.47122063449069,-39.375,12,0
42509,5,19.47122063449069,-28.125,17,0
42510,5,19.47122063449069,-16.875,10,0
42511,5,19.47122063449069,-5.625,31,0
42512,5,14.477512185929925,0.0,27,0
42513,5,14.477512185929925,11.25,20,0
42514,5,14.477512185929925,22.5,12,0
42515,5,14.477512185929925,33.75,20,0
42516,5,14.477512185929925,45.0,20,0
42517,5,14.477512185929925,56.25,23,0
42518,5,14.477512185929925,67.5,17,0
42519,5,14.477512185929925,78.75,13,0
42520,5,14.477512185929925,90.0,13,0
42521,5,14.477512185929925,101.25,19,0
42522,5,14.477512185929925,112.5,14,0
42523,5,14.477512185929925,123.75,19,0
42524,5,14.477512185929925,135.0,19,0
42525,5,14.477512185929925,146.25,22,0
42526,5,14.477512185929925,157.5,18,0
42527,5,14.477512185929925,168.75,13,0
42528,5,14.477512185929925,-180.0,12,0
42529,5,14.477512185929925,-168.75,22,0
42530,5,14.477512185929925,-157.5,14,0
42531,5,14.477512185929925,-146.25,12,0
42532,5,14.477512185929925,-135.0,16,0
42533,5,14.477512185929925,-123.75,22,0
42534,5,14.477512185929925,-112.5,19,0
42535,5,14.477512185929925,-101.25,11,0
42536,5,14.477512185929925,-90.0,17,0
42537,5,14.477512185929925,-78.75000000000006,7,0
42538,5,14.477512185929925,-67.5,24,0
42539,5,14.477512185929925,-56.25,17,0
42540,5,14.477512185929925,-45.0,10,0
42541,5,14.477512185929925,-33.75000000000006,17,0
42542,5,14.477512185929925,-22.5,16,0
42543,5,14.477512185929925,-11.25,19,0
42544,5,9.594068226860458,5.625,21,0
42545,5,9.594068226860458,16.875,17,0
42546,5,9.594068226860458,28.125,13,0
42547,5,9.594068226860458,39.375,19,0
42548,5,9.594068226860458,50.625,18,0
42549,5,9.594068226860458,61.875,22,0
42550,5,9.594068226860458,73.125,11,0
42551,5,9.594068226860458,84.375,15,1
42552,5,9.594068226860458,95.625,16,1
42553,5,9.594068226860458,106.875,12,0
42554,5,9.594068226860458,118.125,19,0
42555,5,9.594068226860458,129.375,17,0
42556,5,9.594068226860458,140.625,21,0
42557,5,9.594068226860458,151.875,8,0
42558,5,9.594068226860458,163.125,13,0
42559,5,9.594068226860458,174.375,8,0
42560,5,9.594068226860458,-174.375,15,0
42561,5,9.594068226860458,-163.125,16,0
42562,5,9.594068226860458,-151.875,19,1
42563,5,9.594068226860458,-140.625,17,0
42564,5,9.594068226860458,-129.37500000000006,18,0
42565,5,9.594068226860458,-118.125,21,0
42566,5,9.594068226860458,-106.875,14,0
42567,5,9.594068226860458,-95.625,21,0
42568,5,9.594068226860458,-84.375,13,0
42569,5,9.594068226860458,-73.12500000000006,17,0
42570,5,9.594068226860458,-61.875,15,0
42571,5,9.594068226860458,-50.625,20,0
42572,5,9.594068226860458,-39.375,13,1
42573,5,9.594068226860458,-28.125,17,0
42574,5,9.594068226860458,-16.875,22,0
42575,5,9.594068226860458,-5.625,22,0
42576,5,4.780191847199163,0.0,19,0
42577,5,4.780191847199163,11.25,13,1
42578,5,4.780191847199163,22.5,18,3
42579,5,4.780191847199163,33.75,9,1
42580,5,4.780191847199163,45.0,16,1
42581,5,4.780191847199163,56.25,19,2
42582,5,4.780191847199163,67.5,17,3
42583,5,4.780191847199163,78.75,15,1
42584,5,4.780191847199163,90.0,16,2
42585,5,4.780191847199163,101.25,16,2
42586,5,4.780191847199163,112.5,14,0
42587,5,4.780191847199163,123.75,29,2
42588,5,4.780191847199163,135.0,17,2
42589,5,4.780191847199163,146.25,10,2
42590,5,4.780191847199163,157.5,10,1
42591,5,4.780191847199163,168.75,14,0
42592,5,4.780191847199163,-180.0,12,0
42593,5,4.780191847199163,-168.75,27,3
42594,5,4.780191847199163,-157.5,16,2
42595,5,4.780191847199163,-146.25,26,6
42596,5,4.780191847199163,-135.0,11,3
42597,5,4.780191847199163,-123.75,22,0
42598,5,4.780191847199163,-112.5,14,6
42599,5,4.780191847199163,-101.25,12,2
42600,5,4.780191847199163,-90.0,17,3
42601,5,4.780191847199163,-78.75000000000006,13,0
42602,5,4.780191847199163,-67.5,24,3
42603,5,4.780191847199163,-56.25,20,2
42604,5,4.780191847199163,-45.0,20,3
42605,5,4.780191847199163,-33.75000000000006,14,1
42606,5,4.780191847199163,-22.5,12,2
42607,5,4.780191847199163,-11.25,21,3
42608,5,0.0,5.625,14,1
42609,5,0.0,16.875,17,3
42610,5,0.0,28.125,12,2
42611,5,0.0,39.375,12,3
42612,5,0.0,50.625,17,7
42613,5,0.0,61.875,18,2
42614,5,0.0,73.125,14,2
42615,5,0.0,84.375,21,3
42616,5,0.0,95.625,14,2
42617,5,0.0,106.875,19,2
42618,5,0.0,118.125,21,3
42619,5,0.0,129.375,26,5
42620,5,0.0,140.625,17,3
42621,5,0.0,151.875,13,2
42622,5,0.0,163.125,9,2
42623,5,0.0,174.375,16,0
42624,5,0.0,-174.375,13,3
42625,5,0.0,-163.125,15,3
42626,5,0.0,-151.875,21,5
42627,5,0.0,-140.625,21,2
42628,5,0.0,-129.37500000000006,14,3
42629,5,0.0,-118.125,19,5
42630,5,0.0,-106.875,12,6
42631,5,0.0,-95.625,20,6
42632,5,0.0,-84.375,15,4
42633,5,0.0,-73.12500000000006,12,2
42634,5,0.0,-61.875,23,6
42635,5,0.0,-50.625,21,4
42636,5,0.0,-39.375,17,1
42637,5,0.0,-28.125,22,2
42638,5,0.0,-16.875,12,1
42639,5,0.0,-5.625,15,3
42640,5,-4.780191847199163,0.0,14,3
42641,5,-4.780191847199163,11.25,22,1
42642,5,-4.780191847199163,22.5,14,0
42643,5,-4.780191847199163,33.75,11,3
42644,5,-4.780191847199163,45.0,16,3
42645,5,-4.780191847199163,56.25,18,2
42646,5,-4.780191847199163,67.5,17,1
42647,5,-4.780191847199163,78.75,18,2
42648,5,-4.780191847199163,90.0,17,0
42649,5,-4.780191847199163,101.25,19,2
42650,5,-4.780191847199163,112.5,14,3
42651,5,-4.780191847199163,123.75,20,3
42652,5,-4.780191847199163,135.0,24,2
42653,5,-4.780191847199163,146.25,21,2
42654,5,-4.780191847199163,157.5,15,0
42655,5,-4.780191847199163,168.75,18,3
42656,5,-4.780191847199163,-180.0,10,0
42657,5,-4.780191847199163,-168.75,19,3
42658,5,-4.780191847199163,-157.5,12,2
42659,5,-4.780191847199163,-146.25,21,2
42660,5,-4.780191847199163,-135.0,12,1
42661,5,-4.780191847199163,-123.75,14,2
42662,5,-4.780191847199163,-112.5,14,2
42663,5,-4.780191847199163,-101.25,12,5
42664,5,-4.780191847199163,-90.0,25,2
42665,5,-4.780191847199163,-78.75000000000006,16,0
42666,5,-4.780191847199163,-67.5,22,3
42667,5,-4.780191847199163,-56.25,15,3
42668,5,-4.780191847199163,-45.0,21,2
42669,5,-4.780191847199163,-33.75000000000006,18,0
42670,5,-4.780191847199163,-22.5,22,0
42671,5,-4.780191847199163,-11.25,18,1
42672,5,-9.594068226860458,5.625,22,0
42673,5,-9.594068226860458,16.875,12,0
42674,5,-9.594068226860458,28.125,18,0
42675,5,-9.594068226860458,39.375,23,0
42676,5,-9.594068226860458,50.625,12,0
42677,5,-9.594068226860458,61.875,14,0
42678,5,-9.594068226860458,73.125,10,0
42679,5,-9.594068226860458,84.375,11,0
42680,5,-9.594068226860458,95.625,13,0
42681,5,-9.594068226860458,106.875,17,1
42682,5,-9.594068226860458,118.125,16,0
42683,5,-9.594068226860458,129.375,11,0
42684,5,-9.594068226860458,140.625,20,0
42685,5,-9.594068226860458,151.875,17,0
42686,5,-9.594068226860458,163.125,19,0
42687,5,-9.594068226860458,174.375,16,0
42688,5,-9.594068226860458,-174.375,14,0
42689,5,-9.594068226860458,-163.125,15,0
42690,5,-9.594068226860458,-151.875,16,1
42691,5,-9.594068226860458,-140.625,16,0
42692,5,-9.594068226860458,-129.37500000000006,10,1
42693,5,-9.594068226860458,-118.125,16,0
42694,5,-9.594068226860458,-106.875,16,0
42695,5,-9.594068226860458,-95.625,23,0
42696,5,-9.594068226860458,-84.375,17,1
42697,5,-9.594068226860458,-73.12500000000006,18,0
42698,5,-9.594068226860458,-61.875,16,0
42699,5,-9.594068226860458,-50.625,9,0
42700,5,-9.594068226860458,-39.375,25,0
42701,5,-9.594068226860458,-28.125,14,0
42702,5,-9.594068226860458,-16.875,14,0
42703,5,-9.594068226860458,-5.625,15,0
42704,5,-14.477512185929925,0.0,15,0
42705,5,-14.477512185929925,11.25,16,0
42706,5,-14.477512185929925,22.5,18,0
42707,5,-14.477512185929925,33.75,15,0
42708,5,-14.477512185929925,45.0,15,0
42709,5,-14.477512185929925,56.25,19,0
42710,5,-14.477512185929925,67.5,14,0
42711,5,-14.477512185929925,78.75,11,0
42712,5,-14.477512185929925,90.0,23,0
42713,5,-14.477512185929925,101.25,14,0
42714,5,-14.477512185929925,112.5,12,0
42715,5,-14.477512185929925,123.75,17,0
42716,5,-14.477512185929925,135.0,19,0
42717,5,-14.477512185929925,146.25,20,0
42718,5,-14.477512185929925,157.5,17,0
42719,5,-14.477512185929925,168.75,17,0
42720,5,-14.477512185929925,-180.0,16,0
42721,5,-14.477512185929925,-168.75,19,0
42722,5,-14.477512185929925,-157.5,20,1
42723,5,-14.477512185929925,-146.25,12,0
42724,5,-14.477512185929925,-135.0,14,0
42725,5,-14.477512185929925,-123.75,14,1
42726,5,-14.477512185929925,-112.5,15,0
42727,5,-14.477512185929925,-101.25,28,0
42728,5,-14.477512185929925,-90.0,16,1
42729,5,-14.477512185929925,-78.75000000000006,7,0
42730,5,-14.477512185929925,-67.5,20,0
42731,5,-14.477512185929925,-56.25,16,0
42732,5,-14.477512185929925,-45.0,20,0
42733,5,-14.477512185929925,-33.75000000000006,16,0
42734,5,-14.477512185929925,-22.5,17,0
42735,5,-14.477512185929925,-11.25,19,0
42736,5,-19.47122063449069,5.625,14,0
42737,5,-19.47122063449069,16.875,16,0
42738,5,-19.47122063449069,28.125,17,0
42739,5,-19.47122063449069,39.375,12,0
42740,5,-19.47122063449069,50.625,22,0
42741,5,-19.47122063449069,61.875,16,0
42742,5,-19.47122063449069,73.125,16,0
42743,5,-19.47122063449069,84.375,17,0
42744,5,-19.47122063449069,95.625,19,0
42745,5,-19.47122063449069,106.875,9,0
42746,5,-19.47122063449069,118.125,13,0
42747,5,-19.47122063449069,129.375,17,0
42748,5,-19.47122063449069,140.625,17,0
42749,5,-19.47122063449069,151.875,18,0
42750,5,-19.47122063449069,163.125,18,0
42751,5,-19.47122063449069,174.375,19,0
42752,5,-19.47122063449069,-174.375,15,1
42753,5,-19.47122063449069,-163.125,23,0
42754,5,-19.47122063449069,-151.875,13,0
42755,5,-19.47122063449069,-140.625,19,0
42756,5,-19.47122063449069,-129.37500000000006,17,0
42757,5,-19.47122063449069,-118.125,12,0
42758,5,-19.47122063449069,-106.875,21,0
42759,5,-19.47122063449069,-95.625,20,0
42760,5,-19.47122063449069,-84.375,15,0
42761,5,-19.47122063449069,-73.12500000000006,20,0
42762,5,-19.47122063449069,-61.875,12,0
42763,5,-19.47122063449069,-50.625,19,0
42764,5,-19.47122063449069,-39.375,21,0
42765,5,-19.47122063449069,-28.125,19,0
42766,5,-19.47122063449069,-16.875,16,0
42767,5,-19.47122063449069,-5.625,21,0
42768,5,-24.62431835216408,0.0,16,0
42769,5,-24.62431835216408,11.25,19,0
42770,5,-24.62431835216408,22.5,12,0
42771,5,-24.62431835216408,33.75,15,0
42772,5,-24.62431835216408,45.0,17,0
42773,5,-24.62431835216408,56.25,12,0
42774,5,-24.62431835216408,67.5,21,0
42775,5,-24.62431835216408,78.75,14,0
42776,5,-24.62431835216408,90.0,21,0
42777,5,-24.62431835216408,101.25,16,0
42778,5,-24.62431835216408,112.5,13,0
42779,5,-24.62431835216408,123.75,20,0
42780,5,-24.62431835216408,135.0,19,0
42781,5,-24.62431835216408,146.25,15,0
42782,5,-24.62431835216408,157.5,13,0
42783,5,-24.62431835216408,168.75,21,0
42784,5,-24.62431835216408,-180.0,14,0
42785,5,-24.62431835216408,-168.75,19,0
42786,5,-24.62431835216408,-157.5,16,0
42787,5,-24.62431835216408,-146.25,15,0
42788,5,-24.62431835216408,-135.0,17,0
42789,5,-24.62431835216408,-123.75,13,0
42790,5,-24.62431835216408,-112.5,13,0
42791,5,-24.62431835216408,-101.25,13,0
42792,5,-24.62431835216408,-90.0,22,0
42793,5,-24.62431835216408,-78.75000000000006,16,0
42794,5,-24.62431835216408,-67.5,15,0
42795,5,-24.62431835216408,-56.25,18,0
42796,5,-24.62431835216408,-45.0,21,0
42797,5,-24.62431835216408,-33.75000000000006,22,0
42798,5,-24.62431835216408,-22.5,21,0
42799,5,-24.62431835216408,-11.25,18,0
42800,5,-30.000000000000014,5.625,20,0
42801,5,-30.000000000000014,16.875,20,0
42802,5,-30.000000000000014,28.125,15,0
42803,5,-30.000000000000014,39.375,15,0
42804,5,-30.000000000000014,50.625,11,0
42805,5,-30.000000000000014,61.875,16,0
42806,5,-30.000000000000014,73.125,16,0
42807,5,-30.000000000000014,84.375,22,0
42808,5,-30.000000000000014,95.625,15,0
42809,5,-30.000000000000014,106.875,12,0
42810,5,-30.000000000000014,118.125,18,0
42811,5,-30.000000000000014,129.375,14,0
42812,5,-30.000000000000014,140.625,14,0
42813,5,-30.000000000000014,151.875,11,0
42814,5,-30.000000000000014,163.125,23,0
42815,5,-30.000000000000014,174.375,15,0
42816,5,-30.000000000000014,-174.375,20,0
42817,5,-30.000000000000014,-163.125,22,0
42818,5,-30.000000000000014,-151.875,18,0
42819,5,-30.000000000000014,-140.625,16,0
42820,5,-30.000000000000014,-129.37500000000006,14,0
42821,5,-30.000000000000014,-118.125,10,0
42822,5,-30.000000000000014,-106.875,10,0
42823,5,-30.000000000000014,-95.625,13,0
42824,5,-30.000000000000014,-84.375,19,0
42825,5,-30.000000000000014,-73.12500000000006,19,0
42826,5,-30.000000000000014,-61.875,16,0
42827,5,-30.000000000000014,-50.625,14,0
42828,5,-30.000000000000014,-39.375,23,0
42829,5,-30.000000000000014,-28.125,18,0
42830,5,-30.000000000000014,-16.875,24,0
42831,5,-30.000000000000014,-5.625,13,0
42832,5,-35.68533471265205,0.0,14,0
42833,5,-35.68533471265205,11.25,24,0
42834,5,-35.68533471265205,22.5,14,0
42835,5,-35.68533471265205,33.75,18,0
42836,5,-35.68533471265205,45.0,17,0
42837,5,-35.68533471265205,56.25,14,0
42838,5,-35.68533471265205,67.5,12,0
42839,5,-35.68533471265205,78.75,10,0
42840,5,-35.68533471265205,90.0,25,0
42841,5,-35.68533471265205,101.25,15,0
42842,5,-35.68533471265205,112.5,13,0
42843,5,-35.68533471265205,123.75,12,0
42844,5,-35.68533471265205,135.0,11,0
42845,5,-35.68533471265205,146.25,20,0
42846,5,-35.68533471265205,157.5,14,0
42847,5,-35.68533471265205,168.75,10,0
42848,5,-35.68533471265205,-180.0,11,0
42849,5,-35.68533471265205,-168.75,17,0
42850,5,-35.68533471265205,-157.5,22,0
42851,5,-35.68533471265205,-146.25,14,0
42852,5,-35.68533471265205,-135.0,11,0
42853,5,-35.68533471265205,-123.75,14,0
42854,5,-35.68533471265205,-112.5,16,0
42855,5,-35.68533471265205,-101.25,16,0
42856,5,-35.68533471265205,-90.0,13,0
42857,5,-35.68533471265205,-78.75000000000006,21,0
42858,5,-35.68533471265205,-67.5,11,0
42859,5,-35.68533471265205,-56.25,11,0
42860,5,-35.68533471265205,-45.0,24,0
42861,5,-35.68533471265205,-33.75000000000006,13,0
42862,5,-35.68533471265205,-22.5,19,0
42863,5,-35.68533471265205,-11.25,23,0
42864,5,-41.81031489577862,5.625,21,0
42865,5,-41.81031489577862,16.875,16,0
42866,5,-41.81031489577862,28.125,21,0
42867,5,-41.81031489577862,39.375,18,0
42868,5,-41.81031489577862,50.625,17,0
42869,5,-41.81031489577862,61.875,17,0
42870,5,-41.81031489577862,73.125,14,0
42871,5,-41.81031489577862,84.375,16,0
42872,5,-41.81031489577862,95.625,24,0
42873,5,-41.81031489577862,106.875,16,0
42874,5,-41.81031489577862,118.125,12,0
42875,5,-41.81031489577862,129.375,12,0
42876,5,-41.81031489577862,140.625,19,0
42877,5,-41.81031489577862,151.875,14,0
42878,5,-41.81031489577862,163.125,17,0
42879,5,-41.81031489577862,174.375,13,0
42880,5,-41.81031489577862,-174.375,18,0
42881,5,-41.81031489577862,-163.125,20,0
42882,5,-41.81031489577862,-151.875,15,0
42883,5,-41.81031489577862,-140.625,9,0
42884,5,-41.81031489577862,-129.37500000000006,15,0
42885,5,-41.81031489577862,-118.125,18,0
42886,5,-41.81031489577862,-106.875,20,0
42887,5,-41.81031489577862,-95.625,21,0
42888,5,-41.81031489577862,-84.375,16,0
42889,5,-41.81031489577862,-73.12500000000006,13,0
42890,5,-41.81031489577862,-61.875,10,0
42891,5,-41.81031489577862,-50.625,15,0
42892,5,-41.81031489577862,-39.375,13,0
42893,5,-41.81031489577862,-28.125,16,0
42894,5,-41.81031489577862,-16.875,19,0
42895,5,-41.81031489577862,-5.625,13,0
42896,5,-48.1412077943603,6.428571428571416,19,0
42897,5,-48.1412077943603,19.285714285714278,17,0
42898,5,-48.1412077943603,32.14285714285714,19,0
42899,5,-48.1412077943603,45.0,15,0
42900,5,-48.1412077943603,57.85714285714286,14,0
42901,5,-48.1412077943603,70.71428571428572,17,0
42902,5,-48.1412077943603,83.57142857142856,24,0
42903,5,-48.1412077943603,96.42857142857144,16,0
42904,5,-48.1412077943603,109.28571428571428,18,0
42905,5,-48.1412077943603,122.14285714285711,15,0
42906,5,-48.1412077943603,135.0,19,0
42907,5,-48.1412077943603,147.8571428571429,24,0
42908,5,-48.1412077943603,160.71428571428572,18,0
42909,5,-48.1412077943603,173.57142857142856,18,0
42910,5,-48.1412077943603,-173.57142857142856,12,0
42911,5,-48.1412077943603,-160.71428571428572,14,0
42912,5,-48.1412077943603,-147.8571428571429,14,0
42913,5,-48.1412077943603,-135.0,16,0
42914,5,-48.1412077943603,-122.14285714285711,14,0
42915,5,-48.1412077943603,-109.28571428571428,22,0
42916,5,-48.1412077943603,-96.42857142857144,18,0
42917,5,-48.1412077943603,-83.57142857142856,17,0
42918,5,-48.1412077943603,-70.71428571428572,13,0
42919,5,-48.1412077943603,-57.85714285714283,19,0
42920,5,-48.1412077943603,-45.0,17,0
42921,5,-48.1412077943603,-32.14285714285717,18,0
42922,5,-48.1412077943603,-19.28571428571422,21,0
42923,5,-48.1412077943603,-6.428571428571445,15,0
42924,5,-54.340912303861245,7.5,24,0
42925,5,-54.340912303861245,22.5,8,0
42926,5,-54.340912303861245,37.5,26,0
42927,5,-54.340912303861245,52.5,23,0
42928,5,-54.340912303861245,67.5,16,0
42929,5,-54.340912303861245,82.5,16,0
42930,5,-54.340912303861245,97.5,19,0
42931,5,-54.340912303861245,112.5,20,0
42932,5,-54.340912303861245,127.5,25,0
42933,5,-54.340912303861245,142.5,28,0
42934,5,-54.340912303861245,157.5,22,0
42935,5,-54.340912303861245,172.5,9,0
42936,5,-54.340912303861245,-172.5,9,0
42937,5,-54.340912303861245,-157.5,19,0
42938,5,-54.340912303861245,-142.5,18,0
42939,5,-54.340912303861245,-127.5,14,0
42940,5,-54.340912303861245,-112.5,17,0
42941,5,-54.340912303861245,-97.5,17,0
42942,5,-54.340912303861245,-82.5,10,0
42943,5,-54.340912303861245,-67.5,13,0
42944,5,-54.340912303861245,-52.50000000000006,16,0
42945,5,-54.340912303861245,-37.5,14,0
42946,5,-54.340912303861245,-22.5,23,0
42947,5,-54.340912303861245,-7.5,23,0
42948,5,-60.4344388449523,9.0,16,0
42949,5,-60.4344388449523,27.0,22,0
42950,5,-60.4344388449523,45.0,21,0
42951,5,-60.4344388449523,63.0,16,0
42952,5,-60.4344388449523,81.0,21,0
42953,5,-60.4344388449523,99.0,17,0
42954,5,-60.4344388449523,117.0,18,0
42955,5,-60.4344388449523,135.0,20,0
42956,5,-60.4344388449523,153.0,15,0
42957,5,-60.4344388449523,171.0,13,0
42958,5,-60.4344388449523,-171.0,16,0
42959,5,-60.4344388449523,-153.0,14,0
42960,5,-60.4344388449523,-135.0,12,0
42961,5,-60.4344388449523,-117.0,9,0
42962,5,-60.4344388449523,-99.0,21,0
42963,5,-60.4344388449523,-81.0,16,0
42964,5,-60.4344388449523,-63.0,10,0
42965,5,-60.4344388449523,-45.0,13,0
42966,5,-60.4344388449523,-27.0,16,0
42967,5,-60.4344388449523,-9.0,15,0
42968,5,-66.44353569089876,11.25,11,0
42969,5,-66.44353569089876,33.75,28,0
42970,5,-66.44353569089876,56.25,19,0
42971,5,-66.44353569089876,78.75,16,0
42972,5,-66.44353569089876,101.25,9,0
42973,5,-66.44353569089876,123.75,17,0
42974,5,-66.44353569089876,146.25,13,0
42975,5,-66.44353569089876,168.75,18,0
42976,5,-66.44353569089876,-168.75,14,0
42977,5,-66.44353569089876,-146.25,16,0
42978,5,-66.44353569089876,-123.75,10,0
42979,5,-66.44353569089876,-101.25,26,0
42980,5,-66.44353569089876,-78.75,19,0
42981,5,-66.44353569089876,-56.25,15,0
42982,5,-66.44353569089876,-33.75,16,0
42983,5,-66.44353569089876,-11.25,12,0
42984,5,-72.38756092964962,15.0,24,0
42985,5,-72.38756092964962,45.0,21,0
42986,5,-72.38756092964962,75.0,11,0
42987,5,-72.38756092964962,105.0,14,0
42988,5,-72.38756092964962,135.0,16,0
42989,5,-72.38756092964962,165.0,15,0
42990,5,-72.38756092964962,-165.0,15,0
42991,5,-72.38756092964962,-135.0,16,0
42992,5,-72.38756092964962,-105.0,20,0
42993,5,-72.38756092964962,-75.0,26,0
42994,5,-72.38756092964962,-45.0,20,0
42995,5,-72.38756092964962,-15.0,12,0
42996,5,-78.28414760510762,22.5,20,0
42997,5,-78.28414760510762,67.5,15,0
42998,5,-78.28414760510762,112.5,11,0
42999,5,-78.28414760510762,157.5,21,0
43000,5,-78.28414760510762,-157.5,19,0
43001,5,-78.28414760510762,-112.5,14,0
43002,5,-78.28414760510762,-67.5,28,0
43003,5,-78.28414760510762,-22.5,19,0
43004,5,-84.14973293629666,45.0,17,0
43005,5,-84.14973293629666,135.0,16,0
43006,5,-84.14973293629666,-135.0,14,0
43007,5,-84.14973293629666,-45.0,17,0
43008,5,84.14973293629666,45.0,21,0
43009,5,84.14973293629666,135.0,17,0
43010,5,84.14973293629666,-135.0,16,0
43011,5,84.14973293629666,-45.0,20,0
43012,5,78.28414760510762,22.5,24,0
43013,5,78.28414760510762,67.5,12,0
43014,5,78.28414760510762,112.5,14,0
43015,5,78.28414760510762,157.5,10,0
43016,5,78.28414760510762,-157.5,19,0
43017,5,78.28414760510762,-112.5,13,0
43018,5,78.28414760510762,-67.5,15,0
43019,5,78.28414760510762,-22.5,19,0
43020,5,72.38756092964962,15.0,17,0
43021,5,72.38756092964962,45.0,16,0
43022,5,72.38756092964962,75.0,15,0
43023,5,72.38756092964962,105.0,19,0
43024,5,72.38756092964962,135.0,16,0
43025,5,72.38756092964962,165.0,14,0
43026,5,72.38756092964962,-165.0,20,0
43027,5,72.38756092964962,-135.0,14,0
43028,5,72.38756092964962,-105.0,19,0
43029,5,72.38756092964962,-75.0,19,0
43030,5,72.38756092964962,-45.0,14,0
43031,5,72.38756092964962,-15.0,20,0
43032,5,66.44353569089877,11.25,15,0
43033,5,66.44353569089877,33.75,21,0
43034,5,66.44353569089877,56.25,14,0
43035,5,66.44353569089877,78.75,15,0
43036,5,66.44353569089877,101.25,22,0
43037,5,66.44353569089877,123.75,22,0
43038,5,66.44353569089877,146.25,22,0
43039,5,66.44353569089877,168.75,15,0
43040,5,66.44353569089877,-168.75,17,0
43041,5,66.44353569089877,-146.25,14,0
43042,5,66.44353569089877,-123.75,13,0
43043,5,66.44353569089877,-101.25,17,1
43044,5,66.44353569089877,-78.75,16,0
43045,5,66.44353569089877,-56.25,18,0
43046,5,66.44353569089877,-33.75,27,0
43047,5,66.44353569089877,-11.25,16,0
43048,5,60.43443884495228,9.0,15,0
43049,5,60.43443884495228,27.0,19,0
43050,5,60.43443884495228,45.0,16,0
43051,5,60.43443884495228,63.0,12,0
43052,5,60.43443884495228,81.0,17,0
43053,5,60.43443884495228,99.0,18,0
43054,5,60.43443884495228,117.0,11,0
43055,5,60.43443884495228,135.0,13,0
43056,5,60.43443884495228,153.0,20,0
43057,5,60.43443884495228,171.0,16,0
43058,5,60.43443884495228,-171.0,14,0
43059,5,60.43443884495228,-153.0,13,0
43060,5,60.43443884495228,-135.0,10,0
43061,5,60.43443884495228,-117.0,17,0
43062,5,60.43443884495228,-99.0,16,0
43063,5,60.43443884495228,-81.0,16,0
43064,5,60.43443884495228,-63.0,17,0
43065,5,60.43443884495228,-45.0,22,0
43066,5,60.43443884495228,-27.0,14,0
43067,5,60.43443884495228,-9.0,10,0
43068,5,54.340912303861245,7.5,15,0
43069,5,54.340912303861245,22.5,14,0
43070,5,54.340912303861245,37.5,17,0
43071,5,54.340912303861245,52.5,21,0
43072,5,54.340912303861245,67.5,16,0
43073,5,54.340912303861245,82.5,18,0
43074,5,54.340912303861245,97.5,15,0
43075,5,54.340912303861245,112.5,17,0
43076,5,54.340912303861245,127.5,12,0
43077,5,54.340912303861245,142.5,20,0
43078,5,54.340912303861245,157.5,17,0
43079,5,54.340912303861245,172.5,24,0
43080,5,54.340912303861245,-172.5,17,0
43081,5,54.340912303861245,-157.5,10,0
43082,5,54.340912303861245,-142.5,12,0
43083,5,54.340912303861245,-127.5,20,0
43084,5,54.340912303861245,-112.5,22,0
43085,5,54.340912303861245,-97.5,12,0
43086,5,54.340912303861245,-82.5,18,0
43087,5,54.340912303861245,-67.5,17,0
43088,5,54.340912303861245,-52.50000000000006,14,0
43089,5,54.340912303861245,-37.5,9,0
43090,5,54.340912303861245,-22.5,19,0
43091,5,54.340912303861245,-7.5,12,0
43092,5,48.141207794360284,6.428571428571416,14,0
43093,5,48.141207794360284,19.285714285714278,14,0
43094,5,48.141207794360284,32.14285714285714,19,0
43095,5,48.141207794360284,45.0,21,0
43096,5,48.141207794360284,57.85714285714286,15,0
43097,5,48.141207794360284,70.71428571428572,16,0
43098,5,48.141207794360284,83.57142857142856,10,0
43099,5,48.141207794360284,96.42857142857144,19,0
43100,5,48.141207794360284,109.28571428571428,13,0
43101,5,48.141207794360284,122.14285714285711,22,0
43102,5,48.141207794360284,135.0,19,0
43103,5,48.141207794360284,147.8571428571429,26,0
43104,5,48.141207794360284,160.71428571428572,11,0
43105,5,48.141207794360284,173.57142857142856,23,0
43106,5,48.141207794360284,-173.57142857142856,20,0
43107,5,48.141207794360284,-160.71428571428572,15,0
43108,5,48.141207794360284,-147.8571428571429,19,0
43109,5,48.141207794360284,-135.0,18,0
43110,5,48.141207794360284,-122.14285714285711,21,0
43111,5,48.141207794360284,-109.28571428571428,14,0
43112,5,48.141207794360284,-96.42857142857144,8,0
43113,5,48.141207794360284,-83.57142857142856,16,0
43114,5,48.141207794360284,-70.71428571428572,13,0
43115,5,48.141207794360284,-57.85714285714283,16,0
43116,5,48.141207794360284,-45.0,10,0
43117,5,48.141207794360284,-32.14285714285717,17,0
43118,5,48.141207794360284,-19.28571428571422,18,0
43119,5,48.141207794360284,-6.428571428571445,15,0
43120,5,41.81031489577859,5.625,17,0
43121,5,41.81031489577859,16.875,16,0
43122,5,41.81031489577859,28.125,10,0
43123,5,41.81031489577859,39.375,23,0
43124,5,41.81031489577859,50.625,9,0
43125,5,41.81031489577859,61.875,20,0
43126,5,41.81031489577859,73.125,20,0
43127,5,41.81031489577859,84.375,16,0
43128,5,41.81031489577859,95.625,21,0
43129,5,41.81031489577859,106.875,14,0
43130,5,41.81031489577859,118.125,14,0
43131,5,41.81031489577859,129.375,22,0
43132,5,41.81031489577859,140.625,22,0
43133,5,41.81031489577859,151.875,19,0
43134,5,41.81031489577859,163.125,17,0
43135,5,41.81031489577859,174.375,15,0
43136,5,41.81031489577859,-174.375,13,0
43137,5,41.81031489577859,-163.125,13,0
43138,5,41.81031489577859,-151.875,26,0
43139,5,41.81031489577859,-140.625,24,0
43140,5,41.81031489577859,-129.37500000000006,17,0
43141,5,41.81031489577859,-118.125,20,0
43142,5,41.81031489577859,-106.875,22,0
43143,5,41.81031489577859,-95.625,12,0
43144,5,41.81031489577859,-84.375,22,0
43145,5,41.81031489577859,-73.12500000000006,20,0
43146,5,41.81031489577859,-61.875,22,0
43147,5,41.81031489577859,-50.625,14,0
43148,5,41.81031489577859,-39.375,12,0
43149,5,41.81031489577859,-28.125,10,0
43150,5,41.81031489577859,-16.875,24,0
43151,5,41.81031489577859,-5.625,16,0
43152,5,35.68533471265204,0.0,9,0
43153,5,35.68533471265204,11.25,14,0
43154,5,35.68533471265204,22.5,10,0
43155,5,35.68533471265204,33.75,18,0
43156,5,35.68533471265204,45.0,15,0
43157,5,35.68533471265204,56.25,18,0
43158,5,35.68533471265204,67.5,14,0
43159,5,35.68533471265204,78.75,15,0
43160,5,35.68533471265204,90.0,22,0
43161,5,35.68533471265204,101.25,24,0
43162,5,35.68533471265204,112.5,11,0
43163,5,35.68533471265204,123.75,10,0
43164,5,35.68533471265204,135.0,17,0
43165,5,35.68533471265204,146.25,16,0
43166,5,35.68533471265204,157.5,19,0
43167,5,35.68533471265204,168.75,16,0
43168,5,35.68533471265204,-180.0,14,0
43169,5,35.68533471265204,-168.75,9,0
43170,5,35.68533471265204,-157.5,10,0
43171,5,35.68533471265204,-146.25,18,0
43172,5,35.68533471265204,-135.0,23,0
43173,5,35.68533471265204,-123.75,11,0
43174,5,35.68533471265204,-112.5,18,0
43175,5,35.68533471265204,-101.25,19,0
43176,5,35.68533471265204,-90.0,14,0
43177,5,35.68533471265204,-78.75000000000006,23,0
43178,5,35.68533471265204,-67.5,17,0
43179,5,35.68533471265204,-56.25,14,0
43180,5,35.68533471265204,-45.0,16,0
43181,5,35.68533471265204,-33.75000000000006,12,0
43182,5,35.68533471265204,-22.5,19,0
43183,5,35.68533471265204,-11.25,24,0
43184,5,30.000000000000007,5.625,21,0
43185,5,30.000000000000007,16.875,15,0
43186,5,30.000000000000007,28.125,17,0
43187,5,30.000000000000007,39.375,18,0
43188,5,30.000000000000007,50.625,15,0
43189,5,30.000000000000007,61.875,21,0
43190,5,30.000000000000007,73.125,22,0
43191,5,30.000000000000007,84.375,15,0
43192,5,30.000000000000007,95.625,16,0
43193,5,30.000000000000007,106.875,23,0
43194,5,30.000000000000007,118.125,11,0
43195,5,30.000000000000007,129.375,20,0
43196,5,30.000000000000007,140.625,16,0
43197,5,30.000000000000007,151.875,16,0
43198,5,30.000000000000007,163.125,20,0
43199,5,30.000000000000007,174.375,14,0
43200,5,30.000000000000007,-174.375,14,0
43201,5,30.000000000000007,-163.125,15,0
43202,5,30.000000000000007,-151.875,14,0
43203,5,30.000000000000007,-140.625,11,0
43204,5,30.000000000000007,-129.37500000000006,15,0
43205,5,30.000000000000007,-118.125,13,0
43206,5,30.000000000000007,-106.875,17,0
43207,5,30.000000000000007,-95.625,15,0
43208,5,30.000000000000007,-84.375,21,0
43209,5,30.000000000000007,-73.12500000000006,25,0
43210,5,30.000000000000007,-61.875,16,0
43211,5,30.000000000000007,-50.625,16,0
43212,5,30.000000000000007,-39.375,14,0
43213,5,30.000000000000007,-28.125,18,0
43214,5,30.000000000000007,-16.875,18,0
43215,5,30.000000000000007,-5.625,15,0
43216,5,24.62431835216408,0.0,20,0
43217,5,24.62431835216408,11.25,20,0
43218,5,24.62431835216408,22.5,22,0
43219,5,24.62431835216408,33.75,17,0
43220,5,24.62431835216408,45.0,11,0
43221,5,24.62431835216408,56.25,9,0
43222,5,24.62431835216408,67.5,25,0
43223,5,24.62431835216408,78.75,17,0
43224,5,24.62431835216408,90.0,23,0
43225,5,24.62431835216408,101.25,17,0
43226,5,24.62431835216408,112.5,15,0
43227,5,24.62431835216408,123.75,20,0
43228,5,24.62431835216408,135.0,18,0
43229,5,24.62431835216408,146.25,22,0
43230,5,24.62431835216408,157.5,20,0
43231,5,24.62431835216408,168.75,13,0
43232,5,24.62431835216408,-180.0,18,0
43233,5,24.62431835216408,-168.75,15,0
43234,5,24.62431835216408,-157.5,11,0
43235,5,24.62431835216408,-146.25,17,0
43236,5,24.62431835216408,-135.0,15,0
43237,5,24.62431835216408,-123.75,17,0
43238,5,24.62431835216408,-112.5,18,0
43239,5,24.62431835216408,-101.25,19,0
43240,5,24.62431835216408,-90.0,18,0
43241,5,24.62431835216408,-78.75000000000006,13,0
43242,5,24.62431835216408,-67.5,22,0
43243,5,24.62431835216408,-56.25,21,0
43244,5,24.62431835216408,-45.0,10,0
43245,5,24.62431835216408,-33.75000000000006,14,0
43246,5,24.62431835216408,-22.5,12,0
43247,5,24.62431835216408,-11.25,18,0
43248,5,19.47122063449069,5.625,15,0
43249,5,19.47122063449069,16.875,21,0
43250,5,19.47122063449069,28.125,16,0
43251,5,19.47122063449069,39.375,9,0
43252,5,19.47122063449069,50.625,19,0
43253,5,19.47122063449069,61.875,19,0
43254,5,19.47122063449069,73.125,14,0
43255,5,19.47122063449069,84.375,13,0
43256,5,19.47122063449069,95.625,19,0
43257,5,19.47122063449069,106.875,17,0
43258,5,19.47122063449069,118.125,14,0
43259,5,19.47122063449069,129.375,20,0
43260,5,19.47122063449069,140.625,21,0
43261,5,19.47122063449069,151.875,25,0
43262,5,19.47122063449069,163.125,22,0
43263,5,19.47122063449069,174.375,14,0
43264,5,19.47122063449069,-174.375,20,0
43265,5,19.47122063449069,-163.125,14,0
43266,5,19.47122063449069,-151.875,6,0
43267,5,19.47122063449069,-140.625,22,0
43268,5,19.47122063449069,-129.37500000000006,17,0
43269,5,19.47122063449069,-118.125,16,0
43270,5,19.47122063449069,-106.875,22,0
43271,5,19.47122063449069,-95.625,20,0
43272,5,19.47122063449069,-84.375,12,0
43273,5,19.47122063449069,-73.12500000000006,16,0
43274,5,19.47122063449069,-61.875,21,0
43275,5,19.47122063449069,-50.625,15,0
43276,5,19.47122063449069,-39.375,12,0
43277,5,19.47122063449069,-28.125,17,0
43278,5,19.47122063449069,-16.875,10,0
43279,5,19.47122063449069,-5.625,31,0
43280,5,14.477512185929925,0.0,27,0
43281,5,14.477512185929925,11.25,20,0
43282,5,14.477512185929925,22.5,12,0
43283,5,14.477512185929925,33.75,20,0
43284,5,14.477512185929925,45.0,20,0
43285,5,14.477512185929925,56.25,23,0
43286,5,14.477512185929925,67.5,17,0
43287,5,14.477512185929925,78.75,13,0
43288,5,14.477512185929925,90.0,13,0
43289,5,14.477512185929925,101.25,19,0
43290,5,14.477512185929925,112.5,14,0
43291,5,14.477512185929925,123.75,19,0
43292,5,14.477512185929925,135.0,19,0
43293,5,14.477512185929925,146.25,22,0
43294,5,14.477512185929925,157.5,18,0
43295,5,14.477512185929925,168.75,13,0
43296,5,14.477512185929925,-180.0,12,0
43297,5,14.477512185929925,-168.75,22,0
43298,5,14.477512185929925,-157.5,14,0
43299,5,14.477512185929925,-146.25,12,0
43300,5,14.477512185929925,-135.0,16,0
43301,5,14.477512185929925,-123.75,22,0
43302,5,14.477512185929925,-112.5,19,0
43303,5,14.477512185929925,-101.25,11,0
43304,5,14.477512185929925,-90.0,17,0
43305,5,14.477512185929925,-78.75000000000006,7,0
43306,5,14.477512185929925,-67.5,24,0
43307,5,14.477512185929925,-56.25,17,0
43308,5,14.477512185929925,-45.0,10,0
43309,5,14.477512185929925,-33.75000000000006,17,0
43310,5,14.477512185929925,-22.5,16,0
43311,5,14.477512185929925,-11.25,19,0
43312,5,9.594068226860458,5.625,21,0
43313,5,9.594068226860458,16.875,17,0
43314,5,9.594068226860458,28.125,13,0
43315,5,9.594068226860458,39.375,19,0
43316,5,9.594068226860458,50.625,18,0
43317,5,9.594068226860458,61.875,22,0
43318,5,9.594068226860458,73.125,11,0
43319,5,9.594068226860458,84.375,15,1
43320,5,9.594068226860458,95.625,16,1
43321,5,9.594068226860458,106.875,12,0
43322,5,9.594068226860458,118.125,19,0
43323,5,9.594068226860458,129.375,17,0
43324,5,9.594068226860458,140.625,21,0
43325,5,9.594068226860458,151.875,8,0
43326,5,9.594068226860458,163.125,13,0
43327,5,9.594068226860458,174.375,8,0
43328,5,9.594068226860458,-174.375,15,0
43329,5,9.594068226860458,-163.125,16,0
43330,5,9.594068226860458,-151.875,19,1
43331,5,9.594068226860458,-140.625,17,0
43332,5,9.594068226860458,-129.37500000000006,18,0
43333,5,9.594068226860458,-118.125,21,0
43334,5,9.594068226860458,-106.875,14,0
43335,5,9.594068226860458,-95.625,21,0
43336,5,9.594068226860458,-84.375,13,0
43337,5,9.594068226860458,-73.12500000000006,17,0
43338,5,9.594068226860458,-61.875,15,0
43339,5,9.594068226860458,-50.625,20,0
43340,5,9.594068226860458,-39.375,13,1
43341,5,9.594068226860458,-28.125,17,0
43342,5,9.594068226860458,-16.875,22,0
43343,5,9.594068226860458,-5.625,22,0
43344,5,4.780191847199163,0.0,19,0
43345,5,4.780191847199163,11.25,13,1
43346,5,4.780191847199163,22.5,18,3
43347,5,4.780191847199163,33.75,9,1
43348,5,4.780191847199163,45.0,16,1
43349,5,4.780191847199163,56.25,19,2
43350,5,4.780191847199163,67.5,17,3
43351,5,4.780191847199163,78.75,15,1
43352,5,4.780191847199163,90.0,16,2
43353,5,4.780191847199163,101.25,16,2
43354,5,4.780191847199163,112.5,14,0
43355,5,4.780191847199163,123.75,29,2
43356,5,4.780191847199163,135.0,17,2
43357,5,4.780191847199163,146.25,10,2
43358,5,4.780191847199163,157.5,10,1
43359,5,4.780191847199163,168.75,14,0
43360,5,4.780191847199163,-180.0,12,0
43361,5,4.780191847199163,-168.75,27,3
43362,5,4.780191847199163,-157.5,16,2
43363,5,4.780191847199163,-146.25,26,6
43364,5,4.780191847199163,-135.0,11,3
43365,5,4.780191847199163,-123.75,22,0
43366,5,4.780191847199163,-112.5,14,6
43367,5,4.780191847199163,-101.25,12,2
43368,5,4.780191847199163,-90.0,17,3
43369,5,4.780191847199163,-78.75000000000006,13,0
43370,5,4.780191847199163,-67.5,24,3
43371,5,4.780191847199163,-56.25,20,2
43372,5,4.780191847199163,-45.0,20,3
43373,5,4.780191847199163,-33.75000000000006,14,1
43374,5,4.780191847199163,-22.5,12,2
43375,5,4.780191847199163,-11.25,21,3
43376,5,0.0,5.625,14,1
43377,5,0.0,16.875,17,3
43378,5,0.0,28.125,12,2
43379,5,0.0,39.375,12,3
43380,5,0.0,50.625,17,7
43381,5,0.0,61.875,18,2
43382,5,0.0,73.125,14,2
43383,5,0.0,84.375,21,3
43384,5,0.0,95.625,14,2
43385,5,0.0,106.875,19,2
43386,5,0.0,118.125,21,3
43387,5,0.0,129.375,26,5
43388,5,0.0,140.625,17,3
43389,5,0.0,151.875,13,2
43390,5,0.0,163.125,9,2
43391,5,0.0,174.375,16,0
43392,5,0.0,-174.375,13,3
43393,5,0.0,-163.125,15,3
43394,5,0.0,-151.875,21,5
43395,5,0.0,-140.625,21,2
43396,5,0.0,-129.37500000000006,14,3
43397,5,0.0,-118.125,19,5
43398,5,0.0,-106.875,12,6
43399,5,0.0,-95.625,20,6
43400,5,0.0,-84.375,15,4
43401,5,0.0,-73.12500000000006,12,2
43402,5,0.0,-61.875,23,6
43403,5,0.0,-50.625,21,4
43404,5,0.0,-39.375,17,1
43405,5,0.0,-28.125,22,2
43406,5,0.0,-16.875,12,1
43407,5,0.0,-5.625,15,3
43408,5,-4.780191847199163,0.0,14,3
43409,5,-4.780191847199163,11.25,22,1
43410,5,-4.780191847199163,22.5,14,0
43411,5,-4.780191847199163,33.75,11,3
43412,5,-4.780191847199163,45.0,16,3
43413,5,-4.780191847199163,56.25,18,2
43414,5,-4.780191847199163,67.5,17,1
43415,5,-4.780191847199163,78.75,18,2
43416,5,-4.780191847199163,90.0,17,0
43417,5,-4.780191847199163,101.25,19,2
43418,5,-4.780191847199163,112.5,14,3
43419,5,-4.780191847199163,123.75,20,3
43420,5,-4.780191847199163,135.0,24,2
43421,5,-4.780191847199163,146.25,21,2
43422,5,-4.780191847199163,157.5,15,0
43423,5,-4.780191847199163,168.75,18,3
43424,5,-4.780191847199163,-180.0,10,0
43425,5,-4.780191847199163,-168.75,19,3
43426,5,-4.780191847199163,-157.5,12,2
43427,5,-4.780191847199163,-146.25,21,2
43428,5,-4.780191847199163,-135.0,12,1
43429,5,-4.780191847199163,-123.75,14,2
43430,5,-4.780191847199163,-112.5,14,2
43431,5,-4.780191847199163,-101.25,12,5
43432,5,-4.780191847199163,-90.0,25,2
43433,5,-4.780191847199163,-78.75000000000006,16,0
43434,5,-4.780191847199163,-67.5,22,3
43435,5,-4.780191847199163,-56.25,15,3
43436,5,-4.780191847199163,-45.0,21,2
43437,5,-4.780191847199163,-33.75000000000006,18,0
43438,5,-4.780191847199163,-22.5,22,0
43439,5,-4.780191847199163,-11.25,18,1
43440,5,-9.594068226860458,5.625,22,0
43441,5,-9.594068226860458,16.875,12,0
43442,5,-9.594068226860458,28.125,18,0
43443,5,-9.594068226860458,39.375,23,0
43444,5,-9.594068226860458,50.625,12,0
43445,5,-9.594068226860458,61.875,14,0
43446,5,-9.594068226860458,73.125,10,0
43447,5,-9.594068226860458,84.375,11,0
43448,5,-9.594068226860458,95.625,13,0
43449,5,-9.594068226860458,106.875,17,1
43450,5,-9.594068226860458,118.125,16,0
43451,5,-9.594068226860458,129.375,11,0
43452,5,-9.594068226860458,140.625,20,0
43453,5,-9.594068226860458,151.875,17,0
43454,5,-9.594068226860458,163.125,19,0
43455,5,-9.594068226860458,174.375,16,0
43456,5,-9.594068226860458,-174.375,14,0
43457,5,-9.594068226860458,-163.125,15,0
43458,5,-9.594068226860458,-151.875,16,1
43459,5,-9.594068226860458,-140.625,16,0
43460,5,-9.594068226860458,-129.37500000000006,10,1
43461,5,-9.594068226860458,-118.125,16,0
43462,5,-9.594068226860458,-106.875,16,0
43463,5,-9.594068226860458,-95.625,23,0
43464,5,-9.594068226860458,-84.375,17,1
43465,5,-9.594068226860458,-73.12500000000006,18,0
43466,5,-9.594068226860458,-61.875,16,0
43467,5,-9.594068226860458,-50.625,9,0
43468,5,-9.594068226860458,-39.375,25,0
43469,5,-9.594068226860458,-28.125,14,0
43470,5,-9.594068226860458,-16.875,14,0
43471,5,-9.594068226860458,-5.625,15,0
43472,5,-14.477512185929925,0.0,15,0
43473,5,-14.477512185929925,11.25,16,0
43474,5,-14.477512185929925,22.5,18,0
43475,5,-14.477512185929925,33.75,15,0
43476,5,-14.477512185929925,45.0,15,0
43477,5,-14.477512185929925,56.25,19,0
43478,5,-14.477512185929925,67.5,14,0
43479,5,-14.477512185929925,78.75,11,0
43480,5,-14.477512185929925,90.0,23,0
43481,5,-14.477512185929925,101.25,14,0
43482,5,-14.477512185929925,112.5,12,0
43483,5,-14.477512185929925,123.75,17,0
43484,5,-14.477512185929925,135.0,19,0
43485,5,-14.477512185929925,146.25,20,0
43486,5,-14.477512185929925,157.5,17,0
43487,5,-14.477512185929925,168.75,17,0
43488,5,-14.477512185929925,-180.0,16,0
43489,5,-14.477512185929925,-168.75,19,0
43490,5,-14.477512185929925,-157.5,20,1
43491,5,-14.477512185929925,-146.25,12,0
43492,5,-14.477512185929925,-135.0,14,0
43493,5,-14.477512185929925,-123.75,14,1
43494,5,-14.477512185929925,-112.5,15,0
43495,5,-14.477512185929925,-101.25,28,0
43496,5,-14.477512185929925,-90.0,16,1
43497,5,-14.477512185929925,-78.75000000000006,7,0
43498,5,-14.477512185929925,-67.5,20,0
43499,5,-14.477512185929925,-56.25,16,0
43500,5,-14.477512185929925,-45.0,20,0
43501,5,-14.477512185929925,-33.75000000000006,16,0
43502,5,-14.477512185929925,-22.5,17,0
43503,5,-14.477512185929925,-11.25,19,0
43504,5,-19.47122063449069,5.625,14,0
43505,5,-19.47122063449069,16.875,16,0
43506,5,-19.47122063449069,28.125,17,0
43507,5,-19.47122063449069,39.375,12,0
43508,5,-19.47122063449069,50.625,22,0
43509,5,-19.47122063449069,61.875,16,0
43510,5,-19.47122063449069,73.125,16,0
43511,5,-19.47122063449069,84.375,17,0
43512,5,-19.47122063449069,95.625,19,0
43513,5,-19.47122063449069,106.875,9,0
43514,5,-19.47122063449069,118.125,13,0
43515,5,-19.47122063449069,129.375,17,0
43516,5,-19.47122063449069,140.625,17,0
43517,5,-19.47122063449069,151.875,18,0
43518,5,-19.47122063449069,163.125,18,0
43519,5,-19.47122063449069,174.375,19,0
43520,5,-19.47122063449069,-174.375,15,1
43521,5,-19.47122063449069,-163.125,23,0
43522,5,-19.47122063449069,-151.875,13,0
43523,5,-19.47122063449069,-140.625,19,0
43524,5,-19.47122063449069,-129.37500000000006,17,0
43525,5,-19.47122063449069,-118.125,12,0
43526,5,-19.47122063449069,-106.875,21,0
43527,5,-19.47122063449069,-95.625,20,0
43528,5,-19.47122063449069,-84.375,15,0
43529,5,-19.47122063449069,-73.12500000000006,20,0
43530,5,-19.47122063449069,-61.875,12,0
43531,5,-19.47122063449069,-50.625,19,0
43532,5,-19.47122063449069,-39.375,21,0
43533,5,-19.47122063449069,-28.125,19,0
43534,5,-19.47122063449069,-16.875,16,0
43535,5,-19.47122063449069,-5.625,21,0
43536,5,-24.62431835216408,0.0,16,0
43537,5,-24.62431835216408,11.25,19,0
43538,5,-24.62431835216408,22.5,12,0
43539,5,-24.62431835216408,33.75,15,0
43540,5,-24.62431835216408,45.0,17,0
43541,5,-24.62431835216408,56.25,12,0
43542,5,-24.62431835216408,67.5,21,0
43543,5,-24.62431835216408,78.75,14,0
43544,5,-24.62431835216408,90.0,21,0
43545,5,-24.62431835216408,101.25,16,0
43546,5,-24.62431835216408,112.5,13,0
43547,5,-24.62431835216408,123.75,20,0
43548,5,-24.62431835216408,135.0,19,0
43549,5,-24.62431835216408,146.25,15,0
43550,5,-24.62431835216408,157.5,13,0
43551,5,-24.62431835216408,168.75,21,0
43552,5,-24.62431835216408,-180.0,14,0
43553,5,-24.62431835216408,-168.75,19,0
43554,5,-24.62431835216408,-157.5,16,0
43555,5,-24.62431835216408,-146.25,15,0
43556,5,-24.62431835216408,-135.0,17,0
43557,5,-24.62431835216408,-123.75,13,0
43558,5,-24.62431835216408,-112.5,13,0
43559,5,-24.62431835216408,-101.25,13,0
43560,5,-24.62431835216408,-90.0,22,0
43561,5,-24.62431835216408,-78.75000000000006,16,0
43562,5,-24.62431835216408,-67.5,15,0
43563,5,-24.62431835216408,-56.25,18,0
43564,5,-24.62431835216408,-45.0,21,0
43565,5,-24.62431835216408,-33.75000000000006,22,0
43566,5,-24.62431835216408,-22.5,21,0
43567,5,-24.62431835216408,-11.25,18,0
43568,5,-30.000000000000014,5.625,20,0
43569,5,-30.000000000000014,16.875,20,0
43570,5,-30.000000000000014,28.125,15,0
43571,5,-30.000000000000014,39.375,15,0
43572,5,-30.000000000000014,50.625,11,0
43573,5,-30.000000000000014,61.875,16,0
43574,5,-30.000000000000014,73.125,16,0
43575,5,-30.000000000000014,84.375,22,0
43576,5,-30.000000000000014,95.625,15,0
43577,5,-30.000000000000014,106.875,12,0
43578,5,-30.000000000000014,118.125,18,0
43579,5,-30.000000000000014,129.375,14,0
43580,5,-30.000000000000014,140.625,14,0
43581,5,-30.000000000000014,151.875,11,0
43582,5,-30.000000000000014,163.125,23,0
43583,5,-30.000000000000014,174.375,15,0
43584,5,-30.000000000000014,-174.375,20,0
43585,5,-30.000000000000014,-163.125,22,0
43586,5,-30.000000000000014,-151.875,18,0
43587,5,-30.000000000000014,-140.625,16,0
43588,5,-30.000000000000014,-129.37500000000006,14,0
43589,5,-30.000000000000014,-118.125,10,0
43590,5,-30.000000000000014,-106.875,10,0
43591,5,-30.000000000000014,-95.625,13,0
43592,5,-30.000000000000014,-84.375,19,0
43593,5,-30.000000000000014,-73.12500000000006,19,0
43594,5,-30.000000000000014,-61.875,16,0
43595,5,-30.000000000000014,-50.625,14,0
43596,5,-30.000000000000014,-39.375,23,0
43597,5,-30.000000000000014,-28.125,18,0
43598,5,-30.000000000000014,-16.875,24,0
43599,5,-30.000000000000014,-5.625,13,0
43600,5,-35.68533471265205,0.0,14,0
43601,5,-35.68533471265205,11.25,24,0
43602,5,-35.68533471265205,22.5,14,0
43603,5,-35.68533471265205,33.75,18,0
43604,5,-35.68533471265205,45.0,17,0
43605,5,-35.68533471265205,56.25,14,0
43606,5,-35.68533471265205,67.5,12,0
43607,5,-35.68533471265205,78.75,10,0
43608,5,-35.68533471265205,90.0,25,0
43609,5,-35.68533471265205,101.25,15,0
43610,5,-35.68533471265205,112.5,13,0
43611,5,-35.68533471265205,123.75,12,0
43612,5,-35.68533471265205,135.0,11,0
43613,5,-35.68533471265205,146.25,20,0
43614,5,-35.68533471265205,157.5,14,0
43615,5,-35.68533471265205,168.75,10,0
43616,5,-35.68533471265205,-180.0,11,0
43617,5,-35.68533471265205,-168.75,17,0
43618,5,-35.68533471265205,-157.5,22,0
43619,5,-35.68533471265205,-146.25,14,0
43620,5,-35.68533471265205,-135.0,11,0
43621,5,-35.68533471265205,-123.75,14,0
43622,5,-35.68533471265205,-112.5,16,0
43623,5,-35.68533471265205,-101.25,16,0
43624,5,-35.68533471265205,-90.0,13,0
43625,5,-35.68533471265205,-78.75000000000006,21,0
43626,5,-35.68533471265205,-67.5,11,0
43627,5,-35.68533471265205,-56.25,11,0
43628,5,-35.68533471265205,-45.0,24,0
43629,5,-35.68533471265205,-33.75000000000006,13,0
43630,5,-35.68533471265205,-22.5,19,0
43631,5,-35.68533471265205,-11.25,23,0
43632,5,-41.81031489577862,5.625,21,0
43633,5,-41.81031489577862,16.875,16,0
43634,5,-41.81031489577862,28.125,21,0
43635,5,-41.81031489577862,39.375,18,0
43636,5,-41.81031489577862,50.625,17,0
43637,5,-41.81031489577862,61.875,17,0
43638,5,-41.81031489577862,73.125,14,0
43639,5,-41.81031489577862,84.375,16,0
43640,5,-41.81031489577862,95.625,24,0
43641,5,-41.81031489577862,106.875,16,0
43642,5,-41.81031489577862,118.125,12,0
43643,5,-41.81031489577862,129.375,12,0
43644,5,-41.81031489577862,140.625,19,0
43645,5,-41.81031489577862,151.875,14,0
43646,5,-41.81031489577862,163.125,17,0
43647,5,-41.81031489577862,174.375,13,0
43648,5,-41.81031489577862,-174.375,18,0
43649,5,-41.81031489577862,-163.125,20,0
43650,5,-41.81031489577862,-151.875,15,0
43651,5,-41.81031489577862,-140.625,9,0
43652,5,-41.81031489577862,-129.37500000000006,15,0
43653,5,-41.81031489577862,-118.125,18,0
43654,5,-41.81031489577862,-106.875,20,0
43655,5,-41.81031489577862,-95.625,21,0
43656,5,-41.81031489577862,-84.375,16,0
43657,5,-41.81031489577862,-73.12500000000006,13,0
43658,5,-41.81031489577862,-61.875,10,0
43659,5,-41.81031489577862,-50.625,15,0
43660,5,-41.81031489577862,-39.375,13,0
43661,5,-41.81031489577862,-28.125,16,0
43662,5,-41.81031489577862,-16.875,19,0
43663,5,-41.81031489577862,-5.625,13,0
43664,5,-48.1412077943603,6.428571428571416,19,0
43665,5,-48.1412077943603,19.285714285714278,17,0
43666,5,-48.1412077943603,32.14285714285714,19,0
43667,5,-48.1412077943603,45.0,15,0
43668,5,-48.1412077943603,57.85714285714286,14,0
43669,5,-48.1412077943603,70.71428571428572,17,0
43670,5,-48.1412077943603,83.57142857142856,24,0
43671,5,-48.1412077943603,96.42857142857144,16,0
43672,5,-48.1412077943603,109.28571428571428,18,0
43673,5,-48.1412077943603,122.14285714285711,15,0
43674,5,-48.1412077943603,135.0,19,0
43675,5,-48.1412077943603,147.8571428571429,24,0
43676,5,-48.1412077943603,160.71428571428572,18,0
43677,5,-48.1412077943603,173.57142857142856,18,0
43678,5,-48.1412077943603,-173.57142857142856,12,0
43679,5,-48.1412077943603,-160.71428571428572,14,0
43680,5,-48.1412077943603,-147.8571428571429,14,0
43681,5,-48.1412077943603,-135.0,16,0
43682,5,-48.1412077943603,-122.14285714285711,14,0
43683,5,-48.1412077943603,-109.28571428571428,22,0
43684,5,-48.1412077943603,-96.42857142857144,18,0
43685,5,-48.1412077943603,-83.57142857142856,17,0
43686,5,-48.1412077943603,-70.71428571428572,13,0
43687,5,-48.1412077943603,-57.85714285714283,19,0
43688,5,-48.1412077943603,-45.0,17,0
43689,5,-48.1412077943603,-32.14285714285717,18,0
43690,5,-48.1412077943603,-19.28571428571422,21,0
43691,5,-48.1412077943603,-6.428571428571445,15,0
43692,5,-54.340912303861245,7.5,24,0
43693,5,-54.340912303861245,22.5,8,0
43694,5,-54.340912303861245,37.5,26,0
43695,5,-54.340912303861245,52.5,23,0
43696,5,-54.340912303861245,67.5,16,0
43697,5,-54.340912303861245,82.5,16,0
43698,5,-54.340912303861245,97.5,19,0
43699,5,-54.340912303861245,112.5,20,0
43700,5,-54.340912303861245,127.5,25,0
43701,5,-54.340912303861245,142.5,28,0
43702,5,-54.340912303861245,157.5,22,0
43703,5,-54.340912303861245,172.5,9,0
43704,5,-54.340912303861245,-172.5,9,0
43705,5,-54.340912303861245,-157.5,19,0
43706,5,-54.340912303861245,-142.5,18,0
43707,5,-54.340912303861245,-127.5,14,0
43708,5,-54.340912303861245,-112.5,17,0
43709,5,-54.340912303861245,-97.5,17,0
43710,5,-54.340912303861245,-82.5,10,0
43711,5,-54.340912303861245,-67.5,13,0
43712,5,-54.340912303861245,-52.50000000000006,16,0
43713,5,-54.340912303861245,-37.5,14,0
43714,5,-54.340912303861245,-22.5,23,0
43715,5,-54.340912303861245,-7.5,23,0
43716,5,-60.4344388449523,9.0,16,0
43717,5,-60.4344388449523,27.0,22,0
43718,5,-60.4344388449523,45.0,21,0
43719,5,-60.4344388449523,63.0,16,0
43720,5,-60.4344388449523,81.0,21,0
43721,5,-60.4344388449523,99.0,17,0
43722,5,-60.4344388449523,117.0,18,0
43723,5,-60.4344388449523,135.0,20,0
43724,5,-60.4344388449523,153.0,15,0
43725,5,-60.4344388449523,171.0,13,0
43726,5,-60.4344388449523,-171.0,16,0
43727,5,-60.4344388449523,-153.0,14,0
43728,5,-60.4344388449523,-135.0,12,0
43729,5,-60.4344388449523,-117.0,9,0
43730,5,-60.4344388449523,-99.0,21,0
43731,5,-60.4344388449523,-81.0,16,0
43732,5,-60.4344388449523,-63.0,10,0
43733,5,-60.4344388449523,-45.0,13,0
43734,5,-60.4344388449523,-27.0,16,0
43735,5,-60.4344388449523,-9.0,15,0
43736,5,-66.44353569089876,11.25,11,0
43737,5,-66.44353569089876,33.75,28,0
43738,5,-66.44353569089876,56.25,19,0
43739,5,-66.44353569089876,78.75,16,0
43740,5,-66.44353569089876,101.25,9,0
43741,5,-66.44353569089876,123.75,17,0
43742,5,-66.44353569089876,146.25,13,0
43743,5,-66.44353569089876,168.75,18,0
43744,5,-66.44353569089876,-168.75,14,0
43745,5,-66.44353569089876,-146.25,16,0
43746,5,-66.44353569089876,-123.75,10,0
43747,5,-66.44353569089876,-101.25,26,0
43748,5,-66.44353569089876,-78.75,19,0
43749,5,-66.44353569089876,-56.25,15,0
43750,5,-66.44353569089876,-33.75,16,0
43751,5,-66.44353569089876,-11.25,12,0
43752,5,-72.38756092964962,15.0,24,0
43753,5,-72.38756092964962,45.0,21,0
43754,5,-72.38756092964962,75.0,11,0
43755,5,-72.38756092964962,105.0,14,0
43756,5,-72.38756092964962,135.0,16,0
43757,5,-72.38756092964962,165.0,15,0
43758,5,-72.38756092964962,-165.0,15,0
43759,5,-72.38756092964962,-135.0,16,0
43760,5,-72.38756092964962,-105.0,20,0
43761,5,-72.38756092964962,-75.0,26,0
43762,5,-72.38756092964962,-45.0,20,0
43763,5,-72.38756092964962,-15.0,12,0
43764,5,-78.28414760510762,22.5,20,0
43765,5,-78.28414760510762,67.5,15,0
43766,5,-78.28414760510762,112.5,11,0
43767,5,-78.28414760510762,157.5,21,0
43768,5,-78.28414760510762,-157.5,19,0
43769,5,-78.28414760510762,-112.5,14,0
43770,5,-78.28414760510762,-67.5,28,0
43771,5,-78.28414760510762,-22.5,19,0
43772,5,-84.14973293629666,45.0,17,0
43773,5,-84.14973293629666,135.0,16,0
43774,5,-84.14973293629666,-135.0,14,0
43775,5,-84.14973293629666,-45.0,17,0
43776,5,84.14973293629666,45.0,21,0
43777,5,84.14973293629666,135.0,17,0
43778,5,84.14973293629666,-135.0,16,0
43779,5,84.14973293629666,-45.0,20,0
43780,5,78.28414760510762,22.5,24,0
43781,5,78.28414760510762,67.5,12,0
43782,5,78.28414760510762,112.5,14,0
43783,5,78.28414760510762,157.5,10,0
43784,5,78.28414760510762,-157.5,19,0
43785,5,78.28414760510762,-112.5,13,0
43786,5,78.28414760510762,-67.5,15,0
43787,5,78.28414760510762,-22.5,19,0
43788,5,72.38756092964962,15.0,17,0
43789,5,72.38756092964962,45.0,16,0
43790,5,72.38756092964962,75.0,15,0
43791,5,72.38756092964962,105.0,19,0
43792,5,72.38756092964962,135.0,16,0
43793,5,72.38756092964962,165.0,14,0
43794,5,72.38756092964962,-165.0,20,0
43795,5,72.38756092964962,-135.0,14,0
43796,5,72.38756092964962,-105.0,19,0
43797,5,72.38756092964962,-75.0,19,0
43798,5,72.38756092964962,-45.0,14,0
43799,5,72.38756092964962,-15.0,20,0
43800,5,66.44353569089877,11.25,15,0
43801,5,66.44353569089877,33.75,21,0
43802,5,66.44353569089877,56.25,14,0
43803,5,66.44353569089877,78.75,15,0
43804,5,66.44353569089877,101.25,22,0
43805,5,66.44353569089877,123.75,22,0
43806,5,66.44353569089877,146.25,22,0
43807,5,66.44353569089877,168.75,15,0
43808,5,66.44353569089877,-168.75,17,0
43809,5,66.44353569089877,-146.25,14,0
43810,5,66.44353569089877,-123.75,13,0
43811,5,66.44353569089877,-101.25,17,1
43812,5,66.44353569089877,-78.75,16,0
43813,5,66.44353569089877,-56.25,18,0
43814,5,66.44353569089877,-33.75,27,0
43815,5,66.44353569089877,-11.25,16,0
43816,5,60.43443884495228,9.0,15,0
43817,5,60.43443884495228,27.0,19,0
43818,5,60.43443884495228,45.0,16,0
43819,5,60.43443884495228,63.0,12,0
43820,5,60.43443884495228,81.0,17,0
43821,5,60.43443884495228,99.0,18,0
43822,5,60.43443884495228,117.0,11,0
43823,5,60.43443884495228,135.0,13,0
43824,5,60.43443884495228,153.0,20,0
43825,5,60.43443884495228,171.0,16,0
43826,5,60.43443884495228,-171.0,14,0
43827,5,60.43443884495228,-153.0,13,0
43828,5,60.43443884495228,-135.0,10,0
43829,5,60.43443884495228,-117.0,17,0
43830,5,60.43443884495228,-99.0,16,0
43831,5,60.43443884495228,-81.0,16,0
43832,5,60.43443884495228,-63.0,17,0
43833,5,60.43443884495228,-45.0,22,0
43834,5,60.43443884495228,-27.0,14,0
43835,5,60.43443884495228,-9.0,10,0
43836,5,54.340912303861245,7.5,15,0
43837,5,54.340912303861245,22.5,14,0
43838,5,54.340912303861245,37.5,17,0
43839,5,54.340912303861245,52.5,21,0
43840,5,54.340912303861245,67.5,16,0
43841,5,54.340912303861245,82.5,18,0
43842,5,54.340912303861245,97.5,15,0
43843,5,54.340912303861245,112.5,17,0
43844,5,54.340912303861245,127.5,12,0
43845,5,54.340912303861245,142.5,20,0
43846,5,54.340912303861245,157.5,17,0
43847,5,54.340912303861245,172.5,24,0
43848,5,54.340912303861245,-172.5,17,0
43849,5,54.340912303861245,-157.5,10,0
43850,5,54.340912303861245,-142.5,12,0
43851,5,54.340912303861245,-127.5,20,0
43852,5,54.340912303861245,-112.5,22,0
43853,5,54.340912303861245,-97.5,12,0
43854,5,54.340912303861245,-82.5,18,0
43855,5,54.340912303861245,-67.5,17,0
43856,5,54.340912303861245,-52.50000000000006,14,0
43857,5,54.340912303861245,-37.5,9,0
43858,5,54.340912303861245,-22.5,19,0
43859,5,54.340912303861245,-7.5,12,0
43860,5,48.141207794360284,6.428571428571416,14,0
43861,5,48.141207794360284,19.285714285714278,14,0
43862,5,48.141207794360284,32.14285714285714,19,0
43863,5,48.141207794360284,45.0,21,0
43864,5,48.141207794360284,57.85714285714286,15,0
43865,5,48.141207794360284,70.71428571428572,16,0
43866,5,48.141207794360284,83.57142857142856,10,0
43867,5,48.141207794360284,96.42857142857144,19,0
43868,5,48.141207794360284,109.28571428571428,13,0
43869,5,48.141207794360284,122.14285714285711,22,0
43870,5,48.141207794360284,135.0,19,0
43871,5,48.141207794360284,147.8571428571429,26,0
43872,5,48.141207794360284,160.71428571428572,11,0
43873,5,48.141207794360284,173.57142857142856,23,0
43874,5,48.141207794360284,-173.57142857142856,20,0
43875,5,48.141207794360284,-160.71428571428572,15,0
43876,5,48.141207794360284,-147.8571428571429,19,0
43877,5,48.141207794360284,-135.0,18,0
43878,5,48.141207794360284,-122.14285714285711,21,0
43879,5,48.141207794360284,-109.28571428571428,14,0
43880,5,48.141207794360284,-96.42857142857144,8,0
43881,5,48.141207794360284,-83.57142857142856,16,0
43882,5,48.141207794360284,-70.71428571428572,13,0
43883,5,48.141207794360284,-57.85714285714283,16,0
43884,5,48.141207794360284,-45.0,10,0
43885,5,48.141207794360284,-32.14285714285717,17,0
43886,5,48.141207794360284,-19.28571428571422,18,0
43887,5,48.141207794360284,-6.428571428571445,15,0
43888,5,41.81031489577859,5.625,17,0
43889,5,41.81031489577859,16.875,16,0
43890,5,41.81031489577859,28.125,10,0
43891,5,41.81031489577859,39.375,23,0
43892,5,41.81031489577859,50.625,9,0
43893,5,41.81031489577859,61.875,20,0
43894,5,41.81031489577859,73.125,20,0
43895,5,41.81031489577859,84.375,16,0
43896,5,41.81031489577859,95.625,21,0
43897,5,41.81031489577859,106.875,14,0
43898,5,41.81031489577859,118.125,14,0
43899,5,41.81031489577859,129.375,22,0
43900,5,41.81031489577859,140.625,22,0
43901,5,41.81031489577859,151.875,19,0
43902,5,41.81031489577859,163.125,17,0
43903,5,41.81031489577859,174.375,15,0
43904,5,41.81031489577859,-174.375,13,0
43905,5,41.81031489577859,-163.125,13,0
43906,5,41.81031489577859,-151.875,26,0
43907,5,41.81031489577859,-140.625,24,0
43908,5,41.81031489577859,-129.37500000000006,17,0
43909,5,41.81031489577859,-118.125,20,0
43910,5,41.81031489577859,-106.875,22,0
43911,5,41.81031489577859,-95.625,12,0
43912,5,41.81031489577859,-84.375,22,0
43913,5,41.81031489577859,-73.12500000000006,20,0
43914,5,41.81031489577859,-61.875,22,0
43915,5,41.81031489577859,-50.625,14,0
43916,5,41.81031489577859,-39.375,12,0
43917,5,41.81031489577859,-28.125,10,0
43918,5,41.81031489577859,-16.875,24,0
43919,5,41.81031489577859,-5.625,16,0
43920,5,35.68533471265204,0.0,9,0
43921,5,35.68533471265204,11.25,14,0
43922,5,35.68533471265204,22.5,10,0
43923,5,35.68533471265204,33.75,18,0
43924,5,35.68533471265204,45.0,15,0
43925,5,35.68533471265204,56.25,18,0
43926,5,35.68533471265204,67.5,14,0
43927,5,35.68533471265204,78.75,15,0
43928,5,35.68533471265204,90.0,22,0
43929,5,35.68533471265204,101.25,24,0
43930,5,35.68533471265204,112.5,11,0
43931,5,35.68533471265204,123.75,10,0
43932,5,35.68533471265204,135.0,17,0
43933,5,35.68533471265204,146.25,16,0
43934,5,35.68533471265204,157.5,19,0
43935,5,35.68533471265204,168.75,16,0
43936,5,35.68533471265204,-180.0,14,0
43937,5,35.68533471265204,-168.75,9,0
43938,5,35.68533471265204,-157.5,10,0
43939,5,35.68533471265204,-146.25,18,0
43940,5,35.68533471265204,-135.0,23,0
43941,5,35.68533471265204,-123.75,11,0
43942,5,35.68533471265204,-112.5,18,0
43943,5,35.68533471265204,-101.25,19,0
43944,5,35.68533471265204,-90.0,14,0
43945,5,35.68533471265204,-78.75000000000006,23,0
43946,5,35.68533471265204,-67.5,17,0
43947,5,35.68533471265204,-56.25,14,0
43948,5,35.68533471265204,-45.0,16,0
43949,5,35.68533471265204,-33.75000000000006,12,0
43950,5,35.68533471265204,-22.5,19,0
43951,5,35.68533471265204,-11.25,24,0
43952,5,30.000000000000007,5.625,21,0
43953,5,30.000000000000007,16.875,15,0
43954,5,30.000000000000007,28.125,17,0
43955,5,30.000000000000007,39.375,18,0
43956,5,30.000000000000007,50.625,15,0
43957,5,30.000000000000007,61.875,21,0
43958,5,30.000000000000007,73.125,22,0
43959,5,30.000000000000007,84.375,15,0
43960,5,30.000000000000007,95.625,16,0
43961,5,30.000000000000007,106.875,23,0
43962,5,30.000000000000007,118.125,11,0
43963,5,30.000000000000007,129.375,20,0
43964,5,30.000000000000007,140.625,16,0
43965,5,30.000000000000007,151.875,16,0
43966,5,30.000000000000007,163.125,20,0
43967,5,30.000000000000007,174.375,14,0
43968,5,30.000000000000007,-174.375,14,0
43969,5,30.000000000000007,-163.125,15,0
43970,5,30.000000000000007,-151.875,14,0
43971,5,30.000000000000007,-140.625,11,0
43972,5,30.000000000000007,-129.37500000000006,15,0
43973,5,30.000000000000007,-118.125,13,0
43974,5,30.000000000000007,-106.875,17,0
43975,5,30.000000000000007,-95.625,15,0
43976,5,30.000000000000007,-84.375,21,0
43977,5,30.000000000000007,-73.12500000000006,25,0
43978,5,30.000000000000007,-61.875,16,0
43979,5,30.000000000000007,-50.625,16,0
43980,5,30.000000000000007,-39.375,14,0
43981,5,30.000000000000007,-28.125,18,0
43982,5,30.000000000000007,-16.875,18,0
43983,5,30.000000000000007,-5.625,15,0
43984,5,24.62431835216408,0.0,20,0
43985,5,24.62431835216408,11.25,20,0
43986,5,24.62431835216408,22.5,22,0
43987,5,24.62431835216408,33.75,17,0
43988,5,24.62431835216408,45.0,11,0
43989,5,24.62431835216408,56.25,9,0
43990,5,24.62431835216408,67.5,25,0
43991,5,24.62431835216408,78.75,17,0
43992,5,24.62431835216408,90.0,23,0
43993,5,24.62431835216408,101.25,17,0
43994,5,24.62431835216408,112.5,15,0
43995,5,24.62431835216408,123.75,20,0
43996,5,24.62431835216408,135.0,18,0
43997,5,24.62431835216408,146.25,22,0
43998,5,24.62431835216408,157.5,20,0
43999,5,24.62431835216408,168.75,13,0
44000,5,24.62431835216408,-180.0,18,0
44001,5,24.62431835216408,-168.75,15,0
44002,5,24.62431835216408,-157.5,11,0
44003,5,24.62431835216408,-146.25,17,0
44004,5,24.62431835216408,-135.0,15,0
44005,5,24.62431835216408,-123.75,17,0
44006,5,24.62431835216408,-112.5,18,0
44007,5,24.62431835216408,-101.25,19,0
44008,5,24.62431835216408,-90.0,18,0
44009,5,24.62431835216408,-78.75000000000006,13,0
44010,5,24.62431835216408,-67.5,22,0
44011,5,24.62431835216408,-56.25,21,0
44012,5,24.62431835216408,-45.0,10,0
44013,5,24.62431835216408,-33.75000000000006,14,0
44014,5,24.62431835216408,-22.5,12,0
44015,5,24.62431835216408,-11.25,18,0
44016,5,19.47122063449069,5.625,15,0
44017,5,19.47122063449069,16.875,21,0
44018,5,19.47122063449069,28.125,16,0
44019,5,19.47122063449069,39.375,9,0
44020,5,19.47122063449069,50.625,19,0
44021,5,19.47122063449069,61.875,19,0
44022,5,19.47122063449069,73.125,14,0
44023,5,19.47122063449069,84.375,13,0
44024,5,19.47122063449069,95.625,19,0
44025,5,19.47122063449069,106.875,17,0
44026,5,19.47122063449069,118.125,14,0
44027,5,19.47122063449069,129.375,20,0
44028,5,19.47122063449069,140.625,21,0
44029,5,19.47122063449069,151.875,25,0
44030,5,19.47122063449069,163.125,22,0
44031,5,19.47122063449069,174.375,14,0
44032,5,19.47122063449069,-174.375,20,0
44033,5,19.47122063449069,-163.125,14,0
44034,5,19.47122063449069,-151.875,6,0
44035,5,19.47122063449069,-140.625,22,0
44036,5,19.47122063449069,-129.37500000000006,17,0
44037,5,19.47122063449069,-118.125,16,0
44038,5,19.47122063449069,-106.875,22,0
44039,5,19.47122063449069,-95.625,20,0
44040,5,19.47122063449069,-84.375,12,0
44041,5,19.47122063449069,-73.12500000000006,16,0
44042,5,19.47122063449069,-61.875,21,0
44043,5,19.47122063449069,-50.625,15,0
44044,5,19.47122063449069,-39.375,12,0
44045,5,19.47122063449069,-28.125,17,0
44046,5,19.47122063449069,-16.875,10,0
44047,5,19.47122063449069,-5.625,31,0
44048,5,14.477512185929925,0.0,27,0
44049,5,14.477512185929925,11.25,20,0
44050,5,14.477512185929925,22.5,12,0
44051,5,14.477512185929925,33.75,20,0
44052,5,14.477512185929925,45.0,20,0
44053,5,14.477512185929925,56.25,23,0
44054,5,14.477512185929925,67.5,17,0
44055,5,14.477512185929925,78.75,13,0
44056,5,14.477512185929925,90.0,13,0
44057,5,14.477512185929925,101.25,19,0
44058,5,14.477512185929925,112.5,14,0
44059,5,14.477512185929925,123.75,19,0
44060,5,14.477512185929925,135.0,19,0
44061,5,14.477512185929925,146.25,22,0
44062,5,14.477512185929925,157.5,18,0
44063,5,14.477512185929925,168.75,13,0
44064,5,14.477512185929925,-180.0,12,0
44065,5,14.477512185929925,-168.75,22,0
44066,5,14.477512185929925,-157.5,14,0
44067,5,14.477512185929925,-146.25,12,0
44068,5,14.477512185929925,-135.0,16,0
44069,5,14.477512185929925,-123.75,22,0
44070,5,14.477512185929925,-112.5,19,0
44071,5,14.477512185929925,-101.25,11,0
44072,5,14.477512185929925,-90.0,17,0
44073,5,14.477512185929925,-78.75000000000006,7,0
44074,5,14.477512185929925,-67.5,24,0
44075,5,14.477512185929925,-56.25,17,0
44076,5,14.477512185929925,-45.0,10,0
44077,5,14.477512185929925,-33.75000000000006,17,0
44078,5,14.477512185929925,-22.5,16,0
44079,5,14.477512185929925,-11.25,19,0
44080,5,9.594068226860458,5.625,21,0
44081,5,9.594068226860458,16.875,17,0
44082,5,9.594068226860458,28.125,13,0
44083,5,9.594068226860458,39.375,19,0
44084,5,9.594068226860458,50.625,18,0
44085,5,9.594068226860458,61.875,22,0
44086,5,9.594068226860458,73.125,11,0
44087,5,9.594068226860458,84.375,15,1
44088,5,9.594068226860458,95.625,16,1
44089,5,9.594068226860458,106.875,12,0
44090,5,9.594068226860458,118.125,19,0
44091,5,9.594068226860458,129.375,17,0
44092,5,9.594068226860458,140.625,21,0
44093,5,9.594068226860458,151.875,8,0
44094,5,9.594068226860458,163.125,13,0
44095,5,9.594068226860458,174.375,8,0
44096,5,9.594068226860458,-174.375,15,0
44097,5,9.594068226860458,-163.125,16,0
44098,5,9.594068226860458,-151.875,19,1
44099,5,9.594068226860458,-140.625,17,0
44100,5,9.594068226860458,-129.37500000000006,18,0
44101,5,9.594068226860458,-118.125,21,0
44102,5,9.594068226860458,-106.875,14,0
44103,5,9.594068226860458,-95.625,21,0
44104,5,9.594068226860458,-84.375,13,0
44105,5,9.594068226860458,-73.12500000000006,17,0
44106,5,9.594068226860458,-61.875,15,0
44107,5,9.594068226860458,-50.625,20,0
44108,5,9.594068226860458,-39.375,13,1
44109,5,9.594068226860458,-28.125,17,0
44110,5,9.594068226860458,-16.875,22,0
44111,5,9.594068226860458,-5.625,22,0
44112,5,4.780191847199163,0.0,19,0
44113,5,4.780191847199163,11.25,13,1
44114,5,4.780191847199163,22.5,18,3
44115,5,4.780191847199163,33.75,9,1
44116,5,4.780191847199163,45.0,16,1
44117,5,4.780191847199163,56.25,19,2
44118,5,4.780191847199163,67.5,17,3
44119,5,4.780191847199163,78.75,15,1
44120,5,4.780191847199163,90.0,16,2
44121,5,4.780191847199163,101.25,16,2
44122,5,4.780191847199163,112.5,14,0
44123,5,4.780191847199163,123.75,29,2
44124,5,4.780191847199163,135.0,17,2
44125,5,4.780191847199163,146.25,10,2
44126,5,4.780191847199163,157.5,10,1
44127,5,4.780191847199163,168.75,14,0
44128,5,4.780191847199163,-180.0,12,0
44129,5,4.780191847199163,-168.75,27,3
44130,5,4.780191847199163,-157.5,16,2
44131,5,4.780191847199163,-146.25,26,6
44132,5,4.780191847199163,-135.0,11,3
44133,5,4.780191847199163,-123.75,22,0
44134,5,4.780191847199163,-112.5,14,6
44135,5,4.780191847199163,-101.25,12,2
44136,5,4.780191847199163,-90.0,17,3
44137,5,4.780191847199163,-78.75000000000006,13,0
44138,5,4.780191847199163,-67.5,24,3
44139,5,4.780191847199163,-56.25,20,2
44140,5,4.780191847199163,-45.0,20,3
44141,5,4.780191847199163,-33.75000000000006,14,1
44142,5,4.780191847199163,-22.5,12,2
44143,5,4.780191847199163,-11.25,21,3
44144,5,0.0,5.625,14,1
44145,5,0.0,16.875,17,3
44146,5,0.0,28.125,12,2
44147,5,0.0,39.375,12,3
44148,5,0.0,50.625,17,7
44149,5,0.0,61.875,18,2
44150,5,0.0,73.125,14,2
44151,5,0.0,84.375,21,3
44152,5,0.0,95.625,14,2
44153,5,0.0,106.875,19,2
44154,5,0.0,118.125,21,3
44155,5,0.0,129.375,26,5
44156,5,0.0,140.625,17,3
44157,5,0.0,151.875,13,2
44158,5,0.0,163.125,9,2
44159,5,0.0,174.375,16,0
44160,5,0.0,-174.375,13,3
44161,5,0.0,-163.125,15,3
44162,5,0.0,-151.875,21,5
44163,5,0.0,-140.625,21,2
44164,5,0.0,-129.37500000000006,14,3
44165,5,0.0,-118.125,19,5
44166,5,0.0,-106.875,12,6
44167,5,0.0,-95.625,20,6
44168,5,0.0,-84.375,15,4
44169,5,0.0,-73.12500000000006,12,2
44170,5,0.0,-61.875,23,6
44171,5,0.0,-50.625,21,4
44172,5,0.0,-39.375,17,1
44173,5,0.0,-28.125,22,2
44174,5,0.0,-16.875,12,1
44175,5,0.0,-5.625,15,3
44176,5,-4.780191847199163,0.0,14,3
44177,5,-4.780191847199163,11.25,22,1
44178,5,-4.780191847199163,22.5,14,0
44179,5,-4.780191847199163,33.75,11,3
44180,5,-4.780191847199163,45.0,16,3
44181,5,-4.780191847199163,56.25,18,2
44182,5,-4.780191847199163,67.5,17,1
44183,5,-4.780191847199163,78.75,18,2
44184,5,-4.780191847199163,90.0,17,0
44185,5,-4.780191847199163,101.25,19,2
44186,5,-4.780191847199163,112.5,14,3
44187,5,-4.780191847199163,123.75,20,3
44188,5,-4.780191847199163,135.0,24,2
44189,5,-4.780191847199163,146.25,21,2
44190,5,-4.780191847199163,157.5,15,0
44191,5,-4.780191847199163,168.75,18,3
44192,5,-4.780191847199163,-180.0,10,0
44193,5,-4.780191847199163,-168.75,19,3
44194,5,-4.780191847199163,-157.5,12,2
44195,5,-4.780191847199163,-146.25,21,2
44196,5,-4.780191847199163,-135.0,12,1
44197,5,-4.780191847199163,-123.75,14,2
44198,5,-4.780191847199163,-112.5,14,2
44199,5,-4.780191847199163,-101.25,12,5
44200,5,-4.780191847199163,-90.0,25,2
44201,5,-4.780191847199163,-78.75000000000006,16,0
44202,5,-4.780191847199163,-67.5,22,3
44203,5,-4.780191847199163,-56.25,15,3
44204,5,-4.780191847199163,-45.0,21,2
44205,5,-4.780191847199163,-33.75000000000006,18,0
44206,5,-4.780191847199163,-22.5,22,0
44207,5,-4.780191847199163,-11.25,18,1
44208,5,-9.594068226860458,5.625,22,0
44209,5,-9.594068226860458,16.875,12,0
44210,5,-9.594068226860458,28.125,18,0
44211,5,-9.594068226860458,39.375,23,0
44212,5,-9.594068226860458,50.625,12,0
44213,5,-9.594068226860458,61.875,14,0
44214,5,-9.594068226860458,73.125,10,0
44215,5,-9.594068226860458,84.375,11,0
44216,5,-9.594068226860458,95.625,13,0
44217,5,-9.594068226860458,106.875,17,1
44218,5,-9.594068226860458,118.125,16,0
44219,5,-9.594068226860458,129.375,11,0
44220,5,-9.594068226860458,140.625,20,0
44221,5,-9.594068226860458,151.875,17,0
44222,5,-9.594068226860458,163.125,19,0
44223,5,-9.594068226860458,174.375,16,0
44224,5,-9.594068226860458,-174.375,14,0
44225,5,-9.594068226860458,-163.125,15,0
44226,5,-9.594068226860458,-151.875,16,1
44227,5,-9.594068226860458,-140.625,16,0
44228,5,-9.594068226860458,-129.37500000000006,10,1
44229,5,-9.594068226860458,-118.125,16,0
44230,5,-9.594068226860458,-106.875,16,0
44231,5,-9.594068226860458,-95.625,23,0
44232,5,-9.594068226860458,-84.375,17,1
44233,5,-9.594068226860458,-73.12500000000006,18,0
44234,5,-9.594068226860458,-61.875,16,0
44235,5,-9.594068226860458,-50.625,9,0
44236,5,-9.594068226860458,-39.375,25,0
44237,5,-9.594068226860458,-28.125,14,0
44238,5,-9.594068226860458,-16.875,14,0
44239,5,-9.594068226860458,-5.625,15,0
44240,5,-14.477512185929925,0.0,15,0
44241,5,-14.477512185929925,11.25,16,0
44242,5,-14.477512185929925,22.5,18,0
44243,5,-14.477512185929925,33.75,15,0
44244,5,-14.477512185929925,45.0,15,0
44245,5,-14.477512185929925,56.25,19,0
44246,5,-14.477512185929925,67.5,14,0
44247,5,-14.477512185929925,78.75,11,0
44248,5,-14.477512185929925,90.0,23,0
44249,5,-14.477512185929925,101.25,14,0
44250,5,-14.477512185929925,112.5,12,0
44251,5,-14.477512185929925,123.75,17,0
44252,5,-14.477512185929925,135.0,19,0
44253,5,-14.477512185929925,146.25,20,0
44254,5,-14.477512185929925,157.5,17,0
44255,5,-14.477512185929925,168.75,17,0
44256,5,-14.477512185929925,-180.0,16,0
44257,5,-14.477512185929925,-168.75,19,0
44258,5,-14.477512185929925,-157.5,20,1
44259,5,-14.477512185929925,-146.25,12,0
44260,5,-14.477512185929925,-135.0,14,0
44261,5,-14.477512185929925,-123.75,14,1
44262,5,-14.477512185929925,-112.5,15,0
44263,5,-14.477512185929925,-101.25,28,0
44264,5,-14.477512185929925,-90.0,16,1
44265,5,-14.477512185929925,-78.75000000000006,7,0
44266,5,-14.477512185929925,-67.5,20,0
44267,5,-14.477512185929925,-56.25,16,0
44268,5,-14.477512185929925,-45.0,20,0
44269,5,-14.477512185929925,-33.75000000000006,16,0
44270,5,-14.477512185929925,-22.5,17,0
44271,5,-14.477512185929925,-11.25,19,0
44272,5,-19.47122063449069,5.625,14,0
44273,5,-19.47122063449069,16.875,16,0
44274,5,-19.47122063449069,28.125,17,0
44275,5,-19.47122063449069,39.375,12,0
44276,5,-19.47122063449069,50.625,22,0
44277,5,-19.47122063449069,61.875,16,0
44278,5,-19.47122063449069,73.125,16,0
44279,5,-19.47122063449069,84.375,17,0
44280,5,-19.47122063449069,95.625,19,0
44281,5,-19.47122063449069,106.875,9,0
44282,5,-19.47122063449069,118.125,13,0
44283,5,-19.47122063449069,129.375,17,0
44284,5,-19.47122063449069,140.625,17,0
44285,5,-19.47122063449069,151.875,18,0
44286,5,-19.47122063449069,163.125,18,0
44287,5,-19.47122063449069,174.375,19,0
44288,5,-19.47122063449069,-174.375,15,1
44289,5,-19.47122063449069,-163.125,23,0
44290,5,-19.47122063449069,-151.875,13,0
44291,5,-19.47122063449069,-140.625,19,0
44292,5,-19.47122063449069,-129.37500000000006,17,0
44293,5,-19.47122063449069,-118.125,12,0
44294,5,-19.47122063449069,-106.875,21,0
44295,5,-19.47122063449069,-95.625,20,0
44296,5,-19.47122063449069,-84.375,15,0
44297,5,-19.47122063449069,-73.12500000000006,20,0
44298,5,-19.47122063449069,-61.875,12,0
44299,5,-19.47122063449069,-50.625,19,0
44300,5,-19.47122063449069,-39.375,21,0
44301,5,-19.47122063449069,-28.125,19,0
44302,5,-19.47122063449069,-16.875,16,0
44303,5,-19.47122063449069,-5.625,21,0
44304,5,-24.62431835216408,0.0,16,0
44305,5,-24.62431835216408,11.25,19,0
44306,5,-24.62431835216408,22.5,12,0
44307,5,-24.62431835216408,33.75,15,0
44308,5,-24.62431835216408,45.0,17,0
44309,5,-24.62431835216408,56.25,12,0
44310,5,-24.62431835216408,67.5,21,0
44311,5,-24.62431835216408,78.75,14,0
44312,5,-24.62431835216408,90.0,21,0
44313,5,-24.62431835216408,101.25,16,0
44314,5,-24.62431835216408,112.5,13,0
44315,5,-24.62431835216408,123.75,20,0
44316,5,-24.62431835216408,135.0,19,0
44317,5,-24.62431835216408,146.25,15,0
44318,5,-24.62431835216408,157.5,13,0
44319,5,-24.62431835216408,168.75,21,0
44320,5,-24.62431835216408,-180.0,14,0
44321,5,-24.62431835216408,-168.75,19,0
44322,5,-24.62431835216408,-157.5,16,0
44323,5,-24.62431835216408,-146.25,15,0
44324,5,-24.62431835216408,-135.0,17,0
44325,5,-24.62431835216408,-123.75,13,0
44326,5,-24.62431835216408,-112.5,13,0
44327,5,-24.62431835216408,-101.25,13,0
44328,5,-24.62431835216408,-90.0,22,0
44329,5,-24.62431835216408,-78.75000000000006,16,0
44330,5,-24.62431835216408,-67.5,15,0
44331,5,-24.62431835216408,-56.25,18,0
44332,5,-24.62431835216408,-45.0,21,0
44333,5,-24.62431835216408,-33.75000000000006,22,0
44334,5,-24.62431835216408,-22.5,21,0
44335,5,-24.62431835216408,-11.25,18,0
44336,5,-30.000000000000014,5.625,20,0
44337,5,-30.000000000000014,16.875,20,0
44338,5,-30.000000000000014,28.125,15,0
44339,5,-30.000000000000014,39.375,15,0
44340,5,-30.000000000000014,50.625,11,0
44341,5,-30.000000000000014,61.875,16,0
44342,5,-30.000000000000014,73.125,16,0
44343,5,-30.000000000000014,84.375,22,0
44344,5,-30.000000000000014,95.625,15,0
44345,5,-30.000000000000014,106.875,12,0
44346,5,-30.000000000000014,118.125,18,0
44347,5,-30.000000000000014,129.375,14,0
44348,5,-30.000000000000014,140.625,14,0
44349,5,-30.000000000000014,151.875,11,0
44350,5,-30.000000000000014,163.125,23,0
44351,5,-30.000000000000014,174.375,15,0
44352,5,-30.000000000000014,-174.375,20,0
44353,5,-30.000000000000014,-163.125,22,0
44354,5,-30.000000000000014,-151.875,18,0
44355,5,-30.000000000000014,-140.625,16,0
44356,5,-30.000000000000014,-129.37500000000006,14,0
44357,5,-30.000000000000014,-118.125,10,0
44358,5,-30.000000000000014,-106.875,10,0
44359,5,-30.000000000000014,-95.625,13,0
44360,5,-30.000000000000014,-84.375,19,0
44361,5,-30.000000000000014,-73.12500000000006,19,0
44362,5,-30.000000000000014,-61.875,16,0
44363,5,-30.000000000000014,-50.625,14,0
44364,5,-30.000000000000014,-39.375,23,0
44365,5,-30.000000000000014,-28.125,18,0
44366,5,-30.000000000000014,-16.875,24,0
44367,5,-30.000000000000014,-5.625,13,0
44368,5,-35.68533471265205,0.0,14,0
44369,5,-35.68533471265205,11.25,24,0
44370,5,-35.68533471265205,22.5,14,0
44371,5,-35.68533471265205,33.75,18,0
44372,5,-35.68533471265205,45.0,17,0
44373,5,-35.68533471265205,56.25,14,0
44374,5,-35.68533471265205,67.5,12,0
44375,5,-35.68533471265205,78.75,10,0
44376,5,-35.68533471265205,90.0,25,0
44377,5,-35.68533471265205,101.25,15,0
44378,5,-35.68533471265205,112.5,13,0
44379,5,-35.68533471265205,123.75,12,0
44380,5,-35.68533471265205,135.0,11,0
44381,5,-35.68533471265205,146.25,20,0
44382,5,-35.68533471265205,157.5,14,0
44383,5,-35.68533471265205,168.75,10,0
44384,5,-35.68533471265205,-180.0,11,0
44385,5,-35.68533471265205,-168.75,17,0
44386,5,-35.68533471265205,-157.5,22,0
44387,5,-35.68533471265205,-146.25,14,0
44388,5,-35.68533471265205,-135.0,11,0
44389,5,-35.68533471265205,-123.75,14,0
44390,5,-35.68533471265205,-112.5,16,0
44391,5,-35.68533471265205,-101.25,16,0
44392,5,-35.68533471265205,-90.0,13,0
44393,5,-35.68533471265205,-78.75000000000006,21,0
44394,5,-35.68533471265205,-67.5,11,0
44395,5,-35.68533471265205,-56.25,11,0
44396,5,-35.68533471265205,-45.0,24,0
44397,5,-35.68533471265205,-33.75000000000006,13,0
44398,5,-35.68533471265205,-22.5,19,0
44399,5,-35.68533471265205,-11.25,23,0
44400,5,-41.81031489577862,5.625,21,0
44401,5,-41.81031489577862,16.875,16,0
44402,5,-41.81031489577862,28.125,21,0
44403,5,-41.81031489577862,39.375,18,0
44404,5,-41.81031489577862,50.625,17,0
44405,5,-41.81031489577862,61.875,17,0
44406,5,-41.81031489577862,73.125,14,0
44407,5,-41.81031489577862,84.375,16,0
44408,5,-41.81031489577862,95.625,24,0
44409,5,-41.81031489577862,106.875,16,0
44410,5,-41.81031489577862,118.125,12,0
44411,5,-41.81031489577862,129.375,12,0
44412,5,-41.81031489577862,140.625,19,0
44413,5,-41.81031489577862,151.875,14,0
44414,5,-41.81031489577862,163.125,17,0
44415,5,-41.81031489577862,174.375,13,0
44416,5,-41.81031489577862,-174.375,18,0
44417,5,-41.81031489577862,-163.125,20,0
44418,5,-41.81031489577862,-151.875,15,0
44419,5,-41.81031489577862,-140.625,9,0
44420,5,-41.81031489577862,-129.37500000000006,15,0
44421,5,-41.81031489577862,-118.125,18,0
44422,5,-41.81031489577862,-106.875,20,0
44423,5,-41.81031489577862,-95.625,21,0
44424,5,-41.81031489577862,-84.375,16,0
44425,5,-41.81031489577862,-73.12500000000006,13,0
44426,5,-41.81031489577862,-61.875,10,0
44427,5,-41.81031489577862,-50.625,15,0
44428,5,-41.81031489577862,-39.375,13,0
44429,5,-41.81031489577862,-28.125,16,0
44430,5,-41.81031489577862,-16.875,19,0
44431,5,-41.81031489577862,-5.625,13,0
44432,5,-48.1412077943603,6.428571428571416,19,0
44433,5,-48.1412077943603,19.285714285714278,17,0
44434,5,-48.1412077943603,32.14285714285714,19,0
44435,5,-48.1412077943603,45.0,15,0
44436,5,-48.1412077943603,57.85714285714286,14,0
44437,5,-48.1412077943603,70.71428571428572,17,0
44438,5,-48.1412077943603,83.57142857142856,24,0
44439,5,-48.1412077943603,96.42857142857144,16,0
44440,5,-48.1412077943603,109.28571428571428,18,0
44441,5,-48.1412077943603,122.14285714285711,15,0
44442,5,-48.1412077943603,135.0,19,0
44443,5,-48.1412077943603,147.8571428571429,24,0
44444,5,-48.1412077943603,160.71428571428572,18,0
44445,5,-48.1412077943603,173.57142857142856,18,0
44446,5,-48.1412077943603,-173.57142857142856,12,0
44447,5,-48.1412077943603,-160.71428571428572,14,0
44448,5,-48.1412077943603,-147.8571428571429,14,0
44449,5,-48.1412077943603,-135.0,16,0
44450,5,-48.1412077943603,-122.14285714285711,14,0
44451,5,-48.1412077943603,-109.28571428571428,22,0
44452,5,-48.1412077943603,-96.42857142857144,18,0
44453,5,-48.1412077943603,-83.57142857142856,17,0
44454,5,-48.1412077943603,-70.71428571428572,13,0
44455,5,-48.1412077943603,-57.85714285714283,19,0
44456,5,-48.1412077943603,-45.0,17,0
44457,5,-48.1412077943603,-32.14285714285717,18,0
44458,5,-48.1412077943603,-19.28571428571422,21,0
44459,5,-48.1412077943603,-6.428571428571445,15,0
44460,5,-54.340912303861245,7.5,24,0
44461,5,-54.340912303861245,22.5,8,0
44462,5,-54.340912303861245,37.5,26,0
44463,5,-54.340912303861245,52.5,23,0
44464,5,-54.340912303861245,67.5,16,0
44465,5,-54.340912303861245,82.5,16,0
44466,5,-54.340912303861245,97.5,19,0
44467,5,-54.340912303861245,112.5,20,0
44468,5,-54.340912303861245,127.5,25,0
44469,5,-54.340912303861245,142.5,28,0
44470,5,-54.340912303861245,157.5,22,0
44471,5,-54.340912303861245,172.5,9,0
44472,5,-54.340912303861245,-172.5,9,0
44473,5,-54.340912303861245,-157.5,19,0
44474,5,-54.340912303861245,-142.5,18,0
44475,5,-54.340912303861245,-127.5,14,0
44476,5,-54.340912303861245,-112.5,17,0
44477,5,-54.340912303861245,-97.5,17,0
44478,5,-54.340912303861245,-82.5,10,0
44479,5,-54.340912303861245,-67.5,13,0
44480,5,-54.340912303861245,-52.50000000000006,16,0
44481,5,-54.340912303861245,-37.5,14,0
44482,5,-54.340912303861245,-22.5,23,0
44483,5,-54.340912303861245,-7.5,23,0
44484,5,-60.4344388449523,9.0,16,0
44485,5,-60.4344388449523,27.0,22,0
44486,5,-60.4344388449523,45.0,21,0
44487,5,-60.4344388449523,63.0,16,0
44488,5,-60.4344388449523,81.0,21,0
44489,5,-60.4344388449523,99.0,17,0
44490,5,-60.4344388449523,117.0,18,0
44491,5,-60.4344388449523,135.0,20,0
44492,5,-60.4344388449523,153.0,15,0
44493,5,-60.4344388449523,171.0,13,0
44494,5,-60.4344388449523,-171.0,16,0
44495,5,-60.4344388449523,-153.0,14,0
44496,5,-60.4344388449523,-135.0,12,0
44497,5,-60.4344388449523,-117.0,9,0
44498,5,-60.4344388449523,-99.0,21,0
44499,5,-60.4344388449523,-81.0,16,0
44500,5,-60.4344388449523,-63.0,10,0
44501,5,-60.4344388449523,-45.0,13,0
44502,5,-60.4344388449523,-27.0,16,0
44503,5,-60.4344388449523,-9.0,15,0
44504,5,-66.44353569089876,11.25,11,0
44505,5,-66.44353569089876,33.75,28,0
44506,5,-66.44353569089876,56.25,19,0
44507,5,-66.44353569089876,78.75,16,0
44508,5,-66.44353569089876,101.25,9,0
44509,5,-66.44353569089876,123.75,17,0
44510,5,-66.44353569089876,146.25,13,0
44511,5,-66.44353569089876,168.75,18,0
44512,5,-66.44353569089876,-168.75,14,0
44513,5,-66.44353569089876,-146.25,16,0
44514,5,-66.44353569089876,-123.75,10,0
44515,5,-66.44353569089876,-101.25,26,0
44516,5,-66.44353569089876,-78.75,19,0
44517,5,-66.44353569089876,-56.25,15,0
44518,5,-66.44353569089876,-33.75,16,0
44519,5,-66.44353569089876,-11.25,12,0
44520,5,-72.38756092964962,15.0,24,0
44521,5,-72.38756092964962,45.0,21,0
44522,5,-72.38756092964962,75.0,11,0
44523,5,-72.38756092964962,105.0,14,0
44524,5,-72.38756092964962,135.0,16,0
44525,5,-72.38756092964962,165.0,15,0
44526,5,-72.38756092964962,-165.0,15,0
44527,5,-72.38756092964962,-135.0,16,0
44528,5,-72.38756092964962,-105.0,20,0
44529,5,-72.38756092964962,-75.0,26,0
44530,5,-72.38756092964962,-45.0,20,0
44531,5,-72.38756092964962,-15.0,12,0
44532,5,-78.28414760510762,22.5,20,0
44533,5,-78.28414760510762,67.5,15,0
44534,5,-78.28414760510762,112.5,11,0
44535,5,-78.28414760510762,157.5,21,0
44536,5,-78.28414760510762,-157.5,19,0
44537,5,-78.28414760510762,-112.5,14,0
44538,5,-78.28414760510762,-67.5,28,0
44539,5,-78.28414760510762,-22.5,19,0
44540,5,-84.14973293629666,45.0,17,0
44541,5,-84.14973293629666,135.0,16,0
44542,5,-84.14973293629666,-135.0,14,0
44543,5,-84.14973293629666,-45.0,17,0
44544,5,84.14973293629666,45.0,21,0
44545,5,84.14973293629666,135.0,17,0
44546,5,84.14973293629666,-135.0,16,0
44547,5,84.14973293629666,-45.0,20,0
44548,5,78.28414760510762,22.5,24,0
44549,5,78.28414760510762,67.5,12,0
44550,5,78.28414760510762,112.5,14,0
44551,5,78.28414760510762,157.5,10,0
44552,5,78.28414760510762,-157.5,19,0
44553,5,78.28414760510762,-112.5,13,0
44554,5,78.28414760510762,-67.5,15,0
44555,5,78.28414760510762,-22.5,19,0
44556,5,72.38756092964962,15.0,17,0
44557,5,72.38756092964962,45.0,16,0
44558,5,72.38756092964962,75.0,15,0
44559,5,72.38756092964962,105.0,19,0
44560,5,72.38756092964962,135.0,16,0
44561,5,72.38756092964962,165.0,14,0
44562,5,72.38756092964962,-165.0,20,0
44563,5,72.38756092964962,-135.0,14,0
44564,5,72.38756092964962,-105.0,19,0
44565,5,72.38756092964962,-75.0,19,0
44566,5,72.38756092964962,-45.0,14,0
44567,5,72.38756092964962,-15.0,20,0
44568,5,66.44353569089877,11.25,15,0
44569,5,66.44353569089877,33.75,21,0
44570,5,66.44353569089877,56.25,14,0
44571,5,66.44353569089877,78.75,15,0
44572,5,66.44353569089877,101.25,22,0
44573,5,66.44353569089877,123.75,22,0
44574,5,66.44353569089877,146.25,22,0
44575,5,66.44353569089877,168.75,15,0
44576,5,66.44353569089877,-168.75,17,0
44577,5,66.44353569089877,-146.25,14,0
44578,5,66.44353569089877,-123.75,13,0
44579,5,66.44353569089877,-101.25,17,1
44580,5,66.44353569089877,-78.75,16,0
44581,5,66.44353569089877,-56.25,18,0
44582,5,66.44353569089877,-33.75,27,0
44583,5,66.44353569089877,-11.25,16,0
44584,5,60.43443884495228,9.0,15,0
44585,5,60.43443884495228,27.0,19,0
44586,5,60.43443884495228,45.0,16,0
44587,5,60.43443884495228,63.0,12,0
44588,5,60.43443884495228,81.0,17,0
44589,5,60.43443884495228,99.0,18,0
44590,5,60.43443884495228,117.0,11,0
44591,5,60.43443884495228,135.0,13,0
44592,5,60.43443884495228,153.0,20,0
44593,5,60.43443884495228,171.0,16,0
44594,5,60.43443884495228,-171.0,14,0
44595,5,60.43443884495228,-153.0,13,0
44596,5,60.43443884495228,-135.0,10,0
44597,5,60.43443884495228,-117.0,17,0
44598,5,60.43443884495228,-99.0,16,0
44599,5,60.43443884495228,-81.0,16,0
44600,5,60.43443884495228,-63.0,17,0
44601,5,60.43443884495228,-45.0,22,0
44602,5,60.43443884495228,-27.0,14,0
44603,5,60.43443884495228,-9.0,10,0
44604,5,54.340912303861245,7.5,15,0
44605,5,54.340912303861245,22.5,14,0
44606,5,54.340912303861245,37.5,17,0
44607,5,54.340912303861245,52.5,21,0
44608,5,54.340912303861245,67.5,16,0
44609,5,54.340912303861245,82.5,18,0
44610,5,54.340912303861245,97.5,15,0
44611,5,54.340912303861245,112.5,17,0
44612,5,54.340912303861245,127.5,12,0
44613,5,54.340912303861245,142.5,20,0
44614,5,54.340912303861245,157.5,17,0
44615,5,54.340912303861245,172.5,24,0
44616,5,54.340912303861245,-172.5,17,0
44617,5,54.340912303861245,-157.5,10,0
44618,5,54.340912303861245,-142.5,12,0
44619,5,54.340912303861245,-127.5,20,0
44620,5,54.340912303861245,-112.5,22,0
44621,5,54.340912303861245,-97.5,12,0
44622,5,54.340912303861245,-82.5,18,0
44623,5,54.340912303861245,-67.5,17,0
44624,5,54.340912303861245,-52.50000000000006,14,0
44625,5,54.340912303861245,-37.5,9,0
44626,5,54.340912303861245,-22.5,19,0
44627,5,54.340912303861245,-7.5,12,0
44628,5,48.141207794360284,6.428571428571416,14,0
44629,5,48.141207794360284,19.285714285714278,14,0
44630,5,48.141207794360284,32.14285714285714,19,0
44631,5,48.141207794360284,45.0,21,0
44632,5,48.141207794360284,57.85714285714286,15,0
44633,5,48.141207794360284,70.71428571428572,16,0
44634,5,48.141207794360284,83.57142857142856,10,0
44635,5,48.141207794360284,96.42857142857144,19,0
44636,5,48.141207794360284,109.28571428571428,13,0
44637,5,48.141207794360284,122.14285714285711,22,0
44638,5,48.141207794360284,135.0,19,0
44639,5,48.141207794360284,147.8571428571429,26,0
44640,5,48.141207794360284,160.71428571428572,11,0
44641,5,48.141207794360284,173.57142857142856,23,0
44642,5,48.141207794360284,-173.57142857142856,20,0
44643,5,48.141207794360284,-160.71428571428572,15,0
44644,5,48.141207794360284,-147.8571428571429,19,0
44645,5,48.141207794360284,-135.0,18,0
44646,5,48.141207794360284,-122.14285714285711,21,0
44647,5,48.141207794360284,-109.28571428571428,14,0
44648,5,48.141207794360284,-96.42857142857144,8,0
44649,5,48.141207794360284,-83.57142857142856,16,0
44650,5,48.141207794360284,-70.71428571428572,13,0
44651,5,48.141207794360284,-57.85714285714283,16,0
44652,5,48.141207794360284,-45.0,10,0
44653,5,48.141207794360284,-32.14285714285717,17,0
44654,5,48.141207794360284,-19.28571428571422,18,0
44655,5,48.141207794360284,-6.428571428571445,15,0
44656,5,41.81031489577859,5.625,17,0
44657,5,41.81031489577859,16.875,16,0
44658,5,41.81031489577859,28.125,10,0
44659,5,41.81031489577859,39.375,23,0
44660,5,41.81031489577859,50.625,9,0
44661,5,41.81031489577859,61.875,20,0
44662,5,41.81031489577859,73.125,20,0
44663,5,41.81031489577859,84.375,16,0
44664,5,41.81031489577859,95.625,21,0
44665,5,41.81031489577859,106.875,14,0
44666,5,41.81031489577859,118.125,14,0
44667,5,41.81031489577859,129.375,22,0
44668,5,41.81031489577859,140.625,22,0
44669,5,41.81031489577859,151.875,19,0
44670,5,41.81031489577859,163.125,17,0
44671,5,41.81031489577859,174.375,15,0
44672,5,41.81031489577859,-174.375,13,0
44673,5,41.81031489577859,-163.125,13,0
44674,5,41.81031489577859,-151.875,26,0
44675,5,41.81031489577859,-140.625,24,0
44676,5,41.81031489577859,-129.37500000000006,17,0
44677,5,41.81031489577859,-118.125,20,0
44678,5,41.81031489577859,-106.875,22,0
44679,5,41.81031489577859,-95.625,12,0
44680,5,41.81031489577859,-84.375,22,0
44681,5,41.81031489577859,-73.12500000000006,20,0
44682,5,41.81031489577859,-61.875,22,0
44683,5,41.81031489577859,-50.625,14,0
44684,5,41.81031489577859,-39.375,12,0
44685,5,41.81031489577859,-28.125,10,0
44686,5,41.81031489577859,-16.875,24,0
44687,5,41.81031489577859,-5.625,16,0
44688,5,35.68533471265204,0.0,9,0
44689,5,35.68533471265204,11.25,14,0
44690,5,35.68533471265204,22.5,10,0
44691,5,35.68533471265204,33.75,18,0
44692,5,35.68533471265204,45.0,15,0
44693,5,35.68533471265204,56.25,18,0
44694,5,35.68533471265204,67.5,14,0
44695,5,35.68533471265204,78.75,15,0
44696,5,35.68533471265204,90.0,22,0
44697,5,35.68533471265204,101.25,24,0
44698,5,35.68533471265204,112.5,11,0
44699,5,35.68533471265204,123.75,10,0
44700,5,35.68533471265204,135.0,17,0
44701,5,35.68533471265204,146.25,16,0
44702,5,35.68533471265204,157.5,19,0
44703,5,35.68533471265204,168.75,16,0
44704,5,35.68533471265204,-180.0,14,0
44705,5,35.68533471265204,-168.75,9,0
44706,5,35.68533471265204,-157.5,10,0
44707,5,35.68533471265204,-146.25,18,0
44708,5,35.68533471265204,-135.0,23,0
44709,5,35.68533471265204,-123.75,11,0
44710,5,35.68533471265204,-112.5,18,0
44711,5,35.68533471265204,-101.25,19,0
44712,5,35.68533471265204,-90.0,14,0
44713,5,35.68533471265204,-78.75000000000006,23,0
44714,5,35.68533471265204,-67.5,17,0
44715,5,35.68533471265204,-56.25,14,0
44716,5,35.68533471265204,-45.0,16,0
44717,5,35.68533471265204,-33.75000000000006,12,0
44718,5,35.68533471265204,-22.5,19,0
44719,5,35.68533471265204,-11.25,24,0
44720,5,30.000000000000007,5.625,21,0
44721,5,30.000000000000007,16.875,15,0
44722,5,30.000000000000007,28.125,17,0
44723,5,30.000000000000007,39.375,18,0
44724,5,30.000000000000007,50.625,15,0
44725,5,30.000000000000007,61.875,21,0
44726,5,30.000000000000007,73.125,22,0
44727,5,30.000000000000007,84.375,15,0
44728,5,30.000000000000007,95.625,16,0
44729,5,30.000000000000007,106.875,23,0
44730,5,30.000000000000007,118.125,11,0
44731,5,30.000000000000007,129.375,20,0
44732,5,30.000000000000007,140.625,16,0
44733,5,30.000000000000007,151.875,16,0
44734,5,30.000000000000007,163.125,20,0
44735,5,30.000000000000007,174.375,14,0
44736,5,30.000000000000007,-174.375,14,0
44737,5,30.000000000000007,-163.125,15,0
44738,5,30.000000000000007,-151.875,14,0
44739,5,30.000000000000007,-140.625,11,0
44740,5,30.000000000000007,-129.37500000000006,15,0
44741,5,30.000000000000007,-118.125,13,0
44742,5,30.000000000000007,-106.875,17,0
44743,5,30.000000000000007,-95.625,15,0
44744,5,30.000000000000007,-84.375,21,0
44745,5,30.000000000000007,-73.12500000000006,25,0
44746,5,30.000000000000007,-61.875,16,0
44747,5,30.000000000000007,-50.625,16,0
44748,5,30.000000000000007,-39.375,14,0
44749,5,30.000000000000007,-28.125,18,0
44750,5,30.000000000000007,-16.875,18,0
44751,5,30.000000000000007,-5.625,15,0
44752,5,24.62431835216408,0.0,20,0
44753,5,24.62431835216408,11.25,20,0
44754,5,24.62431835216408,22.5,22,0
44755,5,24.62431835216408,33.75,17,0
44756,5,24.62431835216408,45.0,11,0
44757,5,24.62431835216408,56.25,9,0
44758,5,24.62431835216408,67.5,25,0
44759,5,24.62431835216408,78.75,17,0
44760,5,24.62431835216408,90.0,23,0
44761,5,24.62431835216408,101.25,17,0
44762,5,24.62431835216408,112.5,15,0
44763,5,24.62431835216408,123.75,20,0
44764,5,24.62431835216408,135.0,18,0
44765,5,24.62431835216408,146.25,22,0
44766,5,24.62431835216408,157.5,20,0
44767,5,24.62431835216408,168.75,13,0
44768,5,24.62431835216408,-180.0,18,0
44769,5,24.62431835216408,-168.75,15,0
44770,5,24.62431835216408,-157.5,11,0
44771,5,24.62431835216408,-146.25,17,0
44772,5,24.62431835216408,-135.0,15,0
44773,5,24.62431835216408,-123.75,17,0
44774,5,24.62431835216408,-112.5,18,0
44775,5,24.62431835216408,-101.25,19,0
44776,5,24.62431835216408,-90.0,18,0
44777,5,24.62431835216408,-78.75000000000006,13,0
44778,5,24.62431835216408,-67.5,22,0
44779,5,24.62431835216408,-56.25,21,0
44780,5,24.62431835216408,-45.0,10,0
44781,5,24.62431835216408,-33.75000000000006,14,0
44782,5,24.62431835216408,-22.5,12,0
44783,5,24.62431835216408,-11.25,18,0
44784,5,19.47122063449069,5.625,15,0
44785,5,19.47122063449069,16.875,21,0
44786,5,19.47122063449069,28.125,16,0
44787,5,19.47122063449069,39.375,9,0
44788,5,19.47122063449069,50.625,19,0
44789,5,19.47122063449069,61.875,19,0
44790,5,19.47122063449069,73.125,14,0
44791,5,19.47122063449069,84.375,13,0
44792,5,19.47122063449069,95.625,19,0
44793,5,19.47122063449069,106.875,17,0
44794,5,19.47122063449069,118.125,14,0
44795,5,19.47122063449069,129.375,20,0
44796,5,19.47122063449069,140.625,21,0
44797,5,19.47122063449069,151.875,25,0
44798,5,19.47122063449069,163.125,22,0
44799,5,19.47122063449069,174.375,14,0
44800,5,19.47122063449069,-174.375,20,0
44801,5,19.47122063449069,-163.125,14,0
44802,5,19.47122063449069,-151.875,6,0
44803,5,19.47122063449069,-140.625,22,0
44804,5,19.47122063449069,-129.37500000000006,17,0
44805,5,19.47122063449069,-118.125,16,0
44806,5,19.47122063449069,-106.875,22,0
44807,5,19.47122063449069,-95.625,20,0
44808,5,19.47122063449069,-84.375,12,0
44809,5,19.47122063449069,-73.12500000000006,16,0
44810,5,19.47122063449069,-61.875,21,0
44811,5,19.47122063449069,-50.625,15,0
44812,5,19.47122063449069,-39.375,12,0
44813,5,19.47122063449069,-28.125,17,0
44814,5,19.47122063449069,-16.875,10,0
44815,5,19.47122063449069,-5.625,31,0
44816,5,14.477512185929925,0.0,27,0
44817,5,14.477512185929925,11.25,20,0
44818,5,14.477512185929925,22.5,12,0
44819,5,14.477512185929925,33.75,20,0
44820,5,14.477512185929925,45.0,20,0
44821,5,14.477512185929925,56.25,23,0
44822,5,14.477512185929925,67.5,17,0
44823,5,14.477512185929925,78.75,13,0
44824,5,14.477512185929925,90.0,13,0
44825,5,14.477512185929925,101.25,19,0
44826,5,14.477512185929925,112.5,14,0
44827,5,14.477512185929925,123.75,19,0
44828,5,14.477512185929925,135.0,19,0
44829,5,14.477512185929925,146.25,22,0
44830,5,14.477512185929925,157.5,18,0
44831,5,14.477512185929925,168.75,13,0
44832,5,14.477512185929925,-180.0,12,0
44833,5,14.477512185929925,-168.75,22,0
44834,5,14.477512185929925,-157.5,14,0
44835,5,14.477512185929925,-146.25,12,0
44836,5,14.477512185929925,-135.0,16,0
44837,5,14.477512185929925,-123.75,22,0
44838,5,14.477512185929925,-112.5,19,0
44839,5,14.477512185929925,-101.25,11,0
44840,5,14.477512185929925,-90.0,17,0
44841,5,14.477512185929925,-78.75000000000006,7,0
44842,5,14.477512185929925,-67.5,24,0
44843,5,14.477512185929925,-56.25,17,0
44844,5,14.477512185929925,-45.0,10,0
44845,5,14.477512185929925,-33.75000000000006,17,0
44846,5,14.477512185929925,-22.5,16,0
44847,5,14.477512185929925,-11.25,19,0
44848,5,9.594068226860458,5.625,21,0
44849,5,9.594068226860458,16.875,17,0
44850,5,9.594068226860458,28.125,13,0
44851,5,9.594068226860458,39.375,19,0
44852,5,9.594068226860458,50.625,18,0
44853,5,9.594068226860458,61.875,22,0
44854,5,9.594068226860458,73.125,11,0
44855,5,9.594068226860458,84.375,15,1
44856,5,9.594068226860458,95.625,16,1
44857,5,9.594068226860458,106.875,12,0
44858,5,9.594068226860458,118.125,19,0
44859,5,9.594068226860458,129.375,17,0
44860,5,9.594068226860458,140.625,21,0
44861,5,9.594068226860458,151.875,8,0
44862,5,9.594068226860458,163.125,13,0
44863,5,9.594068226860458,174.375,8,0
44864,5,9.594068226860458,-174.375,15,0
44865,5,9.594068226860458,-163.125,16,0
44866,5,9.594068226860458,-151.875,19,1
44867,5,9.594068226860458,-140.625,17,0
44868,5,9.594068226860458,-129.37500000000006,18,0
44869,5,9.594068226860458,-118.125,21,0
44870,5,9.594068226860458,-106.875,14,0
44871,5,9.594068226860458,-95.625,21,0
44872,5,9.594068226860458,-84.375,13,0
44873,5,9.594068226860458,-73.12500000000006,17,0
44874,5,9.594068226860458,-61.875,15,0
44875,5,9.594068226860458,-50.625,20,0
44876,5,9.594068226860458,-39.375,13,1
44877,5,9.594068226860458,-28.125,17,0
44878,5,9.594068226860458,-16.875,22,0
44879,5,9.594068226860458,-5.625,22,0
44880,5,4.780191847199163,0.0,19,0
44881,5,4.780191847199163,11.25,13,1
44882,5,4.780191847199163,22.5,18,3
44883,5,4.780191847199163,33.75,9,1
44884,5,4.780191847199163,45.0,16,1
44885,5,4.780191847199163,56.25,19,2
44886,5,4.780191847199163,67.5,17,3
44887,5,4.780191847199163,78.75,15,1
44888,5,4.780191847199163,90.0,16,2
44889,5,4.780191847199163,101.25,16,2
44890,5,4.780191847199163,112.5,14,0
44891,5,4.780191847199163,123.75,29,2
44892,5,4.780191847199163,135.0,17,2
44893,5,4.780191847199163,146.25,10,2
44894,5,4.780191847199163,157.5,10,1
44895,5,4.780191847199163,168.75,14,0
44896,5,4.780191847199163,-180.0,12,0
44897,5,4.780191847199163,-168.75,27,3
44898,5,4.780191847199163,-157.5,16,2
44899,5,4.780191847199163,-146.25,26,6
44900,5,4.780191847199163,-135.0,11,3
44901,5,4.780191847199163,-123.75,22,0
44902,5,4.780191847199163,-112.5,14,6
44903,5,4.780191847199163,-101.25,12,2
44904,5,4.780191847199163,-90.0,17,3
44905,5,4.780191847199163,-78.75000000000006,13,0
44906,5,4.780191847199163,-67.5,24,3
44907,5,4.780191847199163,-56.25,20,2
44908,5,4.780191847199163,-45.0,20,3
44909,5,4.780191847199163,-33.75000000000006,14,1
44910,5,4.780191847199163,-22.5,12,2
44911,5,4.780191847199163,-11.25,21,3
44912,5,0.0,5.625,14,1
44913,5,0.0,16.875,17,3
44914,5,0.0,28.125,12,2
44915,5,0.0,39.375,12,3
44916,5,0.0,50.625,17,7
44917,5,0.0,61.875,18,2
44918,5,0.0,73.125,14,2
44919,5,0.0,84.375,21,3
44920,5,0.0,95.625,14,2
44921,5,0.0,106.875,19,2
44922,5,0.0,118.125,21,3
44923,5,0.0,129.375,26,5
44924,5,0.0,140.625,17,3
44925,5,0.0,151.875,13,2
44926,5,0.0,163.125,9,2
44927,5,0.0,174.375,16,0
44928,5,0.0,-174.375,13,3
44929,5,0.0,-163.125,15,3
44930,5,0.0,-151.875,21,5
44931,5,0.0,-140.625,21,2
44932,5,0.0,-129.37500000000006,14,3
44933,5,0.0,-118.125,19,5
44934,5,0.0,-106.875,12,6
44935,5,0.0,-95.625,20,6
44936,5,0.0,-84.375,15,4
44937,5,0.0,-73.12500000000006,12,2
44938,5,0.0,-61.875,23,6
44939,5,0.0,-50.625,21,4
44940,5,0.0,-39.375,17,1
44941,5,0.0,-28.125,22,2
44942,5,0.0,-16.875,12,1
44943,5,0.0,-5.625,15,3
44944,5,-4.780191847199163,0.0,14,3
44945,5,-4.780191847199163,11.25,22,1
44946,5,-4.780191847199163,22.5,14,0
44947,5,-4.780191847199163,33.75,11,3
44948,5,-4.780191847199163,45.0,16,3
44949,5,-4.780191847199163,56.25,18,2
44950,5,-4.780191847199163,67.5,17,1
44951,5,-4.780191847199163,78.75,18,2
44952,5,-4.780191847199163,90.0,17,0
44953,5,-4.780191847199163,101.25,19,2
44954,5,-4.780191847199163,112.5,14,3
44955,5,-4.780191847199163,123.75,20,3
44956,5,-4.780191847199163,135.0,24,2
44957,5,-4.780191847199163,146.25,21,2
44958,5,-4.780191847199163,157.5,15,0
44959,5,-4.780191847199163,168.75,18,3
44960,5,-4.780191847199163,-180.0,10,0
44961,5,-4.780191847199163,-168.75,19,3
44962,5,-4.780191847199163,-157.5,12,2
44963,5,-4.780191847199163,-146.25,21,2
44964,5,-4.780191847199163,-135.0,12,1
44965,5,-4.780191847199163,-123.75,14,2
44966,5,-4.780191847199163,-112.5,14,2
44967,5,-4.780191847199163,-101.25,12,5
44968,5,-4.780191847199163,-90.0,25,2
44969,5,-4.780191847199163,-78.75000000000006,16,0
44970,5,-4.780191847199163,-67.5,22,3
44971,5,-4.780191847199163,-56.25,15,3
44972,5,-4.780191847199163,-45.0,21,2
44973,5,-4.780191847199163,-33.75000000000006,18,0
44974,5,-4.780191847199163,-22.5,22,0
44975,5,-4.780191847199163,-11.25,18,1
44976,5,-9.594068226860458,5.625,22,0
44977,5,-9.594068226860458,16.875,12,0
44978,5,-9.594068226860458,28.125,18,0
44979,5,-9.594068226860458,39.375,23,0
44980,5,-9.594068226860458,50.625,12,0
44981,5,-9.594068226860458,61.875,14,0
44982,5,-9.594068226860458,73.125,10,0
44983,5,-9.594068226860458,84.375,11,0
44984,5,-9.594068226860458,95.625,13,0
44985,5,-9.594068226860458,106.875,17,1
44986,5,-9.594068226860458,118.125,16,0
44987,5,-9.594068226860458,129.375,11,0
44988,5,-9.594068226860458,140.625,20,0
44989,5,-9.594068226860458,151.875,17,0
44990,5,-9.594068226860458,163.125,19,0
44991,5,-9.594068226860458,174.375,16,0
44992,5,-9.594068226860458,-174.375,14,0
44993,5,-9.594068226860458,-163.125,15,0
44994,5,-9.594068226860458,-151.875,16,1
44995,5,-9.594068226860458,-140.625,16,0
44996,5,-9.594068226860458,-129.37500000000006,10,1
44997,5,-9.594068226860458,-118.125,16,0
44998,5,-9.594068226860458,-106.875,16,0
44999,5,-9.594068226860458,-95.625,23,0
45000,5,-9.594068226860458,-84.375,17,1
45001,5,-9.594068226860458,-73.12500000000006,18,0
45002,5,-9.594068226860458,-61.875,16,0
45003,5,-9.594068226860458,-50.625,9,0
45004,5,-9.594068226860458,-39.375,25,0
45005,5,-9.594068226860458,-28.125,14,0
45006,5,-9.594068226860458,-16.875,14,0
45007,5,-9.594068226860458,-5.625,15,0
45008,5,-14.477512185929925,0.0,15,0
45009,5,-14.477512185929925,11.25,16,0
45010,5,-14.477512185929925,22.5,18,0
45011,5,-14.477512185929925,33.75,15,0
45012,5,-14.477512185929925,45.0,15,0
45013,5,-14.477512185929925,56.25,19,0
45014,5,-14.477512185929925,67.5,14,0
45015,5,-14.477512185929925,78.75,11,0
45016,5,-14.477512185929925,90.0,23,0
45017,5,-14.477512185929925,101.25,14,0
45018,5,-14.477512185929925,112.5,12,0
45019,5,-14.477512185929925,123.75,17,0
45020,5,-14.477512185929925,135.0,19,0
45021,5,-14.477512185929925,146.25,20,0
45022,5,-14.477512185929925,157.5,17,0
45023,5,-14.477512185929925,168.75,17,0
45024,5,-14.477512185929925,-180.0,16,0
45025,5,-14.477512185929925,-168.75,19,0
45026,5,-14.477512185929925,-157.5,20,1
45027,5,-14.477512185929925,-146.25,12,0
45028,5,-14.477512185929925,-135.0,14,0
45029,5,-14.477512185929925,-123.75,14,1
45030,5,-14.477512185929925,-112.5,15,0
45031,5,-14.477512185929925,-101.25,28,0
45032,5,-14.477512185929925,-90.0,16,1
45033,5,-14.477512185929925,-78.75000000000006,7,0
45034,5,-14.477512185929925,-67.5,20,0
45035,5,-14.477512185929925,-56.25,16,0
45036,5,-14.477512185929925,-45.0,20,0
45037,5,-14.477512185929925,-33.75000000000006,16,0
45038,5,-14.477512185929925,-22.5,17,0
45039,5,-14.477512185929925,-11.25,19,0
45040,5,-19.47122063449069,5.625,14,0
45041,5,-19.47122063449069,16.875,16,0
45042,5,-19.47122063449069,28.125,17,0
45043,5,-19.47122063449069,39.375,12,0
45044,5,-19.47122063449069,50.625,22,0
45045,5,-19.47122063449069,61.875,16,0
45046,5,-19.47122063449069,73.125,16,0
45047,5,-19.47122063449069,84.375,17,0
45048,5,-19.47122063449069,95.625,19,0
45049,5,-19.47122063449069,106.875,9,0
45050,5,-19.47122063449069,118.125,13,0
45051,5,-19.47122063449069,129.375,17,0
45052,5,-19.47122063449069,140.625,17,0
45053,5,-19.47122063449069,151.875,18,0
45054,5,-19.47122063449069,163.125,18,0
45055,5,-19.47122063449069,174.375,19,0
45056,5,-19.47122063449069,-174.375,15,1
45057,5,-19.47122063449069,-163.125,23,0
45058,5,-19.47122063449069,-151.875,13,0
45059,5,-19.47122063449069,-140.625,19,0
45060,5,-19.47122063449069,-129.37500000000006,17,0
45061,5,-19.47122063449069,-118.125,12,0
45062,5,-19.47122063449069,-106.875,21,0
45063,5,-19.47122063449069,-95.625,20,0
45064,5,-19.47122063449069,-84.375,15,0
45065,5,-19.47122063449069,-73.12500000000006,20,0
45066,5,-19.47122063449069,-61.875,12,0
45067,5,-19.47122063449069,-50.625,19,0
45068,5,-19.47122063449069,-39.375,21,0
45069,5,-19.47122063449069,-28.125,19,0
45070,5,-19.47122063449069,-16.875,16,0
45071,5,-19.47122063449069,-5.625,21,0
45072,5,-24.62431835216408,0.0,16,0
45073,5,-24.62431835216408,11.25,19,0
45074,5,-24.62431835216408,22.5,12,0
45075,5,-24.62431835216408,33.75,15,0
45076,5,-24.62431835216408,45.0,17,0
45077,5,-24.62431835216408,56.25,12,0
45078,5,-24.62431835216408,67.5,21,0
45079,5,-24.62431835216408,78.75,14,0
45080,5,-24.62431835216408,90.0,21,0
45081,5,-24.62431835216408,101.25,16,0
45082,5,-24.62431835216408,112.5,13,0
45083,5,-24.62431835216408,123.75,20,0
45084,5,-24.62431835216408,135.0,19,0
45085,5,-24.62431835216408,146.25,15,0
45086,5,-24.62431835216408,157.5,13,0
45087,5,-24.62431835216408,168.75,21,0
45088,5,-24.62431835216408,-180.0,14,0
45089,5,-24.62431835216408,-168.75,19,0
45090,5,-24.62431835216408,-157.5,16,0
45091,5,-24.62431835216408,-146.25,15,0
45092,5,-24.62431835216408,-135.0,17,0
45093,5,-24.62431835216408,-123.75,13,0
45094,5,-24.62431835216408,-112.5,13,0
45095,5,-24.62431835216408,-101.25,13,0
45096,5,-24.62431835216408,-90.0,22,0
45097,5,-24.62431835216408,-78.75000000000006,16,0
45098,5,-24.62431835216408,-67.5,15,0
45099,5,-24.62431835216408,-56.25,18,0
45100,5,-24.62431835216408,-45.0,21,0
45101,5,-24.62431835216408,-33.75000000000006,22,0
45102,5,-24.62431835216408,-22.5,21,0
45103,5,-24.62431835216408,-11.25,18,0
45104,5,-30.000000000000014,5.625,20,0
45105,5,-30.000000000000014,16.875,20,0
45106,5,-30.000000000000014,28.125,15,0
45107,5,-30.000000000000014,39.375,15,0
45108,5,-30.000000000000014,50.625,11,0
45109,5,-30.000000000000014,61.875,16,0
45110,5,-30.000000000000014,73.125,16,0
45111,5,-30.000000000000014,84.375,22,0
45112,5,-30.000000000000014,95.625,15,0
45113,5,-30.000000000000014,106.875,12,0
45114,5,-30.000000000000014,118.125,18,0
45115,5,-30.000000000000014,129.375,14,0
45116,5,-30.000000000000014,140.625,14,0
45117,5,-30.000000000000014,151.875,11,0
45118,5,-30.000000000000014,163.125,23,0
45119,5,-30.000000000000014,174.375,15,0
45120,5,-30.000000000000014,-174.375,20,0
45121,5,-30.000000000000014,-163.125,22,0
45122,5,-30.000000000000014,-151.875,18,0
45123,5,-30.000000000000014,-140.625,16,0
45124,5,-30.000000000000014,-129.37500000000006,14,0
45125,5,-30.000000000000014,-118.125,10,0
45126,5,-30.000000000000014,-106.875,10,0
45127,5,-30.000000000000014,-95.625,13,0
45128,5,-30.000000000000014,-84.375,19,0
45129,5,-30.000000000000014,-73.12500000000006,19,0
45130,5,-30.000000000000014,-61.875,16,0
45131,5,-30.000000000000014,-50.625,14,0
45132,5,-30.000000000000014,-39.375,23,0
45133,5,-30.000000000000014,-28.125,18,0
45134,5,-30.000000000000014,-16.875,24,0
45135,5,-30.000000000000014,-5.625,13,0
45136,5,-35.68533471265205,0.0,14,0
45137,5,-35.68533471265205,11.25,24,0
45138,5,-35.68533471265205,22.5,14,0
45139,5,-35.68533471265205,33.75,18,0
45140,5,-35.68533471265205,45.0,17,0
45141,5,-35.68533471265205,56.25,14,0
45142,5,-35.68533471265205,67.5,12,0
45143,5,-35.68533471265205,78.75,10,0
45144,5,-35.68533471265205,90.0,25,0
45145,5,-35.68533471265205,101.25,15,0
45146,5,-35.68533471265205,112.5,13,0
45147,5,-35.68533471265205,123.75,12,0
45148,5,-35.68533471265205,135.0,11,0
45149,5,-35.68533471265205,146.25,20,0
45150,5,-35.68533471265205,157.5,14,0
45151,5,-35.68533471265205,168.75,10,0
45152,5,-35.68533471265205,-180.0,11,0
45153,5,-35.68533471265205,-168.75,17,0
45154,5,-35.68533471265205,-157.5,22,0
45155,5,-35.68533471265205,-146.25,14,0
45156,5,-35.68533471265205,-135.0,11,0
45157,5,-35.68533471265205,-123.75,14,0
45158,5,-35.68533471265205,-112.5,16,0
45159,5,-35.68533471265205,-101.25,16,0
45160,5,-35.68533471265205,-90.0,13,0
45161,5,-35.68533471265205,-78.75000000000006,21,0
45162,5,-35.68533471265205,-67.5,11,0
45163,5,-35.68533471265205,-56.25,11,0
45164,5,-35.68533471265205,-45.0,24,0
45165,5,-35.68533471265205,-33.75000000000006,13,0
45166,5,-35.68533471265205,-22.5,19,0
45167,5,-35.68533471265205,-11.25,23,0
45168,5,-41.81031489577862,5.625,21,0
45169,5,-41.81031489577862,16.875,16,0
45170,5,-41.81031489577862,28.125,21,0
45171,5,-41.81031489577862,39.375,18,0
45172,5,-41.81031489577862,50.625,17,0
45173,5,-41.81031489577862,61.875,17,0
45174,5,-41.81031489577862,73.125,14,0
45175,5,-41.81031489577862,84.375,16,0
45176,5,-41.81031489577862,95.625,24,0
45177,5,-41.81031489577862,106.875,16,0
45178,5,-41.81031489577862,118.125,12,0
45179,5,-41.81031489577862,129.375,12,0
45180,5,-41.81031489577862,140.625,19,0
45181,5,-41.81031489577862,151.875,14,0
45182,5,-41.81031489577862,163.125,17,0
45183,5,-41.81031489577862,174.375,13,0
45184,5,-41.81031489577862,-174.375,18,0
45185,5,-41.81031489577862,-163.125,20,0
45186,5,-41.81031489577862,-151.875,15,0
45187,5,-41.81031489577862,-140.625,9,0
45188,5,-41.81031489577862,-129.37500000000006,15,0
45189,5,-41.81031489577862,-118.125,18,0
45190,5,-41.81031489577862,-106.875,20,0
45191,5,-41.81031489577862,-95.625,21,0
45192,5,-41.81031489577862,-84.375,16,0
45193,5,-41.81031489577862,-73.12500000000006,13,0
45194,5,-41.81031489577862,-61.875,10,0
45195,5,-41.81031489577862,-50.625,15,0
45196,5,-41.81031489577862,-39.375,13,0
45197,5,-41.81031489577862,-28.125,16,0
45198,5,-41.81031489577862,-16.875,19,0
45199,5,-41.81031489577862,-5.625,13,0
45200,5,-48.1412077943603,6.428571428571416,19,0
45201,5,-48.1412077943603,19.285714285714278,17,0
45202,5,-48.1412077943603,32.14285714285714,19,0
45203,5,-48.1412077943603,45.0,15,0
45204,5,-48.1412077943603,57.85714285714286,14,0
45205,5,-48.1412077943603,70.71428571428572,17,0
45206,5,-48.1412077943603,83.57142857142856,24,0
45207,5,-48.1412077943603,96.42857142857144,16,0
45208,5,-48.1412077943603,109.28571428571428,18,0
45209,5,-48.1412077943603,122.14285714285711,15,0
45210,5,-48.1412077943603,135.0,19,0
45211,5,-48.1412077943603,147.8571428571429,24,0
45212,5,-48.1412077943603,160.71428571428572,18,0
45213,5,-48.1412077943603,173.57142857142856,18,0
45214,5,-48.1412077943603,-173.57142857142856,12,0
45215,5,-48.1412077943603,-160.71428571428572,14,0
45216,5,-48.1412077943603,-147.8571428571429,14,0
45217,5,-48.1412077943603,-135.0,16,0
45218,5,-48.1412077943603,-122.14285714285711,14,0
45219,5,-48.1412077943603,-109.28571428571428,22,0
45220,5,-48.1412077943603,-96.42857142857144,18,0
45221,5,-48.1412077943603,-83.57142857142856,17,0
45222,5,-48.1412077943603,-70.71428571428572,13,0
45223,5,-48.1412077943603,-57.85714285714283,19,0
45224,5,-48.1412077943603,-45.0,17,0
45225,5,-48.1412077943603,-32.14285714285717,18,0
45226,5,-48.1412077943603,-19.28571428571422,21,0
45227,5,-48.1412077943603,-6.428571428571445,15,0
45228,5,-54.340912303861245,7.5,24,0
45229,5,-54.340912303861245,22.5,8,0
45230,5,-54.340912303861245,37.5,26,0
45231,5,-54.340912303861245,52.5,23,0
45232,5,-54.340912303861245,67.5,16,0
45233,5,-54.340912303861245,82.5,16,0
45234,5,-54.340912303861245,97.5,19,0
45235,5,-54.340912303861245,112.5,20,0
45236,5,-54.340912303861245,127.5,25,0
45237,5,-54.340912303861245,142.5,28,0
45238,5,-54.340912303861245,157.5,22,0
45239,5,-54.340912303861245,172.5,9,0
45240,5,-54.340912303861245,-172.5,9,0
45241,5,-54.340912303861245,-157.5,19,0
45242,5,-54.340912303861245,-142.5,18,0
45243,5,-54.340912303861245,-127.5,14,0
45244,5,-54.340912303861245,-112.5,17,0
45245,5,-54.340912303861245,-97.5,17,0
45246,5,-54.340912303861245,-82.5,10,0
45247,5,-54.340912303861245,-67.5,13,0
45248,5,-54.340912303861245,-52.50000000000006,16,0
45249,5,-54.340912303861245,-37.5,14,0
45250,5,-54.340912303861245,-22.5,23,0
45251,5,-54.340912303861245,-7.5,23,0
45252,5,-60.4344388449523,9.0,16,0
45253,5,-60.4344388449523,27.0,22,0
45254,5,-60.4344388449523,45.0,21,0
45255,5,-60.4344388449523,63.0,16,0
45256,5,-60.4344388449523,81.0,21,0
45257,5,-60.4344388449523,99.0,17,0
45258,5,-60.4344388449523,117.0,18,0
45259,5,-60.4344388449523,135.0,20,0
45260,5,-60.4344388449523,153.0,15,0
45261,5,-60.4344388449523,171.0,13,0
45262,5,-60.4344388449523,-171.0,16,0
45263,5,-60.4344388449523,-153.0,14,0
45264,5,-60.4344388449523,-135.0,12,0
45265,5,-60.4344388449523,-117.0,9,0
45266,5,-60.4344388449523,-99.0,21,0
45267,5,-60.4344388449523,-81.0,16,0
45268,5,-60.4344388449523,-63.0,10,0
45269,5,-60.4344388449523,-45.0,13,0
45270,5,-60.4344388449523,-27.0,16,0
45271,5,-60.4344388449523,-9.0,15,0
45272,5,-66.44353569089876,11.25,11,0
45273,5,-66.44353569089876,33.75,28,0
45274,5,-66.44353569089876,56.25,19,0
45275,5,-66.44353569089876,78.75,16,0
45276,5,-66.44353569089876,101.25,9,0
45277,5,-66.44353569089876,123.75,17,0
45278,5,-66.44353569089876,146.25,13,0
45279,5,-66.44353569089876,168.75,18,0
45280,5,-66.44353569089876,-168.75,14,0
45281,5,-66.44353569089876,-146.25,16,0
45282,5,-66.44353569089876,-123.75,10,0
45283,5,-66.44353569089876,-101.25,26,0
45284,5,-66.44353569089876,-78.75,19,0
45285,5,-66.44353569089876,-56.25,15,0
45286,5,-66.44353569089876,-33.75,16,0
45287,5,-66.44353569089876,-11.25,12,0
45288,5,-72.38756092964962,15.0,24,0
45289,5,-72.38756092964962,45.0,21,0
45290,5,-72.38756092964962,75.0,11,0
45291,5,-72.38756092964962,105.0,14,0
45292,5,-72.38756092964962,135.0,16,0
45293,5,-72.38756092964962,165.0,15,0
45294,5,-72.38756092964962,-165.0,15,0
45295,5,-72.38756092964962,-135.0,16,0
45296,5,-72.38756092964962,-105.0,20,0
45297,5,-72.38756092964962,-75.0,26,0
45298,5,-72.38756092964962,-45.0,20,0
45299,5,-72.38756092964962,-15.0,12,0
45300,5,-78.28414760510762,22.5,20,0
45301,5,-78.28414760510762,67.5,15,0
45302,5,-78.28414760510762,112.5,11,0
45303,5,-78.28414760510762,157.5,21,0
45304,5,-78.28414760510762,-157.5,19,0
45305,5,-78.28414760510762,-112.5,14,0
45306,5,-78.28414760510762,-67.5,28,0
45307,5,-78.28414760510762,-22.5,19,0
45308,5,-84.14973293629666,45.0,17,0
45309,5,-84.14973293629666,135.0,16,0
45310,5,-84.14973293629666,-135.0,14,0
45311,5,-84.14973293629666,-45.0,17,0
45312,5,84.14973293629666,45.0,21,0
45313,5,84.14973293629666,135.0,17,0
45314,5,84.14973293629666,-135.0,16,0
45315,5,84.14973293629666,-45.0,20,0
45316,5,78.28414760510762,22.5,24,0
45317,5,78.28414760510762,67.5,12,0
45318,5,78.28414760510762,112.5,14,0
45319,5,78.28414760510762,157.5,10,0
45320,5,78.28414760510762,-157.5,19,0
45321,5,78.28414760510762,-112.5,13,0
45322,5,78.28414760510762,-67.5,15,0
45323,5,78.28414760510762,-22.5,19,0
45324,5,72.38756092964962,15.0,17,0
45325,5,72.38756092964962,45.0,16,0
45326,5,72.38756092964962,75.0,15,0
45327,5,72.38756092964962,105.0,19,0
45328,5,72.38756092964962,135.0,16,0
45329,5,72.38756092964962,165.0,14,0
45330,5,72.38756092964962,-165.0,20,0
45331,5,72.38756092964962,-135.0,14,0
45332,5,72.38756092964962,-105.0,19,0
45333,5,72.38756092964962,-75.0,19,0
45334,5,72.38756092964962,-45.0,14,0
45335,5,72.38756092964962,-15.0,20,0
45336,5,66.44353569089877,11.25,15,0
45337,5,66.44353569089877,33.75,21,0
45338,5,66.44353569089877,56.25,14,0
45339,5,66.44353569089877,78.75,15,0
45340,5,66.44353569089877,101.25,22,0
45341,5,66.44353569089877,123.75,22,0
45342,5,66.44353569089877,146.25,22,0
45343,5,66.44353569089877,168.75,15,0
45344,5,66.44353569089877,-168.75,17,0
45345,5,66.44353569089877,-146.25,14,0
45346,5,66.44353569089877,-123.75,13,0
45347,5,66.44353569089877,-101.25,17,1
45348,5,66.44353569089877,-78.75,16,0
45349,5,66.44353569089877,-56.25,18,0
45350,5,66.44353569089877,-33.75,27,0
45351,5,66.44353569089877,-11.25,16,0
45352,5,60.43443884495228,9.0,15,0
45353,5,60.43443884495228,27.0,19,0
45354,5,60.43443884495228,45.0,16,0
45355,5,60.43443884495228,63.0,12,0
45356,5,60.43443884495228,81.0,17,0
45357,5,60.43443884495228,99.0,18,0
45358,5,60.43443884495228,117.0,11,0
45359,5,60.43443884495228,135.0,13,0
45360,5,60.43443884495228,153.0,20,0
45361,5,60.43443884495228,171.0,16,0
45362,5,60.43443884495228,-171.0,14,0
45363,5,60.43443884495228,-153.0,13,0
45364,5,60.43443884495228,-135.0,10,0
45365,5,60.43443884495228,-117.0,17,0
45366,5,60.43443884495228,-99.0,16,0
45367,5,60.43443884495228,-81.0,16,0
45368,5,60.43443884495228,-63.0,17,0
45369,5,60.43443884495228,-45.0,22,0
45370,5,60.43443884495228,-27.0,14,0
45371,5,60.43443884495228,-9.0,10,0
45372,5,54.340912303861245,7.5,15,0
45373,5,54.340912303861245,22.5,14,0
45374,5,54.340912303861245,37.5,17,0
45375,5,54.340912303861245,52.5,21,0
45376,5,54.340912303861245,67.5,16,0
45377,5,54.340912303861245,82.5,18,0
45378,5,54.340912303861245,97.5,15,0
45379,5,54.340912303861245,112.5,17,0
45380,5,54.340912303861245,127.5,12,0
45381,5,54.340912303861245,142.5,20,0
45382,5,54.340912303861245,157.5,17,0
45383,5,54.340912303861245,172.5,24,0
45384,5,54.340912303861245,-172.5,17,0
45385,5,54.340912303861245,-157.5,10,0
45386,5,54.340912303861245,-142.5,12,0
45387,5,54.340912303861245,-127.5,20,0
45388,5,54.340912303861245,-112.5,22,0
45389,5,54.340912303861245,-97.5,12,0
45390,5,54.340912303861245,-82.5,18,0
45391,5,54.340912303861245,-67.5,17,0
45392,5,54.340912303861245,-52.50000000000006,14,0
45393,5,54.340912303861245,-37.5,9,0
45394,5,54.340912303861245,-22.5,19,0
45395,5,54.340912303861245,-7.5,12,0
45396,5,48.141207794360284,6.428571428571416,14,0
45397,5,48.141207794360284,19.285714285714278,14,0
45398,5,48.141207794360284,32.14285714285714,19,0
45399,5,48.141207794360284,45.0,21,0
45400,5,48.141207794360284,57.85714285714286,15,0
45401,5,48.141207794360284,70.71428571428572,16,0
45402,5,48.141207794360284,83.57142857142856,10,0
45403,5,48.141207794360284,96.42857142857144,19,0
45404,5,48.141207794360284,109.28571428571428,13,0
45405,5,48.141207794360284,122.14285714285711,22,0
45406,5,48.141207794360284,135.0,19,0
45407,5,48.141207794360284,147.8571428571429,26,0
45408,5,48.141207794360284,160.71428571428572,11,0
45409,5,48.141207794360284,173.57142857142856,23,0
45410,5,48.141207794360284,-173.57142857142856,20,0
45411,5,48.141207794360284,-160.71428571428572,15,0
45412,5,48.141207794360284,-147.8571428571429,19,0
45413,5,48.141207794360284,-135.0,18,0
45414,5,48.141207794360284,-122.14285714285711,21,0
45415,5,48.141207794360284,-109.28571428571428,14,0
45416,5,48.141207794360284,-96.42857142857144,8,0
45417,5,48.141207794360284,-83.57142857142856,16,0
45418,5,48.141207794360284,-70.71428571428572,13,0
45419,5,48.141207794360284,-57.85714285714283,16,0
45420,5,48.141207794360284,-45.0,10,0
45421,5,48.141207794360284,-32.14285714285717,17,0
45422,5,48.141207794360284,-19.28571428571422,18,0
45423,5,48.141207794360284,-6.428571428571445,15,0
45424,5,41.81031489577859,5.625,17,0
45425,5,41.81031489577859,16.875,16,0
45426,5,41.81031489577859,28.125,10,0
45427,5,41.81031489577859,39.375,23,0
45428,5,41.81031489577859,50.625,9,0
45429,5,41.81031489577859,61.875,20,0
45430,5,41.81031489577859,73.125,20,0
45431,5,41.81031489577859,84.375,16,0
45432,5,41.81031489577859,95.625,21,0
45433,5,41.81031489577859,106.875,14,0
45434,5,41.81031489577859,118.125,14,0
45435,5,41.81031489577859,129.375,22,0
45436,5,41.81031489577859,140.625,22,0
45437,5,41.81031489577859,151.875,19,0
45438,5,41.81031489577859,163.125,17,0
45439,5,41.81031489577859,174.375,15,0
45440,5,41.81031489577859,-174.375,13,0
45441,5,41.81031489577859,-163.125,13,0
45442,5,41.81031489577859,-151.875,26,0
45443,5,41.81031489577859,-140.625,24,0
45444,5,41.81031489577859,-129.37500000000006,17,0
45445,5,41.81031489577859,-118.125,20,0
45446,5,41.81031489577859,-106.875,22,0
45447,5,41.81031489577859,-95.625,12,0
45448,5,41.81031489577859,-84.375,22,0
45449,5,41.81031489577859,-73.12500000000006,20,0
45450,5,41.81031489577859,-61.875,22,0
45451,5,41.81031489577859,-50.625,14,0
45452,5,41.81031489577859,-39.375,12,0
45453,5,41.81031489577859,-28.125,10,0
45454,5,41.81031489577859,-16.875,24,0
45455,5,41.81031489577859,-5.625,16,0
45456,5,35.68533471265204,0.0,9,0
45457,5,35.68533471265204,11.25,14,0
45458,5,35.68533471265204,22.5,10,0
45459,5,35.68533471265204,33.75,18,0
45460,5,35.68533471265204,45.0,15,0
45461,5,35.68533471265204,56.25,18,0
45462,5,35.68533471265204,67.5,14,0
45463,5,35.68533471265204,78.75,15,0
45464,5,35.68533471265204,90.0,22,0
45465,5,35.68533471265204,101.25,24,0
45466,5,35.68533471265204,112.5,11,0
45467,5,35.68533471265204,123.75,10,0
45468,5,35.68533471265204,135.0,17,0
45469,5,35.68533471265204,146.25,16,0
45470,5,35.68533471265204,157.5,19,0
45471,5,35.68533471265204,168.75,16,0
45472,5,35.68533471265204,-180.0,14,0
45473,5,35.68533471265204,-168.75,9,0
45474,5,35.68533471265204,-157.5,10,0
45475,5,35.68533471265204,-146.25,18,0
45476,5,35.68533471265204,-135.0,23,0
45477,5,35.68533471265204,-123.75,11,0
45478,5,35.68533471265204,-112.5,18,0
45479,5,35.68533471265204,-101.25,19,0
45480,5,35.68533471265204,-90.0,14,0
45481,5,35.68533471265204,-78.75000000000006,23,0
45482,5,35.68533471265204,-67.5,17,0
45483,5,35.68533471265204,-56.25,14,0
45484,5,35.68533471265204,-45.0,16,0
45485,5,35.68533471265204,-33.75000000000006,12,0
45486,5,35.68533471265204,-22.5,19,0
45487,5,35.68533471265204,-11.25,24,0
45488,5,30.000000000000007,5.625,21,0
45489,5,30.000000000000007,16.875,15,0
45490,5,30.000000000000007,28.125,17,0
45491,5,30.000000000000007,39.375,18,0
45492,5,30.000000000000007,50.625,15,0
45493,5,30.000000000000007,61.875,21,0
45494,5,30.000000000000007,73.125,22,0
45495,5,30.000000000000007,84.375,15,0
45496,5,30.000000000000007,95.625,16,0
45497,5,30.000000000000007,106.875,23,0
45498,5,30.000000000000007,118.125,11,0
45499,5,30.000000000000007,129.375,20,0
45500,5,30.000000000000007,140.625,16,0
45501,5,30.000000000000007,151.875,16,0
45502,5,30.000000000000007,163.125,20,0
45503,5,30.000000000000007,174.375,14,0
45504,5,30.000000000000007,-174.375,14,0
45505,5,30.000000000000007,-163.125,15,0
45506,5,30.000000000000007,-151.875,14,0
45507,5,30.000000000000007,-140.625,11,0
45508,5,30.000000000000007,-129.37500000000006,15,0
45509,5,30.000000000000007,-118.125,13,0
45510,5,30.000000000000007,-106.875,17,0
45511,5,30.000000000000007,-95.625,15,0
45512,5,30.000000000000007,-84.375,21,0
45513,5,30.000000000000007,-73.12500000000006,25,0
45514,5,30.000000000000007,-61.875,16,0
45515,5,30.000000000000007,-50.625,16,0
45516,5,30.000000000000007,-39.375,14,0
45517,5,30.000000000000007,-28.125,18,0
45518,5,30.000000000000007,-16.875,18,0
45519,5,30.000000000000007,-5.625,15,0
45520,5,24.62431835216408,0.0,20,0
45521,5,24.62431835216408,11.25,20,0
45522,5,24.62431835216408,22.5,22,0
45523,5,24.62431835216408,33.75,17,0
45524,5,24.62431835216408,45.0,11,0
45525,5,24.62431835216408,56.25,9,0
45526,5,24.62431835216408,67.5,25,0
45527,5,24.62431835216408,78.75,17,0
45528,5,24.62431835216408,90.0,23,0
45529,5,24.62431835216408,101.25,17,0
45530,5,24.62431835216408,112.5,15,0
45531,5,24.62431835216408,123.75,20,0
45532,5,24.62431835216408,135.0,18,0
45533,5,24.62431835216408,146.25,22,0
45534,5,24.62431835216408,157.5,20,0
45535,5,24.62431835216408,168.75,13,0
45536,5,24.62431835216408,-180.0,18,0
45537,5,24.62431835216408,-168.75,15,0
45538,5,24.62431835216408,-157.5,11,0
45539,5,24.62431835216408,-146.25,17,0
45540,5,24.62431835216408,-135.0,15,0
45541,5,24.62431835216408,-123.75,17,0
45542,5,24.62431835216408,-112.5,18,0
45543,5,24.62431835216408,-101.25,19,0
45544,5,24.62431835216408,-90.0,18,0
45545,5,24.62431835216408,-78.75000000000006,13,0
45546,5,24.62431835216408,-67.5,22,0
45547,5,24.62431835216408,-56.25,21,0
45548,5,24.62431835216408,-45.0,10,0
45549,5,24.62431835216408,-33.75000000000006,14,0
45550,5,24.62431835216408,-22.5,12,0
45551,5,24.62431835216408,-11.25,18,0
45552,5,19.47122063449069,5.625,15,0
45553,5,19.47122063449069,16.875,21,0
45554,5,19.47122063449069,28.125,16,0
45555,5,19.47122063449069,39.375,9,0
45556,5,19.47122063449069,50.625,19,0
45557,5,19.47122063449069,61.875,19,0
45558,5,19.47122063449069,73.125,14,0
45559,5,19.47122063449069,84.375,13,0
45560,5,19.47122063449069,95.625,19,0
45561,5,19.47122063449069,106.875,17,0
45562,5,19.47122063449069,118.125,14,0
45563,5,19.47122063449069,129.375,20,0
45564,5,19.47122063449069,140.625,21,0
45565,5,19.47122063449069,151.875,25,0
45566,5,19.47122063449069,163.125,22,0
45567,5,19.47122063449069,174.375,14,0
45568,5,19.47122063449069,-174.375,20,0
45569,5,19.47122063449069,-163.125,14,0
45570,5,19.47122063449069,-151.875,6,0
45571,5,19.47122063449069,-140.625,22,0
45572,5,19.47122063449069,-129.37500000000006,17,0
45573,5,19.47122063449069,-118.125,16,0
45574,5,19.47122063449069,-106.875,22,0
45575,5,19.47122063449069,-95.625,20,0
45576,5,19.47122063449069,-84.375,12,0
45577,5,19.47122063449069,-73.12500000000006,16,0
45578,5,19.47122063449069,-61.875,21,0
45579,5,19.47122063449069,-50.625,15,0
45580,5,19.47122063449069,-39.375,12,0
45581,5,19.47122063449069,-28.125,17,0
45582,5,19.47122063449069,-16.875,10,0
45583,5,19.47122063449069,-5.625,31,0
45584,5,14.477512185929925,0.0,27,0
45585,5,14.477512185929925,11.25,20,0
45586,5,14.477512185929925,22.5,12,0
45587,5,14.477512185929925,33.75,20,0
45588,5,14.477512185929925,45.0,20,0
45589,5,14.477512185929925,56.25,23,0
45590,5,14.477512185929925,67.5,17,0
45591,5,14.477512185929925,78.75,13,0
45592,5,14.477512185929925,90.0,13,0
45593,5,14.477512185929925,101.25,19,0
45594,5,14.477512185929925,112.5,14,0
45595,5,14.477512185929925,123.75,19,0
45596,5,14.477512185929925,135.0,19,0
45597,5,14.477512185929925,146.25,22,0
45598,5,14.477512185929925,157.5,18,0
45599,5,14.477512185929925,168.75,13,0
45600,5,14.477512185929925,-180.0,12,0
45601,5,14.477512185929925,-168.75,22,0
45602,5,14.477512185929925,-157.5,14,0
45603,5,14.477512185929925,-146.25,12,0
45604,5,14.477512185929925,-135.0,16,0
45605,5,14.477512185929925,-123.75,22,0
45606,5,14.477512185929925,-112.5,19,0
45607,5,14.477512185929925,-101.25,11,0
45608,5,14.477512185929925,-90.0,17,0
45609,5,14.477512185929925,-78.75000000000006,7,0
45610,5,14.477512185929925,-67.5,24,0
45611,5,14.477512185929925,-56.25,17,0
45612,5,14.477512185929925,-45.0,10,0
45613,5,14.477512185929925,-33.75000000000006,17,0
45614,5,14.477512185929925,-22.5,16,0
45615,5,14.477512185929925,-11.25,19,0
45616,5,9.594068226860458,5.625,21,0
45617,5,9.594068226860458,16.875,17,0
45618,5,9.594068226860458,28.125,13,0
45619,5,9.594068226860458,39.375,19,0
45620,5,9.594068226860458,50.625,18,0
45621,5,9.594068226860458,61.875,22,0
45622,5,9.594068226860458,73.125,11,0
45623,5,9.594068226860458,84.375,15,1
45624,5,9.594068226860458,95.625,16,1
45625,5,9.594068226860458,106.875,12,0
45626,5,9.594068226860458,118.125,19,0
45627,5,9.594068226860458,129.375,17,0
45628,5,9.594068226860458,140.625,21,0
45629,5,9.594068226860458,151.875,8,0
45630,5,9.594068226860458,163.125,13,0
45631,5,9.594068226860458,174.375,8,0
45632,5,9.594068226860458,-174.375,15,0
45633,5,9.594068226860458,-163.125,16,0
45634,5,9.594068226860458,-151.875,19,1
45635,5,9.594068226860458,-140.625,17,0
45636,5,9.594068226860458,-129.37500000000006,18,0
45637,5,9.594068226860458,-118.125,21,0
45638,5,9.594068226860458,-106.875,14,0
45639,5,9.594068226860458,-95.625,21,0
45640,5,9.594068226860458,-84.375,13,0
45641,5,9.594068226860458,-73.12500000000006,17,0
45642,5,9.594068226860458,-61.875,15,0
45643,5,9.594068226860458,-50.625,20,0
45644,5,9.594068226860458,-39.375,13,1
45645,5,9.594068226860458,-28.125,17,0
45646,5,9.594068226860458,-16.875,22,0
45647,5,9.594068226860458,-5.625,22,0
45648,5,4.780191847199163,0.0,19,0
45649,5,4.780191847199163,11.25,13,1
45650,5,4.780191847199163,22.5,18,3
45651,5,4.780191847199163,33.75,9,1
45652,5,4.780191847199163,45.0,16,1
45653,5,4.780191847199163,56.25,19,2
45654,5,4.780191847199163,67.5,17,3
45655,5,4.780191847199163,78.75,15,1
45656,5,4.780191847199163,90.0,16,2
45657,5,4.780191847199163,101.25,16,2
45658,5,4.780191847199163,112.5,14,0
45659,5,4.780191847199163,123.75,29,2
45660,5,4.780191847199163,135.0,17,2
45661,5,4.780191847199163,146.25,10,2
45662,5,4.780191847199163,157.5,10,1
45663,5,4.780191847199163,168.75,14,0
45664,5,4.780191847199163,-180.0,12,0
45665,5,4.780191847199163,-168.75,27,3
45666,5,4.780191847199163,-157.5,16,2
45667,5,4.780191847199163,-146.25,26,6
45668,5,4.780191847199163,-135.0,11,3
45669,5,4.780191847199163,-123.75,22,0
45670,5,4.780191847199163,-112.5,14,6
45671,5,4.780191847199163,-101.25,12,2
45672,5,4.780191847199163,-90.0,17,3
45673,5,4.780191847199163,-78.75000000000006,13,0
45674,5,4.780191847199163,-67.5,24,3
45675,5,4.780191847199163,-56.25,20,2
45676,5,4.780191847199163,-45.0,20,3
45677,5,4.780191847199163,-33.75000000000006,14,1
45678,5,4.780191847199163,-22.5,12,2
45679,5,4.780191847199163,-11.25,21,3
45680,5,0.0,5.625,14,1
45681,5,0.0,16.875,17,3
45682,5,0.0,28.125,12,2
45683,5,0.0,39.375,12,3
45684,5,0.0,50.625,17,7
45685,5,0.0,61.875,18,2
45686,5,0.0,73.125,14,2
45687,5,0.0,84.375,21,3
45688,5,0.0,95.625,14,2
45689,5,0.0,106.875,19,2
45690,5,0.0,118.125,21,3
45691,5,0.0,129.375,26,5
45692,5,0.0,140.625,17,3
45693,5,0.0,151.875,13,2
45694,5,0.0,163.125,9,2
45695,5,0.0,174.375,16,0
45696,5,0.0,-174.375,13,3
45697,5,0.0,-163.125,15,3
45698,5,0.0,-151.875,21,5
45699,5,0.0,-140.625,21,2
45700,5,0.0,-129.37500000000006,14,3
45701,5,0.0,-118.125,19,5
45702,5,0.0,-106.875,12,6
45703,5,0.0,-95.625,20,6
45704,5,0.0,-84.375,15,4
45705,5,0.0,-73.12500000000006,12,2
45706,5,0.0,-61.875,23,6
45707,5,0.0,-50.625,21,4
45708,5,0.0,-39.375,17,1
45709,5,0.0,-28.125,22,2
45710,5,0.0,-16.875,12,1
45711,5,0.0,-5.625,15,3
45712,5,-4.780191847199163,0.0,14,3
45713,5,-4.780191847199163,11.25,22,1
45714,5,-4.780191847199163,22.5,14,0
45715,5,-4.780191847199163,33.75,11,3
45716,5,-4.780191847199163,45.0,16,3
45717,5,-4.780191847199163,56.25,18,2
45718,5,-4.780191847199163,67.5,17,1
45719,5,-4.780191847199163,78.75,18,2
45720,5,-4.780191847199163,90.0,17,0
45721,5,-4.780191847199163,101.25,19,2
45722,5,-4.780191847199163,112.5,14,3
45723,5,-4.780191847199163,123.75,20,3
45724,5,-4.780191847199163,135.0,24,2
45725,5,-4.780191847199163,146.25,21,2
45726,5,-4.780191847199163,157.5,15,0
45727,5,-4.780191847199163,168.75,18,3
45728,5,-4.780191847199163,-180.0,10,0
45729,5,-4.780191847199163,-168.75,19,3
45730,5,-4.780191847199163,-157.5,12,2
45731,5,-4.780191847199163,-146.25,21,2
45732,5,-4.780191847199163,-135.0,12,1
45733,5,-4.780191847199163,-123.75,14,2
45734,5,-4.780191847199163,-112.5,14,2
45735,5,-4.780191847199163,-101.25,12,5
45736,5,-4.780191847199163,-90.0,25,2
45737,5,-4.780191847199163,-78.75000000000006,16,0
45738,5,-4.780191847199163,-67.5,22,3
45739,5,-4.780191847199163,-56.25,15,3
45740,5,-4.780191847199163,-45.0,21,2
45741,5,-4.780191847199163,-33.75000000000006,18,0
45742,5,-4.780191847199163,-22.5,22,0
45743,5,-4.780191847199163,-11.25,18,1
45744,5,-9.594068226860458,5.625,22,0
45745,5,-9.594068226860458,16.875,12,0
45746,5,-9.594068226860458,28.125,18,0
45747,5,-9.594068226860458,39.375,23,0
45748,5,-9.594068226860458,50.625,12,0
45749,5,-9.594068226860458,61.875,14,0
45750,5,-9.594068226860458,73.125,10,0
45751,5,-9.594068226860458,84.375,11,0
45752,5,-9.594068226860458,95.625,13,0
45753,5,-9.594068226860458,106.875,17,1
45754,5,-9.594068226860458,118.125,16,0
45755,5,-9.594068226860458,129.375,11,0
45756,5,-9.594068226860458,140.625,20,0
45757,5,-9.594068226860458,151.875,17,0
45758,5,-9.594068226860458,163.125,19,0
45759,5,-9.594068226860458,174.375,16,0
45760,5,-9.594068226860458,-174.375,14,0
45761,5,-9.594068226860458,-163.125,15,0
45762,5,-9.594068226860458,-151.875,16,1
45763,5,-9.594068226860458,-140.625,16,0
45764,5,-9.594068226860458,-129.37500000000006,10,1
45765,5,-9.594068226860458,-118.125,16,0
45766,5,-9.594068226860458,-106.875,16,0
45767,5,-9.594068226860458,-95.625,23,0
45768,5,-9.594068226860458,-84.375,17,1
45769,5,-9.594068226860458,-73.12500000000006,18,0
45770,5,-9.594068226860458,-61.875,16,0
45771,5,-9.594068226860458,-50.625,9,0
45772,5,-9.594068226860458,-39.375,25,0
45773,5,-9.594068226860458,-28.125,14,0
45774,5,-9.594068226860458,-16.875,14,0
45775,5,-9.594068226860458,-5.625,15,0
45776,5,-14.477512185929925,0.0,15,0
45777,5,-14.477512185929925,11.25,16,0
45778,5,-14.477512185929925,22.5,18,0
45779,5,-14.477512185929925,33.75,15,0
45780,5,-14.477512185929925,45.0,15,0
45781,5,-14.477512185929925,56.25,19,0
45782,5,-14.477512185929925,67.5,14,0
45783,5,-14.477512185929925,78.75,11,0
45784,5,-14.477512185929925,90.0,23,0
45785,5,-14.477512185929925,101.25,14,0
45786,5,-14.477512185929925,112.5,12,0
45787,5,-14.477512185929925,123.75,17,0
45788,5,-14.477512185929925,135.0,19,0
45789,5,-14.477512185929925,146.25,20,0
45790,5,-14.477512185929925,157.5,17,0
45791,5,-14.477512185929925,168.75,17,0
45792,5,-14.477512185929925,-180.0,16,0
45793,5,-14.477512185929925,-168.75,19,0
45794,5,-14.477512185929925,-157.5,20,1
45795,5,-14.477512185929925,-146.25,12,0
45796,5,-14.477512185929925,-135.0,14,0
45797,5,-14.477512185929925,-123.75,14,1
45798,5,-14.477512185929925,-112.5,15,0
45799,5,-14.477512185929925,-101.25,28,0
45800,5,-14.477512185929925,-90.0,16,1
45801,5,-14.477512185929925,-78.75000000000006,7,0
45802,5,-14.477512185929925,-67.5,20,0
45803,5,-14.477512185929925,-56.25,16,0
45804,5,-14.477512185929925,-45.0,20,0
45805,5,-14.477512185929925,-33.75000000000006,16,0
45806,5,-14.477512185929925,-22.5,17,0
45807,5,-14.477512185929925,-11.25,19,0
45808,5,-19.47122063449069,5.625,14,0
45809,5,-19.47122063449069,16.875,16,0
45810,5,-19.47122063449069,28.125,17,0
45811,5,-19.47122063449069,39.375,12,0
45812,5,-19.47122063449069,50.625,22,0
45813,5,-19.47122063449069,61.875,16,0
45814,5,-19.47122063449069,73.125,16,0
45815,5,-19.47122063449069,84.375,17,0
45816,5,-19.47122063449069,95.625,19,0
45817,5,-19.47122063449069,106.875,9,0
45818,5,-19.47122063449069,118.125,13,0
45819,5,-19.47122063449069,129.375,17,0
45820,5,-19.47122063449069,140.625,17,0
45821,5,-19.47122063449069,151.875,18,0
45822,5,-19.47122063449069,163.125,18,0
45823,5,-19.47122063449069,174.375,19,0
45824,5,-19.47122063449069,-174.375,15,1
45825,5,-19.47122063449069,-163.125,23,0
45826,5,-19.47122063449069,-151.875,13,0
45827,5,-19.47122063449069,-140.625,19,0
45828,5,-19.47122063449069,-129.37500000000006,17,0
45829,5,-19.47122063449069,-118.125,12,0
45830,5,-19.47122063449069,-106.875,21,0
45831,5,-19.47122063449069,-95.625,20,0
45832,5,-19.47122063449069,-84.375,15,0
45833,5,-19.47122063449069,-73.12500000000006,20,0
45834,5,-19.47122063449069,-61.875,12,0
45835,5,-19.47122063449069,-50.625,19,0
45836,5,-19.47122063449069,-39.375,21,0
45837,5,-19.47122063449069,-28.125,19,0
45838,5,-19.47122063449069,-16.875,16,0
45839,5,-19.47122063449069,-5.625,21,0
45840,5,-24.62431835216408,0.0,16,0
45841,5,-24.62431835216408,11.25,19,0
45842,5,-24.62431835216408,22.5,12,0
45843,5,-24.62431835216408,33.75,15,0
45844,5,-24.62431835216408,45.0,17,0
45845,5,-24.62431835216408,56.25,12,0
45846,5,-24.62431835216408,67.5,21,0
45847,5,-24.62431835216408,78.75,14,0
45848,5,-24.62431835216408,90.0,21,0
45849,5,-24.62431835216408,101.25,16,0
45850,5,-24.62431835216408,112.5,13,0
45851,5,-24.62431835216408,123.75,20,0
45852,5,-24.62431835216408,135.0,19,0
45853,5,-24.62431835216408,146.25,15,0
45854,5,-24.62431835216408,157.5,13,0
45855,5,-24.62431835216408,168.75,21,0
45856,5,-24.62431835216408,-180.0,14,0
45857,5,-24.62431835216408,-168.75,19,0
45858,5,-24.62431835216408,-157.5,16,0
45859,5,-24.62431835216408,-146.25,15,0
45860,5,-24.62431835216408,-135.0,17,0
45861,5,-24.62431835216408,-123.75,13,0
45862,5,-24.62431835216408,-112.5,13,0
45863,5,-24.62431835216408,-101.25,13,0
45864,5,-24.62431835216408,-90.0,22,0
45865,5,-24.62431835216408,-78.75000000000006,16,0
45866,5,-24.62431835216408,-67.5,15,0
45867,5,-24.62431835216408,-56.25,18,0
45868,5,-24.62431835216408,-45.0,21,0
45869,5,-24.62431835216408,-33.75000000000006,22,0
45870,5,-24.62431835216408,-22.5,21,0
45871,5,-24.62431835216408,-11.25,18,0
45872,5,-30.000000000000014,5.625,20,0
45873,5,-30.000000000000014,16.875,20,0
45874,5,-30.000000000000014,28.125,15,0
45875,5,-30.000000000000014,39.375,15,0
45876,5,-30.000000000000014,50.625,11,0
45877,5,-30.000000000000014,61.875,16,0
45878,5,-30.000000000000014,73.125,16,0
45879,5,-30.000000000000014,84.375,22,0
45880,5,-30.000000000000014,95.625,15,0
45881,5,-30.000000000000014,106.875,12,0
45882,5,-30.000000000000014,118.125,18,0
45883,5,-30.000000000000014,129.375,14,0
45884,5,-30.000000000000014,140.625,14,0
45885,5,-30.000000000000014,151.875,11,0
45886,5,-30.000000000000014,163.125,23,0
45887,5,-30.000000000000014,174.375,15,0
45888,5,-30.000000000000014,-174.375,20,0
45889,5,-30.000000000000014,-163.125,22,0
45890,5,-30.000000000000014,-151.875,18,0
45891,5,-30.000000000000014,-140.625,16,0
45892,5,-30.000000000000014,-129.37500000000006,14,0
45893,5,-30.000000000000014,-118.125,10,0
45894,5,-30.000000000000014,-106.875,10,0
45895,5,-30.000000000000014,-95.625,13,0
45896,5,-30.000000000000014,-84.375,19,0
45897,5,-30.000000000000014,-73.12500000000006,19,0
45898,5,-30.000000000000014,-61.875,16,0
45899,5,-30.000000000000014,-50.625,14,0
45900,5,-30.000000000000014,-39.375,23,0
45901,5,-30.000000000000014,-28.125,18,0
45902,5,-30.000000000000014,-16.875,24,0
45903,5,-30.000000000000014,-5.625,13,0
45904,5,-35.68533471265205,0.0,14,0
45905,5,-35.68533471265205,11.25,24,0
45906,5,-35.68533471265205,22.5,14,0
45907,5,-35.68533471265205,33.75,18,0
45908,5,-35.68533471265205,45.0,17,0
45909,5,-35.68533471265205,56.25,14,0
45910,5,-35.68533471265205,67.5,12,0
45911,5,-35.68533471265205,78.75,10,0
45912,5,-35.68533471265205,90.0,25,0
45913,5,-35.68533471265205,101.25,15,0
45914,5,-35.68533471265205,112.5,13,0
45915,5,-35.68533471265205,123.75,12,0
45916,5,-35.68533471265205,135.0,11,0
45917,5,-35.68533471265205,146.25,20,0
45918,5,-35.68533471265205,157.5,14,0
45919,5,-35.68533471265205,168.75,10,0
45920,5,-35.68533471265205,-180.0,11,0
45921,5,-35.68533471265205,-168.75,17,0
45922,5,-35.68533471265205,-157.5,22,0
45923,5,-35.68533471265205,-146.25,14,0
45924,5,-35.68533471265205,-135.0,11,0
45925,5,-35.68533471265205,-123.75,14,0
45926,5,-35.68533471265205,-112.5,16,0
45927,5,-35.68533471265205,-101.25,16,0
45928,5,-35.68533471265205,-90.0,13,0
45929,5,-35.68533471265205,-78.75000000000006,21,0
45930,5,-35.68533471265205,-67.5,11,0
45931,5,-35.68533471265205,-56.25,11,0
45932,5,-35.68533471265205,-45.0,24,0
45933,5,-35.68533471265205,-33.75000000000006,13,0
45934,5,-35.68533471265205,-22.5,19,0
45935,5,-35.68533471265205,-11.25,23,0
45936,5,-41.81031489577862,5.625,21,0
45937,5,-41.81031489577862,16.875,16,0
45938,5,-41.81031489577862,28.125,21,0
45939,5,-41.81031489577862,39.375,18,0
45940,5,-41.81031489577862,50.625,17,0
45941,5,-41.81031489577862,61.875,17,0
45942,5,-41.81031489577862,73.125,14,0
45943,5,-41.81031489577862,84.375,16,0
45944,5,-41.81031489577862,95.625,24,0
45945,5,-41.81031489577862,106.875,16,0
45946,5,-41.81031489577862,118.125,12,0
45947,5,-41.81031489577862,129.375,12,0
45948,5,-41.81031489577862,140.625,19,0
45949,5,-41.81031489577862,151.875,14,0
45950,5,-41.81031489577862,163.125,17,0
45951,5,-41.81031489577862,174.375,13,0
45952,5,-41.81031489577862,-174.375,18,0
45953,5,-41.81031489577862,-163.125,20,0
45954,5,-41.81031489577862,-151.875,15,0
45955,5,-41.81031489577862,-140.625,9,0
45956,5,-41.81031489577862,-129.37500000000006,15,0
45957,5,-41.81031489577862,-118.125,18,0
45958,5,-41.81031489577862,-106.875,20,0
45959,5,-41.81031489577862,-95.625,21,0
45960,5,-41.81031489577862,-84.375,16,0
45961,5,-41.81031489577862,-73.12500000000006,13,0
45962,5,-41.81031489577862,-61.875,10,0
45963,5,-41.81031489577862,-50.625,15,0
45964,5,-41.81031489577862,-39.375,13,0
45965,5,-41.81031489577862,-28.125,16,0
45966,5,-41.81031489577862,-16.875,19,0
45967,5,-41.81031489577862,-5.625,13,0
45968,5,-48.1412077943603,6.428571428571416,19,0
45969,5,-48.1412077943603,19.285714285714278,17,0
45970,5,-48.1412077943603,32.14285714285714,19,0
45971,5,-48.1412077943603,45.0,15,0
45972,5,-48.1412077943603,57.85714285714286,14,0
45973,5,-48.1412077943603,70.71428571428572,17,0
45974,5,-48.1412077943603,83.57142857142856,24,0
45975,5,-48.1412077943603,96.42857142857144,16,0
45976,5,-48.1412077943603,109.28571428571428,18,0
45977,5,-48.1412077943603,122.14285714285711,15,0
45978,5,-48.1412077943603,135.0,19,0
45979,5,-48.1412077943603,147.8571428571429,24,0
45980,5,-48.1412077943603,160.71428571428572,18,0
45981,5,-48.1412077943603,173.57142857142856,18,0
45982,5,-48.1412077943603,-173.57142857142856,12,0
45983,5,-48.1412077943603,-160.71428571428572,14,0
45984,5,-48.1412077943603,-147.8571428571429,14,0
45985,5,-48.1412077943603,-135.0,16,0
45986,5,-48.1412077943603,-122.14285714285711,14,0
45987,5,-48.1412077943603,-109.28571428571428,22,0
45988,5,-48.1412077943603,-96.42857142857144,18,0
45989,5,-48.1412077943603,-83.57142857142856,17,0
45990,5,-48.1412077943603,-70.71428571428572,13,0
45991,5,-48.1412077943603,-57.85714285714283,19,0
45992,5,-48.1412077943603,-45.0,17,0
45993,5,-48.1412077943603,-32.14285714285717,18,0
45994,5,-48.1412077943603,-19.28571428571422,21,0
45995,5,-48.1412077943603,-6.428571428571445,15,0
45996,5,-54.340912303861245,7.5,24,0
45997,5,-54.340912303861245,22.5,8,0
45998,5,-54.340912303861245,37.5,26,0
45999,5,-54.340912303861245,52.5,23,0
46000,5,-54.340912303861245,67.5,16,0
46001,5,-54.340912303861245,82.5,16,0
46002,5,-54.340912303861245,97.5,19,0
46003,5,-54.340912303861245,112.5,20,0
46004,5,-54.340912303861245,127.5,25,0
46005,5,-54.340912303861245,142.5,28,0
46006,5,-54.340912303861245,157.5,22,0
46007,5,-54.340912303861245,172.5,9,0
46008,5,-54.340912303861245,-172.5,9,0
46009,5,-54.340912303861245,-157.5,19,0
46010,5,-54.340912303861245,-142.5,18,0
46011,5,-54.340912303861245,-127.5,14,0
46012,5,-54.340912303861245,-112.5,17,0
46013,5,-54.340912303861245,-97.5,17,0
46014,5,-54.340912303861245,-82.5,10,0
46015,5,-54.340912303861245,-67.5,13,0
46016,5,-54.340912303861245,-52.50000000000006,16,0
46017,5,-54.340912303861245,-37.5,14,0
46018,5,-54.340912303861245,-22.5,23,0
46019,5,-54.340912303861245,-7.5,23,0
46020,5,-60.4344388449523,9.0,16,0
46021,5,-60.4344388449523,27.0,22,0
46022,5,-60.4344388449523,45.0,21,0
46023,5,-60.4344388449523,63.0,16,0
46024,5,-60.4344388449523,81.0,21,0
46025,5,-60.4344388449523,99.0,17,0
46026,5,-60.4344388449523,117.0,18,0
46027,5,-60.4344388449523,135.0,20,0
46028,5,-60.4344388449523,153.0,15,0
46029,5,-60.4344388449523,171.0,13,0
46030,5,-60.4344388449523,-171.0,16,0
46031,5,-60.4344388449523,-153.0,14,0
46032,5,-60.4344388449523,-135.0,12,0
46033,5,-60.4344388449523,-117.0,9,0
46034,5,-60.4344388449523,-99.0,21,0
46035,5,-60.4344388449523,-81.0,16,0
46036,5,-60.4344388449523,-63.0,10,0
46037,5,-60.4344388449523,-45.0,13,0
46038,5,-60.4344388449523,-27.0,16,0
46039,5,-60.4344388449523,-9.0,15,0
46040,5,-66.44353569089876,11.25,11,0
46041,5,-66.44353569089876,33.75,28,0
46042,5,-66.44353569089876,56.25,19,0
46043,5,-66.44353569089876,78.75,16,0
46044,5,-66.44353569089876,101.25,9,0
46045,5,-66.44353569089876,123.75,17,0
46046,5,-66.44353569089876,146.25,13,0
46047,5,-66.44353569089876,168.75,18,0
46048,5,-66.44353569089876,-168.75,14,0
46049,5,-66.44353569089876,-146.25,16,0
46050,5,-66.44353569089876,-123.75,10,0
46051,5,-66.44353569089876,-101.25,26,0
46052,5,-66.44353569089876,-78.75,19,0
46053,5,-66.44353569089876,-56.25,15,0
46054,5,-66.44353569089876,-33.75,16,0
46055,5,-66.44353569089876,-11.25,12,0
46056,5,-72.38756092964962,15.0,24,0
46057,5,-72.38756092964962,45.0,21,0
46058,5,-72.38756092964962,75.0,11,0
46059,5,-72.38756092964962,105.0,14,0
46060,5,-72.38756092964962,135.0,16,0
46061,5,-72.38756092964962,165.0,15,0
46062,5,-72.38756092964962,-165.0,15,0
46063,5,-72.38756092964962,-135.0,16,0
46064,5,-72.38756092964962,-105.0,20,0
46065,5,-72.38756092964962,-75.0,26,0
46066,5,-72.38756092964962,-45.0,20,0
46067,5,-72.38756092964962,-15.0,12,0
46068,5,-78.28414760510762,22.5,20,0
46069,5,-78.28414760510762,67.5,15,0
46070,5,-78.28414760510762,112.5,11,0
46071,5,-78.28414760510762,157.5,21,0
46072,5,-78.28414760510762,-157.5,19,0
46073,5,-78.28414760510762,-112.5,14,0
46074,5,-78.28414760510762,-67.5,28,0
46075,5,-78.28414760510762,-22.5,19,0
46076,5,-84.14973293629666,45.0,17,0
46077,5,-84.14973293629666,135.0,16,0
46078,5,-84.14973293629666,-135.0,14,0
46079,5,-84.14973293629666,-45.0,17,0
38400,5,84.14973293629666,45.0,11,0
38401,5,84.14973293629666,135.0,12,0
38402,5,84.14973293629666,-135.0,9,0
38403,5,84.14973293629666,-45.0,10,0
38404,5,78.28414760510762,22.5,12,0
38405,5,78.28414760510762,67.5,7,0
38406,5,78.28414760510762,112.5,9,0
38407,5,78.28414760510762,157.5,6,0
38408,5,78.28414760510762,-157.5,6,0
38409,5,78.28414760510762,-112.5,8,0
38410,5,78.28414760510762,-67.5,8,0
38411,5,78.28414760510762,-22.5,9,0
38412,5,72.38756092964962,15.0,8,0
38413,5,72.38756092964962,45.0,7,0
38414,5,72.38756092964962,75.0,7,0
38415,5,72.38756092964962,105.0,10,0
38416,5,72.38756092964962,135.0,8,0
38417,5,72.38756092964962,165.0,10,0
38418,5,72.38756092964962,-165.0,10,0
38419,5,72.38756092964962,-135.0,7,0
38420,5,72.38756092964962,-105.0,13,0
38421,5,72.38756092964962,-75.0,13,0
38422,5,72.38756092964962,-45.0,4,0
38423,5,72.38756092964962,-15.0,11,0
38424,5,66.44353569089877,11.25,10,0
38425,5,66.44353569089877,33.75,9,0
38426,5,66.44353569089877,56.25,7,0
38427,5,66.44353569089877,78.75,8,0
38428,5,66.44353569089877,101.25,9,0
38429,5,66.44353569089877,123.75,10,0
38430,5,66.44353569089877,146.25,9,0
38431,5,66.44353569089877,168.75,7,0
38432,5,66.44353569089877,-168.75,12,0
38433,5,66.44353569089877,-146.25,7,0
38434,5,66.44353569089877,-123.75,7,0
38435,5,66.44353569089877,-101.25,11,1
38436,5,66.44353569089877,-78.75,10,0
38437,5,66.44353569089877,-56.25,7,0
38438,5,66.44353569089877,-33.75,15,0
38439,5,66.44353569089877,-11.25,10,0
38440,5,60.43443884495228,9.0,8,0
38441,5,60.43443884495228,27.0,11,0
38442,5,60.43443884495228,45.0,6,0
38443,5,60.43443884495228,63.0,10,0
38444,5,60.43443884495228,81.0,9,0
38445,5,60.43443884495228,99.0,12,0
38446,5,60.43443884495228,117.0,8,0
38447,5,60.43443884495228,135.0,7,0
38448,5,60.43443884495228,153.0,8,0
38449,5,60.43443884495228,171.0,8,0
38450,5,60.43443884495228,-171.0,9,0
38451,5,60.43443884495228,-153.0,5,0
38452,5,60.43443884495228,-135.0,4,0
38453,5,60.43443884495228,-117.0,8,0
38454,5,60.43443884495228,-99.0,12,0
38455,5,60.43443884495228,-81.0,9,0
38456,5,60.43443884495228,-63.0,7,0
38457,5,60.43443884495228,-45.0,11,0
38458,5,60.43443884495228,-27.0,7,0
38459,5,60.43443884495228,-9.0,5,0
38460,5,54.340912303861245,7.5,9,0
38461,5,54.340912303861245,22.5,8,0
38462,5,54.340912303861245,37.5,8,0
38463,5,54.340912303861245,52.5,12,0
38464,5,54.340912303861245,67.5,9,0
38465,5,54.340912303861245,82.5,10,0
38466,5,54.340912303861245,97.5,11,0
38467,5,54.340912303861245,112.5,10,0
38468,5,54.340912303861245,127.5,7,0
38469,5,54.340912303861245,142.5,10,0
38470,5,54.340912303861245,157.5,8,0
38471,5,54.340912303861245,172.5,9,0
38472,5,54.340912303861245,-172.5,8,0
38473,5,54.340912303861245,-157.5,5,0
38474,5,54.340912303861245,-142.5,5,0
38475,5,54.340912303861245,-127.5,11,0
38476,5,54.340912303861245,-112.5,7,0
38477,5,54.340912303861245,-97.5,8,0
38478,5,54.340912303861245,-82.5,9,0
38479,5,54.340912303861245,-67.5,10,0
38480,5,54.340912303861245,-52.50000000000006,6,0
38481,5,54.340912303861245,-37.5,7,0
38482,5,54.340912303861245,-22.5,11,0
38483,5,54.340912303861245,-7.5,9,0
38484,5,48.141207794360284,6.428571428571416,3,0
38485,5,48.141207794360284,19.285714285714278,6,0
38486,5,48.141207794360284,32.14285714285714,10,0
38487,5,48.141207794360284,45.0,12,0
38488,5,48.141207794360284,57.85714285714286,6,0
38489,5,48.141207794360284,70.71428571428572,9,0
38490,5,48.141207794360284,83.57142857142856,8,0
38491,5,48.141207794360284,96.42857142857144,14,0
38492,5,48.141207794360284,109.28571428571428,6,0
38493,5,48.141207794360284,122.14285714285711,10,0
38494,5,48.141207794360284,135.0,8,0
38495,5,48.141207794360284,147.8571428571429,9,0
38496,5,48.141207794360284,160.71428571428572,6,0
38497,5,48.141207794360284,173.57142857142856,10,0
38498,5,48.141207794360284,-173.57142857142856,9,0
38499,5,48.141207794360284,-160.71428571428572,5,0
38500,5,48.141207794360284,-147.8571428571429,11,0
38501,5,48.141207794360284,-135.0,13,0
38502,5,48.141207794360284,-122.14285714285711,10,0
38503,5,48.141207794360284,-109.28571428571428,1,0
38504,5,48.141207794360284,-96.42857142857144,3,0
38505,5,48.141207794360284,-83.57142857142856,10,0
38506,5,48.141207794360284,-70.71428571428572,9,0
38507,5,48.141207794360284,-57.85714285714283,8,0
38508,5,48.141207794360284,-45.0,4,0
38509,5,48.141207794360284,-32.14285714285717,12,0
38510,5,48.141207794360284,-19.28571428571422,9,0
38511,5,48.141207794360284,-6.428571428571445,8,0
38512,5,41.81031489577859,5.625,6,0
38513,5,41.81031489577859,16.875,7,0
38514,5,41.81031489577859,28.125,4,0
38515,5,41.81031489577859,39.375,13,0
38516,5,41.81031489577859,50.625,5,0
38517,5,41.81031489577859,61.875,14,0
38518,5,41.81031489577859,73.125,12,0
38519,5,41.81031489577859,84.375,14,0
38520,5,41.81031489577859,95.625,14,0
38521,5,41.81031489577859,106.875,8,0
38522,5,41.81031489577859,118.125,4,0
38523,5,41.81031489577859,129.375,10,0
38524,5,41.81031489577859,140.625,8,0
38525,5,41.81031489577859,151.875,7,0
38526,5,41.81031489577859,163.125,7,0
38527,5,41.81031489577859,174.375,7,0
38528,5,41.81031489577859,-174.375,5,0
38529,5,41.81031489577859,-163.125,4,0
38530,5,41.81031489577859,-151.875,16,0
38531,5,41.81031489577859,-140.625,10,0
38532,5,41.81031489577859,-129.37500000000006,12,0
38533,5,41.81031489577859,-118.125,8,0
38534,5,41.81031489577859,-106.875,5,0
38535,5,41.81031489577859,-95.625,5,0
38536,5,41.81031489577859,-84.375,10,0
38537,5,41.81031489577859,-73.12500000000006,12,0
38538,5,41.81031489577859,-61.875,12,0
38539,5,41.81031489577859,-50.625,6,0
38540,5,41.81031489577859,-39.375,8,0
38541,5,41.81031489577859,-28.125,8,0
38542,5,41.81031489577859,-16.875,11,0
38543,5,41.81031489577859,-5.625,6,0
38544,5,35.68533471265204,0.0,4,0
38545,5,35.68533471265204,11.25,7,0
38546,5,35.68533471265204,22.5,6,0
38547,5,35.68533471265204,33.75,12,0
38548,5,35.68533471265204,45.0,6,0
38549,5,35.68533471265204,56.25,11,0
38550,5,35.68533471265204,67.5,6,0
38551,5,35.68533471265204,78.75,9,0
38552,5,35.68533471265204,90.0,14,0
38553,5,35.68533471265204,101.25,12,0
38554,5,35.68533471265204,112.5,4,0
38555,5,35.68533471265204,123.75,5,0
38556,5,35.68533471265204,135.0,12,0
38557,5,35.68533471265204,146.25,10,0
38558,5,35.68533471265204,157.5,11,0
38559,5,35.68533471265204,168.75,10,0
38560,5,35.68533471265204,-180.0,5,0
38561,5,35.68533471265204,-168.75,2,0
38562,5,35.68533471265204,-157.5,5,0
38563,5,35.68533471265204,-146.25,7,0
38564,5,35.68533471265204,-135.0,9,0
38565,5,35.68533471265204,-123.75,6,0
38566,5,35.68533471265204,-112.5,6,0
38567,5,35.68533471265204,-101.25,9,0
38568,5,35.68533471265204,-90.0,6,0
38569,5,35.68533471265204,-78.75000000000006,8,0
38570,5,35.68533471265204,-67.5,10,0
38571,5,35.68533471265204,-56.25,5,0
38572,5,35.68533471265204,-45.0,10,0
38573,5,35.68533471265204,-33.75000000000006,7,0
38574,5,35.68533471265204,-22.5,8,0
38575,5,35.68533471265204,-11.25,12,0
38576,5,30.000000000000007,5.625,12,0
38577,5,30.000000000000007,16.875,7,0
38578,5,30.000000000000007,28.125,11,0
38579,5,30.000000000000007,39.375,12,0
38580,5,30.000000000000007,50.625,10,0
38581,5,30.000000000000007,61.875,6,0
38582,5,30.000000000000007,73.125,11,0
38583,5,30.000000000000007,84.375,7,0
38584,5,30.000000000000007,95.625,6,0
38585,5,30.000000000000007,106.875,13,0
38586,5,30.000000000000007,118.125,5,0
38587,5,30.000000000000007,129.375,11,0
38588,5,30.000000000000007,140.625,9,0
38589,5,30.000000000000007,151.875,10,0
38590,5,30.000000000000007,163.125,8,0
38591,5,30.000000000000007,174.375,10,0
38592,5,30.000000000000007,-174.375,9,0
38593,5,30.000000000000007,-163.125,9,0
38594,5,30.000000000000007,-151.875,7,0
38595,5,30.000000000000007,-140.625,5,0
38596,5,30.000000000000007,-129.37500000000006,4,0
38597,5,30.000000000000007,-118.125,6,0
38598,5,30.000000000000007,-106.875,7,0
38599,5,30.000000000000007,-95.625,11,0
38600,5,30.000000000000007,-84.375,11,0
38601,5,30.000000000000007,-73.12500000000006,9,0
38602,5,30.000000000000007,-61.875,6,0
38603,5,30.000000000000007,-50.625,7,0
38604,5,30.000000000000007,-39.375,5,0
38605,5,30.000000000000007,-28.125,11,0
38606,5,30.000000000000007,-16.875,9,0
38607,5,30.000000000000007,-5.625,6,0
38608,5,24.62431835216408,0.0,10,0
38609,5,24.62431835216408,11.25,9,0
38610,5,24.62431835216408,22.5,11,0
38611,5,24.62431835216408,33.75,9,0
38612,5,24.62431835216408,45.0,7,0
38613,5,24.62431835216408,56.25,4,0
38614,5,24.62431835216408,67.5,9,0
38615,5,24.62431835216408,78.75,9,0
38616,5,24.62431835216408,90.0,7,0
38617,5,24.62431835216408,101.25,9,0
38618,5,24.62431835216408,112.5,9,0
38619,5,24.62431835216408,123.75,11,0
38620,5,24.62431835216408,135.0,11,0
38621,5,24.62431835216408,146.25,6,0
38622,5,24.62431835216408,157.5,11,0
38623,5,24.62431835216408,168.75,9,0
38624,5,24.62431835216408,-180.0,12,0
38625,5,24.62431835216408,-168.75,9,0
38626,5,24.62431835216408,-157.5,6,0
38627,5,24.62431835216408,-146.25,10,0
38628,5,24.62431835216408,-135.0,6,0
38629,5,24.62431835216408,-123.75,11,0
38630,5,24.62431835216408,-112.5,10,0
38631,5,24.62431835216408,-101.25,10,0
38632,5,24.62431835216408,-90.0,13,0
38633,5,24.62431835216408,-78.75000000000006,2,0
38634,5,24.62431835216408,-67.5,10,0
38635,5,24.62431835216408,-56.25,9,0
38636,5,24.62431835216408,-45.0,3,0
38637,5,24.62431835216408,-33.75000000000006,6,0
38638,5,24.62431835216408,-22.5,6,0
38639,5,24.62431835216408,-11.25,9,0
38640,5,19.47122063449069,5.625,6,0
38641,5,19.47122063449069,16.875,8,0
38642,5,19.47122063449069,28.125,9,0
38643,5,19.47122063449069,39.375,4,0
38644,5,19.47122063449069,50.625,6,0
38645,5,19.47122063449069,61.875,7,0
38646,5,19.47122063449069,73.125,5,0
38647,5,19.47122063449069,84.375,4,0
38648,5,19.47122063449069,95.625,13,0
38649,5,19.47122063449069,106.875,9,0
38650,5,19.47122063449069,118.125,8,0
38651,5,19.47122063449069,129.375,9,0
38652,5,19.47122063449069,140.625,6,0
38653,5,19.47122063449069,151.875,8,0
38654,5,19.47122063449069,163.125,13,0
38655,5,19.47122063449069,174.375,9,0
38656,5,19.47122063449069,-174.375,10,0
38657,5,19.47122063449069,-163.125,9,0
38658,5,19.47122063449069,-151.875,3,0
38659,5,19.47122063449069,-140.625,14,0
38660,5,19.47122063449069,-129.37500000000006,12,0
38661,5,19.47122063449069,-118.125,9,0
38662,5,19.47122063449069,-106.875,15,0
38663,5,19.47122063449069,-95.625,9,0
38664,5,19.47122063449069,-84.375,6,0
38665,5,19.47122063449069,-73.12500000000006,4,0
38666,5,19.47122063449069,-61.875,10,0
38667,5,19.47122063449069,-50.625,7,0
38668,5,19.47122063449069,-39.375,5,0
38669,5,19.47122063449069,-28.125,10,0
38670,5,19.47122063449069,-16.875,5,0
38671,5,19.47122063449069,-5.625,17,0
38672,5,14.477512185929925,0.0,10,0
38673,5,14.477512185929925,11.25,10,0
38674,5,14.477512185929925,22.5,7,0
38675,5,14.477512185929925,33.75,11,0
38676,5,14.477512185929925,45.0,10,0
38677,5,14.477512185929925,56.25,6,0
38678,5,14.477512185929925,67.5,8,0
38679,5,14.477512185929925,78.75,3,0
38680,5,14.477512185929925,90.0,6,0
38681,5,14.477512185929925,101.25,11,0
38682,5,14.477512185929925,112.5,9,0
38683,5,14.477512185929925,123.75,13,0
38684,5,14.477512185929925,135.0,10,0
38685,5,14.477512185929925,146.25,7,0
38686,5,14.477512185929925,157.5,8,0
38687,5,14.477512185929925,168.75,7,0
38688,5,14.477512185929925,-180.0,6,0
38689,5,14.477512185929925,-168.75,9,0
38690,5,14.477512185929925,-157.5,8,0
38691,5,14.477512185929925,-146.25,3,0
38692,5,14.477512185929925,-135.0,11,0
38693,5,14.477512185929925,-123.75,12,0
38694,5,14.477512185929925,-112.5,9,0
38695,5,14.477512185929925,-101.25,5,0
38696,5,14.477512185929925,-90.0,11,0
38697,5,14.477512185929925,-78.75000000000006,2,0
38698,5,14.477512185929925,-67.5,8,0
38699,5,14.477512185929925,-56.25,8,0
38700,5,14.477512185929925,-45.0,4,0
38701,5,14.477512185929925,-33.75000000000006,7,0
38702,5,14.477512185929925,-22.5,10,0
38703,5,14.477512185929925,-11.25,10,0
38704,5,9.594068226860458,5.625,14,0
38705,5,9.594068226860458,16.875,8,0
38706,5,9.594068226860458,28.125,6,0
38707,5,9.594068226860458,39.375,12,0
38708,5,9.594068226860458,50.625,7,0
38709,5,9.594068226860458,61.875,10,0
38710,5,9.594068226860458,73.125,8,0
38711,5,9.594068226860458,84.375,5,1
38712,5,9.594068226860458,95.625,7,1
38713,5,9.594068226860458,106.875,7,0
38714,5,9.594068226860458,118.125,12,0
38715,5,9.594068226860458,129.375,11,0
38716,5,9.594068226860458,140.625,12,0
38717,5,9.594068226860458,151.875,4,0
38718,5,9.594068226860458,163.125,7,0
38719,5,9.594068226860458,174.375,4,0
38720,5,9.594068226860458,-174.375,7,0
38721,5,9.594068226860458,-163.125,8,0
38722,5,9.594068226860458,-151.875,7,1
38723,5,9.594068226860458,-140.625,8,0
38724,5,9.594068226860458,-129.37500000000006,10,0
38725,5,9.594068226860458,-118.125,9,0
38726,5,9.594068226860458,-106.875,4,0
38727,5,9.594068226860458,-95.625,12,0
38728,5,9.594068226860458,-84.375,9,0
38729,5,9.594068226860458,-73.12500000000006,10,0
38730,5,9.594068226860458,-61.875,5,0
38731,5,9.594068226860458,-50.625,12,0
38732,5,9.594068226860458,-39.375,8,1
38733,5,9.594068226860458,-28.125,9,0
38734,5,9.594068226860458,-16.875,12,0
38735,5,9.594068226860458,-5.625,13,0
38736,5,4.780191847199163,0.0,13,0
38737,5,4.780191847199163,11.25,5,1
38738,5,4.780191847199163,22.5,13,3
38739,5,4.780191847199163,33.75,5,1
38740,5,4.780191847199163,45.0,8,1
38741,5,4.780191847199163,56.25,8,2
38742,5,4.780191847199163,67.5,10,3
38743,5,4.780191847199163,78.75,12,1
38744,5,4.780191847199163,90.0,8,2
38745,5,4.780191847199163,101.25,6,2
38746,5,4.780191847199163,112.5,10,0
38747,5,4.780191847199163,123.75,17,2
38748,5,4.780191847199163,135.0,16,2
38749,5,4.780191847199163,146.25,3,2
38750,5,4.780191847199163,157.5,8,1
38751,5,4.780191847199163,168.75,8,0
38752,5,4.780191847199163,-180.0,8,0
38753,5,4.780191847199163,-168.75,11,3
38754,5,4.780191847199163,-157.5,10,2
38755,5,4.780191847199163,-146.25,13,6
38756,5,4.780191847199163,-135.0,4,3
38757,5,4.780191847199163,-123.75,10,0
38758,5,4.780191847199163,-112.5,7,6
38759,5,4.780191847199163,-101.25,6,2
38760,5,4.780191847199163,-90.0,7,3
38761,5,4.780191847199163,-78.75000000000006,8,0
38762,5,4.780191847199163,-67.5,15,3
38763,5,4.780191847199163,-56.25,15,2
38764,5,4.780191847199163,-45.0,12,3
38765,5,4.780191847199163,-33.75000000000006,9,1
38766,5,4.780191847199163,-22.5,7,2
38767,5,4.780191847199163,-11.25,14,3
38768,5,0.0,5.625,9,1
38769,5,0.0,16.875,11,3
38770,5,0.0,28.125,5,2
38771,5,0.0,39.375,6,3
38772,5,0.0,50.625,5,7
38773,5,0.0,61.875,7,2
38774,5,0.0,73.125,10,2
38775,5,0.0,84.375,12,3
38776,5,0.0,95.625,7,2
38777,5,0.0,106.875,9,2
38778,5,0.0,118.125,13,3
38779,5,0.0,129.375,15,5
38780,5,0.0,140.625,8,3
38781,5,0.0,151.875,11,2
38782,5,0.0,163.125,6,2
38783,5,0.0,174.375,9,0
38784,5,0.0,-174.375,5,3
38785,5,0.0,-163.125,10,3
38786,5,0.0,-151.875,9,5
38787,5,0.0,-140.625,12,2
38788,5,0.0,-129.37500000000006,7,3
38789,5,0.0,-118.125,11,5
38790,5,0.0,-106.875,7,6
38791,5,0.0,-95.625,10,6
38792,5,0.0,-84.375,6,4
38793,5,0.0,-73.12500000000006,6,2
38794,5,0.0,-61.875,12,6
38795,5,0.0,-50.625,14,4
38796,5,0.0,-39.375,8,1
38797,5,0.0,-28.125,11,2
38798,5,0.0,-16.875,10,1
38799,5,0.0,-5.625,11,3
38800,5,-4.780191847199163,0.0,8,3
38801,5,-4.780191847199163,11.25,9,1
38802,5,-4.780191847199163,22.5,10,0
38803,5,-4.780191847199163,33.75,7,3
38804,5,-4.780191847199163,45.0,4,3
38805,5,-4.780191847199163,56.25,9,2
38806,5,-4.780191847199163,67.5,10,1
38807,5,-4.780191847199163,78.75,10,2
38808,5,-4.780191847199163,90.0,11,0
38809,5,-4.780191847199163,101.25,5,2
38810,5,-4.780191847199163,112.5,8,3
38811,5,-4.780191847199163,123.75,9,3
38812,5,-4.780191847199163,135.0,14,2
38813,5,-4.780191847199163,146.25,12,2
38814,5,-4.780191847199163,157.5,11,0
38815,5,-4.780191847199163,168.75,11,3
38816,5,-4.780191847199163,-180.0,4,0
38817,5,-4.780191847199163,-168.75,7,3
38818,5,-4.780191847199163,-157.5,6,2
38819,5,-4.780191847199163,-146.25,13,2
38820,5,-4.780191847199163,-135.0,5,1
38821,5,-4.780191847199163,-123.75,7,2
38822,5,-4.780191847199163,-112.5,9,2
38823,5,-4.780191847199163,-101.25,8,5
38824,5,-4.780191847199163,-90.0,8,2
38825,5,-4.780191847199163,-78.75000000000006,7,0
38826,5,-4.780191847199163,-67.5,10,3
38827,5,-4.780191847199163,-56.25,9,3
38828,5,-4.780191847199163,-45.0,12,2
38829,5,-4.780191847199163,-33.75000000000006,8,0
38830,5,-4.780191847199163,-22.5,10,0
38831,5,-4.780191847199163,-11.25,13,1
38832,5,-9.594068226860458,5.625,10,0
38833,5,-9.594068226860458,16.875,6,0
38834,5,-9.594068226860458,28.125,13,0
38835,5,-9.594068226860458,39.375,8,0
38836,5,-9.594068226860458,50.625,8,0
38837,5,-9.594068226860458,61.875,10,0
38838,5,-9.594068226860458,73.125,4,0
38839,5,-9.594068226860458,84.375,8,0
38840,5,-9.594068226860458,95.625,4,0
38841,5,-9.594068226860458,106.875,7,1
38842,5,-9.594068226860458,118.125,11,0
38843,5,-9.594068226860458,129.375,5,0
38844,5,-9.594068226860458,140.625,12,0
38845,5,-9.594068226860458,151.875,9,0
38846,5,-9.594068226860458,163.125,11,0
38847,5,-9.594068226860458,174.375,7,0
38848,5,-9.594068226860458,-174.375,9,0
38849,5,-9.594068226860458,-163.125,7,0
38850,5,-9.594068226860458,-151.875,6,1
38851,5,-9.594068226860458,-140.625,7,0
38852,5,-9.594068226860458,-129.37500000000006,5,1
38853,5,-9.594068226860458,-118.125,5,0
38854,5,-9.594068226860458,-106.875,6,0
38855,5,-9.594068226860458,-95.625,12,0
38856,5,-9.594068226860458,-84.375,6,1
38857,5,-9.594068226860458,-73.12500000000006,11,0
38858,5,-9.594068226860458,-61.875,10,0
38859,5,-9.594068226860458,-50.625,6,0
38860,5,-9.594068226860458,-39.375,12,0
38861,5,-9.594068226860458,-28.125,8,0
38862,5,-9.594068226860458,-16.875,7,0
38863,5,-9.594068226860458,-5.625,6,0
38864,5,-14.477512185929925,0.0,10,0
38865,5,-14.477512185929925,11.25,8,0
38866,5,-14.477512185929925,22.5,9,0
38867,5,-14.477512185929925,33.75,8,0
38868,5,-14.477512185929925,45.0,8,0
38869,5,-14.477512185929925,56.25,7,0
38870,5,-14.477512185929925,67.5,4,0
38871,5,-14.477512185929925,78.75,6,0
38872,5,-14.477512185929925,90.0,13,0
38873,5,-14.477512185929925,101.25,8,0
38874,5,-14.477512185929925,112.5,4,0
38875,5,-14.477512185929925,123.75,11,0
38876,5,-14.477512185929925,135.0,10,0
38877,5,-14.477512185929925,146.25,9,0
38878,5,-14.477512185929925,157.5,8,0
38879,5,-14.477512185929925,168.75,10,0
38880,5,-14.477512185929925,-180.0,8,0
38881,5,-14.477512185929925,-168.75,9,0
38882,5,-14.477512185929925,-157.5,10,1
38883,5,-14.477512185929925,-146.25,8,0
38884,5,-14.477512185929925,-135.0,9,0
38885,5,-14.477512185929925,-123.75,6,1
38886,5,-14.477512185929925,-112.5,4,0
38887,5,-14.477512185929925,-101.25,10,0
38888,5,-14.477512185929925,-90.0,10,1
38889,5,-14.477512185929925,-78.75000000000006,5,0
38890,5,-14.477512185929925,-67.5,13,0
38891,5,-14.477512185929925,-56.25,10,0
38892,5,-14.477512185929925,-45.0,11,0
38893,5,-14.477512185929925,-33.75000000000006,9,0
38894,5,-14.477512185929925,-22.5,6,0
38895,5,-14.477512185929925,-11.25,8,0
38896,5,-19.47122063449069,5.625,6,0
38897,5,-19.47122063449069,16.875,10,0
38898,5,-19.47122063449069,28.125,11,0
38899,5,-19.47122063449069,39.375,1,0
38900,5,-19.47122063449069,50.625,11,0
38901,5,-19.47122063449069,61.875,3,0
38902,5,-19.47122063449069,73.125,7,0
38903,5,-19.47122063449069,84.375,11,0
38904,5,-19.47122063449069,95.625,11,0
38905,5,-19.47122063449069,106.875,3,0
38906,5,-19.47122063449069,118.125,3,0
38907,5,-19.47122063449069,129.375,9,0
38908,5,-19.47122063449069,140.625,9,0
38909,5,-19.47122063449069,151.875,8,0
38910,5,-19.47122063449069,163.125,11,0
38911,5,-19.47122063449069,174.375,14,0
38912,5,-19.47122063449069,-174.375,7,1
38913,5,-19.47122063449069,-163.125,10,0
38914,5,-19.47122063449069,-151.875,8,0
38915,5,-19.47122063449069,-140.625,11,0
38916,5,-19.47122063449069,-129.37500000000006,10,0
38917,5,-19.47122063449069,-118.125,4,0
38918,5,-19.47122063449069,-106.875,9,0
38919,5,-19.47122063449069,-95.625,8,0
38920,5,-19.47122063449069,-84.375,11,0
38921,5,-19.47122063449069,-73.12500000000006,10,0
38922,5,-19.47122063449069,-61.875,6,0
38923,5,-19.47122063449069,-50.625,12,0
38924,5,-19.47122063449069,-39.375,13,0
38925,5,-19.47122063449069,-28.125,5,0
38926,5,-19.47122063449069,-16.875,7,0
38927,5,-19.47122063449069,-5.625,13,0
38928,5,-24.62431835216408,0.0,9,0
38929,5,-24.62431835216408,11.25,12,0
38930,5,-24.62431835216408,22.5,9,0
38931,5,-24.62431835216408,33.75,4,0
38932,5,-24.62431835216408,45.0,10,0
38933,5,-24.62431835216408,56.25,7,0
38934,5,-24.62431835216408,67.5,11,0
38935,5,-24.62431835216408,78.75,11,0
38936,5,-24.62431835216408,90.0,11,0
38937,5,-24.62431835216408,101.25,9,0
38938,5,-24.62431835216408,112.5,5,0
38939,5,-24.62431835216408,123.75,12,0
38940,5,-24.62431835216408,135.0,9,0
38941,5,-24.62431835216408,146.25,6,0
38942,5,-24.62431835216408,157.5,7,0
38943,5,-24.62431835216408,168.75,10,0
38944,5,-24.62431835216408,-180.0,7,0
38945,5,-24.62431835216408,-168.75,7,0
38946,5,-24.62431835216408,-157.5,8,0
38947,5,-24.62431835216408,-146.25,8,0
38948,5,-24.62431835216408,-135.0,7,0
38949,5,-24.62431835216408,-123.75,8,0
38950,5,-24.62431835216408,-112.5,3,0
38951,5,-24.62431835216408,-101.25,7,0
38952,5,-24.62431835216408,-90.0,8,0
38953,5,-24.62431835216408,-78.75000000000006,10,0
38954,5,-24.62431835216408,-67.5,9,0
38955,5,-24.62431835216408,-56.25,11,0
38956,5,-24.62431835216408,-45.0,14,0
38957,5,-24.62431835216408,-33.75000000000006,10,0
38958,5,-24.62431835216408,-22.5,8,0
38959,5,-24.62431835216408,-11.25,9,0
38960,5,-30.000000000000014,5.625,12,0
38961,5,-30.000000000000014,16.875,11,0
38962,5,-30.000000000000014,28.125,7,0
38963,5,-30.000000000000014,39.375,9,0
38964,5,-30.000000000000014,50.625,9,0
38965,5,-30.000000000000014,61.875,9,0
38966,5,-30.000000000000014,73.125,7,0
38967,5,-30.000000000000014,84.375,15,0
38968,5,-30.000000000000014,95.625,5,0
38969,5,-30.000000000000014,106.875,12,0
38970,5,-30.000000000000014,118.125,9,0
38971,5,-30.000000000000014,129.375,8,0
38972,5,-30.000000000000014,140.625,4,0
38973,5,-30.000000000000014,151.875,3,0
38974,5,-30.000000000000014,163.125,12,0
38975,5,-30.000000000000014,174.375,5,0
38976,5,-30.000000000000014,-174.375,6,0
38977,5,-30.000000000000014,-163.125,11,0
38978,5,-30.000000000000014,-151.875,8,0
38979,5,-30.000000000000014,-140.625,5,0
38980,5,-30.000000000000014,-129.37500000000006,7,0
38981,5,-30.000000000000014,-118.125,6,0
38982,5,-30.000000000000014,-106.875,4,0
38983,5,-30.000000000000014,-95.625,4,0
38984,5,-30.000000000000014,-84.375,11,0
38985,5,-30.000000000000014,-73.12500000000006,12,0
38986,5,-30.000000000000014,-61.875,8,0
38987,5,-30.000000000000014,-50.625,8,0
38988,5,-30.000000000000014,-39.375,7,0
38989,5,-30.000000000000014,-28.125,11,0
38990,5,-30.000000000000014,-16.875,11,0
38991,5,-30.000000000000014,-5.625,10,0
38992,5,-35.68533471265205,0.0,9,0
38993,5,-35.68533471265205,11.25,13,0
38994,5,-35.68533471265205,22.5,9,0
38995,5,-35.68533471265205,33.75,9,0
38996,5,-35.68533471265205,45.0,10,0
38997,5,-35.68533471265205,56.25,8,0
38998,5,-35.68533471265205,67.5,2,0
38999,5,-35.68533471265205,78.75,4,0
39000,5,-35.68533471265205,90.0,11,0
39001,5,-35.68533471265205,101.25,9,0
39002,5,-35.68533471265205,112.5,9,0
39003,5,-35.68533471265205,123.75,6,0
39004,5,-35.68533471265205,135.0,7,0
39005,5,-35.68533471265205,146.25,11,0
39006,5,-35.68533471265205,157.5,7,0
39007,5,-35.68533471265205,168.75,7,0
39008,5,-35.68533471265205,-180.0,6,0
39009,5,-35.68533471265205,-168.75,8,0
39010,5,-35.68533471265205,-157.5,8,0
39011,5,-35.68533471265205,-146.25,4,0
39012,5,-35.68533471265205,-135.0,5,0
39013,5,-35.68533471265205,-123.75,10,0
39014,5,-35.68533471265205,-112.5,10,0
39015,5,-35.68533471265205,-101.25,10,0
39016,5,-35.68533471265205,-90.0,4,0
39017,5,-35.68533471265205,-78.75000000000006,11,0
39018,5,-35.68533471265205,-67.5,4,0
39019,5,-35.68533471265205,-56.25,8,0
39020,5,-35.68533471265205,-45.0,8,0
39021,5,-35.68533471265205,-33.75000000000006,6,0
39022,5,-35.68533471265205,-22.5,8,0
39023,5,-35.68533471265205,-11.25,13,0
39024,5,-41.81031489577862,5.625,10,0
39025,5,-41.81031489577862,16.875,8,0
39026,5,-41.81031489577862,28.125,13,0
39027,5,-41.81031489577862,39.375,10,0
39028,5,-41.81031489577862,50.625,8,0
39029,5,-41.81031489577862,61.875,9,0
39030,5,-41.81031489577862,73.125,7,0
39031,5,-41.81031489577862,84.375,4,0
39032,5,-41.81031489577862,95.625,12,0
39033,5,-41.81031489577862,106.875,8,0
39034,5,-41.81031489577862,118.125,6,0
39035,5,-41.81031489577862,129.375,9,0
39036,5,-41.81031489577862,140.625,9,0
39037,5,-41.81031489577862,151.875,12,0
39038,5,-41.81031489577862,163.125,8,0
39039,5,-41.81031489577862,174.375,5,0
39040,5,-41.81031489577862,-174.375,11,0
39041,5,-41.81031489577862,-163.125,6,0
39042,5,-41.81031489577862,-151.875,4,0
39043,5,-41.81031489577862,-140.625,5,0
39044,5,-41.81031489577862,-129.37500000000006,7,0
39045,5,-41.81031489577862,-118.125,7,0
39046,5,-41.81031489577862,-106.875,8,0
39047,5,-41.81031489577862,-95.625,12,0
39048,5,-41.81031489577862,-84.375,7,0
39049,5,-41.81031489577862,-73.12500000000006,7,0
39050,5,-41.81031489577862,-61.875,7,0
39051,5,-41.81031489577862,-50.625,7,0
39052,5,-41.81031489577862,-39.375,8,0
39053,5,-41.81031489577862,-28.125,9,0
39054,5,-41.81031489577862,-16.875,11,0
39055,5,-41.81031489577862,-5.625,6,0
39056,5,-48.1412077943603,6.428571428571416,9,0
39057,5,-48.1412077943603,19.285714285714278,11,0
39058,5,-48.1412077943603,32.14285714285714,10,0
39059,5,-48.1412077943603,45.0,9,0
39060,5,-48.1412077943603,57.85714285714286,9,0
39061,5,-48.1412077943603,70.71428571428572,8,0
39062,5,-48.1412077943603,83.57142857142856,17,0
39063,5,-48.1412077943603,96.42857142857144,11,0
39064,5,-48.1412077943603,109.28571428571428,9,0
39065,5,-48.1412077943603,122.14285714285711,9,0
39066,5,-48.1412077943603,135.0,13,0
39067,5,-48.1412077943603,147.8571428571429,13,0
39068,5,-48.1412077943603,160.71428571428572,12,0
39069,5,-48.1412077943603,173.57142857142856,6,0
39070,5,-48.1412077943603,-173.57142857142856,4,0
39071,5,-48.1412077943603,-160.71428571428572,7,0
39072,5,-48.1412077943603,-147.8571428571429,7,0
39073,5,-48.1412077943603,-135.0,11,0
39074,5,-48.1412077943603,-122.14285714285711,8,0
39075,5,-48.1412077943603,-109.28571428571428,9,0
39076,5,-48.1412077943603,-96.42857142857144,9,0
39077,5,-48.1412077943603,-83.57142857142856,9,0
39078,5,-48.1412077943603,-70.71428571428572,9,0
39079,5,-48.1412077943603,-57.85714285714283,13,0
39080,5,-48.1412077943603,-45.0,10,0
39081,5,-48.1412077943603,-32.14285714285717,11,0
39082,5,-48.1412077943603,-19.28571428571422,13,0
39083,5,-48.1412077943603,-6.428571428571445,6,0
39084,5,-54.340912303861245,7.5,7,0
39085,5,-54.340912303861245,22.5,2,0
39086,5,-54.340912303861245,37.5,13,0
39087,5,-54.340912303861245,52.5,11,0
39088,5,-54.340912303861245,67.5,4,0
39089,5,-54.340912303861245,82.5,9,0
39090,5,-54.340912303861245,97.5,9,0
39091,5,-54.340912303861245,112.5,10,0
39092,5,-54.340912303861245,127.5,15,0
39093,5,-54.340912303861245,142.5,13,0
39094,5,-54.340912303861245,157.5,16,0
39095,5,-54.340912303861245,172.5,5,0
39096,5,-54.340912303861245,-172.5,5,0
39097,5,-54.340912303861245,-157.5,10,0
39098,5,-54.340912303861245,-142.5,11,0
39099,5,-54.340912303861245,-127.5,10,0
39100,5,-54.340912303861245,-112.5,8,0
39101,5,-54.340912303861245,-97.5,9,0
39102,5,-54.340912303861245,-82.5,6,0
39103,5,-54.340912303861245,-67.5,10,0
39104,5,-54.340912303861245,-52.50000000000006,13,0
39105,5,-54.340912303861245,-37.5,9,0
39106,5,-54.340912303861245,-22.5,14,0
39107,5,-54.340912303861245,-7.5,13,0
39108,5,-60.4344388449523,9.0,3,0
39109,5,-60.4344388449523,27.0,15,0
39110,5,-60.4344388449523,45.0,12,0
39111,5,-60.4344388449523,63.0,8,0
39112,5,-60.4344388449523,81.0,12,0
39113,5,-60.4344388449523,99.0,5,0
39114,5,-60.4344388449523,117.0,8,0
39115,5,-60.4344388449523,135.0,12,0
39116,5,-60.4344388449523,153.0,10,0
39117,5,-60.4344388449523,171.0,9,0
39118,5,-60.4344388449523,-171.0,9,0
39119,5,-60.4344388449523,-153.0,10,0
39120,5,-60.4344388449523,-135.0,8,0
39121,5,-60.4344388449523,-117.0,3,0
39122,5,-60.4344388449523,-99.0,11,0
39123,5,-60.4344388449523,-81.0,11,0
39124,5,-60.4344388449523,-63.0,6,0
39125,5,-60.4344388449523,-45.0,8,0
39126,5,-60.4344388449523,-27.0,11,0
39127,5,-60.4344388449523,-9.0,9,0
39128,5,-66.44353569089876,11.25,7,0
39129,5,-66.44353569089876,33.75,19,0
39130,5,-66.44353569089876,56.25,9,0
39131,5,-66.44353569089876,78.75,11,0
39132,5,-66.44353569089876,101.25,5,0
39133,5,-66.44353569089876,123.75,7,0
39134,5,-66.44353569089876,146.25,9,0
39135,5,-66.44353569089876,168.75,11,0
39136,5,-66.44353569089876,-168.75,5,0
39137,5,-66.44353569089876,-146.25,7,0
39138,5,-66.44353569089876,-123.75,7,0
39139,5,-66.44353569089876,-101.25,15,0
39140,5,-66.44353569089876,-78.75,9,0
39141,5,-66.44353569089876,-56.25,6,0
39142,5,-66.44353569089876,-33.75,9,0
39143,5,-66.44353569089876,-11.25,8,0
39144,5,-72.38756092964962,15.0,11,0
39145,5,-72.38756092964962,45.0,11,0
39146,5,-72.38756092964962,75.0,9,0
39147,5,-72.38756092964962,105.0,9,0
39148,5,-72.38756092964962,135.0,9,0
39149,5,-72.38756092964962,165.0,7,0
39150,5,-72.38756092964962,-165.0,8,0
39151,5,-72.38756092964962,-135.0,10,0
39152,5,-72.38756092964962,-105.0,15,0
39153,5,-72.38756092964962,-75.0,9,0
39154,5,-72.38756092964962,-45.0,11,0
39155,5,-72.38756092964962,-15.0,8,0
39156,5,-78.28414760510762,22.5,9,0
39157,5,-78.28414760510762,67.5,5,0
39158,5,-78.28414760510762,112.5,5,0
39159,5,-78.28414760510762,157.5,6,0
39160,5,-78.28414760510762,-157.5,6,0
39161,5,-78.28414760510762,-112.5,11,0
39162,5,-78.28414760510762,-67.5,15,0
39163,5,-78.28414760510762,-22.5,13,0
39164,5,-84.14973293629666,45.0,10,0
39165,5,-84.14973293629666,135.0,5,0
39166,5,-84.14973293629666,-135.0,4,0
39167,5,-84.14973293629666,-45.0,10,0
39168,5,84.14973293629666,45.0,11,0
39169,5,84.14973293629666,135.0,12,0
39170,5,84.14973293629666,-135.0,9,0
39171,5,84.14973293629666,-45.0,10,0
39172,5,78.28414760510762,22.5,12,0
39173,5,78.28414760510762,67.5,7,0
39174,5,78.28414760510762,112.5,9,0
39175,5,78.28414760510762,157.5,6,0
39176,5,78.28414760510762,-157.5,6,0
39177,5,78.28414760510762,-112.5,8,0
39178,5,78.28414760510762,-67.5,8,0
39179,5,78.28414760510762,-22.5,9,0
39180,5,72.38756092964962,15.0,8,0
39181,5,72.38756092964962,45.0,7,0
39182,5,72.38756092964962,75.0,7,0
39183,5,72.38756092964962,105.0,10,0
39184,5,72.38756092964962,135.0,8,0
39185,5,72.38756092964962,165.0,10,0
39186,5,72.38756092964962,-165.0,10,0
39187,5,72.38756092964962,-135.0,7,0
39188,5,72.38756092964962,-105.0,13,0
39189,5,72.38756092964962,-75.0,13,0
39190,5,72.38756092964962,-45.0,4,0
39191,5,72.38756092964962,-15.0,11,0
39192,5,66.44353569089877,11.25,10,0
39193,5,66.44353569089877,33.75,9,0
39194,5,66.44353569089877,56.25,7,0
39195,5,66.44353569089877,78.75,8,0
39196,5,66.44353569089877,101.25,9,0
39197,5,66.44353569089877,123.75,10,0
39198,5,66.44353569089877,146.25,9,0
39199,5,66.44353569089877,168.75,7,0
39200,5,66.44353569089877,-168.75,12,0
39201,5,66.44353569089877,-146.25,7,0
39202,5,66.44353569089877,-123.75,7,0
39203,5,66.44353569089877,-101.25,11,1
39204,5,66.44353569089877,-78.75,10,0
39205,5,66.44353569089877,-56.25,7,0
39206,5,66.44353569089877,-33.75,15,0
39207,5,66.44353569089877,-11.25,10,0
39208,5,60.43443884495228,9.0,8,0
39209,5,60.43443884495228,27.0,11,0
39210,5,60.43443884495228,45.0,6,0
39211,5,60.43443884495228,63.0,10,0
39212,5,60.43443884495228,81.0,9,0
39213,5,60.43443884495228,99.0,12,0
39214,5,60.43443884495228,117.0,8,0
39215,5,60.43443884495228,135.0,7,0
39216,5,60.43443884495228,153.0,8,0
39217,5,60.43443884495228,171.0,8,0
39218,5,60.43443884495228,-171.0,9,0
39219,5,60.43443884495228,-153.0,5,0
39220,5,60.43443884495228,-135.0,4,0
39221,5,60.43443884495228,-117.0,8,0
39222,5,60.43443884495228,-99.0,12,0
39223,5,60.43443884495228,-81.0,9,0
39224,5,60.43443884495228,-63.0,7,0
39225,5,60.43443884495228,-45.0,11,0
39226,5,60.43443884495228,-27.0,7,0
39227,5,60.43443884495228,-9.0,5,0
39228,5,54.340912303861245,7.5,9,0
39229,5,54.340912303861245,22.5,8,0
39230,5,54.340912303861245,37.5,8,0
39231,5,54.340912303861245,52.5,12,0
39232,5,54.340912303861245,67.5,9,0
39233,5,54.340912303861245,82.5,10,0
39234,5,54.340912303861245,97.5,11,0
39235,5,54.340912303861245,112.5,10,0
39236,5,54.340912303861245,127.5,7,0
39237,5,54.340912303861245,142.5,10,0
39238,5,54.340912303861245,157.5,8,0
39239,5,54.340912303861245,172.5,9,0
39240,5,54.340912303861245,-172.5,8,0
39241,5,54.340912303861245,-157.5,5,0
39242,5,54.340912303861245,-142.5,5,0
39243,5,54.340912303861245,-127.5,11,0
39244,5,54.340912303861245,-112.5,7,0
39245,5,54.340912303861245,-97.5,8,0
39246,5,54.340912303861245,-82.5,9,0
39247,5,54.340912303861245,-67.5,10,0
39248,5,54.340912303861245,-52.50000000000006,6,0
39249,5,54.340912303861245,-37.5,7,0
39250,5,54.340912303861245,-22.5,11,0
39251,5,54.340912303861245,-7.5,9,0
39252,5,48.141207794360284,6.428571428571416,3,0
39253,5,48.141207794360284,19.285714285714278,6,0
39254,5,48.141207794360284,32.14285714285714,10,0
39255,5,48.141207794360284,45.0,12,0
39256,5,48.141207794360284,57.85714285714286,6,0
39257,5,48.141207794360284,70.71428571428572,9,0
39258,5,48.141207794360284,83.57142857142856,8,0
39259,5,48.141207794360284,96.42857142857144,14,0
39260,5,48.141207794360284,109.28571428571428,6,0
39261,5,48.141207794360284,122.14285714285711,10,0
39262,5,48.141207794360284,135.0,8,0
39263,5,48.141207794360284,147.8571428571429,9,0
39264,5,48.141207794360284,160.71428571428572,6,0
39265,5,48.141207794360284,173.57142857142856,10,0
39266,5,48.141207794360284,-173.57142857142856,9,0
39267,5,48.141207794360284,-160.71428571428572,5,0
39268,5,48.141207794360284,-147.8571428571429,11,0
39269,5,48.141207794360284,-135.0,13,0
39270,5,48.141207794360284,-122.14285714285711,10,0
39271,5,48.141207794360284,-109.28571428571428,1,0
39272,5,48.141207794360284,-96.42857142857144,3,0
39273,5,48.141207794360284,-83.57142857142856,10,0
39274,5,48.141207794360284,-70.71428571428572,9,0
39275,5,48.141207794360284,-57.85714285714283,8,0
39276,5,48.141207794360284,-45.0,4,0
39277,5,48.141207794360284,-32.14285714285717,12,0
39278,5,48.141207794360284,-19.28571428571422,9,0
39279,5,48.141207794360284,-6.428571428571445,8,0
39280,5,41.81031489577859,5.625,6,0
39281,5,41.81031489577859,16.875,7,0
39282,5,41.81031489577859,28.125,4,0
39283,5,41.81031489577859,39.375,13,0
39284,5,41.81031489577859,50.625,5,0
39285,5,41.81031489577859,61.875,14,0
39286,5,41.81031489577859,73.125,12,0
39287,5,41.81031489577859,84.375,14,0
39288,5,41.81031489577859,95.625,14,0
39289,5,41.81031489577859,106.875,8,0
39290,5,41.81031489577859,118.125,4,0
39291,5,41.81031489577859,129.375,10,0
39292,5,41.81031489577859,140.625,8,0
39293,5,41.81031489577859,151.875,7,0
39294,5,41.81031489577859,163.125,7,0
39295,5,41.81031489577859,174.375,7,0
39296,5,41.81031489577859,-174.375,5,0
39297,5,41.81031489577859,-163.125,4,0
39298,5,41.81031489577859,-151.875,16,0
39299,5,41.81031489577859,-140.625,10,0
39300,5,41.81031489577859,-129.37500000000006,12,0
39301,5,41.81031489577859,-118.125,8,0
39302,5,41.81031489577859,-106.875,5,0
39303,5,41.81031489577859,-95.625,5,0
39304,5,41.81031489577859,-84.375,10,0
39305,5,41.81031489577859,-73.12500000000006,12,0
39306,5,41.81031489577859,-61.875,12,0
39307,5,41.81031489577859,-50.625,6,0
39308,5,41.81031489577859,-39.375,8,0
39309,5,41.81031489577859,-28.125,8,0
39310,5,41.81031489577859,-16.875,11,0
39311,5,41.81031489577859,-5.625,6,0
39312,5,35.68533471265204,0.0,4,0
39313,5,35.68533471265204,11.25,7,0
39314,5,35.68533471265204,22.5,6,0
39315,5,35.68533471265204,33.75,12,0
39316,5,35.68533471265204,45.0,6,0
39317,5,35.68533471265204,56.25,11,0
39318,5,35.68533471265204,67.5,6,0
39319,5,35.68533471265204,78.75,9,0
39320,5,35.68533471265204,90.0,14,0
39321,5,35.68533471265204,101.25,12,0
39322,5,35.68533471265204,112.5,4,0
39323,5,35.68533471265204,123.75,5,0
39324,5,35.68533471265204,135.0,12,0
39325,5,35.68533471265204,146.25,10,0
39326,5,35.68533471265204,157.5,11,0
39327,5,35.68533471265204,168.75,10,0
39328,5,35.68533471265204,-180.0,5,0
39329,5,35.68533471265204,-168.75,2,0
39330,5,35.68533471265204,-157.5,5,0
39331,5,35.68533471265204,-146.25,7,0
39332,5,35.68533471265204,-135.0,9,0
39333,5,35.68533471265204,-123.75,6,0
39334,5,35.68533471265204,-112.5,6,0
39335,5,35.68533471265204,-101.25,9,0
39336,5,35.68533471265204,-90.0,6,0
39337,5,35.68533471265204,-78.75000000000006,8,0
39338,5,35.68533471265204,-67.5,10,0
39339,5,35.68533471265204,-56.25,5,0
39340,5,35.68533471265204,-45.0,10,0
39341,5,35.68533471265204,-33.75000000000006,7,0
39342,5,35.68533471265204,-22.5,8,0
39343,5,35.68533471265204,-11.25,12,0
39344,5,30.000000000000007,5.625,12,0
39345,5,30.000000000000007,16.875,7,0
39346,5,30.000000000000007,28.125,11,0
39347,5,30.000000000000007,39.375,12,0
39348,5,30.000000000000007,50.625,10,0
39349,5,30.000000000000007,61.875,6,0
39350,5,30.000000000000007,73.125,11,0
39351,5,30.000000000000007,84.375,7,0
39352,5,30.000000000000007,95.625,6,0
39353,5,30.000000000000007,106.875,13,0
39354,5,30.000000000000007,118.125,5,0
39355,5,30.000000000000007,129.375,11,0
39356,5,30.000000000000007,140.625,9,0
39357,5,30.000000000000007,151.875,10,0
39358,5,30.000000000000007,163.125,8,0
39359,5,30.000000000000007,174.375,10,0
39360,5,30.000000000000007,-174.375,9,0
39361,5,30.000000000000007,-163.125,9,0
39362,5,30.000000000000007,-151.875,7,0
39363,5,30.000000000000007,-140.625,5,0
39364,5,30.000000000000007,-129.37500000000006,4,0
39365,5,30.000000000000007,-118.125,6,0
39366,5,30.000000000000007,-106.875,7,0
39367,5,30.000000000000007,-95.625,11,0
39368,5,30.000000000000007,-84.375,11,0
39369,5,30.000000000000007,-73.12500000000006,9,0
39370,5,30.000000000000007,-61.875,6,0
39371,5,30.000000000000007,-50.625,7,0
39372,5,30.000000000000007,-39.375,5,0
39373,5,30.000000000000007,-28.125,11,0
39374,5,30.000000000000007,-16.875,9,0
39375,5,30.000000000000007,-5.625,6,0
39376,5,24.62431835216408,0.0,10,0
39377,5,24.62431835216408,11.25,9,0
39378,5,24.62431835216408,22.5,11,0
39379,5,24.62431835216408,33.75,9,0
39380,5,24.62431835216408,45.0,7,0
39381,5,24.62431835216408,56.25,4,0
39382,5,24.62431835216408,67.5,9,0
39383,5,24.62431835216408,78.75,9,0
39384,5,24.62431835216408,90.0,7,0
39385,5,24.62431835216408,101.25,9,0
39386,5,24.62431835216408,112.5,9,0
39387,5,24.62431835216408,123.75,11,0
39388,5,24.62431835216408,135.0,11,0
39389,5,24.62431835216408,146.25,6,0
39390,5,24.62431835216408,157.5,11,0
39391,5,24.62431835216408,168.75,9,0
39392,5,24.62431835216408,-180.0,12,0
39393,5,24.62431835216408,-168.75,9,0
39394,5,24.62431835216408,-157.5,6,0
39395,5,24.62431835216408,-146.25,10,0
39396,5,24.62431835216408,-135.0,6,0
39397,5,24.62431835216408,-123.75,11,0
39398,5,24.62431835216408,-112.5,10,0
39399,5,24.62431835216408,-101.25,10,0
39400,5,24.62431835216408,-90.0,13,0
39401,5,24.62431835216408,-78.75000000000006,2,0
39402,5,24.62431835216408,-67.5,10,0
39403,5,24.62431835216408,-56.25,9,0
39404,5,24.62431835216408,-45.0,3,0
39405,5,24.62431835216408,-33.75000000000006,6,0
39406,5,24.62431835216408,-22.5,6,0
39407,5,24.62431835216408,-11.25,9,0
39408,5,19.47122063449069,5.625,6,0
39409,5,19.47122063449069,16.875,8,0
39410,5,19.47122063449069,28.125,9,0
39411,5,19.47122063449069,39.375,4,0
39412,5,19.47122063449069,50.625,6,0
39413,5,19.47122063449069,61.875,7,0
39414,5,19.47122063449069,73.125,5,0
39415,5,19.47122063449069,84.375,4,0
39416,5,19.47122063449069,95.625,13,0
39417,5,19.47122063449069,106.875,9,0
39418,5,19.47122063449069,118.125,8,0
39419,5,19.47122063449069,129.375,9,0
39420,5,19.47122063449069,140.625,6,0
39421,5,19.47122063449069,151.875,8,0
39422,5,19.47122063449069,163.125,13,0
39423,5,19.47122063449069,174.375,9,0
39424,5,19.47122063449069,-174.375,10,0
39425,5,19.47122063449069,-163.125,9,0
39426,5,19.47122063449069,-151.875,3,0
39427,5,19.47122063449069,-140.625,14,0
39428,5,19.47122063449069,-129.37500000000006,12,0
39429,5,19.47122063449069,-118.125,9,0
39430,5,19.47122063449069,-106.875,15,0
39431,5,19.47122063449069,-95.625,9,0
39432,5,19.47122063449069,-84.375,6,0
39433,5,19.47122063449069,-73.12500000000006,4,0
39434,5,19.47122063449069,-61.875,10,0
39435,5,19.47122063449069,-50.625,7,0
39436,5,19.47122063449069,-39.375,5,0
39437,5,19.47122063449069,-28.125,10,0
39438,5,19.47122063449069,-16.875,5,0
39439,5,19.47122063449069,-5.625,17,0
39440,5,14.477512185929925,0.0,10,0
39441,5,14.477512185929925,11.25,10,0
39442,5,14.477512185929925,22.5,7,0
39443,5,14.477512185929925,33.75,11,0
39444,5,14.477512185929925,45.0,10,0
39445,5,14.477512185929925,56.25,6,0
39446,5,14.477512185929925,67.5,8,0
39447,5,14.477512185929925,78.75,3,0
39448,5,14.477512185929925,90.0,6,0
39449,5,14.477512185929925,101.25,11,0
39450,5,14.477512185929925,112.5,9,0
39451,5,14.477512185929925,123.75,13,0
39452,5,14.477512185929925,135.0,10,0
39453,5,14.477512185929925,146.25,7,0
39454,5,14.477512185929925,157.5,8,0
39455,5,14.477512185929925,168.75,7,0
39456,5,14.477512185929925,-180.0,6,0
39457,5,14.477512185929925,-168.75,9,0
39458,5,14.477512185929925,-157.5,8,0
39459,5,14.477512185929925,-146.25,3,0
39460,5,14.477512185929925,-135.0,11,0
39461,5,14.477512185929925,-123.75,12,0
39462,5,14.477512185929925,-112.5,9,0
39463,5,14.477512185929925,-101.25,5,0
39464,5,14.477512185929925,-90.0,11,0
39465,5,14.477512185929925,-78.75000000000006,2,0
39466,5,14.477512185929925,-67.5,8,0
39467,5,14.477512185929925,-56.25,8,0
39468,5,14.477512185929925,-45.0,4,0
39469,5,14.477512185929925,-33.75000000000006,7,0
39470,5,14.477512185929925,-22.5,10,0
39471,5,14.477512185929925,-11.25,10,0
39472,5,9.594068226860458,5.625,14,0
39473,5,9.594068226860458,16.875,8,0
39474,5,9.594068226860458,28.125,6,0
39475,5,9.594068226860458,39.375,12,0
39476,5,9.594068226860458,50.625,7,0
39477,5,9.594068226860458,61.875,10,0
39478,5,9.594068226860458,73.125,8,0
39479,5,9.594068226860458,84.375,5,1
39480,5,9.594068226860458,95.625,7,1
39481,5,9.594068226860458,106.875,7,0
39482,5,9.594068226860458,118.125,12,0
39483,5,9.594068226860458,129.375,11,0
39484,5,9.594068226860458,140.625,12,0
39485,5,9.594068226860458,151.875,4,0
39486,5,9.594068226860458,163.125,7,0
39487,5,9.594068226860458,174.375,4,0
39488,5,9.594068226860458,-174.375,7,0
39489,5,9.594068226860458,-163.125,8,0
39490,5,9.594068226860458,-151.875,7,1
39491,5,9.594068226860458,-140.625,8,0
39492,5,9.594068226860458,-129.37500000000006,10,0
39493,5,9.594068226860458,-118.125,9,0
39494,5,9.594068226860458,-106.875,4,0
39495,5,9.594068226860458,-95.625,12,0
39496,5,9.594068226860458,-84.375,9,0
39497,5,9.594068226860458,-73.12500000000006,10,0
39498,5,9.594068226860458,-61.875,5,0
39499,5,9.594068226860458,-50.625,12,0
39500,5,9.594068226860458,-39.375,8,1
39501,5,9.594068226860458,-28.125,9,0
39502,5,9.594068226860458,-16.875,12,0
39503,5,9.594068226860458,-5.625,13,0
39504,5,4.780191847199163,0.0,13,0
39505,5,4.780191847199163,11.25,5,1
39506,5,4.780191847199163,22.5,13,3
39507,5,4.780191847199163,33.75,5,1
39508,5,4.780191847199163,45.0,8,1
39509,5,4.780191847199163,56.25,8,2
39510,5,4.780191847199163,67.5,10,3
39511,5,4.780191847199163,78.75,12,1
39512,5,4.780191847199163,90.0,8,2
39513,5,4.780191847199163,101.25,6,2
39514,5,4.780191847199163,112.5,10,0
39515,5,4.780191847199163,123.75,17,2
39516,5,4.780191847199163,135.0,16,2
39517,5,4.780191847199163,146.25,3,2
39518,5,4.780191847199163,157.5,8,1
39519,5,4.780191847199163,168.75,8,0
39520,5,4.780191847199163,-180.0,8,0
39521,5,4.780191847199163,-168.75,11,3
39522,5,4.780191847199163,-157.5,10,2
39523,5,4.780191847199163,-146.25,13,6
39524,5,4.780191847199163,-135.0,4,3
39525,5,4.780191847199163,-123.75,10,0
39526,5,4.780191847199163,-112.5,7,6
39527,5,4.780191847199163,-101.25,6,2
39528,5,4.780191847199163,-90.0,7,3
39529,5,4.780191847199163,-78.75000000000006,8,0
39530,5,4.780191847199163,-67.5,15,3
39531,5,4.780191847199163,-56.25,15,2
39532,5,4.780191847199163,-45.0,12,3
39533,5,4.780191847199163,-33.75000000000006,9,1
39534,5,4.780191847199163,-22.5,7,2
39535,5,4.780191847199163,-11.25,14,3
39536,5,0.0,5.625,9,1
39537,5,0.0,16.875,11,3
39538,5,0.0,28.125,5,2
39539,5,0.0,39.375,6,3
39540,5,0.0,50.625,5,7
39541,5,0.0,61.875,7,2
39542,5,0.0,73.125,10,2
39543,5,0.0,84.375,12,3
39544,5,0.0,95.625,7,2
39545,5,0.0,106.875,9,2
39546,5,0.0,118.125,13,3
39547,5,0.0,129.375,15,5
39548,5,0.0,140.625,8,3
39549,5,0.0,151.875,11,2
39550,5,0.0,163.125,6,2
39551,5,0.0,174.375,9,0
39552,5,0.0,-174.375,5,3
39553,5,0.0,-163.125,10,3
39554,5,0.0,-151.875,9,5
39555,5,0.0,-140.625,12,2
39556,5,0.0,-129.37500000000006,7,3
39557,5,0.0,-118.125,11,5
39558,5,0.0,-106.875,7,6
39559,5,0.0,-95.625,10,6
39560,5,0.0,-84.375,6,4
39561,5,0.0,-73.12500000000006,6,2
39562,5,0.0,-61.875,12,6
39563,5,0.0,-50.625,14,4
39564,5,0.0,-39.375,8,1
39565,5,0.0,-28.125,11,2
39566,5,0.0,-16.875,10,1
39567,5,0.0,-5.625,11,3
39568,5,-4.780191847199163,0.0,8,3
39569,5,-4.780191847199163,11.25,9,1
39570,5,-4.780191847199163,22.5,10,0
39571,5,-4.780191847199163,33.75,7,3
39572,5,-4.780191847199163,45.0,4,3
39573,5,-4.780191847199163,56.25,9,2
39574,5,-4.780191847199163,67.5,10,1
39575,5,-4.780191847199163,78.75,10,2
39576,5,-4.780191847199163,90.0,11,0
39577,5,-4.780191847199163,101.25,5,2
39578,5,-4.780191847199163,112.5,8,3
39579,5,-4.780191847199163,123.75,9,3
39580,5,-4.780191847199163,135.0,14,2
39581,5,-4.780191847199163,146.25,12,2
39582,5,-4.780191847199163,157.5,11,0
39583,5,-4.780191847199163,168.75,11,3
39584,5,-4.780191847199163,-180.0,4,0
39585,5,-4.780191847199163,-168.75,7,3
39586,5,-4.780191847199163,-157.5,6,2
39587,5,-4.780191847199163,-146.25,13,2
39588,5,-4.780191847199163,-135.0,5,1
39589,5,-4.780191847199163,-123.75,7,2
39590,5,-4.780191847199163,-112.5,9,2
39591,5,-4.780191847199163,-101.25,8,5
39592,5,-4.780191847199163,-90.0,8,2
39593,5,-4.780191847199163,-78.75000000000006,7,0
39594,5,-4.780191847199163,-67.5,10,3
39595,5,-4.780191847199163,-56.25,9,3
39596,5,-4.780191847199163,-45.0,12,2
39597,5,-4.780191847199163,-33.75000000000006,8,0
39598,5,-4.780191847199163,-22.5,10,0
39599,5,-4.780191847199163,-11.25,13,1
39600,5,-9.594068226860458,5.625,10,0
39601,5,-9.594068226860458,16.875,6,0
39602,5,-9.594068226860458,28.125,13,0
39603,5,-9.594068226860458,39.375,8,0
39604,5,-9.594068226860458,50.625,8,0
39605,5,-9.594068226860458,61.875,10,0
39606,5,-9.594068226860458,73.125,4,0
39607,5,-9.594068226860458,84.375,8,0
39608,5,-9.594068226860458,95.625,4,0
39609,5,-9.594068226860458,106.875,7,1
39610,5,-9.594068226860458,118.125,11,0
39611,5,-9.594068226860458,129.375,5,0
39612,5,-9.594068226860458,140.625,12,0
39613,5,-9.594068226860458,151.875,9,0
39614,5,-9.594068226860458,163.125,11,0
39615,5,-9.594068226860458,174.375,7,0
39616,5,-9.594068226860458,-174.375,9,0
39617,5,-9.594068226860458,-163.125,7,0
39618,5,-9.594068226860458,-151.875,6,1
39619,5,-9.594068226860458,-140.625,7,0
39620,5,-9.594068226860458,-129.37500000000006,5,1
39621,5,-9.594068226860458,-118.125,5,0
39622,5,-9.594068226860458,-106.875,6,0
39623,5,-9.594068226860458,-95.625,12,0
39624,5,-9.594068226860458,-84.375,6,1
39625,5,-9.594068226860458,-73.12500000000006,11,0
39626,5,-9.594068226860458,-61.875,10,0
39627,5,-9.594068226860458,-50.625,6,0
39628,5,-9.594068226860458,-39.375,12,0
39629,5,-9.594068226860458,-28.125,8,0
39630,5,-9.594068226860458,-16.875,7,0
39631,5,-9.594068226860458,-5.625,6,0
39632,5,-14.477512185929925,0.0,10,0
39633,5,-14.477512185929925,11.25,8,0
39634,5,-14.477512185929925,22.5,9,0
39635,5,-14.477512185929925,33.75,8,0
39636,5,-14.477512185929925,45.0,8,0
39637,5,-14.477512185929925,56.25,7,0
39638,5,-14.477512185929925,67.5,4,0
39639,5,-14.477512185929925,78.75,6,0
39640,5,-14.477512185929925,90.0,13,0
39641,5,-14.477512185929925,101.25,8,0
39642,5,-14.477512185929925,112.5,4,0
39643,5,-14.477512185929925,123.75,11,0
39644,5,-14.477512185929925,135.0,10,0
39645,5,-14.477512185929925,146.25,9,0
39646,5,-14.477512185929925,157.5,8,0
39647,5,-14.477512185929925,168.75,10,0
39648,5,-14.477512185929925,-180.0,8,0
39649,5,-14.477512185929925,-168.75,9,0
39650,5,-14.477512185929925,-157.5,10,1
39651,5,-14.477512185929925,-146.25,8,0
39652,5,-14.477512185929925,-135.0,9,0
39653,5,-14.477512185929925,-123.75,6,1
39654,5,-14.477512185929925,-112.5,4,0
39655,5,-14.477512185929925,-101.25,10,0
39656,5,-14.477512185929925,-90.0,10,1
39657,5,-14.477512185929925,-78.75000000000006,5,0
39658,5,-14.477512185929925,-67.5,13,0
39659,5,-14.477512185929925,-56.25,10,0
39660,5,-14.477512185929925,-45.0,11,0
39661,5,-14.477512185929925,-33.75000000000006,9,0
39662,5,-14.477512185929925,-22.5,6,0
39663,5,-14.477512185929925,-11.25,8,0
39664,5,-19.47122063449069,5.625,6,0
39665,5,-19.47122063449069,16.875,10,0
39666,5,-19.47122063449069,28.125,11,0
39667,5,-19.47122063449069,39.375,1,0
39668,5,-19.47122063449069,50.625,11,0
39669,5,-19.47122063449069,61.875,3,0
39670,5,-19.47122063449069,73.125,7,0
39671,5,-19.47122063449069,84.375,11,0
39672,5,-19.47122063449069,95.625,11,0
39673,5,-19.47122063449069,106.875,3,0
39674,5,-19.47122063449069,118.125,3,0
39675,5,-19.47122063449069,129.375,9,0
39676,5,-19.47122063449069,140.625,9,0
39677,5,-19.47122063449069,151.875,8,0
39678,5,-19.47122063449069,163.125,11,0
39679,5,-19.47122063449069,174.375,14,0
39680,5,-19.47122063449069,-174.375,7,1
39681,5,-19.47122063449069,-163.125,10,0
39682,5,-19.47122063449069,-151.875,8,0
39683,5,-19.47122063449069,-140.625,11,0
39684,5,-19.47122063449069,-129.37500000000006,10,0
39685,5,-19.47122063449069,-118.125,4,0
39686,5,-19.47122063449069,-106.875,9,0
39687,5,-19.47122063449069,-95.625,8,0
39688,5,-19.47122063449069,-84.375,11,0
39689,5,-19.47122063449069,-73.12500000000006,10,0
39690,5,-19.47122063449069,-61.875,6,0
39691,5,-19.47122063449069,-50.625,12,0
39692,5,-19.47122063449069,-39.375,13,0
39693,5,-19.47122063449069,-28.125,5,0
39694,5,-19.47122063449069,-16.875,7,0
39695,5,-19.47122063449069,-5.625,13,0
39696,5,-24.62431835216408,0.0,9,0
39697,5,-24.62431835216408,11.25,12,0
39698,5,-24.62431835216408,22.5,9,0
39699,5,-24.62431835216408,33.75,4,0
39700,5,-24.62431835216408,45.0,10,0
39701,5,-24.62431835216408,56.25,7,0
39702,5,-24.62431835216408,67.5,11,0
39703,5,-24.62431835216408,78.75,11,0
39704,5,-24.62431835216408,90.0,11,0
39705,5,-24.62431835216408,101.25,9,0
39706,5,-24.62431835216408,112.5,5,0
39707,5,-24.62431835216408,123.75,12,0
39708,5,-24.62431835216408,135.0,9,0
39709,5,-24.62431835216408,146.25,6,0
39710,5,-24.62431835216408,157.5,7,0
39711,5,-24.62431835216408,168.75,10,0
39712,5,-24.62431835216408,-180.0,7,0
39713,5,-24.62431835216408,-168.75,7,0
39714,5,-24.62431835216408,-157.5,8,0
39715,5,-24.62431835216408,-146.25,8,0
39716,5,-24.62431835216408,-135.0,7,0
39717,5,-24.62431835216408,-123.75,8,0
39718,5,-24.62431835216408,-112.5,3,0
39719,5,-24.62431835216408,-101.25,7,0
39720,5,-24.62431835216408,-90.0,8,0
39721,5,-24.62431835216408,-78.75000000000006,10,0
39722,5,-24.62431835216408,-67.5,9,0
39723,5,-24.62431835216408,-56.25,11,0
39724,5,-24.62431835216408,-45.0,14,0
39725,5,-24.62431835216408,-33.75000000000006,10,0
39726,5,-24.62431835216408,-22.5,8,0
39727,5,-24.62431835216408,-11.25,9,0
39728,5,-30.000000000000014,5.625,12,0
39729,5,-30.000000000000014,16.875,11,0
39730,5,-30.000000000000014,28.125,7,0
39731,5,-30.000000000000014,39.375,9,0
39732,5,-30.000000000000014,50.625,9,0
39733,5,-30.000000000000014,61.875,9,0
39734,5,-30.000000000000014,73.125,7,0
39735,5,-30.000000000000014,84.375,15,0
39736,5,-30.000000000000014,95.625,5,0
39737,5,-30.000000000000014,106.875,12,0
39738,5,-30.000000000000014,118.125,9,0
39739,5,-30.000000000000014,129.375,8,0
39740,5,-30.000000000000014,140.625,4,0
39741,5,-30.000000000000014,151.875,3,0
39742,5,-30.000000000000014,163.125,12,0
39743,5,-30.000000000000014,174.375,5,0
39744,5,-30.000000000000014,-174.375,6,0
39745,5,-30.000000000000014,-163.125,11,0
39746,5,-30.000000000000014,-151.875,8,0
39747,5,-30.000000000000014,-140.625,5,0
39748,5,-30.000000000000014,-129.37500000000006,7,0
39749,5,-30.000000000000014,-118.125,6,0
39750,5,-30.000000000000014,-106.875,4,0
39751,5,-30.000000000000014,-95.625,4,0
39752,5,-30.000000000000014,-84.375,11,0
39753,5,-30.000000000000014,-73.12500000000006,12,0
39754,5,-30.000000000000014,-61.875,8,0
39755,5,-30.000000000000014,-50.625,8,0
39756,5,-30.000000000000014,-39.375,7,0
39757,5,-30.000000000000014,-28.125,11,0
39758,5,-30.000000000000014,-16.875,11,0
39759,5,-30.000000000000014,-5.625,10,0
39760,5,-35.68533471265205,0.0,9,0
39761,5,-35.68533471265205,11.25,13,0
39762,5,-35.68533471265205,22.5,9,0
39763,5,-35.68533471265205,33.75,9,0
39764,5,-35.68533471265205,45.0,10,0
39765,5,-35.68533471265205,56.25,8,0
39766,5,-35.68533471265205,67.5,2,0
39767,5,-35.68533471265205,78.75,4,0
39768,5,-35.68533471265205,90.0,11,0
39769,5,-35.68533471265205,101.25,9,0
39770,5,-35.68533471265205,112.5,9,0
39771,5,-35.68533471265205,123.75,6,0
39772,5,-35.68533471265205,135.0,7,0
39773,5,-35.68533471265205,146.25,11,0
39774,5,-35.68533471265205,157.5,7,0
39775,5,-35.68533471265205,168.75,7,0
39776,5,-35.68533471265205,-180.0,6,0
39777,5,-35.68533471265205,-168.75,8,0
39778,5,-35.68533471265205,-157.5,8,0
39779,5,-35.68533471265205,-146.25,4,0
39780,5,-35.68533471265205,-135.0,5,0
39781,5,-35.68533471265205,-123.75,10,0
39782,5,-35.68533471265205,-112.5,10,0
39783,5,-35.68533471265205,-101.25,10,0
39784,5,-35.68533471265205,-90.0,4,0
39785,5,-35.68533471265205,-78.75000000000006,11,0
39786,5,-35.68533471265205,-67.5,4,0
39787,5,-35.68533471265205,-56.25,8,0
39788,5,-35.68533471265205,-45.0,8,0
39789,5,-35.68533471265205,-33.75000000000006,6,0
39790,5,-35.68533471265205,-22.5,8,0
39791,5,-35.68533471265205,-11.25,13,0
39792,5,-41.81031489577862,5.625,10,0
39793,5,-41.81031489577862,16.875,8,0
39794,5,-41.81031489577862,28.125,13,0
39795,5,-41.81031489577862,39.375,10,0
39796,5,-41.81031489577862,50.625,8,0
39797,5,-41.81031489577862,61.875,9,0
39798,5,-41.81031489577862,73.125,7,0
39799,5,-41.81031489577862,84.375,4,0
39800,5,-41.81031489577862,95.625,12,0
39801,5,-41.81031489577862,106.875,8,0
39802,5,-41.81031489577862,118.125,6,0
39803,5,-41.81031489577862,129.375,9,0
39804,5,-41.81031489577862,140.625,9,0
39805,5,-41.81031489577862,151.875,12,0
39806,5,-41.81031489577862,163.125,8,0
39807,5,-41.81031489577862,174.375,5,0
39808,5,-41.81031489577862,-174.375,11,0
39809,5,-41.81031489577862,-163.125,6,0
39810,5,-41.81031489577862,-151.875,4,0
39811,5,-41.81031489577862,-140.625,5,0
39812,5,-41.81031489577862,-129.37500000000006,7,0
39813,5,-41.81031489577862,-118.125,7,0
39814,5,-41.81031489577862,-106.875,8,0
39815,5,-41.81031489577862,-95.625,12,0
39816,5,-41.81031489577862,-84.375,7,0
39817,5,-41.81031489577862,-73.12500000000006,7,0
39818,5,-41.81031489577862,-61.875,7,0
39819,5,-41.81031489577862,-50.625,7,0
39820,5,-41.81031489577862,-39.375,8,0
39821,5,-41.81031489577862,-28.125,9,0
39822,5,-41.81031489577862,-16.875,11,0
39823,5,-41.81031489577862,-5.625,6,0
39824,5,-48.1412077943603,6.428571428571416,9,0
39825,5,-48.1412077943603,19.285714285714278,11,0
39826,5,-48.1412077943603,32.14285714285714,10,0
39827,5,-48.1412077943603,45.0,9,0
39828,5,-48.1412077943603,57.85714285714286,9,0
39829,5,-48.1412077943603,70.71428571428572,8,0
39830,5,-48.1412077943603,83.57142857142856,17,0
39831,5,-48.1412077943603,96.42857142857144,11,0
39832,5,-48.1412077943603,109.28571428571428,9,0
39833,5,-48.1412077943603,122.14285714285711,9,0
39834,5,-48.1412077943603,135.0,13,0
39835,5,-48.1412077943603,147.8571428571429,13,0
39836,5,-48.1412077943603,160.71428571428572,12,0
39837,5,-48.1412077943603,173.57142857142856,6,0
39838,5,-48.1412077943603,-173.57142857142856,4,0
39839,5,-48.1412077943603,-160.71428571428572,7,0
39840,5,-48.1412077943603,-147.8571428571429,7,0
39841,5,-48.1412077943603,-135.0,11,0
39842,5,-48.1412077943603,-122.14285714285711,8,0
39843,5,-48.1412077943603,-109.28571428571428,9,0
39844,5,-48.1412077943603,-96.42857142857144,9,0
39845,5,-48.1412077943603,-83.57142857142856,9,0
39846,5,-48.1412077943603,-70.71428571428572,9,0
39847,5,-48.1412077943603,-57.85714285714283,13,0
39848,5,-48.1412077943603,-45.0,10,0
39849,5,-48.1412077943603,-32.14285714285717,11,0
39850,5,-48.1412077943603,-19.28571428571422,13,0
39851,5,-48.1412077943603,-6.428571428571445,6,0
39852,5,-54.340912303861245,7.5,7,0
39853,5,-54.340912303861245,22.5,2,0
39854,5,-54.340912303861245,37.5,13,0
39855,5,-54.340912303861245,52.5,11,0
39856,5,-54.340912303861245,67.5,4,0
39857,5,-54.340912303861245,82.5,9,0
39858,5,-54.340912303861245,97.5,9,0
39859,5,-54.340912303861245,112.5,10,0
39860,5,-54.340912303861245,127.5,15,0
39861,5,-54.340912303861245,142.5,13,0
39862,5,-54.340912303861245,157.5,16,0
39863,5,-54.340912303861245,172.5,5,0
39864,5,-54.340912303861245,-172.5,5,0
39865,5,-54.340912303861245,-157.5,10,0
39866,5,-54.340912303861245,-142.5,11,0
39867,5,-54.340912303861245,-127.5,10,0
39868,5,-54.340912303861245,-112.5,8,0
39869,5,-54.340912303861245,-97.5,9,0
39870,5,-54.340912303861245,-82.5,6,0
39871,5,-54.340912303861245,-67.5,10,0
39872,5,-54.340912303861245,-52.50000000000006,13,0
39873,5,-54.340912303861245,-37.5,9,0
39874,5,-54.340912303861245,-22.5,14,0
39875,5,-54.340912303861245,-7.5,13,0
39876,5,-60.4344388449523,9.0,3,0
39877,5,-60.4344388449523,27.0,15,0
39878,5,-60.4344388449523,45.0,12,0
39879,5,-60.4344388449523,63.0,8,0
39880,5,-60.4344388449523,81.0,12,0
39881,5,-60.4344388449523,99.0,5,0
39882,5,-60.4344388449523,117.0,8,0
39883,5,-60.4344388449523,135.0,12,0
39884,5,-60.4344388449523,153.0,10,0
39885,5,-60.4344388449523,171.0,9,0
39886,5,-60.4344388449523,-171.0,9,0
39887,5,-60.4344388449523,-153.0,10,0
39888,5,-60.4344388449523,-135.0,8,0
39889,5,-60.4344388449523,-117.0,3,0
39890,5,-60.4344388449523,-99.0,11,0
39891,5,-60.4344388449523,-81.0,11,0
39892,5,-60.4344388449523,-63.0,6,0
39893,5,-60.4344388449523,-45.0,8,0
39894,5,-60.4344388449523,-27.0,11,0
39895,5,-60.4344388449523,-9.0,9,0
39896,5,-66.44353569089876,11.25,7,0
39897,5,-66.44353569089876,33.75,19,0
39898,5,-66.44353569089876,56.25,9,0
39899,5,-66.44353569089876,78.75,11,0
39900,5,-66.44353569089876,101.25,5,0
39901,5,-66.44353569089876,123.75,7,0
39902,5,-66.44353569089876,146.25,9,0
39903,5,-66.44353569089876,168.75,11,0
39904,5,-66.44353569089876,-168.75,5,0
39905,5,-66.44353569089876,-146.25,7,0
39906,5,-66.44353569089876,-123.75,7,0
39907,5,-66.44353569089876,-101.25,15,0
39908,5,-66.44353569089876,-78.75,9,0
39909,5,-66.44353569089876,-56.25,6,0
39910,5,-66.44353569089876,-33.75,9,0
39911,5,-66.44353569089876,-11.25,8,0
39912,5,-72.38756092964962,15.0,11,0
39913,5,-72.38756092964962,45.0,11,0
39914,5,-72.38756092964962,75.0,9,0
39915,5,-72.38756092964962,105.0,9,0
39916,5,-72.38756092964962,135.0,9,0
39917,5,-72.38756092964962,165.0,7,0
39918,5,-72.38756092964962,-165.0,8,0
39919,5,-72.38756092964962,-135.0,10,0
39920,5,-72.38756092964962,-105.0,15,0
39921,5,-72.38756092964962,-75.0,9,0
39922,5,-72.38756092964962,-45.0,11,0
39923,5,-72.38756092964962,-15.0,8,0
39924,5,-78.28414760510762,22.5,9,0
39925,5,-78.28414760510762,67.5,5,0
39926,5,-78.28414760510762,112.5,5,0
39927,5,-78.28414760510762,157.5,6,0
39928,5,-78.28414760510762,-157.5,6,0
39929,5,-78.28414760510762,-112.5,11,0
39930,5,-78.28414760510762,-67.5,15,0
39931,5,-78.28414760510762,-22.5,13,0
39932,5,-84.14973293629666,45.0,10,0
39933,5,-84.14973293629666,135.0,5,0
39934,5,-84.14973293629666,-135.0,4,0
39935,5,-84.14973293629666,-45.0,10,0
39936,5,84.14973293629666,45.0,11,0
39937,5,84.14973293629666,135.0,12,0
39938,5,84.14973293629666,-135.0,9,0
39939,5,84.14973293629666,-45.0,10,0
39940,5,78.28414760510762,22.5,12,0
39941,5,78.28414760510762,67.5,7,0
39942,5,78.28414760510762,112.5,9,0
39943,5,78.28414760510762,157.5,6,0
39944,5,78.28414760510762,-157.5,6,0
39945,5,78.28414760510762,-112.5,8,0
39946,5,78.28414760510762,-67.5,8,0
39947,5,78.28414760510762,-22.5,9,0
39948,5,72.38756092964962,15.0,8,0
39949,5,72.38756092964962,45.0,7,0
39950,5,72.38756092964962,75.0,7,0
39951,5,72.38756092964962,105.0,10,0
39952,5,72.38756092964962,135.0,8,0
39953,5,72.38756092964962,165.0,10,0
39954,5,72.38756092964962,-165.0,10,0
39955,5,72.38756092964962,-135.0,7,0
39956,5,72.38756092964962,-105.0,13,0
39957,5,72.38756092964962,-75.0,13,0
39958,5,72.38756092964962,-45.0,4,0
39959,5,72.38756092964962,-15.0,11,0
39960,5,66.44353569089877,11.25,10,0
39961,5,66.44353569089877,33.75,9,0
39962,5,66.44353569089877,56.25,7,0
39963,5,66.44353569089877,78.75,8,0
39964,5,66.44353569089877,101.25,9,0
39965,5,66.44353569089877,123.75,10,0
39966,5,66.44353569089877,146.25,9,0
39967,5,66.44353569089877,168.75,7,0
39968,5,66.44353569089877,-168.75,12,0
39969,5,66.44353569089877,-146.25,7,0
39970,5,66.44353569089877,-123.75,7,0
39971,5,66.44353569089877,-101.25,11,1
39972,5,66.44353569089877,-78.75,10,0
39973,5,66.44353569089877,-56.25,7,0
39974,5,66.44353569089877,-33.75,15,0
39975,5,66.44353569089877,-11.25,10,0
39976,5,60.43443884495228,9.0,8,0
39977,5,60.43443884495228,27.0,11,0
39978,5,60.43443884495228,45.0,6,0
39979,5,60.43443884495228,63.0,10,0
39980,5,60.43443884495228,81.0,9,0
39981,5,60.43443884495228,99.0,12,0
39982,5,60.43443884495228,117.0,8,0
39983,5,60.43443884495228,135.0,7,0
39984,5,60.43443884495228,153.0,8,0
39985,5,60.43443884495228,171.0,8,0
39986,5,60.43443884495228,-171.0,9,0
39987,5,60.43443884495228,-153.0,5,0
39988,5,60.43443884495228,-135.0,4,0
39989,5,60.43443884495228,-117.0,8,0
39990,5,60.43443884495228,-99.0,12,0
39991,5,60.43443884495228,-81.0,9,0
39992,5,60.43443884495228,-63.0,7,0
39993,5,60.43443884495228,-45.0,11,0
39994,5,60.43443884495228,-27.0,7,0
39995,5,60.43443884495228,-9.0,5,0
39996,5,54.340912303861245,7.5,9,0
39997,5,54.340912303861245,22.5,8,0
39998,5,54.340912303861245,37.5,8,0
39999,5,54.340912303861245,52.5,12,0
40000,5,54.340912303861245,67.5,9,0
40001,5,54.340912303861245,82.5,10,0
40002,5,54.340912303861245,97.5,11,0
40003,5,54.340912303861245,112.5,10,0
40004,5,54.340912303861245,127.5,7,0
40005,5,54.340912303861245,142.5,10,0
40006,5,54.340912303861245,157.5,8,0
40007,5,54.340912303861245,172.5,9,0
40008,5,54.340912303861245,-172.5,8,0
40009,5,54.340912303861245,-157.5,5,0
40010,5,54.340912303861245,-142.5,5,0
40011,5,54.340912303861245,-127.5,11,0
40012,5,54.340912303861245,-112.5,7,0
40013,5,54.340912303861245,-97.5,8,0
40014,5,54.340912303861245,-82.5,9,0
40015,5,54.340912303861245,-67.5,10,0
40016,5,54.340912303861245,-52.50000000000006,6,0
40017,5,54.340912303861245,-37.5,7,0
40018,5,54.340912303861245,-22.5,11,0
40019,5,54.340912303861245,-7.5,9,0
40020,5,48.141207794360284,6.428571428571416,3,0
40021,5,48.141207794360284,19.285714285714278,6,0
40022,5,48.141207794360284,32.14285714285714,10,0
40023,5,48.141207794360284,45.0,12,0
40024,5,48.141207794360284,57.85714285714286,6,0
40025,5,48.141207794360284,70.71428571428572,9,0
40026,5,48.141207794360284,83.57142857142856,8,0
40027,5,48.141207794360284,96.42857142857144,14,0
40028,5,48.141207794360284,109.28571428571428,6,0
40029,5,48.141207794360284,122.14285714285711,10,0
40030,5,48.141207794360284,135.0,8,0
40031,5,48.141207794360284,147.8571428571429,9,0
40032,5,48.141207794360284,160.71428571428572,6,0
40033,5,48.141207794360284,173.57142857142856,10,0
40034,5,48.141207794360284,-173.57142857142856,9,0
40035,5,48.141207794360284,-160.71428571428572,5,0
40036,5,48.141207794360284,-147.8571428571429,11,0
40037,5,48.141207794360284,-135.0,13,0
40038,5,48.141207794360284,-122.14285714285711,10,0
40039,5,48.141207794360284,-109.28571428571428,1,0
40040,5,48.141207794360284,-96.42857142857144,3,0
40041,5,48.141207794360284,-83.57142857142856,10,0
40042,5,48.141207794360284,-70.71428571428572,9,0
40043,5,48.141207794360284,-57.85714285714283,8,0
40044,5,48.141207794360284,-45.0,4,0
40045,5,48.141207794360284,-32.14285714285717,12,0
40046,5,48.141207794360284,-19.28571428571422,9,0
40047,5,48.141207794360284,-6.428571428571445,8,0
40048,5,41.81031489577859,5.625,6,0
40049,5,41.81031489577859,16.875,7,0
40050,5,41.81031489577859,28.125,4,0
40051,5,41.81031489577859,39.375,13,0
40052,5,41.81031489577859,50.625,5,0
40053,5,41.81031489577859,61.875,14,0
40054,5,41.81031489577859,73.125,12,0
40055,5,41.81031489577859,84.375,14,0
40056,5,41.81031489577859,95.625,14,0
40057,5,41.81031489577859,106.875,8,0
40058,5,41.81031489577859,118.125,4,0
40059,5,41.81031489577859,129.375,10,0
40060,5,41.81031489577859,140.625,8,0
40061,5,41.81031489577859,151.875,7,0
40062,5,41.81031489577859,163.125,7,0
40063,5,41.81031489577859,174.375,7,0
40064,5,41.81031489577859,-174.375,5,0
40065,5,41.81031489577859,-163.125,4,0
40066,5,41.81031489577859,-151.875,16,0
40067,5,41.81031489577859,-140.625,10,0
40068,5,41.81031489577859,-129.37500000000006,12,0
40069,5,41.81031489577859,-118.125,8,0
40070,5,41.81031489577859,-106.875,5,0
40071,5,41.81031489577859,-95.625,5,0
40072,5,41.81031489577859,-84.375,10,0
40073,5,41.81031489577859,-73.12500000000006,12,0
40074,5,41.81031489577859,-61.875,12,0
40075,5,41.81031489577859,-50.625,6,0
40076,5,41.81031489577859,-39.375,8,0
40077,5,41.81031489577859,-28.125,8,0
40078,5,41.81031489577859,-16.875,11,0
40079,5,41.81031489577859,-5.625,6,0
40080,5,35.68533471265204,0.0,4,0
40081,5,35.68533471265204,11.25,7,0
40082,5,35.68533471265204,22.5,6,0
40083,5,35.68533471265204,33.75,12,0
40084,5,35.68533471265204,45.0,6,0
40085,5,35.68533471265204,56.25,11,0
40086,5,35.68533471265204,67.5,6,0
40087,5,35.68533471265204,78.75,9,0
40088,5,35.68533471265204,90.0,14,0
40089,5,35.68533471265204,101.25,12,0
40090,5,35.68533471265204,112.5,4,0
40091,5,35.68533471265204,123.75,5,0
40092,5,35.68533471265204,135.0,12,0
40093,5,35.68533471265204,146.25,10,0
40094,5,35.68533471265204,157.5,11,0
40095,5,35.68533471265204,168.75,10,0
40096,5,35.68533471265204,-180.0,5,0
40097,5,35.68533471265204,-168.75,2,0
40098,5,35.68533471265204,-157.5,5,0
40099,5,35.68533471265204,-146.25,7,0
40100,5,35.68533471265204,-135.0,9,0
40101,5,35.68533471265204,-123.75,6,0
40102,5,35.68533471265204,-112.5,6,0
40103,5,35.68533471265204,-101.25,9,0
40104,5,35.68533471265204,-90.0,6,0
40105,5,35.68533471265204,-78.75000000000006,8,0
40106,5,35.68533471265204,-67.5,10,0
40107,5,35.68533471265204,-56.25,5,0
40108,5,35.68533471265204,-45.0,10,0
40109,5,35.68533471265204,-33.75000000000006,7,0
40110,5,35.68533471265204,-22.5,8,0
40111,5,35.68533471265204,-11.25,12,0
40112,5,30.000000000000007,5.625,12,0
40113,5,30.000000000000007,16.875,7,0
40114,5,30.000000000000007,28.125,11,0
40115,5,30.000000000000007,39.375,12,0
40116,5,30.000000000000007,50.625,10,0
40117,5,30.000000000000007,61.875,6,0
40118,5,30.000000000000007,73.125,11,0
40119,5,30.000000000000007,84.375,7,0
40120,5,30.000000000000007,95.625,6,0
40121,5,30.000000000000007,106.875,13,0
40122,5,30.000000000000007,118.125,5,0
40123,5,30.000000000000007,129.375,11,0
40124,5,30.000000000000007,140.625,9,0
40125,5,30.000000000000007,151.875,10,0
40126,5,30.000000000000007,163.125,8,0
40127,5,30.000000000000007,174.375,10,0
40128,5,30.000000000000007,-174.375,9,0
40129,5,30.000000000000007,-163.125,9,0
40130,5,30.000000000000007,-151.875,7,0
40131,5,30.000000000000007,-140.625,5,0
40132,5,30.000000000000007,-129.37500000000006,4,0
40133,5,30.000000000000007,-118.125,6,0
40134,5,30.000000000000007,-106.875,7,0
40135,5,30.000000000000007,-95.625,11,0
40136,5,30.000000000000007,-84.375,11,0
40137,5,30.000000000000007,-73.12500000000006,9,0
40138,5,30.000000000000007,-61.875,6,0
40139,5,30.000000000000007,-50.625,7,0
40140,5,30.000000000000007,-39.375,5,0
40141,5,30.000000000000007,-28.125,11,0
40142,5,30.000000000000007,-16.875,9,0
40143,5,30.000000000000007,-5.625,6,0
40144,5,24.62431835216408,0.0,10,0
40145,5,24.62431835216408,11.25,9,0
40146,5,24.62431835216408,22.5,11,0
40147,5,24.62431835216408,33.75,9,0
40148,5,24.62431835216408,45.0,7,0
40149,5,24.62431835216408,56.25,4,0
40150,5,24.62431835216408,67.5,9,0
40151,5,24.62431835216408,78.75,9,0
40152,5,24.62431835216408,90.0,7,0
40153,5,24.62431835216408,101.25,9,0
40154,5,24.62431835216408,112.5,9,0
40155,5,24.62431835216408,123.75,11,0
40156,5,24.62431835216408,135.0,11,0
40157,5,24.62431835216408,146.25,6,0
40158,5,24.62431835216408,157.5,11,0
40159,5,24.62431835216408,168.75,9,0
40160,5,24.62431835216408,-180.0,12,0
40161,5,24.62431835216408,-168.75,9,0
40162,5,24.62431835216408,-157.5,6,0
40163,5,24.62431835216408,-146.25,10,0
40164,5,24.62431835216408,-135.0,6,0
40165,5,24.62431835216408,-123.75,11,0
40166,5,24.62431835216408,-112.5,10,0
40167,5,24.62431835216408,-101.25,10,0
40168,5,24.62431835216408,-90.0,13,0
40169,5,24.62431835216408,-78.75000000000006,2,0
40170,5,24.62431835216408,-67.5,10,0
40171,5,24.62431835216408,-56.25,9,0
40172,5,24.62431835216408,-45.0,3,0
40173,5,24.62431835216408,-33.75000000000006,6,0
40174,5,24.62431835216408,-22.5,6,0
40175,5,24.62431835216408,-11.25,9,0
40176,5,19.47122063449069,5.625,6,0
40177,5,19.47122063449069,16.875,8,0
40178,5,19.47122063449069,28.125,9,0
40179,5,19.47122063449069,39.375,4,0
40180,5,19.47122063449069,50.625,6,0
40181,5,19.47122063449069,61.875,7,0
40182,5,19.47122063449069,73.125,5,0
40183,5,19.47122063449069,84.375,4,0
40184,5,19.47122063449069,95.625,13,0
40185,5,19.47122063449069,106.875,9,0
40186,5,19.47122063449069,118.125,8,0
40187,5,19.47122063449069,129.375,9,0
40188,5,19.47122063449069,140.625,6,0
40189,5,19.47122063449069,151.875,8,0
40190,5,19.47122063449069,163.125,13,0
40191,5,19.47122063449069,174.375,9,0
40192,5,19.47122063449069,-174.375,10,0
40193,5,19.47122063449069,-163.125,9,0
40194,5,19.47122063449069,-151.875,3,0
40195,5,19.47122063449069,-140.625,14,0
40196,5,19.47122063449069,-129.37500000000006,12,0
40197,5,19.47122063449069,-118.125,9,0
40198,5,19.47122063449069,-106.875,15,0
40199,5,19.47122063449069,-95.625,9,0
40200,5,19.47122063449069,-84.375,6,0
40201,5,19.47122063449069,-73.12500000000006,4,0
40202,5,19.47122063449069,-61.875,10,0
40203,5,19.47122063449069,-50.625,7,0
40204,5,19.47122063449069,-39.375,5,0
40205,5,19.47122063449069,-28.125,10,0
40206,5,19.47122063449069,-16.875,5,0
40207,5,19.47122063449069,-5.625,17,0
40208,5,14.477512185929925,0.0,10,0
40209,5,14.477512185929925,11.25,10,0
40210,5,14.477512185929925,22.5,7,0
40211,5,14.477512185929925,33.75,11,0
40212,5,14.477512185929925,45.0,10,0
40213,5,14.477512185929925,56.25,6,0
40214,5,14.477512185929925,67.5,8,0
40215,5,14.477512185929925,78.75,3,0
40216,5,14.477512185929925,90.0,6,0
40217,5,14.477512185929925,101.25,11,0
40218,5,14.477512185929925,112.5,9,0
40219,5,14.477512185929925,123.75,13,0
40220,5,14.477512185929925,135.0,10,0
40221,5,14.477512185929925,146.25,7,0
40222,5,14.477512185929925,157.5,8,0
40223,5,14.477512185929925,168.75,7,0
40224,5,14.477512185929925,-180.0,6,0
40225,5,14.477512185929925,-168.75,9,0
40226,5,14.477512185929925,-157.5,8,0
40227,5,14.477512185929925,-146.25,3,0
40228,5,14.477512185929925,-135.0,11,0
40229,5,14.477512185929925,-123.75,12,0
40230,5,14.477512185929925,-112.5,9,0
40231,5,14.477512185929925,-101.25,5,0
40232,5,14.477512185929925,-90.0,11,0
40233,5,14.477512185929925,-78.75000000000006,2,0
40234,5,14.477512185929925,-67.5,8,0
40235,5,14.477512185929925,-56.25,8,0
40236,5,14.477512185929925,-45.0,4,0
40237,5,14.477512185929925,-33.75000000000006,7,0
40238,5,14.477512185929925,-22.5,10,0
40239,5,14.477512185929925,-11.25,10,0
40240,5,9.594068226860458,5.625,14,0
40241,5,9.594068226860458,16.875,8,0
40242,5,9.594068226860458,28.125,6,0
40243,5,9.594068226860458,39.375,12,0
40244,5,9.594068226860458,50.625,7,0
40245,5,9.594068226860458,61.875,10,0
40246,5,9.594068226860458,73.125,8,0
40247,5,9.594068226860458,84.375,5,1
40248,5,9.594068226860458,95.625,7,1
40249,5,9.594068226860458,106.875,7,0
40250,5,9.594068226860458,118.125,12,0
40251,5,9.594068226860458,129.375,11,0
40252,5,9.594068226860458,140.625,12,0
40253,5,9.594068226860458,151.875,4,0
40254,5,9.594068226860458,163.125,7,0
40255,5,9.594068226860458,174.375,4,0
40256,5,9.594068226860458,-174.375,7,0
40257,5,9.594068226860458,-163.125,8,0
40258,5,9.594068226860458,-151.875,7,1
40259,5,9.594068226860458,-140.625,8,0
40260,5,9.594068226860458,-129.37500000000006,10,0
40261,5,9.594068226860458,-118.125,9,0
40262,5,9.594068226860458,-106.875,4,0
40263,5,9.594068226860458,-95.625,12,0
40264,5,9.594068226860458,-84.375,9,0
40265,5,9.594068226860458,-73.12500000000006,10,0
40266,5,9.594068226860458,-61.875,5,0
40267,5,9.594068226860458,-50.625,12,0
40268,5,9.594068226860458,-39.375,8,1
40269,5,9.594068226860458,-28.125,9,0
40270,5,9.594068226860458,-16.875,12,0
40271,5,9.594068226860458,-5.625,13,0
40272,5,4.780191847199163,0.0,13,0
40273,5,4.780191847199163,11.25,5,1
40274,5,4.780191847199163,22.5,13,3
40275,5,4.780191847199163,33.75,5,1
40276,5,4.780191847199163,45.0,8,1
40277,5,4.780191847199163,56.25,8,2
40278,5,4.780191847199163,67.5,10,3
40279,5,4.780191847199163,78.75,12,1
40280,5,4.780191847199163,90.0,8,2
40281,5,4.780191847199163,101.25,6,2
40282,5,4.780191847199163,112.5,10,0
40283,5,4.780191847199163,123.75,17,2
40284,5,4.780191847199163,135.0,16,2
40285,5,4.780191847199163,146.25,3,2
40286,5,4.780191847199163,157.5,8,1
40287,5,4.780191847199163,168.75,8,0
40288,5,4.780191847199163,-180.0,8,0
40289,5,4.780191847199163,-168.75,11,3
40290,5,4.780191847199163,-157.5,10,2
40291,5,4.780191847199163,-146.25,13,6
40292,5,4.780191847199163,-135.0,4,3
40293,5,4.780191847199163,-123.75,10,0
40294,5,4.780191847199163,-112.5,7,6
40295,5,4.780191847199163,-101.25,6,2
40296,5,4.780191847199163,-90.0,7,3
40297,5,4.780191847199163,-78.75000000000006,8,0
40298,5,4.780191847199163,-67.5,15,3
40299,5,4.780191847199163,-56.25,15,2
40300,5,4.780191847199163,-45.0,12,3
40301,5,4.780191847199163,-33.75000000000006,9,1
40302,5,4.780191847199163,-22.5,7,2
40303,5,4.780191847199163,-11.25,14,3
40304,5,0.0,5.625,9,1
40305,5,0.0,16.875,11,3
40306,5,0.0,28.125,5,2
40307,5,0.0,39.375,6,3
40308,5,0.0,50.625,5,7
40309,5,0.0,61.875,7,2
40310,5,0.0,73.125,10,2
40311,5,0.0,84.375,12,3
40312,5,0.0,95.625,7,2
40313,5,0.0,106.875,9,2
40314,5,0.0,118.125,13,3
40315,5,0.0,129.375,15,5
40316,5,0.0,140.625,8,3
40317,5,0.0,151.875,11,2
40318,5,0.0,163.125,6,2
40319,5,0.0,174.375,9,0
40320,5,0.0,-174.375,5,3
40321,5,0.0,-163.125,10,3
40322,5,0.0,-151.875,9,5
40323,5,0.0,-140.625,12,2
40324,5,0.0,-129.37500000000006,7,3
40325,5,0.0,-118.125,11,5
40326,5,0.0,-106.875,7,6
40327,5,0.0,-95.625,10,6
40328,5,0.0,-84.375,6,4
40329,5,0.0,-73.12500000000006,6,2
40330,5,0.0,-61.875,12,6
40331,5,0.0,-50.625,14,4
40332,5,0.0,-39.375,8,1
40333,5,0.0,-28.125,11,2
40334,5,0.0,-16.875,10,1
40335,5,0.0,-5.625,11,3
40336,5,-4.780191847199163,0.0,8,3
40337,5,-4.780191847199163,11.25,9,1
40338,5,-4.780191847199163,22.5,10,0
40339,5,-4.780191847199163,33.75,7,3
40340,5,-4.780191847199163,45.0,4,3
40341,5,-4.780191847199163,56.25,9,2
40342,5,-4.780191847199163,67.5,10,1
40343,5,-4.780191847199163,78.75,10,2
40344,5,-4.780191847199163,90.0,11,0
40345,5,-4.780191847199163,101.25,5,2
40346,5,-4.780191847199163,112.5,8,3
40347,5,-4.780191847199163,123.75,9,3
40348,5,-4.780191847199163,135.0,14,2
40349,5,-4.780191847199163,146.25,12,2
40350,5,-4.780191847199163,157.5,11,0
40351,5,-4.780191847199163,168.75,11,3
40352,5,-4.780191847199163,-180.0,4,0
40353,5,-4.780191847199163,-168.75,7,3
40354,5,-4.780191847199163,-157.5,6,2
40355,5,-4.780191847199163,-146.25,13,2
40356,5,-4.780191847199163,-135.0,5,1
40357,5,-4.780191847199163,-123.75,7,2
40358,5,-4.780191847199163,-112.5,9,2
40359,5,-4.780191847199163,-101.25,8,5
40360,5,-4.780191847199163,-90.0,8,2
40361,5,-4.780191847199163,-78.75000000000006,7,0
40362,5,-4.780191847199163,-67.5,10,3
40363,5,-4.780191847199163,-56.25,9,3
40364,5,-4.780191847199163,-45.0,12,2
40365,5,-4.780191847199163,-33.75000000000006,8,0
40366,5,-4.780191847199163,-22.5,10,0
40367,5,-4.780191847199163,-11.25,13,1
40368,5,-9.594068226860458,5.625,10,0
40369,5,-9.594068226860458,16.875,6,0
40370,5,-9.594068226860458,28.125,13,0
40371,5,-9.594068226860458,39.375,8,0
40372,5,-9.594068226860458,50.625,8,0
40373,5,-9.594068226860458,61.875,10,0
40374,5,-9.594068226860458,73.125,4,0
40375,5,-9.594068226860458,84.375,8,0
40376,5,-9.594068226860458,95.625,4,0
40377,5,-9.594068226860458,106.875,7,1
40378,5,-9.594068226860458,118.125,11,0
40379,5,-9.594068226860458,129.375,5,0
40380,5,-9.594068226860458,140.625,12,0
40381,5,-9.594068226860458,151.875,9,0
40382,5,-9.594068226860458,163.125,11,0
40383,5,-9.594068226860458,174.375,7,0
40384,5,-9.594068226860458,-174.375,9,0
40385,5,-9.594068226860458,-163.125,7,0
40386,5,-9.594068226860458,-151.875,6,1
40387,5,-9.594068226860458,-140.625,7,0
40388,5,-9.594068226860458,-129.37500000000006,5,1
40389,5,-9.594068226860458,-118.125,5,0
40390,5,-9.594068226860458,-106.875,6,0
40391,5,-9.594068226860458,-95.625,12,0
40392,5,-9.594068226860458,-84.375,6,1
40393,5,-9.594068226860458,-73.12500000000006,11,0
40394,5,-9.594068226860458,-61.875,10,0
40395,5,-9.594068226860458,-50.625,6,0
40396,5,-9.594068226860458,-39.375,12,0
40397,5,-9.594068226860458,-28.125,8,0
40398,5,-9.594068226860458,-16.875,7,0
40399,5,-9.594068226860458,-5.625,6,0
40400,5,-14.477512185929925,0.0,10,0
40401,5,-14.477512185929925,11.25,8,0
40402,5,-14.477512185929925,22.5,9,0
40403,5,-14.477512185929925,33.75,8,0
40404,5,-14.477512185929925,45.0,8,0
40405,5,-14.477512185929925,56.25,7,0
40406,5,-14.477512185929925,67.5,4,0
40407,5,-14.477512185929925,78.75,6,0
40408,5,-14.477512185929925,90.0,13,0
40409,5,-14.477512185929925,101.25,8,0
40410,5,-14.477512185929925,112.5,4,0
40411,5,-14.477512185929925,123.75,11,0
40412,5,-14.477512185929925,135.0,10,0
40413,5,-14.477512185929925,146.25,9,0
40414,5,-14.477512185929925,157.5,8,0
40415,5,-14.477512185929925,168.75,10,0
40416,5,-14.477512185929925,-180.0,8,0
40417,5,-14.477512185929925,-168.75,9,0
40418,5,-14.477512185929925,-157.5,10,1
40419,5,-14.477512185929925,-146.25,8,0
40420,5,-14.477512185929925,-135.0,9,0
40421,5,-14.477512185929925,-123.75,6,1
40422,5,-14.477512185929925,-112.5,4,0
40423,5,-14.477512185929925,-101.25,10,0
40424,5,-14.477512185929925,-90.0,10,1
40425,5,-14.477512185929925,-78.75000000000006,5,0
40426,5,-14.477512185929925,-67.5,13,0
40427,5,-14.477512185929925,-56.25,10,0
40428,5,-14.477512185929925,-45.0,11,0
40429,5,-14.477512185929925,-33.75000000000006,9,0
40430,5,-14.477512185929925,-22.5,6,0
40431,5,-14.477512185929925,-11.25,8,0
40432,5,-19.47122063449069,5.625,6,0
40433,5,-19.47122063449069,16.875,10,0
40434,5,-19.47122063449069,28.125,11,0
40435,5,-19.47122063449069,39.375,1,0
40436,5,-19.47122063449069,50.625,11,0
40437,5,-19.47122063449069,61.875,3,0
40438,5,-19.47122063449069,73.125,7,0
40439,5,-19.47122063449069,84.375,11,0
40440,5,-19.47122063449069,95.625,11,0
40441,5,-19.47122063449069,106.875,3,0
40442,5,-19.47122063449069,118.125,3,0
40443,5,-19.47122063449069,129.375,9,0
40444,5,-19.47122063449069,140.625,9,0
40445,5,-19.47122063449069,151.875,8,0
40446,5,-19.47122063449069,163.125,11,0
40447,5,-19.47122063449069,174.375,14,0
40448,5,-19.47122063449069,-174.375,7,1
40449,5,-19.47122063449069,-163.125,10,0
40450,5,-19.47122063449069,-151.875,8,0
40451,5,-19.47122063449069,-140.625,11,0
40452,5,-19.47122063449069,-129.37500000000006,10,0
40453,5,-19.47122063449069,-118.125,4,0
40454,5,-19.47122063449069,-106.875,9,0
40455,5,-19.47122063449069,-95.625,8,0
40456,5,-19.47122063449069,-84.375,11,0
40457,5,-19.47122063449069,-73.12500000000006,10,0
40458,5,-19.47122063449069,-61.875,6,0
40459,5,-19.47122063449069,-50.625,12,0
40460,5,-19.47122063449069,-39.375,13,0
40461,5,-19.47122063449069,-28.125,5,0
40462,5,-19.47122063449069,-16.875,7,0
40463,5,-19.47122063449069,-5.625,13,0
40464,5,-24.62431835216408,0.0,9,0
40465,5,-24.62431835216408,11.25,12,0
40466,5,-24.62431835216408,22.5,9,0
40467,5,-24.62431835216408,33.75,4,0
40468,5,-24.62431835216408,45.0,10,0
40469,5,-24.62431835216408,56.25,7,0
40470,5,-24.62431835216408,67.5,11,0
40471,5,-24.62431835216408,78.75,11,0
40472,5,-24.62431835216408,90.0,11,0
40473,5,-24.62431835216408,101.25,9,0
40474,5,-24.62431835216408,112.5,5,0
40475,5,-24.62431835216408,123.75,12,0
40476,5,-24.62431835216408,135.0,9,0
40477,5,-24.62431835216408,146.25,6,0
40478,5,-24.62431835216408,157.5,7,0
40479,5,-24.62431835216408,168.75,10,0
40480,5,-24.62431835216408,-180.0,7,0
40481,5,-24.62431835216408,-168.75,7,0
40482,5,-24.62431835216408,-157.5,8,0
40483,5,-24.62431835216408,-146.25,8,0
40484,5,-24.62431835216408,-135.0,7,0
40485,5,-24.62431835216408,-123.75,8,0
40486,5,-24.62431835216408,-112.5,3,0
40487,5,-24.62431835216408,-101.25,7,0
40488,5,-24.62431835216408,-90.0,8,0
40489,5,-24.62431835216408,-78.75000000000006,10,0
40490,5,-24.62431835216408,-67.5,9,0
40491,5,-24.62431835216408,-56.25,11,0
40492,5,-24.62431835216408,-45.0,14,0
40493,5,-24.62431835216408,-33.75000000000006,10,0
40494,5,-24.62431835216408,-22.5,8,0
40495,5,-24.62431835216408,-11.25,9,0
40496,5,-30.000000000000014,5.625,12,0
40497,5,-30.000000000000014,16.875,11,0
40498,5,-30.000000000000014,28.125,7,0
40499,5,-30.000000000000014,39.375,9,0
40500,5,-30.000000000000014,50.625,9,0
40501,5,-30.000000000000014,61.875,9,0
40502,5,-30.000000000000014,73.125,7,0
40503,5,-30.000000000000014,84.375,15,0
40504,5,-30.000000000000014,95.625,5,0
40505,5,-30.000000000000014,106.875,12,0
40506,5,-30.000000000000014,118.125,9,0
40507,5,-30.000000000000014,129.375,8,0
40508,5,-30.000000000000014,140.625,4,0
40509,5,-30.000000000000014,151.875,3,0
40510,5,-30.000000000000014,163.125,12,0
40511,5,-30.000000000000014,174.375,5,0
40512,5,-30.000000000000014,-174.375,6,0
40513,5,-30.000000000000014,-163.125,11,0
40514,5,-30.000000000000014,-151.875,8,0
40515,5,-30.000000000000014,-140.625,5,0
40516,5,-30.000000000000014,-129.37500000000006,7,0
40517,5,-30.000000000000014,-118.125,6,0
40518,5,-30.000000000000014,-106.875,4,0
40519,5,-30.000000000000014,-95.625,4,0
40520,5,-30.000000000000014,-84.375,11,0
40521,5,-30.000000000000014,-73.12500000000006,12,0
40522,5,-30.000000000000014,-61.875,8,0
40523,5,-30.000000000000014,-50.625,8,0
40524,5,-30.000000000000014,-39.375,7,0
40525,5,-30.000000000000014,-28.125,11,0
40526,5,-30.000000000000014,-16.875,11,0
40527,5,-30.000000000000014,-5.625,10,0
40528,5,-35.68533471265205,0.0,9,0
40529,5,-35.68533471265205,11.25,13,0
40530,5,-35.68533471265205,22.5,9,0
40531,5,-35.68533471265205,33.75,9,0
40532,5,-35.68533471265205,45.0,10,0
40533,5,-35.68533471265205,56.25,8,0
40534,5,-35.68533471265205,67.5,2,0
40535,5,-35.68533471265205,78.75,4,0
40536,5,-35.68533471265205,90.0,11,0
40537,5,-35.68533471265205,101.25,9,0
40538,5,-35.68533471265205,112.5,9,0
40539,5,-35.68533471265205,123.75,6,0
40540,5,-35.68533471265205,135.0,7,0
40541,5,-35.68533471265205,146.25,11,0
40542,5,-35.68533471265205,157.5,7,0
40543,5,-35.68533471265205,168.75,7,0
40544,5,-35.68533471265205,-180.0,6,0
40545,5,-35.68533471265205,-168.75,8,0
40546,5,-35.68533471265205,-157.5,8,0
40547,5,-35.68533471265205,-146.25,4,0
40548,5,-35.68533471265205,-135.0,5,0
40549,5,-35.68533471265205,-123.75,10,0
40550,5,-35.68533471265205,-112.5,10,0
40551,5,-35.68533471265205,-101.25,10,0
40552,5,-35.68533471265205,-90.0,4,0
40553,5,-35.68533471265205,-78.75000000000006,11,0
40554,5,-35.68533471265205,-67.5,4,0
40555,5,-35.68533471265205,-56.25,8,0
40556,5,-35.68533471265205,-45.0,8,0
40557,5,-35.68533471265205,-33.75000000000006,6,0
40558,5,-35.68533471265205,-22.5,8,0
40559,5,-35.68533471265205,-11.25,13,0
40560,5,-41.81031489577862,5.625,10,0
40561,5,-41.81031489577862,16.875,8,0
40562,5,-41.81031489577862,28.125,13,0
40563,5,-41.81031489577862,39.375,10,0
40564,5,-41.81031489577862,50.625,8,0
40565,5,-41.81031489577862,61.875,9,0
40566,5,-41.81031489577862,73.125,7,0
40567,5,-41.81031489577862,84.375,4,0
40568,5,-41.81031489577862,95.625,12,0
40569,5,-41.81031489577862,106.875,8,0
40570,5,-41.81031489577862,118.125,6,0
40571,5,-41.81031489577862,129.375,9,0
40572,5,-41.81031489577862,140.625,9,0
40573,5,-41.81031489577862,151.875,12,0
40574,5,-41.81031489577862,163.125,8,0
40575,5,-41.81031489577862,174.375,5,0
40576,5,-41.81031489577862,-174.375,11,0
40577,5,-41.81031489577862,-163.125,6,0
40578,5,-41.81031489577862,-151.875,4,0
40579,5,-41.81031489577862,-140.625,5,0
40580,5,-41.81031489577862,-129.37500000000006,7,0
40581,5,-41.81031489577862,-118.125,7,0
40582,5,-41.81031489577862,-106.875,8,0
40583,5,-41.81031489577862,-95.625,12,0
40584,5,-41.81031489577862,-84.375,7,0
40585,5,-41.81031489577862,-73.12500000000006,7,0
40586,5,-41.81031489577862,-61.875,7,0
40587,5,-41.81031489577862,-50.625,7,0
40588,5,-41.81031489577862,-39.375,8,0
40589,5,-41.81031489577862,-28.125,9,0
40590,5,-41.81031489577862,-16.875,11,0
40591,5,-41.81031489577862,-5.625,6,0
40592,5,-48.1412077943603,6.428571428571416,9,0
40593,5,-48.1412077943603,19.285714285714278,11,0
40594,5,-48.1412077943603,32.14285714285714,10,0
40595,5,-48.1412077943603,45.0,9,0
40596,5,-48.1412077943603,57.85714285714286,9,0
40597,5,-48.1412077943603,70.71428571428572,8,0
40598,5,-48.1412077943603,83.57142857142856,17,0
40599,5,-48.1412077943603,96.42857142857144,11,0
40600,5,-48.1412077943603,109.28571428571428,9,0
40601,5,-48.1412077943603,122.14285714285711,9,0
40602,5,-48.1412077943603,135.0,13,0
40603,5,-48.1412077943603,147.8571428571429,13,0
40604,5,-48.1412077943603,160.71428571428572,12,0
40605,5,-48.1412077943603,173.57142857142856,6,0
40606,5,-48.1412077943603,-173.57142857142856,4,0
40607,5,-48.1412077943603,-160.71428571428572,7,0
40608,5,-48.1412077943603,-147.8571428571429,7,0
40609,5,-48.1412077943603,-135.0,11,0
40610,5,-48.1412077943603,-122.14285714285711,8,0
40611,5,-48.1412077943603,-109.28571428571428,9,0
40612,5,-48.1412077943603,-96.42857142857144,9,0
40613,5,-48.1412077943603,-83.57142857142856,9,0
40614,5,-48.1412077943603,-70.71428571428572,9,0
40615,5,-48.1412077943603,-57.85714285714283,13,0
40616,5,-48.1412077943603,-45.0,10,0
40617,5,-48.1412077943603,-32.14285714285717,11,0
40618,5,-48.1412077943603,-19.28571428571422,13,0
40619,5,-48.1412077943603,-6.428571428571445,6,0
40620,5,-54.340912303861245,7.5,7,0
40621,5,-54.340912303861245,22.5,2,0
40622,5,-54.340912303861245,37.5,13,0
40623,5,-54.340912303861245,52.5,11,0
40624,5,-54.340912303861245,67.5,4,0
40625,5,-54.340912303861245,82.5,9,0
40626,5,-54.340912303861245,97.5,9,0
40627,5,-54.340912303861245,112.5,10,0
40628,5,-54.340912303861245,127.5,15,0
40629,5,-54.340912303861245,142.5,13,0
40630,5,-54.340912303861245,157.5,16,0
40631,5,-54.340912303861245,172.5,5,0
40632,5,-54.340912303861245,-172.5,5,0
40633,5,-54.340912303861245,-157.5,10,0
40634,5,-54.340912303861245,-142.5,11,0
40635,5,-54.340912303861245,-127.5,10,0
40636,5,-54.340912303861245,-112.5,8,0
40637,5,-54.340912303861245,-97.5,9,0
40638,5,-54.340912303861245,-82.5,6,0
40639,5,-54.340912303861245,-67.5,10,0
40640,5,-54.340912303861245,-52.50000000000006,13,0
40641,5,-54.340912303861245,-37.5,9,0
40642,5,-54.340912303861245,-22.5,14,0
40643,5,-54.340912303861245,-7.5,13,0
40644,5,-60.4344388449523,9.0,3,0
40645,5,-60.4344388449523,27.0,15,0
40646,5,-60.4344388449523,45.0,12,0
40647,5,-60.4344388449523,63.0,8,0
40648,5,-60.4344388449523,81.0,12,0
40649,5,-60.4344388449523,99.0,5,0
40650,5,-60.4344388449523,117.0,8,0
40651,5,-60.4344388449523,135.0,12,0
40652,5,-60.4344388449523,153.0,10,0
40653,5,-60.4344388449523,171.0,9,0
40654,5,-60.4344388449523,-171.0,9,0
40655,5,-60.4344388449523,-153.0,10,0
40656,5,-60.4344388449523,-135.0,8,0
40657,5,-60.4344388449523,-117.0,3,0
40658,5,-60.4344388449523,-99.0,11,0
40659,5,-60.4344388449523,-81.0,11,0
40660,5,-60.4344388449523,-63.0,6,0
40661,5,-60.4344388449523,-45.0,8,0
40662,5,-60.4344388449523,-27.0,11,0
40663,5,-60.4344388449523,-9.0,9,0
40664,5,-66.44353569089876,11.25,7,0
40665,5,-66.44353569089876,33.75,19,0
40666,5,-66.44353569089876,56.25,9,0
40667,5,-66.44353569089876,78.75,11,0
40668,5,-66.44353569089876,101.25,5,0
40669,5,-66.44353569089876,123.75,7,0
40670,5,-66.44353569089876,146.25,9,0
40671,5,-66.44353569089876,168.75,11,0
40672,5,-66.44353569089876,-168.75,5,0
40673,5,-66.44353569089876,-146.25,7,0
40674,5,-66.44353569089876,-123.75,7,0
40675,5,-66.44353569089876,-101.25,15,0
40676,5,-66.44353569089876,-78.75,9,0
40677,5,-66.44353569089876,-56.25,6,0
40678,5,-66.44353569089876,-33.75,9,0
40679,5,-66.44353569089876,-11.25,8,0
40680,5,-72.38756092964962,15.0,11,0
40681,5,-72.38756092964962,45.0,11,0
40682,5,-72.38756092964962,75.0,9,0
40683,5,-72.38756092964962,105.0,9,0
40684,5,-72.38756092964962,135.0,9,0
40685,5,-72.38756092964962,165.0,7,0
40686,5,-72.38756092964962,-165.0,8,0
40687,5,-72.38756092964962,-135.0,10,0
40688,5,-72.38756092964962,-105.0,15,0
40689,5,-72.38756092964962,-75.0,9,0
40690,5,-72.38756092964962,-45.0,11,0
40691,5,-72.38756092964962,-15.0,8,0
40692,5,-78.28414760510762,22.5,9,0
40693,5,-78.28414760510762,67.5,5,0
40694,5,-78.28414760510762,112.5,5,0
40695,5,-78.28414760510762,157.5,6,0
40696,5,-78.28414760510762,-157.5,6,0
40697,5,-78.28414760510762,-112.5,11,0
40698,5,-78.28414760510762,-67.5,15,0
40699,5,-78.28414760510762,-22.5,13,0
40700,5,-84.14973293629666,45.0,10,0
40701,5,-84.14973293629666,135.0,5,0
40702,5,-84.14973293629666,-135.0,4,0
40703,5,-84.14973293629666,-45.0,10,0
40704,5,84.14973293629666,45.0,11,0
40705,5,84.14973293629666,135.0,12,0
40706,5,84.14973293629666,-135.0,9,0
40707,5,84.14973293629666,-45.0,10,0
40708,5,78.28414760510762,22.5,12,0
40709,5,78.28414760510762,67.5,7,0
40710,5,78.28414760510762,112.5,9,0
40711,5,78.28414760510762,157.5,6,0
40712,5,78.28414760510762,-157.5,6,0
40713,5,78.28414760510762,-112.5,8,0
40714,5,78.28414760510762,-67.5,8,0
40715,5,78.28414760510762,-22.5,9,0
40716,5,72.38756092964962,15.0,8,0
40717,5,72.38756092964962,45.0,7,0
40718,5,72.38756092964962,75.0,7,0
40719,5,72.38756092964962,105.0,10,0
40720,5,72.38756092964962,135.0,8,0
40721,5,72.38756092964962,165.0,10,0
40722,5,72.38756092964962,-165.0,10,0
40723,5,72.38756092964962,-135.0,7,0
40724,5,72.38756092964962,-105.0,13,0
40725,5,72.38756092964962,-75.0,13,0
40726,5,72.38756092964962,-45.0,4,0
40727,5,72.38756092964962,-15.0,11,0
40728,5,66.44353569089877,11.25,10,0
40729,5,66.44353569089877,33.75,9,0
40730,5,66.44353569089877,56.25,7,0
40731,5,66.44353569089877,78.75,8,0
40732,5,66.44353569089877,101.25,9,0
40733,5,66.44353569089877,123.75,10,0
40734,5,66.44353569089877,146.25,9,0
40735,5,66.44353569089877,168.75,7,0
40736,5,66.44353569089877,-168.75,12,0
40737,5,66.44353569089877,-146.25,7,0
40738,5,66.44353569089877,-123.75,7,0
40739,5,66.44353569089877,-101.25,11,1
40740,5,66.44353569089877,-78.75,10,0
40741,5,66.44353569089877,-56.25,7,0
40742,5,66.44353569089877,-33.75,15,0
40743,5,66.44353569089877,-11.25,10,0
40744,5,60.43443884495228,9.0,8,0
40745,5,60.43443884495228,27.0,11,0
40746,5,60.43443884495228,45.0,6,0
40747,5,60.43443884495228,63.0,10,0
40748,5,60.43443884495228,81.0,9,0
40749,5,60.43443884495228,99.0,12,0
40750,5,60.43443884495228,117.0,8,0
40751,5,60.43443884495228,135.0,7,0
40752,5,60.43443884495228,153.0,8,0
40753,5,60.43443884495228,171.0,8,0
40754,5,60.43443884495228,-171.0,9,0
40755,5,60.43443884495228,-153.0,5,0
40756,5,60.43443884495228,-135.0,4,0
40757,5,60.43443884495228,-117.0,8,0
40758,5,60.43443884495228,-99.0,12,0
40759,5,60.43443884495228,-81.0,9,0
40760,5,60.43443884495228,-63.0,7,0
40761,5,60.43443884495228,-45.0,11,0
40762,5,60.43443884495228,-27.0,7,0
40763,5,60.43443884495228,-9.0,5,0
40764,5,54.340912303861245,7.5,9,0
40765,5,54.340912303861245,22.5,8,0
40766,5,54.340912303861245,37.5,8,0
40767,5,54.340912303861245,52.5,12,0
40768,5,54.340912303861245,67.5,9,0
40769,5,54.340912303861245,82.5,10,0
40770,5,54.340912303861245,97.5,11,0
40771,5,54.340912303861245,112.5,10,0
40772,5,54.340912303861245,127.5,7,0
40773,5,54.340912303861245,142.5,10,0
40774,5,54.340912303861245,157.5,8,0
40775,5,54.340912303861245,172.5,9,0
40776,5,54.340912303861245,-172.5,8,0
40777,5,54.340912303861245,-157.5,5,0
40778,5,54.340912303861245,-142.5,5,0
40779,5,54.340912303861245,-127.5,11,0
40780,5,54.340912303861245,-112.5,7,0
40781,5,54.340912303861245,-97.5,8,0
40782,5,54.340912303861245,-82.5,9,0
40783,5,54.340912303861245,-67.5,10,0
40784,5,54.340912303861245,-52.50000000000006,6,0
40785,5,54.340912303861245,-37.5,7,0
40786,5,54.340912303861245,-22.5,11,0
40787,5,54.340912303861245,-7.5,9,0
40788,5,48.141207794360284,6.428571428571416,3,0
40789,5,48.141207794360284,19.285714285714278,6,0
40790,5,48.141207794360284,32.14285714285714,10,0
40791,5,48.141207794360284,45.0,12,0
40792,5,48.141207794360284,57.85714285714286,6,0
40793,5,48.141207794360284,70.71428571428572,9,0
40794,5,48.141207794360284,83.57142857142856,8,0
40795,5,48.141207794360284,96.42857142857144,14,0
40796,5,48.141207794360284,109.28571428571428,6,0
40797,5,48.141207794360284,122.14285714285711,10,0
40798,5,48.141207794360284,135.0,8,0
40799,5,48.141207794360284,147.8571428571429,9,0
40800,5,48.141207794360284,160.71428571428572,6,0
40801,5,48.141207794360284,173.57142857142856,10,0
40802,5,48.141207794360284,-173.57142857142856,9,0
40803,5,48.141207794360284,-160.71428571428572,5,0
40804,5,48.141207794360284,-147.8571428571429,11,0
40805,5,48.141207794360284,-135.0,13,0
40806,5,48.141207794360284,-122.14285714285711,10,0
40807,5,48.141207794360284,-109.28571428571428,1,0
40808,5,48.141207794360284,-96.42857142857144,3,0
40809,5,48.141207794360284,-83.57142857142856,10,0
40810,5,48.141207794360284,-70.71428571428572,9,0
40811,5,48.141207794360284,-57.85714285714283,8,0
40812,5,48.141207794360284,-45.0,4,0
40813,5,48.141207794360284,-32.14285714285717,12,0
40814,5,48.141207794360284,-19.28571428571422,9,0
40815,5,48.141207794360284,-6.428571428571445,8,0
40816,5,41.81031489577859,5.625,6,0
40817,5,41.81031489577859,16.875,7,0
40818,5,41.81031489577859,28.125,4,0
40819,5,41.81031489577859,39.375,13,0
40820,5,41.81031489577859,50.625,5,0
40821,5,41.81031489577859,61.875,14,0
40822,5,41.81031489577859,73.125,12,0
40823,5,41.81031489577859,84.375,14,0
40824,5,41.81031489577859,95.625,14,0
40825,5,41.81031489577859,106.875,8,0
40826,5,41.81031489577859,118.125,4,0
40827,5,41.81031489577859,129.375,10,0
40828,5,41.81031489577859,140.625,8,0
40829,5,41.81031489577859,151.875,7,0
40830,5,41.81031489577859,163.125,7,0
40831,5,41.81031489577859,174.375,7,0
40832,5,41.81031489577859,-174.375,5,0
40833,5,41.81031489577859,-163.125,4,0
40834,5,41.81031489577859,-151.875,16,0
40835,5,41.81031489577859,-140.625,10,0
40836,5,41.81031489577859,-129.37500000000006,12,0
40837,5,41.81031489577859,-118.125,8,0
40838,5,41.81031489577859,-106.875,5,0
40839,5,41.81031489577859,-95.625,5,0
40840,5,41.81031489577859,-84.375,10,0
40841,5,41.81031489577859,-73.12500000000006,12,0
40842,5,41.81031489577859,-61.875,12,0
40843,5,41.81031489577859,-50.625,6,0
40844,5,41.81031489577859,-39.375,8,0
40845,5,41.81031489577859,-28.125,8,0
40846,5,41.81031489577859,-16.875,11,0
40847,5,41.81031489577859,-5.625,6,0
40848,5,35.68533471265204,0.0,4,0
40849,5,35.68533471265204,11.25,7,0
40850,5,35.68533471265204,22.5,6,0
40851,5,35.68533471265204,33.75,12,0
40852,5,35.68533471265204,45.0,6,0
40853,5,35.68533471265204,56.25,11,0
40854,5,35.68533471265204,67.5,6,0
40855,5,35.68533471265204,78.75,9,0
40856,5,35.68533471265204,90.0,14,0
40857,5,35.68533471265204,101.25,12,0
40858,5,35.68533471265204,112.5,4,0
40859,5,35.68533471265204,123.75,5,0
40860,5,35.68533471265204,135.0,12,0
40861,5,35.68533471265204,146.25,10,0
40862,5,35.68533471265204,157.5,11,0
40863,5,35.68533471265204,168.75,10,0
40864,5,35.68533471265204,-180.0,5,0
40865,5,35.68533471265204,-168.75,2,0
40866,5,35.68533471265204,-157.5,5,0
40867,5,35.68533471265204,-146.25,7,0
40868,5,35.68533471265204,-135.0,9,0
40869,5,35.68533471265204,-123.75,6,0
40870,5,35.68533471265204,-112.5,6,0
40871,5,35.68533471265204,-101.25,9,0
40872,5,35.68533471265204,-90.0,6,0
40873,5,35.68533471265204,-78.75000000000006,8,0
40874,5,35.68533471265204,-67.5,10,0
40875,5,35.68533471265204,-56.25,5,0
40876,5,35.68533471265204,-45.0,10,0
40877,5,35.68533471265204,-33.75000000000006,7,0
40878,5,35.68533471265204,-22.5,8,0
40879,5,35.68533471265204,-11.25,12,0
40880,5,30.000000000000007,5.625,12,0
40881,5,30.000000000000007,16.875,7,0
40882,5,30.000000000000007,28.125,11,0
40883,5,30.000000000000007,39.375,12,0
40884,5,30.000000000000007,50.625,10,0
40885,5,30.000000000000007,61.875,6,0
40886,5,30.000000000000007,73.125,11,0
40887,5,30.000000000000007,84.375,7,0
40888,5,30.000000000000007,95.625,6,0
40889,5,30.000000000000007,106.875,13,0
40890,5,30.000000000000007,118.125,5,0
40891,5,30.000000000000007,129.375,11,0
40892,5,30.000000000000007,140.625,9,0
40893,5,30.000000000000007,151.875,10,0
40894,5,30.000000000000007,163.125,8,0
40895,5,30.000000000000007,174.375,10,0
40896,5,30.000000000000007,-174.375,9,0
40897,5,30.000000000000007,-163.125,9,0
40898,5,30.000000000000007,-151.875,7,0
40899,5,30.000000000000007,-140.625,5,0
40900,5,30.000000000000007,-129.37500000000006,4,0
40901,5,30.000000000000007,-118.125,6,0
40902,5,30.000000000000007,-106.875,7,0
40903,5,30.000000000000007,-95.625,11,0
40904,5,30.000000000000007,-84.375,11,0
40905,5,30.000000000000007,-73.12500000000006,9,0
40906,5,30.000000000000007,-61.875,6,0
40907,5,30.000000000000007,-50.625,7,0
40908,5,30.000000000000007,-39.375,5,0
40909,5,30.000000000000007,-28.125,11,0
40910,5,30.000000000000007,-16.875,9,0
40911,5,30.000000000000007,-5.625,6,0
40912,5,24.62431835216408,0.0,10,0
40913,5,24.62431835216408,11.25,9,0
40914,5,24.62431835216408,22.5,11,0
40915,5,24.62431835216408,33.75,9,0
40916,5,24.62431835216408,45.0,7,0
40917,5,24.62431835216408,56.25,4,0
40918,5,24.62431835216408,67.5,9,0
40919,5,24.62431835216408,78.75,9,0
40920,5,24.62431835216408,90.0,7,0
40921,5,24.62431835216408,101.25,9,0
40922,5,24.62431835216408,112.5,9,0
40923,5,24.62431835216408,123.75,11,0
40924,5,24.62431835216408,135.0,11,0
40925,5,24.62431835216408,146.25,6,0
40926,5,24.62431835216408,157.5,11,0
40927,5,24.62431835216408,168.75,9,0
40928,5,24.62431835216408,-180.0,12,0
40929,5,24.62431835216408,-168.75,9,0
40930,5,24.62431835216408,-157.5,6,0
40931,5,24.62431835216408,-146.25,10,0
40932,5,24.62431835216408,-135.0,6,0
40933,5,24.62431835216408,-123.75,11,0
40934,5,24.62431835216408,-112.5,10,0
40935,5,24.62431835216408,-101.25,10,0
40936,5,24.62431835216408,-90.0,13,0
40937,5,24.62431835216408,-78.75000000000006,2,0
40938,5,24.62431835216408,-67.5,10,0
40939,5,24.62431835216408,-56.25,9,0
40940,5,24.62431835216408,-45.0,3,0
40941,5,24.62431835216408,-33.75000000000006,6,0
40942,5,24.62431835216408,-22.5,6,0
40943,5,24.62431835216408,-11.25,9,0
40944,5,19.47122063449069,5.625,6,0
40945,5,19.47122063449069,16.875,8,0
40946,5,19.47122063449069,28.125,9,0
40947,5,19.47122063449069,39.375,4,0
40948,5,19.47122063449069,50.625,6,0
40949,5,19.47122063449069,61.875,7,0
40950,5,19.47122063449069,73.125,5,0
40951,5,19.47122063449069,84.375,4,0
40952,5,19.47122063449069,95.625,13,0
40953,5,19.47122063449069,106.875,9,0
40954,5,19.47122063449069,118.125,8,0
40955,5,19.47122063449069,129.375,9,0
40956,5,19.47122063449069,140.625,6,0
40957,5,19.47122063449069,151.875,8,0
40958,5,19.47122063449069,163.125,13,0
40959,5,19.47122063449069,174.375,9,0
40960,5,19.47122063449069,-174.375,10,0
40961,5,19.47122063449069,-163.125,9,0
40962,5,19.47122063449069,-151.875,3,0
40963,5,19.47122063449069,-140.625,14,0
40964,5,19.47122063449069,-129.37500000000006,12,0
40965,5,19.47122063449069,-118.125,9,0
40966,5,19.47122063449069,-106.875,15,0
40967,5,19.47122063449069,-95.625,9,0
40968,5,19.47122063449069,-84.375,6,0
40969,5,19.47122063449069,-73.12500000000006,4,0
40970,5,19.47122063449069,-61.875,10,0
40971,5,19.47122063449069,-50.625,7,0
40972,5,19.47122063449069,-39.375,5,0
40973,5,19.47122063449069,-28.125,10,0
40974,5,19.47122063449069,-16.875,5,0
40975,5,19.47122063449069,-5.625,17,0
40976,5,14.477512185929925,0.0,10,0
40977,5,14.477512185929925,11.25,10,0
40978,5,14.477512185929925,22.5,7,0
40979,5,14.477512185929925,33.75,11,0
40980,5,14.477512185929925,45.0,10,0
40981,5,14.477512185929925,56.25,6,0
40982,5,14.477512185929925,67.5,8,0
40983,5,14.477512185929925,78.75,3,0
40984,5,14.477512185929925,90.0,6,0
40985,5,14.477512185929925,101.25,11,0
40986,5,14.477512185929925,112.5,9,0
40987,5,14.477512185929925,123.75,13,0
40988,5,14.477512185929925,135.0,10,0
40989,5,14.477512185929925,146.25,7,0
40990,5,14.477512185929925,157.5,8,0
40991,5,14.477512185929925,168.75,7,0
40992,5,14.477512185929925,-180.0,6,0
40993,5,14.477512185929925,-168.75,9,0
40994,5,14.477512185929925,-157.5,8,0
40995,5,14.477512185929925,-146.25,3,0
40996,5,14.477512185929925,-135.0,11,0
40997,5,14.477512185929925,-123.75,12,0
40998,5,14.477512185929925,-112.5,9,0
40999,5,14.477512185929925,-101.25,5,0
41000,5,14.477512185929925,-90.0,11,0
41001,5,14.477512185929925,-78.75000000000006,2,0
41002,5,14.477512185929925,-67.5,8,0
41003,5,14.477512185929925,-56.25,8,0
41004,5,14.477512185929925,-45.0,4,0
41005,5,14.477512185929925,-33.75000000000006,7,0
41006,5,14.477512185929925,-22.5,10,0
41007,5,14.477512185929925,-11.25,10,0
41008,5,9.594068226860458,5.625,14,0
41009,5,9.594068226860458,16.875,8,0
41010,5,9.594068226860458,28.125,6,0
41011,5,9.594068226860458,39.375,12,0
41012,5,9.594068226860458,50.625,7,0
41013,5,9.594068226860458,61.875,10,0
41014,5,9.594068226860458,73.125,8,0
41015,5,9.594068226860458,84.375,5,1
41016,5,9.594068226860458,95.625,7,1
41017,5,9.594068226860458,106.875,7,0
41018,5,9.594068226860458,118.125,12,0
41019,5,9.594068226860458,129.375,11,0
41020,5,9.594068226860458,140.625,12,0
41021,5,9.594068226860458,151.875,4,0
41022,5,9.594068226860458,163.125,7,0
41023,5,9.594068226860458,174.375,4,0
41024,5,9.594068226860458,-174.375,7,0
41025,5,9.594068226860458,-163.125,8,0
41026,5,9.594068226860458,-151.875,7,1
41027,5,9.594068226860458,-140.625,8,0
41028,5,9.594068226860458,-129.37500000000006,10,0
41029,5,9.594068226860458,-118.125,9,0
41030,5,9.594068226860458,-106.875,4,0
41031,5,9.594068226860458,-95.625,12,0
41032,5,9.594068226860458,-84.375,9,0
41033,5,9.594068226860458,-73.12500000000006,10,0
41034,5,9.594068226860458,-61.875,5,0
41035,5,9.594068226860458,-50.625,12,0
41036,5,9.594068226860458,-39.375,8,1
41037,5,9.594068226860458,-28.125,9,0
41038,5,9.594068226860458,-16.875,12,0
41039,5,9.594068226860458,-5.625,13,0
41040,5,4.780191847199163,0.0,13,0
41041,5,4.780191847199163,11.25,5,1
41042,5,4.780191847199163,22.5,13,3
41043,5,4.780191847199163,33.75,5,1
41044,5,4.780191847199163,45.0,8,1
41045,5,4.780191847199163,56.25,8,2
41046,5,4.780191847199163,67.5,10,3
41047,5,4.780191847199163,78.75,12,1
41048,5,4.780191847199163,90.0,8,2
41049,5,4.780191847199163,101.25,6,2
41050,5,4.780191847199163,112.5,10,0
41051,5,4.780191847199163,123.75,17,2
41052,5,4.780191847199163,135.0,16,2
41053,5,4.780191847199163,146.25,3,2
41054,5,4.780191847199163,157.5,8,1
41055,5,4.780191847199163,168.75,8,0
41056,5,4.780191847199163,-180.0,8,0
41057,5,4.780191847199163,-168.75,11,3
41058,5,4.780191847199163,-157.5,10,2
41059,5,4.780191847199163,-146.25,13,6
41060,5,4.780191847199163,-135.0,4,3
41061,5,4.780191847199163,-123.75,10,0
41062,5,4.780191847199163,-112.5,7,6
41063,5,4.780191847199163,-101.25,6,2
41064,5,4.780191847199163,-90.0,7,3
41065,5,4.780191847199163,-78.75000000000006,8,0
41066,5,4.780191847199163,-67.5,15,3
41067,5,4.780191847199163,-56.25,15,2
41068,5,4.780191847199163,-45.0,12,3
41069,5,4.780191847199163,-33.75000000000006,9,1
41070,5,4.780191847199163,-22.5,7,2
41071,5,4.780191847199163,-11.25,14,3
41072,5,0.0,5.625,9,1
41073,5,0.0,16.875,11,3
41074,5,0.0,28.125,5,2
41075,5,0.0,39.375,6,3
41076,5,0.0,50.625,5,7
41077,5,0.0,61.875,7,2
41078,5,0.0,73.125,10,2
41079,5,0.0,84.375,12,3
41080,5,0.0,95.625,7,2
41081,5,0.0,106.875,9,2
41082,5,0.0,118.125,13,3
41083,5,0.0,129.375,15,5
41084,5,0.0,140.625,8,3
41085,5,0.0,151.875,11,2
41086,5,0.0,163.125,6,2
41087,5,0.0,174.375,9,0
41088,5,0.0,-174.375,5,3
41089,5,0.0,-163.125,10,3
41090,5,0.0,-151.875,9,5
41091,5,0.0,-140.625,12,2
41092,5,0.0,-129.37500000000006,7,3
41093,5,0.0,-118.125,11,5
41094,5,0.0,-106.875,7,6
41095,5,0.0,-95.625,10,6
41096,5,0.0,-84.375,6,4
41097,5,0.0,-73.12500000000006,6,2
41098,5,0.0,-61.875,12,6
41099,5,0.0,-50.625,14,4
41100,5,0.0,-39.375,8,1
41101,5,0.0,-28.125,11,2
41102,5,0.0,-16.875,10,1
41103,5,0.0,-5.625,11,3
41104,5,-4.780191847199163,0.0,8,3
41105,5,-4.780191847199163,11.25,9,1
41106,5,-4.780191847199163,22.5,10,0
41107,5,-4.780191847199163,33.75,7,3
41108,5,-4.780191847199163,45.0,4,3
41109,5,-4.780191847199163,56.25,9,2
41110,5,-4.780191847199163,67.5,10,1
41111,5,-4.780191847199163,78.75,10,2
41112,5,-4.780191847199163,90.0,11,0
41113,5,-4.780191847199163,101.25,5,2
41114,5,-4.780191847199163,112.5,8,3
41115,5,-4.780191847199163,123.75,9,3
41116,5,-4.780191847199163,135.0,14,2
41117,5,-4.780191847199163,146.25,12,2
41118,5,-4.780191847199163,157.5,11,0
41119,5,-4.780191847199163,168.75,11,3
41120,5,-4.780191847199163,-180.0,4,0
41121,5,-4.780191847199163,-168.75,7,3
41122,5,-4.780191847199163,-157.5,6,2
41123,5,-4.780191847199163,-146.25,13,2
41124,5,-4.780191847199163,-135.0,5,1
41125,5,-4.780191847199163,-123.75,7,2
41126,5,-4.780191847199163,-112.5,9,2
41127,5,-4.780191847199163,-101.25,8,5
41128,5,-4.780191847199163,-90.0,8,2
41129,5,-4.780191847199163,-78.75000000000006,7,0
41130,5,-4.780191847199163,-67.5,10,3
41131,5,-4.780191847199163,-56.25,9,3
41132,5,-4.780191847199163,-45.0,12,2
41133,5,-4.780191847199163,-33.75000000000006,8,0
41134,5,-4.780191847199163,-22.5,10,0
41135,5,-4.780191847199163,-11.25,13,1
41136,5,-9.594068226860458,5.625,10,0
41137,5,-9.594068226860458,16.875,6,0
41138,5,-9.594068226860458,28.125,13,0
41139,5,-9.594068226860458,39.375,8,0
41140,5,-9.594068226860458,50.625,8,0
41141,5,-9.594068226860458,61.875,10,0
41142,5,-9.594068226860458,73.125,4,0
41143,5,-9.594068226860458,84.375,8,0
41144,5,-9.594068226860458,95.625,4,0
41145,5,-9.594068226860458,106.875,7,1
41146,5,-9.594068226860458,118.125,11,0
41147,5,-9.594068226860458,129.375,5,0
41148,5,-9.594068226860458,140.625,12,0
41149,5,-9.594068226860458,151.875,9,0
41150,5,-9.594068226860458,163.125,11,0
41151,5,-9.594068226860458,174.375,7,0
41152,5,-9.594068226860458,-174.375,9,0
41153,5,-9.594068226860458,-163.125,7,0
41154,5,-9.594068226860458,-151.875,6,1
41155,5,-9.594068226860458,-140.625,7,0
41156,5,-9.594068226860458,-129.37500000000006,5,1
41157,5,-9.594068226860458,-118.125,5,0
41158,5,-9.594068226860458,-106.875,6,0
41159,5,-9.594068226860458,-95.625,12,0
41160,5,-9.594068226860458,-84.375,6,1
41161,5,-9.594068226860458,-73.12500000000006,11,0
41162,5,-9.594068226860458,-61.875,10,0
41163,5,-9.594068226860458,-50.625,6,0
41164,5,-9.594068226860458,-39.375,12,0
41165,5,-9.594068226860458,-28.125,8,0
41166,5,-9.594068226860458,-16.875,7,0
41167,5,-9.594068226860458,-5.625,6,0
41168,5,-14.477512185929925,0.0,10,0
41169,5,-14.477512185929925,11.25,8,0
41170,5,-14.477512185929925,22.5,9,0
41171,5,-14.477512185929925,33.75,8,0
41172,5,-14.477512185929925,45.0,8,0
41173,5,-14.477512185929925,56.25,7,0
41174,5,-14.477512185929925,67.5,4,0
41175,5,-14.477512185929925,78.75,6,0
41176,5,-14.477512185929925,90.0,13,0
41177,5,-14.477512185929925,101.25,8,0
41178,5,-14.477512185929925,112.5,4,0
41179,5,-14.477512185929925,123.75,11,0
41180,5,-14.477512185929925,135.0,10,0
41181,5,-14.477512185929925,146.25,9,0
41182,5,-14.477512185929925,157.5,8,0
41183,5,-14.477512185929925,168.75,10,0
41184,5,-14.477512185929925,-180.0,8,0
41185,5,-14.477512185929925,-168.75,9,0
41186,5,-14.477512185929925,-157.5,10,1
41187,5,-14.477512185929925,-146.25,8,0
41188,5,-14.477512185929925,-135.0,9,0
41189,5,-14.477512185929925,-123.75,6,1
41190,5,-14.477512185929925,-112.5,4,0
41191,5,-14.477512185929925,-101.25,10,0
41192,5,-14.477512185929925,-90.0,10,1
41193,5,-14.477512185929925,-78.75000000000006,5,0
41194,5,-14.477512185929925,-67.5,13,0
41195,5,-14.477512185929925,-56.25,10,0
41196,5,-14.477512185929925,-45.0,11,0
41197,5,-14.477512185929925,-33.75000000000006,9,0
41198,5,-14.477512185929925,-22.5,6,0
41199,5,-14.477512185929925,-11.25,8,0
41200,5,-19.47122063449069,5.625,6,0
41201,5,-19.47122063449069,16.875,10,0
41202,5,-19.47122063449069,28.125,11,0
41203,5,-19.47122063449069,39.375,1,0
41204,5,-19.47122063449069,50.625,11,0
41205,5,-19.47122063449069,61.875,3,0
41206,5,-19.47122063449069,73.125,7,0
41207,5,-19.47122063449069,84.375,11,0
41208,5,-19.47122063449069,95.625,11,0
41209,5,-19.47122063449069,106.875,3,0
41210,5,-19.47122063449069,118.125,3,0
41211,5,-19.47122063449069,129.375,9,0
41212,5,-19.47122063449069,140.625,9,0
41213,5,-19.47122063449069,151.875,8,0
41214,5,-19.47122063449069,163.125,11,0
41215,5,-19.47122063449069,174.375,14,0
41216,5,-19.47122063449069,-174.375,7,1
41217,5,-19.47122063449069,-163.125,10,0
41218,5,-19.47122063449069,-151.875,8,0
41219,5,-19.47122063449069,-140.625,11,0
41220,5,-19.47122063449069,-129.37500000000006,10,0
41221,5,-19.47122063449069,-118.125,4,0
41222,5,-19.47122063449069,-106.875,9,0
41223,5,-19.47122063449069,-95.625,8,0
41224,5,-19.47122063449069,-84.375,11,0
41225,5,-19.47122063449069,-73.12500000000006,10,0
41226,5,-19.47122063449069,-61.875,6,0
41227,5,-19.47122063449069,-50.625,12,0
41228,5,-19.47122063449069,-39.375,13,0
41229,5,-19.47122063449069,-28.125,5,0
41230,5,-19.47122063449069,-16.875,7,0
41231,5,-19.47122063449069,-5.625,13,0
41232,5,-24.62431835216408,0.0,9,0
41233,5,-24.62431835216408,11.25,12,0
41234,5,-24.62431835216408,22.5,9,0
41235,5,-24.62431835216408,33.75,4,0
41236,5,-24.62431835216408,45.0,10,0
41237,5,-24.62431835216408,56.25,7,0
41238,5,-24.62431835216408,67.5,11,0
41239,5,-24.62431835216408,78.75,11,0
41240,5,-24.62431835216408,90.0,11,0
41241,5,-24.62431835216408,101.25,9,0
41242,5,-24.62431835216408,112.5,5,0
41243,5,-24.62431835216408,123.75,12,0
41244,5,-24.62431835216408,135.0,9,0
41245,5,-24.62431835216408,146.25,6,0
41246,5,-24.62431835216408,157.5,7,0
41247,5,-24.62431835216408,168.75,10,0
41248,5,-24.62431835216408,-180.0,7,0
41249,5,-24.62431835216408,-168.75,7,0
41250,5,-24.62431835216408,-157.5,8,0
41251,5,-24.62431835216408,-146.25,8,0
41252,5,-24.62431835216408,-135.0,7,0
41253,5,-24.62431835216408,-123.75,8,0
41254,5,-24.62431835216408,-112.5,3,0
41255,5,-24.62431835216408,-101.25,7,0
41256,5,-24.62431835216408,-90.0,8,0
41257,5,-24.62431835216408,-78.75000000000006,10,0
41258,5,-24.62431835216408,-67.5,9,0
41259,5,-24.62431835216408,-56.25,11,0
41260,5,-24.62431835216408,-45.0,14,0
41261,5,-24.62431835216408,-33.75000000000006,10,0
41262,5,-24.62431835216408,-22.5,8,0
41263,5,-24.62431835216408,-11.25,9,0
41264,5,-30.000000000000014,5.625,12,0
41265,5,-30.000000000000014,16.875,11,0
41266,5,-30.000000000000014,28.125,7,0
41267,5,-30.000000000000014,39.375,9,0
41268,5,-30.000000000000014,50.625,9,0
41269,5,-30.000000000000014,61.875,9,0
41270,5,-30.000000000000014,73.125,7,0
41271,5,-30.000000000000014,84.375,15,0
41272,5,-30.000000000000014,95.625,5,0
41273,5,-30.000000000000014,106.875,12,0
41274,5,-30.000000000000014,118.125,9,0
41275,5,-30.000000000000014,129.375,8,0
41276,5,-30.000000000000014,140.625,4,0
41277,5,-30.000000000000014,151.875,3,0
41278,5,-30.000000000000014,163.125,12,0
41279,5,-30.000000000000014,174.375,5,0
41280,5,-30.000000000000014,-174.375,6,0
41281,5,-30.000000000000014,-163.125,11,0
41282,5,-30.000000000000014,-151.875,8,0
41283,5,-30.000000000000014,-140.625,5,0
41284,5,-30.000000000000014,-129.37500000000006,7,0
41285,5,-30.000000000000014,-118.125,6,0
41286,5,-30.000000000000014,-106.875,4,0
41287,5,-30.000000000000014,-95.625,4,0
41288,5,-30.000000000000014,-84.375,11,0
41289,5,-30.000000000000014,-73.12500000000006,12,0
41290,5,-30.000000000000014,-61.875,8,0
41291,5,-30.000000000000014,-50.625,8,0
41292,5,-30.000000000000014,-39.375,7,0
41293,5,-30.000000000000014,-28.125,11,0
41294,5,-30.000000000000014,-16.875,11,0
41295,5,-30.000000000000014,-5.625,10,0
41296,5,-35.68533471265205,0.0,9,0
41297,5,-35.68533471265205,11.25,13,0
41298,5,-35.68533471265205,22.5,9,0
41299,5,-35.68533471265205,33.75,9,0
41300,5,-35.68533471265205,45.0,10,0
41301,5,-35.68533471265205,56.25,8,0
41302,5,-35.68533471265205,67.5,2,0
41303,5,-35.68533471265205,78.75,4,0
41304,5,-35.68533471265205,90.0,11,0
41305,5,-35.68533471265205,101.25,9,0
41306,5,-35.68533471265205,112.5,9,0
41307,5,-35.68533471265205,123.75,6,0
41308,5,-35.68533471265205,135.0,7,0
41309,5,-35.68533471265205,146.25,11,0
41310,5,-35.68533471265205,157.5,7,0
41311,5,-35.68533471265205,168.75,7,0
41312,5,-35.68533471265205,-180.0,6,0
41313,5,-35.68533471265205,-168.75,8,0
41314,5,-35.68533471265205,-157.5,8,0
41315,5,-35.68533471265205,-146.25,4,0
41316,5,-35.68533471265205,-135.0,5,0
41317,5,-35.68533471265205,-123.75,10,0
41318,5,-35.68533471265205,-112.5,10,0
41319,5,-35.68533471265205,-101.25,10,0
41320,5,-35.68533471265205,-90.0,4,0
41321,5,-35.68533471265205,-78.75000000000006,11,0
41322,5,-35.68533471265205,-67.5,4,0
41323,5,-35.68533471265205,-56.25,8,0
41324,5,-35.68533471265205,-45.0,8,0
41325,5,-35.68533471265205,-33.75000000000006,6,0
41326,5,-35.68533471265205,-22.5,8,0
41327,5,-35.68533471265205,-11.25,13,0
41328,5,-41.81031489577862,5.625,10,0
41329,5,-41.81031489577862,16.875,8,0
41330,5,-41.81031489577862,28.125,13,0
41331,5,-41.81031489577862,39.375,10,0
41332,5,-41.81031489577862,50.625,8,0
41333,5,-41.81031489577862,61.875,9,0
41334,5,-41.81031489577862,73.125,7,0
41335,5,-41.81031489577862,84.375,4,0
41336,5,-41.81031489577862,95.625,12,0
41337,5,-41.81031489577862,106.875,8,0
41338,5,-41.81031489577862,118.125,6,0
41339,5,-41.81031489577862,129.375,9,0
41340,5,-41.81031489577862,140.625,9,0
41341,5,-41.81031489577862,151.875,12,0
41342,5,-41.81031489577862,163.125,8,0
41343,5,-41.81031489577862,174.375,5,0
41344,5,-41.81031489577862,-174.375,11,0
41345,5,-41.81031489577862,-163.125,6,0
41346,5,-41.81031489577862,-151.875,4,0
41347,5,-41.81031489577862,-140.625,5,0
41348,5,-41.81031489577862,-129.37500000000006,7,0
41349,5,-41.81031489577862,-118.125,7,0
41350,5,-41.81031489577862,-106.875,8,0
41351,5,-41.81031489577862,-95.625,12,0
41352,5,-41.81031489577862,-84.375,7,0
41353,5,-41.81031489577862,-73.12500000000006,7,0
41354,5,-41.81031489577862,-61.875,7,0
41355,5,-41.81031489577862,-50.625,7,0
41356,5,-41.81031489577862,-39.375,8,0
41357,5,-41.81031489577862,-28.125,9,0
41358,5,-41.81031489577862,-16.875,11,0
41359,5,-41.81031489577862,-5.625,6,0
41360,5,-48.1412077943603,6.428571428571416,9,0
41361,5,-48.1412077943603,19.285714285714278,11,0
41362,5,-48.1412077943603,32.14285714285714,10,0
41363,5,-48.1412077943603,45.0,9,0
41364,5,-48.1412077943603,57.85714285714286,9,0
41365,5,-48.1412077943603,70.71428571428572,8,0
41366,5,-48.1412077943603,83.57142857142856,17,0
41367,5,-48.1412077943603,96.42857142857144,11,0
41368,5,-48.1412077943603,109.28571428571428,9,0
41369,5,-48.1412077943603,122.14285714285711,9,0
41370,5,-48.1412077943603,135.0,13,0
41371,5,-48.1412077943603,147.8571428571429,13,0
41372,5,-48.1412077943603,160.71428571428572,12,0
41373,5,-48.1412077943603,173.57142857142856,6,0
41374,5,-48.1412077943603,-173.57142857142856,4,0
41375,5,-48.1412077943603,-160.71428571428572,7,0
41376,5,-48.1412077943603,-147.8571428571429,7,0
41377,5,-48.1412077943603,-135.0,11,0
41378,5,-48.1412077943603,-122.14285714285711,8,0
41379,5,-48.1412077943603,-109.28571428571428,9,0
41380,5,-48.1412077943603,-96.42857142857144,9,0
41381,5,-48.1412077943603,-83.57142857142856,9,0
41382,5,-48.1412077943603,-70.71428571428572,9,0
41383,5,-48.1412077943603,-57.85714285714283,13,0
41384,5,-48.1412077943603,-45.0,10,0
41385,5,-48.1412077943603,-32.14285714285717,11,0
41386,5,-48.1412077943603,-19.28571428571422,13,0
41387,5,-48.1412077943603,-6.428571428571445,6,0
41388,5,-54.340912303861245,7.5,7,0
41389,5,-54.340912303861245,22.5,2,0
41390,5,-54.340912303861245,37.5,13,0
41391,5,-54.340912303861245,52.5,11,0
41392,5,-54.340912303861245,67.5,4,0
41393,5,-54.340912303861245,82.5,9,0
41394,5,-54.340912303861245,97.5,9,0
41395,5,-54.340912303861245,112.5,10,0
41396,5,-54.340912303861245,127.5,15,0
41397,5,-54.340912303861245,142.5,13,0
41398,5,-54.340912303861245,157.5,16,0
41399,5,-54.340912303861245,172.5,5,0
41400,5,-54.340912303861245,-172.5,5,0
41401,5,-54.340912303861245,-157.5,10,0
41402,5,-54.340912303861245,-142.5,11,0
41403,5,-54.340912303861245,-127.5,10,0
41404,5,-54.340912303861245,-112.5,8,0
41405,5,-54.340912303861245,-97.5,9,0
41406,5,-54.340912303861245,-82.5,6,0
41407,5,-54.340912303861245,-67.5,10,0
41408,5,-54.340912303861245,-52.50000000000006,13,0
41409,5,-54.340912303861245,-37.5,9,0
41410,5,-54.340912303861245,-22.5,14,0
41411,5,-54.340912303861245,-7.5,13,0
41412,5,-60.4344388449523,9.0,3,0
41413,5,-60.4344388449523,27.0,15,0
41414,5,-60.4344388449523,45.0,12,0
41415,5,-60.4344388449523,63.0,8,0
41416,5,-60.4344388449523,81.0,12,0
41417,5,-60.4344388449523,99.0,5,0
41418,5,-60.4344388449523,117.0,8,0
41419,5,-60.4344388449523,135.0,12,0
41420,5,-60.4344388449523,153.0,10,0
41421,5,-60.4344388449523,171.0,9,0
41422,5,-60.4344388449523,-171.0,9,0
41423,5,-60.4344388449523,-153.0,10,0
41424,5,-60.4344388449523,-135.0,8,0
41425,5,-60.4344388449523,-117.0,3,0
41426,5,-60.4344388449523,-99.0,11,0
41427,5,-60.4344388449523,-81.0,11,0
41428,5,-60.4344388449523,-63.0,6,0
41429,5,-60.4344388449523,-45.0,8,0
41430,5,-60.4344388449523,-27.0,11,0
41431,5,-60.4344388449523,-9.0,9,0
41432,5,-66.44353569089876,11.25,7,0
41433,5,-66.44353569089876,33.75,19,0
41434,5,-66.44353569089876,56.25,9,0
41435,5,-66.44353569089876,78.75,11,0
41436,5,-66.44353569089876,101.25,5,0
41437,5,-66.44353569089876,123.75,7,0
41438,5,-66.44353569089876,146.25,9,0
41439,5,-66.44353569089876,168.75,11,0
41440,5,-66.44353569089876,-168.75,5,0
41441,5,-66.44353569089876,-146.25,7,0
41442,5,-66.44353569089876,-123.75,7,0
41443,5,-66.44353569089876,-101.25,15,0
41444,5,-66.44353569089876,-78.75,9,0
41445,5,-66.44353569089876,-56.25,6,0
41446,5,-66.44353569089876,-33.75,9,0
41447,5,-66.44353569089876,-11.25,8,0
41448,5,-72.38756092964962,15.0,11,0
41449,5,-72.38756092964962,45.0,11,0
41450,5,-72.38756092964962,75.0,9,0
41451,5,-72.38756092964962,105.0,9,0
41452,5,-72.38756092964962,135.0,9,0
41453,5,-72.38756092964962,165.0,7,0
41454,5,-72.38756092964962,-165.0,8,0
41455,5,-72.38756092964962,-135.0,10,0
41456,5,-72.38756092964962,-105.0,15,0
41457,5,-72.38756092964962,-75.0,9,0
41458,5,-72.38756092964962,-45.0,11,0
41459,5,-72.38756092964962,-15.0,8,0
41460,5,-78.28414760510762,22.5,9,0
41461,5,-78.28414760510762,67.5,5,0
41462,5,-78.28414760510762,112.5,5,0
41463,5,-78.28414760510762,157.5,6,0
41464,5,-78.28414760510762,-157.5,6,0
41465,5,-78.28414760510762,-112.5,11,0
41466,5,-78.28414760510762,-67.5,15,0
41467,5,-78.28414760510762,-22.5,13,0
41468,5,-84.14973293629666,45.0,10,0
41469,5,-84.14973293629666,135.0,5,0
41470,5,-84.14973293629666,-135.0,4,0
41471,5,-84.14973293629666,-45.0,10,0
41472,5,84.14973293629666,45.0,11,0
41473,5,84.14973293629666,135.0,12,0
41474,5,84.14973293629666,-135.0,9,0
41475,5,84.14973293629666,-45.0,10,0
41476,5,78.28414760510762,22.5,12,0
41477,5,78.28414760510762,67.5,7,0
41478,5,78.28414760510762,112.5,9,0
41479,5,78.28414760510762,157.5,6,0
41480,5,78.28414760510762,-157.5,6,0
41481,5,78.28414760510762,-112.5,8,0
41482,5,78.28414760510762,-67.5,8,0
41483,5,78.28414760510762,-22.5,9,0
41484,5,72.38756092964962,15.0,8,0
41485,5,72.38756092964962,45.0,7,0
41486,5,72.38756092964962,75.0,7,0
41487,5,72.38756092964962,105.0,10,0
41488,5,72.38756092964962,135.0,8,0
41489,5,72.38756092964962,165.0,10,0
41490,5,72.38756092964962,-165.0,10,0
41491,5,72.38756092964962,-135.0,7,0
41492,5,72.38756092964962,-105.0,13,0
41493,5,72.38756092964962,-75.0,13,0
41494,5,72.38756092964962,-45.0,4,0
41495,5,72.38756092964962,-15.0,11,0
41496,5,66.44353569089877,11.25,10,0
41497,5,66.44353569089877,33.75,9,0
41498,5,66.44353569089877,56.25,7,0
41499,5,66.44353569089877,78.75,8,0
41500,5,66.44353569089877,101.25,9,0
41501,5,66.44353569089877,123.75,10,0
41502,5,66.44353569089877,146.25,9,0
41503,5,66.44353569089877,168.75,7,0
41504,5,66.44353569089877,-168.75,12,0
41505,5,66.44353569089877,-146.25,7,0
41506,5,66.44353569089877,-123.75,7,0
41507,5,66.44353569089877,-101.25,11,1
41508,5,66.44353569089877,-78.75,10,0
41509,5,66.44353569089877,-56.25,7,0
41510,5,66.44353569089877,-33.75,15,0
41511,5,66.44353569089877,-11.25,10,0
41512,5,60.43443884495228,9.0,8,0
41513,5,60.43443884495228,27.0,11,0
41514,5,60.43443884495228,45.0,6,0
41515,5,60.43443884495228,63.0,10,0
41516,5,60.43443884495228,81.0,9,0
41517,5,60.43443884495228,99.0,12,0
41518,5,60.43443884495228,117.0,8,0
41519,5,60.43443884495228,135.0,7,0
41520,5,60.43443884495228,153.0,8,0
41521,5,60.43443884495228,171.0,8,0
41522,5,60.43443884495228,-171.0,9,0
41523,5,60.43443884495228,-153.0,5,0
41524,5,60.43443884495228,-135.0,4,0
41525,5,60.43443884495228,-117.0,8,0
41526,5,60.43443884495228,-99.0,12,0
41527,5,60.43443884495228,-81.0,9,0
41528,5,60.43443884495228,-63.0,7,0
41529,5,60.43443884495228,-45.0,11,0
41530,5,60.43443884495228,-27.0,7,0
41531,5,60.43443884495228,-9.0,5,0
41532,5,54.340912303861245,7.5,9,0
41533,5,54.340912303861245,22.5,8,0
41534,5,54.340912303861245,37.5,8,0
41535,5,54.340912303861245,52.5,12,0
41536,5,54.340912303861245,67.5,9,0
41537,5,54.340912303861245,82.5,10,0
41538,5,54.340912303861245,97.5,11,0
41539,5,54.340912303861245,112.5,10,0
41540,5,54.340912303861245,127.5,7,0
41541,5,54.340912303861245,142.5,10,0
41542,5,54.340912303861245,157.5,8,0
41543,5,54.340912303861245,172.5,9,0
41544,5,54.340912303861245,-172.5,8,0
41545,5,54.340912303861245,-157.5,5,0
41546,5,54.340912303861245,-142.5,5,0
41547,5,54.340912303861245,-127.5,11,0
41548,5,54.340912303861245,-112.5,7,0
41549,5,54.340912303861245,-97.5,8,0
41550,5,54.340912303861245,-82.5,9,0
41551,5,54.340912303861245,-67.5,10,0
41552,5,54.340912303861245,-52.50000000000006,6,0
41553,5,54.340912303861245,-37.5,7,0
41554,5,54.340912303861245,-22.5,11,0
41555,5,54.340912303861245,-7.5,9,0
41556,5,48.141207794360284,6.428571428571416,3,0
41557,5,48.141207794360284,19.285714285714278,6,0
41558,5,48.141207794360284,32.14285714285714,10,0
41559,5,48.141207794360284,45.0,12,0
41560,5,48.141207794360284,57.85714285714286,6,0
41561,5,48.141207794360284,70.71428571428572,9,0
41562,5,48.141207794360284,83.57142857142856,8,0
41563,5,48.141207794360284,96.42857142857144,14,0
41564,5,48.141207794360284,109.28571428571428,6,0
41565,5,48.141207794360284,122.14285714285711,10,0
41566,5,48.141207794360284,135.0,8,0
41567,5,48.141207794360284,147.8571428571429,9,0
41568,5,48.141207794360284,160.71428571428572,6,0
41569,5,48.141207794360284,173.57142857142856,10,0
41570,5,48.141207794360284,-173.57142857142856,9,0
41571,5,48.141207794360284,-160.71428571428572,5,0
41572,5,48.141207794360284,-147.8571428571429,11,0
41573,5,48.141207794360284,-135.0,13,0
41574,5,48.141207794360284,-122.14285714285711,10,0
41575,5,48.141207794360284,-109.28571428571428,1,0
41576,5,48.141207794360284,-96.42857142857144,3,0
41577,5,48.141207794360284,-83.57142857142856,10,0
41578,5,48.141207794360284,-70.71428571428572,9,0
41579,5,48.141207794360284,-57.85714285714283,8,0
41580,5,48.141207794360284,-45.0,4,0
41581,5,48.141207794360284,-32.14285714285717,12,0
41582,5,48.141207794360284,-19.28571428571422,9,0
41583,5,48.141207794360284,-6.428571428571445,8,0
41584,5,41.81031489577859,5.625,6,0
41585,5,41.81031489577859,16.875,7,0
41586,5,41.81031489577859,28.125,4,0
41587,5,41.81031489577859,39.375,13,0
41588,5,41.81031489577859,50.625,5,0
41589,5,41.81031489577859,61.875,14,0
41590,5,41.81031489577859,73.125,12,0
41591,5,41.81031489577859,84.375,14,0
41592,5,41.81031489577859,95.625,14,0
41593,5,41.81031489577859,106.875,8,0
41594,5,41.81031489577859,118.125,4,0
41595,5,41.81031489577859,129.375,10,0
41596,5,41.81031489577859,140.625,8,0
41597,5,41.81031489577859,151.875,7,0
41598,5,41.81031489577859,163.125,7,0
41599,5,41.81031489577859,174.375,7,0
41600,5,41.81031489577859,-174.375,5,0
41601,5,41.81031489577859,-163.125,4,0
41602,5,41.81031489577859,-151.875,16,0
41603,5,41.81031489577859,-140.625,10,0
41604,5,41.81031489577859,-129.37500000000006,12,0
41605,5,41.81031489577859,-118.125,8,0
41606,5,41.81031489577859,-106.875,5,0
41607,5,41.81031489577859,-95.625,5,0
41608,5,41.81031489577859,-84.375,10,0
41609,5,41.81031489577859,-73.12500000000006,12,0
41610,5,41.81031489577859,-61.875,12,0
41611,5,41.81031489577859,-50.625,6,0
41612,5,41.81031489577859,-39.375,8,0
41613,5,41.81031489577859,-28.125,8,0
41614,5,41.81031489577859,-16.875,11,0
41615,5,41.81031489577859,-5.625,6,0
41616,5,35.68533471265204,0.0,4,0
41617,5,35.68533471265204,11.25,7,0
41618,5,35.68533471265204,22.5,6,0
41619,5,35.68533471265204,33.75,12,0
41620,5,35.68533471265204,45.0,6,0
41621,5,35.68533471265204,56.25,11,0
41622,5,35.68533471265204,67.5,6,0
41623,5,35.68533471265204,78.75,9,0
41624,5,35.68533471265204,90.0,14,0
41625,5,35.68533471265204,101.25,12,0
41626,5,35.68533471265204,112.5,4,0
41627,5,35.68533471265204,123.75,5,0
41628,5,35.68533471265204,135.0,12,0
41629,5,35.68533471265204,146.25,10,0
41630,5,35.68533471265204,157.5,11,0
41631,5,35.68533471265204,168.75,10,0
41632,5,35.68533471265204,-180.0,5,0
41633,5,35.68533471265204,-168.75,2,0
41634,5,35.68533471265204,-157.5,5,0
41635,5,35.68533471265204,-146.25,7,0
41636,5,35.68533471265204,-135.0,9,0
41637,5,35.68533471265204,-123.75,6,0
41638,5,35.68533471265204,-112.5,6,0
41639,5,35.68533471265204,-101.25,9,0
41640,5,35.68533471265204,-90.0,6,0
41641,5,35.68533471265204,-78.75000000000006,8,0
41642,5,35.68533471265204,-67.5,10,0
41643,5,35.68533471265204,-56.25,5,0
41644,5,35.68533471265204,-45.0,10,0
41645,5,35.68533471265204,-33.75000000000006,7,0
41646,5,35.68533471265204,-22.5,8,0
41647,5,35.68533471265204,-11.25,12,0
41648,5,30.000000000000007,5.625,12,0
41649,5,30.000000000000007,16.875,7,0
41650,5,30.000000000000007,28.125,11,0
41651,5,30.000000000000007,39.375,12,0
41652,5,30.000000000000007,50.625,10,0
41653,5,30.000000000000007,61.875,6,0
41654,5,30.000000000000007,73.125,11,0
41655,5,30.000000000000007,84.375,7,0
41656,5,30.000000000000007,95.625,6,0
41657,5,30.000000000000007,106.875,13,0
41658,5,30.000000000000007,118.125,5,0
41659,5,30.000000000000007,129.375,11,0
41660,5,30.000000000000007,140.625,9,0
41661,5,30.000000000000007,151.875,10,0
41662,5,30.000000000000007,163.125,8,0
41663,5,30.000000000000007,174.375,10,0
41664,5,30.000000000000007,-174.375,9,0
41665,5,30.000000000000007,-163.125,9,0
41666,5,30.000000000000007,-151.875,7,0
41667,5,30.000000000000007,-140.625,5,0
41668,5,30.000000000000007,-129.37500000000006,4,0
41669,5,30.000000000000007,-118.125,6,0
41670,5,30.000000000000007,-106.875,7,0
41671,5,30.000000000000007,-95.625,11,0
41672,5,30.000000000000007,-84.375,11,0
41673,5,30.000000000000007,-73.12500000000006,9,0
41674,5,30.000000000000007,-61.875,6,0
41675,5,30.000000000000007,-50.625,7,0
41676,5,30.000000000000007,-39.375,5,0
41677,5,30.000000000000007,-28.125,11,0
41678,5,30.000000000000007,-16.875,9,0
41679,5,30.000000000000007,-5.625,6,0
41680,5,24.62431835216408,0.0,10,0
41681,5,24.62431835216408,11.25,9,0
41682,5,24.62431835216408,22.5,11,0
41683,5,24.62431835216408,33.75,9,0
41684,5,24.62431835216408,45.0,7,0
41685,5,24.62431835216408,56.25,4,0
41686,5,24.62431835216408,67.5,9,0
41687,5,24.62431835216408,78.75,9,0
41688,5,24.62431835216408,90.0,7,0
41689,5,24.62431835216408,101.25,9,0
41690,5,24.62431835216408,112.5,9,0
41691,5,24.62431835216408,123.75,11,0
41692,5,24.62431835216408,135.0,11,0
41693,5,24.62431835216408,146.25,6,0
41694,5,24.62431835216408,157.5,11,0
41695,5,24.62431835216408,168.75,9,0
41696,5,24.62431835216408,-180.0,12,0
41697,5,24.62431835216408,-168.75,9,0
41698,5,24.62431835216408,-157.5,6,0
41699,5,24.62431835216408,-146.25,10,0
41700,5,24.62431835216408,-135.0,6,0
41701,5,24.62431835216408,-123.75,11,0
41702,5,24.62431835216408,-112.5,10,0
41703,5,24.62431835216408,-101.25,10,0
41704,5,24.62431835216408,-90.0,13,0
41705,5,24.62431835216408,-78.75000000000006,2,0
41706,5,24.62431835216408,-67.5,10,0
41707,5,24.62431835216408,-56.25,9,0
41708,5,24.62431835216408,-45.0,3,0
41709,5,24.62431835216408,-33.75000000000006,6,0
41710,5,24.62431835216408,-22.5,6,0
41711,5,24.62431835216408,-11.25,9,0
41712,5,19.47122063449069,5.625,6,0
41713,5,19.47122063449069,16.875,8,0
41714,5,19.47122063449069,28.125,9,0
41715,5,19.47122063449069,39.375,4,0
41716,5,19.47122063449069,50.625,6,0
41717,5,19.47122063449069,61.875,7,0
41718,5,19.47122063449069,73.125,5,0
41719,5,19.47122063449069,84.375,4,0
41720,5,19.47122063449069,95.625,13,0
41721,5,19.47122063449069,106.875,9,0
41722,5,19.47122063449069,118.125,8,0
41723,5,19.47122063449069,129.375,9,0
41724,5,19.47122063449069,140.625,6,0
41725,5,19.47122063449069,151.875,8,0
41726,5,19.47122063449069,163.125,13,0
41727,5,19.47122063449069,174.375,9,0
41728,5,19.47122063449069,-174.375,10,0
41729,5,19.47122063449069,-163.125,9,0
41730,5,19.47122063449069,-151.875,3,0
41731,5,19.47122063449069,-140.625,14,0
41732,5,19.47122063449069,-129.37500000000006,12,0
41733,5,19.47122063449069,-118.125,9,0
41734,5,19.47122063449069,-106.875,15,0
41735,5,19.47122063449069,-95.625,9,0
41736,5,19.47122063449069,-84.375,6,0
41737,5,19.47122063449069,-73.12500000000006,4,0
41738,5,19.47122063449069,-61.875,10,0
41739,5,19.47122063449069,-50.625,7,0
41740,5,19.47122063449069,-39.375,5,0
41741,5,19.47122063449069,-28.125,10,0
41742,5,19.47122063449069,-16.875,5,0
41743,5,19.47122063449069,-5.625,17,0
41744,5,14.477512185929925,0.0,10,0
41745,5,14.477512185929925,11.25,10,0
41746,5,14.477512185929925,22.5,7,0
41747,5,14.477512185929925,33.75,11,0
41748,5,14.477512185929925,45.0,10,0
41749,5,14.477512185929925,56.25,6,0
41750,5,14.477512185929925,67.5,8,0
41751,5,14.477512185929925,78.75,3,0
41752,5,14.477512185929925,90.0,6,0
41753,5,14.477512185929925,101.25,11,0
41754,5,14.477512185929925,112.5,9,0
41755,5,14.477512185929925,123.75,13,0
41756,5,14.477512185929925,135.0,10,0
41757,5,14.477512185929925,146.25,7,0
41758,5,14.477512185929925,157.5,8,0
41759,5,14.477512185929925,168.75,7,0
41760,5,14.477512185929925,-180.0,6,0
41761,5,14.477512185929925,-168.75,9,0
41762,5,14.477512185929925,-157.5,8,0
41763,5,14.477512185929925,-146.25,3,0
41764,5,14.477512185929925,-135.0,11,0
41765,5,14.477512185929925,-123.75,12,0
41766,5,14.477512185929925,-112.5,9,0
41767,5,14.477512185929925,-101.25,5,0
41768,5,14.477512185929925,-90.0,11,0
41769,5,14.477512185929925,-78.75000000000006,2,0
41770,5,14.477512185929925,-67.5,8,0
41771,5,14.477512185929925,-56.25,8,0
41772,5,14.477512185929925,-45.0,4,0
41773,5,14.477512185929925,-33.75000000000006,7,0
41774,5,14.477512185929925,-22.5,10,0
41775,5,14.477512185929925,-11.25,10,0
41776,5,9.594068226860458,5.625,14,0
41777,5,9.594068226860458,16.875,8,0
41778,5,9.594068226860458,28.125,6,0
41779,5,9.594068226860458,39.375,12,0
41780,5,9.594068226860458,50.625,7,0
41781,5,9.594068226860458,61.875,10,0
41782,5,9.594068226860458,73.125,8,0
41783,5,9.594068226860458,84.375,5,1
41784,5,9.594068226860458,95.625,7,1
41785,5,9.594068226860458,106.875,7,0
41786,5,9.594068226860458,118.125,12,0
41787,5,9.594068226860458,129.375,11,0
41788,5,9.594068226860458,140.625,12,0
41789,5,9.594068226860458,151.875,4,0
41790,5,9.594068226860458,163.125,7,0
41791,5,9.594068226860458,174.375,4,0
41792,5,9.594068226860458,-174.375,7,0
41793,5,9.594068226860458,-163.125,8,0
41794,5,9.594068226860458,-151.875,7,1
41795,5,9.594068226860458,-140.625,8,0
41796,5,9.594068226860458,-129.37500000000006,10,0
41797,5,9.594068226860458,-118.125,9,0
41798,5,9.594068226860458,-106.875,4,0
41799,5,9.594068226860458,-95.625,12,0
41800,5,9.594068226860458,-84.375,9,0
41801,5,9.594068226860458,-73.12500000000006,10,0
41802,5,9.594068226860458,-61.875,5,0
41803,5,9.594068226860458,-50.625,12,0
41804,5,9.594068226860458,-39.375,8,1
41805,5,9.594068226860458,-28.125,9,0
41806,5,9.594068226860458,-16.875,12,0
41807,5,9.594068226860458,-5.625,13,0
41808,5,4.780191847199163,0.0,13,0
41809,5,4.780191847199163,11.25,5,1
41810,5,4.780191847199163,22.5,13,3
41811,5,4.780191847199163,33.75,5,1
41812,5,4.780191847199163,45.0,8,1
41813,5,4.780191847199163,56.25,8,2
41814,5,4.780191847199163,67.5,10,3
41815,5,4.780191847199163,78.75,12,1
41816,5,4.780191847199163,90.0,8,2
41817,5,4.780191847199163,101.25,6,2
41818,5,4.780191847199163,112.5,10,0
41819,5,4.780191847199163,123.75,17,2
41820,5,4.780191847199163,135.0,16,2
41821,5,4.780191847199163,146.25,3,2
41822,5,4.780191847199163,157.5,8,1
41823,5,4.780191847199163,168.75,8,0
41824,5,4.780191847199163,-180.0,8,0
41825,5,4.780191847199163,-168.75,11,3
41826,5,4.780191847199163,-157.5,10,2
41827,5,4.780191847199163,-146.25,13,6
41828,5,4.780191847199163,-135.0,4,3
41829,5,4.780191847199163,-123.75,10,0
41830,5,4.780191847199163,-112.5,7,6
41831,5,4.780191847199163,-101.25,6,2
41832,5,4.780191847199163,-90.0,7,3
41833,5,4.780191847199163,-78.75000000000006,8,0
41834,5,4.780191847199163,-67.5,15,3
41835,5,4.780191847199163,-56.25,15,2
41836,5,4.780191847199163,-45.0,12,3
41837,5,4.780191847199163,-33.75000000000006,9,1
41838,5,4.780191847199163,-22.5,7,2
41839,5,4.780191847199163,-11.25,14,3
41840,5,0.0,5.625,9,1
41841,5,0.0,16.875,11,3
41842,5,0.0,28.125,5,2
41843,5,0.0,39.375,6,3
41844,5,0.0,50.625,5,7
41845,5,0.0,61.875,7,2
41846,5,0.0,73.125,10,2
41847,5,0.0,84.375,12,3
41848,5,0.0,95.625,7,2
41849,5,0.0,106.875,9,2
41850,5,0.0,118.125,13,3
41851,5,0.0,129.375,15,5
41852,5,0.0,140.625,8,3
41853,5,0.0,151.875,11,2
41854,5,0.0,163.125,6,2
41855,5,0.0,174.375,9,0
41856,5,0.0,-174.375,5,3
41857,5,0.0,-163.125,10,3
41858,5,0.0,-151.875,9,5
41859,5,0.0,-140.625,12,2
41860,5,0.0,-129.37500000000006,7,3
41861,5,0.0,-118.125,11,5
41862,5,0.0,-106.875,7,6
41863,5,0.0,-95.625,10,6
41864,5,0.0,-84.375,6,4
41865,5,0.0,-73.12500000000006,6,2
41866,5,0.0,-61.875,12,6
41867,5,0.0,-50.625,14,4
41868,5,0.0,-39.375,8,1
41869,5,0.0,-28.125,11,2
41870,5,0.0,-16.875,10,1
41871,5,0.0,-5.625,11,3
41872,5,-4.780191847199163,0.0,8,3
41873,5,-4.780191847199163,11.25,9,1
41874,5,-4.780191847199163,22.5,10,0
41875,5,-4.780191847199163,33.75,7,3
41876,5,-4.780191847199163,45.0,4,3
41877,5,-4.780191847199163,56.25,9,2
41878,5,-4.780191847199163,67.5,10,1
41879,5,-4.780191847199163,78.75,10,2
41880,5,-4.780191847199163,90.0,11,0
41881,5,-4.780191847199163,101.25,5,2
41882,5,-4.780191847199163,112.5,8,3
41883,5,-4.780191847199163,123.75,9,3
41884,5,-4.780191847199163,135.0,14,2
41885,5,-4.780191847199163,146.25,12,2
41886,5,-4.780191847199163,157.5,11,0
41887,5,-4.780191847199163,168.75,11,3
41888,5,-4.780191847199163,-180.0,4,0
41889,5,-4.780191847199163,-168.75,7,3
41890,5,-4.780191847199163,-157.5,6,2
41891,5,-4.780191847199163,-146.25,13,2
41892,5,-4.780191847199163,-135.0,5,1
41893,5,-4.780191847199163,-123.75,7,2
41894,5,-4.780191847199163,-112.5,9,2
41895,5,-4.780191847199163,-101.25,8,5
41896,5,-4.780191847199163,-90.0,8,2
41897,5,-4.780191847199163,-78.75000000000006,7,0
41898,5,-4.780191847199163,-67.5,10,3
41899,5,-4.780191847199163,-56.25,9,3
41900,5,-4.780191847199163,-45.0,12,2
41901,5,-4.780191847199163,-33.75000000000006,8,0
41902,5,-4.780191847199163,-22.5,10,0
41903,5,-4.780191847199163,-11.25,13,1
41904,5,-9.594068226860458,5.625,10,0
41905,5,-9.594068226860458,16.875,6,0
41906,5,-9.594068226860458,28.125,13,0
41907,5,-9.594068226860458,39.375,8,0
41908,5,-9.594068226860458,50.625,8,0
41909,5,-9.594068226860458,61.875,10,0
41910,5,-9.594068226860458,73.125,4,0
41911,5,-9.594068226860458,84.375,8,0
41912,5,-9.594068226860458,95.625,4,0
41913,5,-9.594068226860458,106.875,7,1
41914,5,-9.594068226860458,118.125,11,0
41915,5,-9.594068226860458,129.375,5,0
41916,5,-9.594068226860458,140.625,12,0
41917,5,-9.594068226860458,151.875,9,0
41918,5,-9.594068226860458,163.125,11,0
41919,5,-9.594068226860458,174.375,7,0
41920,5,-9.594068226860458,-174.375,9,0
41921,5,-9.594068226860458,-163.125,7,0
41922,5,-9.594068226860458,-151.875,6,1
41923,5,-9.594068226860458,-140.625,7,0
41924,5,-9.594068226860458,-129.37500000000006,5,1
41925,5,-9.594068226860458,-118.125,5,0
41926,5,-9.594068226860458,-106.875,6,0
41927,5,-9.594068226860458,-95.625,12,0
41928,5,-9.594068226860458,-84.375,6,1
41929,5,-9.594068226860458,-73.12500000000006,11,0
41930,5,-9.594068226860458,-61.875,10,0
41931,5,-9.594068226860458,-50.625,6,0
41932,5,-9.594068226860458,-39.375,12,0
41933,5,-9.594068226860458,-28.125,8,0
41934,5,-9.594068226860458,-16.875,7,0
41935,5,-9.594068226860458,-5.625,6,0
41936,5,-14.477512185929925,0.0,10,0
41937,5,-14.477512185929925,11.25,8,0
41938,5,-14.477512185929925,22.5,9,0
41939,5,-14.477512185929925,33.75,8,0
41940,5,-14.477512185929925,45.0,8,0
41941,5,-14.477512185929925,56.25,7,0
41942,5,-14.477512185929925,67.5,4,0
41943,5,-14.477512185929925,78.75,6,0
41944,5,-14.477512185929925,90.0,13,0
41945,5,-14.477512185929925,101.25,8,0
41946,5,-14.477512185929925,112.5,4,0
41947,5,-14.477512185929925,123.75,11,0
41948,5,-14.477512185929925,135.0,10,0
41949,5,-14.477512185929925,146.25,9,0
41950,5,-14.477512185929925,157.5,8,0
41951,5,-14.477512185929925,168.75,10,0
41952,5,-14.477512185929925,-180.0,8,0
41953,5,-14.477512185929925,-168.75,9,0
41954,5,-14.477512185929925,-157.5,10,1
41955,5,-14.477512185929925,-146.25,8,0
41956,5,-14.477512185929925,-135.0,9,0
41957,5,-14.477512185929925,-123.75,6,1
41958,5,-14.477512185929925,-112.5,4,0
41959,5,-14.477512185929925,-101.25,10,0
41960,5,-14.477512185929925,-90.0,10,1
41961,5,-14.477512185929925,-78.75000000000006,5,0
41962,5,-14.477512185929925,-67.5,13,0
41963,5,-14.477512185929925,-56.25,10,0
41964,5,-14.477512185929925,-45.0,11,0
41965,5,-14.477512185929925,-33.75000000000006,9,0
41966,5,-14.477512185929925,-22.5,6,0
41967,5,-14.477512185929925,-11.25,8,0
41968,5,-19.47122063449069,5.625,6,0
41969,5,-19.47122063449069,16.875,10,0
41970,5,-19.47122063449069,28.125,11,0
41971,5,-19.47122063449069,39.375,1,0
41972,5,-19.47122063449069,50.625,11,0
41973,5,-19.47122063449069,61.875,3,0
41974,5,-19.47122063449069,73.125,7,0
41975,5,-19.47122063449069,84.375,11,0
41976,5,-19.47122063449069,95.625,11,0
41977,5,-19.47122063449069,106.875,3,0
41978,5,-19.47122063449069,118.125,3,0
41979,5,-19.47122063449069,129.375,9,0
41980,5,-19.47122063449069,140.625,9,0
41981,5,-19.47122063449069,151.875,8,0
41982,5,-19.47122063449069,163.125,11,0
41983,5,-19.47122063449069,174.375,14,0
41984,5,-19.47122063449069,-174.375,7,1
41985,5,-19.47122063449069,-163.125,10,0
41986,5,-19.47122063449069,-151.875,8,0
41987,5,-19.47122063449069,-140.625,11,0
41988,5,-19.47122063449069,-129.37500000000006,10,0
41989,5,-19.47122063449069,-118.125,4,0
41990,5,-19.47122063449069,-106.875,9,0
41991,5,-19.47122063449069,-95.625,8,0
41992,5,-19.47122063449069,-84.375,11,0
41993,5,-19.47122063449069,-73.12500000000006,10,0
41994,5,-19.47122063449069,-61.875,6,0
41995,5,-19.47122063449069,-50.625,12,0
41996,5,-19.47122063449069,-39.375,13,0
41997,5,-19.47122063449069,-28.125,5,0
41998,5,-19.47122063449069,-16.875,7,0
41999,5,-19.47122063449069,-5.625,13,0
42000,5,-24.62431835216408,0.0,9,0
42001,5,-24.62431835216408,11.25,12,0
42002,5,-24.62431835216408,22.5,9,0
42003,5,-24.62431835216408,33.75,4,0
42004,5,-24.62431835216408,45.0,10,0
42005,5,-24.62431835216408,56.25,7,0
42006,5,-24.62431835216408,67.5,11,0
42007,5,-24.62431835216408,78.75,11,0
42008,5,-24.62431835216408,90.0,11,0
42009,5,-24.62431835216408,101.25,9,0
42010,5,-24.62431835216408,112.5,5,0
42011,5,-24.62431835216408,123.75,12,0
42012,5,-24.62431835216408,135.0,9,0
42013,5,-24.62431835216408,146.25,6,0
42014,5,-24.62431835216408,157.5,7,0
42015,5,-24.62431835216408,168.75,10,0
42016,5,-24.62431835216408,-180.0,7,0
42017,5,-24.62431835216408,-168.75,7,0
42018,5,-24.62431835216408,-157.5,8,0
42019,5,-24.62431835216408,-146.25,8,0
42020,5,-24.62431835216408,-135.0,7,0
42021,5,-24.62431835216408,-123.75,8,0
42022,5,-24.62431835216408,-112.5,3,0
42023,5,-24.62431835216408,-101.25,7,0
42024,5,-24.62431835216408,-90.0,8,0
42025,5,-24.62431835216408,-78.75000000000006,10,0
42026,5,-24.62431835216408,-67.5,9,0
42027,5,-24.62431835216408,-56.25,11,0
42028,5,-24.62431835216408,-45.0,14,0
42029,5,-24.62431835216408,-33.75000000000006,10,0
42030,5,-24.62431835216408,-22.5,8,0
42031,5,-24.62431835216408,-11.25,9,0
42032,5,-30.000000000000014,5.625,12,0
42033,5,-30.000000000000014,16.875,11,0
42034,5,-30.000000000000014,28.125,7,0
42035,5,-30.000000000000014,39.375,9,0
42036,5,-30.000000000000014,50.625,9,0
42037,5,-30.000000000000014,61.875,9,0
42038,5,-30.000000000000014,73.125,7,0
42039,5,-30.000000000000014,84.375,15,0
42040,5,-30.000000000000014,95.625,5,0
42041,5,-30.000000000000014,106.875,12,0
42042,5,-30.000000000000014,118.125,9,0
42043,5,-30.000000000000014,129.375,8,0
42044,5,-30.000000000000014,140.625,4,0
42045,5,-30.000000000000014,151.875,3,0
42046,5,-30.000000000000014,163.125,12,0
42047,5,-30.000000000000014,174.375,5,0
42048,5,-30.000000000000014,-174.375,6,0
42049,5,-30.000000000000014,-163.125,11,0
42050,5,-30.000000000000014,-151.875,8,0
42051,5,-30.000000000000014,-140.625,5,0
42052,5,-30.000000000000014,-129.37500000000006,7,0
42053,5,-30.000000000000014,-118.125,6,0
42054,5,-30.000000000000014,-106.875,4,0
42055,5,-30.000000000000014,-95.625,4,0
42056,5,-30.000000000000014,-84.375,11,0
42057,5,-30.000000000000014,-73.12500000000006,12,0
42058,5,-30.000000000000014,-61.875,8,0
42059,5,-30.000000000000014,-50.625,8,0
42060,5,-30.000000000000014,-39.375,7,0
42061,5,-30.000000000000014,-28.125,11,0
42062,5,-30.000000000000014,-16.875,11,0
42063,5,-30.000000000000014,-5.625,10,0
42064,5,-35.68533471265205,0.0,9,0
42065,5,-35.68533471265205,11.25,13,0
42066,5,-35.68533471265205,22.5,9,0
42067,5,-35.68533471265205,33.75,9,0
42068,5,-35.68533471265205,45.0,10,0
42069,5,-35.68533471265205,56.25,8,0
42070,5,-35.68533471265205,67.5,2,0
42071,5,-35.68533471265205,78.75,4,0
42072,5,-35.68533471265205,90.0,11,0
42073,5,-35.68533471265205,101.25,9,0
42074,5,-35.68533471265205,112.5,9,0
42075,5,-35.68533471265205,123.75,6,0
42076,5,-35.68533471265205,135.0,7,0
42077,5,-35.68533471265205,146.25,11,0
42078,5,-35.68533471265205,157.5,7,0
42079,5,-35.68533471265205,168.75,7,0
42080,5,-35.68533471265205,-180.0,6,0
42081,5,-35.68533471265205,-168.75,8,0
42082,5,-35.68533471265205,-157.5,8,0
42083,5,-35.68533471265205,-146.25,4,0
42084,5,-35.68533471265205,-135.0,5,0
42085,5,-35.68533471265205,-123.75,10,0
42086,5,-35.68533471265205,-112.5,10,0
42087,5,-35.68533471265205,-101.25,10,0
42088,5,-35.68533471265205,-90.0,4,0
42089,5,-35.68533471265205,-78.75000000000006,11,0
42090,5,-35.68533471265205,-67.5,4,0
42091,5,-35.68533471265205,-56.25,8,0
42092,5,-35.68533471265205,-45.0,8,0
42093,5,-35.68533471265205,-33.75000000000006,6,0
42094,5,-35.68533471265205,-22.5,8,0
42095,5,-35.68533471265205,-11.25,13,0
42096,5,-41.81031489577862,5.625,10,0
42097,5,-41.81031489577862,16.875,8,0
42098,5,-41.81031489577862,28.125,13,0
42099,5,-41.81031489577862,39.375,10,0
42100,5,-41.81031489577862,50.625,8,0
42101,5,-41.81031489577862,61.875,9,0
42102,5,-41.81031489577862,73.125,7,0
42103,5,-41.81031489577862,84.375,4,0
42104,5,-41.81031489577862,95.625,12,0
42105,5,-41.81031489577862,106.875,8,0
42106,5,-41.81031489577862,118.125,6,0
42107,5,-41.81031489577862,129.375,9,0
42108,5,-41.81031489577862,140.625,9,0
42109,5,-41.81031489577862,151.875,12,0
42110,5,-41.81031489577862,163.125,8,0
42111,5,-41.81031489577862,174.375,5,0
42112,5,-41.81031489577862,-174.375,11,0
42113,5,-41.81031489577862,-163.125,6,0
42114,5,-41.81031489577862,-151.875,4,0
42115,5,-41.81031489577862,-140.625,5,0
42116,5,-41.81031489577862,-129.37500000000006,7,0
42117,5,-41.81031489577862,-118.125,7,0
42118,5,-41.81031489577862,-106.875,8,0
42119,5,-41.81031489577862,-95.625,12,0
42120,5,-41.81031489577862,-84.375,7,0
42121,5,-41.81031489577862,-73.12500000000006,7,0
42122,5,-41.81031489577862,-61.875,7,0
42123,5,-41.81031489577862,-50.625,7,0
42124,5,-41.81031489577862,-39.375,8,0
42125,5,-41.81031489577862,-28.125,9,0
42126,5,-41.81031489577862,-16.875,11,0
42127,5,-41.81031489577862,-5.625,6,0
42128,5,-48.1412077943603,6.428571428571416,9,0
42129,5,-48.1412077943603,19.285714285714278,11,0
42130,5,-48.1412077943603,32.14285714285714,10,0
42131,5,-48.1412077943603,45.0,9,0
42132,5,-48.1412077943603,57.85714285714286,9,0
42133,5,-48.1412077943603,70.71428571428572,8,0
42134,5,-48.1412077943603,83.57142857142856,17,0
42135,5,-48.1412077943603,96.42857142857144,11,0
42136,5,-48.1412077943603,109.28571428571428,9,0
42137,5,-48.1412077943603,122.14285714285711,9,0
42138,5,-48.1412077943603,135.0,13,0
42139,5,-48.1412077943603,147.8571428571429,13,0
42140,5,-48.1412077943603,160.71428571428572,12,0
42141,5,-48.1412077943603,173.57142857142856,6,0
42142,5,-48.1412077943603,-173.57142857142856,4,0
42143,5,-48.1412077943603,-160.71428571428572,7,0
42144,5,-48.1412077943603,-147.8571428571429,7,0
42145,5,-48.1412077943603,-135.0,11,0
42146,5,-48.1412077943603,-122.14285714285711,8,0
42147,5,-48.1412077943603,-109.28571428571428,9,0
42148,5,-48.1412077943603,-96.42857142857144,9,0
42149,5,-48.1412077943603,-83.57142857142856,9,0
42150,5,-48.1412077943603,-70.71428571428572,9,0
42151,5,-48.1412077943603,-57.85714285714283,13,0
42152,5,-48.1412077943603,-45.0,10,0
42153,5,-48.1412077943603,-32.14285714285717,11,0
42154,5,-48.1412077943603,-19.28571428571422,13,0
42155,5,-48.1412077943603,-6.428571428571445,6,0
42156,5,-54.340912303861245,7.5,7,0
42157,5,-54.340912303861245,22.5,2,0
42158,5,-54.340912303861245,37.5,13,0
42159,5,-54.340912303861245,52.5,11,0
42160,5,-54.340912303861245,67.5,4,0
42161,5,-54.340912303861245,82.5,9,0
42162,5,-54.340912303861245,97.5,9,0
42163,5,-54.340912303861245,112.5,10,0
42164,5,-54.340912303861245,127.5,15,0
42165,5,-54.340912303861245,142.5,13,0
42166,5,-54.340912303861245,157.5,16,0
42167,5,-54.340912303861245,172.5,5,0
42168,5,-54.340912303861245,-172.5,5,0
42169,5,-54.340912303861245,-157.5,10,0
42170,5,-54.340912303861245,-142.5,11,0
42171,5,-54.340912303861245,-127.5,10,0
42172,5,-54.340912303861245,-112.5,8,0
42173,5,-54.340912303861245,-97.5,9,0
42174,5,-54.340912303861245,-82.5,6,0
42175,5,-54.340912303861245,-67.5,10,0
42176,5,-54.340912303861245,-52.50000000000006,13,0
42177,5,-54.340912303861245,-37.5,9,0
42178,5,-54.340912303861245,-22.5,14,0
42179,5,-54.340912303861245,-7.5,13,0
42180,5,-60.4344388449523,9.0,3,0
42181,5,-60.4344388449523,27.0,15,0
42182,5,-60.4344388449523,45.0,12,0
42183,5,-60.4344388449523,63.0,8,0
42184,5,-60.4344388449523,81.0,12,0
42185,5,-60.4344388449523,99.0,5,0
42186,5,-60.4344388449523,117.0,8,0
42187,5,-60.4344388449523,135.0,12,0
42188,5,-60.4344388449523,153.0,10,0
42189,5,-60.4344388449523,171.0,9,0
42190,5,-60.4344388449523,-171.0,9,0
42191,5,-60.4344388449523,-153.0,10,0
42192,5,-60.4344388449523,-135.0,8,0
42193,5,-60.4344388449523,-117.0,3,0
42194,5,-60.4344388449523,-99.0,11,0
42195,5,-60.4344388449523,-81.0,11,0
42196,5,-60.4344388449523,-63.0,6,0
42197,5,-60.4344388449523,-45.0,8,0
42198,5,-60.4344388449523,-27.0,11,0
42199,5,-60.4344388449523,-9.0,9,0
42200,5,-66.44353569089876,11.25,7,0
42201,5,-66.44353569089876,33.75,19,0
42202,5,-66.44353569089876,56.25,9,0
42203,5,-66.44353569089876,78.75,11,0
42204,5,-66.44353569089876,101.25,5,0
42205,5,-66.44353569089876,123.75,7,0
42206,5,-66.44353569089876,146.25,9,0
42207,5,-66.44353569089876,168.75,11,0
42208,5,-66.44353569089876,-168.75,5,0
42209,5,-66.44353569089876,-146.25,7,0
42210,5,-66.44353569089876,-123.75,7,0
42211,5,-66.44353569089876,-101.25,15,0
42212,5,-66.44353569089876,-78.75,9,0
42213,5,-66.44353569089876,-56.25,6,0
42214,5,-66.44353569089876,-33.75,9,0
42215,5,-66.44353569089876,-11.25,8,0
42216,5,-72.38756092964962,15.0,11,0
42217,5,-72.38756092964962,45.0,11,0
42218,5,-72.38756092964962,75.0,9,0
42219,5,-72.38756092964962,105.0,9,0
42220,5,-72.38756092964962,135.0,9,0
42221,5,-72.38756092964962,165.0,7,0
42222,5,-72.38756092964962,-165.0,8,0
42223,5,-72.38756092964962,-135.0,10,0
42224,5,-72.38756092964962,-105.0,15,0
42225,5,-72.38756092964962,-75.0,9,0
42226,5,-72.38756092964962,-45.0,11,0
42227,5,-72.38756092964962,-15.0,8,0
42228,5,-78.28414760510762,22.5,9,0
42229,5,-78.28414760510762,67.5,5,0
42230,5,-78.28414760510762,112.5,5,0
42231,5,-78.28414760510762,157.5,6,0
42232,5,-78.28414760510762,-157.5,6,0
42233,5,-78.28414760510762,-112.5,11,0
42234,5,-78.28414760510762,-67.5,15,0
42235,5,-78.28414760510762,-22.5,13,0
42236,5,-84.14973293629666,45.0,10,0
42237,5,-84.14973293629666,135.0,5,0
42238,5,-84.14973293629666,-135.0,4,0
42239,5,-84.14973293629666,-45.0,10,0
42240,5,84.14973293629666,45.0,11,0
42241,5,84.14973293629666,135.0,12,0
42242,5,84.14973293629666,-135.0,9,0
42243,5,84.14973293629666,-45.0,10,0
42244,5,78.28414760510762,22.5,12,0
42245,5,78.28414760510762,67.5,7,0
42246,5,78.28414760510762,112.5,9,0
42247,5,78.28414760510762,157.5,6,0
42248,5,78.28414760510762,-157.5,6,0
42249,5,78.28414760510762,-112.5,8,0
42250,5,78.28414760510762,-67.5,8,0
42251,5,78.28414760510762,-22.5,9,0
42252,5,72.38756092964962,15.0,8,0
42253,5,72.38756092964962,45.0,7,0
42254,5,72.38756092964962,75.0,7,0
42255,5,72.38756092964962,105.0,10,0
42256,5,72.38756092964962,135.0,8,0
42257,5,72.38756092964962,165.0,10,0
42258,5,72.38756092964962,-165.0,10,0
42259,5,72.38756092964962,-135.0,7,0
42260,5,72.38756092964962,-105.0,13,0
42261,5,72.38756092964962,-75.0,13,0
42262,5,72.38756092964962,-45.0,4,0
42263,5,72.38756092964962,-15.0,11,0
42264,5,66.44353569089877,11.25,10,0
42265,5,66.44353569089877,33.75,9,0
42266,5,66.44353569089877,56.25,7,0
42267,5,66.44353569089877,78.75,8,0
42268,5,66.44353569089877,101.25,9,0
42269,5,66.44353569089877,123.75,10,0
42270,5,66.44353569089877,146.25,9,0
42271,5,66.44353569089877,168.75,7,0
42272,5,66.44353569089877,-168.75,12,0
42273,5,66.44353569089877,-146.25,7,0
42274,5,66.44353569089877,-123.75,7,0
42275,5,66.44353569089877,-101.25,11,1
42276,5,66.44353569089877,-78.75,10,0
42277,5,66.44353569089877,-56.25,7,0
42278,5,66.44353569089877,-33.75,15,0
42279,5,66.44353569089877,-11.25,10,0
42280,5,60.43443884495228,9.0,8,0
42281,5,60.43443884495228,27.0,11,0
42282,5,60.43443884495228,45.0,6,0
42283,5,60.43443884495228,63.0,10,0
42284,5,60.43443884495228,81.0,9,0
42285,5,60.43443884495228,99.0,12,0
42286,5,60.43443884495228,117.0,8,0
42287,5,60.43443884495228,135.0,7,0
42288,5,60.43443884495228,153.0,8,0
42289,5,60.43443884495228,171.0,8,0
42290,5,60.43443884495228,-171.0,9,0
42291,5,60.43443884495228,-153.0,5,0
42292,5,60.43443884495228,-135.0,4,0
42293,5,60.43443884495228,-117.0,8,0
42294,5,60.43443884495228,-99.0,12,0
42295,5,60.43443884495228,-81.0,9,0
42296,5,60.43443884495228,-63.0,7,0
42297,5,60.43443884495228,-45.0,11,0
42298,5,60.43443884495228,-27.0,7,0
42299,5,60.43443884495228,-9.0,5,0
42300,5,54.340912303861245,7.5,9,0
42301,5,54.340912303861245,22.5,8,0
42302,5,54.340912303861245,37.5,8,0
42303,5,54.340912303861245,52.5,12,0
42304,5,54.340912303861245,67.5,9,0
42305,5,54.340912303861245,82.5,10,0
42306,5,54.340912303861245,97.5,11,0
42307,5,54.340912303861245,112.5,10,0
42308,5,54.340912303861245,127.5,7,0
42309,5,54.340912303861245,142.5,10,0
42310,5,54.340912303861245,157.5,8,0
42311,5,54.340912303861245,172.5,9,0
42312,5,54.340912303861245,-172.5,8,0
42313,5,54.340912303861245,-157.5,5,0
42314,5,54.340912303861245,-142.5,5,0
42315,5,54.340912303861245,-127.5,11,0
42316,5,54.340912303861245,-112.5,7,0
42317,5,54.340912303861245,-97.5,8,0
42318,5,54.340912303861245,-82.5,9,0
42319,5,54.340912303861245,-67.5,10,0
42320,5,54.340912303861245,-52.50000000000006,6,0
42321,5,54.340912303861245,-37.5,7,0
42322,5,54.340912303861245,-22.5,11,0
42323,5,54.340912303861245,-7.5,9,0
42324,5,48.141207794360284,6.428571428571416,3,0
42325,5,48.141207794360284,19.285714285714278,6,0
42326,5,48.141207794360284,32.14285714285714,10,0
42327,5,48.141207794360284,45.0,12,0
42328,5,48.141207794360284,57.85714285714286,6,0
42329,5,48.141207794360284,70.71428571428572,9,0
42330,5,48.141207794360284,83.57142857142856,8,0
42331,5,48.141207794360284,96.42857142857144,14,0
42332,5,48.141207794360284,109.28571428571428,6,0
42333,5,48.141207794360284,122.14285714285711,10,0
42334,5,48.141207794360284,135.0,8,0
42335,5,48.141207794360284,147.8571428571429,9,0
42336,5,48.141207794360284,160.71428571428572,6,0
42337,5,48.141207794360284,173.57142857142856,10,0
42338,5,48.141207794360284,-173.57142857142856,9,0
42339,5,48.141207794360284,-160.71428571428572,5,0
42340,5,48.141207794360284,-147.8571428571429,11,0
42341,5,48.141207794360284,-135.0,13,0
42342,5,48.141207794360284,-122.14285714285711,10,0
42343,5,48.141207794360284,-109.28571428571428,1,0
42344,5,48.141207794360284,-96.42857142857144,3,0
42345,5,48.141207794360284,-83.57142857142856,10,0
42346,5,48.141207794360284,-70.71428571428572,9,0
42347,5,48.141207794360284,-57.85714285714283,8,0
42348,5,48.141207794360284,-45.0,4,0
42349,5,48.141207794360284,-32.14285714285717,12,0
42350,5,48.141207794360284,-19.28571428571422,9,0
42351,5,48.141207794360284,-6.428571428571445,8,0
42352,5,41.81031489577859,5.625,6,0
42353,5,41.81031489577859,16.875,7,0
42354,5,41.81031489577859,28.125,4,0
42355,5,41.81031489577859,39.375,13,0
42356,5,41.81031489577859,50.625,5,0
42357,5,41.81031489577859,61.875,14,0
42358,5,41.81031489577859,73.125,12,0
42359,5,41.81031489577859,84.375,14,0
42360,5,41.81031489577859,95.625,14,0
42361,5,41.81031489577859,106.875,8,0
42362,5,41.81031489577859,118.125,4,0
42363,5,41.81031489577859,129.375,10,0
42364,5,41.81031489577859,140.625,8,0
42365,5,41.81031489577859,151.875,7,0
42366,5,41.81031489577859,163.125,7,0
42367,5,41.81031489577859,174.375,7,0
42368,5,41.81031489577859,-174.375,5,0
42369,5,41.81031489577859,-163.125,4,0
42370,5,41.81031489577859,-151.875,16,0
42371,5,41.81031489577859,-140.625,10,0
42372,5,41.81031489577859,-129.37500000000006,12,0
42373,5,41.81031489577859,-118.125,8,0
42374,5,41.81031489577859,-106.875,5,0
42375,5,41.81031489577859,-95.625,5,0
42376,5,41.81031489577859,-84.375,10,0
42377,5,41.81031489577859,-73.12500000000006,12,0
42378,5,41.81031489577859,-61.875,12,0
42379,5,41.81031489577859,-50.625,6,0
42380,5,41.81031489577859,-39.375,8,0
42381,5,41.81031489577859,-28.125,8,0
42382,5,41.81031489577859,-16.875,11,0
42383,5,41.81031489577859,-5.625,6,0
42384,5,35.68533471265204,0.0,4,0
42385,5,35.68533471265204,11.25,7,0
42386,5,35.68533471265204,22.5,6,0
42387,5,35.68533471265204,33.75,12,0
42388,5,35.68533471265204,45.0,6,0
42389,5,35.68533471265204,56.25,11,0
42390,5,35.68533471265204,67.5,6,0
42391,5,35.68533471265204,78.75,9,0
42392,5,35.68533471265204,90.0,14,0
42393,5,35.68533471265204,101.25,12,0
42394,5,35.68533471265204,112.5,4,0
42395,5,35.68533471265204,123.75,5,0
42396,5,35.68533471265204,135.0,12,0
42397,5,35.68533471265204,146.25,10,0
42398,5,35.68533471265204,157.5,11,0
42399,5,35.68533471265204,168.75,10,0
42400,5,35.68533471265204,-180.0,5,0
42401,5,35.68533471265204,-168.75,2,0
42402,5,35.68533471265204,-157.5,5,0
42403,5,35.68533471265204,-146.25,7,0
42404,5,35.68533471265204,-135.0,9,0
42405,5,35.68533471265204,-123.75,6,0
42406,5,35.68533471265204,-112.5,6,0
42407,5,35.68533471265204,-101.25,9,0
42408,5,35.68533471265204,-90.0,6,0
42409,5,35.68533471265204,-78.75000000000006,8,0
42410,5,35.68533471265204,-67.5,10,0
42411,5,35.68533471265204,-56.25,5,0
42412,5,35.68533471265204,-45.0,10,0
42413,5,35.68533471265204,-33.75000000000006,7,0
42414,5,35.68533471265204,-22.5,8,0
42415,5,35.68533471265204,-11.25,12,0
42416,5,30.000000000000007,5.625,12,0
42417,5,30.000000000000007,16.875,7,0
42418,5,30.000000000000007,28.125,11,0
42419,5,30.000000000000007,39.375,12,0
42420,5,30.000000000000007,50.625,10,0
42421,5,30.000000000000007,61.875,6,0
42422,5,30.000000000000007,73.125,11,0
42423,5,30.000000000000007,84.375,7,0
42424,5,30.000000000000007,95.625,6,0
42425,5,30.000000000000007,106.875,13,0
42426,5,30.000000000000007,118.125,5,0
42427,5,30.000000000000007,129.375,11,0
42428,5,30.000000000000007,140.625,9,0
42429,5,30.000000000000007,151.875,10,0
42430,5,30.000000000000007,163.125,8,0
42431,5,30.000000000000007,174.375,10,0
42432,5,30.000000000000007,-174.375,9,0
42433,5,30.000000000000007,-163.125,9,0
42434,5,30.000000000000007,-151.875,7,0
42435,5,30.000000000000007,-140.625,5,0
42436,5,30.000000000000007,-129.37500000000006,4,0
42437,5,30.000000000000007,-118.125,6,0
42438,5,30.000000000000007,-106.875,7,0
42439,5,30.000000000000007,-95.625,11,0
42440,5,30.000000000000007,-84.375,11,0
42441,5,30.000000000000007,-73.12500000000006,9,0
42442,5,30.000000000000007,-61.875,6,0
42443,5,30.000000000000007,-50.625,7,0
42444,5,30.000000000000007,-39.375,5,0
42445,5,30.000000000000007,-28.125,11,0
42446,5,30.000000000000007,-16.875,9,0
42447,5,30.000000000000007,-5.625,6,0
42448,5,24.62431835216408,0.0,10,0
42449,5,24.62431835216408,11.25,9,0
42450,5,24.62431835216408,22.5,11,0
42451,5,24.62431835216408,33.75,9,0
42452,5,24.62431835216408,45.0,7,0
42453,5,24.62431835216408,56.25,4,0
42454,5,24.62431835216408,67.5,9,0
42455,5,24.62431835216408,78.75,9,0
42456,5,24.62431835216408,90.0,7,0
42457,5,24.62431835216408,101.25,9,0
42458,5,24.62431835216408,112.5,9,0
42459,5,24.62431835216408,123.75,11,0
42460,5,24.62431835216408,135.0,11,0
42461,5,24.62431835216408,146.25,6,0
42462,5,24.62431835216408,157.5,11,0
42463,5,24.62431835216408,168.75,9,0
42464,5,24.62431835216408,-180.0,12,0
42465,5,24.62431835216408,-168.75,9,0
42466,5,24.62431835216408,-157.5,6,0
42467,5,24.62431835216408,-146.25,10,0
42468,5,24.62431835216408,-135.0,6,0
42469,5,24.62431835216408,-123.75,11,0
42470,5,24.62431835216408,-112.5,10,0
42471,5,24.62431835216408,-101.25,10,0
42472,5,24.62431835216408,-90.0,13,0
42473,5,24.62431835216408,-78.75000000000006,2,0
42474,5,24.62431835216408,-67.5,10,0
42475,5,24.62431835216408,-56.25,9,0
42476,5,24.62431835216408,-45.0,3,0
42477,5,24.62431835216408,-33.75000000000006,6,0
42478,5,24.62431835216408,-22.5,6,0
42479,5,24.62431835216408,-11.25,9,0
42480,5,19.47122063449069,5.625,6,0
42481,5,19.47122063449069,16.875,8,0
42482,5,19.47122063449069,28.125,9,0
42483,5,19.47122063449069,39.375,4,0
42484,5,19.47122063449069,50.625,6,0
42485,5,19.47122063449069,61.875,7,0
42486,5,19.47122063449069,73.125,5,0
42487,5,19.47122063449069,84.375,4,0
42488,5,19.47122063449069,95.625,13,0
42489,5,19.47122063449069,106.875,9,0
42490,5,19.47122063449069,118.125,8,0
42491,5,19.47122063449069,129.375,9,0
42492,5,19.47122063449069,140.625,6,0
42493,5,19.47122063449069,151.875,8,0
42494,5,19.47122063449069,163.125,13,0
42495,5,19.47122063449069,174.375,9,0
42496,5,19.47122063449069,-174.375,10,0
42497,5,19.47122063449069,-163.125,9,0
42498,5,19.47122063449069,-151.875,3,0
42499,5,19.47122063449069,-140.625,14,0
42500,5,19.47122063449069,-129.37500000000006,12,0
42501,5,19.47122063449069,-118.125,9,0
42502,5,19.47122063449069,-106.875,15,0
42503,5,19.47122063449069,-95.625,9,0
42504,5,19.47122063449069,-84.375,6,0
42505,5,19.47122063449069,-73.12500000000006,4,0
42506,5,19.47122063449069,-61.875,10,0
42507,5,19.47122063449069,-50.625,7,0
42508,5,19.47122063449069,-39.375,5,0
42509,5,19.47122063449069,-28.125,10,0
42510,5,19.47122063449069,-16.875,5,0
42511,5,19.47122063449069,-5.625,17,0
42512,5,14.477512185929925,0.0,10,0
42513,5,14.477512185929925,11.25,10,0
42514,5,14.477512185929925,22.5,7,0
42515,5,14.477512185929925,33.75,11,0
42516,5,14.477512185929925,45.0,10,0
42517,5,14.477512185929925,56.25,6,0
42518,5,14.477512185929925,67.5,8,0
42519,5,14.477512185929925,78.75,3,0
42520,5,14.477512185929925,90.0,6,0
42521,5,14.477512185929925,101.25,11,0
42522,5,14.477512185929925,112.5,9,0
42523,5,14.477512185929925,123.75,13,0
42524,5,14.477512185929925,135.0,10,0
42525,5,14.477512185929925,146.25,7,0
42526,5,14.477512185929925,157.5,8,0
42527,5,14.477512185929925,168.75,7,0
42528,5,14.477512185929925,-180.0,6,0
42529,5,14.477512185929925,-168.75,9,0
42530,5,14.477512185929925,-157.5,8,0
42531,5,14.477512185929925,-146.25,3,0
42532,5,14.477512185929925,-135.0,11,0
42533,5,14.477512185929925,-123.75,12,0
42534,5,14.477512185929925,-112.5,9,0
42535,5,14.477512185929925,-101.25,5,0
42536,5,14.477512185929925,-90.0,11,0
42537,5,14.477512185929925,-78.75000000000006,2,0
42538,5,14.477512185929925,-67.5,8,0
42539,5,14.477512185929925,-56.25,8,0
42540,5,14.477512185929925,-45.0,4,0
42541,5,14.477512185929925,-33.75000000000006,7,0
42542,5,14.477512185929925,-22.5,10,0
42543,5,14.477512185929925,-11.25,10,0
42544,5,9.594068226860458,5.625,14,0
42545,5,9.594068226860458,16.875,8,0
42546,5,9.594068226860458,28.125,6,0
42547,5,9.594068226860458,39.375,12,0
42548,5,9.594068226860458,50.625,7,0
42549,5,9.594068226860458,61.875,10,0
42550,5,9.594068226860458,73.125,8,0
42551,5,9.594068226860458,84.375,5,1
42552,5,9.594068226860458,95.625,7,1
42553,5,9.594068226860458,106.875,7,0
42554,5,9.594068226860458,118.125,12,0
42555,5,9.594068226860458,129.375,11,0
42556,5,9.594068226860458,140.625,12,0
42557,5,9.594068226860458,151.875,4,0
42558,5,9.594068226860458,163.125,7,0
42559,5,9.594068226860458,174.375,4,0
42560,5,9.594068226860458,-174.375,7,0
42561,5,9.594068226860458,-163.125,8,0
42562,5,9.594068226860458,-151.875,7,1
42563,5,9.594068226860458,-140.625,8,0
42564,5,9.594068226860458,-129.37500000000006,10,0
42565,5,9.594068226860458,-118.125,9,0
42566,5,9.594068226860458,-106.875,4,0
42567,5,9.594068226860458,-95.625,12,0
42568,5,9.594068226860458,-84.375,9,0
42569,5,9.594068226860458,-73.12500000000006,10,0
42570,5,9.594068226860458,-61.875,5,0
42571,5,9.594068226860458,-50.625,12,0
42572,5,9.594068226860458,-39.375,8,1
42573,5,9.594068226860458,-28.125,9,0
42574,5,9.594068226860458,-16.875,12,0
42575,5,9.594068226860458,-5.625,13,0
42576,5,4.780191847199163,0.0,13,0
42577,5,4.780191847199163,11.25,5,1
42578,5,4.780191847199163,22.5,13,3
42579,5,4.780191847199163,33.75,5,1
42580,5,4.780191847199163,45.0,8,1
42581,5,4.780191847199163,56.25,8,2
42582,5,4.780191847199163,67.5,10,3
42583,5,4.780191847199163,78.75,12,1
42584,5,4.780191847199163,90.0,8,2
42585,5,4.780191847199163,101.25,6,2
42586,5,4.780191847199163,112.5,10,0
42587,5,4.780191847199163,123.75,17,2
42588,5,4.780191847199163,135.0,16,2
42589,5,4.780191847199163,146.25,3,2
42590,5,4.780191847199163,157.5,8,1
42591,5,4.780191847199163,168.75,8,0
42592,5,4.780191847199163,-180.0,8,0
42593,5,4.780191847199163,-168.75,11,3
42594,5,4.780191847199163,-157.5,10,2
42595,5,4.780191847199163,-146.25,13,6
42596,5,4.780191847199163,-135.0,4,3
42597,5,4.780191847199163,-123.75,10,0
42598,5,4.780191847199163,-112.5,7,6
42599,5,4.780191847199163,-101.25,6,2
42600,5,4.780191847199163,-90.0,7,3
42601,5,4.780191847199163,-78.75000000000006,8,0
42602,5,4.780191847199163,-67.5,15,3
42603,5,4.780191847199163,-56.25,15,2
42604,5,4.780191847199163,-45.0,12,3
42605,5,4.780191847199163,-33.75000000000006,9,1
42606,5,4.780191847199163,-22.5,7,2
42607,5,4.780191847199163,-11.25,14,3
42608,5,0.0,5.625,9,1
42609,5,0.0,16.875,11,3
42610,5,0.0,28.125,5,2
42611,5,0.0,39.375,6,3
42612,5,0.0,50.625,5,7
42613,5,0.0,61.875,7,2
42614,5,0.0,73.125,10,2
42615,5,0.0,84.375,12,3
42616,5,0.0,95.625,7,2
42617,5,0.0,106.875,9,2
42618,5,0.0,118.125,13,3
42619,5,0.0,129.375,15,5
42620,5,0.0,140.625,8,3
42621,5,0.0,151.875,11,2
42622,5,0.0,163.125,6,2
42623,5,0.0,174.375,9,0
42624,5,0.0,-174.375,5,3
42625,5,0.0,-163.125,10,3
42626,5,0.0,-151.875,9,5
42627,5,0.0,-140.625,12,2
42628,5,0.0,-129.37500000000006,7,3
42629,5,0.0,-118.125,11,5
42630,5,0.0,-106.875,7,6
42631,5,0.0,-95.625,10,6
42632,5,0.0,-84.375,6,4
42633,5,0.0,-73.12500000000006,6,2
42634,5,0.0,-61.875,12,6
42635,5,0.0,-50.625,14,4
42636,5,0.0,-39.375,8,1
42637,5,0.0,-28.125,11,2
42638,5,0.0,-16.875,10,1
42639,5,0.0,-5.625,11,3
42640,5,-4.780191847199163,0.0,8,3
42641,5,-4.780191847199163,11.25,9,1
42642,5,-4.780191847199163,22.5,10,0
42643,5,-4.780191847199163,33.75,7,3
42644,5,-4.780191847199163,45.0,4,3
42645,5,-4.780191847199163,56.25,9,2
42646,5,-4.780191847199163,67.5,10,1
42647,5,-4.780191847199163,78.75,10,2
42648,5,-4.780191847199163,90.0,11,0
42649,5,-4.780191847199163,101.25,5,2
42650,5,-4.780191847199163,112.5,8,3
42651,5,-4.780191847199163,123.75,9,3
42652,5,-4.780191847199163,135.0,14,2
42653,5,-4.780191847199163,146.25,12,2
42654,5,-4.780191847199163,157.5,11,0
42655,5,-4.780191847199163,168.75,11,3
42656,5,-4.780191847199163,-180.0,4,0
42657,5,-4.780191847199163,-168.75,7,3
42658,5,-4.780191847199163,-157.5,6,2
42659,5,-4.780191847199163,-146.25,13,2
42660,5,-4.780191847199163,-135.0,5,1
42661,5,-4.780191847199163,-123.75,7,2
42662,5,-4.780191847199163,-112.5,9,2
42663,5,-4.780191847199163,-101.25,8,5
42664,5,-4.780191847199163,-90.0,8,2
42665,5,-4.780191847199163,-78.75000000000006,7,0
42666,5,-4.780191847199163,-67.5,10,3
42667,5,-4.780191847199163,-56.25,9,3
42668,5,-4.780191847199163,-45.0,12,2
42669,5,-4.780191847199163,-33.75000000000006,8,0
42670,5,-4.780191847199163,-22.5,10,0
42671,5,-4.780191847199163,-11.25,13,1
42672,5,-9.594068226860458,5.625,10,0
42673,5,-9.594068226860458,16.875,6,0
42674,5,-9.594068226860458,28.125,13,0
42675,5,-9.594068226860458,39.375,8,0
42676,5,-9.594068226860458,50.625,8,0
42677,5,-9.594068226860458,61.875,10,0
42678,5,-9.594068226860458,73.125,4,0
42679,5,-9.594068226860458,84.375,8,0
42680,5,-9.594068226860458,95.625,4,0
42681,5,-9.594068226860458,106.875,7,1
42682,5,-9.594068226860458,118.125,11,0
42683,5,-9.594068226860458,129.375,5,0
42684,5,-9.594068226860458,140.625,12,0
42685,5,-9.594068226860458,151.875,9,0
42686,5,-9.594068226860458,163.125,11,0
42687,5,-9.594068226860458,174.375,7,0
42688,5,-9.594068226860458,-174.375,9,0
42689,5,-9.594068226860458,-163.125,7,0
42690,5,-9.594068226860458,-151.875,6,1
42691,5,-9.594068226860458,-140.625,7,0
42692,5,-9.594068226860458,-129.37500000000006,5,1
42693,5,-9.594068226860458,-118.125,5,0
42694,5,-9.594068226860458,-106.875,6,0
42695,5,-9.594068226860458,-95.625,12,0
42696,5,-9.594068226860458,-84.375,6,1
42697,5,-9.594068226860458,-73.12500000000006,11,0
42698,5,-9.594068226860458,-61.875,10,0
42699,5,-9.594068226860458,-50.625,6,0
42700,5,-9.594068226860458,-39.375,12,0
42701,5,-9.594068226860458,-28.125,8,0
42702,5,-9.594068226860458,-16.875,7,0
42703,5,-9.594068226860458,-5.625,6,0
42704,5,-14.477512185929925,0.0,10,0
42705,5,-14.477512185929925,11.25,8,0
42706,5,-14.477512185929925,22.5,9,0
42707,5,-14.477512185929925,33.75,8,0
42708,5,-14.477512185929925,45.0,8,0
42709,5,-14.477512185929925,56.25,7,0
42710,5,-14.477512185929925,67.5,4,0
42711,5,-14.477512185929925,78.75,6,0
42712,5,-14.477512185929925,90.0,13,0
42713,5,-14.477512185929925,101.25,8,0
42714,5,-14.477512185929925,112.5,4,0
42715,5,-14.477512185929925,123.75,11,0
42716,5,-14.477512185929925,135.0,10,0
42717,5,-14.477512185929925,146.25,9,0
42718,5,-14.477512185929925,157.5,8,0
42719,5,-14.477512185929925,168.75,10,0
42720,5,-14.477512185929925,-180.0,8,0
42721,5,-14.477512185929925,-168.75,9,0
42722,5,-14.477512185929925,-157.5,10,1
42723,5,-14.477512185929925,-146.25,8,0
42724,5,-14.477512185929925,-135.0,9,0
42725,5,-14.477512185929925,-123.75,6,1
42726,5,-14.477512185929925,-112.5,4,0
42727,5,-14.477512185929925,-101.25,10,0
42728,5,-14.477512185929925,-90.0,10,1
42729,5,-14.477512185929925,-78.75000000000006,5,0
42730,5,-14.477512185929925,-67.5,13,0
42731,5,-14.477512185929925,-56.25,10,0
42732,5,-14.477512185929925,-45.0,11,0
42733,5,-14.477512185929925,-33.75000000000006,9,0
42734,5,-14.477512185929925,-22.5,6,0
42735,5,-14.477512185929925,-11.25,8,0
42736,5,-19.47122063449069,5.625,6,0
42737,5,-19.47122063449069,16.875,10,0
42738,5,-19.47122063449069,28.125,11,0
42739,5,-19.47122063449069,39.375,1,0
42740,5,-19.47122063449069,50.625,11,0
42741,5,-19.47122063449069,61.875,3,0
42742,5,-19.47122063449069,73.125,7,0
42743,5,-19.47122063449069,84.375,11,0
42744,5,-19.47122063449069,95.625,11,0
42745,5,-19.47122063449069,106.875,3,0
42746,5,-19.47122063449069,118.125,3,0
42747,5,-19.47122063449069,129.375,9,0
42748,5,-19.47122063449069,140.625,9,0
42749,5,-19.47122063449069,151.875,8,0
42750,5,-19.47122063449069,163.125,11,0
42751,5,-19.47122063449069,174.375,14,0
42752,5,-19.47122063449069,-174.375,7,1
42753,5,-19.47122063449069,-163.125,10,0
42754,5,-19.47122063449069,-151.875,8,0
42755,5,-19.47122063449069,-140.625,11,0
42756,5,-19.47122063449069,-129.37500000000006,10,0
42757,5,-19.47122063449069,-118.125,4,0
42758,5,-19.47122063449069,-106.875,9,0
42759,5,-19.47122063449069,-95.625,8,0
42760,5,-19.47122063449069,-84.375,11,0
42761,5,-19.47122063449069,-73.12500000000006,10,0
42762,5,-19.47122063449069,-61.875,6,0
42763,5,-19.47122063449069,-50.625,12,0
42764,5,-19.47122063449069,-39.375,13,0
42765,5,-19.47122063449069,-28.125,5,0
42766,5,-19.47122063449069,-16.875,7,0
42767,5,-19.47122063449069,-5.625,13,0
42768,5,-24.62431835216408,0.0,9,0
42769,5,-24.62431835216408,11.25,12,0
42770,5,-24.62431835216408,22.5,9,0
42771,5,-24.62431835216408,33.75,4,0
42772,5,-24.62431835216408,45.0,10,0
42773,5,-24.62431835216408,56.25,7,0
42774,5,-24.62431835216408,67.5,11,0
42775,5,-24.62431835216408,78.75,11,0
42776,5,-24.62431835216408,90.0,11,0
42777,5,-24.62431835216408,101.25,9,0
42778,5,-24.62431835216408,112.5,5,0
42779,5,-24.62431835216408,123.75,12,0
42780,5,-24.62431835216408,135.0,9,0
42781,5,-24.62431835216408,146.25,6,0
42782,5,-24.62431835216408,157.5,7,0
42783,5,-24.62431835216408,168.75,10,0
42784,5,-24.62431835216408,-180.0,7,0
42785,5,-24.62431835216408,-168.75,7,0
42786,5,-24.62431835216408,-157.5,8,0
42787,5,-24.62431835216408,-146.25,8,0
42788,5,-24.62431835216408,-135.0,7,0
42789,5,-24.62431835216408,-123.75,8,0
42790,5,-24.62431835216408,-112.5,3,0
42791,5,-24.62431835216408,-101.25,7,0
42792,5,-24.62431835216408,-90.0,8,0
42793,5,-24.62431835216408,-78.75000000000006,10,0
42794,5,-24.62431835216408,-67.5,9,0
42795,5,-24.62431835216408,-56.25,11,0
42796,5,-24.62431835216408,-45.0,14,0
42797,5,-24.62431835216408,-33.75000000000006,10,0
42798,5,-24.62431835216408,-22.5,8,0
42799,5,-24.62431835216408,-11.25,9,0
42800,5,-30.000000000000014,5.625,12,0
42801,5,-30.000000000000014,16.875,11,0
42802,5,-30.000000000000014,28.125,7,0
42803,5,-30.000000000000014,39.375,9,0
42804,5,-30.000000000000014,50.625,9,0
42805,5,-30.000000000000014,61.875,9,0
42806,5,-30.000000000000014,73.125,7,0
42807,5,-30.000000000000014,84.375,15,0
42808,5,-30.000000000000014,95.625,5,0
42809,5,-30.000000000000014,106.875,12,0
42810,5,-30.000000000000014,118.125,9,0
42811,5,-30.000000000000014,129.375,8,0
42812,5,-30.000000000000014,140.625,4,0
42813,5,-30.000000000000014,151.875,3,0
42814,5,-30.000000000000014,163.125,12,0
42815,5,-30.000000000000014,174.375,5,0
42816,5,-30.000000000000014,-174.375,6,0
42817,5,-30.000000000000014,-163.125,11,0
42818,5,-30.000000000000014,-151.875,8,0
42819,5,-30.000000000000014,-140.625,5,0
42820,5,-30.000000000000014,-129.37500000000006,7,0
42821,5,-30.000000000000014,-118.125,6,0
42822,5,-30.000000000000014,-106.875,4,0
42823,5,-30.000000000000014,-95.625,4,0
42824,5,-30.000000000000014,-84.375,11,0
42825,5,-30.000000000000014,-73.12500000000006,12,0
42826,5,-30.000000000000014,-61.875,8,0
42827,5,-30.000000000000014,-50.625,8,0
42828,5,-30.000000000000014,-39.375,7,0
42829,5,-30.000000000000014,-28.125,11,0
42830,5,-30.000000000000014,-16.875,11,0
42831,5,-30.000000000000014,-5.625,10,0
42832,5,-35.68533471265205,0.0,9,0
42833,5,-35.68533471265205,11.25,13,0
42834,5,-35.68533471265205,22.5,9,0
42835,5,-35.68533471265205,33.75,9,0
42836,5,-35.68533471265205,45.0,10,0
42837,5,-35.68533471265205,56.25,8,0
42838,5,-35.68533471265205,67.5,2,0
42839,5,-35.68533471265205,78.75,4,0
42840,5,-35.68533471265205,90.0,11,0
42841,5,-35.68533471265205,101.25,9,0
42842,5,-35.68533471265205,112.5,9,0
42843,5,-35.68533471265205,123.75,6,0
42844,5,-35.68533471265205,135.0,7,0
42845,5,-35.68533471265205,146.25,11,0
42846,5,-35.68533471265205,157.5,7,0
42847,5,-35.68533471265205,168.75,7,0
42848,5,-35.68533471265205,-180.0,6,0
42849,5,-35.68533471265205,-168.75,8,0
42850,5,-35.68533471265205,-157.5,8,0
42851,5,-35.68533471265205,-146.25,4,0
42852,5,-35.68533471265205,-135.0,5,0
42853,5,-35.68533471265205,-123.75,10,0
42854,5,-35.68533471265205,-112.5,10,0
42855,5,-35.68533471265205,-101.25,10,0
42856,5,-35.68533471265205,-90.0,4,0
42857,5,-35.68533471265205,-78.75000000000006,11,0
42858,5,-35.68533471265205,-67.5,4,0
42859,5,-35.68533471265205,-56.25,8,0
42860,5,-35.68533471265205,-45.0,8,0
42861,5,-35.68533471265205,-33.75000000000006,6,0
42862,5,-35.68533471265205,-22.5,8,0
42863,5,-35.68533471265205,-11.25,13,0
42864,5,-41.81031489577862,5.625,10,0
42865,5,-41.81031489577862,16.875,8,0
42866,5,-41.81031489577862,28.125,13,0
42867,5,-41.81031489577862,39.375,10,0
42868,5,-41.81031489577862,50.625,8,0
42869,5,-41.81031489577862,61.875,9,0
42870,5,-41.81031489577862,73.125,7,0
42871,5,-41.81031489577862,84.375,4,0
42872,5,-41.81031489577862,95.625,12,0
42873,5,-41.81031489577862,106.875,8,0
42874,5,-41.81031489577862,118.125,6,0
42875,5,-41.81031489577862,129.375,9,0
42876,5,-41.81031489577862,140.625,9,0
42877,5,-41.81031489577862,151.875,12,0
42878,5,-41.81031489577862,163.125,8,0
42879,5,-41.81031489577862,174.375,5,0
42880,5,-41.81031489577862,-174.375,11,0
42881,5,-41.81031489577862,-163.125,6,0
42882,5,-41.81031489577862,-151.875,4,0
42883,5,-41.81031489577862,-140.625,5,0
42884,5,-41.81031489577862,-129.37500000000006,7,0
42885,5,-41.81031489577862,-118.125,7,0
42886,5,-41.81031489577862,-106.875,8,0
42887,5,-41.81031489577862,-95.625,12,0
42888,5,-41.81031489577862,-84.375,7,0
42889,5,-41.81031489577862,-73.12500000000006,7,0
42890,5,-41.81031489577862,-61.875,7,0
42891,5,-41.81031489577862,-50.625,7,0
42892,5,-41.81031489577862,-39.375,8,0
42893,5,-41.81031489577862,-28.125,9,0
42894,5,-41.81031489577862,-16.875,11,0
42895,5,-41.81031489577862,-5.625,6,0
42896,5,-48.1412077943603,6.428571428571416,9,0
42897,5,-48.1412077943603,19.285714285714278,11,0
42898,5,-48.1412077943603,32.14285714285714,10,0
42899,5,-48.1412077943603,45.0,9,0
42900,5,-48.1412077943603,57.85714285714286,9,0
42901,5,-48.1412077943603,70.71428571428572,8,0
42902,5,-48.1412077943603,83.57142857142856,17,0
42903,5,-48.1412077943603,96.42857142857144,11,0
42904,5,-48.1412077943603,109.28571428571428,9,0
42905,5,-48.1412077943603,122.14285714285711,9,0
42906,5,-48.1412077943603,135.0,13,0
42907,5,-48.1412077943603,147.8571428571429,13,0
42908,5,-48.1412077943603,160.71428571428572,12,0
42909,5,-48.1412077943603,173.57142857142856,6,0
42910,5,-48.1412077943603,-173.57142857142856,4,0
42911,5,-48.1412077943603,-160.71428571428572,7,0
42912,5,-48.1412077943603,-147.8571428571429,7,0
42913,5,-48.1412077943603,-135.0,11,0
42914,5,-48.1412077943603,-122.14285714285711,8,0
42915,5,-48.1412077943603,-109.28571428571428,9,0
42916,5,-48.1412077943603,-96.42857142857144,9,0
42917,5,-48.1412077943603,-83.57142857142856,9,0
42918,5,-48.1412077943603,-70.71428571428572,9,0
42919,5,-48.1412077943603,-57.85714285714283,13,0
42920,5,-48.1412077943603,-45.0,10,0
42921,5,-48.1412077943603,-32.14285714285717,11,0
42922,5,-48.1412077943603,-19.28571428571422,13,0
42923,5,-48.1412077943603,-6.428571428571445,6,0
42924,5,-54.340912303861245,7.5,7,0
42925,5,-54.340912303861245,22.5,2,0
42926,5,-54.340912303861245,37.5,13,0
42927,5,-54.340912303861245,52.5,11,0
42928,5,-54.340912303861245,67.5,4,0
42929,5,-54.340912303861245,82.5,9,0
42930,5,-54.340912303861245,97.5,9,0
42931,5,-54.340912303861245,112.5,10,0
42932,5,-54.340912303861245,127.5,15,0
42933,5,-54.340912303861245,142.5,13,0
42934,5,-54.340912303861245,157.5,16,0
42935,5,-54.340912303861245,172.5,5,0
42936,5,-54.340912303861245,-172.5,5,0
42937,5,-54.340912303861245,-157.5,10,0
42938,5,-54.340912303861245,-142.5,11,0
42939,5,-54.340912303861245,-127.5,10,0
42940,5,-54.340912303861245,-112.5,8,0
42941,5,-54.340912303861245,-97.5,9,0
42942,5,-54.340912303861245,-82.5,6,0
42943,5,-54.340912303861245,-67.5,10,0
42944,5,-54.340912303861245,-52.50000000000006,13,0
42945,5,-54.340912303861245,-37.5,9,0
42946,5,-54.340912303861245,-22.5,14,0
42947,5,-54.340912303861245,-7.5,13,0
42948,5,-60.4344388449523,9.0,3,0
42949,5,-60.4344388449523,27.0,15,0
42950,5,-60.4344388449523,45.0,12,0
42951,5,-60.4344388449523,63.0,8,0
42952,5,-60.4344388449523,81.0,12,0
42953,5,-60.4344388449523,99.0,5,0
42954,5,-60.4344388449523,117.0,8,0
42955,5,-60.4344388449523,135.0,12,0
42956,5,-60.4344388449523,153.0,10,0
42957,5,-60.4344388449523,171.0,9,0
42958,5,-60.4344388449523,-171.0,9,0
42959,5,-60.4344388449523,-153.0,10,0
42960,5,-60.4344388449523,-135.0,8,0
42961,5,-60.4344388449523,-117.0,3,0
42962,5,-60.4344388449523,-99.0,11,0
42963,5,-60.4344388449523,-81.0,11,0
42964,5,-60.4344388449523,-63.0,6,0
42965,5,-60.4344388449523,-45.0,8,0
42966,5,-60.4344388449523,-27.0,11,0
42967,5,-60.4344388449523,-9.0,9,0
42968,5,-66.44353569089876,11.25,7,0
42969,5,-66.44353569089876,33.75,19,0
42970,5,-66.44353569089876,56.25,9,0
42971,5,-66.44353569089876,78.75,11,0
42972,5,-66.44353569089876,101.25,5,0
42973,5,-66.44353569089876,123.75,7,0
42974,5,-66.44353569089876,146.25,9,0
42975,5,-66.44353569089876,168.75,11,0
42976,5,-66.44353569089876,-168.75,5,0
42977,5,-66.44353569089876,-146.25,7,0
42978,5,-66.44353569089876,-123.75,7,0
42979,5,-66.44353569089876,-101.25,15,0
42980,5,-66.44353569089876,-78.75,9,0
42981,5,-66.44353569089876,-56.25,6,0
42982,5,-66.44353569089876,-33.75,9,0
42983,5,-66.44353569089876,-11.25,8,0
42984,5,-72.38756092964962,15.0,11,0
42985,5,-72.38756092964962,45.0,11,0
42986,5,-72.38756092964962,75.0,9,0
42987,5,-72.38756092964962,105.0,9,0
42988,5,-72.38756092964962,135.0,9,0
42989,5,-72.38756092964962,165.0,7,0
42990,5,-72.38756092964962,-165.0,8,0
42991,5,-72.38756092964962,-135.0,10,0
42992,5,-72.38756092964962,-105.0,15,0
42993,5,-72.38756092964962,-75.0,9,0
42994,5,-72.38756092964962,-45.0,11,0
42995,5,-72.38756092964962,-15.0,8,0
42996,5,-78.28414760510762,22.5,9,0
42997,5,-78.28414760510762,67.5,5,0
42998,5,-78.28414760510762,112.5,5,0
42999,5,-78.28414760510762,157.5,6,0
43000,5,-78.28414760510762,-157.5,6,0
43001,5,-78.28414760510762,-112.5,11,0
43002,5,-78.28414760510762,-67.5,15,0
43003,5,-78.28414760510762,-22.5,13,0
43004,5,-84.14973293629666,45.0,10,0
43005,5,-84.14973293629666,135.0,5,0
43006,5,-84.14973293629666,-135.0,4,0
43007,5,-84.14973293629666,-45.0,10,0
43008,5,84.14973293629666,45.0,11,0
43009,5,84.14973293629666,135.0,12,0
43010,5,84.14973293629666,-135.0,9,0
43011,5,84.14973293629666,-45.0,10,0
43012,5,78.28414760510762,22.5,12,0
43013,5,78.28414760510762,67.5,7,0
43014,5,78.28414760510762,112.5,9,0
43015,5,78.28414760510762,157.5,6,0
43016,5,78.28414760510762,-157.5,6,0
43017,5,78.28414760510762,-112.5,8,0
43018,5,78.28414760510762,-67.5,8,0
43019,5,78.28414760510762,-22.5,9,0
43020,5,72.38756092964962,15.0,8,0
43021,5,72.38756092964962,45.0,7,0
43022,5,72.38756092964962,75.0,7,0
43023,5,72.38756092964962,105.0,10,0
43024,5,72.38756092964962,135.0,8,0
43025,5,72.38756092964962,165.0,10,0
43026,5,72.38756092964962,-165.0,10,0
43027,5,72.38756092964962,-135.0,7,0
43028,5,72.38756092964962,-105.0,13,0
43029,5,72.38756092964962,-75.0,13,0
43030,5,72.38756092964962,-45.0,4,0
43031,5,72.38756092964962,-15.0,11,0
43032,5,66.44353569089877,11.25,10,0
43033,5,66.44353569089877,33.75,9,0
43034,5,66.44353569089877,56.25,7,0
43035,5,66.44353569089877,78.75,8,0
43036,5,66.44353569089877,101.25,9,0
43037,5,66.44353569089877,123.75,10,0
43038,5,66.44353569089877,146.25,9,0
43039,5,66.44353569089877,168.75,7,0
43040,5,66.44353569089877,-168.75,12,0
43041,5,66.44353569089877,-146.25,7,0
43042,5,66.44353569089877,-123.75,7,0
43043,5,66.44353569089877,-101.25,11,1
43044,5,66.44353569089877,-78.75,10,0
43045,5,66.44353569089877,-56.25,7,0
43046,5,66.44353569089877,-33.75,15,0
43047,5,66.44353569089877,-11.25,10,0
43048,5,60.43443884495228,9.0,8,0
43049,5,60.43443884495228,27.0,11,0
43050,5,60.43443884495228,45.0,6,0
43051,5,60.43443884495228,63.0,10,0
43052,5,60.43443884495228,81.0,9,0
43053,5,60.43443884495228,99.0,12,0
43054,5,60.43443884495228,117.0,8,0
43055,5,60.43443884495228,135.0,7,0
43056,5,60.43443884495228,153.0,8,0
43057,5,60.43443884495228,171.0,8,0
43058,5,60.43443884495228,-171.0,9,0
43059,5,60.43443884495228,-153.0,5,0
43060,5,60.43443884495228,-135.0,4,0
43061,5,60.43443884495228,-117.0,8,0
43062,5,60.43443884495228,-99.0,12,0
43063,5,60.43443884495228,-81.0,9,0
43064,5,60.43443884495228,-63.0,7,0
43065,5,60.43443884495228,-45.0,11,0
43066,5,60.43443884495228,-27.0,7,0
43067,5,60.43443884495228,-9.0,5,0
43068,5,54.340912303861245,7.5,9,0
43069,5,54.340912303861245,22.5,8,0
43070,5,54.340912303861245,37.5,8,0
43071,5,54.340912303861245,52.5,12,0
43072,5,54.340912303861245,67.5,9,0
43073,5,54.340912303861245,82.5,10,0
43074,5,54.340912303861245,97.5,11,0
43075,5,54.340912303861245,112.5,10,0
43076,5,54.340912303861245,127.5,7,0
43077,5,54.340912303861245,142.5,10,0
43078,5,54.340912303861245,157.5,8,0
43079,5,54.340912303861245,172.5,9,0
43080,5,54.340912303861245,-172.5,8,0
43081,5,54.340912303861245,-157.5,5,0
43082,5,54.340912303861245,-142.5,5,0
43083,5,54.340912303861245,-127.5,11,0
43084,5,54.340912303861245,-112.5,7,0
43085,5,54.340912303861245,-97.5,8,0
43086,5,54.340912303861245,-82.5,9,0
43087,5,54.340912303861245,-67.5,10,0
43088,5,54.340912303861245,-52.50000000000006,6,0
43089,5,54.340912303861245,-37.5,7,0
43090,5,54.340912303861245,-22.5,11,0
43091,5,54.340912303861245,-7.5,9,0
43092,5,48.141207794360284,6.428571428571416,3,0
43093,5,48.141207794360284,19.285714285714278,6,0
43094,5,48.141207794360284,32.14285714285714,10,0
43095,5,48.141207794360284,45.0,12,0
43096,5,48.141207794360284,57.85714285714286,6,0
43097,5,48.141207794360284,70.71428571428572,9,0
43098,5,48.141207794360284,83.57142857142856,8,0
43099,5,48.141207794360284,96.42857142857144,14,0
43100,5,48.141207794360284,109.28571428571428,6,0
43101,5,48.141207794360284,122.14285714285711,10,0
43102,5,48.141207794360284,135.0,8,0
43103,5,48.141207794360284,147.8571428571429,9,0
43104,5,48.141207794360284,160.71428571428572,6,0
43105,5,48.141207794360284,173.57142857142856,10,0
43106,5,48.141207794360284,-173.57142857142856,9,0
43107,5,48.141207794360284,-160.71428571428572,5,0
43108,5,48.141207794360284,-147.8571428571429,11,0
43109,5,48.141207794360284,-135.0,13,0
43110,5,48.141207794360284,-122.14285714285711,10,0
43111,5,48.141207794360284,-109.28571428571428,1,0
43112,5,48.141207794360284,-96.42857142857144,3,0
43113,5,48.141207794360284,-83.57142857142856,10,0
43114,5,48.141207794360284,-70.71428571428572,9,0
43115,5,48.141207794360284,-57.85714285714283,8,0
43116,5,48.141207794360284,-45.0,4,0
43117,5,48.141207794360284,-32.14285714285717,12,0
43118,5,48.141207794360284,-19.28571428571422,9,0
43119,5,48.141207794360284,-6.428571428571445,8,0
43120,5,41.81031489577859,5.625,6,0
43121,5,41.81031489577859,16.875,7,0
43122,5,41.81031489577859,28.125,4,0
43123,5,41.81031489577859,39.375,13,0
43124,5,41.81031489577859,50.625,5,0
43125,5,41.81031489577859,61.875,14,0
43126,5,41.81031489577859,73.125,12,0
43127,5,41.81031489577859,84.375,14,0
43128,5,41.81031489577859,95.625,14,0
43129,5,41.81031489577859,106.875,8,0
43130,5,41.81031489577859,118.125,4,0
43131,5,41.81031489577859,129.375,10,0
43132,5,41.81031489577859,140.625,8,0
43133,5,41.81031489577859,151.875,7,0
43134,5,41.81031489577859,163.125,7,0
43135,5,41.81031489577859,174.375,7,0
43136,5,41.81031489577859,-174.375,5,0
43137,5,41.81031489577859,-163.125,4,0
43138,5,41.81031489577859,-151.875,16,0
43139,5,41.81031489577859,-140.625,10,0
43140,5,41.81031489577859,-129.37500000000006,12,0
43141,5,41.81031489577859,-118.125,8,0
43142,5,41.81031489577859,-106.875,5,0
43143,5,41.81031489577859,-95.625,5,0
43144,5,41.81031489577859,-84.375,10,0
43145,5,41.81031489577859,-73.12500000000006,12,0
43146,5,41.81031489577859,-61.875,12,0
43147,5,41.81031489577859,-50.625,6,0
43148,5,41.81031489577859,-39.375,8,0
43149,5,41.81031489577859,-28.125,8,0
43150,5,41.81031489577859,-16.875,11,0
43151,5,41.81031489577859,-5.625,6,0
43152,5,35.68533471265204,0.0,4,0
43153,5,35.68533471265204,11.25,7,0
43154,5,35.68533471265204,22.5,6,0
43155,5,35.68533471265204,33.75,12,0
43156,5,35.68533471265204,45.0,6,0
43157,5,35.68533471265204,56.25,11,0
43158,5,35.68533471265204,67.5,6,0
43159,5,35.68533471265204,78.75,9,0
43160,5,35.68533471265204,90.0,14,0
43161,5,35.68533471265204,101.25,12,0
43162,5,35.68533471265204,112.5,4,0
43163,5,35.68533471265204,123.75,5,0
43164,5,35.68533471265204,135.0,12,0
43165,5,35.68533471265204,146.25,10,0
43166,5,35.68533471265204,157.5,11,0
43167,5,35.68533471265204,168.75,10,0
43168,5,35.68533471265204,-180.0,5,0
43169,5,35.68533471265204,-168.75,2,0
43170,5,35.68533471265204,-157.5,5,0
43171,5,35.68533471265204,-146.25,7,0
43172,5,35.68533471265204,-135.0,9,0
43173,5,35.68533471265204,-123.75,6,0
43174,5,35.68533471265204,-112.5,6,0
43175,5,35.68533471265204,-101.25,9,0
43176,5,35.68533471265204,-90.0,6,0
43177,5,35.68533471265204,-78.75000000000006,8,0
43178,5,35.68533471265204,-67.5,10,0
43179,5,35.68533471265204,-56.25,5,0
43180,5,35.68533471265204,-45.0,10,0
43181,5,35.68533471265204,-33.75000000000006,7,0
43182,5,35.68533471265204,-22.5,8,0
43183,5,35.68533471265204,-11.25,12,0
43184,5,30.000000000000007,5.625,12,0
43185,5,30.000000000000007,16.875,7,0
43186,5,30.000000000000007,28.125,11,0
43187,5,30.000000000000007,39.375,12,0
43188,5,30.000000000000007,50.625,10,0
43189,5,30.000000000000007,61.875,6,0
43190,5,30.000000000000007,73.125,11,0
43191,5,30.000000000000007,84.375,7,0
43192,5,30.000000000000007,95.625,6,0
43193,5,30.000000000000007,106.875,13,0
43194,5,30.000000000000007,118.125,5,0
43195,5,30.000000000000007,129.375,11,0
43196,5,30.000000000000007,140.625,9,0
43197,5,30.000000000000007,151.875,10,0
43198,5,30.000000000000007,163.125,8,0
43199,5,30.000000000000007,174.375,10,0
43200,5,30.000000000000007,-174.375,9,0
43201,5,30.000000000000007,-163.125,9,0
43202,5,30.000000000000007,-151.875,7,0
43203,5,30.000000000000007,-140.625,5,0
43204,5,30.000000000000007,-129.37500000000006,4,0
43205,5,30.000000000000007,-118.125,6,0
43206,5,30.000000000000007,-106.875,7,0
43207,5,30.000000000000007,-95.625,11,0
43208,5,30.000000000000007,-84.375,11,0
43209,5,30.000000000000007,-73.12500000000006,9,0
43210,5,30.000000000000007,-61.875,6,0
43211,5,30.000000000000007,-50.625,7,0
43212,5,30.000000000000007,-39.375,5,0
43213,5,30.000000000000007,-28.125,11,0
43214,5,30.000000000000007,-16.875,9,0
43215,5,30.000000000000007,-5.625,6,0
43216,5,24.62431835216408,0.0,10,0
43217,5,24.62431835216408,11.25,9,0
43218,5,24.62431835216408,22.5,11,0
43219,5,24.62431835216408,33.75,9,0
43220,5,24.62431835216408,45.0,7,0
43221,5,24.62431835216408,56.25,4,0
43222,5,24.62431835216408,67.5,9,0
43223,5,24.62431835216408,78.75,9,0
43224,5,24.62431835216408,90.0,7,0
43225,5,24.62431835216408,101.25,9,0
43226,5,24.62431835216408,112.5,9,0
43227,5,24.62431835216408,123.75,11,0
43228,5,24.62431835216408,135.0,11,0
43229,5,24.62431835216408,146.25,6,0
43230,5,24.62431835216408,157.5,11,0
43231,5,24.62431835216408,168.75,9,0
43232,5,24.62431835216408,-180.0,12,0
43233,5,24.62431835216408,-168.75,9,0
43234,5,24.62431835216408,-157.5,6,0
43235,5,24.62431835216408,-146.25,10,0
43236,5,24.62431835216408,-135.0,6,0
43237,5,24.62431835216408,-123.75,11,0
43238,5,24.62431835216408,-112.5,10,0
43239,5,24.62431835216408,-101.25,10,0
43240,5,24.62431835216408,-90.0,13,0
43241,5,24.62431835216408,-78.75000000000006,2,0
43242,5,24.62431835216408,-67.5,10,0
43243,5,24.62431835216408,-56.25,9,0
43244,5,24.62431835216408,-45.0,3,0
43245,5,24.62431835216408,-33.75000000000006,6,0
43246,5,24.62431835216408,-22.5,6,0
43247,5,24.62431835216408,-11.25,9,0
43248,5,19.47122063449069,5.625,6,0
43249,5,19.47122063449069,16.875,8,0
43250,5,19.47122063449069,28.125,9,0
43251,5,19.47122063449069,39.375,4,0
43252,5,19.47122063449069,50.625,6,0
43253,5,19.47122063449069,61.875,7,0
43254,5,19.47122063449069,73.125,5,0
43255,5,19.47122063449069,84.375,4,0
43256,5,19.47122063449069,95.625,13,0
43257,5,19.47122063449069,106.875,9,0
43258,5,19.47122063449069,118.125,8,0
43259,5,19.47122063449069,129.375,9,0
43260,5,19.47122063449069,140.625,6,0
43261,5,19.47122063449069,151.875,8,0
43262,5,19.47122063449069,163.125,13,0
43263,5,19.47122063449069,174.375,9,0
43264,5,19.47122063449069,-174.375,10,0
43265,5,19.47122063449069,-163.125,9,0
43266,5,19.47122063449069,-151.875,3,0
43267,5,19.47122063449069,-140.625,14,0
43268,5,19.47122063449069,-129.37500000000006,12,0
43269,5,19.47122063449069,-118.125,9,0
43270,5,19.47122063449069,-106.875,15,0
43271,5,19.47122063449069,-95.625,9,0
43272,5,19.47122063449069,-84.375,6,0
43273,5,19.47122063449069,-73.12500000000006,4,0
43274,5,19.47122063449069,-61.875,10,0
43275,5,19.47122063449069,-50.625,7,0
43276,5,19.47122063449069,-39.375,5,0
43277,5,19.47122063449069,-28.125,10,0
43278,5,19.47122063449069,-16.875,5,0
43279,5,19.47122063449069,-5.625,17,0
43280,5,14.477512185929925,0.0,10,0
43281,5,14.477512185929925,11.25,10,0
43282,5,14.477512185929925,22.5,7,0
43283,5,14.477512185929925,33.75,11,0
43284,5,14.477512185929925,45.0,10,0
43285,5,14.477512185929925,56.25,6,0
43286,5,14.477512185929925,67.5,8,0
43287,5,14.477512185929925,78.75,3,0
43288,5,14.477512185929925,90.0,6,0
43289,5,14.477512185929925,101.25,11,0
43290,5,14.477512185929925,112.5,9,0
43291,5,14.477512185929925,123.75,13,0
43292,5,14.477512185929925,135.0,10,0
43293,5,14.477512185929925,146.25,7,0
43294,5,14.477512185929925,157.5,8,0
43295,5,14.477512185929925,168.75,7,0
43296,5,14.477512185929925,-180.0,6,0
43297,5,14.477512185929925,-168.75,9,0
43298,5,14.477512185929925,-157.5,8,0
43299,5,14.477512185929925,-146.25,3,0
43300,5,14.477512185929925,-135.0,11,0
43301,5,14.477512185929925,-123.75,12,0
43302,5,14.477512185929925,-112.5,9,0
43303,5,14.477512185929925,-101.25,5,0
43304,5,14.477512185929925,-90.0,11,0
43305,5,14.477512185929925,-78.75000000000006,2,0
43306,5,14.477512185929925,-67.5,8,0
43307,5,14.477512185929925,-56.25,8,0
43308,5,14.477512185929925,-45.0,4,0
43309,5,14.477512185929925,-33.75000000000006,7,0
43310,5,14.477512185929925,-22.5,10,0
43311,5,14.477512185929925,-11.25,10,0
43312,5,9.594068226860458,5.625,14,0
43313,5,9.594068226860458,16.875,8,0
43314,5,9.594068226860458,28.125,6,0
43315,5,9.594068226860458,39.375,12,0
43316,5,9.594068226860458,50.625,7,0
43317,5,9.594068226860458,61.875,10,0
43318,5,9.594068226860458,73.125,8,0
43319,5,9.594068226860458,84.375,5,1
43320,5,9.594068226860458,95.625,7,1
43321,5,9.594068226860458,106.875,7,0
43322,5,9.594068226860458,118.125,12,0
43323,5,9.594068226860458,129.375,11,0
43324,5,9.594068226860458,140.625,12,0
43325,5,9.594068226860458,151.875,4,0
43326,5,9.594068226860458,163.125,7,0
43327,5,9.594068226860458,174.375,4,0
43328,5,9.594068226860458,-174.375,7,0
43329,5,9.594068226860458,-163.125,8,0
43330,5,9.594068226860458,-151.875,7,1
43331,5,9.594068226860458,-140.625,8,0
43332,5,9.594068226860458,-129.37500000000006,10,0
43333,5,9.594068226860458,-118.125,9,0
43334,5,9.594068226860458,-106.875,4,0
43335,5,9.594068226860458,-95.625,12,0
43336,5,9.594068226860458,-84.375,9,0
43337,5,9.594068226860458,-73.12500000000006,10,0
43338,5,9.594068226860458,-61.875,5,0
43339,5,9.594068226860458,-50.625,12,0
43340,5,9.594068226860458,-39.375,8,1
43341,5,9.594068226860458,-28.125,9,0
43342,5,9.594068226860458,-16.875,12,0
43343,5,9.594068226860458,-5.625,13,0
43344,5,4.780191847199163,0.0,13,0
43345,5,4.780191847199163,11.25,5,1
43346,5,4.780191847199163,22.5,13,3
43347,5,4.780191847199163,33.75,5,1
43348,5,4.780191847199163,45.0,8,1
43349,5,4.780191847199163,56.25,8,2
43350,5,4.780191847199163,67.5,10,3
43351,5,4.780191847199163,78.75,12,1
43352,5,4.780191847199163,90.0,8,2
43353,5,4.780191847199163,101.25,6,2
43354,5,4.780191847199163,112.5,10,0
43355,5,4.780191847199163,123.75,17,2
43356,5,4.780191847199163,135.0,16,2
43357,5,4.780191847199163,146.25,3,2
43358,5,4.780191847199163,157.5,8,1
43359,5,4.780191847199163,168.75,8,0
43360,5,4.780191847199163,-180.0,8,0
43361,5,4.780191847199163,-168.75,11,3
43362,5,4.780191847199163,-157.5,10,2
43363,5,4.780191847199163,-146.25,13,6
43364,5,4.780191847199163,-135.0,4,3
43365,5,4.780191847199163,-123.75,10,0
43366,5,4.780191847199163,-112.5,7,6
43367,5,4.780191847199163,-101.25,6,2
43368,5,4.780191847199163,-90.0,7,3
43369,5,4.780191847199163,-78.75000000000006,8,0
43370,5,4.780191847199163,-67.5,15,3
43371,5,4.780191847199163,-56.25,15,2
43372,5,4.780191847199163,-45.0,12,3
43373,5,4.780191847199163,-33.75000000000006,9,1
43374,5,4.780191847199163,-22.5,7,2
43375,5,4.780191847199163,-11.25,14,3
43376,5,0.0,5.625,9,1
43377,5,0.0,16.875,11,3
43378,5,0.0,28.125,5,2
43379,5,0.0,39.375,6,3
43380,5,0.0,50.625,5,7
43381,5,0.0,61.875,7,2
43382,5,0.0,73.125,10,2
43383,5,0.0,84.375,12,3
43384,5,0.0,95.625,7,2
43385,5,0.0,106.875,9,2
43386,5,0.0,118.125,13,3
43387,5,0.0,129.375,15,5
43388,5,0.0,140.625,8,3
43389,5,0.0,151.875,11,2
43390,5,0.0,163.125,6,2
43391,5,0.0,174.375,9,0
43392,5,0.0,-174.375,5,3
43393,5,0.0,-163.125,10,3
43394,5,0.0,-151.875,9,5
43395,5,0.0,-140.625,12,2
43396,5,0.0,-129.37500000000006,7,3
43397,5,0.0,-118.125,11,5
43398,5,0.0,-106.875,7,6
43399,5,0.0,-95.625,10,6
43400,5,0.0,-84.375,6,4
43401,5,0.0,-73.12500000000006,6,2
43402,5,0.0,-61.875,12,6
43403,5,0.0,-50.625,14,4
43404,5,0.0,-39.375,8,1
43405,5,0.0,-28.125,11,2
43406,5,0.0,-16.875,10,1
43407,5,0.0,-5.625,11,3
43408,5,-4.780191847199163,0.0,8,3
43409,5,-4.780191847199163,11.25,9,1
43410,5,-4.780191847199163,22.5,10,0
43411,5,-4.780191847199163,33.75,7,3
43412,5,-4.780191847199163,45.0,4,3
43413,5,-4.780191847199163,56.25,9,2
43414,5,-4.780191847199163,67.5,10,1
43415,5,-4.780191847199163,78.75,10,2
43416,5,-4.780191847199163,90.0,11,0
43417,5,-4.780191847199163,101.25,5,2
43418,5,-4.780191847199163,112.5,8,3
43419,5,-4.780191847199163,123.75,9,3
43420,5,-4.780191847199163,135.0,14,2
43421,5,-4.780191847199163,146.25,12,2
43422,5,-4.780191847199163,157.5,11,0
43423,5,-4.780191847199163,168.75,11,3
43424,5,-4.780191847199163,-180.0,4,0
43425,5,-4.780191847199163,-168.75,7,3
43426,5,-4.780191847199163,-157.5,6,2
43427,5,-4.780191847199163,-146.25,13,2
43428,5,-4.780191847199163,-135.0,5,1
43429,5,-4.780191847199163,-123.75,7,2
43430,5,-4.780191847199163,-112.5,9,2
43431,5,-4.780191847199163,-101.25,8,5
43432,5,-4.780191847199163,-90.0,8,2
43433,5,-4.780191847199163,-78.75000000000006,7,0
43434,5,-4.780191847199163,-67.5,10,3
43435,5,-4.780191847199163,-56.25,9,3
43436,5,-4.780191847199163,-45.0,12,2
43437,5,-4.780191847199163,-33.75000000000006,8,0
43438,5,-4.780191847199163,-22.5,10,0
43439,5,-4.780191847199163,-11.25,13,1
43440,5,-9.594068226860458,5.625,10,0
43441,5,-9.594068226860458,16.875,6,0
43442,5,-9.594068226860458,28.125,13,0
43443,5,-9.594068226860458,39.375,8,0
43444,5,-9.594068226860458,50.625,8,0
43445,5,-9.594068226860458,61.875,10,0
43446,5,-9.594068226860458,73.125,4,0
43447,5,-9.594068226860458,84.375,8,0
43448,5,-9.594068226860458,95.625,4,0
43449,5,-9.594068226860458,106.875,7,1
43450,5,-9.594068226860458,118.125,11,0
43451,5,-9.594068226860458,129.375,5,0
43452,5,-9.594068226860458,140.625,12,0
43453,5,-9.594068226860458,151.875,9,0
43454,5,-9.594068226860458,163.125,11,0
43455,5,-9.594068226860458,174.375,7,0
43456,5,-9.594068226860458,-174.375,9,0
43457,5,-9.594068226860458,-163.125,7,0
43458,5,-9.594068226860458,-151.875,6,1
43459,5,-9.594068226860458,-140.625,7,0
43460,5,-9.594068226860458,-129.37500000000006,5,1
43461,5,-9.594068226860458,-118.125,5,0
43462,5,-9.594068226860458,-106.875,6,0
43463,5,-9.594068226860458,-95.625,12,0
43464,5,-9.594068226860458,-84.375,6,1
43465,5,-9.594068226860458,-73.12500000000006,11,0
43466,5,-9.594068226860458,-61.875,10,0
43467,5,-9.594068226860458,-50.625,6,0
43468,5,-9.594068226860458,-39.375,12,0
43469,5,-9.594068226860458,-28.125,8,0
43470,5,-9.594068226860458,-16.875,7,0
43471,5,-9.594068226860458,-5.625,6,0
43472,5,-14.477512185929925,0.0,10,0
43473,5,-14.477512185929925,11.25,8,0
43474,5,-14.477512185929925,22.5,9,0
43475,5,-14.477512185929925,33.75,8,0
43476,5,-14.477512185929925,45.0,8,0
43477,5,-14.477512185929925,56.25,7,0
43478,5,-14.477512185929925,67.5,4,0
43479,5,-14.477512185929925,78.75,6,0
43480,5,-14.477512185929925,90.0,13,0
43481,5,-14.477512185929925,101.25,8,0
43482,5,-14.477512185929925,112.5,4,0
43483,5,-14.477512185929925,123.75,11,0
43484,5,-14.477512185929925,135.0,10,0
43485,5,-14.477512185929925,146.25,9,0
43486,5,-14.477512185929925,157.5,8,0
43487,5,-14.477512185929925,168.75,10,0
43488,5,-14.477512185929925,-180.0,8,0
43489,5,-14.477512185929925,-168.75,9,0
43490,5,-14.477512185929925,-157.5,10,1
43491,5,-14.477512185929925,-146.25,8,0
43492,5,-14.477512185929925,-135.0,9,0
43493,5,-14.477512185929925,-123.75,6,1
43494,5,-14.477512185929925,-112.5,4,0
43495,5,-14.477512185929925,-101.25,10,0
43496,5,-14.477512185929925,-90.0,10,1
43497,5,-14.477512185929925,-78.75000000000006,5,0
43498,5,-14.477512185929925,-67.5,13,0
43499,5,-14.477512185929925,-56.25,10,0
43500,5,-14.477512185929925,-45.0,11,0
43501,5,-14.477512185929925,-33.75000000000006,9,0
43502,5,-14.477512185929925,-22.5,6,0
43503,5,-14.477512185929925,-11.25,8,0
43504,5,-19.47122063449069,5.625,6,0
43505,5,-19.47122063449069,16.875,10,0
43506,5,-19.47122063449069,28.125,11,0
43507,5,-19.47122063449069,39.375,1,0
43508,5,-19.47122063449069,50.625,11,0
43509,5,-19.47122063449069,61.875,3,0
43510,5,-19.47122063449069,73.125,7,0
43511,5,-19.47122063449069,84.375,11,0
43512,5,-19.47122063449069,95.625,11,0
43513,5,-19.47122063449069,106.875,3,0
43514,5,-19.47122063449069,118.125,3,0
43515,5,-19.47122063449069,129.375,9,0
43516,5,-19.47122063449069,140.625,9,0
43517,5,-19.47122063449069,151.875,8,0
43518,5,-19.47122063449069,163.125,11,0
43519,5,-19.47122063449069,174.375,14,0
43520,5,-19.47122063449069,-174.375,7,1
43521,5,-19.47122063449069,-163.125,10,0
43522,5,-19.47122063449069,-151.875,8,0
43523,5,-19.47122063449069,-140.625,11,0
43524,5,-19.47122063449069,-129.37500000000006,10,0
43525,5,-19.47122063449069,-118.125,4,0
43526,5,-19.47122063449069,-106.875,9,0
43527,5,-19.47122063449069,-95.625,8,0
43528,5,-19.47122063449069,-84.375,11,0
43529,5,-19.47122063449069,-73.12500000000006,10,0
43530,5,-19.47122063449069,-61.875,6,0
43531,5,-19.47122063449069,-50.625,12,0
43532,5,-19.47122063449069,-39.375,13,0
43533,5,-19.47122063449069,-28.125,5,0
43534,5,-19.47122063449069,-16.875,7,0
43535,5,-19.47122063449069,-5.625,13,0
43536,5,-24.62431835216408,0.0,9,0
43537,5,-24.62431835216408,11.25,12,0
43538,5,-24.62431835216408,22.5,9,0
43539,5,-24.62431835216408,33.75,4,0
43540,5,-24.62431835216408,45.0,10,0
43541,5,-24.62431835216408,56.25,7,0
43542,5,-24.62431835216408,67.5,11,0
43543,5,-24.62431835216408,78.75,11,0
43544,5,-24.62431835216408,90.0,11,0
43545,5,-24.62431835216408,101.25,9,0
43546,5,-24.62431835216408,112.5,5,0
43547,5,-24.62431835216408,123.75,12,0
43548,5,-24.62431835216408,135.0,9,0
43549,5,-24.62431835216408,146.25,6,0
43550,5,-24.62431835216408,157.5,7,0
43551,5,-24.62431835216408,168.75,10,0
43552,5,-24.62431835216408,-180.0,7,0
43553,5,-24.62431835216408,-168.75,7,0
43554,5,-24.62431835216408,-157.5,8,0
43555,5,-24.62431835216408,-146.25,8,0
43556,5,-24.62431835216408,-135.0,7,0
43557,5,-24.62431835216408,-123.75,8,0
43558,5,-24.62431835216408,-112.5,3,0
43559,5,-24.62431835216408,-101.25,7,0
43560,5,-24.62431835216408,-90.0,8,0
43561,5,-24.62431835216408,-78.75000000000006,10,0
43562,5,-24.62431835216408,-67.5,9,0
43563,5,-24.62431835216408,-56.25,11,0
43564,5,-24.62431835216408,-45.0,14,0
43565,5,-24.62431835216408,-33.75000000000006,10,0
43566,5,-24.62431835216408,-22.5,8,0
43567,5,-24.62431835216408,-11.25,9,0
43568,5,-30.000000000000014,5.625,12,0
43569,5,-30.000000000000014,16.875,11,0
43570,5,-30.000000000000014,28.125,7,0
43571,5,-30.000000000000014,39.375,9,0
43572,5,-30.000000000000014,50.625,9,0
43573,5,-30.000000000000014,61.875,9,0
43574,5,-30.000000000000014,73.125,7,0
43575,5,-30.000000000000014,84.375,15,0
43576,5,-30.000000000000014,95.625,5,0
43577,5,-30.000000000000014,106.875,12,0
43578,5,-30.000000000000014,118.125,9,0
43579,5,-30.000000000000014,129.375,8,0
43580,5,-30.000000000000014,140.625,4,0
43581,5,-30.000000000000014,151.875,3,0
43582,5,-30.000000000000014,163.125,12,0
43583,5,-30.000000000000014,174.375,5,0
43584,5,-30.000000000000014,-174.375,6,0
43585,5,-30.000000000000014,-163.125,11,0
43586,5,-30.000000000000014,-151.875,8,0
43587,5,-30.000000000000014,-140.625,5,0
43588,5,-30.000000000000014,-129.37500000000006,7,0
43589,5,-30.000000000000014,-118.125,6,0
43590,5,-30.000000000000014,-106.875,4,0
43591,5,-30.000000000000014,-95.625,4,0
43592,5,-30.000000000000014,-84.375,11,0
43593,5,-30.000000000000014,-73.12500000000006,12,0
43594,5,-30.000000000000014,-61.875,8,0
43595,5,-30.000000000000014,-50.625,8,0
43596,5,-30.000000000000014,-39.375,7,0
43597,5,-30.000000000000014,-28.125,11,0
43598,5,-30.000000000000014,-16.875,11,0
43599,5,-30.000000000000014,-5.625,10,0
43600,5,-35.68533471265205,0.0,9,0
43601,5,-35.68533471265205,11.25,13,0
43602,5,-35.68533471265205,22.5,9,0
43603,5,-35.68533471265205,33.75,9,0
43604,5,-35.68533471265205,45.0,10,0
43605,5,-35.68533471265205,56.25,8,0
43606,5,-35.68533471265205,67.5,2,0
43607,5,-35.68533471265205,78.75,4,0
43608,5,-35.68533471265205,90.0,11,0
43609,5,-35.68533471265205,101.25,9,0
43610,5,-35.68533471265205,112.5,9,0
43611,5,-35.68533471265205,123.75,6,0
43612,5,-35.68533471265205,135.0,7,0
43613,5,-35.68533471265205,146.25,11,0
43614,5,-35.68533471265205,157.5,7,0
43615,5,-35.68533471265205,168.75,7,0
43616,5,-35.68533471265205,-180.0,6,0
43617,5,-35.68533471265205,-168.75,8,0
43618,5,-35.68533471265205,-157.5,8,0
43619,5,-35.68533471265205,-146.25,4,0
43620,5,-35.68533471265205,-135.0,5,0
43621,5,-35.68533471265205,-123.75,10,0
43622,5,-35.68533471265205,-112.5,10,0
43623,5,-35.68533471265205,-101.25,10,0
43624,5,-35.68533471265205,-90.0,4,0
43625,5,-35.68533471265205,-78.75000000000006,11,0
43626,5,-35.68533471265205,-67.5,4,0
43627,5,-35.68533471265205,-56.25,8,0
43628,5,-35.68533471265205,-45.0,8,0
43629,5,-35.68533471265205,-33.75000000000006,6,0
43630,5,-35.68533471265205,-22.5,8,0
43631,5,-35.68533471265205,-11.25,13,0
43632,5,-41.81031489577862,5.625,10,0
43633,5,-41.81031489577862,16.875,8,0
43634,5,-41.81031489577862,28.125,13,0
43635,5,-41.81031489577862,39.375,10,0
43636,5,-41.81031489577862,50.625,8,0
43637,5,-41.81031489577862,61.875,9,0
43638,5,-41.81031489577862,73.125,7,0
43639,5,-41.81031489577862,84.375,4,0
43640,5,-41.81031489577862,95.625,12,0
43641,5,-41.81031489577862,106.875,8,0
43642,5,-41.81031489577862,118.125,6,0
43643,5,-41.81031489577862,129.375,9,0
43644,5,-41.81031489577862,140.625,9,0
43645,5,-41.81031489577862,151.875,12,0
43646,5,-41.81031489577862,163.125,8,0
43647,5,-41.81031489577862,174.375,5,0
43648,5,-41.81031489577862,-174.375,11,0
43649,5,-41.81031489577862,-163.125,6,0
43650,5,-41.81031489577862,-151.875,4,0
43651,5,-41.81031489577862,-140.625,5,0
43652,5,-41.81031489577862,-129.37500000000006,7,0
43653,5,-41.81031489577862,-118.125,7,0
43654,5,-41.81031489577862,-106.875,8,0
43655,5,-41.81031489577862,-95.625,12,0
43656,5,-41.81031489577862,-84.375,7,0
43657,5,-41.81031489577862,-73.12500000000006,7,0
43658,5,-41.81031489577862,-61.875,7,0
43659,5,-41.81031489577862,-50.625,7,0
43660,5,-41.81031489577862,-39.375,8,0
43661,5,-41.81031489577862,-28.125,9,0
43662,5,-41.81031489577862,-16.875,11,0
43663,5,-41.81031489577862,-5.625,6,0
43664,5,-48.1412077943603,6.428571428571416,9,0
43665,5,-48.1412077943603,19.285714285714278,11,0
43666,5,-48.1412077943603,32.14285714285714,10,0
43667,5,-48.1412077943603,45.0,9,0
43668,5,-48.1412077943603,57.85714285714286,9,0
43669,5,-48.1412077943603,70.71428571428572,8,0
43670,5,-48.1412077943603,83.57142857142856,17,0
43671,5,-48.1412077943603,96.42857142857144,11,0
43672,5,-48.1412077943603,109.28571428571428,9,0
43673,5,-48.1412077943603,122.14285714285711,9,0
43674,5,-48.1412077943603,135.0,13,0
43675,5,-48.1412077943603,147.8571428571429,13,0
43676,5,-48.1412077943603,160.71428571428572,12,0
43677,5,-48.1412077943603,173.57142857142856,6,0
43678,5,-48.1412077943603,-173.57142857142856,4,0
43679,5,-48.1412077943603,-160.71428571428572,7,0
43680,5,-48.1412077943603,-147.8571428571429,7,0
43681,5,-48.1412077943603,-135.0,11,0
43682,5,-48.1412077943603,-122.14285714285711,8,0
43683,5,-48.1412077943603,-109.28571428571428,9,0
43684,5,-48.1412077943603,-96.42857142857144,9,0
43685,5,-48.1412077943603,-83.57142857142856,9,0
43686,5,-48.1412077943603,-70.71428571428572,9,0
43687,5,-48.1412077943603,-57.85714285714283,13,0
43688,5,-48.1412077943603,-45.0,10,0
43689,5,-48.1412077943603,-32.14285714285717,11,0
43690,5,-48.1412077943603,-19.28571428571422,13,0
43691,5,-48.1412077943603,-6.428571428571445,6,0
43692,5,-54.340912303861245,7.5,7,0
43693,5,-54.340912303861245,22.5,2,0
43694,5,-54.340912303861245,37.5,13,0
43695,5,-54.340912303861245,52.5,11,0
43696,5,-54.340912303861245,67.5,4,0
43697,5,-54.340912303861245,82.5,9,0
43698,5,-54.340912303861245,97.5,9,0
43699,5,-54.340912303861245,112.5,10,0
43700,5,-54.340912303861245,127.5,15,0
43701,5,-54.340912303861245,142.5,13,0
43702,5,-54.340912303861245,157.5,16,0
43703,5,-54.340912303861245,172.5,5,0
43704,5,-54.340912303861245,-172.5,5,0
43705,5,-54.340912303861245,-157.5,10,0
43706,5,-54.340912303861245,-142.5,11,0
43707,5,-54.340912303861245,-127.5,10,0
43708,5,-54.340912303861245,-112.5,8,0
43709,5,-54.340912303861245,-97.5,9,0
43710,5,-54.340912303861245,-82.5,6,0
43711,5,-54.340912303861245,-67.5,10,0
43712,5,-54.340912303861245,-52.50000000000006,13,0
43713,5,-54.340912303861245,-37.5,9,0
43714,5,-54.340912303861245,-22.5,14,0
43715,5,-54.340912303861245,-7.5,13,0
43716,5,-60.4344388449523,9.0,3,0
43717,5,-60.4344388449523,27.0,15,0
43718,5,-60.4344388449523,45.0,12,0
43719,5,-60.4344388449523,63.0,8,0
43720,5,-60.4344388449523,81.0,12,0
43721,5,-60.4344388449523,99.0,5,0
43722,5,-60.4344388449523,117.0,8,0
43723,5,-60.4344388449523,135.0,12,0
43724,5,-60.4344388449523,153.0,10,0
43725,5,-60.4344388449523,171.0,9,0
43726,5,-60.4344388449523,-171.0,9,0
43727,5,-60.4344388449523,-153.0,10,0
43728,5,-60.4344388449523,-135.0,8,0
43729,5,-60.4344388449523,-117.0,3,0
43730,5,-60.4344388449523,-99.0,11,0
43731,5,-60.4344388449523,-81.0,11,0
43732,5,-60.4344388449523,-63.0,6,0
43733,5,-60.4344388449523,-45.0,8,0
43734,5,-60.4344388449523,-27.0,11,0
43735,5,-60.4344388449523,-9.0,9,0
43736,5,-66.44353569089876,11.25,7,0
43737,5,-66.44353569089876,33.75,19,0
43738,5,-66.44353569089876,56.25,9,0
43739,5,-66.44353569089876,78.75,11,0
43740,5,-66.44353569089876,101.25,5,0
43741,5,-66.44353569089876,123.75,7,0
43742,5,-66.44353569089876,146.25,9,0
43743,5,-66.44353569089876,168.75,11,0
43744,5,-66.44353569089876,-168.75,5,0
43745,5,-66.44353569089876,-146.25,7,0
43746,5,-66.44353569089876,-123.75,7,0
43747,5,-66.44353569089876,-101.25,15,0
43748,5,-66.44353569089876,-78.75,9,0
43749,5,-66.44353569089876,-56.25,6,0
43750,5,-66.44353569089876,-33.75,9,0
43751,5,-66.44353569089876,-11.25,8,0
43752,5,-72.38756092964962,15.0,11,0
43753,5,-72.38756092964962,45.0,11,0
43754,5,-72.38756092964962,75.0,9,0
43755,5,-72.38756092964962,105.0,9,0
43756,5,-72.38756092964962,135.0,9,0
43757,5,-72.38756092964962,165.0,7,0
43758,5,-72.38756092964962,-165.0,8,0
43759,5,-72.38756092964962,-135.0,10,0
43760,5,-72.38756092964962,-105.0,15,0
43761,5,-72.38756092964962,-75.0,9,0
43762,5,-72.38756092964962,-45.0,11,0
43763,5,-72.38756092964962,-15.0,8,0
43764,5,-78.28414760510762,22.5,9,0
43765,5,-78.28414760510762,67.5,5,0
43766,5,-78.28414760510762,112.5,5,0
43767,5,-78.28414760510762,157.5,6,0
43768,5,-78.28414760510762,-157.5,6,0
43769,5,-78.28414760510762,-112.5,11,0
43770,5,-78.28414760510762,-67.5,15,0
43771,5,-78.28414760510762,-22.5,13,0
43772,5,-84.14973293629666,45.0,10,0
43773,5,-84.14973293629666,135.0,5,0
43774,5,-84.14973293629666,-135.0,4,0
43775,5,-84.14973293629666,-45.0,10,0
43776,5,84.14973293629666,45.0,11,0
43777,5,84.14973293629666,135.0,12,0
43778,5,84.14973293629666,-135.0,9,0
43779,5,84.14973293629666,-45.0,10,0
43780,5,78.28414760510762,22.5,12,0
43781,5,78.28414760510762,67.5,7,0
43782,5,78.28414760510762,112.5,9,0
43783,5,78.28414760510762,157.5,6,0
43784,5,78.28414760510762,-157.5,6,0
43785,5,78.28414760510762,-112.5,8,0
43786,5,78.28414760510762,-67.5,8,0
43787,5,78.28414760510762,-22.5,9,0
43788,5,72.38756092964962,15.0,8,0
43789,5,72.38756092964962,45.0,7,0
43790,5,72.38756092964962,75.0,7,0
43791,5,72.38756092964962,105.0,10,0
43792,5,72.38756092964962,135.0,8,0
43793,5,72.38756092964962,165.0,10,0
43794,5,72.38756092964962,-165.0,10,0
43795,5,72.38756092964962,-135.0,7,0
43796,5,72.38756092964962,-105.0,13,0
43797,5,72.38756092964962,-75.0,13,0
43798,5,72.38756092964962,-45.0,4,0
43799,5,72.38756092964962,-15.0,11,0
43800,5,66.44353569089877,11.25,10,0
43801,5,66.44353569089877,33.75,9,0
43802,5,66.44353569089877,56.25,7,0
43803,5,66.44353569089877,78.75,8,0
43804,5,66.44353569089877,101.25,9,0
43805,5,66.44353569089877,123.75,10,0
43806,5,66.44353569089877,146.25,9,0
43807,5,66.44353569089877,168.75,7,0
43808,5,66.44353569089877,-168.75,12,0
43809,5,66.44353569089877,-146.25,7,0
43810,5,66.44353569089877,-123.75,7,0
43811,5,66.44353569089877,-101.25,11,1
43812,5,66.44353569089877,-78.75,10,0
43813,5,66.44353569089877,-56.25,7,0
43814,5,66.44353569089877,-33.75,15,0
43815,5,66.44353569089877,-11.25,10,0
43816,5,60.43443884495228,9.0,8,0
43817,5,60.43443884495228,27.0,11,0
43818,5,60.43443884495228,45.0,6,0
43819,5,60.43443884495228,63.0,10,0
43820,5,60.43443884495228,81.0,9,0
43821,5,60.43443884495228,99.0,12,0
43822,5,60.43443884495228,117.0,8,0
43823,5,60.43443884495228,135.0,7,0
43824,5,60.43443884495228,153.0,8,0
43825,5,60.43443884495228,171.0,8,0
43826,5,60.43443884495228,-171.0,9,0
43827,5,60.43443884495228,-153.0,5,0
43828,5,60.43443884495228,-135.0,4,0
43829,5,60.43443884495228,-117.0,8,0
43830,5,60.43443884495228,-99.0,12,0
43831,5,60.43443884495228,-81.0,9,0
43832,5,60.43443884495228,-63.0,7,0
43833,5,60.43443884495228,-45.0,11,0
43834,5,60.43443884495228,-27.0,7,0
43835,5,60.43443884495228,-9.0,5,0
43836,5,54.340912303861245,7.5,9,0
43837,5,54.340912303861245,22.5,8,0
43838,5,54.340912303861245,37.5,8,0
43839,5,54.340912303861245,52.5,12,0
43840,5,54.340912303861245,67.5,9,0
43841,5,54.340912303861245,82.5,10,0
43842,5,54.340912303861245,97.5,11,0
43843,5,54.340912303861245,112.5,10,0
43844,5,54.340912303861245,127.5,7,0
43845,5,54.340912303861245,142.5,10,0
43846,5,54.340912303861245,157.5,8,0
43847,5,54.340912303861245,172.5,9,0
43848,5,54.340912303861245,-172.5,8,0
43849,5,54.340912303861245,-157.5,5,0
43850,5,54.340912303861245,-142.5,5,0
43851,5,54.340912303861245,-127.5,11,0
43852,5,54.340912303861245,-112.5,7,0
43853,5,54.340912303861245,-97.5,8,0
43854,5,54.340912303861245,-82.5,9,0
43855,5,54.340912303861245,-67.5,10,0
43856,5,54.340912303861245,-52.50000000000006,6,0
43857,5,54.340912303861245,-37.5,7,0
43858,5,54.340912303861245,-22.5,11,0
43859,5,54.340912303861245,-7.5,9,0
43860,5,48.141207794360284,6.428571428571416,3,0
43861,5,48.141207794360284,19.285714285714278,6,0
43862,5,48.141207794360284,32.14285714285714,10,0
43863,5,48.141207794360284,45.0,12,0
43864,5,48.141207794360284,57.85714285714286,6,0
43865,5,48.141207794360284,70.71428571428572,9,0
43866,5,48.141207794360284,83.57142857142856,8,0
43867,5,48.141207794360284,96.42857142857144,14,0
43868,5,48.141207794360284,109.28571428571428,6,0
43869,5,48.141207794360284,122.14285714285711,10,0
43870,5,48.141207794360284,135.0,8,0
43871,5,48.141207794360284,147.8571428571429,9,0
43872,5,48.141207794360284,160.71428571428572,6,0
43873,5,48.141207794360284,173.57142857142856,10,0
43874,5,48.141207794360284,-173.57142857142856,9,0
43875,5,48.141207794360284,-160.71428571428572,5,0
43876,5,48.141207794360284,-147.8571428571429,11,0
43877,5,48.141207794360284,-135.0,13,0
43878,5,48.141207794360284,-122.14285714285711,10,0
43879,5,48.141207794360284,-109.28571428571428,1,0
43880,5,48.141207794360284,-96.42857142857144,3,0
43881,5,48.141207794360284,-83.57142857142856,10,0
43882,5,48.141207794360284,-70.71428571428572,9,0
43883,5,48.141207794360284,-57.85714285714283,8,0
43884,5,48.141207794360284,-45.0,4,0
43885,5,48.141207794360284,-32.14285714285717,12,0
43886,5,48.141207794360284,-19.28571428571422,9,0
43887,5,48.141207794360284,-6.428571428571445,8,0
43888,5,41.81031489577859,5.625,6,0
43889,5,41.81031489577859,16.875,7,0
43890,5,41.81031489577859,28.125,4,0
43891,5,41.81031489577859,39.375,13,0
43892,5,41.81031489577859,50.625,5,0
43893,5,41.81031489577859,61.875,14,0
43894,5,41.81031489577859,73.125,12,0
43895,5,41.81031489577859,84.375,14,0
43896,5,41.81031489577859,95.625,14,0
43897,5,41.81031489577859,106.875,8,0
43898,5,41.81031489577859,118.125,4,0
43899,5,41.81031489577859,129.375,10,0
43900,5,41.81031489577859,140.625,8,0
43901,5,41.81031489577859,151.875,7,0
43902,5,41.81031489577859,163.125,7,0
43903,5,41.81031489577859,174.375,7,0
43904,5,41.81031489577859,-174.375,5,0
43905,5,41.81031489577859,-163.125,4,0
43906,5,41.81031489577859,-151.875,16,0
43907,5,41.81031489577859,-140.625,10,0
43908,5,41.81031489577859,-129.37500000000006,12,0
43909,5,41.81031489577859,-118.125,8,0
43910,5,41.81031489577859,-106.875,5,0
43911,5,41.81031489577859,-95.625,5,0
43912,5,41.81031489577859,-84.375,10,0
43913,5,41.81031489577859,-73.12500000000006,12,0
43914,5,41.81031489577859,-61.875,12,0
43915,5,41.81031489577859,-50.625,6,0
43916,5,41.81031489577859,-39.375,8,0
43917,5,41.81031489577859,-28.125,8,0
43918,5,41.81031489577859,-16.875,11,0
43919,5,41.81031489577859,-5.625,6,0
43920,5,35.68533471265204,0.0,4,0
43921,5,35.68533471265204,11.25,7,0
43922,5,35.68533471265204,22.5,6,0
43923,5,35.68533471265204,33.75,12,0
43924,5,35.68533471265204,45.0,6,0
43925,5,35.68533471265204,56.25,11,0
43926,5,35.68533471265204,67.5,6,0
43927,5,35.68533471265204,78.75,9,0
43928,5,35.68533471265204,90.0,14,0
43929,5,35.68533471265204,101.25,12,0
43930,5,35.68533471265204,112.5,4,0
43931,5,35.68533471265204,123.75,5,0
43932,5,35.68533471265204,135.0,12,0
43933,5,35.68533471265204,146.25,10,0
43934,5,35.68533471265204,157.5,11,0
43935,5,35.68533471265204,168.75,10,0
43936,5,35.68533471265204,-180.0,5,0
43937,5,35.68533471265204,-168.75,2,0
43938,5,35.68533471265204,-157.5,5,0
43939,5,35.68533471265204,-146.25,7,0
43940,5,35.68533471265204,-135.0,9,0
43941,5,35.68533471265204,-123.75,6,0
43942,5,35.68533471265204,-112.5,6,0
43943,5,35.68533471265204,-101.25,9,0
43944,5,35.68533471265204,-90.0,6,0
43945,5,35.68533471265204,-78.75000000000006,8,0
43946,5,35.68533471265204,-67.5,10,0
43947,5,35.68533471265204,-56.25,5,0
43948,5,35.68533471265204,-45.0,10,0
43949,5,35.68533471265204,-33.75000000000006,7,0
43950,5,35.68533471265204,-22.5,8,0
43951,5,35.68533471265204,-11.25,12,0
43952,5,30.000000000000007,5.625,12,0
43953,5,30.000000000000007,16.875,7,0
43954,5,30.000000000000007,28.125,11,0
43955,5,30.000000000000007,39.375,12,0
43956,5,30.000000000000007,50.625,10,0
43957,5,30.000000000000007,61.875,6,0
43958,5,30.000000000000007,73.125,11,0
43959,5,30.000000000000007,84.375,7,0
43960,5,30.000000000000007,95.625,6,0
43961,5,30.000000000000007,106.875,13,0
43962,5,30.000000000000007,118.125,5,0
43963,5,30.000000000000007,129.375,11,0
43964,5,30.000000000000007,140.625,9,0
43965,5,30.000000000000007,151.875,10,0
43966,5,30.000000000000007,163.125,8,0
43967,5,30.000000000000007,174.375,10,0
43968,5,30.000000000000007,-174.375,9,0
43969,5,30.000000000000007,-163.125,9,0
43970,5,30.000000000000007,-151.875,7,0
43971,5,30.000000000000007,-140.625,5,0
43972,5,30.000000000000007,-129.37500000000006,4,0
43973,5,30.000000000000007,-118.125,6,0
43974,5,30.000000000000007,-106.875,7,0
43975,5,30.000000000000007,-95.625,11,0
43976,5,30.000000000000007,-84.375,11,0
43977,5,30.000000000000007,-73.12500000000006,9,0
43978,5,30.000000000000007,-61.875,6,0
43979,5,30.000000000000007,-50.625,7,0
43980,5,30.000000000000007,-39.375,5,0
43981,5,30.000000000000007,-28.125,11,0
43982,5,30.000000000000007,-16.875,9,0
43983,5,30.000000000000007,-5.625,6,0
43984,5,24.62431835216408,0.0,10,0
43985,5,24.62431835216408,11.25,9,0
43986,5,24.62431835216408,22.5,11,0
43987,5,24.62431835216408,33.75,9,0
43988,5,24.62431835216408,45.0,7,0
43989,5,24.62431835216408,56.25,4,0
43990,5,24.62431835216408,67.5,9,0
43991,5,24.62431835216408,78.75,9,0
43992,5,24.62431835216408,90.0,7,0
43993,5,24.62431835216408,101.25,9,0
43994,5,24.62431835216408,112.5,9,0
43995,5,24.62431835216408,123.75,11,0
43996,5,24.62431835216408,135.0,11,0
43997,5,24.62431835216408,146.25,6,0
43998,5,24.62431835216408,157.5,11,0
43999,5,24.62431835216408,168.75,9,0
44000,5,24.62431835216408,-180.0,12,0
44001,5,24.62431835216408,-168.75,9,0
44002,5,24.62431835216408,-157.5,6,0
44003,5,24.62431835216408,-146.25,10,0
44004,5,24.62431835216408,-135.0,6,0
44005,5,24.62431835216408,-123.75,11,0
44006,5,24.62431835216408,-112.5,10,0
44007,5,24.62431835216408,-101.25,10,0
44008,5,24.62431835216408,-90.0,13,0
44009,5,24.62431835216408,-78.75000000000006,2,0
44010,5,24.62431835216408,-67.5,10,0
44011,5,24.62431835216408,-56.25,9,0
44012,5,24.62431835216408,-45.0,3,0
44013,5,24.62431835216408,-33.75000000000006,6,0
44014,5,24.62431835216408,-22.5,6,0
44015,5,24.62431835216408,-11.25,9,0
44016,5,19.47122063449069,5.625,6,0
44017,5,19.47122063449069,16.875,8,0
44018,5,19.47122063449069,28.125,9,0
44019,5,19.47122063449069,39.375,4,0
44020,5,19.47122063449069,50.625,6,0
44021,5,19.47122063449069,61.875,7,0
44022,5,19.47122063449069,73.125,5,0
44023,5,19.47122063449069,84.375,4,0
44024,5,19.47122063449069,95.625,13,0
44025,5,19.47122063449069,106.875,9,0
44026,5,19.47122063449069,118.125,8,0
44027,5,19.47122063449069,129.375,9,0
44028,5,19.47122063449069,140.625,6,0
44029,5,19.47122063449069,151.875,8,0
44030,5,19.47122063449069,163.125,13,0
44031,5,19.47122063449069,174.375,9,0
44032,5,19.47122063449069,-174.375,10,0
44033,5,19.47122063449069,-163.125,9,0
44034,5,19.47122063449069,-151.875,3,0
44035,5,19.47122063449069,-140.625,14,0
44036,5,19.47122063449069,-129.37500000000006,12,0
44037,5,19.47122063449069,-118.125,9,0
44038,5,19.47122063449069,-106.875,15,0
44039,5,19.47122063449069,-95.625,9,0
44040,5,19.47122063449069,-84.375,6,0
44041,5,19.47122063449069,-73.12500000000006,4,0
44042,5,19.47122063449069,-61.875,10,0
44043,5,19.47122063449069,-50.625,7,0
44044,5,19.47122063449069,-39.375,5,0
44045,5,19.47122063449069,-28.125,10,0
44046,5,19.47122063449069,-16.875,5,0
44047,5,19.47122063449069,-5.625,17,0
44048,5,14.477512185929925,0.0,10,0
44049,5,14.477512185929925,11.25,10,0
44050,5,14.477512185929925,22.5,7,0
44051,5,14.477512185929925,33.75,11,0
44052,5,14.477512185929925,45.0,10,0
44053,5,14.477512185929925,56.25,6,0
44054,5,14.477512185929925,67.5,8,0
44055,5,14.477512185929925,78.75,3,0
44056,5,14.477512185929925,90.0,6,0
44057,5,14.477512185929925,101.25,11,0
44058,5,14.477512185929925,112.5,9,0
44059,5,14.477512185929925,123.75,13,0
44060,5,14.477512185929925,135.0,10,0
44061,5,14.477512185929925,146.25,7,0
44062,5,14.477512185929925,157.5,8,0
44063,5,14.477512185929925,168.75,7,0
44064,5,14.477512185929925,-180.0,6,0
44065,5,14.477512185929925,-168.75,9,0
44066,5,14.477512185929925,-157.5,8,0
44067,5,14.477512185929925,-146.25,3,0
44068,5,14.477512185929925,-135.0,11,0
44069,5,14.477512185929925,-123.75,12,0
44070,5,14.477512185929925,-112.5,9,0
44071,5,14.477512185929925,-101.25,5,0
44072,5,14.477512185929925,-90.0,11,0
44073,5,14.477512185929925,-78.75000000000006,2,0
44074,5,14.477512185929925,-67.5,8,0
44075,5,14.477512185929925,-56.25,8,0
44076,5,14.477512185929925,-45.0,4,0
44077,5,14.477512185929925,-33.75000000000006,7,0
44078,5,14.477512185929925,-22.5,10,0
44079,5,14.477512185929925,-11.25,10,0
44080,5,9.594068226860458,5.625,14,0
44081,5,9.594068226860458,16.875,8,0
44082,5,9.594068226860458,28.125,6,0
44083,5,9.594068226860458,39.375,12,0
44084,5,9.594068226860458,50.625,7,0
44085,5,9.594068226860458,61.875,10,0
44086,5,9.594068226860458,73.125,8,0
44087,5,9.594068226860458,84.375,5,1
44088,5,9.594068226860458,95.625,7,1
44089,5,9.594068226860458,106.875,7,0
44090,5,9.594068226860458,118.125,12,0
44091,5,9.594068226860458,129.375,11,0
44092,5,9.594068226860458,140.625,12,0
44093,5,9.594068226860458,151.875,4,0
44094,5,9.594068226860458,163.125,7,0
44095,5,9.594068226860458,174.375,4,0
44096,5,9.594068226860458,-174.375,7,0
44097,5,9.594068226860458,-163.125,8,0
44098,5,9.594068226860458,-151.875,7,1
44099,5,9.594068226860458,-140.625,8,0
44100,5,9.594068226860458,-129.37500000000006,10,0
44101,5,9.594068226860458,-118.125,9,0
44102,5,9.594068226860458,-106.875,4,0
44103,5,9.594068226860458,-95.625,12,0
44104,5,9.594068226860458,-84.375,9,0
44105,5,9.594068226860458,-73.12500000000006,10,0
44106,5,9.594068226860458,-61.875,5,0
44107,5,9.594068226860458,-50.625,12,0
44108,5,9.594068226860458,-39.375,8,1
44109,5,9.594068226860458,-28.125,9,0
44110,5,9.594068226860458,-16.875,12,0
44111,5,9.594068226860458,-5.625,13,0
44112,5,4.780191847199163,0.0,13,0
44113,5,4.780191847199163,11.25,5,1
44114,5,4.780191847199163,22.5,13,3
44115,5,4.780191847199163,33.75,5,1
44116,5,4.780191847199163,45.0,8,1
44117,5,4.780191847199163,56.25,8,2
44118,5,4.780191847199163,67.5,10,3
44119,5,4.780191847199163,78.75,12,1
44120,5,4.780191847199163,90.0,8,2
44121,5,4.780191847199163,101.25,6,2
44122,5,4.780191847199163,112.5,10,0
44123,5,4.780191847199163,123.75,17,2
44124,5,4.780191847199163,135.0,16,2
44125,5,4.780191847199163,146.25,3,2
44126,5,4.780191847199163,157.5,8,1
44127,5,4.780191847199163,168.75,8,0
44128,5,4.780191847199163,-180.0,8,0
44129,5,4.780191847199163,-168.75,11,3
44130,5,4.780191847199163,-157.5,10,2
44131,5,4.780191847199163,-146.25,13,6
44132,5,4.780191847199163,-135.0,4,3
44133,5,4.780191847199163,-123.75,10,0
44134,5,4.780191847199163,-112.5,7,6
44135,5,4.780191847199163,-101.25,6,2
44136,5,4.780191847199163,-90.0,7,3
44137,5,4.780191847199163,-78.75000000000006,8,0
44138,5,4.780191847199163,-67.5,15,3
44139,5,4.780191847199163,-56.25,15,2
44140,5,4.780191847199163,-45.0,12,3
44141,5,4.780191847199163,-33.75000000000006,9,1
44142,5,4.780191847199163,-22.5,7,2
44143,5,4.780191847199163,-11.25,14,3
44144,5,0.0,5.625,9,1
44145,5,0.0,16.875,11,3
44146,5,0.0,28.125,5,2
44147,5,0.0,39.375,6,3
44148,5,0.0,50.625,5,7
44149,5,0.0,61.875,7,2
44150,5,0.0,73.125,10,2
44151,5,0.0,84.375,12,3
44152,5,0.0,95.625,7,2
44153,5,0.0,106.875,9,2
44154,5,0.0,118.125,13,3
44155,5,0.0,129.375,15,5
44156,5,0.0,140.625,8,3
44157,5,0.0,151.875,11,2
44158,5,0.0,163.125,6,2
44159,5,0.0,174.375,9,0
44160,5,0.0,-174.375,5,3
44161,5,0.0,-163.125,10,3
44162,5,0.0,-151.875,9,5
44163,5,0.0,-140.625,12,2
44164,5,0.0,-129.37500000000006,7,3
44165,5,0.0,-118.125,11,5
44166,5,0.0,-106.875,7,6
44167,5,0.0,-95.625,10,6
44168,5,0.0,-84.375,6,4
44169,5,0.0,-73.12500000000006,6,2
44170,5,0.0,-61.875,12,6
44171,5,0.0,-50.625,14,4
44172,5,0.0,-39.375,8,1
44173,5,0.0,-28.125,11,2
44174,5,0.0,-16.875,10,1
44175,5,0.0,-5.625,11,3
44176,5,-4.780191847199163,0.0,8,3
44177,5,-4.780191847199163,11.25,9,1
44178,5,-4.780191847199163,22.5,10,0
44179,5,-4.780191847199163,33.75,7,3
44180,5,-4.780191847199163,45.0,4,3
44181,5,-4.780191847199163,56.25,9,2
44182,5,-4.780191847199163,67.5,10,1
44183,5,-4.780191847199163,78.75,10,2
44184,5,-4.780191847199163,90.0,11,0
44185,5,-4.780191847199163,101.25,5,2
44186,5,-4.780191847199163,112.5,8,3
44187,5,-4.780191847199163,123.75,9,3
44188,5,-4.780191847199163,135.0,14,2
44189,5,-4.780191847199163,146.25,12,2
44190,5,-4.780191847199163,157.5,11,0
44191,5,-4.780191847199163,168.75,11,3
44192,5,-4.780191847199163,-180.0,4,0
44193,5,-4.780191847199163,-168.75,7,3
44194,5,-4.780191847199163,-157.5,6,2
44195,5,-4.780191847199163,-146.25,13,2
44196,5,-4.780191847199163,-135.0,5,1
44197,5,-4.780191847199163,-123.75,7,2
44198,5,-4.780191847199163,-112.5,9,2
44199,5,-4.780191847199163,-101.25,8,5
44200,5,-4.780191847199163,-90.0,8,2
44201,5,-4.780191847199163,-78.75000000000006,7,0
44202,5,-4.780191847199163,-67.5,10,3
44203,5,-4.780191847199163,-56.25,9,3
44204,5,-4.780191847199163,-45.0,12,2
44205,5,-4.780191847199163,-33.75000000000006,8,0
44206,5,-4.780191847199163,-22.5,10,0
44207,5,-4.780191847199163,-11.25,13,1
44208,5,-9.594068226860458,5.625,10,0
44209,5,-9.594068226860458,16.875,6,0
44210,5,-9.594068226860458,28.125,13,0
44211,5,-9.594068226860458,39.375,8,0
44212,5,-9.594068226860458,50.625,8,0
44213,5,-9.594068226860458,61.875,10,0
44214,5,-9.594068226860458,73.125,4,0
44215,5,-9.594068226860458,84.375,8,0
44216,5,-9.594068226860458,95.625,4,0
44217,5,-9.594068226860458,106.875,7,1
44218,5,-9.594068226860458,118.125,11,0
44219,5,-9.594068226860458,129.375,5,0
44220,5,-9.594068226860458,140.625,12,0
44221,5,-9.594068226860458,151.875,9,0
44222,5,-9.594068226860458,163.125,11,0
44223,5,-9.594068226860458,174.375,7,0
44224,5,-9.594068226860458,-174.375,9,0
44225,5,-9.594068226860458,-163.125,7,0
44226,5,-9.594068226860458,-151.875,6,1
44227,5,-9.594068226860458,-140.625,7,0
44228,5,-9.594068226860458,-129.37500000000006,5,1
44229,5,-9.594068226860458,-118.125,5,0
44230,5,-9.594068226860458,-106.875,6,0
44231,5,-9.594068226860458,-95.625,12,0
44232,5,-9.594068226860458,-84.375,6,1
44233,5,-9.594068226860458,-73.12500000000006,11,0
44234,5,-9.594068226860458,-61.875,10,0
44235,5,-9.594068226860458,-50.625,6,0
44236,5,-9.594068226860458,-39.375,12,0
44237,5,-9.594068226860458,-28.125,8,0
44238,5,-9.594068226860458,-16.875,7,0
44239,5,-9.594068226860458,-5.625,6,0
44240,5,-14.477512185929925,0.0,10,0
44241,5,-14.477512185929925,11.25,8,0
44242,5,-14.477512185929925,22.5,9,0
44243,5,-14.477512185929925,33.75,8,0
44244,5,-14.477512185929925,45.0,8,0
44245,5,-14.477512185929925,56.25,7,0
44246,5,-14.477512185929925,67.5,4,0
44247,5,-14.477512185929925,78.75,6,0
44248,5,-14.477512185929925,90.0,13,0
44249,5,-14.477512185929925,101.25,8,0
44250,5,-14.477512185929925,112.5,4,0
44251,5,-14.477512185929925,123.75,11,0
44252,5,-14.477512185929925,135.0,10,0
44253,5,-14.477512185929925,146.25,9,0
44254,5,-14.477512185929925,157.5,8,0
44255,5,-14.477512185929925,168.75,10,0
44256,5,-14.477512185929925,-180.0,8,0
44257,5,-14.477512185929925,-168.75,9,0
44258,5,-14.477512185929925,-157.5,10,1
44259,5,-14.477512185929925,-146.25,8,0
44260,5,-14.477512185929925,-135.0,9,0
44261,5,-14.477512185929925,-123.75,6,1
44262,5,-14.477512185929925,-112.5,4,0
44263,5,-14.477512185929925,-101.25,10,0
44264,5,-14.477512185929925,-90.0,10,1
44265,5,-14.477512185929925,-78.75000000000006,5,0
44266,5,-14.477512185929925,-67.5,13,0
44267,5,-14.477512185929925,-56.25,10,0
44268,5,-14.477512185929925,-45.0,11,0
44269,5,-14.477512185929925,-33.75000000000006,9,0
44270,5,-14.477512185929925,-22.5,6,0
44271,5,-14.477512185929925,-11.25,8,0
44272,5,-19.47122063449069,5.625,6,0
44273,5,-19.47122063449069,16.875,10,0
44274,5,-19.47122063449069,28.125,11,0
44275,5,-19.47122063449069,39.375,1,0
44276,5,-19.47122063449069,50.625,11,0
44277,5,-19.47122063449069,61.875,3,0
44278,5,-19.47122063449069,73.125,7,0
44279,5,-19.47122063449069,84.375,11,0
44280,5,-19.47122063449069,95.625,11,0
44281,5,-19.47122063449069,106.875,3,0
44282,5,-19.47122063449069,118.125,3,0
44283,5,-19.47122063449069,129.375,9,0
44284,5,-19.47122063449069,140.625,9,0
44285,5,-19.47122063449069,151.875,8,0
44286,5,-19.47122063449069,163.125,11,0
44287,5,-19.47122063449069,174.375,14,0
44288,5,-19.47122063449069,-174.375,7,1
44289,5,-19.47122063449069,-163.125,10,0
44290,5,-19.47122063449069,-151.875,8,0
44291,5,-19.47122063449069,-140.625,11,0
44292,5,-19.47122063449069,-129.37500000000006,10,0
44293,5,-19.47122063449069,-118.125,4,0
44294,5,-19.47122063449069,-106.875,9,0
44295,5,-19.47122063449069,-95.625,8,0
44296,5,-19.47122063449069,-84.375,11,0
44297,5,-19.47122063449069,-73.12500000000006,10,0
44298,5,-19.47122063449069,-61.875,6,0
44299,5,-19.47122063449069,-50.625,12,0
44300,5,-19.47122063449069,-39.375,13,0
44301,5,-19.47122063449069,-28.125,5,0
44302,5,-19.47122063449069,-16.875,7,0
44303,5,-19.47122063449069,-5.625,13,0
44304,5,-24.62431835216408,0.0,9,0
44305,5,-24.62431835216408,11.25,12,0
44306,5,-24.62431835216408,22.5,9,0
44307,5,-24.62431835216408,33.75,4,0
44308,5,-24.62431835216408,45.0,10,0
44309,5,-24.62431835216408,56.25,7,0
44310,5,-24.62431835216408,67.5,11,0
44311,5,-24.62431835216408,78.75,11,0
44312,5,-24.62431835216408,90.0,11,0
44313,5,-24.62431835216408,101.25,9,0
44314,5,-24.62431835216408,112.5,5,0
44315,5,-24.62431835216408,123.75,12,0
44316,5,-24.62431835216408,135.0,9,0
44317,5,-24.62431835216408,146.25,6,0
44318,5,-24.62431835216408,157.5,7,0
44319,5,-24.62431835216408,168.75,10,0
44320,5,-24.62431835216408,-180.0,7,0
44321,5,-24.62431835216408,-168.75,7,0
44322,5,-24.62431835216408,-157.5,8,0
44323,5,-24.62431835216408,-146.25,8,0
44324,5,-24.62431835216408,-135.0,7,0
44325,5,-24.62431835216408,-123.75,8,0
44326,5,-24.62431835216408,-112.5,3,0
44327,5,-24.62431835216408,-101.25,7,0
44328,5,-24.62431835216408,-90.0,8,0
44329,5,-24.62431835216408,-78.75000000000006,10,0
44330,5,-24.62431835216408,-67.5,9,0
44331,5,-24.62431835216408,-56.25,11,0
44332,5,-24.62431835216408,-45.0,14,0
44333,5,-24.62431835216408,-33.75000000000006,10,0
44334,5,-24.62431835216408,-22.5,8,0
44335,5,-24.62431835216408,-11.25,9,0
44336,5,-30.000000000000014,5.625,12,0
44337,5,-30.000000000000014,16.875,11,0
44338,5,-30.000000000000014,28.125,7,0
44339,5,-30.000000000000014,39.375,9,0
44340,5,-30.000000000000014,50.625,9,0
44341,5,-30.000000000000014,61.875,9,0
44342,5,-30.000000000000014,73.125,7,0
44343,5,-30.000000000000014,84.375,15,0
44344,5,-30.000000000000014,95.625,5,0
44345,5,-30.000000000000014,106.875,12,0
44346,5,-30.000000000000014,118.125,9,0
44347,5,-30.000000000000014,129.375,8,0
44348,5,-30.000000000000014,140.625,4,0
44349,5,-30.000000000000014,151.875,3,0
44350,5,-30.000000000000014,163.125,12,0
44351,5,-30.000000000000014,174.375,5,0
44352,5,-30.000000000000014,-174.375,6,0
44353,5,-30.000000000000014,-163.125,11,0
44354,5,-30.000000000000014,-151.875,8,0
44355,5,-30.000000000000014,-140.625,5,0
44356,5,-30.000000000000014,-129.37500000000006,7,0
44357,5,-30.000000000000014,-118.125,6,0
44358,5,-30.000000000000014,-106.875,4,0
44359,5,-30.000000000000014,-95.625,4,0
44360,5,-30.000000000000014,-84.375,11,0
44361,5,-30.000000000000014,-73.12500000000006,12,0
44362,5,-30.000000000000014,-61.875,8,0
44363,5,-30.000000000000014,-50.625,8,0
44364,5,-30.000000000000014,-39.375,7,0
44365,5,-30.000000000000014,-28.125,11,0
44366,5,-30.000000000000014,-16.875,11,0
44367,5,-30.000000000000014,-5.625,10,0
44368,5,-35.68533471265205,0.0,9,0
44369,5,-35.68533471265205,11.25,13,0
44370,5,-35.68533471265205,22.5,9,0
44371,5,-35.68533471265205,33.75,9,0
44372,5,-35.68533471265205,45.0,10,0
44373,5,-35.68533471265205,56.25,8,0
44374,5,-35.68533471265205,67.5,2,0
44375,5,-35.68533471265205,78.75,4,0
44376,5,-35.68533471265205,90.0,11,0
44377,5,-35.68533471265205,101.25,9,0
44378,5,-35.68533471265205,112.5,9,0
44379,5,-35.68533471265205,123.75,6,0
44380,5,-35.68533471265205,135.0,7,0
44381,5,-35.68533471265205,146.25,11,0
44382,5,-35.68533471265205,157.5,7,0
44383,5,-35.68533471265205,168.75,7,0
44384,5,-35.68533471265205,-180.0,6,0
44385,5,-35.68533471265205,-168.75,8,0
44386,5,-35.68533471265205,-157.5,8,0
44387,5,-35.68533471265205,-146.25,4,0
44388,5,-35.68533471265205,-135.0,5,0
44389,5,-35.68533471265205,-123.75,10,0
44390,5,-35.68533471265205,-112.5,10,0
44391,5,-35.68533471265205,-101.25,10,0
44392,5,-35.68533471265205,-90.0,4,0
44393,5,-35.68533471265205,-78.75000000000006,11,0
44394,5,-35.68533471265205,-67.5,4,0
44395,5,-35.68533471265205,-56.25,8,0
44396,5,-35.68533471265205,-45.0,8,0
44397,5,-35.68533471265205,-33.75000000000006,6,0
44398,5,-35.68533471265205,-22.5,8,0
44399,5,-35.68533471265205,-11.25,13,0
44400,5,-41.81031489577862,5.625,10,0
44401,5,-41.81031489577862,16.875,8,0
44402,5,-41.81031489577862,28.125,13,0
44403,5,-41.81031489577862,39.375,10,0
44404,5,-41.81031489577862,50.625,8,0
44405,5,-41.81031489577862,61.875,9,0
44406,5,-41.81031489577862,73.125,7,0
44407,5,-41.81031489577862,84.375,4,0
44408,5,-41.81031489577862,95.625,12,0
44409,5,-41.81031489577862,106.875,8,0
44410,5,-41.81031489577862,118.125,6,0
44411,5,-41.81031489577862,129.375,9,0
44412,5,-41.81031489577862,140.625,9,0
44413,5,-41.81031489577862,151.875,12,0
44414,5,-41.81031489577862,163.125,8,0
44415,5,-41.81031489577862,174.375,5,0
44416,5,-41.81031489577862,-174.375,11,0
44417,5,-41.81031489577862,-163.125,6,0
44418,5,-41.81031489577862,-151.875,4,0
44419,5,-41.81031489577862,-140.625,5,0
44420,5,-41.81031489577862,-129.37500000000006,7,0
44421,5,-41.81031489577862,-118.125,7,0
44422,5,-41.81031489577862,-106.875,8,0
44423,5,-41.81031489577862,-95.625,12,0
44424,5,-41.81031489577862,-84.375,7,0
44425,5,-41.81031489577862,-73.12500000000006,7,0
44426,5,-41.81031489577862,-61.875,7,0
44427,5,-41.81031489577862,-50.625,7,0
44428,5,-41.81031489577862,-39.375,8,0
44429,5,-41.81031489577862,-28.125,9,0
44430,5,-41.81031489577862,-16.875,11,0
44431,5,-41.81031489577862,-5.625,6,0
44432,5,-48.1412077943603,6.428571428571416,9,0
44433,5,-48.1412077943603,19.285714285714278,11,0
44434,5,-48.1412077943603,32.14285714285714,10,0
44435,5,-48.1412077943603,45.0,9,0
44436,5,-48.1412077943603,57.85714285714286,9,0
44437,5,-48.1412077943603,70.71428571428572,8,0
44438,5,-48.1412077943603,83.57142857142856,17,0
44439,5,-48.1412077943603,96.42857142857144,11,0
44440,5,-48.1412077943603,109.28571428571428,9,0
44441,5,-48.1412077943603,122.14285714285711,9,0
44442,5,-48.1412077943603,135.0,13,0
44443,5,-48.1412077943603,147.8571428571429,13,0
44444,5,-48.1412077943603,160.71428571428572,12,0
44445,5,-48.1412077943603,173.57142857142856,6,0
44446,5,-48.1412077943603,-173.57142857142856,4,0
44447,5,-48.1412077943603,-160.71428571428572,7,0
44448,5,-48.1412077943603,-147.8571428571429,7,0
44449,5,-48.1412077943603,-135.0,11,0
44450,5,-48.1412077943603,-122.14285714285711,8,0
44451,5,-48.1412077943603,-109.28571428571428,9,0
44452,5,-48.1412077943603,-96.42857142857144,9,0
44453,5,-48.1412077943603,-83.57142857142856,9,0
44454,5,-48.1412077943603,-70.71428571428572,9,0
44455,5,-48.1412077943603,-57.85714285714283,13,0
44456,5,-48.1412077943603,-45.0,10,0
44457,5,-48.1412077943603,-32.14285714285717,11,0
44458,5,-48.1412077943603,-19.28571428571422,13,0
44459,5,-48.1412077943603,-6.428571428571445,6,0
44460,5,-54.340912303861245,7.5,7,0
44461,5,-54.340912303861245,22.5,2,0
44462,5,-54.340912303861245,37.5,13,0
44463,5,-54.340912303861245,52.5,11,0
44464,5,-54.340912303861245,67.5,4,0
44465,5,-54.340912303861245,82.5,9,0
44466,5,-54.340912303861245,97.5,9,0
44467,5,-54.340912303861245,112.5,10,0
44468,5,-54.340912303861245,127.5,15,0
44469,5,-54.340912303861245,142.5,13,0
44470,5,-54.340912303861245,157.5,16,0
44471,5,-54.340912303861245,172.5,5,0
44472,5,-54.340912303861245,-172.5,5,0
44473,5,-54.340912303861245,-157.5,10,0
44474,5,-54.340912303861245,-142.5,11,0
44475,5,-54.340912303861245,-127.5,10,0
44476,5,-54.340912303861245,-112.5,8,0
44477,5,-54.340912303861245,-97.5,9,0
44478,5,-54.340912303861245,-82.5,6,0
44479,5,-54.340912303861245,-67.5,10,0
44480,5,-54.340912303861245,-52.50000000000006,13,0
44481,5,-54.340912303861245,-37.5,9,0
44482,5,-54.340912303861245,-22.5,14,0
44483,5,-54.340912303861245,-7.5,13,0
44484,5,-60.4344388449523,9.0,3,0
44485,5,-60.4344388449523,27.0,15,0
44486,5,-60.4344388449523,45.0,12,0
44487,5,-60.4344388449523,63.0,8,0
44488,5,-60.4344388449523,81.0,12,0
44489,5,-60.4344388449523,99.0,5,0
44490,5,-60.4344388449523,117.0,8,0
44491,5,-60.4344388449523,135.0,12,0
44492,5,-60.4344388449523,153.0,10,0
44493,5,-60.4344388449523,171.0,9,0
44494,5,-60.4344388449523,-171.0,9,0
44495,5,-60.4344388449523,-153.0,10,0
44496,5,-60.4344388449523,-135.0,8,0
44497,5,-60.4344388449523,-117.0,3,0
44498,5,-60.4344388449523,-99.0,11,0
44499,5,-60.4344388449523,-81.0,11,0
44500,5,-60.4344388449523,-63.0,6,0
44501,5,-60.4344388449523,-45.0,8,0
44502,5,-60.4344388449523,-27.0,11,0
44503,5,-60.4344388449523,-9.0,9,0
44504,5,-66.44353569089876,11.25,7,0
44505,5,-66.44353569089876,33.75,19,0
44506,5,-66.44353569089876,56.25,9,0
44507,5,-66.44353569089876,78.75,11,0
44508,5,-66.44353569089876,101.25,5,0
44509,5,-66.44353569089876,123.75,7,0
44510,5,-66.44353569089876,146.25,9,0
44511,5,-66.44353569089876,168.75,11,0
44512,5,-66.44353569089876,-168.75,5,0
44513,5,-66.44353569089876,-146.25,7,0
44514,5,-66.44353569089876,-123.75,7,0
44515,5,-66.44353569089876,-101.25,15,0
44516,5,-66.44353569089876,-78.75,9,0
44517,5,-66.44353569089876,-56.25,6,0
44518,5,-66.44353569089876,-33.75,9,0
44519,5,-66.44353569089876,-11.25,8,0
44520,5,-72.38756092964962,15.0,11,0
44521,5,-72.38756092964962,45.0,11,0
44522,5,-72.38756092964962,75.0,9,0
44523,5,-72.38756092964962,105.0,9,0
44524,5,-72.38756092964962,135.0,9,0
44525,5,-72.38756092964962,165.0,7,0
44526,5,-72.38756092964962,-165.0,8,0
44527,5,-72.38756092964962,-135.0,10,0
44528,5,-72.38756092964962,-105.0,15,0
44529,5,-72.38756092964962,-75.0,9,0
44530,5,-72.38756092964962,-45.0,11,0
44531,5,-72.38756092964962,-15.0,8,0
44532,5,-78.28414760510762,22.5,9,0
44533,5,-78.28414760510762,67.5,5,0
44534,5,-78.28414760510762,112.5,5,0
44535,5,-78.28414760510762,157.5,6,0
44536,5,-78.28414760510762,-157.5,6,0
44537,5,-78.28414760510762,-112.5,11,0
44538,5,-78.28414760510762,-67.5,15,0
44539,5,-78.28414760510762,-22.5,13,0
44540,5,-84.14973293629666,45.0,10,0
44541,5,-84.14973293629666,135.0,5,0
44542,5,-84.14973293629666,-135.0,4,0
44543,5,-84.14973293629666,-45.0,10,0
44544,5,84.14973293629666,45.0,11,0
44545,5,84.14973293629666,135.0,12,0
44546,5,84.14973293629666,-135.0,9,0
44547,5,84.14973293629666,-45.0,10,0
44548,5,78.28414760510762,22.5,12,0
44549,5,78.28414760510762,67.5,7,0
44550,5,78.28414760510762,112.5,9,0
44551,5,78.28414760510762,157.5,6,0
44552,5,78.28414760510762,-157.5,6,0
44553,5,78.28414760510762,-112.5,8,0
44554,5,78.28414760510762,-67.5,8,0
44555,5,78.28414760510762,-22.5,9,0
44556,5,72.38756092964962,15.0,8,0
44557,5,72.38756092964962,45.0,7,0
44558,5,72.38756092964962,75.0,7,0
44559,5,72.38756092964962,105.0,10,0
44560,5,72.38756092964962,135.0,8,0
44561,5,72.38756092964962,165.0,10,0
44562,5,72.38756092964962,-165.0,10,0
44563,5,72.38756092964962,-135.0,7,0
44564,5,72.38756092964962,-105.0,13,0
44565,5,72.38756092964962,-75.0,13,0
44566,5,72.38756092964962,-45.0,4,0
44567,5,72.38756092964962,-15.0,11,0
44568,5,66.44353569089877,11.25,10,0
44569,5,66.44353569089877,33.75,9,0
44570,5,66.44353569089877,56.25,7,0
44571,5,66.44353569089877,78.75,8,0
44572,5,66.44353569089877,101.25,9,0
44573,5,66.44353569089877,123.75,10,0
44574,5,66.44353569089877,146.25,9,0
44575,5,66.44353569089877,168.75,7,0
44576,5,66.44353569089877,-168.75,12,0
44577,5,66.44353569089877,-146.25,7,0
44578,5,66.44353569089877,-123.75,7,0
44579,5,66.44353569089877,-101.25,11,1
44580,5,66.44353569089877,-78.75,10,0
44581,5,66.44353569089877,-56.25,7,0
44582,5,66.44353569089877,-33.75,15,0
44583,5,66.44353569089877,-11.25,10,0
44584,5,60.43443884495228,9.0,8,0
44585,5,60.43443884495228,27.0,11,0
44586,5,60.43443884495228,45.0,6,0
44587,5,60.43443884495228,63.0,10,0
44588,5,60.43443884495228,81.0,9,0
44589,5,60.43443884495228,99.0,12,0
44590,5,60.43443884495228,117.0,8,0
44591,5,60.43443884495228,135.0,7,0
44592,5,60.43443884495228,153.0,8,0
44593,5,60.43443884495228,171.0,8,0
44594,5,60.43443884495228,-171.0,9,0
44595,5,60.43443884495228,-153.0,5,0
44596,5,60.43443884495228,-135.0,4,0
44597,5,60.43443884495228,-117.0,8,0
44598,5,60.43443884495228,-99.0,12,0
44599,5,60.43443884495228,-81.0,9,0
44600,5,60.43443884495228,-63.0,7,0
44601,5,60.43443884495228,-45.0,11,0
44602,5,60.43443884495228,-27.0,7,0
44603,5,60.43443884495228,-9.0,5,0
44604,5,54.340912303861245,7.5,9,0
44605,5,54.340912303861245,22.5,8,0
44606,5,54.340912303861245,37.5,8,0
44607,5,54.340912303861245,52.5,12,0
44608,5,54.340912303861245,67.5,9,0
44609,5,54.340912303861245,82.5,10,0
44610,5,54.340912303861245,97.5,11,0
44611,5,54.340912303861245,112.5,10,0
44612,5,54.340912303861245,127.5,7,0
44613,5,54.340912303861245,142.5,10,0
44614,5,54.340912303861245,157.5,8,0
44615,5,54.340912303861245,172.5,9,0
44616,5,54.340912303861245,-172.5,8,0
44617,5,54.340912303861245,-157.5,5,0
44618,5,54.340912303861245,-142.5,5,0
44619,5,54.340912303861245,-127.5,11,0
44620,5,54.340912303861245,-112.5,7,0
44621,5,54.340912303861245,-97.5,8,0
44622,5,54.340912303861245,-82.5,9,0
44623,5,54.340912303861245,-67.5,10,0
44624,5,54.340912303861245,-52.50000000000006,6,0
44625,5,54.340912303861245,-37.5,7,0
44626,5,54.340912303861245,-22.5,11,0
44627,5,54.340912303861245,-7.5,9,0
44628,5,48.141207794360284,6.428571428571416,3,0
44629,5,48.141207794360284,19.285714285714278,6,0
44630,5,48.141207794360284,32.14285714285714,10,0
44631,5,48.141207794360284,45.0,12,0
44632,5,48.141207794360284,57.85714285714286,6,0
44633,5,48.141207794360284,70.71428571428572,9,0
44634,5,48.141207794360284,83.57142857142856,8,0
44635,5,48.141207794360284,96.42857142857144,14,0
44636,5,48.141207794360284,109.28571428571428,6,0
44637,5,48.141207794360284,122.14285714285711,10,0
44638,5,48.141207794360284,135.0,8,0
44639,5,48.141207794360284,147.8571428571429,9,0
44640,5,48.141207794360284,160.71428571428572,6,0
44641,5,48.141207794360284,173.57142857142856,10,0
44642,5,48.141207794360284,-173.57142857142856,9,0
44643,5,48.141207794360284,-160.71428571428572,5,0
44644,5,48.141207794360284,-147.8571428571429,11,0
44645,5,48.141207794360284,-135.0,13,0
44646,5,48.141207794360284,-122.14285714285711,10,0
44647,5,48.141207794360284,-109.28571428571428,1,0
44648,5,48.141207794360284,-96.42857142857144,3,0
44649,5,48.141207794360284,-83.57142857142856,10,0
44650,5,48.141207794360284,-70.71428571428572,9,0
44651,5,48.141207794360284,-57.85714285714283,8,0
44652,5,48.141207794360284,-45.0,4,0
44653,5,48.141207794360284,-32.14285714285717,12,0
44654,5,48.141207794360284,-19.28571428571422,9,0
44655,5,48.141207794360284,-6.428571428571445,8,0
44656,5,41.81031489577859,5.625,6,0
44657,5,41.81031489577859,16.875,7,0
44658,5,41.81031489577859,28.125,4,0
44659,5,41.81031489577859,39.375,13,0
44660,5,41.81031489577859,50.625,5,0
44661,5,41.81031489577859,61.875,14,0
44662,5,41.81031489577859,73.125,12,0
44663,5,41.81031489577859,84.375,14,0
44664,5,41.81031489577859,95.625,14,0
44665,5,41.81031489577859,106.875,8,0
44666,5,41.81031489577859,118.125,4,0
44667,5,41.81031489577859,129.375,10,0
44668,5,41.81031489577859,140.625,8,0
44669,5,41.81031489577859,151.875,7,0
44670,5,41.81031489577859,163.125,7,0
44671,5,41.81031489577859,174.375,7,0
44672,5,41.81031489577859,-174.375,5,0
44673,5,41.81031489577859,-163.125,4,0
44674,5,41.81031489577859,-151.875,16,0
44675,5,41.81031489577859,-140.625,10,0
44676,5,41.81031489577859,-129.37500000000006,12,0
44677,5,41.81031489577859,-118.125,8,0
44678,5,41.81031489577859,-106.875,5,0
44679,5,41.81031489577859,-95.625,5,0
44680,5,41.81031489577859,-84.375,10,0
44681,5,41.81031489577859,-73.12500000000006,12,0
44682,5,41.81031489577859,-61.875,12,0
44683,5,41.81031489577859,-50.625,6,0
44684,5,41.81031489577859,-39.375,8,0
44685,5,41.81031489577859,-28.125,8,0
44686,5,41.81031489577859,-16.875,11,0
44687,5,41.81031489577859,-5.625,6,0
44688,5,35.68533471265204,0.0,4,0
44689,5,35.68533471265204,11.25,7,0
44690,5,35.68533471265204,22.5,6,0
44691,5,35.68533471265204,33.75,12,0
44692,5,35.68533471265204,45.0,6,0
44693,5,35.68533471265204,56.25,11,0
44694,5,35.68533471265204,67.5,6,0
44695,5,35.68533471265204,78.75,9,0
44696,5,35.68533471265204,90.0,14,0
44697,5,35.68533471265204,101.25,12,0
44698,5,35.68533471265204,112.5,4,0
44699,5,35.68533471265204,123.75,5,0
44700,5,35.68533471265204,135.0,12,0
44701,5,35.68533471265204,146.25,10,0
44702,5,35.68533471265204,157.5,11,0
44703,5,35.68533471265204,168.75,10,0
44704,5,35.68533471265204,-180.0,5,0
44705,5,35.68533471265204,-168.75,2,0
44706,5,35.68533471265204,-157.5,5,0
44707,5,35.68533471265204,-146.25,7,0
44708,5,35.68533471265204,-135.0,9,0
44709,5,35.68533471265204,-123.75,6,0
44710,5,35.68533471265204,-112.5,6,0
44711,5,35.68533471265204,-101.25,9,0
44712,5,35.68533471265204,-90.0,6,0
44713,5,35.68533471265204,-78.75000000000006,8,0
44714,5,35.68533471265204,-67.5,10,0
44715,5,35.68533471265204,-56.25,5,0
44716,5,35.68533471265204,-45.0,10,0
44717,5,35.68533471265204,-33.75000000000006,7,0
44718,5,35.68533471265204,-22.5,8,0
44719,5,35.68533471265204,-11.25,12,0
44720,5,30.000000000000007,5.625,12,0
44721,5,30.000000000000007,16.875,7,0
44722,5,30.000000000000007,28.125,11,0
44723,5,30.000000000000007,39.375,12,0
44724,5,30.000000000000007,50.625,10,0
44725,5,30.000000000000007,61.875,6,0
44726,5,30.000000000000007,73.125,11,0
44727,5,30.000000000000007,84.375,7,0
44728,5,30.000000000000007,95.625,6,0
44729,5,30.000000000000007,106.875,13,0
44730,5,30.000000000000007,118.125,5,0
44731,5,30.000000000000007,129.375,11,0
44732,5,30.000000000000007,140.625,9,0
44733,5,30.000000000000007,151.875,10,0
44734,5,30.000000000000007,163.125,8,0
44735,5,30.000000000000007,174.375,10,0
44736,5,30.000000000000007,-174.375,9,0
44737,5,30.000000000000007,-163.125,9,0
44738,5,30.000000000000007,-151.875,7,0
44739,5,30.000000000000007,-140.625,5,0
44740,5,30.000000000000007,-129.37500000000006,4,0
44741,5,30.000000000000007,-118.125,6,0
44742,5,30.000000000000007,-106.875,7,0
44743,5,30.000000000000007,-95.625,11,0
44744,5,30.000000000000007,-84.375,11,0
44745,5,30.000000000000007,-73.12500000000006,9,0
44746,5,30.000000000000007,-61.875,6,0
44747,5,30.000000000000007,-50.625,7,0
44748,5,30.000000000000007,-39.375,5,0
44749,5,30.000000000000007,-28.125,11,0
44750,5,30.000000000000007,-16.875,9,0
44751,5,30.000000000000007,-5.625,6,0
44752,5,24.62431835216408,0.0,10,0
44753,5,24.62431835216408,11.25,9,0
44754,5,24.62431835216408,22.5,11,0
44755,5,24.62431835216408,33.75,9,0
44756,5,24.62431835216408,45.0,7,0
44757,5,24.62431835216408,56.25,4,0
44758,5,24.62431835216408,67.5,9,0
44759,5,24.62431835216408,78.75,9,0
44760,5,24.62431835216408,90.0,7,0
44761,5,24.62431835216408,101.25,9,0
44762,5,24.62431835216408,112.5,9,0
44763,5,24.62431835216408,123.75,11,0
44764,5,24.62431835216408,135.0,11,0
44765,5,24.62431835216408,146.25,6,0
44766,5,24.62431835216408,157.5,11,0
44767,5,24.62431835216408,168.75,9,0
44768,5,24.62431835216408,-180.0,12,0
44769,5,24.62431835216408,-168.75,9,0
44770,5,24.62431835216408,-157.5,6,0
44771,5,24.62431835216408,-146.25,10,0
44772,5,24.62431835216408,-135.0,6,0
44773,5,24.62431835216408,-123.75,11,0
44774,5,24.62431835216408,-112.5,10,0
44775,5,24.62431835216408,-101.25,10,0
44776,5,24.62431835216408,-90.0,13,0
44777,5,24.62431835216408,-78.75000000000006,2,0
44778,5,24.62431835216408,-67.5,10,0
44779,5,24.62431835216408,-56.25,9,0
44780,5,24.62431835216408,-45.0,3,0
44781,5,24.62431835216408,-33.75000000000006,6,0
44782,5,24.62431835216408,-22.5,6,0
44783,5,24.62431835216408,-11.25,9,0
44784,5,19.47122063449069,5.625,6,0
44785,5,19.47122063449069,16.875,8,0
44786,5,19.47122063449069,28.125,9,0
44787,5,19.47122063449069,39.375,4,0
44788,5,19.47122063449069,50.625,6,0
44789,5,19.47122063449069,61.875,7,0
44790,5,19.47122063449069,73.125,5,0
44791,5,19.47122063449069,84.375,4,0
44792,5,19.47122063449069,95.625,13,0
44793,5,19.47122063449069,106.875,9,0
44794,5,19.47122063449069,118.125,8,0
44795,5,19.47122063449069,129.375,9,0
44796,5,19.47122063449069,140.625,6,0
44797,5,19.47122063449069,151.875,8,0
44798,5,19.47122063449069,163.125,13,0
44799,5,19.47122063449069,174.375,9,0
44800,5,19.47122063449069,-174.375,10,0
44801,5,19.47122063449069,-163.125,9,0
44802,5,19.47122063449069,-151.875,3,0
44803,5,19.47122063449069,-140.625,14,0
44804,5,19.47122063449069,-129.37500000000006,12,0
44805,5,19.47122063449069,-118.125,9,0
44806,5,19.47122063449069,-106.875,15,0
44807,5,19.47122063449069,-95.625,9,0
44808,5,19.47122063449069,-84.375,6,0
44809,5,19.47122063449069,-73.12500000000006,4,0
44810,5,19.47122063449069,-61.875,10,0
44811,5,19.47122063449069,-50.625,7,0
44812,5,19.47122063449069,-39.375,5,0
44813,5,19.47122063449069,-28.125,10,0
44814,5,19.47122063449069,-16.875,5,0
44815,5,19.47122063449069,-5.625,17,0
44816,5,14.477512185929925,0.0,10,0
44817,5,14.477512185929925,11.25,10,0
44818,5,14.477512185929925,22.5,7,0
44819,5,14.477512185929925,33.75,11,0
44820,5,14.477512185929925,45.0,10,0
44821,5,14.477512185929925,56.25,6,0
44822,5,14.477512185929925,67.5,8,0
44823,5,14.477512185929925,78.75,3,0
44824,5,14.477512185929925,90.0,6,0
44825,5,14.477512185929925,101.25,11,0
44826,5,14.477512185929925,112.5,9,0
44827,5,14.477512185929925,123.75,13,0
44828,5,14.477512185929925,135.0,10,0
44829,5,14.477512185929925,146.25,7,0
44830,5,14.477512185929925,157.5,8,0
44831,5,14.477512185929925,168.75,7,0
44832,5,14.477512185929925,-180.0,6,0
44833,5,14.477512185929925,-168.75,9,0
44834,5,14.477512185929925,-157.5,8,0
44835,5,14.477512185929925,-146.25,3,0
44836,5,14.477512185929925,-135.0,11,0
44837,5,14.477512185929925,-123.75,12,0
44838,5,14.477512185929925,-112.5,9,0
44839,5,14.477512185929925,-101.25,5,0
44840,5,14.477512185929925,-90.0,11,0
44841,5,14.477512185929925,-78.75000000000006,2,0
44842,5,14.477512185929925,-67.5,8,0
44843,5,14.477512185929925,-56.25,8,0
44844,5,14.477512185929925,-45.0,4,0
44845,5,14.477512185929925,-33.75000000000006,7,0
44846,5,14.477512185929925,-22.5,10,0
44847,5,14.477512185929925,-11.25,10,0
44848,5,9.594068226860458,5.625,14,0
44849,5,9.594068226860458,16.875,8,0
44850,5,9.594068226860458,28.125,6,0
44851,5,9.594068226860458,39.375,12,0
44852,5,9.594068226860458,50.625,7,0
44853,5,9.594068226860458,61.875,10,0
44854,5,9.594068226860458,73.125,8,0
44855,5,9.594068226860458,84.375,5,1
44856,5,9.594068226860458,95.625,7,1
44857,5,9.594068226860458,106.875,7,0
44858,5,9.594068226860458,118.125,12,0
44859,5,9.594068226860458,129.375,11,0
44860,5,9.594068226860458,140.625,12,0
44861,5,9.594068226860458,151.875,4,0
44862,5,9.594068226860458,163.125,7,0
44863,5,9.594068226860458,174.375,4,0
44864,5,9.594068226860458,-174.375,7,0
44865,5,9.594068226860458,-163.125,8,0
44866,5,9.594068226860458,-151.875,7,1
44867,5,9.594068226860458,-140.625,8,0
44868,5,9.594068226860458,-129.37500000000006,10,0
44869,5,9.594068226860458,-118.125,9,0
44870,5,9.594068226860458,-106.875,4,0
44871,5,9.594068226860458,-95.625,12,0
44872,5,9.594068226860458,-84.375,9,0
44873,5,9.594068226860458,-73.12500000000006,10,0
44874,5,9.594068226860458,-61.875,5,0
44875,5,9.594068226860458,-50.625,12,0
44876,5,9.594068226860458,-39.375,8,1
44877,5,9.594068226860458,-28.125,9,0
44878,5,9.594068226860458,-16.875,12,0
44879,5,9.594068226860458,-5.625,13,0
44880,5,4.780191847199163,0.0,13,0
44881,5,4.780191847199163,11.25,5,1
44882,5,4.780191847199163,22.5,13,3
44883,5,4.780191847199163,33.75,5,1
44884,5,4.780191847199163,45.0,8,1
44885,5,4.780191847199163,56.25,8,2
44886,5,4.780191847199163,67.5,10,3
44887,5,4.780191847199163,78.75,12,1
44888,5,4.780191847199163,90.0,8,2
44889,5,4.780191847199163,101.25,6,2
44890,5,4.780191847199163,112.5,10,0
44891,5,4.780191847199163,123.75,17,2
44892,5,4.780191847199163,135.0,16,2
44893,5,4.780191847199163,146.25,3,2
44894,5,4.780191847199163,157.5,8,1
44895,5,4.780191847199163,168.75,8,0
44896,5,4.780191847199163,-180.0,8,0
44897,5,4.780191847199163,-168.75,11,3
44898,5,4.780191847199163,-157.5,10,2
44899,5,4.780191847199163,-146.25,13,6
44900,5,4.780191847199163,-135.0,4,3
44901,5,4.780191847199163,-123.75,10,0
44902,5,4.780191847199163,-112.5,7,6
44903,5,4.780191847199163,-101.25,6,2
44904,5,4.780191847199163,-90.0,7,3
44905,5,4.780191847199163,-78.75000000000006,8,0
44906,5,4.780191847199163,-67.5,15,3
44907,5,4.780191847199163,-56.25,15,2
44908,5,4.780191847199163,-45.0,12,3
44909,5,4.780191847199163,-33.75000000000006,9,1
44910,5,4.780191847199163,-22.5,7,2
44911,5,4.780191847199163,-11.25,14,3
44912,5,0.0,5.625,9,1
44913,5,0.0,16.875,11,3
44914,5,0.0,28.125,5,2
44915,5,0.0,39.375,6,3
44916,5,0.0,50.625,5,7
44917,5,0.0,61.875,7,2
44918,5,0.0,73.125,10,2
44919,5,0.0,84.375,12,3
44920,5,0.0,95.625,7,2
44921,5,0.0,106.875,9,2
44922,5,0.0,118.125,13,3
44923,5,0.0,129.375,15,5
44924,5,0.0,140.625,8,3
44925,5,0.0,151.875,11,2
44926,5,0.0,163.125,6,2
44927,5,0.0,174.375,9,0
44928,5,0.0,-174.375,5,3
44929,5,0.0,-163.125,10,3
44930,5,0.0,-151.875,9,5
44931,5,0.0,-140.625,12,2
44932,5,0.0,-129.37500000000006,7,3
44933,5,0.0,-118.125,11,5
44934,5,0.0,-106.875,7,6
44935,5,0.0,-95.625,10,6
44936,5,0.0,-84.375,6,4
44937,5,0.0,-73.12500000000006,6,2
44938,5,0.0,-61.875,12,6
44939,5,0.0,-50.625,14,4
44940,5,0.0,-39.375,8,1
44941,5,0.0,-28.125,11,2
44942,5,0.0,-16.875,10,1
44943,5,0.0,-5.625,11,3
44944,5,-4.780191847199163,0.0,8,3
44945,5,-4.780191847199163,11.25,9,1
44946,5,-4.780191847199163,22.5,10,0
44947,5,-4.780191847199163,33.75,7,3
44948,5,-4.780191847199163,45.0,4,3
44949,5,-4.780191847199163,56.25,9,2
44950,5,-4.780191847199163,67.5,10,1
44951,5,-4.780191847199163,78.75,10,2
44952,5,-4.780191847199163,90.0,11,0
44953,5,-4.780191847199163,101.25,5,2
44954,5,-4.780191847199163,112.5,8,3
44955,5,-4.780191847199163,123.75,9,3
44956,5,-4.780191847199163,135.0,14,2
44957,5,-4.780191847199163,146.25,12,2
44958,5,-4.780191847199163,157.5,11,0
44959,5,-4.780191847199163,168.75,11,3
44960,5,-4.780191847199163,-180.0,4,0
44961,5,-4.780191847199163,-168.75,7,3
44962,5,-4.780191847199163,-157.5,6,2
44963,5,-4.780191847199163,-146.25,13,2
44964,5,-4.780191847199163,-135.0,5,1
44965,5,-4.780191847199163,-123.75,7,2
44966,5,-4.780191847199163,-112.5,9,2
44967,5,-4.780191847199163,-101.25,8,5
44968,5,-4.780191847199163,-90.0,8,2
44969,5,-4.780191847199163,-78.75000000000006,7,0
44970,5,-4.780191847199163,-67.5,10,3
44971,5,-4.780191847199163,-56.25,9,3
44972,5,-4.780191847199163,-45.0,12,2
44973,5,-4.780191847199163,-33.75000000000006,8,0
44974,5,-4.780191847199163,-22.5,10,0
44975,5,-4.780191847199163,-11.25,13,1
44976,5,-9.594068226860458,5.625,10,0
44977,5,-9.594068226860458,16.875,6,0
44978,5,-9.594068226860458,28.125,13,0
44979,5,-9.594068226860458,39.375,8,0
44980,5,-9.594068226860458,50.625,8,0
44981,5,-9.594068226860458,61.875,10,0
44982,5,-9.594068226860458,73.125,4,0
44983,5,-9.594068226860458,84.375,8,0
44984,5,-9.594068226860458,95.625,4,0
44985,5,-9.594068226860458,106.875,7,1
44986,5,-9.594068226860458,118.125,11,0
44987,5,-9.594068226860458,129.375,5,0
44988,5,-9.594068226860458,140.625,12,0
44989,5,-9.594068226860458,151.875,9,0
44990,5,-9.594068226860458,163.125,11,0
44991,5,-9.594068226860458,174.375,7,0
44992,5,-9.594068226860458,-174.375,9,0
44993,5,-9.594068226860458,-163.125,7,0
44994,5,-9.594068226860458,-151.875,6,1
44995,5,-9.594068226860458,-140.625,7,0
44996,5,-9.594068226860458,-129.37500000000006,5,1
44997,5,-9.594068226860458,-118.125,5,0
44998,5,-9.594068226860458,-106.875,6,0
44999,5,-9.594068226860458,-95.625,12,0
45000,5,-9.594068226860458,-84.375,6,1
45001,5,-9.594068226860458,-73.12500000000006,11,0
45002,5,-9.594068226860458,-61.875,10,0
45003,5,-9.594068226860458,-50.625,6,0
45004,5,-9.594068226860458,-39.375,12,0
45005,5,-9.594068226860458,-28.125,8,0
45006,5,-9.594068226860458,-16.875,7,0
45007,5,-9.594068226860458,-5.625,6,0
45008,5,-14.477512185929925,0.0,10,0
45009,5,-14.477512185929925,11.25,8,0
45010,5,-14.477512185929925,22.5,9,0
45011,5,-14.477512185929925,33.75,8,0
45012,5,-14.477512185929925,45.0,8,0
45013,5,-14.477512185929925,56.25,7,0
45014,5,-14.477512185929925,67.5,4,0
45015,5,-14.477512185929925,78.75,6,0
45016,5,-14.477512185929925,90.0,13,0
45017,5,-14.477512185929925,101.25,8,0
45018,5,-14.477512185929925,112.5,4,0
45019,5,-14.477512185929925,123.75,11,0
45020,5,-14.477512185929925,135.0,10,0
45021,5,-14.477512185929925,146.25,9,0
45022,5,-14.477512185929925,157.5,8,0
45023,5,-14.477512185929925,168.75,10,0
45024,5,-14.477512185929925,-180.0,8,0
45025,5,-14.477512185929925,-168.75,9,0
45026,5,-14.477512185929925,-157.5,10,1
45027,5,-14.477512185929925,-146.25,8,0
45028,5,-14.477512185929925,-135.0,9,0
45029,5,-14.477512185929925,-123.75,6,1
45030,5,-14.477512185929925,-112.5,4,0
45031,5,-14.477512185929925,-101.25,10,0
45032,5,-14.477512185929925,-90.0,10,1
45033,5,-14.477512185929925,-78.75000000000006,5,0
45034,5,-14.477512185929925,-67.5,13,0
45035,5,-14.477512185929925,-56.25,10,0
45036,5,-14.477512185929925,-45.0,11,0
45037,5,-14.477512185929925,-33.75000000000006,9,0
45038,5,-14.477512185929925,-22.5,6,0
45039,5,-14.477512185929925,-11.25,8,0
45040,5,-19.47122063449069,5.625,6,0
45041,5,-19.47122063449069,16.875,10,0
45042,5,-19.47122063449069,28.125,11,0
45043,5,-19.47122063449069,39.375,1,0
45044,5,-19.47122063449069,50.625,11,0
45045,5,-19.47122063449069,61.875,3,0
45046,5,-19.47122063449069,73.125,7,0
45047,5,-19.47122063449069,84.375,11,0
45048,5,-19.47122063449069,95.625,11,0
45049,5,-19.47122063449069,106.875,3,0
45050,5,-19.47122063449069,118.125,3,0
45051,5,-19.47122063449069,129.375,9,0
45052,5,-19.47122063449069,140.625,9,0
45053,5,-19.47122063449069,151.875,8,0
45054,5,-19.47122063449069,163.125,11,0
45055,5,-19.47122063449069,174.375,14,0
45056,5,-19.47122063449069,-174.375,7,1
45057,5,-19.47122063449069,-163.125,10,0
45058,5,-19.47122063449069,-151.875,8,0
45059,5,-19.47122063449069,-140.625,11,0
45060,5,-19.47122063449069,-129.37500000000006,10,0
45061,5,-19.47122063449069,-118.125,4,0
45062,5,-19.47122063449069,-106.875,9,0
45063,5,-19.47122063449069,-95.625,8,0
45064,5,-19.47122063449069,-84.375,11,0
45065,5,-19.47122063449069,-73.12500000000006,10,0
45066,5,-19.47122063449069,-61.875,6,0
45067,5,-19.47122063449069,-50.625,12,0
45068,5,-19.47122063449069,-39.375,13,0
45069,5,-19.47122063449069,-28.125,5,0
45070,5,-19.47122063449069,-16.875,7,0
45071,5,-19.47122063449069,-5.625,13,0
45072,5,-24.62431835216408,0.0,9,0
45073,5,-24.62431835216408,11.25,12,0
45074,5,-24.62431835216408,22.5,9,0
45075,5,-24.62431835216408,33.75,4,0
45076,5,-24.62431835216408,45.0,10,0
45077,5,-24.62431835216408,56.25,7,0
45078,5,-24.62431835216408,67.5,11,0
45079,5,-24.62431835216408,78.75,11,0
45080,5,-24.62431835216408,90.0,11,0
45081,5,-24.62431835216408,101.25,9,0
45082,5,-24.62431835216408,112.5,5,0
45083,5,-24.62431835216408,123.75,12,0
45084,5,-24.62431835216408,135.0,9,0
45085,5,-24.62431835216408,146.25,6,0
45086,5,-24.62431835216408,157.5,7,0
45087,5,-24.62431835216408,168.75,10,0
45088,5,-24.62431835216408,-180.0,7,0
45089,5,-24.62431835216408,-168.75,7,0
45090,5,-24.62431835216408,-157.5,8,0
45091,5,-24.62431835216408,-146.25,8,0
45092,5,-24.62431835216408,-135.0,7,0
45093,5,-24.62431835216408,-123.75,8,0
45094,5,-24.62431835216408,-112.5,3,0
45095,5,-24.62431835216408,-101.25,7,0
45096,5,-24.62431835216408,-90.0,8,0
45097,5,-24.62431835216408,-78.75000000000006,10,0
45098,5,-24.62431835216408,-67.5,9,0
45099,5,-24.62431835216408,-56.25,11,0
45100,5,-24.62431835216408,-45.0,14,0
45101,5,-24.62431835216408,-33.75000000000006,10,0
45102,5,-24.62431835216408,-22.5,8,0
45103,5,-24.62431835216408,-11.25,9,0
45104,5,-30.000000000000014,5.625,12,0
45105,5,-30.000000000000014,16.875,11,0
45106,5,-30.000000000000014,28.125,7,0
45107,5,-30.000000000000014,39.375,9,0
45108,5,-30.000000000000014,50.625,9,0
45109,5,-30.000000000000014,61.875,9,0
45110,5,-30.000000000000014,73.125,7,0
45111,5,-30.000000000000014,84.375,15,0
45112,5,-30.000000000000014,95.625,5,0
45113,5,-30.000000000000014,106.875,12,0
45114,5,-30.000000000000014,118.125,9,0
45115,5,-30.000000000000014,129.375,8,0
45116,5,-30.000000000000014,140.625,4,0
45117,5,-30.000000000000014,151.875,3,0
45118,5,-30.000000000000014,163.125,12,0
45119,5,-30.000000000000014,174.375,5,0
45120,5,-30.000000000000014,-174.375,6,0
45121,5,-30.000000000000014,-163.125,11,0
45122,5,-30.000000000000014,-151.875,8,0
45123,5,-30.000000000000014,-140.625,5,0
45124,5,-30.000000000000014,-129.37500000000006,7,0
45125,5,-30.000000000000014,-118.125,6,0
45126,5,-30.000000000000014,-106.875,4,0
45127,5,-30.000000000000014,-95.625,4,0
45128,5,-30.000000000000014,-84.375,11,0
45129,5,-30.000000000000014,-73.12500000000006,12,0
45130,5,-30.000000000000014,-61.875,8,0
45131,5,-30.000000000000014,-50.625,8,0
45132,5,-30.000000000000014,-39.375,7,0
45133,5,-30.000000000000014,-28.125,11,0
45134,5,-30.000000000000014,-16.875,11,0
45135,5,-30.000000000000014,-5.625,10,0
45136,5,-35.68533471265205,0.0,9,0
45137,5,-35.68533471265205,11.25,13,0
45138,5,-35.68533471265205,22.5,9,0
45139,5,-35.68533471265205,33.75,9,0
45140,5,-35.68533471265205,45.0,10,0
45141,5,-35.68533471265205,56.25,8,0
45142,5,-35.68533471265205,67.5,2,0
45143,5,-35.68533471265205,78.75,4,0
45144,5,-35.68533471265205,90.0,11,0
45145,5,-35.68533471265205,101.25,9,0
45146,5,-35.68533471265205,112.5,9,0
45147,5,-35.68533471265205,123.75,6,0
45148,5,-35.68533471265205,135.0,7,0
45149,5,-35.68533471265205,146.25,11,0
45150,5,-35.68533471265205,157.5,7,0
45151,5,-35.68533471265205,168.75,7,0
45152,5,-35.68533471265205,-180.0,6,0
45153,5,-35.68533471265205,-168.75,8,0
45154,5,-35.68533471265205,-157.5,8,0
45155,5,-35.68533471265205,-146.25,4,0
45156,5,-35.68533471265205,-135.0,5,0
45157,5,-35.68533471265205,-123.75,10,0
45158,5,-35.68533471265205,-112.5,10,0
45159,5,-35.68533471265205,-101.25,10,0
45160,5,-35.68533471265205,-90.0,4,0
45161,5,-35.68533471265205,-78.75000000000006,11,0
45162,5,-35.68533471265205,-67.5,4,0
45163,5,-35.68533471265205,-56.25,8,0
45164,5,-35.68533471265205,-45.0,8,0
45165,5,-35.68533471265205,-33.75000000000006,6,0
45166,5,-35.68533471265205,-22.5,8,0
45167,5,-35.68533471265205,-11.25,13,0
45168,5,-41.81031489577862,5.625,10,0
45169,5,-41.81031489577862,16.875,8,0
45170,5,-41.81031489577862,28.125,13,0
45171,5,-41.81031489577862,39.375,10,0
45172,5,-41.81031489577862,50.625,8,0
45173,5,-41.81031489577862,61.875,9,0
45174,5,-41.81031489577862,73.125,7,0
45175,5,-41.81031489577862,84.375,4,0
45176,5,-41.81031489577862,95.625,12,0
45177,5,-41.81031489577862,106.875,8,0
45178,5,-41.81031489577862,118.125,6,0
45179,5,-41.81031489577862,129.375,9,0
45180,5,-41.81031489577862,140.625,9,0
45181,5,-41.81031489577862,151.875,12,0
45182,5,-41.81031489577862,163.125,8,0
45183,5,-41.81031489577862,174.375,5,0
45184,5,-41.81031489577862,-174.375,11,0
45185,5,-41.81031489577862,-163.125,6,0
45186,5,-41.81031489577862,-151.875,4,0
45187,5,-41.81031489577862,-140.625,5,0
45188,5,-41.81031489577862,-129.37500000000006,7,0
45189,5,-41.81031489577862,-118.125,7,0
45190,5,-41.81031489577862,-106.875,8,0
45191,5,-41.81031489577862,-95.625,12,0
45192,5,-41.81031489577862,-84.375,7,0
45193,5,-41.81031489577862,-73.12500000000006,7,0
45194,5,-41.81031489577862,-61.875,7,0
45195,5,-41.81031489577862,-50.625,7,0
45196,5,-41.81031489577862,-39.375,8,0
45197,5,-41.81031489577862,-28.125,9,0
45198,5,-41.81031489577862,-16.875,11,0
45199,5,-41.81031489577862,-5.625,6,0
45200,5,-48.1412077943603,6.428571428571416,9,0
45201,5,-48.1412077943603,19.285714285714278,11,0
45202,5,-48.1412077943603,32.14285714285714,10,0
45203,5,-48.1412077943603,45.0,9,0
45204,5,-48.1412077943603,57.85714285714286,9,0
45205,5,-48.1412077943603,70.71428571428572,8,0
45206,5,-48.1412077943603,83.57142857142856,17,0
45207,5,-48.1412077943603,96.42857142857144,11,0
45208,5,-48.1412077943603,109.28571428571428,9,0
45209,5,-48.1412077943603,122.14285714285711,9,0
45210,5,-48.1412077943603,135.0,13,0
45211,5,-48.1412077943603,147.8571428571429,13,0
45212,5,-48.1412077943603,160.71428571428572,12,0
45213,5,-48.1412077943603,173.57142857142856,6,0
45214,5,-48.1412077943603,-173.57142857142856,4,0
45215,5,-48.1412077943603,-160.71428571428572,7,0
45216,5,-48.1412077943603,-147.8571428571429,7,0
45217,5,-48.1412077943603,-135.0,11,0
45218,5,-48.1412077943603,-122.14285714285711,8,0
45219,5,-48.1412077943603,-109.28571428571428,9,0
45220,5,-48.1412077943603,-96.42857142857144,9,0
45221,5,-48.1412077943603,-83.57142857142856,9,0
45222,5,-48.1412077943603,-70.71428571428572,9,0
45223,5,-48.1412077943603,-57.85714285714283,13,0
45224,5,-48.1412077943603,-45.0,10,0
45225,5,-48.1412077943603,-32.14285714285717,11,0
45226,5,-48.1412077943603,-19.28571428571422,13,0
45227,5,-48.1412077943603,-6.428571428571445,6,0
45228,5,-54.340912303861245,7.5,7,0
45229,5,-54.340912303861245,22.5,2,0
45230,5,-54.340912303861245,37.5,13,0
45231,5,-54.340912303861245,52.5,11,0
45232,5,-54.340912303861245,67.5,4,0
45233,5,-54.340912303861245,82.5,9,0
45234,5,-54.340912303861245,97.5,9,0
45235,5,-54.340912303861245,112.5,10,0
45236,5,-54.340912303861245,127.5,15,0
45237,5,-54.340912303861245,142.5,13,0
45238,5,-54.340912303861245,157.5,16,0
45239,5,-54.340912303861245,172.5,5,0
45240,5,-54.340912303861245,-172.5,5,0
45241,5,-54.340912303861245,-157.5,10,0
45242,5,-54.340912303861245,-142.5,11,0
45243,5,-54.340912303861245,-127.5,10,0
45244,5,-54.340912303861245,-112.5,8,0
45245,5,-54.340912303861245,-97.5,9,0
45246,5,-54.340912303861245,-82.5,6,0
45247,5,-54.340912303861245,-67.5,10,0
45248,5,-54.340912303861245,-52.50000000000006,13,0
45249,5,-54.340912303861245,-37.5,9,0
45250,5,-54.340912303861245,-22.5,14,0
45251,5,-54.340912303861245,-7.5,13,0
45252,5,-60.4344388449523,9.0,3,0
45253,5,-60.4344388449523,27.0,15,0
45254,5,-60.4344388449523,45.0,12,0
45255,5,-60.4344388449523,63.0,8,0
45256,5,-60.4344388449523,81.0,12,0
45257,5,-60.4344388449523,99.0,5,0
45258,5,-60.4344388449523,117.0,8,0
45259,5,-60.4344388449523,135.0,12,0
45260,5,-60.4344388449523,153.0,10,0
45261,5,-60.4344388449523,171.0,9,0
45262,5,-60.4344388449523,-171.0,9,0
45263,5,-60.4344388449523,-153.0,10,0
45264,5,-60.4344388449523,-135.0,8,0
45265,5,-60.4344388449523,-117.0,3,0
45266,5,-60.4344388449523,-99.0,11,0
45267,5,-60.4344388449523,-81.0,11,0
45268,5,-60.4344388449523,-63.0,6,0
45269,5,-60.4344388449523,-45.0,8,0
45270,5,-60.4344388449523,-27.0,11,0
45271,5,-60.4344388449523,-9.0,9,0
45272,5,-66.44353569089876,11.25,7,0
45273,5,-66.44353569089876,33.75,19,0
45274,5,-66.44353569089876,56.25,9,0
45275,5,-66.44353569089876,78.75,11,0
45276,5,-66.44353569089876,101.25,5,0
45277,5,-66.44353569089876,123.75,7,0
45278,5,-66.44353569089876,146.25,9,0
45279,5,-66.44353569089876,168.75,11,0
45280,5,-66.44353569089876,-168.75,5,0
45281,5,-66.44353569089876,-146.25,7,0
45282,5,-66.44353569089876,-123.75,7,0
45283,5,-66.44353569089876,-101.25,15,0
45284,5,-66.44353569089876,-78.75,9,0
45285,5,-66.44353569089876,-56.25,6,0
45286,5,-66.44353569089876,-33.75,9,0
45287,5,-66.44353569089876,-11.25,8,0
45288,5,-72.38756092964962,15.0,11,0
45289,5,-72.38756092964962,45.0,11,0
45290,5,-72.38756092964962,75.0,9,0
45291,5,-72.38756092964962,105.0,9,0
45292,5,-72.38756092964962,135.0,9,0
45293,5,-72.38756092964962,165.0,7,0
45294,5,-72.38756092964962,-165.0,8,0
45295,5,-72.38756092964962,-135.0,10,0
45296,5,-72.38756092964962,-105.0,15,0
45297,5,-72.38756092964962,-75.0,9,0
45298,5,-72.38756092964962,-45.0,11,0
45299,5,-72.38756092964962,-15.0,8,0
45300,5,-78.28414760510762,22.5,9,0
45301,5,-78.28414760510762,67.5,5,0
45302,5,-78.28414760510762,112.5,5,0
45303,5,-78.28414760510762,157.5,6,0
45304,5,-78.28414760510762,-157.5,6,0
45305,5,-78.28414760510762,-112.5,11,0
45306,5,-78.28414760510762,-67.5,15,0
45307,5,-78.28414760510762,-22.5,13,0
45308,5,-84.14973293629666,45.0,10,0
45309,5,-84.14973293629666,135.0,5,0
45310,5,-84.14973293629666,-135.0,4,0
45311,5,-84.14973293629666,-45.0,10,0
45312,5,84.14973293629666,45.0,11,0
45313,5,84.14973293629666,135.0,12,0
45314,5,84.14973293629666,-135.0,9,0
45315,5,84.14973293629666,-45.0,10,0
45316,5,78.28414760510762,22.5,12,0
45317,5,78.28414760510762,67.5,7,0
45318,5,78.28414760510762,112.5,9,0
45319,5,78.28414760510762,157.5,6,0
45320,5,78.28414760510762,-157.5,6,0
45321,5,78.28414760510762,-112.5,8,0
45322,5,78.28414760510762,-67.5,8,0
45323,5,78.28414760510762,-22.5,9,0
45324,5,72.38756092964962,15.0,8,0
45325,5,72.38756092964962,45.0,7,0
45326,5,72.38756092964962,75.0,7,0
45327,5,72.38756092964962,105.0,10,0
45328,5,72.38756092964962,135.0,8,0
45329,5,72.38756092964962,165.0,10,0
45330,5,72.38756092964962,-165.0,10,0
45331,5,72.38756092964962,-135.0,7,0
45332,5,72.38756092964962,-105.0,13,0
45333,5,72.38756092964962,-75.0,13,0
45334,5,72.38756092964962,-45.0,4,0
45335,5,72.38756092964962,-15.0,11,0
45336,5,66.44353569089877,11.25,10,0
45337,5,66.44353569089877,33.75,9,0
45338,5,66.44353569089877,56.25,7,0
45339,5,66.44353569089877,78.75,8,0
45340,5,66.44353569089877,101.25,9,0
45341,5,66.44353569089877,123.75,10,0
45342,5,66.44353569089877,146.25,9,0
45343,5,66.44353569089877,168.75,7,0
45344,5,66.44353569089877,-168.75,12,0
45345,5,66.44353569089877,-146.25,7,0
45346,5,66.44353569089877,-123.75,7,0
45347,5,66.44353569089877,-101.25,11,1
45348,5,66.44353569089877,-78.75,10,0
45349,5,66.44353569089877,-56.25,7,0
45350,5,66.44353569089877,-33.75,15,0
45351,5,66.44353569089877,-11.25,10,0
45352,5,60.43443884495228,9.0,8,0
45353,5,60.43443884495228,27.0,11,0
45354,5,60.43443884495228,45.0,6,0
45355,5,60.43443884495228,63.0,10,0
45356,5,60.43443884495228,81.0,9,0
45357,5,60.43443884495228,99.0,12,0
45358,5,60.43443884495228,117.0,8,0
45359,5,60.43443884495228,135.0,7,0
45360,5,60.43443884495228,153.0,8,0
45361,5,60.43443884495228,171.0,8,0
45362,5,60.43443884495228,-171.0,9,0
45363,5,60.43443884495228,-153.0,5,0
45364,5,60.43443884495228,-135.0,4,0
45365,5,60.43443884495228,-117.0,8,0
45366,5,60.43443884495228,-99.0,12,0
45367,5,60.43443884495228,-81.0,9,0
45368,5,60.43443884495228,-63.0,7,0
45369,5,60.43443884495228,-45.0,11,0
45370,5,60.43443884495228,-27.0,7,0
45371,5,60.43443884495228,-9.0,5,0
45372,5,54.340912303861245,7.5,9,0
45373,5,54.340912303861245,22.5,8,0
45374,5,54.340912303861245,37.5,8,0
45375,5,54.340912303861245,52.5,12,0
45376,5,54.340912303861245,67.5,9,0
45377,5,54.340912303861245,82.5,10,0
45378,5,54.340912303861245,97.5,11,0
45379,5,54.340912303861245,112.5,10,0
45380,5,54.340912303861245,127.5,7,0
45381,5,54.340912303861245,142.5,10,0
45382,5,54.340912303861245,157.5,8,0
45383,5,54.340912303861245,172.5,9,0
45384,5,54.340912303861245,-172.5,8,0
45385,5,54.340912303861245,-157.5,5,0
45386,5,54.340912303861245,-142.5,5,0
45387,5,54.340912303861245,-127.5,11,0
45388,5,54.340912303861245,-112.5,7,0
45389,5,54.340912303861245,-97.5,8,0
45390,5,54.340912303861245,-82.5,9,0
45391,5,54.340912303861245,-67.5,10,0
45392,5,54.340912303861245,-52.50000000000006,6,0
45393,5,54.340912303861245,-37.5,7,0
45394,5,54.340912303861245,-22.5,11,0
45395,5,54.340912303861245,-7.5,9,0
45396,5,48.141207794360284,6.428571428571416,3,0
45397,5,48.141207794360284,19.285714285714278,6,0
45398,5,48.141207794360284,32.14285714285714,10,0
45399,5,48.141207794360284,45.0,12,0
45400,5,48.141207794360284,57.85714285714286,6,0
45401,5,48.141207794360284,70.71428571428572,9,0
45402,5,48.141207794360284,83.57142857142856,8,0
45403,5,48.141207794360284,96.42857142857144,14,0
45404,5,48.141207794360284,109.28571428571428,6,0
45405,5,48.141207794360284,122.14285714285711,10,0
45406,5,48.141207794360284,135.0,8,0
45407,5,48.141207794360284,147.8571428571429,9,0
45408,5,48.141207794360284,160.71428571428572,6,0
45409,5,48.141207794360284,173.57142857142856,10,0
45410,5,48.141207794360284,-173.57142857142856,9,0
45411,5,48.141207794360284,-160.71428571428572,5,0
45412,5,48.141207794360284,-147.8571428571429,11,0
45413,5,48.141207794360284,-135.0,13,0
45414,5,48.141207794360284,-122.14285714285711,10,0
45415,5,48.141207794360284,-109.28571428571428,1,0
45416,5,48.141207794360284,-96.42857142857144,3,0
45417,5,48.141207794360284,-83.57142857142856,10,0
45418,5,48.141207794360284,-70.71428571428572,9,0
45419,5,48.141207794360284,-57.85714285714283,8,0
45420,5,48.141207794360284,-45.0,4,0
45421,5,48.141207794360284,-32.14285714285717,12,0
45422,5,48.141207794360284,-19.28571428571422,9,0
45423,5,48.141207794360284,-6.428571428571445,8,0
45424,5,41.81031489577859,5.625,6,0
45425,5,41.81031489577859,16.875,7,0
45426,5,41.81031489577859,28.125,4,0
45427,5,41.81031489577859,39.375,13,0
45428,5,41.81031489577859,50.625,5,0
45429,5,41.81031489577859,61.875,14,0
45430,5,41.81031489577859,73.125,12,0
45431,5,41.81031489577859,84.375,14,0
45432,5,41.81031489577859,95.625,14,0
45433,5,41.81031489577859,106.875,8,0
45434,5,41.81031489577859,118.125,4,0
45435,5,41.81031489577859,129.375,10,0
45436,5,41.81031489577859,140.625,8,0
45437,5,41.81031489577859,151.875,7,0
45438,5,41.81031489577859,163.125,7,0
45439,5,41.81031489577859,174.375,7,0
45440,5,41.81031489577859,-174.375,5,0
45441,5,41.81031489577859,-163.125,4,0
45442,5,41.81031489577859,-151.875,16,0
45443,5,41.81031489577859,-140.625,10,0
45444,5,41.81031489577859,-129.37500000000006,12,0
45445,5,41.81031489577859,-118.125,8,0
45446,5,41.81031489577859,-106.875,5,0
45447,5,41.81031489577859,-95.625,5,0
45448,5,41.81031489577859,-84.375,10,0
45449,5,41.81031489577859,-73.12500000000006,12,0
45450,5,41.81031489577859,-61.875,12,0
45451,5,41.81031489577859,-50.625,6,0
45452,5,41.81031489577859,-39.375,8,0
45453,5,41.81031489577859,-28.125,8,0
45454,5,41.81031489577859,-16.875,11,0
45455,5,41.81031489577859,-5.625,6,0
45456,5,35.68533471265204,0.0,4,0
45457,5,35.68533471265204,11.25,7,0
45458,5,35.68533471265204,22.5,6,0
45459,5,35.68533471265204,33.75,12,0
45460,5,35.68533471265204,45.0,6,0
45461,5,35.68533471265204,56.25,11,0
45462,5,35.68533471265204,67.5,6,0
45463,5,35.68533471265204,78.75,9,0
45464,5,35.68533471265204,90.0,14,0
45465,5,35.68533471265204,101.25,12,0
45466,5,35.68533471265204,112.5,4,0
45467,5,35.68533471265204,123.75,5,0
45468,5,35.68533471265204,135.0,12,0
45469,5,35.68533471265204,146.25,10,0
45470,5,35.68533471265204,157.5,11,0
45471,5,35.68533471265204,168.75,10,0
45472,5,35.68533471265204,-180.0,5,0
45473,5,35.68533471265204,-168.75,2,0
45474,5,35.68533471265204,-157.5,5,0
45475,5,35.68533471265204,-146.25,7,0
45476,5,35.68533471265204,-135.0,9,0
45477,5,35.68533471265204,-123.75,6,0
45478,5,35.68533471265204,-112.5,6,0
45479,5,35.68533471265204,-101.25,9,0
45480,5,35.68533471265204,-90.0,6,0
45481,5,35.68533471265204,-78.75000000000006,8,0
45482,5,35.68533471265204,-67.5,10,0
45483,5,35.68533471265204,-56.25,5,0
45484,5,35.68533471265204,-45.0,10,0
45485,5,35.68533471265204,-33.75000000000006,7,0
45486,5,35.68533471265204,-22.5,8,0
45487,5,35.68533471265204,-11.25,12,0
45488,5,30.000000000000007,5.625,12,0
45489,5,30.000000000000007,16.875,7,0
45490,5,30.000000000000007,28.125,11,0
45491,5,30.000000000000007,39.375,12,0
45492,5,30.000000000000007,50.625,10,0
45493,5,30.000000000000007,61.875,6,0
45494,5,30.000000000000007,73.125,11,0
45495,5,30.000000000000007,84.375,7,0
45496,5,30.000000000000007,95.625,6,0
45497,5,30.000000000000007,106.875,13,0
45498,5,30.000000000000007,118.125,5,0
45499,5,30.000000000000007,129.375,11,0
45500,5,30.000000000000007,140.625,9,0
45501,5,30.000000000000007,151.875,10,0
45502,5,30.000000000000007,163.125,8,0
45503,5,30.000000000000007,174.375,10,0
45504,5,30.000000000000007,-174.375,9,0
45505,5,30.000000000000007,-163.125,9,0
45506,5,30.000000000000007,-151.875,7,0
45507,5,30.000000000000007,-140.625,5,0
45508,5,30.000000000000007,-129.37500000000006,4,0
45509,5,30.000000000000007,-118.125,6,0
45510,5,30.000000000000007,-106.875,7,0
45511,5,30.000000000000007,-95.625,11,0
45512,5,30.000000000000007,-84.375,11,0
45513,5,30.000000000000007,-73.12500000000006,9,0
45514,5,30.000000000000007,-61.875,6,0
45515,5,30.000000000000007,-50.625,7,0
45516,5,30.000000000000007,-39.375,5,0
45517,5,30.000000000000007,-28.125,11,0
45518,5,30.000000000000007,-16.875,9,0
45519,5,30.000000000000007,-5.625,6,0
45520,5,24.62431835216408,0.0,10,0
45521,5,24.62431835216408,11.25,9,0
45522,5,24.62431835216408,22.5,11,0
45523,5,24.62431835216408,33.75,9,0
45524,5,24.62431835216408,45.0,7,0
45525,5,24.62431835216408,56.25,4,0
45526,5,24.62431835216408,67.5,9,0
45527,5,24.62431835216408,78.75,9,0
45528,5,24.62431835216408,90.0,7,0
45529,5,24.62431835216408,101.25,9,0
45530,5,24.62431835216408,112.5,9,0
45531,5,24.62431835216408,123.75,11,0
45532,5,24.62431835216408,135.0,11,0
45533,5,24.62431835216408,146.25,6,0
45534,5,24.62431835216408,157.5,11,0
45535,5,24.62431835216408,168.75,9,0
45536,5,24.62431835216408,-180.0,12,0
45537,5,24.62431835216408,-168.75,9,0
45538,5,24.62431835216408,-157.5,6,0
45539,5,24.62431835216408,-146.25,10,0
45540,5,24.62431835216408,-135.0,6,0
45541,5,24.62431835216408,-123.75,11,0
45542,5,24.62431835216408,-112.5,10,0
45543,5,24.62431835216408,-101.25,10,0
45544,5,24.62431835216408,-90.0,13,0
45545,5,24.62431835216408,-78.75000000000006,2,0
45546,5,24.62431835216408,-67.5,10,0
45547,5,24.62431835216408,-56.25,9,0
45548,5,24.62431835216408,-45.0,3,0
45549,5,24.62431835216408,-33.75000000000006,6,0
45550,5,24.62431835216408,-22.5,6,0
45551,5,24.62431835216408,-11.25,9,0
45552,5,19.47122063449069,5.625,6,0
45553,5,19.47122063449069,16.875,8,0
45554,5,19.47122063449069,28.125,9,0
45555,5,19.47122063449069,39.375,4,0
45556,5,19.47122063449069,50.625,6,0
45557,5,19.47122063449069,61.875,7,0
45558,5,19.47122063449069,73.125,5,0
45559,5,19.47122063449069,84.375,4,0
45560,5,19.47122063449069,95.625,13,0
45561,5,19.47122063449069,106.875,9,0
45562,5,19.47122063449069,118.125,8,0
45563,5,19.47122063449069,129.375,9,0
45564,5,19.47122063449069,140.625,6,0
45565,5,19.47122063449069,151.875,8,0
45566,5,19.47122063449069,163.125,13,0
45567,5,19.47122063449069,174.375,9,0
45568,5,19.47122063449069,-174.375,10,0
45569,5,19.47122063449069,-163.125,9,0
45570,5,19.47122063449069,-151.875,3,0
45571,5,19.47122063449069,-140.625,14,0
45572,5,19.47122063449069,-129.37500000000006,12,0
45573,5,19.47122063449069,-118.125,9,0
45574,5,19.47122063449069,-106.875,15,0
45575,5,19.47122063449069,-95.625,9,0
45576,5,19.47122063449069,-84.375,6,0
45577,5,19.47122063449069,-73.12500000000006,4,0
45578,5,19.47122063449069,-61.875,10,0
45579,5,19.47122063449069,-50.625,7,0
45580,5,19.47122063449069,-39.375,5,0
45581,5,19.47122063449069,-28.125,10,0
45582,5,19.47122063449069,-16.875,5,0
45583,5,19.47122063449069,-5.625,17,0
45584,5,14.477512185929925,0.0,10,0
45585,5,14.477512185929925,11.25,10,0
45586,5,14.477512185929925,22.5,7,0
45587,5,14.477512185929925,33.75,11,0
45588,5,14.477512185929925,45.0,10,0
45589,5,14.477512185929925,56.25,6,0
45590,5,14.477512185929925,67.5,8,0
45591,5,14.477512185929925,78.75,3,0
45592,5,14.477512185929925,90.0,6,0
45593,5,14.477512185929925,101.25,11,0
45594,5,14.477512185929925,112.5,9,0
45595,5,14.477512185929925,123.75,13,0
45596,5,14.477512185929925,135.0,10,0
45597,5,14.477512185929925,146.25,7,0
45598,5,14.477512185929925,157.5,8,0
45599,5,14.477512185929925,168.75,7,0
45600,5,14.477512185929925,-180.0,6,0
45601,5,14.477512185929925,-168.75,9,0
45602,5,14.477512185929925,-157.5,8,0
45603,5,14.477512185929925,-146.25,3,0
45604,5,14.477512185929925,-135.0,11,0
45605,5,14.477512185929925,-123.75,12,0
45606,5,14.477512185929925,-112.5,9,0
45607,5,14.477512185929925,-101.25,5,0
45608,5,14.477512185929925,-90.0,11,0
45609,5,14.477512185929925,-78.75000000000006,2,0
45610,5,14.477512185929925,-67.5,8,0
45611,5,14.477512185929925,-56.25,8,0
45612,5,14.477512185929925,-45.0,4,0
45613,5,14.477512185929925,-33.75000000000006,7,0
45614,5,14.477512185929925,-22.5,10,0
45615,5,14.477512185929925,-11.25,10,0
45616,5,9.594068226860458,5.625,14,0
45617,5,9.594068226860458,16.875,8,0
45618,5,9.594068226860458,28.125,6,0
45619,5,9.594068226860458,39.375,12,0
45620,5,9.594068226860458,50.625,7,0
45621,5,9.594068226860458,61.875,10,0
45622,5,9.594068226860458,73.125,8,0
45623,5,9.594068226860458,84.375,5,1
45624,5,9.594068226860458,95.625,7,1
45625,5,9.594068226860458,106.875,7,0
45626,5,9.594068226860458,118.125,12,0
45627,5,9.594068226860458,129.375,11,0
45628,5,9.594068226860458,140.625,12,0
45629,5,9.594068226860458,151.875,4,0
45630,5,9.594068226860458,163.125,7,0
45631,5,9.594068226860458,174.375,4,0
45632,5,9.594068226860458,-174.375,7,0
45633,5,9.594068226860458,-163.125,8,0
45634,5,9.594068226860458,-151.875,7,1
45635,5,9.594068226860458,-140.625,8,0
45636,5,9.594068226860458,-129.37500000000006,10,0
45637,5,9.594068226860458,-118.125,9,0
45638,5,9.594068226860458,-106.875,4,0
45639,5,9.594068226860458,-95.625,12,0
45640,5,9.594068226860458,-84.375,9,0
45641,5,9.594068226860458,-73.12500000000006,10,0
45642,5,9.594068226860458,-61.875,5,0
45643,5,9.594068226860458,-50.625,12,0
45644,5,9.594068226860458,-39.375,8,1
45645,5,9.594068226860458,-28.125,9,0
45646,5,9.594068226860458,-16.875,12,0
45647,5,9.594068226860458,-5.625,13,0
45648,5,4.780191847199163,0.0,13,0
45649,5,4.780191847199163,11.25,5,1
45650,5,4.780191847199163,22.5,13,3
45651,5,4.780191847199163,33.75,5,1
45652,5,4.780191847199163,45.0,8,1
45653,5,4.780191847199163,56.25,8,2
45654,5,4.780191847199163,67.5,10,3
45655,5,4.780191847199163,78.75,12,1
45656,5,4.780191847199163,90.0,8,2
45657,5,4.780191847199163,101.25,6,2
45658,5,4.780191847199163,112.5,10,0
45659,5,4.780191847199163,123.75,17,2
45660,5,4.780191847199163,135.0,16,2
45661,5,4.780191847199163,146.25,3,2
45662,5,4.780191847199163,157.5,8,1
45663,5,4.780191847199163,168.75,8,0
45664,5,4.780191847199163,-180.0,8,0
45665,5,4.780191847199163,-168.75,11,3
45666,5,4.780191847199163,-157.5,10,2
45667,5,4.780191847199163,-146.25,13,6
45668,5,4.780191847199163,-135.0,4,3
45669,5,4.780191847199163,-123.75,10,0
45670,5,4.780191847199163,-112.5,7,6
45671,5,4.780191847199163,-101.25,6,2
45672,5,4.780191847199163,-90.0,7,3
45673,5,4.780191847199163,-78.75000000000006,8,0
45674,5,4.780191847199163,-67.5,15,3
45675,5,4.780191847199163,-56.25,15,2
45676,5,4.780191847199163,-45.0,12,3
45677,5,4.780191847199163,-33.75000000000006,9,1
45678,5,4.780191847199163,-22.5,7,2
45679,5,4.780191847199163,-11.25,14,3
45680,5,0.0,5.625,9,1
45681,5,0.0,16.875,11,3
45682,5,0.0,28.125,5,2
45683,5,0.0,39.375,6,3
45684,5,0.0,50.625,5,7
45685,5,0.0,61.875,7,2
45686,5,0.0,73.125,10,2
45687,5,0.0,84.375,12,3
45688,5,0.0,95.625,7,2
45689,5,0.0,106.875,9,2
45690,5,0.0,118.125,13,3
45691,5,0.0,129.375,15,5
45692,5,0.0,140.625,8,3
45693,5,0.0,151.875,11,2
45694,5,0.0,163.125,6,2
45695,5,0.0,174.375,9,0
45696,5,0.0,-174.375,5,3
45697,5,0.0,-163.125,10,3
45698,5,0.0,-151.875,9,5
45699,5,0.0,-140.625,12,2
45700,5,0.0,-129.37500000000006,7,3
45701,5,0.0,-118.125,11,5
45702,5,0.0,-106.875,7,6
45703,5,0.0,-95.625,10,6
45704,5,0.0,-84.375,6,4
45705,5,0.0,-73.12500000000006,6,2
45706,5,0.0,-61.875,12,6
45707,5,0.0,-50.625,14,4
45708,5,0.0,-39.375,8,1
45709,5,0.0,-28.125,11,2
45710,5,0.0,-16.875,10,1
45711,5,0.0,-5.625,11,3
45712,5,-4.780191847199163,0.0,8,3
45713,5,-4.780191847199163,11.25,9,1
45714,5,-4.780191847199163,22.5,10,0
45715,5,-4.780191847199163,33.75,7,3
45716,5,-4.780191847199163,45.0,4,3
45717,5,-4.780191847199163,56.25,9,2
45718,5,-4.780191847199163,67.5,10,1
45719,5,-4.780191847199163,78.75,10,2
45720,5,-4.780191847199163,90.0,11,0
45721,5,-4.780191847199163,101.25,5,2
45722,5,-4.780191847199163,112.5,8,3
45723,5,-4.780191847199163,123.75,9,3
45724,5,-4.780191847199163,135.0,14,2
45725,5,-4.780191847199163,146.25,12,2
45726,5,-4.780191847199163,157.5,11,0
45727,5,-4.780191847199163,168.75,11,3
45728,5,-4.780191847199163,-180.0,4,0
45729,5,-4.780191847199163,-168.75,7,3
45730,5,-4.780191847199163,-157.5,6,2
45731,5,-4.780191847199163,-146.25,13,2
45732,5,-4.780191847199163,-135.0,5,1
45733,5,-4.780191847199163,-123.75,7,2
45734,5,-4.780191847199163,-112.5,9,2
45735,5,-4.780191847199163,-101.25,8,5
45736,5,-4.780191847199163,-90.0,8,2
45737,5,-4.780191847199163,-78.75000000000006,7,0
45738,5,-4.780191847199163,-67.5,10,3
45739,5,-4.780191847199163,-56.25,9,3
45740,5,-4.780191847199163,-45.0,12,2
45741,5,-4.780191847199163,-33.75000000000006,8,0
45742,5,-4.780191847199163,-22.5,10,0
45743,5,-4.780191847199163,-11.25,13,1
45744,5,-9.594068226860458,5.625,10,0
45745,5,-9.594068226860458,16.875,6,0
45746,5,-9.594068226860458,28.125,13,0
45747,5,-9.594068226860458,39.375,8,0
45748,5,-9.594068226860458,50.625,8,0
45749,5,-9.594068226860458,61.875,10,0
45750,5,-9.594068226860458,73.125,4,0
45751,5,-9.594068226860458,84.375,8,0
45752,5,-9.594068226860458,95.625,4,0
45753,5,-9.594068226860458,106.875,7,1
45754,5,-9.594068226860458,118.125,11,0
45755,5,-9.594068226860458,129.375,5,0
45756,5,-9.594068226860458,140.625,12,0
45757,5,-9.594068226860458,151.875,9,0
45758,5,-9.594068226860458,163.125,11,0
45759,5,-9.594068226860458,174.375,7,0
45760,5,-9.594068226860458,-174.375,9,0
45761,5,-9.594068226860458,-163.125,7,0
45762,5,-9.594068226860458,-151.875,6,1
45763,5,-9.594068226860458,-140.625,7,0
45764,5,-9.594068226860458,-129.37500000000006,5,1
45765,5,-9.594068226860458,-118.125,5,0
45766,5,-9.594068226860458,-106.875,6,0
45767,5,-9.594068226860458,-95.625,12,0
45768,5,-9.594068226860458,-84.375,6,1
45769,5,-9.594068226860458,-73.12500000000006,11,0
45770,5,-9.594068226860458,-61.875,10,0
45771,5,-9.594068226860458,-50.625,6,0
45772,5,-9.594068226860458,-39.375,12,0
45773,5,-9.594068226860458,-28.125,8,0
45774,5,-9.594068226860458,-16.875,7,0
45775,5,-9.594068226860458,-5.625,6,0
45776,5,-14.477512185929925,0.0,10,0
45777,5,-14.477512185929925,11.25,8,0
45778,5,-14.477512185929925,22.5,9,0
45779,5,-14.477512185929925,33.75,8,0
45780,5,-14.477512185929925,45.0,8,0
45781,5,-14.477512185929925,56.25,7,0
45782,5,-14.477512185929925,67.5,4,0
45783,5,-14.477512185929925,78.75,6,0
45784,5,-14.477512185929925,90.0,13,0
45785,5,-14.477512185929925,101.25,8,0
45786,5,-14.477512185929925,112.5,4,0
45787,5,-14.477512185929925,123.75,11,0
45788,5,-14.477512185929925,135.0,10,0
45789,5,-14.477512185929925,146.25,9,0
45790,5,-14.477512185929925,157.5,8,0
45791,5,-14.477512185929925,168.75,10,0
45792,5,-14.477512185929925,-180.0,8,0
45793,5,-14.477512185929925,-168.75,9,0
45794,5,-14.477512185929925,-157.5,10,1
45795,5,-14.477512185929925,-146.25,8,0
45796,5,-14.477512185929925,-135.0,9,0
45797,5,-14.477512185929925,-123.75,6,1
45798,5,-14.477512185929925,-112.5,4,0
45799,5,-14.477512185929925,-101.25,10,0
45800,5,-14.477512185929925,-90.0,10,1
45801,5,-14.477512185929925,-78.75000000000006,5,0
45802,5,-14.477512185929925,-67.5,13,0
45803,5,-14.477512185929925,-56.25,10,0
45804,5,-14.477512185929925,-45.0,11,0
45805,5,-14.477512185929925,-33.75000000000006,9,0
45806,5,-14.477512185929925,-22.5,6,0
45807,5,-14.477512185929925,-11.25,8,0
45808,5,-19.47122063449069,5.625,6,0
45809,5,-19.47122063449069,16.875,10,0
45810,5,-19.47122063449069,28.125,11,0
45811,5,-19.47122063449069,39.375,1,0
45812,5,-19.47122063449069,50.625,11,0
45813,5,-19.47122063449069,61.875,3,0
45814,5,-19.47122063449069,73.125,7,0
45815,5,-19.47122063449069,84.375,11,0
45816,5,-19.47122063449069,95.625,11,0
45817,5,-19.47122063449069,106.875,3,0
45818,5,-19.47122063449069,118.125,3,0
45819,5,-19.47122063449069,129.375,9,0
45820,5,-19.47122063449069,140.625,9,0
45821,5,-19.47122063449069,151.875,8,0
45822,5,-19.47122063449069,163.125,11,0
45823,5,-19.47122063449069,174.375,14,0
45824,5,-19.47122063449069,-174.375,7,1
45825,5,-19.47122063449069,-163.125,10,0
45826,5,-19.47122063449069,-151.875,8,0
45827,5,-19.47122063449069,-140.625,11,0
45828,5,-19.47122063449069,-129.37500000000006,10,0
45829,5,-19.47122063449069,-118.125,4,0
45830,5,-19.47122063449069,-106.875,9,0
45831,5,-19.47122063449069,-95.625,8,0
45832,5,-19.47122063449069,-84.375,11,0
45833,5,-19.47122063449069,-73.12500000000006,10,0
45834,5,-19.47122063449069,-61.875,6,0
45835,5,-19.47122063449069,-50.625,12,0
45836,5,-19.47122063449069,-39.375,13,0
45837,5,-19.47122063449069,-28.125,5,0
45838,5,-19.47122063449069,-16.875,7,0
45839,5,-19.47122063449069,-5.625,13,0
45840,5,-24.62431835216408,0.0,9,0
45841,5,-24.62431835216408,11.25,12,0
45842,5,-24.62431835216408,22.5,9,0
45843,5,-24.62431835216408,33.75,4,0
45844,5,-24.62431835216408,45.0,10,0
45845,5,-24.62431835216408,56.25,7,0
45846,5,-24.62431835216408,67.5,11,0
45847,5,-24.62431835216408,78.75,11,0
45848,5,-24.62431835216408,90.0,11,0
45849,5,-24.62431835216408,101.25,9,0
45850,5,-24.62431835216408,112.5,5,0
45851,5,-24.62431835216408,123.75,12,0
45852,5,-24.62431835216408,135.0,9,0
45853,5,-24.62431835216408,146.25,6,0
45854,5,-24.62431835216408,157.5,7,0
45855,5,-24.62431835216408,168.75,10,0
45856,5,-24.62431835216408,-180.0,7,0
45857,5,-24.62431835216408,-168.75,7,0
45858,5,-24.62431835216408,-157.5,8,0
45859,5,-24.62431835216408,-146.25,8,0
45860,5,-24.62431835216408,-135.0,7,0
45861,5,-24.62431835216408,-123.75,8,0
45862,5,-24.62431835216408,-112.5,3,0
45863,5,-24.62431835216408,-101.25,7,0
45864,5,-24.62431835216408,-90.0,8,0
45865,5,-24.62431835216408,-78.75000000000006,10,0
45866,5,-24.62431835216408,-67.5,9,0
45867,5,-24.62431835216408,-56.25,11,0
45868,5,-24.62431835216408,-45.0,14,0
45869,5,-24.62431835216408,-33.75000000000006,10,0
45870,5,-24.62431835216408,-22.5,8,0
45871,5,-24.62431835216408,-11.25,9,0
45872,5,-30.000000000000014,5.625,12,0
45873,5,-30.000000000000014,16.875,11,0
45874,5,-30.000000000000014,28.125,7,0
45875,5,-30.000000000000014,39.375,9,0
45876,5,-30.000000000000014,50.625,9,0
45877,5,-30.000000000000014,61.875,9,0
45878,5,-30.000000000000014,73.125,7,0
45879,5,-30.000000000000014,84.375,15,0
45880,5,-30.000000000000014,95.625,5,0
45881,5,-30.000000000000014,106.875,12,0
45882,5,-30.000000000000014,118.125,9,0
45883,5,-30.000000000000014,129.375,8,0
45884,5,-30.000000000000014,140.625,4,0
45885,5,-30.000000000000014,151.875,3,0
45886,5,-30.000000000000014,163.125,12,0
45887,5,-30.000000000000014,174.375,5,0
45888,5,-30.000000000000014,-174.375,6,0
45889,5,-30.000000000000014,-163.125,11,0
45890,5,-30.000000000000014,-151.875,8,0
45891,5,-30.000000000000014,-140.625,5,0
45892,5,-30.000000000000014,-129.37500000000006,7,0
45893,5,-30.000000000000014,-118.125,6,0
45894,5,-30.000000000000014,-106.875,4,0
45895,5,-30.000000000000014,-95.625,4,0
45896,5,-30.000000000000014,-84.375,11,0
45897,5,-30.000000000000014,-73.12500000000006,12,0
45898,5,-30.000000000000014,-61.875,8,0
45899,5,-30.000000000000014,-50.625,8,0
45900,5,-30.000000000000014,-39.375,7,0
45901,5,-30.000000000000014,-28.125,11,0
45902,5,-30.000000000000014,-16.875,11,0
45903,5,-30.000000000000014,-5.625,10,0
45904,5,-35.68533471265205,0.0,9,0
45905,5,-35.68533471265205,11.25,13,0
45906,5,-35.68533471265205,22.5,9,0
45907,5,-35.68533471265205,33.75,9,0
45908,5,-35.68533471265205,45.0,10,0
45909,5,-35.68533471265205,56.25,8,0
45910,5,-35.68533471265205,67.5,2,0
45911,5,-35.68533471265205,78.75,4,0
45912,5,-35.68533471265205,90.0,11,0
45913,5,-35.68533471265205,101.25,9,0
45914,5,-35.68533471265205,112.5,9,0
45915,5,-35.68533471265205,123.75,6,0
45916,5,-35.68533471265205,135.0,7,0
45917,5,-35.68533471265205,146.25,11,0
45918,5,-35.68533471265205,157.5,7,0
45919,5,-35.68533471265205,168.75,7,0
45920,5,-35.68533471265205,-180.0,6,0
45921,5,-35.68533471265205,-168.75,8,0
45922,5,-35.68533471265205,-157.5,8,0
45923,5,-35.68533471265205,-146.25,4,0
45924,5,-35.68533471265205,-135.0,5,0
45925,5,-35.68533471265205,-123.75,10,0
45926,5,-35.68533471265205,-112.5,10,0
45927,5,-35.68533471265205,-101.25,10,0
45928,5,-35.68533471265205,-90.0,4,0
45929,5,-35.68533471265205,-78.75000000000006,11,0
45930,5,-35.68533471265205,-67.5,4,0
45931,5,-35.68533471265205,-56.25,8,0
45932,5,-35.68533471265205,-45.0,8,0
45933,5,-35.68533471265205,-33.75000000000006,6,0
45934,5,-35.68533471265205,-22.5,8,0
45935,5,-35.68533471265205,-11.25,13,0
45936,5,-41.81031489577862,5.625,10,0
45937,5,-41.81031489577862,16.875,8,0
45938,5,-41.81031489577862,28.125,13,0
45939,5,-41.81031489577862,39.375,10,0
45940,5,-41.81031489577862,50.625,8,0
45941,5,-41.81031489577862,61.875,9,0
45942,5,-41.81031489577862,73.125,7,0
45943,5,-41.81031489577862,84.375,4,0
45944,5,-41.81031489577862,95.625,12,0
45945,5,-41.81031489577862,106.875,8,0
45946,5,-41.81031489577862,118.125,6,0
45947,5,-41.81031489577862,129.375,9,0
45948,5,-41.81031489577862,140.625,9,0
45949,5,-41.81031489577862,151.875,12,0
45950,5,-41.81031489577862,163.125,8,0
45951,5,-41.81031489577862,174.375,5,0
45952,5,-41.81031489577862,-174.375,11,0
45953,5,-41.81031489577862,-163.125,6,0
45954,5,-41.81031489577862,-151.875,4,0
45955,5,-41.81031489577862,-140.625,5,0
45956,5,-41.81031489577862,-129.37500000000006,7,0
45957,5,-41.81031489577862,-118.125,7,0
45958,5,-41.81031489577862,-106.875,8,0
45959,5,-41.81031489577862,-95.625,12,0
45960,5,-41.81031489577862,-84.375,7,0
45961,5,-41.81031489577862,-73.12500000000006,7,0
45962,5,-41.81031489577862,-61.875,7,0
45963,5,-41.81031489577862,-50.625,7,0
45964,5,-41.81031489577862,-39.375,8,0
45965,5,-41.81031489577862,-28.125,9,0
45966,5,-41.81031489577862,-16.875,11,0
45967,5,-41.81031489577862,-5.625,6,0
45968,5,-48.1412077943603,6.428571428571416,9,0
45969,5,-48.1412077943603,19.285714285714278,11,0
45970,5,-48.1412077943603,32.14285714285714,10,0
45971,5,-48.1412077943603,45.0,9,0
45972,5,-48.1412077943603,57.85714285714286,9,0
45973,5,-48.1412077943603,70.71428571428572,8,0
45974,5,-48.1412077943603,83.57142857142856,17,0
45975,5,-48.1412077943603,96.42857142857144,11,0
45976,5,-48.1412077943603,109.28571428571428,9,0
45977,5,-48.1412077943603,122.14285714285711,9,0
45978,5,-48.1412077943603,135.0,13,0
45979,5,-48.1412077943603,147.8571428571429,13,0
45980,5,-48.1412077943603,160.71428571428572,12,0
45981,5,-48.1412077943603,173.57142857142856,6,0
45982,5,-48.1412077943603,-173.57142857142856,4,0
45983,5,-48.1412077943603,-160.71428571428572,7,0
45984,5,-48.1412077943603,-147.8571428571429,7,0
45985,5,-48.1412077943603,-135.0,11,0
45986,5,-48.1412077943603,-122.14285714285711,8,0
45987,5,-48.1412077943603,-109.28571428571428,9,0
45988,5,-48.1412077943603,-96.42857142857144,9,0
45989,5,-48.1412077943603,-83.57142857142856,9,0
45990,5,-48.1412077943603,-70.71428571428572,9,0
45991,5,-48.1412077943603,-57.85714285714283,13,0
45992,5,-48.1412077943603,-45.0,10,0
45993,5,-48.1412077943603,-32.14285714285717,11,0
45994,5,-48.1412077943603,-19.28571428571422,13,0
45995,5,-48.1412077943603,-6.428571428571445,6,0
45996,5,-54.340912303861245,7.5,7,0
45997,5,-54.340912303861245,22.5,2,0
45998,5,-54.340912303861245,37.5,13,0
45999,5,-54.340912303861245,52.5,11,0
46000,5,-54.340912303861245,67.5,4,0
46001,5,-54.340912303861245,82.5,9,0
46002,5,-54.340912303861245,97.5,9,0
46003,5,-54.340912303861245,112.5,10,0
46004,5,-54.340912303861245,127.5,15,0
46005,5,-54.340912303861245,142.5,13,0
46006,5,-54.340912303861245,157.5,16,0
46007,5,-54.340912303861245,172.5,5,0
46008,5,-54.340912303861245,-172.5,5,0
46009,5,-54.340912303861245,-157.5,10,0
46010,5,-54.340912303861245,-142.5,11,0
46011,5,-54.340912303861245,-127.5,10,0
46012,5,-54.340912303861245,-112.5,8,0
46013,5,-54.340912303861245,-97.5,9,0
46014,5,-54.340912303861245,-82.5,6,0
46015,5,-54.340912303861245,-67.5,10,0
46016,5,-54.340912303861245,-52.50000000000006,13,0
46017,5,-54.340912303861245,-37.5,9,0
46018,5,-54.340912303861245,-22.5,14,0
46019,5,-54.340912303861245,-7.5,13,0
46020,5,-60.4344388449523,9.0,3,0
46021,5,-60.4344388449523,27.0,15,0
46022,5,-60.4344388449523,45.0,12,0
46023,5,-60.4344388449523,63.0,8,0
46024,5,-60.4344388449523,81.0,12,0
46025,5,-60.4344388449523,99.0,5,0
46026,5,-60.4344388449523,117.0,8,0
46027,5,-60.4344388449523,135.0,12,0
46028,5,-60.4344388449523,153.0,10,0
46029,5,-60.4344388449523,171.0,9,0
46030,5,-60.4344388449523,-171.0,9,0
46031,5,-60.4344388449523,-153.0,10,0
46032,5,-60.4344388449523,-135.0,8,0
46033,5,-60.4344388449523,-117.0,3,0
46034,5,-60.4344388449523,-99.0,11,0
46035,5,-60.4344388449523,-81.0,11,0
46036,5,-60.4344388449523,-63.0,6,0
46037,5,-60.4344388449523,-45.0,8,0
46038,5,-60.4344388449523,-27.0,11,0
46039,5,-60.4344388449523,-9.0,9,0
46040,5,-66.44353569089876,11.25,7,0
46041,5,-66.44353569089876,33.75,19,0
46042,5,-66.44353569089876,56.25,9,0
46043,5,-66.44353569089876,78.75,11,0
46044,5,-66.44353569089876,101.25,5,0
46045,5,-66.44353569089876,123.75,7,0
46046,5,-66.44353569089876,146.25,9,0
46047,5,-66.44353569089876,168.75,11,0
46048,5,-66.44353569089876,-168.75,5,0
46049,5,-66.44353569089876,-146.25,7,0
46050,5,-66.44353569089876,-123.75,7,0
46051,5,-66.44353569089876,-101.25,15,0
46052,5,-66.44353569089876,-78.75,9,0
46053,5,-66.44353569089876,-56.25,6,0
46054,5,-66.44353569089876,-33.75,9,0
46055,5,-66.44353569089876,-11.25,8,0
46056,5,-72.38756092964962,15.0,11,0
46057,5,-72.38756092964962,45.0,11,0
46058,5,-72.38756092964962,75.0,9,0
46059,5,-72.38756092964962,105.0,9,0
46060,5,-72.38756092964962,135.0,9,0
46061,5,-72.38756092964962,165.0,7,0
46062,5,-72.38756092964962,-165.0,8,0
46063,5,-72.38756092964962,-135.0,10,0
46064,5,-72.38756092964962,-105.0,15,0
46065,5,-72.38756092964962,-75.0,9,0
46066,5,-72.38756092964962,-45.0,11,0
46067,5,-72.38756092964962,-15.0,8,0
46068,5,-78.28414760510762,22.5,9,0
46069,5,-78.28414760510762,67.5,5,0
46070,5,-78.28414760510762,112.5,5,0
46071,5,-78.28414760510762,157.5,6,0
46072,5,-78.28414760510762,-157.5,6,0
46073,5,-78.28414760510762,-112.5,11,0
46074,5,-78.28414760510762,-67.5,15,0
46075,5,-78.28414760510762,-22.5,13,0
46076,5,-84.14973293629666,45.0,10,0
46077,5,-84.14973293629666,135.0,5,0
46078,5,-84.14973293629666,-135.0,4,0
46079,5,-84.14973293629666,-45.0,10,0
