30720,4,84.14973293629666,45.0,5,0
30721,4,84.14973293629666,135.0,7,0
30722,4,84.14973293629666,-135.0,9,0
30723,4,84.14973293629666,-45.0,6,0
30724,4,78.28414760510762,22.5,13,0
30725,4,78.28414760510762,67.5,7,0
30726,4,78.28414760510762,112.5,11,0
30727,4,78.28414760510762,157.5,13,0
30728,4,78.28414760510762,-157.5,11,0
30729,4,78.28414760510762,-112.5,8,0
30730,4,78.28414760510762,-67.5,7,0
30731,4,78.28414760510762,-22.5,14,0
30732,4,72.38756092964962,15.0,6,0
30733,4,72.38756092964962,45.0,12,0
30734,4,72.38756092964962,75.0,16,0
30735,4,72.38756092964962,105.0,14,0
30736,4,72.38756092964962,135.0,11,0
30737,4,72.38756092964962,165.0,7,0
30738,4,72.38756092964962,-165.0,9,0
30739,4,72.38756092964962,-135.0,16,0
30740,4,72.38756092964962,-105.0,7,0
30741,4,72.38756092964962,-75.0,9,0
30742,4,72.38756092964962,-45.0,15,0
30743,4,72.38756092964962,-15.0,10,0
30744,4,66.44353569089877,11.25,8,0
30745,4,66.44353569089877,33.75,11,0
30746,4,66.44353569089877,56.25,10,0
30747,4,66.44353569089877,78.75,9,0
30748,4,66.44353569089877,101.25,8,0
30749,4,66.44353569089877,123.75,13,0
30750,4,66.44353569089877,146.25,10,0
30751,4,66.44353569089877,168.75,6,0
30752,4,66.44353569089877,-168.75,19,0
30753,4,66.44353569089877,-146.25,11,0
30754,4,66.44353569089877,-123.75,12,0
30755,4,66.44353569089877,-101.25,13,0
30756,4,66.44353569089877,-78.75,7,0
30757,4,66.44353569089877,-56.25,13,0
30758,4,66.44353569089877,-33.75,15,0
30759,4,66.44353569089877,-11.25,9,0
30760,4,60.43443884495228,9.0,9,0
30761,4,60.43443884495228,27.0,9,0
30762,4,60.43443884495228,45.0,9,0
30763,4,60.43443884495228,63.0,5,0
30764,4,60.43443884495228,81.0,8,0
30765,4,60.43443884495228,99.0,6,0
30766,4,60.43443884495228,117.0,9,0
30767,4,60.43443884495228,135.0,16,0
30768,4,60.43443884495228,153.0,13,0
30769,4,60.43443884495228,171.0,10,0
30770,4,60.43443884495228,-171.0,17,0
30771,4,60.43443884495228,-153.0,7,0
30772,4,60.43443884495228,-135.0,14,0
30773,4,60.43443884495228,-117.0,10,0
30774,4,60.43443884495228,-99.0,16,0
30775,4,60.43443884495228,-81.0,10,0
30776,4,60.43443884495228,-63.0,10,0
30777,4,60.43443884495228,-45.0,16,0
30778,4,60.43443884495228,-27.0,14,0
30779,4,60.43443884495228,-9.0,12,0
30780,4,54.340912303861245,7.5,12,0
30781,4,54.340912303861245,22.5,8,0
30782,4,54.340912303861245,37.5,7,0
30783,4,54.340912303861245,52.5,9,0
30784,4,54.340912303861245,67.5,8,0
30785,4,54.340912303861245,82.5,14,0
30786,4,54.340912303861245,97.5,9,0
30787,4,54.340912303861245,112.5,8,0
30788,4,54.340912303861245,127.5,7,0
30789,4,54.340912303861245,142.5,8,0
30790,4,54.340912303861245,157.5,13,0
30791,4,54.340912303861245,172.5,11,0
30792,4,54.340912303861245,-172.5,9,0
30793,4,54.340912303861245,-157.5,8,0
30794,4,54.340912303861245,-142.5,8,0
30795,4,54.340912303861245,-127.5,7,0
30796,4,54.340912303861245,-112.5,7,0
30797,4,54.340912303861245,-97.5,20,0
30798,4,54.340912303861245,-82.5,9,0
30799,4,54.340912303861245,-67.5,11,0
30800,4,54.340912303861245,-52.50000000000006,10,0
30801,4,54.340912303861245,-37.5,15,0
30802,4,54.340912303861245,-22.5,13,0
30803,4,54.340912303861245,-7.5,13,0
30804,4,48.141207794360284,6.428571428571416,11,0
30805,4,48.141207794360284,19.285714285714278,11,0
30806,4,48.141207794360284,32.14285714285714,9,0
30807,4,48.141207794360284,45.0,8,0
30808,4,48.141207794360284,57.85714285714286,6,0
30809,4,48.141207794360284,70.71428571428572,12,0
30810,4,48.141207794360284,83.57142857142856,16,0
30811,4,48.141207794360284,96.42857142857144,11,0
30812,4,48.141207794360284,109.28571428571428,13,0
30813,4,48.141207794360284,122.14285714285711,14,0
30814,4,48.141207794360284,135.0,5,0
30815,4,48.141207794360284,147.8571428571429,8,0
30816,4,48.141207794360284,160.71428571428572,12,0
30817,4,48.141207794360284,173.57142857142856,8,0
30818,4,48.141207794360284,-173.57142857142856,10,0
30819,4,48.141207794360284,-160.71428571428572,7,0
30820,4,48.141207794360284,-147.8571428571429,8,0
30821,4,48.141207794360284,-135.0,18,0
30822,4,48.141207794360284,-122.14285714285711,10,0
30823,4,48.141207794360284,-109.28571428571428,10,0
30824,4,48.141207794360284,-96.42857142857144,14,0
30825,4,48.141207794360284,-83.57142857142856,9,0
30826,4,48.141207794360284,-70.71428571428572,12,0
30827,4,48.141207794360284,-57.85714285714283,7,0
30828,4,48.141207794360284,-45.0,9,0
30829,4,48.141207794360284,-32.14285714285717,12,0
30830,4,48.141207794360284,-19.28571428571422,13,0
30831,4,48.141207794360284,-6.428571428571445,16,0
30832,4,41.81031489577859,5.625,10,0
30833,4,41.81031489577859,16.875,13,0
30834,4,41.81031489577859,28.125,15,0
30835,4,41.81031489577859,39.375,8,0
30836,4,41.81031489577859,50.625,10,0
30837,4,41.81031489577859,61.875,8,0
30838,4,41.81031489577859,73.125,13,0
30839,4,41.81031489577859,84.375,12,0
30840,4,41.81031489577859,95.625,6,0
30841,4,41.81031489577859,106.875,13,0
30842,4,41.81031489577859,118.125,15,0
30843,4,41.81031489577859,129.375,12,0
30844,4,41.81031489577859,140.625,7,0
30845,4,41.81031489577859,151.875,10,0
30846,4,41.81031489577859,163.125,11,0
30847,4,41.81031489577859,174.375,4,0
30848,4,41.81031489577859,-174.375,14,0
30849,4,41.81031489577859,-163.125,14,0
30850,4,41.81031489577859,-151.875,7,0
30851,4,41.81031489577859,-140.625,18,0
30852,4,41.81031489577859,-129.37500000000006,16,0
30853,4,41.81031489577859,-118.125,6,0
30854,4,41.81031489577859,-106.875,8,0
30855,4,41.81031489577859,-95.625,9,0
30856,4,41.81031489577859,-84.375,15,0
30857,4,41.81031489577859,-73.12500000000006,6,0
30858,4,41.81031489577859,-61.875,9,0
30859,4,41.81031489577859,-50.625,13,0
30860,4,41.81031489577859,-39.375,9,0
30861,4,41.81031489577859,-28.125,10,0
30862,4,41.81031489577859,-16.875,9,0
30863,4,41.81031489577859,-5.625,14,0
30864,4,35.68533471265204,0.0,10,0
30865,4,35.68533471265204,11.25,8,0
30866,4,35.68533471265204,22.5,13,0
30867,4,35.68533471265204,33.75,6,0
30868,4,35.68533471265204,45.0,5,0
30869,4,35.68533471265204,56.25,11,0
30870,4,35.68533471265204,67.5,9,0
30871,4,35.68533471265204,78.75,16,0
30872,4,35.68533471265204,90.0,7,0
30873,4,35.68533471265204,101.25,11,0
30874,4,35.68533471265204,112.5,14,0
30875,4,35.68533471265204,123.75,11,0
30876,4,35.68533471265204,135.0,13,0
30877,4,35.68533471265204,146.25,10,0
30878,4,35.68533471265204,157.5,16,0
30879,4,35.68533471265204,168.75,15,0
30880,4,35.68533471265204,-180.0,7,0
30881,4,35.68533471265204,-168.75,13,0
30882,4,35.68533471265204,-157.5,12,0
30883,4,35.68533471265204,-146.25,9,0
30884,4,35.68533471265204,-135.0,13,0
30885,4,35.68533471265204,-123.75,10,0
30886,4,35.68533471265204,-112.5,12,0
30887,4,35.68533471265204,-101.25,11,0
30888,4,35.68533471265204,-90.0,12,0
30889,4,35.68533471265204,-78.75000000000006,10,0
30890,4,35.68533471265204,-67.5,5,0
30891,4,35.68533471265204,-56.25,12,0
30892,4,35.68533471265204,-45.0,13,0
30893,4,35.68533471265204,-33.75000000000006,14,0
30894,4,35.68533471265204,-22.5,18,0
30895,4,35.68533471265204,-11.25,9,0
30896,4,30.000000000000007,5.625,9,0
30897,4,30.000000000000007,16.875,9,0
30898,4,30.000000000000007,28.125,14,0
30899,4,30.000000000000007,39.375,9,0
30900,4,30.000000000000007,50.625,16,0
30901,4,30.000000000000007,61.875,16,0
30902,4,30.000000000000007,73.125,13,0
30903,4,30.000000000000007,84.375,11,0
30904,4,30.000000000000007,95.625,13,0
30905,4,30.000000000000007,106.875,13,0
30906,4,30.000000000000007,118.125,11,0
30907,4,30.000000000000007,129.375,13,0
30908,4,30.000000000000007,140.625,11,0
30909,4,30.000000000000007,151.875,9,0
30910,4,30.000000000000007,163.125,16,0
30911,4,30.000000000000007,174.375,10,0
30912,4,30.000000000000007,-174.375,8,0
30913,4,30.000000000000007,-163.125,7,0
30914,4,30.000000000000007,-151.875,13,0
30915,4,30.000000000000007,-140.625,12,0
30916,4,30.000000000000007,-129.37500000000006,11,0
30917,4,30.000000000000007,-118.125,14,0
30918,4,30.000000000000007,-106.875,9,0
30919,4,30.000000000000007,-95.625,18,0
30920,4,30.000000000000007,-84.375,14,0
30921,4,30.000000000000007,-73.12500000000006,4,0
30922,4,30.000000000000007,-61.875,7,0
30923,4,30.000000000000007,-50.625,11,0
30924,4,30.000000000000007,-39.375,14,0
30925,4,30.000000000000007,-28.125,13,0
30926,4,30.000000000000007,-16.875,17,0
30927,4,30.000000000000007,-5.625,10,0
30928,4,24.62431835216408,0.0,7,0
30929,4,24.62431835216408,11.25,4,0
30930,4,24.62431835216408,22.5,15,0
30931,4,24.62431835216408,33.75,13,0
30932,4,24.62431835216408,45.0,12,0
30933,4,24.62431835216408,56.25,17,0
30934,4,24.62431835216408,67.5,16,0
30935,4,24.62431835216408,78.75,11,0
30936,4,24.62431835216408,90.0,16,0
30937,4,24.62431835216408,101.25,11,0
30938,4,24.62431835216408,112.5,12,0
30939,4,24.62431835216408,123.75,12,0
30940,4,24.62431835216408,135.0,14,0
30941,4,24.62431835216408,146.25,8,0
30942,4,24.62431835216408,157.5,13,0
30943,4,24.62431835216408,168.75,6,0
30944,4,24.62431835216408,-180.0,9,0
30945,4,24.62431835216408,-168.75,8,0
30946,4,24.62431835216408,-157.5,6,0
30947,4,24.62431835216408,-146.25,10,0
30948,4,24.62431835216408,-135.0,13,0
30949,4,24.62431835216408,-123.75,19,0
30950,4,24.62431835216408,-112.5,12,0
30951,4,24.62431835216408,-101.25,15,0
30952,4,24.62431835216408,-90.0,9,0
30953,4,24.62431835216408,-78.75000000000006,7,0
30954,4,24.62431835216408,-67.5,14,0
30955,4,24.62431835216408,-56.25,10,0
30956,4,24.62431835216408,-45.0,9,0
30957,4,24.62431835216408,-33.75000000000006,8,0
30958,4,24.62431835216408,-22.5,11,0
30959,4,24.62431835216408,-11.25,9,0
30960,4,19.47122063449069,5.625,8,0
30961,4,19.47122063449069,16.875,12,0
30962,4,19.47122063449069,28.125,11,0
30963,4,19.47122063449069,39.375,3,0
30964,4,19.47122063449069,50.625,10,0
30965,4,19.47122063449069,61.875,15,0
30966,4,19.47122063449069,73.125,14,0
30967,4,19.47122063449069,84.375,13,0
30968,4,19.47122063449069,95.625,8,0
30969,4,19.47122063449069,106.875,9,0
30970,4,19.47122063449069,118.125,9,0
30971,4,19.47122063449069,129.375,19,0
30972,4,19.47122063449069,140.625,13,0
30973,4,19.47122063449069,151.875,13,0
30974,4,19.47122063449069,163.125,11,0
30975,4,19.47122063449069,174.375,9,0
30976,4,19.47122063449069,-174.375,10,0
30977,4,19.47122063449069,-163.125,10,0
30978,4,19.47122063449069,-151.875,8,0
30979,4,19.47122063449069,-140.625,11,0
30980,4,19.47122063449069,-129.37500000000006,11,0
30981,4,19.47122063449069,-118.125,9,0
30982,4,19.47122063449069,-106.875,7,0
30983,4,19.47122063449069,-95.625,10,0
30984,4,19.47122063449069,-84.375,3,0
30985,4,19.47122063449069,-73.12500000000006,13,0
30986,4,19.47122063449069,-61.875,7,0
30987,4,19.47122063449069,-50.625,10,0
30988,4,19.47122063449069,-39.375,8,0
30989,4,19.47122063449069,-28.125,10,0
30990,4,19.47122063449069,-16.875,12,0
30991,4,19.47122063449069,-5.625,9,0
30992,4,14.477512185929925,0.0,11,0
30993,4,14.477512185929925,11.25,9,0
30994,4,14.477512185929925,22.5,13,0
30995,4,14.477512185929925,33.75,7,0
30996,4,14.477512185929925,45.0,6,0
30997,4,14.477512185929925,56.25,16,0
30998,4,14.477512185929925,67.5,9,0
30999,4,14.477512185929925,78.75,13,0
31000,4,14.477512185929925,90.0,14,0
31001,4,14.477512185929925,101.25,7,0
31002,4,14.477512185929925,112.5,16,0
31003,4,14.477512185929925,123.75,8,0
31004,4,14.477512185929925,135.0,12,0
31005,4,14.477512185929925,146.25,10,0
31006,4,14.477512185929925,157.5,12,0
31007,4,14.477512185929925,168.75,12,0
31008,4,14.477512185929925,-180.0,8,0
31009,4,14.477512185929925,-168.75,5,0
31010,4,14.477512185929925,-157.5,11,0
31011,4,14.477512185929925,-146.25,9,0
31012,4,14.477512185929925,-135.0,9,0
31013,4,14.477512185929925,-123.75,6,0
31014,4,14.477512185929925,-112.5,7,0
31015,4,14.477512185929925,-101.25,7,0
31016,4,14.477512185929925,-90.0,15,0
31017,4,14.477512185929925,-78.75000000000006,12,0
31018,4,14.477512185929925,-67.5,6,0
31019,4,14.477512185929925,-56.25,9,0
31020,4,14.477512185929925,-45.0,17,0
31021,4,14.477512185929925,-33.75000000000006,8,0
31022,4,14.477512185929925,-22.5,10,0
31023,4,14.477512185929925,-11.25,7,0
31024,4,9.594068226860458,5.625,10,0
31025,4,9.594068226860458,16.875,13,0
31026,4,9.594068226860458,28.125,10,1
31027,4,9.594068226860458,39.375,6,0
31028,4,9.594068226860458,50.625,13,0
31029,4,9.594068226860458,61.875,8,1
31030,4,9.594068226860458,73.125,9,0
31031,4,9.594068226860458,84.375,8,0
31032,4,9.594068226860458,95.625,13,0
31033,4,9.594068226860458,106.875,10,0
31034,4,9.594068226860458,118.125,10,0
31035,4,9.594068226860458,129.375,14,0
31036,4,9.594068226860458,140.625,12,0
31037,4,9.594068226860458,151.875,8,0
31038,4,9.594068226860458,163.125,15,0
31039,4,9.594068226860458,174.375,11,0
31040,4,9.594068226860458,-174.375,13,1
31041,4,9.594068226860458,-163.125,10,0
31042,4,9.594068226860458,-151.875,8,0
31043,4,9.594068226860458,-140.625,7,0
31044,4,9.594068226860458,-129.37500000000006,8,0
31045,4,9.594068226860458,-118.125,5,0
31046,4,9.594068226860458,-106.875,19,0
31047,4,9.594068226860458,-95.625,11,0
31048,4,9.594068226860458,-84.375,18,1
31049,4,9.594068226860458,-73.12500000000006,13,0
31050,4,9.594068226860458,-61.875,7,1
31051,4,9.594068226860458,-50.625,11,0
31052,4,9.594068226860458,-39.375,10,0
31053,4,9.594068226860458,-28.125,14,0
31054,4,9.594068226860458,-16.875,10,0
31055,4,9.594068226860458,-5.625,13,0
31056,4,4.780191847199163,0.0,16,3
31057,4,4.780191847199163,11.25,9,2
31058,4,4.780191847199163,22.5,8,1
31059,4,4.780191847199163,33.75,12,4
31060,4,4.780191847199163,45.0,13,1
31061,4,4.780191847199163,56.25,8,1
31062,4,4.780191847199163,67.5,8,2
31063,4,4.780191847199163,78.75,6,1
31064,4,4.780191847199163,90.0,14,1
31065,4,4.780191847199163,101.25,9,0
31066,4,4.780191847199163,112.5,8,2
31067,4,4.780191847199163,123.75,15,0
31068,4,4.780191847199163,135.0,12,1
31069,4,4.780191847199163,146.25,12,2
31070,4,4.780191847199163,157.5,10,1
31071,4,4.780191847199163,168.75,16,2
31072,4,4.780191847199163,-180.0,11,4
31073,4,4.780191847199163,-168.75,15,1
31074,4,4.780191847199163,-157.5,13,0
31075,4,4.780191847199163,-146.25,3,0
31076,4,4.780191847199163,-135.0,7,0
31077,4,4.780191847199163,-123.75,14,3
31078,4,4.780191847199163,-112.5,14,3
31079,4,4.780191847199163,-101.25,14,0
31080,4,4.780191847199163,-90.0,8,1
31081,4,4.780191847199163,-78.75000000000006,14,2
31082,4,4.780191847199163,-67.5,12,0
31083,4,4.780191847199163,-56.25,10,2
31084,4,4.780191847199163,-45.0,8,2
31085,4,4.780191847199163,-33.75000000000006,10,2
31086,4,4.780191847199163,-22.5,12,3
31087,4,4.780191847199163,-11.25,14,0
31088,4,0.0,5.625,14,4
31089,4,0.0,16.875,7,5
31090,4,0.0,28.125,15,1
31091,4,0.0,39.375,11,4
31092,4,0.0,50.625,17,0
31093,4,0.0,61.875,14,5
31094,4,0.0,73.125,7,4
31095,4,0.0,84.375,9,2
31096,4,0.0,95.625,10,1
31097,4,0.0,106.875,10,1
31098,4,0.0,118.125,9,5
31099,4,0.0,129.375,16,3
31100,4,0.0,140.625,11,4
31101,4,0.0,151.875,9,1
31102,4,0.0,163.125,14,5
31103,4,0.0,174.375,10,2
31104,4,0.0,-174.375,12,4
31105,4,0.0,-163.125,11,5
31106,4,0.0,-151.875,7,2
31107,4,0.0,-140.625,10,4
31108,4,0.0,-129.37500000000006,15,3
31109,4,0.0,-118.125,9,1
31110,4,0.0,-106.875,12,4
31111,4,0.0,-95.625,9,2
31112,4,0.0,-84.375,11,5
31113,4,0.0,-73.12500000000006,6,2
31114,4,0.0,-61.875,3,4
31115,4,0.0,-50.625,3,4
31116,4,0.0,-39.375,12,5
31117,4,0.0,-28.125,14,2
31118,4,0.0,-16.875,10,8
31119,4,0.0,-5.625,8,2
31120,4,-4.780191847199163,0.0,12,2
31121,4,-4.780191847199163,11.25,12,3
31122,4,-4.780191847199163,22.5,16,0
31123,4,-4.780191847199163,33.75,14,3
31124,4,-4.780191847199163,45.0,13,0
31125,4,-4.780191847199163,56.25,9,2
31126,4,-4.780191847199163,67.5,13,1
31127,4,-4.780191847199163,78.75,13,1
31128,4,-4.780191847199163,90.0,12,2
31129,4,-4.780191847199163,101.25,9,1
31130,4,-4.780191847199163,112.5,9,1
31131,4,-4.780191847199163,123.75,11,2
31132,4,-4.780191847199163,135.0,11,4
31133,4,-4.780191847199163,146.25,6,1
31134,4,-4.780191847199163,157.5,19,2
31135,4,-4.780191847199163,168.75,13,3
31136,4,-4.780191847199163,-180.0,10,1
31137,4,-4.780191847199163,-168.75,11,2
31138,4,-4.780191847199163,-157.5,9,4
31139,4,-4.780191847199163,-146.25,11,3
31140,4,-4.780191847199163,-135.0,16,1
31141,4,-4.780191847199163,-123.75,8,0
31142,4,-4.780191847199163,-112.5,12,2
31143,4,-4.780191847199163,-101.25,9,0
31144,4,-4.780191847199163,-90.0,14,2
31145,4,-4.780191847199163,-78.75000000000006,11,1
31146,4,-4.780191847199163,-67.5,8,2
31147,4,-4.780191847199163,-56.25,6,0
31148,4,-4.780191847199163,-45.0,9,5
31149,4,-4.780191847199163,-33.75000000000006,13,2
31150,4,-4.780191847199163,-22.5,9,3
31151,4,-4.780191847199163,-11.25,7,3
31152,4,-9.594068226860458,5.625,15,0
31153,4,-9.594068226860458,16.875,12,1
31154,4,-9.594068226860458,28.125,18,0
31155,4,-9.594068226860458,39.375,17,0
31156,4,-9.594068226860458,50.625,9,0
31157,4,-9.594068226860458,61.875,10,0
31158,4,-9.594068226860458,73.125,11,0
31159,4,-9.594068226860458,84.375,11,0
31160,4,-9.594068226860458,95.625,11,0
31161,4,-9.594068226860458,106.875,11,0
31162,4,-9.594068226860458,118.125,12,0
31163,4,-9.594068226860458,129.375,13,0
31164,4,-9.594068226860458,140.625,9,0
31165,4,-9.594068226860458,151.875,13,0
31166,4,-9.594068226860458,163.125,13,0
31167,4,-9.594068226860458,174.375,17,0
31168,4,-9.594068226860458,-174.375,11,0
31169,4,-9.594068226860458,-163.125,10,0
31170,4,-9.594068226860458,-151.875,11,0
31171,4,-9.594068226860458,-140.625,13,1
31172,4,-9.594068226860458,-129.37500000000006,11,0
31173,4,-9.594068226860458,-118.125,6,0
31174,4,-9.594068226860458,-106.875,11,0
31175,4,-9.594068226860458,-95.625,5,0
31176,4,-9.594068226860458,-84.375,15,0
31177,4,-9.594068226860458,-73.12500000000006,10,0
31178,4,-9.594068226860458,-61.875,14,0
31179,4,-9.594068226860458,-50.625,7,0
31180,4,-9.594068226860458,-39.375,14,0
31181,4,-9.594068226860458,-28.125,13,0
31182,4,-9.594068226860458,-16.875,6,0
31183,4,-9.594068226860458,-5.625,9,0
31184,4,-14.477512185929925,0.0,11,0
31185,4,-14.477512185929925,11.25,17,0
31186,4,-14.477512185929925,22.5,10,0
31187,4,-14.477512185929925,33.75,13,0
31188,4,-14.477512185929925,45.0,20,0
31189,4,-14.477512185929925,56.25,9,0
31190,4,-14.477512185929925,67.5,16,0
31191,4,-14.477512185929925,78.75,15,0
31192,4,-14.477512185929925,90.0,13,0
31193,4,-14.477512185929925,101.25,9,0
31194,4,-14.477512185929925,112.5,12,0
31195,4,-14.477512185929925,123.75,10,0
31196,4,-14.477512185929925,135.0,15,0
31197,4,-14.477512185929925,146.25,3,0
31198,4,-14.477512185929925,157.5,11,0
31199,4,-14.477512185929925,168.75,10,0
31200,4,-14.477512185929925,-180.0,9,0
31201,4,-14.477512185929925,-168.75,9,0
31202,4,-14.477512185929925,-157.5,12,0
31203,4,-14.477512185929925,-146.25,8,0
31204,4,-14.477512185929925,-135.0,10,0
31205,4,-14.477512185929925,-123.75,7,0
31206,4,-14.477512185929925,-112.5,12,0
31207,4,-14.477512185929925,-101.25,10,0
31208,4,-14.477512185929925,-90.0,7,0
31209,4,-14.477512185929925,-78.75000000000006,8,0
31210,4,-14.477512185929925,-67.5,19,0
31211,4,-14.477512185929925,-56.25,9,0
31212,4,-14.477512185929925,-45.0,8,0
31213,4,-14.477512185929925,-33.75000000000006,13,1
31214,4,-14.477512185929925,-22.5,10,0
31215,4,-14.477512185929925,-11.25,11,0
31216,4,-19.47122063449069,5.625,9,0
31217,4,-19.47122063449069,16.875,9,0
31218,4,-19.47122063449069,28.125,6,0
31219,4,-19.47122063449069,39.375,13,0
31220,4,-19.47122063449069,50.625,12,0
31221,4,-19.47122063449069,61.875,7,0
31222,4,-19.47122063449069,73.125,16,0
31223,4,-19.47122063449069,84.375,13,0
31224,4,-19.47122063449069,95.625,14,0
31225,4,-19.47122063449069,106.875,8,0
31226,4,-19.47122063449069,118.125,16,0
31227,4,-19.47122063449069,129.375,13,0
31228,4,-19.47122063449069,140.625,6,0
31229,4,-19.47122063449069,151.875,10,0
31230,4,-19.47122063449069,163.125,7,0
31231,4,-19.47122063449069,174.375,11,0
31232,4,-19.47122063449069,-174.375,11,0
31233,4,-19.47122063449069,-163.125,17,0
31234,4,-19.47122063449069,-151.875,10,0
31235,4,-19.47122063449069,-140.625,8,0
31236,4,-19.47122063449069,-129.37500000000006,15,0
31237,4,-19.47122063449069,-118.125,10,0
31238,4,-19.47122063449069,-106.875,6,0
31239,4,-19.47122063449069,-95.625,7,0
31240,4,-19.47122063449069,-84.375,8,0
31241,4,-19.47122063449069,-73.12500000000006,8,0
31242,4,-19.47122063449069,-61.875,8,0
31243,4,-19.47122063449069,-50.625,12,0
31244,4,-19.47122063449069,-39.375,17,1
31245,4,-19.47122063449069,-28.125,13,0
31246,4,-19.47122063449069,-16.875,12,0
31247,4,-19.47122063449069,-5.625,17,0
31248,4,-24.62431835216408,0.0,11,0
31249,4,-24.62431835216408,11.25,3,0
31250,4,-24.62431835216408,22.5,10,1
31251,4,-24.62431835216408,33.75,10,0
31252,4,-24.62431835216408,45.0,11,0
31253,4,-24.62431835216408,56.25,5,0
31254,4,-24.62431835216408,67.5,9,0
31255,4,-24.62431835216408,78.75,12,0
31256,4,-24.62431835216408,90.0,11,0
31257,4,-24.62431835216408,101.25,7,0
31258,4,-24.62431835216408,112.5,9,0
31259,4,-24.62431835216408,123.75,6,0
31260,4,-24.62431835216408,135.0,9,0
31261,4,-24.62431835216408,146.25,6,0
31262,4,-24.62431835216408,157.5,13,0
31263,4,-24.62431835216408,168.75,13,0
31264,4,-24.62431835216408,-180.0,9,0
31265,4,-24.62431835216408,-168.75,15,0
31266,4,-24.62431835216408,-157.5,10,0
31267,4,-24.62431835216408,-146.25,9,0
31268,4,-24.62431835216408,-135.0,13,0
31269,4,-24.62431835216408,-123.75,16,0
31270,4,-24.62431835216408,-112.5,10,0
31271,4,-24.62431835216408,-101.25,8,0
31272,4,-24.62431835216408,-90.0,14,0
31273,4,-24.62431835216408,-78.75000000000006,13,0
31274,4,-24.62431835216408,-67.5,6,0
31275,4,-24.62431835216408,-56.25,10,1
31276,4,-24.62431835216408,-45.0,11,0
31277,4,-24.62431835216408,-33.75000000000006,13,0
31278,4,-24.62431835216408,-22.5,8,0
31279,4,-24.62431835216408,-11.25,8,0
31280,4,-30.000000000000014,5.625,8,0
31281,4,-30.000000000000014,16.875,10,0
31282,4,-30.000000000000014,28.125,15,0
31283,4,-30.000000000000014,39.375,7,0
31284,4,-30.000000000000014,50.625,10,0
31285,4,-30.000000000000014,61.875,8,0
31286,4,-30.000000000000014,73.125,10,0
31287,4,-30.000000000000014,84.375,11,0
31288,4,-30.000000000000014,95.625,4,0
31289,4,-30.000000000000014,106.875,8,0
31290,4,-30.000000000000014,118.125,3,0
31291,4,-30.000000000000014,129.375,3,0
31292,4,-30.000000000000014,140.625,9,0
31293,4,-30.000000000000014,151.875,7,0
31294,4,-30.000000000000014,163.125,11,0
31295,4,-30.000000000000014,174.375,10,0
31296,4,-30.000000000000014,-174.375,15,0
31297,4,-30.000000000000014,-163.125,12,0
31298,4,-30.000000000000014,-151.875,11,0
31299,4,-30.000000000000014,-140.625,9,0
31300,4,-30.000000000000014,-129.37500000000006,15,0
31301,4,-30.000000000000014,-118.125,11,0
31302,4,-30.000000000000014,-106.875,13,0
31303,4,-30.000000000000014,-95.625,17,0
31304,4,-30.000000000000014,-84.375,9,0
31305,4,-30.000000000000014,-73.12500000000006,14,0
31306,4,-30.000000000000014,-61.875,14,0
31307,4,-30.000000000000014,-50.625,10,0
31308,4,-30.000000000000014,-39.375,9,0
31309,4,-30.000000000000014,-28.125,15,0
31310,4,-30.000000000000014,-16.875,8,0
31311,4,-30.000000000000014,-5.625,4,0
31312,4,-35.68533471265205,0.0,9,0
31313,4,-35.68533471265205,11.25,12,0
31314,4,-35.68533471265205,22.5,12,0
31315,4,-35.68533471265205,33.75,7,0
31316,4,-35.68533471265205,45.0,8,0
31317,4,-35.68533471265205,56.25,8,0
31318,4,-35.68533471265205,67.5,12,0
31319,4,-35.68533471265205,78.75,19,0
31320,4,-35.68533471265205,90.0,10,0
31321,4,-35.68533471265205,101.25,11,0
31322,4,-35.68533471265205,112.5,11,0
31323,4,-35.68533471265205,123.75,10,0
31324,4,-35.68533471265205,135.0,2,0
31325,4,-35.68533471265205,146.25,10,0
31326,4,-35.68533471265205,157.5,9,0
31327,4,-35.68533471265205,168.75,10,0
31328,4,-35.68533471265205,-180.0,18,0
31329,4,-35.68533471265205,-168.75,7,0
31330,4,-35.68533471265205,-157.5,9,0
31331,4,-35.68533471265205,-146.25,9,0
31332,4,-35.68533471265205,-135.0,11,0
31333,4,-35.68533471265205,-123.75,17,0
31334,4,-35.68533471265205,-112.5,14,0
31335,4,-35.68533471265205,-101.25,12,0
31336,4,-35.68533471265205,-90.0,12,0
31337,4,-35.68533471265205,-78.75000000000006,9,0
31338,4,-35.68533471265205,-67.5,7,0
31339,4,-35.68533471265205,-56.25,6,0
31340,4,-35.68533471265205,-45.0,10,0
31341,4,-35.68533471265205,-33.75000000000006,7,0
31342,4,-35.68533471265205,-22.5,9,0
31343,4,-35.68533471265205,-11.25,7,0
31344,4,-41.81031489577862,5.625,8,0
31345,4,-41.81031489577862,16.875,10,0
31346,4,-41.81031489577862,28.125,11,0
31347,4,-41.81031489577862,39.375,4,0
31348,4,-41.81031489577862,50.625,16,0
31349,4,-41.81031489577862,61.875,11,0
31350,4,-41.81031489577862,73.125,12,0
31351,4,-41.81031489577862,84.375,13,0
31352,4,-41.81031489577862,95.625,10,0
31353,4,-41.81031489577862,106.875,8,0
31354,4,-41.81031489577862,118.125,16,0
31355,4,-41.81031489577862,129.375,13,0
31356,4,-41.81031489577862,140.625,10,0
31357,4,-41.81031489577862,151.875,15,0
31358,4,-41.81031489577862,163.125,13,0
31359,4,-41.81031489577862,174.375,14,0
31360,4,-41.81031489577862,-174.375,8,0
31361,4,-41.81031489577862,-163.125,9,0
31362,4,-41.81031489577862,-151.875,7,0
31363,4,-41.81031489577862,-140.625,14,0
31364,4,-41.81031489577862,-129.37500000000006,12,0
31365,4,-41.81031489577862,-118.125,12,0
31366,4,-41.81031489577862,-106.875,18,0
31367,4,-41.81031489577862,-95.625,15,0
31368,4,-41.81031489577862,-84.375,8,0
31369,4,-41.81031489577862,-73.12500000000006,11,0
31370,4,-41.81031489577862,-61.875,3,0
31371,4,-41.81031489577862,-50.625,7,0
31372,4,-41.81031489577862,-39.375,4,0
31373,4,-41.81031489577862,-28.125,7,0
31374,4,-41.81031489577862,-16.875,6,0
31375,4,-41.81031489577862,-5.625,2,0
31376,4,-48.1412077943603,6.428571428571416,10,0
31377,4,-48.1412077943603,19.285714285714278,10,0
31378,4,-48.1412077943603,32.14285714285714,12,0
31379,4,-48.1412077943603,45.0,9,0
31380,4,-48.1412077943603,57.85714285714286,12,0
31381,4,-48.1412077943603,70.71428571428572,10,0
31382,4,-48.1412077943603,83.57142857142856,9,0
31383,4,-48.1412077943603,96.42857142857144,9,0
31384,4,-48.1412077943603,109.28571428571428,15,0
31385,4,-48.1412077943603,122.14285714285711,12,0
31386,4,-48.1412077943603,135.0,13,0
31387,4,-48.1412077943603,147.8571428571429,23,0
31388,4,-48.1412077943603,160.71428571428572,9,0
31389,4,-48.1412077943603,173.57142857142856,5,0
31390,4,-48.1412077943603,-173.57142857142856,13,0
31391,4,-48.1412077943603,-160.71428571428572,6,1
31392,4,-48.1412077943603,-147.8571428571429,8,0
31393,4,-48.1412077943603,-135.0,9,0
31394,4,-48.1412077943603,-122.14285714285711,10,0
31395,4,-48.1412077943603,-109.28571428571428,13,0
31396,4,-48.1412077943603,-96.42857142857144,10,0
31397,4,-48.1412077943603,-83.57142857142856,7,0
31398,4,-48.1412077943603,-70.71428571428572,10,0
31399,4,-48.1412077943603,-57.85714285714283,6,0
31400,4,-48.1412077943603,-45.0,7,0
31401,4,-48.1412077943603,-32.14285714285717,14,0
31402,4,-48.1412077943603,-19.28571428571422,9,0
31403,4,-48.1412077943603,-6.428571428571445,8,0
31404,4,-54.340912303861245,7.5,8,0
31405,4,-54.340912303861245,22.5,9,0
31406,4,-54.340912303861245,37.5,11,0
31407,4,-54.340912303861245,52.5,6,0
31408,4,-54.340912303861245,67.5,15,0
31409,4,-54.340912303861245,82.5,9,0
31410,4,-54.340912303861245,97.5,10,0
31411,4,-54.340912303861245,112.5,11,0
31412,4,-54.340912303861245,127.5,15,0
31413,4,-54.340912303861245,142.5,14,0
31414,4,-54.340912303861245,157.5,19,0
31415,4,-54.340912303861245,172.5,13,0
31416,4,-54.340912303861245,-172.5,13,0
31417,4,-54.340912303861245,-157.5,3,0
31418,4,-54.340912303861245,-142.5,10,0
31419,4,-54.340912303861245,-127.5,15,0
31420,4,-54.340912303861245,-112.5,12,0
31421,4,-54.340912303861245,-97.5,13,0
31422,4,-54.340912303861245,-82.5,5,0
31423,4,-54.340912303861245,-67.5,11,0
31424,4,-54.340912303861245,-52.50000000000006,6,0
31425,4,-54.340912303861245,-37.5,6,0
31426,4,-54.340912303861245,-22.5,7,0
31427,4,-54.340912303861245,-7.5,9,0
31428,4,-60.4344388449523,9.0,11,0
31429,4,-60.4344388449523,27.0,11,0
31430,4,-60.4344388449523,45.0,11,0
31431,4,-60.4344388449523,63.0,10,0
31432,4,-60.4344388449523,81.0,9,0
31433,4,-60.4344388449523,99.0,9,0
31434,4,-60.4344388449523,117.0,7,0
31435,4,-60.4344388449523,135.0,9,0
31436,4,-60.4344388449523,153.0,8,0
31437,4,-60.4344388449523,171.0,13,0
31438,4,-60.4344388449523,-171.0,8,0
31439,4,-60.4344388449523,-153.0,12,0
31440,4,-60.4344388449523,-135.0,11,0
31441,4,-60.4344388449523,-117.0,9,0
31442,4,-60.4344388449523,-99.0,11,0
31443,4,-60.4344388449523,-81.0,4,0
31444,4,-60.4344388449523,-63.0,8,0
31445,4,-60.4344388449523,-45.0,18,1
31446,4,-60.4344388449523,-27.0,10,0
31447,4,-60.4344388449523,-9.0,10,0
31448,4,-66.44353569089876,11.25,12,0
31449,4,-66.44353569089876,33.75,11,0
31450,4,-66.44353569089876,56.25,9,0
31451,4,-66.44353569089876,78.75,8,0
31452,4,-66.44353569089876,101.25,7,0
31453,4,-66.44353569089876,123.75,10,0
31454,4,-66.44353569089876,146.25,13,0
31455,4,-66.44353569089876,168.75,9,0
31456,4,-66.44353569089876,-168.75,12,0
31457,4,-66.44353569089876,-146.25,12,0
31458,4,-66.44353569089876,-123.75,9,0
31459,4,-66.44353569089876,-101.25,11,0
31460,4,-66.44353569089876,-78.75,7,0
31461,4,-66.44353569089876,-56.25,12,0
31462,4,-66.44353569089876,-33.75,24,0
31463,4,-66.44353569089876,-11.25,16,0
31464,4,-72.38756092964962,15.0,11,0
31465,4,-72.38756092964962,45.0,4,0
31466,4,-72.38756092964962,75.0,8,0
31467,4,-72.38756092964962,105.0,8,0
31468,4,-72.38756092964962,135.0,8,0
31469,4,-72.38756092964962,165.0,13,0
31470,4,-72.38756092964962,-165.0,11,0
31471,4,-72.38756092964962,-135.0,10,0
31472,4,-72.38756092964962,-105.0,8,0
31473,4,-72.38756092964962,-75.0,4,0
31474,4,-72.38756092964962,-45.0,8,0
31475,4,-72.38756092964962,-15.0,12,0
31476,4,-78.28414760510762,22.5,10,0
31477,4,-78.28414760510762,67.5,7,0
31478,4,-78.28414760510762,112.5,6,0
31479,4,-78.28414760510762,157.5,14,0
31480,4,-78.28414760510762,-157.5,10,0
31481,4,-78.28414760510762,-112.5,10,0
31482,4,-78.28414760510762,-67.5,4,0
31483,4,-78.28414760510762,-22.5,9,0
31484,4,-84.14973293629666,45.0,11,0
31485,4,-84.14973293629666,135.0,12,0
31486,4,-84.14973293629666,-135.0,9,0
31487,4,-84.14973293629666,-45.0,9,0
31488,4,84.14973293629666,45.0,5,0
31489,4,84.14973293629666,135.0,7,0
31490,4,84.14973293629666,-135.0,9,0
31491,4,84.14973293629666,-45.0,6,0
31492,4,78.28414760510762,22.5,13,0
31493,4,78.28414760510762,67.5,7,0
31494,4,78.28414760510762,112.5,11,0
31495,4,78.28414760510762,157.5,13,0
31496,4,78.28414760510762,-157.5,11,0
31497,4,78.28414760510762,-112.5,8,0
31498,4,78.28414760510762,-67.5,7,0
31499,4,78.28414760510762,-22.5,14,0
31500,4,72.38756092964962,15.0,6,0
31501,4,72.38756092964962,45.0,12,0
31502,4,72.38756092964962,75.0,16,0
31503,4,72.38756092964962,105.0,14,0
31504,4,72.38756092964962,135.0,11,0
31505,4,72.38756092964962,165.0,7,0
31506,4,72.38756092964962,-165.0,9,0
31507,4,72.38756092964962,-135.0,16,0
31508,4,72.38756092964962,-105.0,7,0
31509,4,72.38756092964962,-75.0,9,0
31510,4,72.38756092964962,-45.0,15,0
31511,4,72.38756092964962,-15.0,10,0
31512,4,66.44353569089877,11.25,8,0
31513,4,66.44353569089877,33.75,11,0
31514,4,66.44353569089877,56.25,10,0
31515,4,66.44353569089877,78.75,9,0
31516,4,66.44353569089877,101.25,8,0
31517,4,66.44353569089877,123.75,13,0
31518,4,66.44353569089877,146.25,10,0
31519,4,66.44353569089877,168.75,6,0
31520,4,66.44353569089877,-168.75,19,0
31521,4,66.44353569089877,-146.25,11,0
31522,4,66.44353569089877,-123.75,12,0
31523,4,66.44353569089877,-101.25,13,0
31524,4,66.44353569089877,-78.75,7,0
31525,4,66.44353569089877,-56.25,13,0
31526,4,66.44353569089877,-33.75,15,0
31527,4,66.44353569089877,-11.25,9,0
31528,4,60.43443884495228,9.0,9,0
31529,4,60.43443884495228,27.0,9,0
31530,4,60.43443884495228,45.0,9,0
31531,4,60.43443884495228,63.0,5,0
31532,4,60.43443884495228,81.0,8,0
31533,4,60.43443884495228,99.0,6,0
31534,4,60.43443884495228,117.0,9,0
31535,4,60.43443884495228,135.0,16,0
31536,4,60.43443884495228,153.0,13,0
31537,4,60.43443884495228,171.0,10,0
31538,4,60.43443884495228,-171.0,17,0
31539,4,60.43443884495228,-153.0,7,0
31540,4,60.43443884495228,-135.0,14,0
31541,4,60.43443884495228,-117.0,10,0
31542,4,60.43443884495228,-99.0,16,0
31543,4,60.43443884495228,-81.0,10,0
31544,4,60.43443884495228,-63.0,10,0
31545,4,60.43443884495228,-45.0,16,0
31546,4,60.43443884495228,-27.0,14,0
31547,4,60.43443884495228,-9.0,12,0
31548,4,54.340912303861245,7.5,12,0
31549,4,54.340912303861245,22.5,8,0
31550,4,54.340912303861245,37.5,7,0
31551,4,54.340912303861245,52.5,9,0
31552,4,54.340912303861245,67.5,8,0
31553,4,54.340912303861245,82.5,14,0
31554,4,54.340912303861245,97.5,9,0
31555,4,54.340912303861245,112.5,8,0
31556,4,54.340912303861245,127.5,7,0
31557,4,54.340912303861245,142.5,8,0
31558,4,54.340912303861245,157.5,13,0
31559,4,54.340912303861245,172.5,11,0
31560,4,54.340912303861245,-172.5,9,0
31561,4,54.340912303861245,-157.5,8,0
31562,4,54.340912303861245,-142.5,8,0
31563,4,54.340912303861245,-127.5,7,0
31564,4,54.340912303861245,-112.5,7,0
31565,4,54.340912303861245,-97.5,20,0
31566,4,54.340912303861245,-82.5,9,0
31567,4,54.340912303861245,-67.5,11,0
31568,4,54.340912303861245,-52.50000000000006,10,0
31569,4,54.340912303861245,-37.5,15,0
31570,4,54.340912303861245,-22.5,13,0
31571,4,54.340912303861245,-7.5,13,0
31572,4,48.141207794360284,6.428571428571416,11,0
31573,4,48.141207794360284,19.285714285714278,11,0
31574,4,48.141207794360284,32.14285714285714,9,0
31575,4,48.141207794360284,45.0,8,0
31576,4,48.141207794360284,57.85714285714286,6,0
31577,4,48.141207794360284,70.71428571428572,12,0
31578,4,48.141207794360284,83.57142857142856,16,0
31579,4,48.141207794360284,96.42857142857144,11,0
31580,4,48.141207794360284,109.28571428571428,13,0
31581,4,48.141207794360284,122.14285714285711,14,0
31582,4,48.141207794360284,135.0,5,0
31583,4,48.141207794360284,147.8571428571429,8,0
31584,4,48.141207794360284,160.71428571428572,12,0
31585,4,48.141207794360284,173.57142857142856,8,0
31586,4,48.141207794360284,-173.57142857142856,10,0
31587,4,48.141207794360284,-160.71428571428572,7,0
31588,4,48.141207794360284,-147.8571428571429,8,0
31589,4,48.141207794360284,-135.0,18,0
31590,4,48.141207794360284,-122.14285714285711,10,0
31591,4,48.141207794360284,-109.28571428571428,10,0
31592,4,48.141207794360284,-96.42857142857144,14,0
31593,4,48.141207794360284,-83.57142857142856,9,0
31594,4,48.141207794360284,-70.71428571428572,12,0
31595,4,48.141207794360284,-57.85714285714283,7,0
31596,4,48.141207794360284,-45.0,9,0
31597,4,48.141207794360284,-32.14285714285717,12,0
31598,4,48.141207794360284,-19.28571428571422,13,0
31599,4,48.141207794360284,-6.428571428571445,16,0
31600,4,41.81031489577859,5.625,10,0
31601,4,41.81031489577859,16.875,13,0
31602,4,41.81031489577859,28.125,15,0
31603,4,41.81031489577859,39.375,8,0
31604,4,41.81031489577859,50.625,10,0
31605,4,41.81031489577859,61.875,8,0
31606,4,41.81031489577859,73.125,13,0
31607,4,41.81031489577859,84.375,12,0
31608,4,41.81031489577859,95.625,6,0
31609,4,41.81031489577859,106.875,13,0
31610,4,41.81031489577859,118.125,15,0
31611,4,41.81031489577859,129.375,12,0
31612,4,41.81031489577859,140.625,7,0
31613,4,41.81031489577859,151.875,10,0
31614,4,41.81031489577859,163.125,11,0
31615,4,41.81031489577859,174.375,4,0
31616,4,41.81031489577859,-174.375,14,0
31617,4,41.81031489577859,-163.125,14,0
31618,4,41.81031489577859,-151.875,7,0
31619,4,41.81031489577859,-140.625,18,0
31620,4,41.81031489577859,-129.37500000000006,16,0
31621,4,41.81031489577859,-118.125,6,0
31622,4,41.81031489577859,-106.875,8,0
31623,4,41.81031489577859,-95.625,9,0
31624,4,41.81031489577859,-84.375,15,0
31625,4,41.81031489577859,-73.12500000000006,6,0
31626,4,41.81031489577859,-61.875,9,0
31627,4,41.81031489577859,-50.625,13,0
31628,4,41.81031489577859,-39.375,9,0
31629,4,41.81031489577859,-28.125,10,0
31630,4,41.81031489577859,-16.875,9,0
31631,4,41.81031489577859,-5.625,14,0
31632,4,35.68533471265204,0.0,10,0
31633,4,35.68533471265204,11.25,8,0
31634,4,35.68533471265204,22.5,13,0
31635,4,35.68533471265204,33.75,6,0
31636,4,35.68533471265204,45.0,5,0
31637,4,35.68533471265204,56.25,11,0
31638,4,35.68533471265204,67.5,9,0
31639,4,35.68533471265204,78.75,16,0
31640,4,35.68533471265204,90.0,7,0
31641,4,35.68533471265204,101.25,11,0
31642,4,35.68533471265204,112.5,14,0
31643,4,35.68533471265204,123.75,11,0
31644,4,35.68533471265204,135.0,13,0
31645,4,35.68533471265204,146.25,10,0
31646,4,35.68533471265204,157.5,16,0
31647,4,35.68533471265204,168.75,15,0
31648,4,35.68533471265204,-180.0,7,0
31649,4,35.68533471265204,-168.75,13,0
31650,4,35.68533471265204,-157.5,12,0
31651,4,35.68533471265204,-146.25,9,0
31652,4,35.68533471265204,-135.0,13,0
31653,4,35.68533471265204,-123.75,10,0
31654,4,35.68533471265204,-112.5,12,0
31655,4,35.68533471265204,-101.25,11,0
31656,4,35.68533471265204,-90.0,12,0
31657,4,35.68533471265204,-78.75000000000006,10,0
31658,4,35.68533471265204,-67.5,5,0
31659,4,35.68533471265204,-56.25,12,0
31660,4,35.68533471265204,-45.0,13,0
31661,4,35.68533471265204,-33.75000000000006,14,0
31662,4,35.68533471265204,-22.5,18,0
31663,4,35.68533471265204,-11.25,9,0
31664,4,30.000000000000007,5.625,9,0
31665,4,30.000000000000007,16.875,9,0
31666,4,30.000000000000007,28.125,14,0
31667,4,30.000000000000007,39.375,9,0
31668,4,30.000000000000007,50.625,16,0
31669,4,30.000000000000007,61.875,16,0
31670,4,30.000000000000007,73.125,13,0
31671,4,30.000000000000007,84.375,11,0
31672,4,30.000000000000007,95.625,13,0
31673,4,30.000000000000007,106.875,13,0
31674,4,30.000000000000007,118.125,11,0
31675,4,30.000000000000007,129.375,13,0
31676,4,30.000000000000007,140.625,11,0
31677,4,30.000000000000007,151.875,9,0
31678,4,30.000000000000007,163.125,16,0
31679,4,30.000000000000007,174.375,10,0
31680,4,30.000000000000007,-174.375,8,0
31681,4,30.000000000000007,-163.125,7,0
31682,4,30.000000000000007,-151.875,13,0
31683,4,30.000000000000007,-140.625,12,0
31684,4,30.000000000000007,-129.37500000000006,11,0
31685,4,30.000000000000007,-118.125,14,0
31686,4,30.000000000000007,-106.875,9,0
31687,4,30.000000000000007,-95.625,18,0
31688,4,30.000000000000007,-84.375,14,0
31689,4,30.000000000000007,-73.12500000000006,4,0
31690,4,30.000000000000007,-61.875,7,0
31691,4,30.000000000000007,-50.625,11,0
31692,4,30.000000000000007,-39.375,14,0
31693,4,30.000000000000007,-28.125,13,0
31694,4,30.000000000000007,-16.875,17,0
31695,4,30.000000000000007,-5.625,10,0
31696,4,24.62431835216408,0.0,7,0
31697,4,24.62431835216408,11.25,4,0
31698,4,24.62431835216408,22.5,15,0
31699,4,24.62431835216408,33.75,13,0
31700,4,24.62431835216408,45.0,12,0
31701,4,24.62431835216408,56.25,17,0
31702,4,24.62431835216408,67.5,16,0
31703,4,24.62431835216408,78.75,11,0
31704,4,24.62431835216408,90.0,16,0
31705,4,24.62431835216408,101.25,11,0
31706,4,24.62431835216408,112.5,12,0
31707,4,24.62431835216408,123.75,12,0
31708,4,24.62431835216408,135.0,14,0
31709,4,24.62431835216408,146.25,8,0
31710,4,24.62431835216408,157.5,13,0
31711,4,24.62431835216408,168.75,6,0
31712,4,24.62431835216408,-180.0,9,0
31713,4,24.62431835216408,-168.75,8,0
31714,4,24.62431835216408,-157.5,6,0
31715,4,24.62431835216408,-146.25,10,0
31716,4,24.62431835216408,-135.0,13,0
31717,4,24.62431835216408,-123.75,19,0
31718,4,24.62431835216408,-112.5,12,0
31719,4,24.62431835216408,-101.25,15,0
31720,4,24.62431835216408,-90.0,9,0
31721,4,24.62431835216408,-78.75000000000006,7,0
31722,4,24.62431835216408,-67.5,14,0
31723,4,24.62431835216408,-56.25,10,0
31724,4,24.62431835216408,-45.0,9,0
31725,4,24.62431835216408,-33.75000000000006,8,0
31726,4,24.62431835216408,-22.5,11,0
31727,4,24.62431835216408,-11.25,9,0
31728,4,19.47122063449069,5.625,8,0
31729,4,19.47122063449069,16.875,12,0
31730,4,19.47122063449069,28.125,11,0
31731,4,19.47122063449069,39.375,3,0
31732,4,19.47122063449069,50.625,10,0
31733,4,19.47122063449069,61.875,15,0
31734,4,19.47122063449069,73.125,14,0
31735,4,19.47122063449069,84.375,13,0
31736,4,19.47122063449069,95.625,8,0
31737,4,19.47122063449069,106.875,9,0
31738,4,19.47122063449069,118.125,9,0
31739,4,19.47122063449069,129.375,19,0
31740,4,19.47122063449069,140.625,13,0
31741,4,19.47122063449069,151.875,13,0
31742,4,19.47122063449069,163.125,11,0
31743,4,19.47122063449069,174.375,9,0
31744,4,19.47122063449069,-174.375,10,0
31745,4,19.47122063449069,-163.125,10,0
31746,4,19.47122063449069,-151.875,8,0
31747,4,19.47122063449069,-140.625,11,0
31748,4,19.47122063449069,-129.37500000000006,11,0
31749,4,19.47122063449069,-118.125,9,0
31750,4,19.47122063449069,-106.875,7,0
31751,4,19.47122063449069,-95.625,10,0
31752,4,19.47122063449069,-84.375,3,0
31753,4,19.47122063449069,-73.12500000000006,13,0
31754,4,19.47122063449069,-61.875,7,0
31755,4,19.47122063449069,-50.625,10,0
31756,4,19.47122063449069,-39.375,8,0
31757,4,19.47122063449069,-28.125,10,0
31758,4,19.47122063449069,-16.875,12,0
31759,4,19.47122063449069,-5.625,9,0
31760,4,14.477512185929925,0.0,11,0
31761,4,14.477512185929925,11.25,9,0
31762,4,14.477512185929925,22.5,13,0
31763,4,14.477512185929925,33.75,7,0
31764,4,14.477512185929925,45.0,6,0
31765,4,14.477512185929925,56.25,16,0
31766,4,14.477512185929925,67.5,9,0
31767,4,14.477512185929925,78.75,13,0
31768,4,14.477512185929925,90.0,14,0
31769,4,14.477512185929925,101.25,7,0
31770,4,14.477512185929925,112.5,16,0
31771,4,14.477512185929925,123.75,8,0
31772,4,14.477512185929925,135.0,12,0
31773,4,14.477512185929925,146.25,10,0
31774,4,14.477512185929925,157.5,12,0
31775,4,14.477512185929925,168.75,12,0
31776,4,14.477512185929925,-180.0,8,0
31777,4,14.477512185929925,-168.75,5,0
31778,4,14.477512185929925,-157.5,11,0
31779,4,14.477512185929925,-146.25,9,0
31780,4,14.477512185929925,-135.0,9,0
31781,4,14.477512185929925,-123.75,6,0
31782,4,14.477512185929925,-112.5,7,0
31783,4,14.477512185929925,-101.25,7,0
31784,4,14.477512185929925,-90.0,15,0
31785,4,14.477512185929925,-78.75000000000006,12,0
31786,4,14.477512185929925,-67.5,6,0
31787,4,14.477512185929925,-56.25,9,0
31788,4,14.477512185929925,-45.0,17,0
31789,4,14.477512185929925,-33.75000000000006,8,0
31790,4,14.477512185929925,-22.5,10,0
31791,4,14.477512185929925,-11.25,7,0
31792,4,9.594068226860458,5.625,10,0
31793,4,9.594068226860458,16.875,13,0
31794,4,9.594068226860458,28.125,10,1
31795,4,9.594068226860458,39.375,6,0
31796,4,9.594068226860458,50.625,13,0
31797,4,9.594068226860458,61.875,8,1
31798,4,9.594068226860458,73.125,9,0
31799,4,9.594068226860458,84.375,8,0
31800,4,9.594068226860458,95.625,13,0
31801,4,9.594068226860458,106.875,10,0
31802,4,9.594068226860458,118.125,10,0
31803,4,9.594068226860458,129.375,14,0
31804,4,9.594068226860458,140.625,12,0
31805,4,9.594068226860458,151.875,8,0
31806,4,9.594068226860458,163.125,15,0
31807,4,9.594068226860458,174.375,11,0
31808,4,9.594068226860458,-174.375,13,1
31809,4,9.594068226860458,-163.125,10,0
31810,4,9.594068226860458,-151.875,8,0
31811,4,9.594068226860458,-140.625,7,0
31812,4,9.594068226860458,-129.37500000000006,8,0
31813,4,9.594068226860458,-118.125,5,0
31814,4,9.594068226860458,-106.875,19,0
31815,4,9.594068226860458,-95.625,11,0
31816,4,9.594068226860458,-84.375,18,1
31817,4,9.594068226860458,-73.12500000000006,13,0
31818,4,9.594068226860458,-61.875,7,1
31819,4,9.594068226860458,-50.625,11,0
31820,4,9.594068226860458,-39.375,10,0
31821,4,9.594068226860458,-28.125,14,0
31822,4,9.594068226860458,-16.875,10,0
31823,4,9.594068226860458,-5.625,13,0
31824,4,4.780191847199163,0.0,16,3
31825,4,4.780191847199163,11.25,9,2
31826,4,4.780191847199163,22.5,8,1
31827,4,4.780191847199163,33.75,12,4
31828,4,4.780191847199163,45.0,13,1
31829,4,4.780191847199163,56.25,8,1
31830,4,4.780191847199163,67.5,8,2
31831,4,4.780191847199163,78.75,6,1
31832,4,4.780191847199163,90.0,14,1
31833,4,4.780191847199163,101.25,9,0
31834,4,4.780191847199163,112.5,8,2
31835,4,4.780191847199163,123.75,15,0
31836,4,4.780191847199163,135.0,12,1
31837,4,4.780191847199163,146.25,12,2
31838,4,4.780191847199163,157.5,10,1
31839,4,4.780191847199163,168.75,16,2
31840,4,4.780191847199163,-180.0,11,4
31841,4,4.780191847199163,-168.75,15,1
31842,4,4.780191847199163,-157.5,13,0
31843,4,4.780191847199163,-146.25,3,0
31844,4,4.780191847199163,-135.0,7,0
31845,4,4.780191847199163,-123.75,14,3
31846,4,4.780191847199163,-112.5,14,3
31847,4,4.780191847199163,-101.25,14,0
31848,4,4.780191847199163,-90.0,8,1
31849,4,4.780191847199163,-78.75000000000006,14,2
31850,4,4.780191847199163,-67.5,12,0
31851,4,4.780191847199163,-56.25,10,2
31852,4,4.780191847199163,-45.0,8,2
31853,4,4.780191847199163,-33.75000000000006,10,2
31854,4,4.780191847199163,-22.5,12,3
31855,4,4.780191847199163,-11.25,14,0
31856,4,0.0,5.625,14,4
31857,4,0.0,16.875,7,5
31858,4,0.0,28.125,15,1
31859,4,0.0,39.375,11,4
31860,4,0.0,50.625,17,0
31861,4,0.0,61.875,14,5
31862,4,0.0,73.125,7,4
31863,4,0.0,84.375,9,2
31864,4,0.0,95.625,10,1
31865,4,0.0,106.875,10,1
31866,4,0.0,118.125,9,5
31867,4,0.0,129.375,16,3
31868,4,0.0,140.625,11,4
31869,4,0.0,151.875,9,1
31870,4,0.0,163.125,14,5
31871,4,0.0,174.375,10,2
31872,4,0.0,-174.375,12,4
31873,4,0.0,-163.125,11,5
31874,4,0.0,-151.875,7,2
31875,4,0.0,-140.625,10,4
31876,4,0.0,-129.37500000000006,15,3
31877,4,0.0,-118.125,9,1
31878,4,0.0,-106.875,12,4
31879,4,0.0,-95.625,9,2
31880,4,0.0,-84.375,11,5
31881,4,0.0,-73.12500000000006,6,2
31882,4,0.0,-61.875,3,4
31883,4,0.0,-50.625,3,4
31884,4,0.0,-39.375,12,5
31885,4,0.0,-28.125,14,2
31886,4,0.0,-16.875,10,8
31887,4,0.0,-5.625,8,2
31888,4,-4.780191847199163,0.0,12,2
31889,4,-4.780191847199163,11.25,12,3
31890,4,-4.780191847199163,22.5,16,0
31891,4,-4.780191847199163,33.75,14,3
31892,4,-4.780191847199163,45.0,13,0
31893,4,-4.780191847199163,56.25,9,2
31894,4,-4.780191847199163,67.5,13,1
31895,4,-4.780191847199163,78.75,13,1
31896,4,-4.780191847199163,90.0,12,2
31897,4,-4.780191847199163,101.25,9,1
31898,4,-4.780191847199163,112.5,9,1
31899,4,-4.780191847199163,123.75,11,2
31900,4,-4.780191847199163,135.0,11,4
31901,4,-4.780191847199163,146.25,6,1
31902,4,-4.780191847199163,157.5,19,2
31903,4,-4.780191847199163,168.75,13,3
31904,4,-4.780191847199163,-180.0,10,1
31905,4,-4.780191847199163,-168.75,11,2
31906,4,-4.780191847199163,-157.5,9,4
31907,4,-4.780191847199163,-146.25,11,3
31908,4,-4.780191847199163,-135.0,16,1
31909,4,-4.780191847199163,-123.75,8,0
31910,4,-4.780191847199163,-112.5,12,2
31911,4,-4.780191847199163,-101.25,9,0
31912,4,-4.780191847199163,-90.0,14,2
31913,4,-4.780191847199163,-78.75000000000006,11,1
31914,4,-4.780191847199163,-67.5,8,2
31915,4,-4.780191847199163,-56.25,6,0
31916,4,-4.780191847199163,-45.0,9,5
31917,4,-4.780191847199163,-33.75000000000006,13,2
31918,4,-4.780191847199163,-22.5,9,3
31919,4,-4.780191847199163,-11.25,7,3
31920,4,-9.594068226860458,5.625,15,0
31921,4,-9.594068226860458,16.875,12,1
31922,4,-9.594068226860458,28.125,18,0
31923,4,-9.594068226860458,39.375,17,0
31924,4,-9.594068226860458,50.625,9,0
31925,4,-9.594068226860458,61.875,10,0
31926,4,-9.594068226860458,73.125,11,0
31927,4,-9.594068226860458,84.375,11,0
31928,4,-9.594068226860458,95.625,11,0
31929,4,-9.594068226860458,106.875,11,0
31930,4,-9.594068226860458,118.125,12,0
31931,4,-9.594068226860458,129.375,13,0
31932,4,-9.594068226860458,140.625,9,0
31933,4,-9.594068226860458,151.875,13,0
31934,4,-9.594068226860458,163.125,13,0
31935,4,-9.594068226860458,174.375,17,0
31936,4,-9.594068226860458,-174.375,11,0
31937,4,-9.594068226860458,-163.125,10,0
31938,4,-9.594068226860458,-151.875,11,0
31939,4,-9.594068226860458,-140.625,13,1
31940,4,-9.594068226860458,-129.37500000000006,11,0
31941,4,-9.594068226860458,-118.125,6,0
31942,4,-9.594068226860458,-106.875,11,0
31943,4,-9.594068226860458,-95.625,5,0
31944,4,-9.594068226860458,-84.375,15,0
31945,4,-9.594068226860458,-73.12500000000006,10,0
31946,4,-9.594068226860458,-61.875,14,0
31947,4,-9.594068226860458,-50.625,7,0
31948,4,-9.594068226860458,-39.375,14,0
31949,4,-9.594068226860458,-28.125,13,0
31950,4,-9.594068226860458,-16.875,6,0
31951,4,-9.594068226860458,-5.625,9,0
31952,4,-14.477512185929925,0.0,11,0
31953,4,-14.477512185929925,11.25,17,0
31954,4,-14.477512185929925,22.5,10,0
31955,4,-14.477512185929925,33.75,13,0
31956,4,-14.477512185929925,45.0,20,0
31957,4,-14.477512185929925,56.25,9,0
31958,4,-14.477512185929925,67.5,16,0
31959,4,-14.477512185929925,78.75,15,0
31960,4,-14.477512185929925,90.0,13,0
31961,4,-14.477512185929925,101.25,9,0
31962,4,-14.477512185929925,112.5,12,0
31963,4,-14.477512185929925,123.75,10,0
31964,4,-14.477512185929925,135.0,15,0
31965,4,-14.477512185929925,146.25,3,0
31966,4,-14.477512185929925,157.5,11,0
31967,4,-14.477512185929925,168.75,10,0
31968,4,-14.477512185929925,-180.0,9,0
31969,4,-14.477512185929925,-168.75,9,0
31970,4,-14.477512185929925,-157.5,12,0
31971,4,-14.477512185929925,-146.25,8,0
31972,4,-14.477512185929925,-135.0,10,0
31973,4,-14.477512185929925,-123.75,7,0
31974,4,-14.477512185929925,-112.5,12,0
31975,4,-14.477512185929925,-101.25,10,0
31976,4,-14.477512185929925,-90.0,7,0
31977,4,-14.477512185929925,-78.75000000000006,8,0
31978,4,-14.477512185929925,-67.5,19,0
31979,4,-14.477512185929925,-56.25,9,0
31980,4,-14.477512185929925,-45.0,8,0
31981,4,-14.477512185929925,-33.75000000000006,13,1
31982,4,-14.477512185929925,-22.5,10,0
31983,4,-14.477512185929925,-11.25,11,0
31984,4,-19.47122063449069,5.625,9,0
31985,4,-19.47122063449069,16.875,9,0
31986,4,-19.47122063449069,28.125,6,0
31987,4,-19.47122063449069,39.375,13,0
31988,4,-19.47122063449069,50.625,12,0
31989,4,-19.47122063449069,61.875,7,0
31990,4,-19.47122063449069,73.125,16,0
31991,4,-19.47122063449069,84.375,13,0
31992,4,-19.47122063449069,95.625,14,0
31993,4,-19.47122063449069,106.875,8,0
31994,4,-19.47122063449069,118.125,16,0
31995,4,-19.47122063449069,129.375,13,0
31996,4,-19.47122063449069,140.625,6,0
31997,4,-19.47122063449069,151.875,10,0
31998,4,-19.47122063449069,163.125,7,0
31999,4,-19.47122063449069,174.375,11,0
32000,4,-19.47122063449069,-174.375,11,0
32001,4,-19.47122063449069,-163.125,17,0
32002,4,-19.47122063449069,-151.875,10,0
32003,4,-19.47122063449069,-140.625,8,0
32004,4,-19.47122063449069,-129.37500000000006,15,0
32005,4,-19.47122063449069,-118.125,10,0
32006,4,-19.47122063449069,-106.875,6,0
32007,4,-19.47122063449069,-95.625,7,0
32008,4,-19.47122063449069,-84.375,8,0
32009,4,-19.47122063449069,-73.12500000000006,8,0
32010,4,-19.47122063449069,-61.875,8,0
32011,4,-19.47122063449069,-50.625,12,0
32012,4,-19.47122063449069,-39.375,17,1
32013,4,-19.47122063449069,-28.125,13,0
32014,4,-19.47122063449069,-16.875,12,0
32015,4,-19.47122063449069,-5.625,17,0
32016,4,-24.62431835216408,0.0,11,0
32017,4,-24.62431835216408,11.25,3,0
32018,4,-24.62431835216408,22.5,10,1
32019,4,-24.62431835216408,33.75,10,0
32020,4,-24.62431835216408,45.0,11,0
32021,4,-24.62431835216408,56.25,5,0
32022,4,-24.62431835216408,67.5,9,0
32023,4,-24.62431835216408,78.75,12,0
32024,4,-24.62431835216408,90.0,11,0
32025,4,-24.62431835216408,101.25,7,0
32026,4,-24.62431835216408,112.5,9,0
32027,4,-24.62431835216408,123.75,6,0
32028,4,-24.62431835216408,135.0,9,0
32029,4,-24.62431835216408,146.25,6,0
32030,4,-24.62431835216408,157.5,13,0
32031,4,-24.62431835216408,168.75,13,0
32032,4,-24.62431835216408,-180.0,9,0
32033,4,-24.62431835216408,-168.75,15,0
32034,4,-24.62431835216408,-157.5,10,0
32035,4,-24.62431835216408,-146.25,9,0
32036,4,-24.62431835216408,-135.0,13,0
32037,4,-24.62431835216408,-123.75,16,0
32038,4,-24.62431835216408,-112.5,10,0
32039,4,-24.62431835216408,-101.25,8,0
32040,4,-24.62431835216408,-90.0,14,0
32041,4,-24.62431835216408,-78.75000000000006,13,0
32042,4,-24.62431835216408,-67.5,6,0
32043,4,-24.62431835216408,-56.25,10,1
32044,4,-24.62431835216408,-45.0,11,0
32045,4,-24.62431835216408,-33.75000000000006,13,0
32046,4,-24.62431835216408,-22.5,8,0
32047,4,-24.62431835216408,-11.25,8,0
32048,4,-30.000000000000014,5.625,8,0
32049,4,-30.000000000000014,16.875,10,0
32050,4,-30.000000000000014,28.125,15,0
32051,4,-30.000000000000014,39.375,7,0
32052,4,-30.000000000000014,50.625,10,0
32053,4,-30.000000000000014,61.875,8,0
32054,4,-30.000000000000014,73.125,10,0
32055,4,-30.000000000000014,84.375,11,0
32056,4,-30.000000000000014,95.625,4,0
32057,4,-30.000000000000014,106.875,8,0
32058,4,-30.000000000000014,118.125,3,0
32059,4,-30.000000000000014,129.375,3,0
32060,4,-30.000000000000014,140.625,9,0
32061,4,-30.000000000000014,151.875,7,0
32062,4,-30.000000000000014,163.125,11,0
32063,4,-30.000000000000014,174.375,10,0
32064,4,-30.000000000000014,-174.375,15,0
32065,4,-30.000000000000014,-163.125,12,0
32066,4,-30.000000000000014,-151.875,11,0
32067,4,-30.000000000000014,-140.625,9,0
32068,4,-30.000000000000014,-129.37500000000006,15,0
32069,4,-30.000000000000014,-118.125,11,0
32070,4,-30.000000000000014,-106.875,13,0
32071,4,-30.000000000000014,-95.625,17,0
32072,4,-30.000000000000014,-84.375,9,0
32073,4,-30.000000000000014,-73.12500000000006,14,0
32074,4,-30.000000000000014,-61.875,14,0
32075,4,-30.000000000000014,-50.625,10,0
32076,4,-30.000000000000014,-39.375,9,0
32077,4,-30.000000000000014,-28.125,15,0
32078,4,-30.000000000000014,-16.875,8,0
32079,4,-30.000000000000014,-5.625,4,0
32080,4,-35.68533471265205,0.0,9,0
32081,4,-35.68533471265205,11.25,12,0
32082,4,-35.68533471265205,22.5,12,0
32083,4,-35.68533471265205,33.75,7,0
32084,4,-35.68533471265205,45.0,8,0
32085,4,-35.68533471265205,56.25,8,0
32086,4,-35.68533471265205,67.5,12,0
32087,4,-35.68533471265205,78.75,19,0
32088,4,-35.68533471265205,90.0,10,0
32089,4,-35.68533471265205,101.25,11,0
32090,4,-35.68533471265205,112.5,11,0
32091,4,-35.68533471265205,123.75,10,0
32092,4,-35.68533471265205,135.0,2,0
32093,4,-35.68533471265205,146.25,10,0
32094,4,-35.68533471265205,157.5,9,0
32095,4,-35.68533471265205,168.75,10,0
32096,4,-35.68533471265205,-180.0,18,0
32097,4,-35.68533471265205,-168.75,7,0
32098,4,-35.68533471265205,-157.5,9,0
32099,4,-35.68533471265205,-146.25,9,0
32100,4,-35.68533471265205,-135.0,11,0
32101,4,-35.68533471265205,-123.75,17,0
32102,4,-35.68533471265205,-112.5,14,0
32103,4,-35.68533471265205,-101.25,12,0
32104,4,-35.68533471265205,-90.0,12,0
32105,4,-35.68533471265205,-78.75000000000006,9,0
32106,4,-35.68533471265205,-67.5,7,0
32107,4,-35.68533471265205,-56.25,6,0
32108,4,-35.68533471265205,-45.0,10,0
32109,4,-35.68533471265205,-33.75000000000006,7,0
32110,4,-35.68533471265205,-22.5,9,0
32111,4,-35.68533471265205,-11.25,7,0
32112,4,-41.81031489577862,5.625,8,0
32113,4,-41.81031489577862,16.875,10,0
32114,4,-41.81031489577862,28.125,11,0
32115,4,-41.81031489577862,39.375,4,0
32116,4,-41.81031489577862,50.625,16,0
32117,4,-41.81031489577862,61.875,11,0
32118,4,-41.81031489577862,73.125,12,0
32119,4,-41.81031489577862,84.375,13,0
32120,4,-41.81031489577862,95.625,10,0
32121,4,-41.81031489577862,106.875,8,0
32122,4,-41.81031489577862,118.125,16,0
32123,4,-41.81031489577862,129.375,13,0
32124,4,-41.81031489577862,140.625,10,0
32125,4,-41.81031489577862,151.875,15,0
32126,4,-41.81031489577862,163.125,13,0
32127,4,-41.81031489577862,174.375,14,0
32128,4,-41.81031489577862,-174.375,8,0
32129,4,-41.81031489577862,-163.125,9,0
32130,4,-41.81031489577862,-151.875,7,0
32131,4,-41.81031489577862,-140.625,14,0
32132,4,-41.81031489577862,-129.37500000000006,12,0
32133,4,-41.81031489577862,-118.125,12,0
32134,4,-41.81031489577862,-106.875,18,0
32135,4,-41.81031489577862,-95.625,15,0
32136,4,-41.81031489577862,-84.375,8,0
32137,4,-41.81031489577862,-73.12500000000006,11,0
32138,4,-41.81031489577862,-61.875,3,0
32139,4,-41.81031489577862,-50.625,7,0
32140,4,-41.81031489577862,-39.375,4,0
32141,4,-41.81031489577862,-28.125,7,0
32142,4,-41.81031489577862,-16.875,6,0
32143,4,-41.81031489577862,-5.625,2,0
32144,4,-48.1412077943603,6.428571428571416,10,0
32145,4,-48.1412077943603,19.285714285714278,10,0
32146,4,-48.1412077943603,32.14285714285714,12,0
32147,4,-48.1412077943603,45.0,9,0
32148,4,-48.1412077943603,57.85714285714286,12,0
32149,4,-48.1412077943603,70.71428571428572,10,0
32150,4,-48.1412077943603,83.57142857142856,9,0
32151,4,-48.1412077943603,96.42857142857144,9,0
32152,4,-48.1412077943603,109.28571428571428,15,0
32153,4,-48.1412077943603,122.14285714285711,12,0
32154,4,-48.1412077943603,135.0,13,0
32155,4,-48.1412077943603,147.8571428571429,23,0
32156,4,-48.1412077943603,160.71428571428572,9,0
32157,4,-48.1412077943603,173.57142857142856,5,0
32158,4,-48.1412077943603,-173.57142857142856,13,0
32159,4,-48.1412077943603,-160.71428571428572,6,1
32160,4,-48.1412077943603,-147.8571428571429,8,0
32161,4,-48.1412077943603,-135.0,9,0
32162,4,-48.1412077943603,-122.14285714285711,10,0
32163,4,-48.1412077943603,-109.28571428571428,13,0
32164,4,-48.1412077943603,-96.42857142857144,10,0
32165,4,-48.1412077943603,-83.57142857142856,7,0
32166,4,-48.1412077943603,-70.71428571428572,10,0
32167,4,-48.1412077943603,-57.85714285714283,6,0
32168,4,-48.1412077943603,-45.0,7,0
32169,4,-48.1412077943603,-32.14285714285717,14,0
32170,4,-48.1412077943603,-19.28571428571422,9,0
32171,4,-48.1412077943603,-6.428571428571445,8,0
32172,4,-54.340912303861245,7.5,8,0
32173,4,-54.340912303861245,22.5,9,0
32174,4,-54.340912303861245,37.5,11,0
32175,4,-54.340912303861245,52.5,6,0
32176,4,-54.340912303861245,67.5,15,0
32177,4,-54.340912303861245,82.5,9,0
32178,4,-54.340912303861245,97.5,10,0
32179,4,-54.340912303861245,112.5,11,0
32180,4,-54.340912303861245,127.5,15,0
32181,4,-54.340912303861245,142.5,14,0
32182,4,-54.340912303861245,157.5,19,0
32183,4,-54.340912303861245,172.5,13,0
32184,4,-54.340912303861245,-172.5,13,0
32185,4,-54.340912303861245,-157.5,3,0
32186,4,-54.340912303861245,-142.5,10,0
32187,4,-54.340912303861245,-127.5,15,0
32188,4,-54.340912303861245,-112.5,12,0
32189,4,-54.340912303861245,-97.5,13,0
32190,4,-54.340912303861245,-82.5,5,0
32191,4,-54.340912303861245,-67.5,11,0
32192,4,-54.340912303861245,-52.50000000000006,6,0
32193,4,-54.340912303861245,-37.5,6,0
32194,4,-54.340912303861245,-22.5,7,0
32195,4,-54.340912303861245,-7.5,9,0
32196,4,-60.4344388449523,9.0,11,0
32197,4,-60.4344388449523,27.0,11,0
32198,4,-60.4344388449523,45.0,11,0
32199,4,-60.4344388449523,63.0,10,0
32200,4,-60.4344388449523,81.0,9,0
32201,4,-60.4344388449523,99.0,9,0
32202,4,-60.4344388449523,117.0,7,0
32203,4,-60.4344388449523,135.0,9,0
32204,4,-60.4344388449523,153.0,8,0
32205,4,-60.4344388449523,171.0,13,0
32206,4,-60.4344388449523,-171.0,8,0
32207,4,-60.4344388449523,-153.0,12,0
32208,4,-60.4344388449523,-135.0,11,0
32209,4,-60.4344388449523,-117.0,9,0
32210,4,-60.4344388449523,-99.0,11,0
32211,4,-60.4344388449523,-81.0,4,0
32212,4,-60.4344388449523,-63.0,8,0
32213,4,-60.4344388449523,-45.0,18,1
32214,4,-60.4344388449523,-27.0,10,0
32215,4,-60.4344388449523,-9.0,10,0
32216,4,-66.44353569089876,11.25,12,0
32217,4,-66.44353569089876,33.75,11,0
32218,4,-66.44353569089876,56.25,9,0
32219,4,-66.44353569089876,78.75,8,0
32220,4,-66.44353569089876,101.25,7,0
32221,4,-66.44353569089876,123.75,10,0
32222,4,-66.44353569089876,146.25,13,0
32223,4,-66.44353569089876,168.75,9,0
32224,4,-66.44353569089876,-168.75,12,0
32225,4,-66.44353569089876,-146.25,12,0
32226,4,-66.44353569089876,-123.75,9,0
32227,4,-66.44353569089876,-101.25,11,0
32228,4,-66.44353569089876,-78.75,7,0
32229,4,-66.44353569089876,-56.25,12,0
32230,4,-66.44353569089876,-33.75,24,0
32231,4,-66.44353569089876,-11.25,16,0
32232,4,-72.38756092964962,15.0,11,0
32233,4,-72.38756092964962,45.0,4,0
32234,4,-72.38756092964962,75.0,8,0
32235,4,-72.38756092964962,105.0,8,0
32236,4,-72.38756092964962,135.0,8,0
32237,4,-72.38756092964962,165.0,13,0
32238,4,-72.38756092964962,-165.0,11,0
32239,4,-72.38756092964962,-135.0,10,0
32240,4,-72.38756092964962,-105.0,8,0
32241,4,-72.38756092964962,-75.0,4,0
32242,4,-72.38756092964962,-45.0,8,0
32243,4,-72.38756092964962,-15.0,12,0
32244,4,-78.28414760510762,22.5,10,0
32245,4,-78.28414760510762,67.5,7,0
32246,4,-78.28414760510762,112.5,6,0
32247,4,-78.28414760510762,157.5,14,0
32248,4,-78.28414760510762,-157.5,10,0
32249,4,-78.28414760510762,-112.5,10,0
32250,4,-78.28414760510762,-67.5,4,0
32251,4,-78.28414760510762,-22.5,9,0
32252,4,-84.14973293629666,45.0,11,0
32253,4,-84.14973293629666,135.0,12,0
32254,4,-84.14973293629666,-135.0,9,0
32255,4,-84.14973293629666,-45.0,9,0
32256,4,84.14973293629666,45.0,5,0
32257,4,84.14973293629666,135.0,7,0
32258,4,84.14973293629666,-135.0,9,0
32259,4,84.14973293629666,-45.0,6,0
32260,4,78.28414760510762,22.5,13,0
32261,4,78.28414760510762,67.5,7,0
32262,4,78.28414760510762,112.5,11,0
32263,4,78.28414760510762,157.5,13,0
32264,4,78.28414760510762,-157.5,11,0
32265,4,78.28414760510762,-112.5,8,0
32266,4,78.28414760510762,-67.5,7,0
32267,4,78.28414760510762,-22.5,14,0
32268,4,72.38756092964962,15.0,6,0
32269,4,72.38756092964962,45.0,12,0
32270,4,72.38756092964962,75.0,16,0
32271,4,72.38756092964962,105.0,14,0
32272,4,72.38756092964962,135.0,11,0
32273,4,72.38756092964962,165.0,7,0
32274,4,72.38756092964962,-165.0,9,0
32275,4,72.38756092964962,-135.0,16,0
32276,4,72.38756092964962,-105.0,7,0
32277,4,72.38756092964962,-75.0,9,0
32278,4,72.38756092964962,-45.0,15,0
32279,4,72.38756092964962,-15.0,10,0
32280,4,66.44353569089877,11.25,8,0
32281,4,66.44353569089877,33.75,11,0
32282,4,66.44353569089877,56.25,10,0
32283,4,66.44353569089877,78.75,9,0
32284,4,66.44353569089877,101.25,8,0
32285,4,66.44353569089877,123.75,13,0
32286,4,66.44353569089877,146.25,10,0
32287,4,66.44353569089877,168.75,6,0
32288,4,66.44353569089877,-168.75,19,0
32289,4,66.44353569089877,-146.25,11,0
32290,4,66.44353569089877,-123.75,12,0
32291,4,66.44353569089877,-101.25,13,0
32292,4,66.44353569089877,-78.75,7,0
32293,4,66.44353569089877,-56.25,13,0
32294,4,66.44353569089877,-33.75,15,0
32295,4,66.44353569089877,-11.25,9,0
32296,4,60.43443884495228,9.0,9,0
32297,4,60.43443884495228,27.0,9,0
32298,4,60.43443884495228,45.0,9,0
32299,4,60.43443884495228,63.0,5,0
32300,4,60.43443884495228,81.0,8,0
32301,4,60.43443884495228,99.0,6,0
32302,4,60.43443884495228,117.0,9,0
32303,4,60.43443884495228,135.0,16,0
32304,4,60.43443884495228,153.0,13,0
32305,4,60.43443884495228,171.0,10,0
32306,4,60.43443884495228,-171.0,17,0
32307,4,60.43443884495228,-153.0,7,0
32308,4,60.43443884495228,-135.0,14,0
32309,4,60.43443884495228,-117.0,10,0
32310,4,60.43443884495228,-99.0,16,0
32311,4,60.43443884495228,-81.0,10,0
32312,4,60.43443884495228,-63.0,10,0
32313,4,60.43443884495228,-45.0,16,0
32314,4,60.43443884495228,-27.0,14,0
32315,4,60.43443884495228,-9.0,12,0
32316,4,54.340912303861245,7.5,12,0
32317,4,54.340912303861245,22.5,8,0
32318,4,54.340912303861245,37.5,7,0
32319,4,54.340912303861245,52.5,9,0
32320,4,54.340912303861245,67.5,8,0
32321,4,54.340912303861245,82.5,14,0
32322,4,54.340912303861245,97.5,9,0
32323,4,54.340912303861245,112.5,8,0
32324,4,54.340912303861245,127.5,7,0
32325,4,54.340912303861245,142.5,8,0
32326,4,54.340912303861245,157.5,13,0
32327,4,54.340912303861245,172.5,11,0
32328,4,54.340912303861245,-172.5,9,0
32329,4,54.340912303861245,-157.5,8,0
32330,4,54.340912303861245,-142.5,8,0
32331,4,54.340912303861245,-127.5,7,0
32332,4,54.340912303861245,-112.5,7,0
32333,4,54.340912303861245,-97.5,20,0
32334,4,54.340912303861245,-82.5,9,0
32335,4,54.340912303861245,-67.5,11,0
32336,4,54.340912303861245,-52.50000000000006,10,0
32337,4,54.340912303861245,-37.5,15,0
32338,4,54.340912303861245,-22.5,13,0
32339,4,54.340912303861245,-7.5,13,0
32340,4,48.141207794360284,6.428571428571416,11,0
32341,4,48.141207794360284,19.285714285714278,11,0
32342,4,48.141207794360284,32.14285714285714,9,0
32343,4,48.141207794360284,45.0,8,0
32344,4,48.141207794360284,57.85714285714286,6,0
32345,4,48.141207794360284,70.71428571428572,12,0
32346,4,48.141207794360284,83.57142857142856,16,0
32347,4,48.141207794360284,96.42857142857144,11,0
32348,4,48.141207794360284,109.28571428571428,13,0
32349,4,48.141207794360284,122.14285714285711,14,0
32350,4,48.141207794360284,135.0,5,0
32351,4,48.141207794360284,147.8571428571429,8,0
32352,4,48.141207794360284,160.71428571428572,12,0
32353,4,48.141207794360284,173.57142857142856,8,0
32354,4,48.141207794360284,-173.57142857142856,10,0
32355,4,48.141207794360284,-160.71428571428572,7,0
32356,4,48.141207794360284,-147.8571428571429,8,0
32357,4,48.141207794360284,-135.0,18,0
32358,4,48.141207794360284,-122.14285714285711,10,0
32359,4,48.141207794360284,-109.28571428571428,10,0
32360,4,48.141207794360284,-96.42857142857144,14,0
32361,4,48.141207794360284,-83.57142857142856,9,0
32362,4,48.141207794360284,-70.71428571428572,12,0
32363,4,48.141207794360284,-57.85714285714283,7,0
32364,4,48.141207794360284,-45.0,9,0
32365,4,48.141207794360284,-32.14285714285717,12,0
32366,4,48.141207794360284,-19.28571428571422,13,0
32367,4,48.141207794360284,-6.428571428571445,16,0
32368,4,41.81031489577859,5.625,10,0
32369,4,41.81031489577859,16.875,13,0
32370,4,41.81031489577859,28.125,15,0
32371,4,41.81031489577859,39.375,8,0
32372,4,41.81031489577859,50.625,10,0
32373,4,41.81031489577859,61.875,8,0
32374,4,41.81031489577859,73.125,13,0
32375,4,41.81031489577859,84.375,12,0
32376,4,41.81031489577859,95.625,6,0
32377,4,41.81031489577859,106.875,13,0
32378,4,41.81031489577859,118.125,15,0
32379,4,41.81031489577859,129.375,12,0
32380,4,41.81031489577859,140.625,7,0
32381,4,41.81031489577859,151.875,10,0
32382,4,41.81031489577859,163.125,11,0
32383,4,41.81031489577859,174.375,4,0
32384,4,41.81031489577859,-174.375,14,0
32385,4,41.81031489577859,-163.125,14,0
32386,4,41.81031489577859,-151.875,7,0
32387,4,41.81031489577859,-140.625,18,0
32388,4,41.81031489577859,-129.37500000000006,16,0
32389,4,41.81031489577859,-118.125,6,0
32390,4,41.81031489577859,-106.875,8,0
32391,4,41.81031489577859,-95.625,9,0
32392,4,41.81031489577859,-84.375,15,0
32393,4,41.81031489577859,-73.12500000000006,6,0
32394,4,41.81031489577859,-61.875,9,0
32395,4,41.81031489577859,-50.625,13,0
32396,4,41.81031489577859,-39.375,9,0
32397,4,41.81031489577859,-28.125,10,0
32398,4,41.81031489577859,-16.875,9,0
32399,4,41.81031489577859,-5.625,14,0
32400,4,35.68533471265204,0.0,10,0
32401,4,35.68533471265204,11.25,8,0
32402,4,35.68533471265204,22.5,13,0
32403,4,35.68533471265204,33.75,6,0
32404,4,35.68533471265204,45.0,5,0
32405,4,35.68533471265204,56.25,11,0
32406,4,35.68533471265204,67.5,9,0
32407,4,35.68533471265204,78.75,16,0
32408,4,35.68533471265204,90.0,7,0
32409,4,35.68533471265204,101.25,11,0
32410,4,35.68533471265204,112.5,14,0
32411,4,35.68533471265204,123.75,11,0
32412,4,35.68533471265204,135.0,13,0
32413,4,35.68533471265204,146.25,10,0
32414,4,35.68533471265204,157.5,16,0
32415,4,35.68533471265204,168.75,15,0
32416,4,35.68533471265204,-180.0,7,0
32417,4,35.68533471265204,-168.75,13,0
32418,4,35.68533471265204,-157.5,12,0
32419,4,35.68533471265204,-146.25,9,0
32420,4,35.68533471265204,-135.0,13,0
32421,4,35.68533471265204,-123.75,10,0
32422,4,35.68533471265204,-112.5,12,0
32423,4,35.68533471265204,-101.25,11,0
32424,4,35.68533471265204,-90.0,12,0
32425,4,35.68533471265204,-78.75000000000006,10,0
32426,4,35.68533471265204,-67.5,5,0
32427,4,35.68533471265204,-56.25,12,0
32428,4,35.68533471265204,-45.0,13,0
32429,4,35.68533471265204,-33.75000000000006,14,0
32430,4,35.68533471265204,-22.5,18,0
32431,4,35.68533471265204,-11.25,9,0
32432,4,30.000000000000007,5.625,9,0
32433,4,30.000000000000007,16.875,9,0
32434,4,30.000000000000007,28.125,14,0
32435,4,30.000000000000007,39.375,9,0
32436,4,30.000000000000007,50.625,16,0
32437,4,30.000000000000007,61.875,16,0
32438,4,30.000000000000007,73.125,13,0
32439,4,30.000000000000007,84.375,11,0
32440,4,30.000000000000007,95.625,13,0
32441,4,30.000000000000007,106.875,13,0
32442,4,30.000000000000007,118.125,11,0
32443,4,30.000000000000007,129.375,13,0
32444,4,30.000000000000007,140.625,11,0
32445,4,30.000000000000007,151.875,9,0
32446,4,30.000000000000007,163.125,16,0
32447,4,30.000000000000007,174.375,10,0
32448,4,30.000000000000007,-174.375,8,0
32449,4,30.000000000000007,-163.125,7,0
32450,4,30.000000000000007,-151.875,13,0
32451,4,30.000000000000007,-140.625,12,0
32452,4,30.000000000000007,-129.37500000000006,11,0
32453,4,30.000000000000007,-118.125,14,0
32454,4,30.000000000000007,-106.875,9,0
32455,4,30.000000000000007,-95.625,18,0
32456,4,30.000000000000007,-84.375,14,0
32457,4,30.000000000000007,-73.12500000000006,4,0
32458,4,30.000000000000007,-61.875,7,0
32459,4,30.000000000000007,-50.625,11,0
32460,4,30.000000000000007,-39.375,14,0
32461,4,30.000000000000007,-28.125,13,0
32462,4,30.000000000000007,-16.875,17,0
32463,4,30.000000000000007,-5.625,10,0
32464,4,24.62431835216408,0.0,7,0
32465,4,24.62431835216408,11.25,4,0
32466,4,24.62431835216408,22.5,15,0
32467,4,24.62431835216408,33.75,13,0
32468,4,24.62431835216408,45.0,12,0
32469,4,24.62431835216408,56.25,17,0
32470,4,24.62431835216408,67.5,16,0
32471,4,24.62431835216408,78.75,11,0
32472,4,24.62431835216408,90.0,16,0
32473,4,24.62431835216408,101.25,11,0
32474,4,24.62431835216408,112.5,12,0
32475,4,24.62431835216408,123.75,12,0
32476,4,24.62431835216408,135.0,14,0
32477,4,24.62431835216408,146.25,8,0
32478,4,24.62431835216408,157.5,13,0
32479,4,24.62431835216408,168.75,6,0
32480,4,24.62431835216408,-180.0,9,0
32481,4,24.62431835216408,-168.75,8,0
32482,4,24.62431835216408,-157.5,6,0
32483,4,24.62431835216408,-146.25,10,0
32484,4,24.62431835216408,-135.0,13,0
32485,4,24.62431835216408,-123.75,19,0
32486,4,24.62431835216408,-112.5,12,0
32487,4,24.62431835216408,-101.25,15,0
32488,4,24.62431835216408,-90.0,9,0
32489,4,24.62431835216408,-78.75000000000006,7,0
32490,4,24.62431835216408,-67.5,14,0
32491,4,24.62431835216408,-56.25,10,0
32492,4,24.62431835216408,-45.0,9,0
32493,4,24.62431835216408,-33.75000000000006,8,0
32494,4,24.62431835216408,-22.5,11,0
32495,4,24.62431835216408,-11.25,9,0
32496,4,19.47122063449069,5.625,8,0
32497,4,19.47122063449069,16.875,12,0
32498,4,19.47122063449069,28.125,11,0
32499,4,19.47122063449069,39.375,3,0
32500,4,19.47122063449069,50.625,10,0
32501,4,19.47122063449069,61.875,15,0
32502,4,19.47122063449069,73.125,14,0
32503,4,19.47122063449069,84.375,13,0
32504,4,19.47122063449069,95.625,8,0
32505,4,19.47122063449069,106.875,9,0
32506,4,19.47122063449069,118.125,9,0
32507,4,19.47122063449069,129.375,19,0
32508,4,19.47122063449069,140.625,13,0
32509,4,19.47122063449069,151.875,13,0
32510,4,19.47122063449069,163.125,11,0
32511,4,19.47122063449069,174.375,9,0
32512,4,19.47122063449069,-174.375,10,0
32513,4,19.47122063449069,-163.125,10,0
32514,4,19.47122063449069,-151.875,8,0
32515,4,19.47122063449069,-140.625,11,0
32516,4,19.47122063449069,-129.37500000000006,11,0
32517,4,19.47122063449069,-118.125,9,0
32518,4,19.47122063449069,-106.875,7,0
32519,4,19.47122063449069,-95.625,10,0
32520,4,19.47122063449069,-84.375,3,0
32521,4,19.47122063449069,-73.12500000000006,13,0
32522,4,19.47122063449069,-61.875,7,0
32523,4,19.47122063449069,-50.625,10,0
32524,4,19.47122063449069,-39.375,8,0
32525,4,19.47122063449069,-28.125,10,0
32526,4,19.47122063449069,-16.875,12,0
32527,4,19.47122063449069,-5.625,9,0
32528,4,14.477512185929925,0.0,11,0
32529,4,14.477512185929925,11.25,9,0
32530,4,14.477512185929925,22.5,13,0
32531,4,14.477512185929925,33.75,7,0
32532,4,14.477512185929925,45.0,6,0
32533,4,14.477512185929925,56.25,16,0
32534,4,14.477512185929925,67.5,9,0
32535,4,14.477512185929925,78.75,13,0
32536,4,14.477512185929925,90.0,14,0
32537,4,14.477512185929925,101.25,7,0
32538,4,14.477512185929925,112.5,16,0
32539,4,14.477512185929925,123.75,8,0
32540,4,14.477512185929925,135.0,12,0
32541,4,14.477512185929925,146.25,10,0
32542,4,14.477512185929925,157.5,12,0
32543,4,14.477512185929925,168.75,12,0
32544,4,14.477512185929925,-180.0,8,0
32545,4,14.477512185929925,-168.75,5,0
32546,4,14.477512185929925,-157.5,11,0
32547,4,14.477512185929925,-146.25,9,0
32548,4,14.477512185929925,-135.0,9,0
32549,4,14.477512185929925,-123.75,6,0
32550,4,14.477512185929925,-112.5,7,0
32551,4,14.477512185929925,-101.25,7,0
32552,4,14.477512185929925,-90.0,15,0
32553,4,14.477512185929925,-78.75000000000006,12,0
32554,4,14.477512185929925,-67.5,6,0
32555,4,14.477512185929925,-56.25,9,0
32556,4,14.477512185929925,-45.0,17,0
32557,4,14.477512185929925,-33.75000000000006,8,0
32558,4,14.477512185929925,-22.5,10,0
32559,4,14.477512185929925,-11.25,7,0
32560,4,9.594068226860458,5.625,10,0
32561,4,9.594068226860458,16.875,13,0
32562,4,9.594068226860458,28.125,10,1
32563,4,9.594068226860458,39.375,6,0
32564,4,9.594068226860458,50.625,13,0
32565,4,9.594068226860458,61.875,8,1
32566,4,9.594068226860458,73.125,9,0
32567,4,9.594068226860458,84.375,8,0
32568,4,9.594068226860458,95.625,13,0
32569,4,9.594068226860458,106.875,10,0
32570,4,9.594068226860458,118.125,10,0
32571,4,9.594068226860458,129.375,14,0
32572,4,9.594068226860458,140.625,12,0
32573,4,9.594068226860458,151.875,8,0
32574,4,9.594068226860458,163.125,15,0
32575,4,9.594068226860458,174.375,11,0
32576,4,9.594068226860458,-174.375,13,1
32577,4,9.594068226860458,-163.125,10,0
32578,4,9.594068226860458,-151.875,8,0
32579,4,9.594068226860458,-140.625,7,0
32580,4,9.594068226860458,-129.37500000000006,8,0
32581,4,9.594068226860458,-118.125,5,0
32582,4,9.594068226860458,-106.875,19,0
32583,4,9.594068226860458,-95.625,11,0
32584,4,9.594068226860458,-84.375,18,1
32585,4,9.594068226860458,-73.12500000000006,13,0
32586,4,9.594068226860458,-61.875,7,1
32587,4,9.594068226860458,-50.625,11,0
32588,4,9.594068226860458,-39.375,10,0
32589,4,9.594068226860458,-28.125,14,0
32590,4,9.594068226860458,-16.875,10,0
32591,4,9.594068226860458,-5.625,13,0
32592,4,4.780191847199163,0.0,16,3
32593,4,4.780191847199163,11.25,9,2
32594,4,4.780191847199163,22.5,8,1
32595,4,4.780191847199163,33.75,12,4
32596,4,4.780191847199163,45.0,13,1
32597,4,4.780191847199163,56.25,8,1
32598,4,4.780191847199163,67.5,8,2
32599,4,4.780191847199163,78.75,6,1
32600,4,4.780191847199163,90.0,14,1
32601,4,4.780191847199163,101.25,9,0
32602,4,4.780191847199163,112.5,8,2
32603,4,4.780191847199163,123.75,15,0
32604,4,4.780191847199163,135.0,12,1
32605,4,4.780191847199163,146.25,12,2
32606,4,4.780191847199163,157.5,10,1
32607,4,4.780191847199163,168.75,16,2
32608,4,4.780191847199163,-180.0,11,4
32609,4,4.780191847199163,-168.75,15,1
32610,4,4.780191847199163,-157.5,13,0
32611,4,4.780191847199163,-146.25,3,0
32612,4,4.780191847199163,-135.0,7,0
32613,4,4.780191847199163,-123.75,14,3
32614,4,4.780191847199163,-112.5,14,3
32615,4,4.780191847199163,-101.25,14,0
32616,4,4.780191847199163,-90.0,8,1
32617,4,4.780191847199163,-78.75000000000006,14,2
32618,4,4.780191847199163,-67.5,12,0
32619,4,4.780191847199163,-56.25,10,2
32620,4,4.780191847199163,-45.0,8,2
32621,4,4.780191847199163,-33.75000000000006,10,2
32622,4,4.780191847199163,-22.5,12,3
32623,4,4.780191847199163,-11.25,14,0
32624,4,0.0,5.625,14,4
32625,4,0.0,16.875,7,5
32626,4,0.0,28.125,15,1
32627,4,0.0,39.375,11,4
32628,4,0.0,50.625,17,0
32629,4,0.0,61.875,14,5
32630,4,0.0,73.125,7,4
32631,4,0.0,84.375,9,2
32632,4,0.0,95.625,10,1
32633,4,0.0,106.875,10,1
32634,4,0.0,118.125,9,5
32635,4,0.0,129.375,16,3
32636,4,0.0,140.625,11,4
32637,4,0.0,151.875,9,1
32638,4,0.0,163.125,14,5
32639,4,0.0,174.375,10,2
32640,4,0.0,-174.375,12,4
32641,4,0.0,-163.125,11,5
32642,4,0.0,-151.875,7,2
32643,4,0.0,-140.625,10,4
32644,4,0.0,-129.37500000000006,15,3
32645,4,0.0,-118.125,9,1
32646,4,0.0,-106.875,12,4
32647,4,0.0,-95.625,9,2
32648,4,0.0,-84.375,11,5
32649,4,0.0,-73.12500000000006,6,2
32650,4,0.0,-61.875,3,4
32651,4,0.0,-50.625,3,4
32652,4,0.0,-39.375,12,5
32653,4,0.0,-28.125,14,2
32654,4,0.0,-16.875,10,8
32655,4,0.0,-5.625,8,2
32656,4,-4.780191847199163,0.0,12,2
32657,4,-4.780191847199163,11.25,12,3
32658,4,-4.780191847199163,22.5,16,0
32659,4,-4.780191847199163,33.75,14,3
32660,4,-4.780191847199163,45.0,13,0
32661,4,-4.780191847199163,56.25,9,2
32662,4,-4.780191847199163,67.5,13,1
32663,4,-4.780191847199163,78.75,13,1
32664,4,-4.780191847199163,90.0,12,2
32665,4,-4.780191847199163,101.25,9,1
32666,4,-4.780191847199163,112.5,9,1
32667,4,-4.780191847199163,123.75,11,2
32668,4,-4.780191847199163,135.0,11,4
32669,4,-4.780191847199163,146.25,6,1
32670,4,-4.780191847199163,157.5,19,2
32671,4,-4.780191847199163,168.75,13,3
32672,4,-4.780191847199163,-180.0,10,1
32673,4,-4.780191847199163,-168.75,11,2
32674,4,-4.780191847199163,-157.5,9,4
32675,4,-4.780191847199163,-146.25,11,3
32676,4,-4.780191847199163,-135.0,16,1
32677,4,-4.780191847199163,-123.75,8,0
32678,4,-4.780191847199163,-112.5,12,2
32679,4,-4.780191847199163,-101.25,9,0
32680,4,-4.780191847199163,-90.0,14,2
32681,4,-4.780191847199163,-78.75000000000006,11,1
32682,4,-4.780191847199163,-67.5,8,2
32683,4,-4.780191847199163,-56.25,6,0
32684,4,-4.780191847199163,-45.0,9,5
32685,4,-4.780191847199163,-33.75000000000006,13,2
32686,4,-4.780191847199163,-22.5,9,3
32687,4,-4.780191847199163,-11.25,7,3
32688,4,-9.594068226860458,5.625,15,0
32689,4,-9.594068226860458,16.875,12,1
32690,4,-9.594068226860458,28.125,18,0
32691,4,-9.594068226860458,39.375,17,0
32692,4,-9.594068226860458,50.625,9,0
32693,4,-9.594068226860458,61.875,10,0
32694,4,-9.594068226860458,73.125,11,0
32695,4,-9.594068226860458,84.375,11,0
32696,4,-9.594068226860458,95.625,11,0
32697,4,-9.594068226860458,106.875,11,0
32698,4,-9.594068226860458,118.125,12,0
32699,4,-9.594068226860458,129.375,13,0
32700,4,-9.594068226860458,140.625,9,0
32701,4,-9.594068226860458,151.875,13,0
32702,4,-9.594068226860458,163.125,13,0
32703,4,-9.594068226860458,174.375,17,0
32704,4,-9.594068226860458,-174.375,11,0
32705,4,-9.594068226860458,-163.125,10,0
32706,4,-9.594068226860458,-151.875,11,0
32707,4,-9.594068226860458,-140.625,13,1
32708,4,-9.594068226860458,-129.37500000000006,11,0
32709,4,-9.594068226860458,-118.125,6,0
32710,4,-9.594068226860458,-106.875,11,0
32711,4,-9.594068226860458,-95.625,5,0
32712,4,-9.594068226860458,-84.375,15,0
32713,4,-9.594068226860458,-73.12500000000006,10,0
32714,4,-9.594068226860458,-61.875,14,0
32715,4,-9.594068226860458,-50.625,7,0
32716,4,-9.594068226860458,-39.375,14,0
32717,4,-9.594068226860458,-28.125,13,0
32718,4,-9.594068226860458,-16.875,6,0
32719,4,-9.594068226860458,-5.625,9,0
32720,4,-14.477512185929925,0.0,11,0
32721,4,-14.477512185929925,11.25,17,0
32722,4,-14.477512185929925,22.5,10,0
32723,4,-14.477512185929925,33.75,13,0
32724,4,-14.477512185929925,45.0,20,0
32725,4,-14.477512185929925,56.25,9,0
32726,4,-14.477512185929925,67.5,16,0
32727,4,-14.477512185929925,78.75,15,0
32728,4,-14.477512185929925,90.0,13,0
32729,4,-14.477512185929925,101.25,9,0
32730,4,-14.477512185929925,112.5,12,0
32731,4,-14.477512185929925,123.75,10,0
32732,4,-14.477512185929925,135.0,15,0
32733,4,-14.477512185929925,146.25,3,0
32734,4,-14.477512185929925,157.5,11,0
32735,4,-14.477512185929925,168.75,10,0
32736,4,-14.477512185929925,-180.0,9,0
32737,4,-14.477512185929925,-168.75,9,0
32738,4,-14.477512185929925,-157.5,12,0
32739,4,-14.477512185929925,-146.25,8,0
32740,4,-14.477512185929925,-135.0,10,0
32741,4,-14.477512185929925,-123.75,7,0
32742,4,-14.477512185929925,-112.5,12,0
32743,4,-14.477512185929925,-101.25,10,0
32744,4,-14.477512185929925,-90.0,7,0
32745,4,-14.477512185929925,-78.75000000000006,8,0
32746,4,-14.477512185929925,-67.5,19,0
32747,4,-14.477512185929925,-56.25,9,0
32748,4,-14.477512185929925,-45.0,8,0
32749,4,-14.477512185929925,-33.75000000000006,13,1
32750,4,-14.477512185929925,-22.5,10,0
32751,4,-14.477512185929925,-11.25,11,0
32752,4,-19.47122063449069,5.625,9,0
32753,4,-19.47122063449069,16.875,9,0
32754,4,-19.47122063449069,28.125,6,0
32755,4,-19.47122063449069,39.375,13,0
32756,4,-19.47122063449069,50.625,12,0
32757,4,-19.47122063449069,61.875,7,0
32758,4,-19.47122063449069,73.125,16,0
32759,4,-19.47122063449069,84.375,13,0
32760,4,-19.47122063449069,95.625,14,0
32761,4,-19.47122063449069,106.875,8,0
32762,4,-19.47122063449069,118.125,16,0
32763,4,-19.47122063449069,129.375,13,0
32764,4,-19.47122063449069,140.625,6,0
32765,4,-19.47122063449069,151.875,10,0
32766,4,-19.47122063449069,163.125,7,0
32767,4,-19.47122063449069,174.375,11,0
32768,4,-19.47122063449069,-174.375,11,0
32769,4,-19.47122063449069,-163.125,17,0
32770,4,-19.47122063449069,-151.875,10,0
32771,4,-19.47122063449069,-140.625,8,0
32772,4,-19.47122063449069,-129.37500000000006,15,0
32773,4,-19.47122063449069,-118.125,10,0
32774,4,-19.47122063449069,-106.875,6,0
32775,4,-19.47122063449069,-95.625,7,0
32776,4,-19.47122063449069,-84.375,8,0
32777,4,-19.47122063449069,-73.12500000000006,8,0
32778,4,-19.47122063449069,-61.875,8,0
32779,4,-19.47122063449069,-50.625,12,0
32780,4,-19.47122063449069,-39.375,17,1
32781,4,-19.47122063449069,-28.125,13,0
32782,4,-19.47122063449069,-16.875,12,0
32783,4,-19.47122063449069,-5.625,17,0
32784,4,-24.62431835216408,0.0,11,0
32785,4,-24.62431835216408,11.25,3,0
32786,4,-24.62431835216408,22.5,10,1
32787,4,-24.62431835216408,33.75,10,0
32788,4,-24.62431835216408,45.0,11,0
32789,4,-24.62431835216408,56.25,5,0
32790,4,-24.62431835216408,67.5,9,0
32791,4,-24.62431835216408,78.75,12,0
32792,4,-24.62431835216408,90.0,11,0
32793,4,-24.62431835216408,101.25,7,0
32794,4,-24.62431835216408,112.5,9,0
32795,4,-24.62431835216408,123.75,6,0
32796,4,-24.62431835216408,135.0,9,0
32797,4,-24.62431835216408,146.25,6,0
32798,4,-24.62431835216408,157.5,13,0
32799,4,-24.62431835216408,168.75,13,0
32800,4,-24.62431835216408,-180.0,9,0
32801,4,-24.62431835216408,-168.75,15,0
32802,4,-24.62431835216408,-157.5,10,0
32803,4,-24.62431835216408,-146.25,9,0
32804,4,-24.62431835216408,-135.0,13,0
32805,4,-24.62431835216408,-123.75,16,0
32806,4,-24.62431835216408,-112.5,10,0
32807,4,-24.62431835216408,-101.25,8,0
32808,4,-24.62431835216408,-90.0,14,0
32809,4,-24.62431835216408,-78.75000000000006,13,0
32810,4,-24.62431835216408,-67.5,6,0
32811,4,-24.62431835216408,-56.25,10,1
32812,4,-24.62431835216408,-45.0,11,0
32813,4,-24.62431835216408,-33.75000000000006,13,0
32814,4,-24.62431835216408,-22.5,8,0
32815,4,-24.62431835216408,-11.25,8,0
32816,4,-30.000000000000014,5.625,8,0
32817,4,-30.000000000000014,16.875,10,0
32818,4,-30.000000000000014,28.125,15,0
32819,4,-30.000000000000014,39.375,7,0
32820,4,-30.000000000000014,50.625,10,0
32821,4,-30.000000000000014,61.875,8,0
32822,4,-30.000000000000014,73.125,10,0
32823,4,-30.000000000000014,84.375,11,0
32824,4,-30.000000000000014,95.625,4,0
32825,4,-30.000000000000014,106.875,8,0
32826,4,-30.000000000000014,118.125,3,0
32827,4,-30.000000000000014,129.375,3,0
32828,4,-30.000000000000014,140.625,9,0
32829,4,-30.000000000000014,151.875,7,0
32830,4,-30.000000000000014,163.125,11,0
32831,4,-30.000000000000014,174.375,10,0
32832,4,-30.000000000000014,-174.375,15,0
32833,4,-30.000000000000014,-163.125,12,0
32834,4,-30.000000000000014,-151.875,11,0
32835,4,-30.000000000000014,-140.625,9,0
32836,4,-30.000000000000014,-129.37500000000006,15,0
32837,4,-30.000000000000014,-118.125,11,0
32838,4,-30.000000000000014,-106.875,13,0
32839,4,-30.000000000000014,-95.625,17,0
32840,4,-30.000000000000014,-84.375,9,0
32841,4,-30.000000000000014,-73.12500000000006,14,0
32842,4,-30.000000000000014,-61.875,14,0
32843,4,-30.000000000000014,-50.625,10,0
32844,4,-30.000000000000014,-39.375,9,0
32845,4,-30.000000000000014,-28.125,15,0
32846,4,-30.000000000000014,-16.875,8,0
32847,4,-30.000000000000014,-5.625,4,0
32848,4,-35.68533471265205,0.0,9,0
32849,4,-35.68533471265205,11.25,12,0
32850,4,-35.68533471265205,22.5,12,0
32851,4,-35.68533471265205,33.75,7,0
32852,4,-35.68533471265205,45.0,8,0
32853,4,-35.68533471265205,56.25,8,0
32854,4,-35.68533471265205,67.5,12,0
32855,4,-35.68533471265205,78.75,19,0
32856,4,-35.68533471265205,90.0,10,0
32857,4,-35.68533471265205,101.25,11,0
32858,4,-35.68533471265205,112.5,11,0
32859,4,-35.68533471265205,123.75,10,0
32860,4,-35.68533471265205,135.0,2,0
32861,4,-35.68533471265205,146.25,10,0
32862,4,-35.68533471265205,157.5,9,0
32863,4,-35.68533471265205,168.75,10,0
32864,4,-35.68533471265205,-180.0,18,0
32865,4,-35.68533471265205,-168.75,7,0
32866,4,-35.68533471265205,-157.5,9,0
32867,4,-35.68533471265205,-146.25,9,0
32868,4,-35.68533471265205,-135.0,11,0
32869,4,-35.68533471265205,-123.75,17,0
32870,4,-35.68533471265205,-112.5,14,0
32871,4,-35.68533471265205,-101.25,12,0
32872,4,-35.68533471265205,-90.0,12,0
32873,4,-35.68533471265205,-78.75000000000006,9,0
32874,4,-35.68533471265205,-67.5,7,0
32875,4,-35.68533471265205,-56.25,6,0
32876,4,-35.68533471265205,-45.0,10,0
32877,4,-35.68533471265205,-33.75000000000006,7,0
32878,4,-35.68533471265205,-22.5,9,0
32879,4,-35.68533471265205,-11.25,7,0
32880,4,-41.81031489577862,5.625,8,0
32881,4,-41.81031489577862,16.875,10,0
32882,4,-41.81031489577862,28.125,11,0
32883,4,-41.81031489577862,39.375,4,0
32884,4,-41.81031489577862,50.625,16,0
32885,4,-41.81031489577862,61.875,11,0
32886,4,-41.81031489577862,73.125,12,0
32887,4,-41.81031489577862,84.375,13,0
32888,4,-41.81031489577862,95.625,10,0
32889,4,-41.81031489577862,106.875,8,0
32890,4,-41.81031489577862,118.125,16,0
32891,4,-41.81031489577862,129.375,13,0
32892,4,-41.81031489577862,140.625,10,0
32893,4,-41.81031489577862,151.875,15,0
32894,4,-41.81031489577862,163.125,13,0
32895,4,-41.81031489577862,174.375,14,0
32896,4,-41.81031489577862,-174.375,8,0
32897,4,-41.81031489577862,-163.125,9,0
32898,4,-41.81031489577862,-151.875,7,0
32899,4,-41.81031489577862,-140.625,14,0
32900,4,-41.81031489577862,-129.37500000000006,12,0
32901,4,-41.81031489577862,-118.125,12,0
32902,4,-41.81031489577862,-106.875,18,0
32903,4,-41.81031489577862,-95.625,15,0
32904,4,-41.81031489577862,-84.375,8,0
32905,4,-41.81031489577862,-73.12500000000006,11,0
32906,4,-41.81031489577862,-61.875,3,0
32907,4,-41.81031489577862,-50.625,7,0
32908,4,-41.81031489577862,-39.375,4,0
32909,4,-41.81031489577862,-28.125,7,0
32910,4,-41.81031489577862,-16.875,6,0
32911,4,-41.81031489577862,-5.625,2,0
32912,4,-48.1412077943603,6.428571428571416,10,0
32913,4,-48.1412077943603,19.285714285714278,10,0
32914,4,-48.1412077943603,32.14285714285714,12,0
32915,4,-48.1412077943603,45.0,9,0
32916,4,-48.1412077943603,57.85714285714286,12,0
32917,4,-48.1412077943603,70.71428571428572,10,0
32918,4,-48.1412077943603,83.57142857142856,9,0
32919,4,-48.1412077943603,96.42857142857144,9,0
32920,4,-48.1412077943603,109.28571428571428,15,0
32921,4,-48.1412077943603,122.14285714285711,12,0
32922,4,-48.1412077943603,135.0,13,0
32923,4,-48.1412077943603,147.8571428571429,23,0
32924,4,-48.1412077943603,160.71428571428572,9,0
32925,4,-48.1412077943603,173.57142857142856,5,0
32926,4,-48.1412077943603,-173.57142857142856,13,0
32927,4,-48.1412077943603,-160.71428571428572,6,1
32928,4,-48.1412077943603,-147.8571428571429,8,0
32929,4,-48.1412077943603,-135.0,9,0
32930,4,-48.1412077943603,-122.14285714285711,10,0
32931,4,-48.1412077943603,-109.28571428571428,13,0
32932,4,-48.1412077943603,-96.42857142857144,10,0
32933,4,-48.1412077943603,-83.57142857142856,7,0
32934,4,-48.1412077943603,-70.71428571428572,10,0
32935,4,-48.1412077943603,-57.85714285714283,6,0
32936,4,-48.1412077943603,-45.0,7,0
32937,4,-48.1412077943603,-32.14285714285717,14,0
32938,4,-48.1412077943603,-19.28571428571422,9,0
32939,4,-48.1412077943603,-6.428571428571445,8,0
32940,4,-54.340912303861245,7.5,8,0
32941,4,-54.340912303861245,22.5,9,0
32942,4,-54.340912303861245,37.5,11,0
32943,4,-54.340912303861245,52.5,6,0
32944,4,-54.340912303861245,67.5,15,0
32945,4,-54.340912303861245,82.5,9,0
32946,4,-54.340912303861245,97.5,10,0
32947,4,-54.340912303861245,112.5,11,0
32948,4,-54.340912303861245,127.5,15,0
32949,4,-54.340912303861245,142.5,14,0
32950,4,-54.340912303861245,157.5,19,0
32951,4,-54.340912303861245,172.5,13,0
32952,4,-54.340912303861245,-172.5,13,0
32953,4,-54.340912303861245,-157.5,3,0
32954,4,-54.340912303861245,-142.5,10,0
32955,4,-54.340912303861245,-127.5,15,0
32956,4,-54.340912303861245,-112.5,12,0
32957,4,-54.340912303861245,-97.5,13,0
32958,4,-54.340912303861245,-82.5,5,0
32959,4,-54.340912303861245,-67.5,11,0
32960,4,-54.340912303861245,-52.50000000000006,6,0
32961,4,-54.340912303861245,-37.5,6,0
32962,4,-54.340912303861245,-22.5,7,0
32963,4,-54.340912303861245,-7.5,9,0
32964,4,-60.4344388449523,9.0,11,0
32965,4,-60.4344388449523,27.0,11,0
32966,4,-60.4344388449523,45.0,11,0
32967,4,-60.4344388449523,63.0,10,0
32968,4,-60.4344388449523,81.0,9,0
32969,4,-60.4344388449523,99.0,9,0
32970,4,-60.4344388449523,117.0,7,0
32971,4,-60.4344388449523,135.0,9,0
32972,4,-60.4344388449523,153.0,8,0
32973,4,-60.4344388449523,171.0,13,0
32974,4,-60.4344388449523,-171.0,8,0
32975,4,-60.4344388449523,-153.0,12,0
32976,4,-60.4344388449523,-135.0,11,0
32977,4,-60.4344388449523,-117.0,9,0
32978,4,-60.4344388449523,-99.0,11,0
32979,4,-60.4344388449523,-81.0,4,0
32980,4,-60.4344388449523,-63.0,8,0
32981,4,-60.4344388449523,-45.0,18,1
32982,4,-60.4344388449523,-27.0,10,0
32983,4,-60.4344388449523,-9.0,10,0
32984,4,-66.44353569089876,11.25,12,0
32985,4,-66.44353569089876,33.75,11,0
32986,4,-66.44353569089876,56.25,9,0
32987,4,-66.44353569089876,78.75,8,0
32988,4,-66.44353569089876,101.25,7,0
32989,4,-66.44353569089876,123.75,10,0
32990,4,-66.44353569089876,146.25,13,0
32991,4,-66.44353569089876,168.75,9,0
32992,4,-66.44353569089876,-168.75,12,0
32993,4,-66.44353569089876,-146.25,12,0
32994,4,-66.44353569089876,-123.75,9,0
32995,4,-66.44353569089876,-101.25,11,0
32996,4,-66.44353569089876,-78.75,7,0
32997,4,-66.44353569089876,-56.25,12,0
32998,4,-66.44353569089876,-33.75,24,0
32999,4,-66.44353569089876,-11.25,16,0
33000,4,-72.38756092964962,15.0,11,0
33001,4,-72.38756092964962,45.0,4,0
33002,4,-72.38756092964962,75.0,8,0
33003,4,-72.38756092964962,105.0,8,0
33004,4,-72.38756092964962,135.0,8,0
33005,4,-72.38756092964962,165.0,13,0
33006,4,-72.38756092964962,-165.0,11,0
33007,4,-72.38756092964962,-135.0,10,0
33008,4,-72.38756092964962,-105.0,8,0
33009,4,-72.38756092964962,-75.0,4,0
33010,4,-72.38756092964962,-45.0,8,0
33011,4,-72.38756092964962,-15.0,12,0
33012,4,-78.28414760510762,22.5,10,0
33013,4,-78.28414760510762,67.5,7,0
33014,4,-78.28414760510762,112.5,6,0
33015,4,-78.28414760510762,157.5,14,0
33016,4,-78.28414760510762,-157.5,10,0
33017,4,-78.28414760510762,-112.5,10,0
33018,4,-78.28414760510762,-67.5,4,0
33019,4,-78.28414760510762,-22.5,9,0
33020,4,-84.14973293629666,45.0,11,0
33021,4,-84.14973293629666,135.0,12,0
33022,4,-84.14973293629666,-135.0,9,0
33023,4,-84.14973293629666,-45.0,9,0
33024,4,84.14973293629666,45.0,5,0
33025,4,84.14973293629666,135.0,7,0
33026,4,84.14973293629666,-135.0,9,0
33027,4,84.14973293629666,-45.0,6,0
33028,4,78.28414760510762,22.5,13,0
33029,4,78.28414760510762,67.5,7,0
33030,4,78.28414760510762,112.5,11,0
33031,4,78.28414760510762,157.5,13,0
33032,4,78.28414760510762,-157.5,11,0
33033,4,78.28414760510762,-112.5,8,0
33034,4,78.28414760510762,-67.5,7,0
33035,4,78.28414760510762,-22.5,14,0
33036,4,72.38756092964962,15.0,6,0
33037,4,72.38756092964962,45.0,12,0
33038,4,72.38756092964962,75.0,16,0
33039,4,72.38756092964962,105.0,14,0
33040,4,72.38756092964962,135.0,11,0
33041,4,72.38756092964962,165.0,7,0
33042,4,72.38756092964962,-165.0,9,0
33043,4,72.38756092964962,-135.0,16,0
33044,4,72.38756092964962,-105.0,7,0
33045,4,72.38756092964962,-75.0,9,0
33046,4,72.38756092964962,-45.0,15,0
33047,4,72.38756092964962,-15.0,10,0
33048,4,66.44353569089877,11.25,8,0
33049,4,66.44353569089877,33.75,11,0
33050,4,66.44353569089877,56.25,10,0
33051,4,66.44353569089877,78.75,9,0
33052,4,66.44353569089877,101.25,8,0
33053,4,66.44353569089877,123.75,13,0
33054,4,66.44353569089877,146.25,10,0
33055,4,66.44353569089877,168.75,6,0
33056,4,66.44353569089877,-168.75,19,0
33057,4,66.44353569089877,-146.25,11,0
33058,4,66.44353569089877,-123.75,12,0
33059,4,66.44353569089877,-101.25,13,0
33060,4,66.44353569089877,-78.75,7,0
33061,4,66.44353569089877,-56.25,13,0
33062,4,66.44353569089877,-33.75,15,0
33063,4,66.44353569089877,-11.25,9,0
33064,4,60.43443884495228,9.0,9,0
33065,4,60.43443884495228,27.0,9,0
33066,4,60.43443884495228,45.0,9,0
33067,4,60.43443884495228,63.0,5,0
33068,4,60.43443884495228,81.0,8,0
33069,4,60.43443884495228,99.0,6,0
33070,4,60.43443884495228,117.0,9,0
33071,4,60.43443884495228,135.0,16,0
33072,4,60.43443884495228,153.0,13,0
33073,4,60.43443884495228,171.0,10,0
33074,4,60.43443884495228,-171.0,17,0
33075,4,60.43443884495228,-153.0,7,0
33076,4,60.43443884495228,-135.0,14,0
33077,4,60.43443884495228,-117.0,10,0
33078,4,60.43443884495228,-99.0,16,0
33079,4,60.43443884495228,-81.0,10,0
33080,4,60.43443884495228,-63.0,10,0
33081,4,60.43443884495228,-45.0,16,0
33082,4,60.43443884495228,-27.0,14,0
33083,4,60.43443884495228,-9.0,12,0
33084,4,54.340912303861245,7.5,12,0
33085,4,54.340912303861245,22.5,8,0
33086,4,54.340912303861245,37.5,7,0
33087,4,54.340912303861245,52.5,9,0
33088,4,54.340912303861245,67.5,8,0
33089,4,54.340912303861245,82.5,14,0
33090,4,54.340912303861245,97.5,9,0
33091,4,54.340912303861245,112.5,8,0
33092,4,54.340912303861245,127.5,7,0
33093,4,54.340912303861245,142.5,8,0
33094,4,54.340912303861245,157.5,13,0
33095,4,54.340912303861245,172.5,11,0
33096,4,54.340912303861245,-172.5,9,0
33097,4,54.340912303861245,-157.5,8,0
33098,4,54.340912303861245,-142.5,8,0
33099,4,54.340912303861245,-127.5,7,0
33100,4,54.340912303861245,-112.5,7,0
33101,4,54.340912303861245,-97.5,20,0
33102,4,54.340912303861245,-82.5,9,0
33103,4,54.340912303861245,-67.5,11,0
33104,4,54.340912303861245,-52.50000000000006,10,0
33105,4,54.340912303861245,-37.5,15,0
33106,4,54.340912303861245,-22.5,13,0
33107,4,54.340912303861245,-7.5,13,0
33108,4,48.141207794360284,6.428571428571416,11,0
33109,4,48.141207794360284,19.285714285714278,11,0
33110,4,48.141207794360284,32.14285714285714,9,0
33111,4,48.141207794360284,45.0,8,0
33112,4,48.141207794360284,57.85714285714286,6,0
33113,4,48.141207794360284,70.71428571428572,12,0
33114,4,48.141207794360284,83.57142857142856,16,0
33115,4,48.141207794360284,96.42857142857144,11,0
33116,4,48.141207794360284,109.28571428571428,13,0
33117,4,48.141207794360284,122.14285714285711,14,0
33118,4,48.141207794360284,135.0,5,0
33119,4,48.141207794360284,147.8571428571429,8,0
33120,4,48.141207794360284,160.71428571428572,12,0
33121,4,48.141207794360284,173.57142857142856,8,0
33122,4,48.141207794360284,-173.57142857142856,10,0
33123,4,48.141207794360284,-160.71428571428572,7,0
33124,4,48.141207794360284,-147.8571428571429,8,0
33125,4,48.141207794360284,-135.0,18,0
33126,4,48.141207794360284,-122.14285714285711,10,0
33127,4,48.141207794360284,-109.28571428571428,10,0
33128,4,48.141207794360284,-96.42857142857144,14,0
33129,4,48.141207794360284,-83.57142857142856,9,0
33130,4,48.141207794360284,-70.71428571428572,12,0
33131,4,48.141207794360284,-57.85714285714283,7,0
33132,4,48.141207794360284,-45.0,9,0
33133,4,48.141207794360284,-32.14285714285717,12,0
33134,4,48.141207794360284,-19.28571428571422,13,0
33135,4,48.141207794360284,-6.428571428571445,16,0
33136,4,41.81031489577859,5.625,10,0
33137,4,41.81031489577859,16.875,13,0
33138,4,41.81031489577859,28.125,15,0
33139,4,41.81031489577859,39.375,8,0
33140,4,41.81031489577859,50.625,10,0
33141,4,41.81031489577859,61.875,8,0
33142,4,41.81031489577859,73.125,13,0
33143,4,41.81031489577859,84.375,12,0
33144,4,41.81031489577859,95.625,6,0
33145,4,41.81031489577859,106.875,13,0
33146,4,41.81031489577859,118.125,15,0
33147,4,41.81031489577859,129.375,12,0
33148,4,41.81031489577859,140.625,7,0
33149,4,41.81031489577859,151.875,10,0
33150,4,41.81031489577859,163.125,11,0
33151,4,41.81031489577859,174.375,4,0
33152,4,41.81031489577859,-174.375,14,0
33153,4,41.81031489577859,-163.125,14,0
33154,4,41.81031489577859,-151.875,7,0
33155,4,41.81031489577859,-140.625,18,0
33156,4,41.81031489577859,-129.37500000000006,16,0
33157,4,41.81031489577859,-118.125,6,0
33158,4,41.81031489577859,-106.875,8,0
33159,4,41.81031489577859,-95.625,9,0
33160,4,41.81031489577859,-84.375,15,0
33161,4,41.81031489577859,-73.12500000000006,6,0
33162,4,41.81031489577859,-61.875,9,0
33163,4,41.81031489577859,-50.625,13,0
33164,4,41.81031489577859,-39.375,9,0
33165,4,41.81031489577859,-28.125,10,0
33166,4,41.81031489577859,-16.875,9,0
33167,4,41.81031489577859,-5.625,14,0
33168,4,35.68533471265204,0.0,10,0
33169,4,35.68533471265204,11.25,8,0
33170,4,35.68533471265204,22.5,13,0
33171,4,35.68533471265204,33.75,6,0
33172,4,35.68533471265204,45.0,5,0
33173,4,35.68533471265204,56.25,11,0
33174,4,35.68533471265204,67.5,9,0
33175,4,35.68533471265204,78.75,16,0
33176,4,35.68533471265204,90.0,7,0
33177,4,35.68533471265204,101.25,11,0
33178,4,35.68533471265204,112.5,14,0
33179,4,35.68533471265204,123.75,11,0
33180,4,35.68533471265204,135.0,13,0
33181,4,35.68533471265204,146.25,10,0
33182,4,35.68533471265204,157.5,16,0
33183,4,35.68533471265204,168.75,15,0
33184,4,35.68533471265204,-180.0,7,0
33185,4,35.68533471265204,-168.75,13,0
33186,4,35.68533471265204,-157.5,12,0
33187,4,35.68533471265204,-146.25,9,0
33188,4,35.68533471265204,-135.0,13,0
33189,4,35.68533471265204,-123.75,10,0
33190,4,35.68533471265204,-112.5,12,0
33191,4,35.68533471265204,-101.25,11,0
33192,4,35.68533471265204,-90.0,12,0
33193,4,35.68533471265204,-78.75000000000006,10,0
33194,4,35.68533471265204,-67.5,5,0
33195,4,35.68533471265204,-56.25,12,0
33196,4,35.68533471265204,-45.0,13,0
33197,4,35.68533471265204,-33.75000000000006,14,0
33198,4,35.68533471265204,-22.5,18,0
33199,4,35.68533471265204,-11.25,9,0
33200,4,30.000000000000007,5.625,9,0
33201,4,30.000000000000007,16.875,9,0
33202,4,30.000000000000007,28.125,14,0
33203,4,30.000000000000007,39.375,9,0
33204,4,30.000000000000007,50.625,16,0
33205,4,30.000000000000007,61.875,16,0
33206,4,30.000000000000007,73.125,13,0
33207,4,30.000000000000007,84.375,11,0
33208,4,30.000000000000007,95.625,13,0
33209,4,30.000000000000007,106.875,13,0
33210,4,30.000000000000007,118.125,11,0
33211,4,30.000000000000007,129.375,13,0
33212,4,30.000000000000007,140.625,11,0
33213,4,30.000000000000007,151.875,9,0
33214,4,30.000000000000007,163.125,16,0
33215,4,30.000000000000007,174.375,10,0
33216,4,30.000000000000007,-174.375,8,0
33217,4,30.000000000000007,-163.125,7,0
33218,4,30.000000000000007,-151.875,13,0
33219,4,30.000000000000007,-140.625,12,0
33220,4,30.000000000000007,-129.37500000000006,11,0
33221,4,30.000000000000007,-118.125,14,0
33222,4,30.000000000000007,-106.875,9,0
33223,4,30.000000000000007,-95.625,18,0
33224,4,30.000000000000007,-84.375,14,0
33225,4,30.000000000000007,-73.12500000000006,4,0
33226,4,30.000000000000007,-61.875,7,0
33227,4,30.000000000000007,-50.625,11,0
33228,4,30.000000000000007,-39.375,14,0
33229,4,30.000000000000007,-28.125,13,0
33230,4,30.000000000000007,-16.875,17,0
33231,4,30.000000000000007,-5.625,10,0
33232,4,24.62431835216408,0.0,7,0
33233,4,24.62431835216408,11.25,4,0
33234,4,24.62431835216408,22.5,15,0
33235,4,24.62431835216408,33.75,13,0
33236,4,24.62431835216408,45.0,12,0
33237,4,24.62431835216408,56.25,17,0
33238,4,24.62431835216408,67.5,16,0
33239,4,24.62431835216408,78.75,11,0
33240,4,24.62431835216408,90.0,16,0
33241,4,24.62431835216408,101.25,11,0
33242,4,24.62431835216408,112.5,12,0
33243,4,24.62431835216408,123.75,12,0
33244,4,24.62431835216408,135.0,14,0
33245,4,24.62431835216408,146.25,8,0
33246,4,24.62431835216408,157.5,13,0
33247,4,24.62431835216408,168.75,6,0
33248,4,24.62431835216408,-180.0,9,0
33249,4,24.62431835216408,-168.75,8,0
33250,4,24.62431835216408,-157.5,6,0
33251,4,24.62431835216408,-146.25,10,0
33252,4,24.62431835216408,-135.0,13,0
33253,4,24.62431835216408,-123.75,19,0
33254,4,24.62431835216408,-112.5,12,0
33255,4,24.62431835216408,-101.25,15,0
33256,4,24.62431835216408,-90.0,9,0
33257,4,24.62431835216408,-78.75000000000006,7,0
33258,4,24.62431835216408,-67.5,14,0
33259,4,24.62431835216408,-56.25,10,0
33260,4,24.62431835216408,-45.0,9,0
33261,4,24.62431835216408,-33.75000000000006,8,0
33262,4,24.62431835216408,-22.5,11,0
33263,4,24.62431835216408,-11.25,9,0
33264,4,19.47122063449069,5.625,8,0
33265,4,19.47122063449069,16.875,12,0
33266,4,19.47122063449069,28.125,11,0
33267,4,19.47122063449069,39.375,3,0
33268,4,19.47122063449069,50.625,10,0
33269,4,19.47122063449069,61.875,15,0
33270,4,19.47122063449069,73.125,14,0
33271,4,19.47122063449069,84.375,13,0
33272,4,19.47122063449069,95.625,8,0
33273,4,19.47122063449069,106.875,9,0
33274,4,19.47122063449069,118.125,9,0
33275,4,19.47122063449069,129.375,19,0
33276,4,19.47122063449069,140.625,13,0
33277,4,19.47122063449069,151.875,13,0
33278,4,19.47122063449069,163.125,11,0
33279,4,19.47122063449069,174.375,9,0
33280,4,19.47122063449069,-174.375,10,0
33281,4,19.47122063449069,-163.125,10,0
33282,4,19.47122063449069,-151.875,8,0
33283,4,19.47122063449069,-140.625,11,0
33284,4,19.47122063449069,-129.37500000000006,11,0
33285,4,19.47122063449069,-118.125,9,0
33286,4,19.47122063449069,-106.875,7,0
33287,4,19.47122063449069,-95.625,10,0
33288,4,19.47122063449069,-84.375,3,0
33289,4,19.47122063449069,-73.12500000000006,13,0
33290,4,19.47122063449069,-61.875,7,0
33291,4,19.47122063449069,-50.625,10,0
33292,4,19.47122063449069,-39.375,8,0
33293,4,19.47122063449069,-28.125,10,0
33294,4,19.47122063449069,-16.875,12,0
33295,4,19.47122063449069,-5.625,9,0
33296,4,14.477512185929925,0.0,11,0
33297,4,14.477512185929925,11.25,9,0
33298,4,14.477512185929925,22.5,13,0
33299,4,14.477512185929925,33.75,7,0
33300,4,14.477512185929925,45.0,6,0
33301,4,14.477512185929925,56.25,16,0
33302,4,14.477512185929925,67.5,9,0
33303,4,14.477512185929925,78.75,13,0
33304,4,14.477512185929925,90.0,14,0
33305,4,14.477512185929925,101.25,7,0
33306,4,14.477512185929925,112.5,16,0
33307,4,14.477512185929925,123.75,8,0
33308,4,14.477512185929925,135.0,12,0
33309,4,14.477512185929925,146.25,10,0
33310,4,14.477512185929925,157.5,12,0
33311,4,14.477512185929925,168.75,12,0
33312,4,14.477512185929925,-180.0,8,0
33313,4,14.477512185929925,-168.75,5,0
33314,4,14.477512185929925,-157.5,11,0
33315,4,14.477512185929925,-146.25,9,0
33316,4,14.477512185929925,-135.0,9,0
33317,4,14.477512185929925,-123.75,6,0
33318,4,14.477512185929925,-112.5,7,0
33319,4,14.477512185929925,-101.25,7,0
33320,4,14.477512185929925,-90.0,15,0
33321,4,14.477512185929925,-78.75000000000006,12,0
33322,4,14.477512185929925,-67.5,6,0
33323,4,14.477512185929925,-56.25,9,0
33324,4,14.477512185929925,-45.0,17,0
33325,4,14.477512185929925,-33.75000000000006,8,0
33326,4,14.477512185929925,-22.5,10,0
33327,4,14.477512185929925,-11.25,7,0
33328,4,9.594068226860458,5.625,10,0
33329,4,9.594068226860458,16.875,13,0
33330,4,9.594068226860458,28.125,10,1
33331,4,9.594068226860458,39.375,6,0
33332,4,9.594068226860458,50.625,13,0
33333,4,9.594068226860458,61.875,8,1
33334,4,9.594068226860458,73.125,9,0
33335,4,9.594068226860458,84.375,8,0
33336,4,9.594068226860458,95.625,13,0
33337,4,9.594068226860458,106.875,10,0
33338,4,9.594068226860458,118.125,10,0
33339,4,9.594068226860458,129.375,14,0
33340,4,9.594068226860458,140.625,12,0
33341,4,9.594068226860458,151.875,8,0
33342,4,9.594068226860458,163.125,15,0
33343,4,9.594068226860458,174.375,11,0
33344,4,9.594068226860458,-174.375,13,1
33345,4,9.594068226860458,-163.125,10,0
33346,4,9.594068226860458,-151.875,8,0
33347,4,9.594068226860458,-140.625,7,0
33348,4,9.594068226860458,-129.37500000000006,8,0
33349,4,9.594068226860458,-118.125,5,0
33350,4,9.594068226860458,-106.875,19,0
33351,4,9.594068226860458,-95.625,11,0
33352,4,9.594068226860458,-84.375,18,1
33353,4,9.594068226860458,-73.12500000000006,13,0
33354,4,9.594068226860458,-61.875,7,1
33355,4,9.594068226860458,-50.625,11,0
33356,4,9.594068226860458,-39.375,10,0
33357,4,9.594068226860458,-28.125,14,0
33358,4,9.594068226860458,-16.875,10,0
33359,4,9.594068226860458,-5.625,13,0
33360,4,4.780191847199163,0.0,16,3
33361,4,4.780191847199163,11.25,9,2
33362,4,4.780191847199163,22.5,8,1
33363,4,4.780191847199163,33.75,12,4
33364,4,4.780191847199163,45.0,13,1
33365,4,4.780191847199163,56.25,8,1
33366,4,4.780191847199163,67.5,8,2
33367,4,4.780191847199163,78.75,6,1
33368,4,4.780191847199163,90.0,14,1
33369,4,4.780191847199163,101.25,9,0
33370,4,4.780191847199163,112.5,8,2
33371,4,4.780191847199163,123.75,15,0
33372,4,4.780191847199163,135.0,12,1
33373,4,4.780191847199163,146.25,12,2
33374,4,4.780191847199163,157.5,10,1
33375,4,4.780191847199163,168.75,16,2
33376,4,4.780191847199163,-180.0,11,4
33377,4,4.780191847199163,-168.75,15,1
33378,4,4.780191847199163,-157.5,13,0
33379,4,4.780191847199163,-146.25,3,0
33380,4,4.780191847199163,-135.0,7,0
33381,4,4.780191847199163,-123.75,14,3
33382,4,4.780191847199163,-112.5,14,3
33383,4,4.780191847199163,-101.25,14,0
33384,4,4.780191847199163,-90.0,8,1
33385,4,4.780191847199163,-78.75000000000006,14,2
33386,4,4.780191847199163,-67.5,12,0
33387,4,4.780191847199163,-56.25,10,2
33388,4,4.780191847199163,-45.0,8,2
33389,4,4.780191847199163,-33.75000000000006,10,2
33390,4,4.780191847199163,-22.5,12,3
33391,4,4.780191847199163,-11.25,14,0
33392,4,0.0,5.625,14,4
33393,4,0.0,16.875,7,5
33394,4,0.0,28.125,15,1
33395,4,0.0,39.375,11,4
33396,4,0.0,50.625,17,0
33397,4,0.0,61.875,14,5
33398,4,0.0,73.125,7,4
33399,4,0.0,84.375,9,2
33400,4,0.0,95.625,10,1
33401,4,0.0,106.875,10,1
33402,4,0.0,118.125,9,5
33403,4,0.0,129.375,16,3
33404,4,0.0,140.625,11,4
33405,4,0.0,151.875,9,1
33406,4,0.0,163.125,14,5
33407,4,0.0,174.375,10,2
33408,4,0.0,-174.375,12,4
33409,4,0.0,-163.125,11,5
33410,4,0.0,-151.875,7,2
33411,4,0.0,-140.625,10,4
33412,4,0.0,-129.37500000000006,15,3
33413,4,0.0,-118.125,9,1
33414,4,0.0,-106.875,12,4
33415,4,0.0,-95.625,9,2
33416,4,0.0,-84.375,11,5
33417,4,0.0,-73.12500000000006,6,2
33418,4,0.0,-61.875,3,4
33419,4,0.0,-50.625,3,4
33420,4,0.0,-39.375,12,5
33421,4,0.0,-28.125,14,2
33422,4,0.0,-16.875,10,8
33423,4,0.0,-5.625,8,2
33424,4,-4.780191847199163,0.0,12,2
33425,4,-4.780191847199163,11.25,12,3
33426,4,-4.780191847199163,22.5,16,0
33427,4,-4.780191847199163,33.75,14,3
33428,4,-4.780191847199163,45.0,13,0
33429,4,-4.780191847199163,56.25,9,2
33430,4,-4.780191847199163,67.5,13,1
33431,4,-4.780191847199163,78.75,13,1
33432,4,-4.780191847199163,90.0,12,2
33433,4,-4.780191847199163,101.25,9,1
33434,4,-4.780191847199163,112.5,9,1
33435,4,-4.780191847199163,123.75,11,2
33436,4,-4.780191847199163,135.0,11,4
33437,4,-4.780191847199163,146.25,6,1
33438,4,-4.780191847199163,157.5,19,2
33439,4,-4.780191847199163,168.75,13,3
33440,4,-4.780191847199163,-180.0,10,1
33441,4,-4.780191847199163,-168.75,11,2
33442,4,-4.780191847199163,-157.5,9,4
33443,4,-4.780191847199163,-146.25,11,3
33444,4,-4.780191847199163,-135.0,16,1
33445,4,-4.780191847199163,-123.75,8,0
33446,4,-4.780191847199163,-112.5,12,2
33447,4,-4.780191847199163,-101.25,9,0
33448,4,-4.780191847199163,-90.0,14,2
33449,4,-4.780191847199163,-78.75000000000006,11,1
33450,4,-4.780191847199163,-67.5,8,2
33451,4,-4.780191847199163,-56.25,6,0
33452,4,-4.780191847199163,-45.0,9,5
33453,4,-4.780191847199163,-33.75000000000006,13,2
33454,4,-4.780191847199163,-22.5,9,3
33455,4,-4.780191847199163,-11.25,7,3
33456,4,-9.594068226860458,5.625,15,0
33457,4,-9.594068226860458,16.875,12,1
33458,4,-9.594068226860458,28.125,18,0
33459,4,-9.594068226860458,39.375,17,0
33460,4,-9.594068226860458,50.625,9,0
33461,4,-9.594068226860458,61.875,10,0
33462,4,-9.594068226860458,73.125,11,0
33463,4,-9.594068226860458,84.375,11,0
33464,4,-9.594068226860458,95.625,11,0
33465,4,-9.594068226860458,106.875,11,0
33466,4,-9.594068226860458,118.125,12,0
33467,4,-9.594068226860458,129.375,13,0
33468,4,-9.594068226860458,140.625,9,0
33469,4,-9.594068226860458,151.875,13,0
33470,4,-9.594068226860458,163.125,13,0
33471,4,-9.594068226860458,174.375,17,0
33472,4,-9.594068226860458,-174.375,11,0
33473,4,-9.594068226860458,-163.125,10,0
33474,4,-9.594068226860458,-151.875,11,0
33475,4,-9.594068226860458,-140.625,13,1
33476,4,-9.594068226860458,-129.37500000000006,11,0
33477,4,-9.594068226860458,-118.125,6,0
33478,4,-9.594068226860458,-106.875,11,0
33479,4,-9.594068226860458,-95.625,5,0
33480,4,-9.594068226860458,-84.375,15,0
33481,4,-9.594068226860458,-73.12500000000006,10,0
33482,4,-9.594068226860458,-61.875,14,0
33483,4,-9.594068226860458,-50.625,7,0
33484,4,-9.594068226860458,-39.375,14,0
33485,4,-9.594068226860458,-28.125,13,0
33486,4,-9.594068226860458,-16.875,6,0
33487,4,-9.594068226860458,-5.625,9,0
33488,4,-14.477512185929925,0.0,11,0
33489,4,-14.477512185929925,11.25,17,0
33490,4,-14.477512185929925,22.5,10,0
33491,4,-14.477512185929925,33.75,13,0
33492,4,-14.477512185929925,45.0,20,0
33493,4,-14.477512185929925,56.25,9,0
33494,4,-14.477512185929925,67.5,16,0
33495,4,-14.477512185929925,78.75,15,0
33496,4,-14.477512185929925,90.0,13,0
33497,4,-14.477512185929925,101.25,9,0
33498,4,-14.477512185929925,112.5,12,0
33499,4,-14.477512185929925,123.75,10,0
33500,4,-14.477512185929925,135.0,15,0
33501,4,-14.477512185929925,146.25,3,0
33502,4,-14.477512185929925,157.5,11,0
33503,4,-14.477512185929925,168.75,10,0
33504,4,-14.477512185929925,-180.0,9,0
33505,4,-14.477512185929925,-168.75,9,0
33506,4,-14.477512185929925,-157.5,12,0
33507,4,-14.477512185929925,-146.25,8,0
33508,4,-14.477512185929925,-135.0,10,0
33509,4,-14.477512185929925,-123.75,7,0
33510,4,-14.477512185929925,-112.5,12,0
33511,4,-14.477512185929925,-101.25,10,0
33512,4,-14.477512185929925,-90.0,7,0
33513,4,-14.477512185929925,-78.75000000000006,8,0
33514,4,-14.477512185929925,-67.5,19,0
33515,4,-14.477512185929925,-56.25,9,0
33516,4,-14.477512185929925,-45.0,8,0
33517,4,-14.477512185929925,-33.75000000000006,13,1
33518,4,-14.477512185929925,-22.5,10,0
33519,4,-14.477512185929925,-11.25,11,0
33520,4,-19.47122063449069,5.625,9,0
33521,4,-19.47122063449069,16.875,9,0
33522,4,-19.47122063449069,28.125,6,0
33523,4,-19.47122063449069,39.375,13,0
33524,4,-19.47122063449069,50.625,12,0
33525,4,-19.47122063449069,61.875,7,0
33526,4,-19.47122063449069,73.125,16,0
33527,4,-19.47122063449069,84.375,13,0
33528,4,-19.47122063449069,95.625,14,0
33529,4,-19.47122063449069,106.875,8,0
33530,4,-19.47122063449069,118.125,16,0
33531,4,-19.47122063449069,129.375,13,0
33532,4,-19.47122063449069,140.625,6,0
33533,4,-19.47122063449069,151.875,10,0
33534,4,-19.47122063449069,163.125,7,0
33535,4,-19.47122063449069,174.375,11,0
33536,4,-19.47122063449069,-174.375,11,0
33537,4,-19.47122063449069,-163.125,17,0
33538,4,-19.47122063449069,-151.875,10,0
33539,4,-19.47122063449069,-140.625,8,0
33540,4,-19.47122063449069,-129.37500000000006,15,0
33541,4,-19.47122063449069,-118.125,10,0
33542,4,-19.47122063449069,-106.875,6,0
33543,4,-19.47122063449069,-95.625,7,0
33544,4,-19.47122063449069,-84.375,8,0
33545,4,-19.47122063449069,-73.12500000000006,8,0
33546,4,-19.47122063449069,-61.875,8,0
33547,4,-19.47122063449069,-50.625,12,0
33548,4,-19.47122063449069,-39.375,17,1
33549,4,-19.47122063449069,-28.125,13,0
33550,4,-19.47122063449069,-16.875,12,0
33551,4,-19.47122063449069,-5.625,17,0
33552,4,-24.62431835216408,0.0,11,0
33553,4,-24.62431835216408,11.25,3,0
33554,4,-24.62431835216408,22.5,10,1
33555,4,-24.62431835216408,33.75,10,0
33556,4,-24.62431835216408,45.0,11,0
33557,4,-24.62431835216408,56.25,5,0
33558,4,-24.62431835216408,67.5,9,0
33559,4,-24.62431835216408,78.75,12,0
33560,4,-24.62431835216408,90.0,11,0
33561,4,-24.62431835216408,101.25,7,0
33562,4,-24.62431835216408,112.5,9,0
33563,4,-24.62431835216408,123.75,6,0
33564,4,-24.62431835216408,135.0,9,0
33565,4,-24.62431835216408,146.25,6,0
33566,4,-24.62431835216408,157.5,13,0
33567,4,-24.62431835216408,168.75,13,0
33568,4,-24.62431835216408,-180.0,9,0
33569,4,-24.62431835216408,-168.75,15,0
33570,4,-24.62431835216408,-157.5,10,0
33571,4,-24.62431835216408,-146.25,9,0
33572,4,-24.62431835216408,-135.0,13,0
33573,4,-24.62431835216408,-123.75,16,0
33574,4,-24.62431835216408,-112.5,10,0
33575,4,-24.62431835216408,-101.25,8,0
33576,4,-24.62431835216408,-90.0,14,0
33577,4,-24.62431835216408,-78.75000000000006,13,0
33578,4,-24.62431835216408,-67.5,6,0
33579,4,-24.62431835216408,-56.25,10,1
33580,4,-24.62431835216408,-45.0,11,0
33581,4,-24.62431835216408,-33.75000000000006,13,0
33582,4,-24.62431835216408,-22.5,8,0
33583,4,-24.62431835216408,-11.25,8,0
33584,4,-30.000000000000014,5.625,8,0
33585,4,-30.000000000000014,16.875,10,0
33586,4,-30.000000000000014,28.125,15,0
33587,4,-30.000000000000014,39.375,7,0
33588,4,-30.000000000000014,50.625,10,0
33589,4,-30.000000000000014,61.875,8,0
33590,4,-30.000000000000014,73.125,10,0
33591,4,-30.000000000000014,84.375,11,0
33592,4,-30.000000000000014,95.625,4,0
33593,4,-30.000000000000014,106.875,8,0
33594,4,-30.000000000000014,118.125,3,0
33595,4,-30.000000000000014,129.375,3,0
33596,4,-30.000000000000014,140.625,9,0
33597,4,-30.000000000000014,151.875,7,0
33598,4,-30.000000000000014,163.125,11,0
33599,4,-30.000000000000014,174.375,10,0
33600,4,-30.000000000000014,-174.375,15,0
33601,4,-30.000000000000014,-163.125,12,0
33602,4,-30.000000000000014,-151.875,11,0
33603,4,-30.000000000000014,-140.625,9,0
33604,4,-30.000000000000014,-129.37500000000006,15,0
33605,4,-30.000000000000014,-118.125,11,0
33606,4,-30.000000000000014,-106.875,13,0
33607,4,-30.000000000000014,-95.625,17,0
33608,4,-30.000000000000014,-84.375,9,0
33609,4,-30.000000000000014,-73.12500000000006,14,0
33610,4,-30.000000000000014,-61.875,14,0
33611,4,-30.000000000000014,-50.625,10,0
33612,4,-30.000000000000014,-39.375,9,0
33613,4,-30.000000000000014,-28.125,15,0
33614,4,-30.000000000000014,-16.875,8,0
33615,4,-30.000000000000014,-5.625,4,0
33616,4,-35.68533471265205,0.0,9,0
33617,4,-35.68533471265205,11.25,12,0
33618,4,-35.68533471265205,22.5,12,0
33619,4,-35.68533471265205,33.75,7,0
33620,4,-35.68533471265205,45.0,8,0
33621,4,-35.68533471265205,56.25,8,0
33622,4,-35.68533471265205,67.5,12,0
33623,4,-35.68533471265205,78.75,19,0
33624,4,-35.68533471265205,90.0,10,0
33625,4,-35.68533471265205,101.25,11,0
33626,4,-35.68533471265205,112.5,11,0
33627,4,-35.68533471265205,123.75,10,0
33628,4,-35.68533471265205,135.0,2,0
33629,4,-35.68533471265205,146.25,10,0
33630,4,-35.68533471265205,157.5,9,0
33631,4,-35.68533471265205,168.75,10,0
33632,4,-35.68533471265205,-180.0,18,0
33633,4,-35.68533471265205,-168.75,7,0
33634,4,-35.68533471265205,-157.5,9,0
33635,4,-35.68533471265205,-146.25,9,0
33636,4,-35.68533471265205,-135.0,11,0
33637,4,-35.68533471265205,-123.75,17,0
33638,4,-35.68533471265205,-112.5,14,0
33639,4,-35.68533471265205,-101.25,12,0
33640,4,-35.68533471265205,-90.0,12,0
33641,4,-35.68533471265205,-78.75000000000006,9,0
33642,4,-35.68533471265205,-67.5,7,0
33643,4,-35.68533471265205,-56.25,6,0
33644,4,-35.68533471265205,-45.0,10,0
33645,4,-35.68533471265205,-33.75000000000006,7,0
33646,4,-35.68533471265205,-22.5,9,0
33647,4,-35.68533471265205,-11.25,7,0
33648,4,-41.81031489577862,5.625,8,0
33649,4,-41.81031489577862,16.875,10,0
33650,4,-41.81031489577862,28.125,11,0
33651,4,-41.81031489577862,39.375,4,0
33652,4,-41.81031489577862,50.625,16,0
33653,4,-41.81031489577862,61.875,11,0
33654,4,-41.81031489577862,73.125,12,0
33655,4,-41.81031489577862,84.375,13,0
33656,4,-41.81031489577862,95.625,10,0
33657,4,-41.81031489577862,106.875,8,0
33658,4,-41.81031489577862,118.125,16,0
33659,4,-41.81031489577862,129.375,13,0
33660,4,-41.81031489577862,140.625,10,0
33661,4,-41.81031489577862,151.875,15,0
33662,4,-41.81031489577862,163.125,13,0
33663,4,-41.81031489577862,174.375,14,0
33664,4,-41.81031489577862,-174.375,8,0
33665,4,-41.81031489577862,-163.125,9,0
33666,4,-41.81031489577862,-151.875,7,0
33667,4,-41.81031489577862,-140.625,14,0
33668,4,-41.81031489577862,-129.37500000000006,12,0
33669,4,-41.81031489577862,-118.125,12,0
33670,4,-41.81031489577862,-106.875,18,0
33671,4,-41.81031489577862,-95.625,15,0
33672,4,-41.81031489577862,-84.375,8,0
33673,4,-41.81031489577862,-73.12500000000006,11,0
33674,4,-41.81031489577862,-61.875,3,0
33675,4,-41.81031489577862,-50.625,7,0
33676,4,-41.81031489577862,-39.375,4,0
33677,4,-41.81031489577862,-28.125,7,0
33678,4,-41.81031489577862,-16.875,6,0
33679,4,-41.81031489577862,-5.625,2,0
33680,4,-48.1412077943603,6.428571428571416,10,0
33681,4,-48.1412077943603,19.285714285714278,10,0
33682,4,-48.1412077943603,32.14285714285714,12,0
33683,4,-48.1412077943603,45.0,9,0
33684,4,-48.1412077943603,57.85714285714286,12,0
33685,4,-48.1412077943603,70.71428571428572,10,0
33686,4,-48.1412077943603,83.57142857142856,9,0
33687,4,-48.1412077943603,96.42857142857144,9,0
33688,4,-48.1412077943603,109.28571428571428,15,0
33689,4,-48.1412077943603,122.14285714285711,12,0
33690,4,-48.1412077943603,135.0,13,0
33691,4,-48.1412077943603,147.8571428571429,23,0
33692,4,-48.1412077943603,160.71428571428572,9,0
33693,4,-48.1412077943603,173.57142857142856,5,0
33694,4,-48.1412077943603,-173.57142857142856,13,0
33695,4,-48.1412077943603,-160.71428571428572,6,1
33696,4,-48.1412077943603,-147.8571428571429,8,0
33697,4,-48.1412077943603,-135.0,9,0
33698,4,-48.1412077943603,-122.14285714285711,10,0
33699,4,-48.1412077943603,-109.28571428571428,13,0
33700,4,-48.1412077943603,-96.42857142857144,10,0
33701,4,-48.1412077943603,-83.57142857142856,7,0
33702,4,-48.1412077943603,-70.71428571428572,10,0
33703,4,-48.1412077943603,-57.85714285714283,6,0
33704,4,-48.1412077943603,-45.0,7,0
33705,4,-48.1412077943603,-32.14285714285717,14,0
33706,4,-48.1412077943603,-19.28571428571422,9,0
33707,4,-48.1412077943603,-6.428571428571445,8,0
33708,4,-54.340912303861245,7.5,8,0
33709,4,-54.340912303861245,22.5,9,0
33710,4,-54.340912303861245,37.5,11,0
33711,4,-54.340912303861245,52.5,6,0
33712,4,-54.340912303861245,67.5,15,0
33713,4,-54.340912303861245,82.5,9,0
33714,4,-54.340912303861245,97.5,10,0
33715,4,-54.340912303861245,112.5,11,0
33716,4,-54.340912303861245,127.5,15,0
33717,4,-54.340912303861245,142.5,14,0
33718,4,-54.340912303861245,157.5,19,0
33719,4,-54.340912303861245,172.5,13,0
33720,4,-54.340912303861245,-172.5,13,0
33721,4,-54.340912303861245,-157.5,3,0
33722,4,-54.340912303861245,-142.5,10,0
33723,4,-54.340912303861245,-127.5,15,0
33724,4,-54.340912303861245,-112.5,12,0
33725,4,-54.340912303861245,-97.5,13,0
33726,4,-54.340912303861245,-82.5,5,0
33727,4,-54.340912303861245,-67.5,11,0
33728,4,-54.340912303861245,-52.50000000000006,6,0
33729,4,-54.340912303861245,-37.5,6,0
33730,4,-54.340912303861245,-22.5,7,0
33731,4,-54.340912303861245,-7.5,9,0
33732,4,-60.4344388449523,9.0,11,0
33733,4,-60.4344388449523,27.0,11,0
33734,4,-60.4344388449523,45.0,11,0
33735,4,-60.4344388449523,63.0,10,0
33736,4,-60.4344388449523,81.0,9,0
33737,4,-60.4344388449523,99.0,9,0
33738,4,-60.4344388449523,117.0,7,0
33739,4,-60.4344388449523,135.0,9,0
33740,4,-60.4344388449523,153.0,8,0
33741,4,-60.4344388449523,171.0,13,0
33742,4,-60.4344388449523,-171.0,8,0
33743,4,-60.4344388449523,-153.0,12,0
33744,4,-60.4344388449523,-135.0,11,0
33745,4,-60.4344388449523,-117.0,9,0
33746,4,-60.4344388449523,-99.0,11,0
33747,4,-60.4344388449523,-81.0,4,0
33748,4,-60.4344388449523,-63.0,8,0
33749,4,-60.4344388449523,-45.0,18,1
33750,4,-60.4344388449523,-27.0,10,0
33751,4,-60.4344388449523,-9.0,10,0
33752,4,-66.44353569089876,11.25,12,0
33753,4,-66.44353569089876,33.75,11,0
33754,4,-66.44353569089876,56.25,9,0
33755,4,-66.44353569089876,78.75,8,0
33756,4,-66.44353569089876,101.25,7,0
33757,4,-66.44353569089876,123.75,10,0
33758,4,-66.44353569089876,146.25,13,0
33759,4,-66.44353569089876,168.75,9,0
33760,4,-66.44353569089876,-168.75,12,0
33761,4,-66.44353569089876,-146.25,12,0
33762,4,-66.44353569089876,-123.75,9,0
33763,4,-66.44353569089876,-101.25,11,0
33764,4,-66.44353569089876,-78.75,7,0
33765,4,-66.44353569089876,-56.25,12,0
33766,4,-66.44353569089876,-33.75,24,0
33767,4,-66.44353569089876,-11.25,16,0
33768,4,-72.38756092964962,15.0,11,0
33769,4,-72.38756092964962,45.0,4,0
33770,4,-72.38756092964962,75.0,8,0
33771,4,-72.38756092964962,105.0,8,0
33772,4,-72.38756092964962,135.0,8,0
33773,4,-72.38756092964962,165.0,13,0
33774,4,-72.38756092964962,-165.0,11,0
33775,4,-72.38756092964962,-135.0,10,0
33776,4,-72.38756092964962,-105.0,8,0
33777,4,-72.38756092964962,-75.0,4,0
33778,4,-72.38756092964962,-45.0,8,0
33779,4,-72.38756092964962,-15.0,12,0
33780,4,-78.28414760510762,22.5,10,0
33781,4,-78.28414760510762,67.5,7,0
33782,4,-78.28414760510762,112.5,6,0
33783,4,-78.28414760510762,157.5,14,0
33784,4,-78.28414760510762,-157.5,10,0
33785,4,-78.28414760510762,-112.5,10,0
33786,4,-78.28414760510762,-67.5,4,0
33787,4,-78.28414760510762,-22.5,9,0
33788,4,-84.14973293629666,45.0,11,0
33789,4,-84.14973293629666,135.0,12,0
33790,4,-84.14973293629666,-135.0,9,0
33791,4,-84.14973293629666,-45.0,9,0
33792,4,84.14973293629666,45.0,5,0
33793,4,84.14973293629666,135.0,7,0
33794,4,84.14973293629666,-135.0,9,0
33795,4,84.14973293629666,-45.0,6,0
33796,4,78.28414760510762,22.5,13,0
33797,4,78.28414760510762,67.5,7,0
33798,4,78.28414760510762,112.5,11,0
33799,4,78.28414760510762,157.5,13,0
33800,4,78.28414760510762,-157.5,11,0
33801,4,78.28414760510762,-112.5,8,0
33802,4,78.28414760510762,-67.5,7,0
33803,4,78.28414760510762,-22.5,14,0
33804,4,72.38756092964962,15.0,6,0
33805,4,72.38756092964962,45.0,12,0
33806,4,72.38756092964962,75.0,16,0
33807,4,72.38756092964962,105.0,14,0
33808,4,72.38756092964962,135.0,11,0
33809,4,72.38756092964962,165.0,7,0
33810,4,72.38756092964962,-165.0,9,0
33811,4,72.38756092964962,-135.0,16,0
33812,4,72.38756092964962,-105.0,7,0
33813,4,72.38756092964962,-75.0,9,0
33814,4,72.38756092964962,-45.0,15,0
33815,4,72.38756092964962,-15.0,10,0
33816,4,66.44353569089877,11.25,8,0
33817,4,66.44353569089877,33.75,11,0
33818,4,66.44353569089877,56.25,10,0
33819,4,66.44353569089877,78.75,9,0
33820,4,66.44353569089877,101.25,8,0
33821,4,66.44353569089877,123.75,13,0
33822,4,66.44353569089877,146.25,10,0
33823,4,66.44353569089877,168.75,6,0
33824,4,66.44353569089877,-168.75,19,0
33825,4,66.44353569089877,-146.25,11,0
33826,4,66.44353569089877,-123.75,12,0
33827,4,66.44353569089877,-101.25,13,0
33828,4,66.44353569089877,-78.75,7,0
33829,4,66.44353569089877,-56.25,13,0
33830,4,66.44353569089877,-33.75,15,0
33831,4,66.44353569089877,-11.25,9,0
33832,4,60.43443884495228,9.0,9,0
33833,4,60.43443884495228,27.0,9,0
33834,4,60.43443884495228,45.0,9,0
33835,4,60.43443884495228,63.0,5,0
33836,4,60.43443884495228,81.0,8,0
33837,4,60.43443884495228,99.0,6,0
33838,4,60.43443884495228,117.0,9,0
33839,4,60.43443884495228,135.0,16,0
33840,4,60.43443884495228,153.0,13,0
33841,4,60.43443884495228,171.0,10,0
33842,4,60.43443884495228,-171.0,17,0
33843,4,60.43443884495228,-153.0,7,0
33844,4,60.43443884495228,-135.0,14,0
33845,4,60.43443884495228,-117.0,10,0
33846,4,60.43443884495228,-99.0,16,0
33847,4,60.43443884495228,-81.0,10,0
33848,4,60.43443884495228,-63.0,10,0
33849,4,60.43443884495228,-45.0,16,0
33850,4,60.43443884495228,-27.0,14,0
33851,4,60.43443884495228,-9.0,12,0
33852,4,54.340912303861245,7.5,12,0
33853,4,54.340912303861245,22.5,8,0
33854,4,54.340912303861245,37.5,7,0
33855,4,54.340912303861245,52.5,9,0
33856,4,54.340912303861245,67.5,8,0
33857,4,54.340912303861245,82.5,14,0
33858,4,54.340912303861245,97.5,9,0
33859,4,54.340912303861245,112.5,8,0
33860,4,54.340912303861245,127.5,7,0
33861,4,54.340912303861245,142.5,8,0
33862,4,54.340912303861245,157.5,13,0
33863,4,54.340912303861245,172.5,11,0
33864,4,54.340912303861245,-172.5,9,0
33865,4,54.340912303861245,-157.5,8,0
33866,4,54.340912303861245,-142.5,8,0
33867,4,54.340912303861245,-127.5,7,0
33868,4,54.340912303861245,-112.5,7,0
33869,4,54.340912303861245,-97.5,20,0
33870,4,54.340912303861245,-82.5,9,0
33871,4,54.340912303861245,-67.5,11,0
33872,4,54.340912303861245,-52.50000000000006,10,0
33873,4,54.340912303861245,-37.5,15,0
33874,4,54.340912303861245,-22.5,13,0
33875,4,54.340912303861245,-7.5,13,0
33876,4,48.141207794360284,6.428571428571416,11,0
33877,4,48.141207794360284,19.285714285714278,11,0
33878,4,48.141207794360284,32.14285714285714,9,0
33879,4,48.141207794360284,45.0,8,0
33880,4,48.141207794360284,57.85714285714286,6,0
33881,4,48.141207794360284,70.71428571428572,12,0
33882,4,48.141207794360284,83.57142857142856,16,0
33883,4,48.141207794360284,96.42857142857144,11,0
33884,4,48.141207794360284,109.28571428571428,13,0
33885,4,48.141207794360284,122.14285714285711,14,0
33886,4,48.141207794360284,135.0,5,0
33887,4,48.141207794360284,147.8571428571429,8,0
33888,4,48.141207794360284,160.71428571428572,12,0
33889,4,48.141207794360284,173.57142857142856,8,0
33890,4,48.141207794360284,-173.57142857142856,10,0
33891,4,48.141207794360284,-160.71428571428572,7,0
33892,4,48.141207794360284,-147.8571428571429,8,0
33893,4,48.141207794360284,-135.0,18,0
33894,4,48.141207794360284,-122.14285714285711,10,0
33895,4,48.141207794360284,-109.28571428571428,10,0
33896,4,48.141207794360284,-96.42857142857144,14,0
33897,4,48.141207794360284,-83.57142857142856,9,0
33898,4,48.141207794360284,-70.71428571428572,12,0
33899,4,48.141207794360284,-57.85714285714283,7,0
33900,4,48.141207794360284,-45.0,9,0
33901,4,48.141207794360284,-32.14285714285717,12,0
33902,4,48.141207794360284,-19.28571428571422,13,0
33903,4,48.141207794360284,-6.428571428571445,16,0
33904,4,41.81031489577859,5.625,10,0
33905,4,41.81031489577859,16.875,13,0
33906,4,41.81031489577859,28.125,15,0
33907,4,41.81031489577859,39.375,8,0
33908,4,41.81031489577859,50.625,10,0
33909,4,41.81031489577859,61.875,8,0
33910,4,41.81031489577859,73.125,13,0
33911,4,41.81031489577859,84.375,12,0
33912,4,41.81031489577859,95.625,6,0
33913,4,41.81031489577859,106.875,13,0
33914,4,41.81031489577859,118.125,15,0
33915,4,41.81031489577859,129.375,12,0
33916,4,41.81031489577859,140.625,7,0
33917,4,41.81031489577859,151.875,10,0
33918,4,41.81031489577859,163.125,11,0
33919,4,41.81031489577859,174.375,4,0
33920,4,41.81031489577859,-174.375,14,0
33921,4,41.81031489577859,-163.125,14,0
33922,4,41.81031489577859,-151.875,7,0
33923,4,41.81031489577859,-140.625,18,0
33924,4,41.81031489577859,-129.37500000000006,16,0
33925,4,41.81031489577859,-118.125,6,0
33926,4,41.81031489577859,-106.875,8,0
33927,4,41.81031489577859,-95.625,9,0
33928,4,41.81031489577859,-84.375,15,0
33929,4,41.81031489577859,-73.12500000000006,6,0
33930,4,41.81031489577859,-61.875,9,0
33931,4,41.81031489577859,-50.625,13,0
33932,4,41.81031489577859,-39.375,9,0
33933,4,41.81031489577859,-28.125,10,0
33934,4,41.81031489577859,-16.875,9,0
33935,4,41.81031489577859,-5.625,14,0
33936,4,35.68533471265204,0.0,10,0
33937,4,35.68533471265204,11.25,8,0
33938,4,35.68533471265204,22.5,13,0
33939,4,35.68533471265204,33.75,6,0
33940,4,35.68533471265204,45.0,5,0
33941,4,35.68533471265204,56.25,11,0
33942,4,35.68533471265204,67.5,9,0
33943,4,35.68533471265204,78.75,16,0
33944,4,35.68533471265204,90.0,7,0
33945,4,35.68533471265204,101.25,11,0
33946,4,35.68533471265204,112.5,14,0
33947,4,35.68533471265204,123.75,11,0
33948,4,35.68533471265204,135.0,13,0
33949,4,35.68533471265204,146.25,10,0
33950,4,35.68533471265204,157.5,16,0
33951,4,35.68533471265204,168.75,15,0
33952,4,35.68533471265204,-180.0,7,0
33953,4,35.68533471265204,-168.75,13,0
33954,4,35.68533471265204,-157.5,12,0
33955,4,35.68533471265204,-146.25,9,0
33956,4,35.68533471265204,-135.0,13,0
33957,4,35.68533471265204,-123.75,10,0
33958,4,35.68533471265204,-112.5,12,0
33959,4,35.68533471265204,-101.25,11,0
33960,4,35.68533471265204,-90.0,12,0
33961,4,35.68533471265204,-78.75000000000006,10,0
33962,4,35.68533471265204,-67.5,5,0
33963,4,35.68533471265204,-56.25,12,0
33964,4,35.68533471265204,-45.0,13,0
33965,4,35.68533471265204,-33.75000000000006,14,0
33966,4,35.68533471265204,-22.5,18,0
33967,4,35.68533471265204,-11.25,9,0
33968,4,30.000000000000007,5.625,9,0
33969,4,30.000000000000007,16.875,9,0
33970,4,30.000000000000007,28.125,14,0
33971,4,30.000000000000007,39.375,9,0
33972,4,30.000000000000007,50.625,16,0
33973,4,30.000000000000007,61.875,16,0
33974,4,30.000000000000007,73.125,13,0
33975,4,30.000000000000007,84.375,11,0
33976,4,30.000000000000007,95.625,13,0
33977,4,30.000000000000007,106.875,13,0
33978,4,30.000000000000007,118.125,11,0
33979,4,30.000000000000007,129.375,13,0
33980,4,30.000000000000007,140.625,11,0
33981,4,30.000000000000007,151.875,9,0
33982,4,30.000000000000007,163.125,16,0
33983,4,30.000000000000007,174.375,10,0
33984,4,30.000000000000007,-174.375,8,0
33985,4,30.000000000000007,-163.125,7,0
33986,4,30.000000000000007,-151.875,13,0
33987,4,30.000000000000007,-140.625,12,0
33988,4,30.000000000000007,-129.37500000000006,11,0
33989,4,30.000000000000007,-118.125,14,0
33990,4,30.000000000000007,-106.875,9,0
33991,4,30.000000000000007,-95.625,18,0
33992,4,30.000000000000007,-84.375,14,0
33993,4,30.000000000000007,-73.12500000000006,4,0
33994,4,30.000000000000007,-61.875,7,0
33995,4,30.000000000000007,-50.625,11,0
33996,4,30.000000000000007,-39.375,14,0
33997,4,30.000000000000007,-28.125,13,0
33998,4,30.000000000000007,-16.875,17,0
33999,4,30.000000000000007,-5.625,10,0
34000,4,24.62431835216408,0.0,7,0
34001,4,24.62431835216408,11.25,4,0
34002,4,24.62431835216408,22.5,15,0
34003,4,24.62431835216408,33.75,13,0
34004,4,24.62431835216408,45.0,12,0
34005,4,24.62431835216408,56.25,17,0
34006,4,24.62431835216408,67.5,16,0
34007,4,24.62431835216408,78.75,11,0
34008,4,24.62431835216408,90.0,16,0
34009,4,24.62431835216408,101.25,11,0
34010,4,24.62431835216408,112.5,12,0
34011,4,24.62431835216408,123.75,12,0
34012,4,24.62431835216408,135.0,14,0
34013,4,24.62431835216408,146.25,8,0
34014,4,24.62431835216408,157.5,13,0
34015,4,24.62431835216408,168.75,6,0
34016,4,24.62431835216408,-180.0,9,0
34017,4,24.62431835216408,-168.75,8,0
34018,4,24.62431835216408,-157.5,6,0
34019,4,24.62431835216408,-146.25,10,0
34020,4,24.62431835216408,-135.0,13,0
34021,4,24.62431835216408,-123.75,19,0
34022,4,24.62431835216408,-112.5,12,0
34023,4,24.62431835216408,-101.25,15,0
34024,4,24.62431835216408,-90.0,9,0
34025,4,24.62431835216408,-78.75000000000006,7,0
34026,4,24.62431835216408,-67.5,14,0
34027,4,24.62431835216408,-56.25,10,0
34028,4,24.62431835216408,-45.0,9,0
34029,4,24.62431835216408,-33.75000000000006,8,0
34030,4,24.62431835216408,-22.5,11,0
34031,4,24.62431835216408,-11.25,9,0
34032,4,19.47122063449069,5.625,8,0
34033,4,19.47122063449069,16.875,12,0
34034,4,19.47122063449069,28.125,11,0
34035,4,19.47122063449069,39.375,3,0
34036,4,19.47122063449069,50.625,10,0
34037,4,19.47122063449069,61.875,15,0
34038,4,19.47122063449069,73.125,14,0
34039,4,19.47122063449069,84.375,13,0
34040,4,19.47122063449069,95.625,8,0
34041,4,19.47122063449069,106.875,9,0
34042,4,19.47122063449069,118.125,9,0
34043,4,19.47122063449069,129.375,19,0
34044,4,19.47122063449069,140.625,13,0
34045,4,19.47122063449069,151.875,13,0
34046,4,19.47122063449069,163.125,11,0
34047,4,19.47122063449069,174.375,9,0
34048,4,19.47122063449069,-174.375,10,0
34049,4,19.47122063449069,-163.125,10,0
34050,4,19.47122063449069,-151.875,8,0
34051,4,19.47122063449069,-140.625,11,0
34052,4,19.47122063449069,-129.37500000000006,11,0
34053,4,19.47122063449069,-118.125,9,0
34054,4,19.47122063449069,-106.875,7,0
34055,4,19.47122063449069,-95.625,10,0
34056,4,19.47122063449069,-84.375,3,0
34057,4,19.47122063449069,-73.12500000000006,13,0
34058,4,19.47122063449069,-61.875,7,0
34059,4,19.47122063449069,-50.625,10,0
34060,4,19.47122063449069,-39.375,8,0
34061,4,19.47122063449069,-28.125,10,0
34062,4,19.47122063449069,-16.875,12,0
34063,4,19.47122063449069,-5.625,9,0
34064,4,14.477512185929925,0.0,11,0
34065,4,14.477512185929925,11.25,9,0
34066,4,14.477512185929925,22.5,13,0
34067,4,14.477512185929925,33.75,7,0
34068,4,14.477512185929925,45.0,6,0
34069,4,14.477512185929925,56.25,16,0
34070,4,14.477512185929925,67.5,9,0
34071,4,14.477512185929925,78.75,13,0
34072,4,14.477512185929925,90.0,14,0
34073,4,14.477512185929925,101.25,7,0
34074,4,14.477512185929925,112.5,16,0
34075,4,14.477512185929925,123.75,8,0
34076,4,14.477512185929925,135.0,12,0
34077,4,14.477512185929925,146.25,10,0
34078,4,14.477512185929925,157.5,12,0
34079,4,14.477512185929925,168.75,12,0
34080,4,14.477512185929925,-180.0,8,0
34081,4,14.477512185929925,-168.75,5,0
34082,4,14.477512185929925,-157.5,11,0
34083,4,14.477512185929925,-146.25,9,0
34084,4,14.477512185929925,-135.0,9,0
34085,4,14.477512185929925,-123.75,6,0
34086,4,14.477512185929925,-112.5,7,0
34087,4,14.477512185929925,-101.25,7,0
34088,4,14.477512185929925,-90.0,15,0
34089,4,14.477512185929925,-78.75000000000006,12,0
34090,4,14.477512185929925,-67.5,6,0
34091,4,14.477512185929925,-56.25,9,0
34092,4,14.477512185929925,-45.0,17,0
34093,4,14.477512185929925,-33.75000000000006,8,0
34094,4,14.477512185929925,-22.5,10,0
34095,4,14.477512185929925,-11.25,7,0
34096,4,9.594068226860458,5.625,10,0
34097,4,9.594068226860458,16.875,13,0
34098,4,9.594068226860458,28.125,10,1
34099,4,9.594068226860458,39.375,6,0
34100,4,9.594068226860458,50.625,13,0
34101,4,9.594068226860458,61.875,8,1
34102,4,9.594068226860458,73.125,9,0
34103,4,9.594068226860458,84.375,8,0
34104,4,9.594068226860458,95.625,13,0
34105,4,9.594068226860458,106.875,10,0
34106,4,9.594068226860458,118.125,10,0
34107,4,9.594068226860458,129.375,14,0
34108,4,9.594068226860458,140.625,12,0
34109,4,9.594068226860458,151.875,8,0
34110,4,9.594068226860458,163.125,15,0
34111,4,9.594068226860458,174.375,11,0
34112,4,9.594068226860458,-174.375,13,1
34113,4,9.594068226860458,-163.125,10,0
34114,4,9.594068226860458,-151.875,8,0
34115,4,9.594068226860458,-140.625,7,0
34116,4,9.594068226860458,-129.37500000000006,8,0
34117,4,9.594068226860458,-118.125,5,0
34118,4,9.594068226860458,-106.875,19,0
34119,4,9.594068226860458,-95.625,11,0
34120,4,9.594068226860458,-84.375,18,1
34121,4,9.594068226860458,-73.12500000000006,13,0
34122,4,9.594068226860458,-61.875,7,1
34123,4,9.594068226860458,-50.625,11,0
34124,4,9.594068226860458,-39.375,10,0
34125,4,9.594068226860458,-28.125,14,0
34126,4,9.594068226860458,-16.875,10,0
34127,4,9.594068226860458,-5.625,13,0
34128,4,4.780191847199163,0.0,16,3
34129,4,4.780191847199163,11.25,9,2
34130,4,4.780191847199163,22.5,8,1
34131,4,4.780191847199163,33.75,12,4
34132,4,4.780191847199163,45.0,13,1
34133,4,4.780191847199163,56.25,8,1
34134,4,4.780191847199163,67.5,8,2
34135,4,4.780191847199163,78.75,6,1
34136,4,4.780191847199163,90.0,14,1
34137,4,4.780191847199163,101.25,9,0
34138,4,4.780191847199163,112.5,8,2
34139,4,4.780191847199163,123.75,15,0
34140,4,4.780191847199163,135.0,12,1
34141,4,4.780191847199163,146.25,12,2
34142,4,4.780191847199163,157.5,10,1
34143,4,4.780191847199163,168.75,16,2
34144,4,4.780191847199163,-180.0,11,4
34145,4,4.780191847199163,-168.75,15,1
34146,4,4.780191847199163,-157.5,13,0
34147,4,4.780191847199163,-146.25,3,0
34148,4,4.780191847199163,-135.0,7,0
34149,4,4.780191847199163,-123.75,14,3
34150,4,4.780191847199163,-112.5,14,3
34151,4,4.780191847199163,-101.25,14,0
34152,4,4.780191847199163,-90.0,8,1
34153,4,4.780191847199163,-78.75000000000006,14,2
34154,4,4.780191847199163,-67.5,12,0
34155,4,4.780191847199163,-56.25,10,2
34156,4,4.780191847199163,-45.0,8,2
34157,4,4.780191847199163,-33.75000000000006,10,2
34158,4,4.780191847199163,-22.5,12,3
34159,4,4.780191847199163,-11.25,14,0
34160,4,0.0,5.625,14,4
34161,4,0.0,16.875,7,5
34162,4,0.0,28.125,15,1
34163,4,0.0,39.375,11,4
34164,4,0.0,50.625,17,0
34165,4,0.0,61.875,14,5
34166,4,0.0,73.125,7,4
34167,4,0.0,84.375,9,2
34168,4,0.0,95.625,10,1
34169,4,0.0,106.875,10,1
34170,4,0.0,118.125,9,5
34171,4,0.0,129.375,16,3
34172,4,0.0,140.625,11,4
34173,4,0.0,151.875,9,1
34174,4,0.0,163.125,14,5
34175,4,0.0,174.375,10,2
34176,4,0.0,-174.375,12,4
34177,4,0.0,-163.125,11,5
34178,4,0.0,-151.875,7,2
34179,4,0.0,-140.625,10,4
34180,4,0.0,-129.37500000000006,15,3
34181,4,0.0,-118.125,9,1
34182,4,0.0,-106.875,12,4
34183,4,0.0,-95.625,9,2
34184,4,0.0,-84.375,11,5
34185,4,0.0,-73.12500000000006,6,2
34186,4,0.0,-61.875,3,4
34187,4,0.0,-50.625,3,4
34188,4,0.0,-39.375,12,5
34189,4,0.0,-28.125,14,2
34190,4,0.0,-16.875,10,8
34191,4,0.0,-5.625,8,2
34192,4,-4.780191847199163,0.0,12,2
34193,4,-4.780191847199163,11.25,12,3
34194,4,-4.780191847199163,22.5,16,0
34195,4,-4.780191847199163,33.75,14,3
34196,4,-4.780191847199163,45.0,13,0
34197,4,-4.780191847199163,56.25,9,2
34198,4,-4.780191847199163,67.5,13,1
34199,4,-4.780191847199163,78.75,13,1
34200,4,-4.780191847199163,90.0,12,2
34201,4,-4.780191847199163,101.25,9,1
34202,4,-4.780191847199163,112.5,9,1
34203,4,-4.780191847199163,123.75,11,2
34204,4,-4.780191847199163,135.0,11,4
34205,4,-4.780191847199163,146.25,6,1
34206,4,-4.780191847199163,157.5,19,2
34207,4,-4.780191847199163,168.75,13,3
34208,4,-4.780191847199163,-180.0,10,1
34209,4,-4.780191847199163,-168.75,11,2
34210,4,-4.780191847199163,-157.5,9,4
34211,4,-4.780191847199163,-146.25,11,3
34212,4,-4.780191847199163,-135.0,16,1
34213,4,-4.780191847199163,-123.75,8,0
34214,4,-4.780191847199163,-112.5,12,2
34215,4,-4.780191847199163,-101.25,9,0
34216,4,-4.780191847199163,-90.0,14,2
34217,4,-4.780191847199163,-78.75000000000006,11,1
34218,4,-4.780191847199163,-67.5,8,2
34219,4,-4.780191847199163,-56.25,6,0
34220,4,-4.780191847199163,-45.0,9,5
34221,4,-4.780191847199163,-33.75000000000006,13,2
34222,4,-4.780191847199163,-22.5,9,3
34223,4,-4.780191847199163,-11.25,7,3
34224,4,-9.594068226860458,5.625,15,0
34225,4,-9.594068226860458,16.875,12,1
34226,4,-9.594068226860458,28.125,18,0
34227,4,-9.594068226860458,39.375,17,0
34228,4,-9.594068226860458,50.625,9,0
34229,4,-9.594068226860458,61.875,10,0
34230,4,-9.594068226860458,73.125,11,0
34231,4,-9.594068226860458,84.375,11,0
34232,4,-9.594068226860458,95.625,11,0
34233,4,-9.594068226860458,106.875,11,0
34234,4,-9.594068226860458,118.125,12,0
34235,4,-9.594068226860458,129.375,13,0
34236,4,-9.594068226860458,140.625,9,0
34237,4,-9.594068226860458,151.875,13,0
34238,4,-9.594068226860458,163.125,13,0
34239,4,-9.594068226860458,174.375,17,0
34240,4,-9.594068226860458,-174.375,11,0
34241,4,-9.594068226860458,-163.125,10,0
34242,4,-9.594068226860458,-151.875,11,0
34243,4,-9.594068226860458,-140.625,13,1
34244,4,-9.594068226860458,-129.37500000000006,11,0
34245,4,-9.594068226860458,-118.125,6,0
34246,4,-9.594068226860458,-106.875,11,0
34247,4,-9.594068226860458,-95.625,5,0
34248,4,-9.594068226860458,-84.375,15,0
34249,4,-9.594068226860458,-73.12500000000006,10,0
34250,4,-9.594068226860458,-61.875,14,0
34251,4,-9.594068226860458,-50.625,7,0
34252,4,-9.594068226860458,-39.375,14,0
34253,4,-9.594068226860458,-28.125,13,0
34254,4,-9.594068226860458,-16.875,6,0
34255,4,-9.594068226860458,-5.625,9,0
34256,4,-14.477512185929925,0.0,11,0
34257,4,-14.477512185929925,11.25,17,0
34258,4,-14.477512185929925,22.5,10,0
34259,4,-14.477512185929925,33.75,13,0
34260,4,-14.477512185929925,45.0,20,0
34261,4,-14.477512185929925,56.25,9,0
34262,4,-14.477512185929925,67.5,16,0
34263,4,-14.477512185929925,78.75,15,0
34264,4,-14.477512185929925,90.0,13,0
34265,4,-14.477512185929925,101.25,9,0
34266,4,-14.477512185929925,112.5,12,0
34267,4,-14.477512185929925,123.75,10,0
34268,4,-14.477512185929925,135.0,15,0
34269,4,-14.477512185929925,146.25,3,0
34270,4,-14.477512185929925,157.5,11,0
34271,4,-14.477512185929925,168.75,10,0
34272,4,-14.477512185929925,-180.0,9,0
34273,4,-14.477512185929925,-168.75,9,0
34274,4,-14.477512185929925,-157.5,12,0
34275,4,-14.477512185929925,-146.25,8,0
34276,4,-14.477512185929925,-135.0,10,0
34277,4,-14.477512185929925,-123.75,7,0
34278,4,-14.477512185929925,-112.5,12,0
34279,4,-14.477512185929925,-101.25,10,0
34280,4,-14.477512185929925,-90.0,7,0
34281,4,-14.477512185929925,-78.75000000000006,8,0
34282,4,-14.477512185929925,-67.5,19,0
34283,4,-14.477512185929925,-56.25,9,0
34284,4,-14.477512185929925,-45.0,8,0
34285,4,-14.477512185929925,-33.75000000000006,13,1
34286,4,-14.477512185929925,-22.5,10,0
34287,4,-14.477512185929925,-11.25,11,0
34288,4,-19.47122063449069,5.625,9,0
34289,4,-19.47122063449069,16.875,9,0
34290,4,-19.47122063449069,28.125,6,0
34291,4,-19.47122063449069,39.375,13,0
34292,4,-19.47122063449069,50.625,12,0
34293,4,-19.47122063449069,61.875,7,0
34294,4,-19.47122063449069,73.125,16,0
34295,4,-19.47122063449069,84.375,13,0
34296,4,-19.47122063449069,95.625,14,0
34297,4,-19.47122063449069,106.875,8,0
34298,4,-19.47122063449069,118.125,16,0
34299,4,-19.47122063449069,129.375,13,0
34300,4,-19.47122063449069,140.625,6,0
34301,4,-19.47122063449069,151.875,10,0
34302,4,-19.47122063449069,163.125,7,0
34303,4,-19.47122063449069,174.375,11,0
34304,4,-19.47122063449069,-174.375,11,0
34305,4,-19.47122063449069,-163.125,17,0
34306,4,-19.47122063449069,-151.875,10,0
34307,4,-19.47122063449069,-140.625,8,0
34308,4,-19.47122063449069,-129.37500000000006,15,0
34309,4,-19.47122063449069,-118.125,10,0
34310,4,-19.47122063449069,-106.875,6,0
34311,4,-19.47122063449069,-95.625,7,0
34312,4,-19.47122063449069,-84.375,8,0
34313,4,-19.47122063449069,-73.12500000000006,8,0
34314,4,-19.47122063449069,-61.875,8,0
34315,4,-19.47122063449069,-50.625,12,0
34316,4,-19.47122063449069,-39.375,17,1
34317,4,-19.47122063449069,-28.125,13,0
34318,4,-19.47122063449069,-16.875,12,0
34319,4,-19.47122063449069,-5.625,17,0
34320,4,-24.62431835216408,0.0,11,0
34321,4,-24.62431835216408,11.25,3,0
34322,4,-24.62431835216408,22.5,10,1
34323,4,-24.62431835216408,33.75,10,0
34324,4,-24.62431835216408,45.0,11,0
34325,4,-24.62431835216408,56.25,5,0
34326,4,-24.62431835216408,67.5,9,0
34327,4,-24.62431835216408,78.75,12,0
34328,4,-24.62431835216408,90.0,11,0
34329,4,-24.62431835216408,101.25,7,0
34330,4,-24.62431835216408,112.5,9,0
34331,4,-24.62431835216408,123.75,6,0
34332,4,-24.62431835216408,135.0,9,0
34333,4,-24.62431835216408,146.25,6,0
34334,4,-24.62431835216408,157.5,13,0
34335,4,-24.62431835216408,168.75,13,0
34336,4,-24.62431835216408,-180.0,9,0
34337,4,-24.62431835216408,-168.75,15,0
34338,4,-24.62431835216408,-157.5,10,0
34339,4,-24.62431835216408,-146.25,9,0
34340,4,-24.62431835216408,-135.0,13,0
34341,4,-24.62431835216408,-123.75,16,0
34342,4,-24.62431835216408,-112.5,10,0
34343,4,-24.62431835216408,-101.25,8,0
34344,4,-24.62431835216408,-90.0,14,0
34345,4,-24.62431835216408,-78.75000000000006,13,0
34346,4,-24.62431835216408,-67.5,6,0
34347,4,-24.62431835216408,-56.25,10,1
34348,4,-24.62431835216408,-45.0,11,0
34349,4,-24.62431835216408,-33.75000000000006,13,0
34350,4,-24.62431835216408,-22.5,8,0
34351,4,-24.62431835216408,-11.25,8,0
34352,4,-30.000000000000014,5.625,8,0
34353,4,-30.000000000000014,16.875,10,0
34354,4,-30.000000000000014,28.125,15,0
34355,4,-30.000000000000014,39.375,7,0
34356,4,-30.000000000000014,50.625,10,0
34357,4,-30.000000000000014,61.875,8,0
34358,4,-30.000000000000014,73.125,10,0
34359,4,-30.000000000000014,84.375,11,0
34360,4,-30.000000000000014,95.625,4,0
34361,4,-30.000000000000014,106.875,8,0
34362,4,-30.000000000000014,118.125,3,0
34363,4,-30.000000000000014,129.375,3,0
34364,4,-30.000000000000014,140.625,9,0
34365,4,-30.000000000000014,151.875,7,0
34366,4,-30.000000000000014,163.125,11,0
34367,4,-30.000000000000014,174.375,10,0
34368,4,-30.000000000000014,-174.375,15,0
34369,4,-30.000000000000014,-163.125,12,0
34370,4,-30.000000000000014,-151.875,11,0
34371,4,-30.000000000000014,-140.625,9,0
34372,4,-30.000000000000014,-129.37500000000006,15,0
34373,4,-30.000000000000014,-118.125,11,0
34374,4,-30.000000000000014,-106.875,13,0
34375,4,-30.000000000000014,-95.625,17,0
34376,4,-30.000000000000014,-84.375,9,0
34377,4,-30.000000000000014,-73.12500000000006,14,0
34378,4,-30.000000000000014,-61.875,14,0
34379,4,-30.000000000000014,-50.625,10,0
34380,4,-30.000000000000014,-39.375,9,0
34381,4,-30.000000000000014,-28.125,15,0
34382,4,-30.000000000000014,-16.875,8,0
34383,4,-30.000000000000014,-5.625,4,0
34384,4,-35.68533471265205,0.0,9,0
34385,4,-35.68533471265205,11.25,12,0
34386,4,-35.68533471265205,22.5,12,0
34387,4,-35.68533471265205,33.75,7,0
34388,4,-35.68533471265205,45.0,8,0
34389,4,-35.68533471265205,56.25,8,0
34390,4,-35.68533471265205,67.5,12,0
34391,4,-35.68533471265205,78.75,19,0
34392,4,-35.68533471265205,90.0,10,0
34393,4,-35.68533471265205,101.25,11,0
34394,4,-35.68533471265205,112.5,11,0
34395,4,-35.68533471265205,123.75,10,0
34396,4,-35.68533471265205,135.0,2,0
34397,4,-35.68533471265205,146.25,10,0
34398,4,-35.68533471265205,157.5,9,0
34399,4,-35.68533471265205,168.75,10,0
34400,4,-35.68533471265205,-180.0,18,0
34401,4,-35.68533471265205,-168.75,7,0
34402,4,-35.68533471265205,-157.5,9,0
34403,4,-35.68533471265205,-146.25,9,0
34404,4,-35.68533471265205,-135.0,11,0
34405,4,-35.68533471265205,-123.75,17,0
34406,4,-35.68533471265205,-112.5,14,0
34407,4,-35.68533471265205,-101.25,12,0
34408,4,-35.68533471265205,-90.0,12,0
34409,4,-35.68533471265205,-78.75000000000006,9,0
34410,4,-35.68533471265205,-67.5,7,0
34411,4,-35.68533471265205,-56.25,6,0
34412,4,-35.68533471265205,-45.0,10,0
34413,4,-35.68533471265205,-33.75000000000006,7,0
34414,4,-35.68533471265205,-22.5,9,0
34415,4,-35.68533471265205,-11.25,7,0
34416,4,-41.81031489577862,5.625,8,0
34417,4,-41.81031489577862,16.875,10,0
34418,4,-41.81031489577862,28.125,11,0
34419,4,-41.81031489577862,39.375,4,0
34420,4,-41.81031489577862,50.625,16,0
34421,4,-41.81031489577862,61.875,11,0
34422,4,-41.81031489577862,73.125,12,0
34423,4,-41.81031489577862,84.375,13,0
34424,4,-41.81031489577862,95.625,10,0
34425,4,-41.81031489577862,106.875,8,0
34426,4,-41.81031489577862,118.125,16,0
34427,4,-41.81031489577862,129.375,13,0
34428,4,-41.81031489577862,140.625,10,0
34429,4,-41.81031489577862,151.875,15,0
34430,4,-41.81031489577862,163.125,13,0
34431,4,-41.81031489577862,174.375,14,0
34432,4,-41.81031489577862,-174.375,8,0
34433,4,-41.81031489577862,-163.125,9,0
34434,4,-41.81031489577862,-151.875,7,0
34435,4,-41.81031489577862,-140.625,14,0
34436,4,-41.81031489577862,-129.37500000000006,12,0
34437,4,-41.81031489577862,-118.125,12,0
34438,4,-41.81031489577862,-106.875,18,0
34439,4,-41.81031489577862,-95.625,15,0
34440,4,-41.81031489577862,-84.375,8,0
34441,4,-41.81031489577862,-73.12500000000006,11,0
34442,4,-41.81031489577862,-61.875,3,0
34443,4,-41.81031489577862,-50.625,7,0
34444,4,-41.81031489577862,-39.375,4,0
34445,4,-41.81031489577862,-28.125,7,0
34446,4,-41.81031489577862,-16.875,6,0
34447,4,-41.81031489577862,-5.625,2,0
34448,4,-48.1412077943603,6.428571428571416,10,0
34449,4,-48.1412077943603,19.285714285714278,10,0
34450,4,-48.1412077943603,32.14285714285714,12,0
34451,4,-48.1412077943603,45.0,9,0
34452,4,-48.1412077943603,57.85714285714286,12,0
34453,4,-48.1412077943603,70.71428571428572,10,0
34454,4,-48.1412077943603,83.57142857142856,9,0
34455,4,-48.1412077943603,96.42857142857144,9,0
34456,4,-48.1412077943603,109.28571428571428,15,0
34457,4,-48.1412077943603,122.14285714285711,12,0
34458,4,-48.1412077943603,135.0,13,0
34459,4,-48.1412077943603,147.8571428571429,23,0
34460,4,-48.1412077943603,160.71428571428572,9,0
34461,4,-48.1412077943603,173.57142857142856,5,0
34462,4,-48.1412077943603,-173.57142857142856,13,0
34463,4,-48.1412077943603,-160.71428571428572,6,1
34464,4,-48.1412077943603,-147.8571428571429,8,0
34465,4,-48.1412077943603,-135.0,9,0
34466,4,-48.1412077943603,-122.14285714285711,10,0
34467,4,-48.1412077943603,-109.28571428571428,13,0
34468,4,-48.1412077943603,-96.42857142857144,10,0
34469,4,-48.1412077943603,-83.57142857142856,7,0
34470,4,-48.1412077943603,-70.71428571428572,10,0
34471,4,-48.1412077943603,-57.85714285714283,6,0
34472,4,-48.1412077943603,-45.0,7,0
34473,4,-48.1412077943603,-32.14285714285717,14,0
34474,4,-48.1412077943603,-19.28571428571422,9,0
34475,4,-48.1412077943603,-6.428571428571445,8,0
34476,4,-54.340912303861245,7.5,8,0
34477,4,-54.340912303861245,22.5,9,0
34478,4,-54.340912303861245,37.5,11,0
34479,4,-54.340912303861245,52.5,6,0
34480,4,-54.340912303861245,67.5,15,0
34481,4,-54.340912303861245,82.5,9,0
34482,4,-54.340912303861245,97.5,10,0
34483,4,-54.340912303861245,112.5,11,0
34484,4,-54.340912303861245,127.5,15,0
34485,4,-54.340912303861245,142.5,14,0
34486,4,-54.340912303861245,157.5,19,0
34487,4,-54.340912303861245,172.5,13,0
34488,4,-54.340912303861245,-172.5,13,0
34489,4,-54.340912303861245,-157.5,3,0
34490,4,-54.340912303861245,-142.5,10,0
34491,4,-54.340912303861245,-127.5,15,0
34492,4,-54.340912303861245,-112.5,12,0
34493,4,-54.340912303861245,-97.5,13,0
34494,4,-54.340912303861245,-82.5,5,0
34495,4,-54.340912303861245,-67.5,11,0
34496,4,-54.340912303861245,-52.50000000000006,6,0
34497,4,-54.340912303861245,-37.5,6,0
34498,4,-54.340912303861245,-22.5,7,0
34499,4,-54.340912303861245,-7.5,9,0
34500,4,-60.4344388449523,9.0,11,0
34501,4,-60.4344388449523,27.0,11,0
34502,4,-60.4344388449523,45.0,11,0
34503,4,-60.4344388449523,63.0,10,0
34504,4,-60.4344388449523,81.0,9,0
34505,4,-60.4344388449523,99.0,9,0
34506,4,-60.4344388449523,117.0,7,0
34507,4,-60.4344388449523,135.0,9,0
34508,4,-60.4344388449523,153.0,8,0
34509,4,-60.4344388449523,171.0,13,0
34510,4,-60.4344388449523,-171.0,8,0
34511,4,-60.4344388449523,-153.0,12,0
34512,4,-60.4344388449523,-135.0,11,0
34513,4,-60.4344388449523,-117.0,9,0
34514,4,-60.4344388449523,-99.0,11,0
34515,4,-60.4344388449523,-81.0,4,0
34516,4,-60.4344388449523,-63.0,8,0
34517,4,-60.4344388449523,-45.0,18,1
34518,4,-60.4344388449523,-27.0,10,0
34519,4,-60.4344388449523,-9.0,10,0
34520,4,-66.44353569089876,11.25,12,0
34521,4,-66.44353569089876,33.75,11,0
34522,4,-66.44353569089876,56.25,9,0
34523,4,-66.44353569089876,78.75,8,0
34524,4,-66.44353569089876,101.25,7,0
34525,4,-66.44353569089876,123.75,10,0
34526,4,-66.44353569089876,146.25,13,0
34527,4,-66.44353569089876,168.75,9,0
34528,4,-66.44353569089876,-168.75,12,0
34529,4,-66.44353569089876,-146.25,12,0
34530,4,-66.44353569089876,-123.75,9,0
34531,4,-66.44353569089876,-101.25,11,0
34532,4,-66.44353569089876,-78.75,7,0
34533,4,-66.44353569089876,-56.25,12,0
34534,4,-66.44353569089876,-33.75,24,0
34535,4,-66.44353569089876,-11.25,16,0
34536,4,-72.38756092964962,15.0,11,0
34537,4,-72.38756092964962,45.0,4,0
34538,4,-72.38756092964962,75.0,8,0
34539,4,-72.38756092964962,105.0,8,0
34540,4,-72.38756092964962,135.0,8,0
34541,4,-72.38756092964962,165.0,13,0
34542,4,-72.38756092964962,-165.0,11,0
34543,4,-72.38756092964962,-135.0,10,0
34544,4,-72.38756092964962,-105.0,8,0
34545,4,-72.38756092964962,-75.0,4,0
34546,4,-72.38756092964962,-45.0,8,0
34547,4,-72.38756092964962,-15.0,12,0
34548,4,-78.28414760510762,22.5,10,0
34549,4,-78.28414760510762,67.5,7,0
34550,4,-78.28414760510762,112.5,6,0
34551,4,-78.28414760510762,157.5,14,0
34552,4,-78.28414760510762,-157.5,10,0
34553,4,-78.28414760510762,-112.5,10,0
34554,4,-78.28414760510762,-67.5,4,0
34555,4,-78.28414760510762,-22.5,9,0
34556,4,-84.14973293629666,45.0,11,0
34557,4,-84.14973293629666,135.0,12,0
34558,4,-84.14973293629666,-135.0,9,0
34559,4,-84.14973293629666,-45.0,9,0
34560,4,84.14973293629666,45.0,5,0
34561,4,84.14973293629666,135.0,7,0
34562,4,84.14973293629666,-135.0,9,0
34563,4,84.14973293629666,-45.0,6,0
34564,4,78.28414760510762,22.5,13,0
34565,4,78.28414760510762,67.5,7,0
34566,4,78.28414760510762,112.5,11,0
34567,4,78.28414760510762,157.5,13,0
34568,4,78.28414760510762,-157.5,11,0
34569,4,78.28414760510762,-112.5,8,0
34570,4,78.28414760510762,-67.5,7,0
34571,4,78.28414760510762,-22.5,14,0
34572,4,72.38756092964962,15.0,6,0
34573,4,72.38756092964962,45.0,12,0
34574,4,72.38756092964962,75.0,16,0
34575,4,72.38756092964962,105.0,14,0
34576,4,72.38756092964962,135.0,11,0
34577,4,72.38756092964962,165.0,7,0
34578,4,72.38756092964962,-165.0,9,0
34579,4,72.38756092964962,-135.0,16,0
34580,4,72.38756092964962,-105.0,7,0
34581,4,72.38756092964962,-75.0,9,0
34582,4,72.38756092964962,-45.0,15,0
34583,4,72.38756092964962,-15.0,10,0
34584,4,66.44353569089877,11.25,8,0
34585,4,66.44353569089877,33.75,11,0
34586,4,66.44353569089877,56.25,10,0
34587,4,66.44353569089877,78.75,9,0
34588,4,66.44353569089877,101.25,8,0
34589,4,66.44353569089877,123.75,13,0
34590,4,66.44353569089877,146.25,10,0
34591,4,66.44353569089877,168.75,6,0
34592,4,66.44353569089877,-168.75,19,0
34593,4,66.44353569089877,-146.25,11,0
34594,4,66.44353569089877,-123.75,12,0
34595,4,66.44353569089877,-101.25,13,0
34596,4,66.44353569089877,-78.75,7,0
34597,4,66.44353569089877,-56.25,13,0
34598,4,66.44353569089877,-33.75,15,0
34599,4,66.44353569089877,-11.25,9,0
34600,4,60.43443884495228,9.0,9,0
34601,4,60.43443884495228,27.0,9,0
34602,4,60.43443884495228,45.0,9,0
34603,4,60.43443884495228,63.0,5,0
34604,4,60.43443884495228,81.0,8,0
34605,4,60.43443884495228,99.0,6,0
34606,4,60.43443884495228,117.0,9,0
34607,4,60.43443884495228,135.0,16,0
34608,4,60.43443884495228,153.0,13,0
34609,4,60.43443884495228,171.0,10,0
34610,4,60.43443884495228,-171.0,17,0
34611,4,60.43443884495228,-153.0,7,0
34612,4,60.43443884495228,-135.0,14,0
34613,4,60.43443884495228,-117.0,10,0
34614,4,60.43443884495228,-99.0,16,0
34615,4,60.43443884495228,-81.0,10,0
34616,4,60.43443884495228,-63.0,10,0
34617,4,60.43443884495228,-45.0,16,0
34618,4,60.43443884495228,-27.0,14,0
34619,4,60.43443884495228,-9.0,12,0
34620,4,54.340912303861245,7.5,12,0
34621,4,54.340912303861245,22.5,8,0
34622,4,54.340912303861245,37.5,7,0
34623,4,54.340912303861245,52.5,9,0
34624,4,54.340912303861245,67.5,8,0
34625,4,54.340912303861245,82.5,14,0
34626,4,54.340912303861245,97.5,9,0
34627,4,54.340912303861245,112.5,8,0
34628,4,54.340912303861245,127.5,7,0
34629,4,54.340912303861245,142.5,8,0
34630,4,54.340912303861245,157.5,13,0
34631,4,54.340912303861245,172.5,11,0
34632,4,54.340912303861245,-172.5,9,0
34633,4,54.340912303861245,-157.5,8,0
34634,4,54.340912303861245,-142.5,8,0
34635,4,54.340912303861245,-127.5,7,0
34636,4,54.340912303861245,-112.5,7,0
34637,4,54.340912303861245,-97.5,20,0
34638,4,54.340912303861245,-82.5,9,0
34639,4,54.340912303861245,-67.5,11,0
34640,4,54.340912303861245,-52.50000000000006,10,0
34641,4,54.340912303861245,-37.5,15,0
34642,4,54.340912303861245,-22.5,13,0
34643,4,54.340912303861245,-7.5,13,0
34644,4,48.141207794360284,6.428571428571416,11,0
34645,4,48.141207794360284,19.285714285714278,11,0
34646,4,48.141207794360284,32.14285714285714,9,0
34647,4,48.141207794360284,45.0,8,0
34648,4,48.141207794360284,57.85714285714286,6,0
34649,4,48.141207794360284,70.71428571428572,12,0
34650,4,48.141207794360284,83.57142857142856,16,0
34651,4,48.141207794360284,96.42857142857144,11,0
34652,4,48.141207794360284,109.28571428571428,13,0
34653,4,48.141207794360284,122.14285714285711,14,0
34654,4,48.141207794360284,135.0,5,0
34655,4,48.141207794360284,147.8571428571429,8,0
34656,4,48.141207794360284,160.71428571428572,12,0
34657,4,48.141207794360284,173.57142857142856,8,0
34658,4,48.141207794360284,-173.57142857142856,10,0
34659,4,48.141207794360284,-160.71428571428572,7,0
34660,4,48.141207794360284,-147.8571428571429,8,0
34661,4,48.141207794360284,-135.0,18,0
34662,4,48.141207794360284,-122.14285714285711,10,0
34663,4,48.141207794360284,-109.28571428571428,10,0
34664,4,48.141207794360284,-96.42857142857144,14,0
34665,4,48.141207794360284,-83.57142857142856,9,0
34666,4,48.141207794360284,-70.71428571428572,12,0
34667,4,48.141207794360284,-57.85714285714283,7,0
34668,4,48.141207794360284,-45.0,9,0
34669,4,48.141207794360284,-32.14285714285717,12,0
34670,4,48.141207794360284,-19.28571428571422,13,0
34671,4,48.141207794360284,-6.428571428571445,16,0
34672,4,41.81031489577859,5.625,10,0
34673,4,41.81031489577859,16.875,13,0
34674,4,41.81031489577859,28.125,15,0
34675,4,41.81031489577859,39.375,8,0
34676,4,41.81031489577859,50.625,10,0
34677,4,41.81031489577859,61.875,8,0
34678,4,41.81031489577859,73.125,13,0
34679,4,41.81031489577859,84.375,12,0
34680,4,41.81031489577859,95.625,6,0
34681,4,41.81031489577859,106.875,13,0
34682,4,41.81031489577859,118.125,15,0
34683,4,41.81031489577859,129.375,12,0
34684,4,41.81031489577859,140.625,7,0
34685,4,41.81031489577859,151.875,10,0
34686,4,41.81031489577859,163.125,11,0
34687,4,41.81031489577859,174.375,4,0
34688,4,41.81031489577859,-174.375,14,0
34689,4,41.81031489577859,-163.125,14,0
34690,4,41.81031489577859,-151.875,7,0
34691,4,41.81031489577859,-140.625,18,0
34692,4,41.81031489577859,-129.37500000000006,16,0
34693,4,41.81031489577859,-118.125,6,0
34694,4,41.81031489577859,-106.875,8,0
34695,4,41.81031489577859,-95.625,9,0
34696,4,41.81031489577859,-84.375,15,0
34697,4,41.81031489577859,-73.12500000000006,6,0
34698,4,41.81031489577859,-61.875,9,0
34699,4,41.81031489577859,-50.625,13,0
34700,4,41.81031489577859,-39.375,9,0
34701,4,41.81031489577859,-28.125,10,0
34702,4,41.81031489577859,-16.875,9,0
34703,4,41.81031489577859,-5.625,14,0
34704,4,35.68533471265204,0.0,10,0
34705,4,35.68533471265204,11.25,8,0
34706,4,35.68533471265204,22.5,13,0
34707,4,35.68533471265204,33.75,6,0
34708,4,35.68533471265204,45.0,5,0
34709,4,35.68533471265204,56.25,11,0
34710,4,35.68533471265204,67.5,9,0
34711,4,35.68533471265204,78.75,16,0
34712,4,35.68533471265204,90.0,7,0
34713,4,35.68533471265204,101.25,11,0
34714,4,35.68533471265204,112.5,14,0
34715,4,35.68533471265204,123.75,11,0
34716,4,35.68533471265204,135.0,13,0
34717,4,35.68533471265204,146.25,10,0
34718,4,35.68533471265204,157.5,16,0
34719,4,35.68533471265204,168.75,15,0
34720,4,35.68533471265204,-180.0,7,0
34721,4,35.68533471265204,-168.75,13,0
34722,4,35.68533471265204,-157.5,12,0
34723,4,35.68533471265204,-146.25,9,0
34724,4,35.68533471265204,-135.0,13,0
34725,4,35.68533471265204,-123.75,10,0
34726,4,35.68533471265204,-112.5,12,0
34727,4,35.68533471265204,-101.25,11,0
34728,4,35.68533471265204,-90.0,12,0
34729,4,35.68533471265204,-78.75000000000006,10,0
34730,4,35.68533471265204,-67.5,5,0
34731,4,35.68533471265204,-56.25,12,0
34732,4,35.68533471265204,-45.0,13,0
34733,4,35.68533471265204,-33.75000000000006,14,0
34734,4,35.68533471265204,-22.5,18,0
34735,4,35.68533471265204,-11.25,9,0
34736,4,30.000000000000007,5.625,9,0
34737,4,30.000000000000007,16.875,9,0
34738,4,30.000000000000007,28.125,14,0
34739,4,30.000000000000007,39.375,9,0
34740,4,30.000000000000007,50.625,16,0
34741,4,30.000000000000007,61.875,16,0
34742,4,30.000000000000007,73.125,13,0
34743,4,30.000000000000007,84.375,11,0
34744,4,30.000000000000007,95.625,13,0
34745,4,30.000000000000007,106.875,13,0
34746,4,30.000000000000007,118.125,11,0
34747,4,30.000000000000007,129.375,13,0
34748,4,30.000000000000007,140.625,11,0
34749,4,30.000000000000007,151.875,9,0
34750,4,30.000000000000007,163.125,16,0
34751,4,30.000000000000007,174.375,10,0
34752,4,30.000000000000007,-174.375,8,0
34753,4,30.000000000000007,-163.125,7,0
34754,4,30.000000000000007,-151.875,13,0
34755,4,30.000000000000007,-140.625,12,0
34756,4,30.000000000000007,-129.37500000000006,11,0
34757,4,30.000000000000007,-118.125,14,0
34758,4,30.000000000000007,-106.875,9,0
34759,4,30.000000000000007,-95.625,18,0
34760,4,30.000000000000007,-84.375,14,0
34761,4,30.000000000000007,-73.12500000000006,4,0
34762,4,30.000000000000007,-61.875,7,0
34763,4,30.000000000000007,-50.625,11,0
34764,4,30.000000000000007,-39.375,14,0
34765,4,30.000000000000007,-28.125,13,0
34766,4,30.000000000000007,-16.875,17,0
34767,4,30.000000000000007,-5.625,10,0
34768,4,24.62431835216408,0.0,7,0
34769,4,24.62431835216408,11.25,4,0
34770,4,24.62431835216408,22.5,15,0
34771,4,24.62431835216408,33.75,13,0
34772,4,24.62431835216408,45.0,12,0
34773,4,24.62431835216408,56.25,17,0
34774,4,24.62431835216408,67.5,16,0
34775,4,24.62431835216408,78.75,11,0
34776,4,24.62431835216408,90.0,16,0
34777,4,24.62431835216408,101.25,11,0
34778,4,24.62431835216408,112.5,12,0
34779,4,24.62431835216408,123.75,12,0
34780,4,24.62431835216408,135.0,14,0
34781,4,24.62431835216408,146.25,8,0
34782,4,24.62431835216408,157.5,13,0
34783,4,24.62431835216408,168.75,6,0
34784,4,24.62431835216408,-180.0,9,0
34785,4,24.62431835216408,-168.75,8,0
34786,4,24.62431835216408,-157.5,6,0
34787,4,24.62431835216408,-146.25,10,0
34788,4,24.62431835216408,-135.0,13,0
34789,4,24.62431835216408,-123.75,19,0
34790,4,24.62431835216408,-112.5,12,0
34791,4,24.62431835216408,-101.25,15,0
34792,4,24.62431835216408,-90.0,9,0
34793,4,24.62431835216408,-78.75000000000006,7,0
34794,4,24.62431835216408,-67.5,14,0
34795,4,24.62431835216408,-56.25,10,0
34796,4,24.62431835216408,-45.0,9,0
34797,4,24.62431835216408,-33.75000000000006,8,0
34798,4,24.62431835216408,-22.5,11,0
34799,4,24.62431835216408,-11.25,9,0
34800,4,19.47122063449069,5.625,8,0
34801,4,19.47122063449069,16.875,12,0
34802,4,19.47122063449069,28.125,11,0
34803,4,19.47122063449069,39.375,3,0
34804,4,19.47122063449069,50.625,10,0
34805,4,19.47122063449069,61.875,15,0
34806,4,19.47122063449069,73.125,14,0
34807,4,19.47122063449069,84.375,13,0
34808,4,19.47122063449069,95.625,8,0
34809,4,19.47122063449069,106.875,9,0
34810,4,19.47122063449069,118.125,9,0
34811,4,19.47122063449069,129.375,19,0
34812,4,19.47122063449069,140.625,13,0
34813,4,19.47122063449069,151.875,13,0
34814,4,19.47122063449069,163.125,11,0
34815,4,19.47122063449069,174.375,9,0
34816,4,19.47122063449069,-174.375,10,0
34817,4,19.47122063449069,-163.125,10,0
34818,4,19.47122063449069,-151.875,8,0
34819,4,19.47122063449069,-140.625,11,0
34820,4,19.47122063449069,-129.37500000000006,11,0
34821,4,19.47122063449069,-118.125,9,0
34822,4,19.47122063449069,-106.875,7,0
34823,4,19.47122063449069,-95.625,10,0
34824,4,19.47122063449069,-84.375,3,0
34825,4,19.47122063449069,-73.12500000000006,13,0
34826,4,19.47122063449069,-61.875,7,0
34827,4,19.47122063449069,-50.625,10,0
34828,4,19.47122063449069,-39.375,8,0
34829,4,19.47122063449069,-28.125,10,0
34830,4,19.47122063449069,-16.875,12,0
34831,4,19.47122063449069,-5.625,9,0
34832,4,14.477512185929925,0.0,11,0
34833,4,14.477512185929925,11.25,9,0
34834,4,14.477512185929925,22.5,13,0
34835,4,14.477512185929925,33.75,7,0
34836,4,14.477512185929925,45.0,6,0
34837,4,14.477512185929925,56.25,16,0
34838,4,14.477512185929925,67.5,9,0
34839,4,14.477512185929925,78.75,13,0
34840,4,14.477512185929925,90.0,14,0
34841,4,14.477512185929925,101.25,7,0
34842,4,14.477512185929925,112.5,16,0
34843,4,14.477512185929925,123.75,8,0
34844,4,14.477512185929925,135.0,12,0
34845,4,14.477512185929925,146.25,10,0
34846,4,14.477512185929925,157.5,12,0
34847,4,14.477512185929925,168.75,12,0
34848,4,14.477512185929925,-180.0,8,0
34849,4,14.477512185929925,-168.75,5,0
34850,4,14.477512185929925,-157.5,11,0
34851,4,14.477512185929925,-146.25,9,0
34852,4,14.477512185929925,-135.0,9,0
34853,4,14.477512185929925,-123.75,6,0
34854,4,14.477512185929925,-112.5,7,0
34855,4,14.477512185929925,-101.25,7,0
34856,4,14.477512185929925,-90.0,15,0
34857,4,14.477512185929925,-78.75000000000006,12,0
34858,4,14.477512185929925,-67.5,6,0
34859,4,14.477512185929925,-56.25,9,0
34860,4,14.477512185929925,-45.0,17,0
34861,4,14.477512185929925,-33.75000000000006,8,0
34862,4,14.477512185929925,-22.5,10,0
34863,4,14.477512185929925,-11.25,7,0
34864,4,9.594068226860458,5.625,10,0
34865,4,9.594068226860458,16.875,13,0
34866,4,9.594068226860458,28.125,10,1
34867,4,9.594068226860458,39.375,6,0
34868,4,9.594068226860458,50.625,13,0
34869,4,9.594068226860458,61.875,8,1
34870,4,9.594068226860458,73.125,9,0
34871,4,9.594068226860458,84.375,8,0
34872,4,9.594068226860458,95.625,13,0
34873,4,9.594068226860458,106.875,10,0
34874,4,9.594068226860458,118.125,10,0
34875,4,9.594068226860458,129.375,14,0
34876,4,9.594068226860458,140.625,12,0
34877,4,9.594068226860458,151.875,8,0
34878,4,9.594068226860458,163.125,15,0
34879,4,9.594068226860458,174.375,11,0
34880,4,9.594068226860458,-174.375,13,1
34881,4,9.594068226860458,-163.125,10,0
34882,4,9.594068226860458,-151.875,8,0
34883,4,9.594068226860458,-140.625,7,0
34884,4,9.594068226860458,-129.37500000000006,8,0
34885,4,9.594068226860458,-118.125,5,0
34886,4,9.594068226860458,-106.875,19,0
34887,4,9.594068226860458,-95.625,11,0
34888,4,9.594068226860458,-84.375,18,1
34889,4,9.594068226860458,-73.12500000000006,13,0
34890,4,9.594068226860458,-61.875,7,1
34891,4,9.594068226860458,-50.625,11,0
34892,4,9.594068226860458,-39.375,10,0
34893,4,9.594068226860458,-28.125,14,0
34894,4,9.594068226860458,-16.875,10,0
34895,4,9.594068226860458,-5.625,13,0
34896,4,4.780191847199163,0.0,16,3
34897,4,4.780191847199163,11.25,9,2
34898,4,4.780191847199163,22.5,8,1
34899,4,4.780191847199163,33.75,12,4
34900,4,4.780191847199163,45.0,13,1
34901,4,4.780191847199163,56.25,8,1
34902,4,4.780191847199163,67.5,8,2
34903,4,4.780191847199163,78.75,6,1
34904,4,4.780191847199163,90.0,14,1
34905,4,4.780191847199163,101.25,9,0
34906,4,4.780191847199163,112.5,8,2
34907,4,4.780191847199163,123.75,15,0
34908,4,4.780191847199163,135.0,12,1
34909,4,4.780191847199163,146.25,12,2
34910,4,4.780191847199163,157.5,10,1
34911,4,4.780191847199163,168.75,16,2
34912,4,4.780191847199163,-180.0,11,4
34913,4,4.780191847199163,-168.75,15,1
34914,4,4.780191847199163,-157.5,13,0
34915,4,4.780191847199163,-146.25,3,0
34916,4,4.780191847199163,-135.0,7,0
34917,4,4.780191847199163,-123.75,14,3
34918,4,4.780191847199163,-112.5,14,3
34919,4,4.780191847199163,-101.25,14,0
34920,4,4.780191847199163,-90.0,8,1
34921,4,4.780191847199163,-78.75000000000006,14,2
34922,4,4.780191847199163,-67.5,12,0
34923,4,4.780191847199163,-56.25,10,2
34924,4,4.780191847199163,-45.0,8,2
34925,4,4.780191847199163,-33.75000000000006,10,2
34926,4,4.780191847199163,-22.5,12,3
34927,4,4.780191847199163,-11.25,14,0
34928,4,0.0,5.625,14,4
34929,4,0.0,16.875,7,5
34930,4,0.0,28.125,15,1
34931,4,0.0,39.375,11,4
34932,4,0.0,50.625,17,0
34933,4,0.0,61.875,14,5
34934,4,0.0,73.125,7,4
34935,4,0.0,84.375,9,2
34936,4,0.0,95.625,10,1
34937,4,0.0,106.875,10,1
34938,4,0.0,118.125,9,5
34939,4,0.0,129.375,16,3
34940,4,0.0,140.625,11,4
34941,4,0.0,151.875,9,1
34942,4,0.0,163.125,14,5
34943,4,0.0,174.375,10,2
34944,4,0.0,-174.375,12,4
34945,4,0.0,-163.125,11,5
34946,4,0.0,-151.875,7,2
34947,4,0.0,-140.625,10,4
34948,4,0.0,-129.37500000000006,15,3
34949,4,0.0,-118.125,9,1
34950,4,0.0,-106.875,12,4
34951,4,0.0,-95.625,9,2
34952,4,0.0,-84.375,11,5
34953,4,0.0,-73.12500000000006,6,2
34954,4,0.0,-61.875,3,4
34955,4,0.0,-50.625,3,4
34956,4,0.0,-39.375,12,5
34957,4,0.0,-28.125,14,2
34958,4,0.0,-16.875,10,8
34959,4,0.0,-5.625,8,2
34960,4,-4.780191847199163,0.0,12,2
34961,4,-4.780191847199163,11.25,12,3
34962,4,-4.780191847199163,22.5,16,0
34963,4,-4.780191847199163,33.75,14,3
34964,4,-4.780191847199163,45.0,13,0
34965,4,-4.780191847199163,56.25,9,2
34966,4,-4.780191847199163,67.5,13,1
34967,4,-4.780191847199163,78.75,13,1
34968,4,-4.780191847199163,90.0,12,2
34969,4,-4.780191847199163,101.25,9,1
34970,4,-4.780191847199163,112.5,9,1
34971,4,-4.780191847199163,123.75,11,2
34972,4,-4.780191847199163,135.0,11,4
34973,4,-4.780191847199163,146.25,6,1
34974,4,-4.780191847199163,157.5,19,2
34975,4,-4.780191847199163,168.75,13,3
34976,4,-4.780191847199163,-180.0,10,1
34977,4,-4.780191847199163,-168.75,11,2
34978,4,-4.780191847199163,-157.5,9,4
34979,4,-4.780191847199163,-146.25,11,3
34980,4,-4.780191847199163,-135.0,16,1
34981,4,-4.780191847199163,-123.75,8,0
34982,4,-4.780191847199163,-112.5,12,2
34983,4,-4.780191847199163,-101.25,9,0
34984,4,-4.780191847199163,-90.0,14,2
34985,4,-4.780191847199163,-78.75000000000006,11,1
34986,4,-4.780191847199163,-67.5,8,2
34987,4,-4.780191847199163,-56.25,6,0
34988,4,-4.780191847199163,-45.0,9,5
34989,4,-4.780191847199163,-33.75000000000006,13,2
34990,4,-4.780191847199163,-22.5,9,3
34991,4,-4.780191847199163,-11.25,7,3
34992,4,-9.594068226860458,5.625,15,0
34993,4,-9.594068226860458,16.875,12,1
34994,4,-9.594068226860458,28.125,18,0
34995,4,-9.594068226860458,39.375,17,0
34996,4,-9.594068226860458,50.625,9,0
34997,4,-9.594068226860458,61.875,10,0
34998,4,-9.594068226860458,73.125,11,0
34999,4,-9.594068226860458,84.375,11,0
35000,4,-9.594068226860458,95.625,11,0
35001,4,-9.594068226860458,106.875,11,0
35002,4,-9.594068226860458,118.125,12,0
35003,4,-9.594068226860458,129.375,13,0
35004,4,-9.594068226860458,140.625,9,0
35005,4,-9.594068226860458,151.875,13,0
35006,4,-9.594068226860458,163.125,13,0
35007,4,-9.594068226860458,174.375,17,0
35008,4,-9.594068226860458,-174.375,11,0
35009,4,-9.594068226860458,-163.125,10,0
35010,4,-9.594068226860458,-151.875,11,0
35011,4,-9.594068226860458,-140.625,13,1
35012,4,-9.594068226860458,-129.37500000000006,11,0
35013,4,-9.594068226860458,-118.125,6,0
35014,4,-9.594068226860458,-106.875,11,0
35015,4,-9.594068226860458,-95.625,5,0
35016,4,-9.594068226860458,-84.375,15,0
35017,4,-9.594068226860458,-73.12500000000006,10,0
35018,4,-9.594068226860458,-61.875,14,0
35019,4,-9.594068226860458,-50.625,7,0
35020,4,-9.594068226860458,-39.375,14,0
35021,4,-9.594068226860458,-28.125,13,0
35022,4,-9.594068226860458,-16.875,6,0
35023,4,-9.594068226860458,-5.625,9,0
35024,4,-14.477512185929925,0.0,11,0
35025,4,-14.477512185929925,11.25,17,0
35026,4,-14.477512185929925,22.5,10,0
35027,4,-14.477512185929925,33.75,13,0
35028,4,-14.477512185929925,45.0,20,0
35029,4,-14.477512185929925,56.25,9,0
35030,4,-14.477512185929925,67.5,16,0
35031,4,-14.477512185929925,78.75,15,0
35032,4,-14.477512185929925,90.0,13,0
35033,4,-14.477512185929925,101.25,9,0
35034,4,-14.477512185929925,112.5,12,0
35035,4,-14.477512185929925,123.75,10,0
35036,4,-14.477512185929925,135.0,15,0
35037,4,-14.477512185929925,146.25,3,0
35038,4,-14.477512185929925,157.5,11,0
35039,4,-14.477512185929925,168.75,10,0
35040,4,-14.477512185929925,-180.0,9,0
35041,4,-14.477512185929925,-168.75,9,0
35042,4,-14.477512185929925,-157.5,12,0
35043,4,-14.477512185929925,-146.25,8,0
35044,4,-14.477512185929925,-135.0,10,0
35045,4,-14.477512185929925,-123.75,7,0
35046,4,-14.477512185929925,-112.5,12,0
35047,4,-14.477512185929925,-101.25,10,0
35048,4,-14.477512185929925,-90.0,7,0
35049,4,-14.477512185929925,-78.75000000000006,8,0
35050,4,-14.477512185929925,-67.5,19,0
35051,4,-14.477512185929925,-56.25,9,0
35052,4,-14.477512185929925,-45.0,8,0
35053,4,-14.477512185929925,-33.75000000000006,13,1
35054,4,-14.477512185929925,-22.5,10,0
35055,4,-14.477512185929925,-11.25,11,0
35056,4,-19.47122063449069,5.625,9,0
35057,4,-19.47122063449069,16.875,9,0
35058,4,-19.47122063449069,28.125,6,0
35059,4,-19.47122063449069,39.375,13,0
35060,4,-19.47122063449069,50.625,12,0
35061,4,-19.47122063449069,61.875,7,0
35062,4,-19.47122063449069,73.125,16,0
35063,4,-19.47122063449069,84.375,13,0
35064,4,-19.47122063449069,95.625,14,0
35065,4,-19.47122063449069,106.875,8,0
35066,4,-19.47122063449069,118.125,16,0
35067,4,-19.47122063449069,129.375,13,0
35068,4,-19.47122063449069,140.625,6,0
35069,4,-19.47122063449069,151.875,10,0
35070,4,-19.47122063449069,163.125,7,0
35071,4,-19.47122063449069,174.375,11,0
35072,4,-19.47122063449069,-174.375,11,0
35073,4,-19.47122063449069,-163.125,17,0
35074,4,-19.47122063449069,-151.875,10,0
35075,4,-19.47122063449069,-140.625,8,0
35076,4,-19.47122063449069,-129.37500000000006,15,0
35077,4,-19.47122063449069,-118.125,10,0
35078,4,-19.47122063449069,-106.875,6,0
35079,4,-19.47122063449069,-95.625,7,0
35080,4,-19.47122063449069,-84.375,8,0
35081,4,-19.47122063449069,-73.12500000000006,8,0
35082,4,-19.47122063449069,-61.875,8,0
35083,4,-19.47122063449069,-50.625,12,0
35084,4,-19.47122063449069,-39.375,17,1
35085,4,-19.47122063449069,-28.125,13,0
35086,4,-19.47122063449069,-16.875,12,0
35087,4,-19.47122063449069,-5.625,17,0
35088,4,-24.62431835216408,0.0,11,0
35089,4,-24.62431835216408,11.25,3,0
35090,4,-24.62431835216408,22.5,10,1
35091,4,-24.62431835216408,33.75,10,0
35092,4,-24.62431835216408,45.0,11,0
35093,4,-24.62431835216408,56.25,5,0
35094,4,-24.62431835216408,67.5,9,0
35095,4,-24.62431835216408,78.75,12,0
35096,4,-24.62431835216408,90.0,11,0
35097,4,-24.62431835216408,101.25,7,0
35098,4,-24.62431835216408,112.5,9,0
35099,4,-24.62431835216408,123.75,6,0
35100,4,-24.62431835216408,135.0,9,0
35101,4,-24.62431835216408,146.25,6,0
35102,4,-24.62431835216408,157.5,13,0
35103,4,-24.62431835216408,168.75,13,0
35104,4,-24.62431835216408,-180.0,9,0
35105,4,-24.62431835216408,-168.75,15,0
35106,4,-24.62431835216408,-157.5,10,0
35107,4,-24.62431835216408,-146.25,9,0
35108,4,-24.62431835216408,-135.0,13,0
35109,4,-24.62431835216408,-123.75,16,0
35110,4,-24.62431835216408,-112.5,10,0
35111,4,-24.62431835216408,-101.25,8,0
35112,4,-24.62431835216408,-90.0,14,0
35113,4,-24.62431835216408,-78.75000000000006,13,0
35114,4,-24.62431835216408,-67.5,6,0
35115,4,-24.62431835216408,-56.25,10,1
35116,4,-24.62431835216408,-45.0,11,0
35117,4,-24.62431835216408,-33.75000000000006,13,0
35118,4,-24.62431835216408,-22.5,8,0
35119,4,-24.62431835216408,-11.25,8,0
35120,4,-30.000000000000014,5.625,8,0
35121,4,-30.000000000000014,16.875,10,0
35122,4,-30.000000000000014,28.125,15,0
35123,4,-30.000000000000014,39.375,7,0
35124,4,-30.000000000000014,50.625,10,0
35125,4,-30.000000000000014,61.875,8,0
35126,4,-30.000000000000014,73.125,10,0
35127,4,-30.000000000000014,84.375,11,0
35128,4,-30.000000000000014,95.625,4,0
35129,4,-30.000000000000014,106.875,8,0
35130,4,-30.000000000000014,118.125,3,0
35131,4,-30.000000000000014,129.375,3,0
35132,4,-30.000000000000014,140.625,9,0
35133,4,-30.000000000000014,151.875,7,0
35134,4,-30.000000000000014,163.125,11,0
35135,4,-30.000000000000014,174.375,10,0
35136,4,-30.000000000000014,-174.375,15,0
35137,4,-30.000000000000014,-163.125,12,0
35138,4,-30.000000000000014,-151.875,11,0
35139,4,-30.000000000000014,-140.625,9,0
35140,4,-30.000000000000014,-129.37500000000006,15,0
35141,4,-30.000000000000014,-118.125,11,0
35142,4,-30.000000000000014,-106.875,13,0
35143,4,-30.000000000000014,-95.625,17,0
35144,4,-30.000000000000014,-84.375,9,0
35145,4,-30.000000000000014,-73.12500000000006,14,0
35146,4,-30.000000000000014,-61.875,14,0
35147,4,-30.000000000000014,-50.625,10,0
35148,4,-30.000000000000014,-39.375,9,0
35149,4,-30.000000000000014,-28.125,15,0
35150,4,-30.000000000000014,-16.875,8,0
35151,4,-30.000000000000014,-5.625,4,0
35152,4,-35.68533471265205,0.0,9,0
35153,4,-35.68533471265205,11.25,12,0
35154,4,-35.68533471265205,22.5,12,0
35155,4,-35.68533471265205,33.75,7,0
35156,4,-35.68533471265205,45.0,8,0
35157,4,-35.68533471265205,56.25,8,0
35158,4,-35.68533471265205,67.5,12,0
35159,4,-35.68533471265205,78.75,19,0
35160,4,-35.68533471265205,90.0,10,0
35161,4,-35.68533471265205,101.25,11,0
35162,4,-35.68533471265205,112.5,11,0
35163,4,-35.68533471265205,123.75,10,0
35164,4,-35.68533471265205,135.0,2,0
35165,4,-35.68533471265205,146.25,10,0
35166,4,-35.68533471265205,157.5,9,0
35167,4,-35.68533471265205,168.75,10,0
35168,4,-35.68533471265205,-180.0,18,0
35169,4,-35.68533471265205,-168.75,7,0
35170,4,-35.68533471265205,-157.5,9,0
35171,4,-35.68533471265205,-146.25,9,0
35172,4,-35.68533471265205,-135.0,11,0
35173,4,-35.68533471265205,-123.75,17,0
35174,4,-35.68533471265205,-112.5,14,0
35175,4,-35.68533471265205,-101.25,12,0
35176,4,-35.68533471265205,-90.0,12,0
35177,4,-35.68533471265205,-78.75000000000006,9,0
35178,4,-35.68533471265205,-67.5,7,0
35179,4,-35.68533471265205,-56.25,6,0
35180,4,-35.68533471265205,-45.0,10,0
35181,4,-35.68533471265205,-33.75000000000006,7,0
35182,4,-35.68533471265205,-22.5,9,0
35183,4,-35.68533471265205,-11.25,7,0
35184,4,-41.81031489577862,5.625,8,0
35185,4,-41.81031489577862,16.875,10,0
35186,4,-41.81031489577862,28.125,11,0
35187,4,-41.81031489577862,39.375,4,0
35188,4,-41.81031489577862,50.625,16,0
35189,4,-41.81031489577862,61.875,11,0
35190,4,-41.81031489577862,73.125,12,0
35191,4,-41.81031489577862,84.375,13,0
35192,4,-41.81031489577862,95.625,10,0
35193,4,-41.81031489577862,106.875,8,0
35194,4,-41.81031489577862,118.125,16,0
35195,4,-41.81031489577862,129.375,13,0
35196,4,-41.81031489577862,140.625,10,0
35197,4,-41.81031489577862,151.875,15,0
35198,4,-41.81031489577862,163.125,13,0
35199,4,-41.81031489577862,174.375,14,0
35200,4,-41.81031489577862,-174.375,8,0
35201,4,-41.81031489577862,-163.125,9,0
35202,4,-41.81031489577862,-151.875,7,0
35203,4,-41.81031489577862,-140.625,14,0
35204,4,-41.81031489577862,-129.37500000000006,12,0
35205,4,-41.81031489577862,-118.125,12,0
35206,4,-41.81031489577862,-106.875,18,0
35207,4,-41.81031489577862,-95.625,15,0
35208,4,-41.81031489577862,-84.375,8,0
35209,4,-41.81031489577862,-73.12500000000006,11,0
35210,4,-41.81031489577862,-61.875,3,0
35211,4,-41.81031489577862,-50.625,7,0
35212,4,-41.81031489577862,-39.375,4,0
35213,4,-41.81031489577862,-28.125,7,0
35214,4,-41.81031489577862,-16.875,6,0
35215,4,-41.81031489577862,-5.625,2,0
35216,4,-48.1412077943603,6.428571428571416,10,0
35217,4,-48.1412077943603,19.285714285714278,10,0
35218,4,-48.1412077943603,32.14285714285714,12,0
35219,4,-48.1412077943603,45.0,9,0
35220,4,-48.1412077943603,57.85714285714286,12,0
35221,4,-48.1412077943603,70.71428571428572,10,0
35222,4,-48.1412077943603,83.57142857142856,9,0
35223,4,-48.1412077943603,96.42857142857144,9,0
35224,4,-48.1412077943603,109.28571428571428,15,0
35225,4,-48.1412077943603,122.14285714285711,12,0
35226,4,-48.1412077943603,135.0,13,0
35227,4,-48.1412077943603,147.8571428571429,23,0
35228,4,-48.1412077943603,160.71428571428572,9,0
35229,4,-48.1412077943603,173.57142857142856,5,0
35230,4,-48.1412077943603,-173.57142857142856,13,0
35231,4,-48.1412077943603,-160.71428571428572,6,1
35232,4,-48.1412077943603,-147.8571428571429,8,0
35233,4,-48.1412077943603,-135.0,9,0
35234,4,-48.1412077943603,-122.14285714285711,10,0
35235,4,-48.1412077943603,-109.28571428571428,13,0
35236,4,-48.1412077943603,-96.42857142857144,10,0
35237,4,-48.1412077943603,-83.57142857142856,7,0
35238,4,-48.1412077943603,-70.71428571428572,10,0
35239,4,-48.1412077943603,-57.85714285714283,6,0
35240,4,-48.1412077943603,-45.0,7,0
35241,4,-48.1412077943603,-32.14285714285717,14,0
35242,4,-48.1412077943603,-19.28571428571422,9,0
35243,4,-48.1412077943603,-6.428571428571445,8,0
35244,4,-54.340912303861245,7.5,8,0
35245,4,-54.340912303861245,22.5,9,0
35246,4,-54.340912303861245,37.5,11,0
35247,4,-54.340912303861245,52.5,6,0
35248,4,-54.340912303861245,67.5,15,0
35249,4,-54.340912303861245,82.5,9,0
35250,4,-54.340912303861245,97.5,10,0
35251,4,-54.340912303861245,112.5,11,0
35252,4,-54.340912303861245,127.5,15,0
35253,4,-54.340912303861245,142.5,14,0
35254,4,-54.340912303861245,157.5,19,0
35255,4,-54.340912303861245,172.5,13,0
35256,4,-54.340912303861245,-172.5,13,0
35257,4,-54.340912303861245,-157.5,3,0
35258,4,-54.340912303861245,-142.5,10,0
35259,4,-54.340912303861245,-127.5,15,0
35260,4,-54.340912303861245,-112.5,12,0
35261,4,-54.340912303861245,-97.5,13,0
35262,4,-54.340912303861245,-82.5,5,0
35263,4,-54.340912303861245,-67.5,11,0
35264,4,-54.340912303861245,-52.50000000000006,6,0
35265,4,-54.340912303861245,-37.5,6,0
35266,4,-54.340912303861245,-22.5,7,0
35267,4,-54.340912303861245,-7.5,9,0
35268,4,-60.4344388449523,9.0,11,0
35269,4,-60.4344388449523,27.0,11,0
35270,4,-60.4344388449523,45.0,11,0
35271,4,-60.4344388449523,63.0,10,0
35272,4,-60.4344388449523,81.0,9,0
35273,4,-60.4344388449523,99.0,9,0
35274,4,-60.4344388449523,117.0,7,0
35275,4,-60.4344388449523,135.0,9,0
35276,4,-60.4344388449523,153.0,8,0
35277,4,-60.4344388449523,171.0,13,0
35278,4,-60.4344388449523,-171.0,8,0
35279,4,-60.4344388449523,-153.0,12,0
35280,4,-60.4344388449523,-135.0,11,0
35281,4,-60.4344388449523,-117.0,9,0
35282,4,-60.4344388449523,-99.0,11,0
35283,4,-60.4344388449523,-81.0,4,0
35284,4,-60.4344388449523,-63.0,8,0
35285,4,-60.4344388449523,-45.0,18,1
35286,4,-60.4344388449523,-27.0,10,0
35287,4,-60.4344388449523,-9.0,10,0
35288,4,-66.44353569089876,11.25,12,0
35289,4,-66.44353569089876,33.75,11,0
35290,4,-66.44353569089876,56.25,9,0
35291,4,-66.44353569089876,78.75,8,0
35292,4,-66.44353569089876,101.25,7,0
35293,4,-66.44353569089876,123.75,10,0
35294,4,-66.44353569089876,146.25,13,0
35295,4,-66.44353569089876,168.75,9,0
35296,4,-66.44353569089876,-168.75,12,0
35297,4,-66.44353569089876,-146.25,12,0
35298,4,-66.44353569089876,-123.75,9,0
35299,4,-66.44353569089876,-101.25,11,0
35300,4,-66.44353569089876,-78.75,7,0
35301,4,-66.44353569089876,-56.25,12,0
35302,4,-66.44353569089876,-33.75,24,0
35303,4,-66.44353569089876,-11.25,16,0
35304,4,-72.38756092964962,15.0,11,0
35305,4,-72.38756092964962,45.0,4,0
35306,4,-72.38756092964962,75.0,8,0
35307,4,-72.38756092964962,105.0,8,0
35308,4,-72.38756092964962,135.0,8,0
35309,4,-72.38756092964962,165.0,13,0
35310,4,-72.38756092964962,-165.0,11,0
35311,4,-72.38756092964962,-135.0,10,0
35312,4,-72.38756092964962,-105.0,8,0
35313,4,-72.38756092964962,-75.0,4,0
35314,4,-72.38756092964962,-45.0,8,0
35315,4,-72.38756092964962,-15.0,12,0
35316,4,-78.28414760510762,22.5,10,0
35317,4,-78.28414760510762,67.5,7,0
35318,4,-78.28414760510762,112.5,6,0
35319,4,-78.28414760510762,157.5,14,0
35320,4,-78.28414760510762,-157.5,10,0
35321,4,-78.28414760510762,-112.5,10,0
35322,4,-78.28414760510762,-67.5,4,0
35323,4,-78.28414760510762,-22.5,9,0
35324,4,-84.14973293629666,45.0,11,0
35325,4,-84.14973293629666,135.0,12,0
35326,4,-84.14973293629666,-135.0,9,0
35327,4,-84.14973293629666,-45.0,9,0
35328,4,84.14973293629666,45.0,5,0
35329,4,84.14973293629666,135.0,7,0
35330,4,84.14973293629666,-135.0,9,0
35331,4,84.14973293629666,-45.0,6,0
35332,4,78.28414760510762,22.5,13,0
35333,4,78.28414760510762,67.5,7,0
35334,4,78.28414760510762,112.5,11,0
35335,4,78.28414760510762,157.5,13,0
35336,4,78.28414760510762,-157.5,11,0
35337,4,78.28414760510762,-112.5,8,0
35338,4,78.28414760510762,-67.5,7,0
35339,4,78.28414760510762,-22.5,14,0
35340,4,72.38756092964962,15.0,6,0
35341,4,72.38756092964962,45.0,12,0
35342,4,72.38756092964962,75.0,16,0
35343,4,72.38756092964962,105.0,14,0
35344,4,72.38756092964962,135.0,11,0
35345,4,72.38756092964962,165.0,7,0
35346,4,72.38756092964962,-165.0,9,0
35347,4,72.38756092964962,-135.0,16,0
35348,4,72.38756092964962,-105.0,7,0
35349,4,72.38756092964962,-75.0,9,0
35350,4,72.38756092964962,-45.0,15,0
35351,4,72.38756092964962,-15.0,10,0
35352,4,66.44353569089877,11.25,8,0
35353,4,66.44353569089877,33.75,11,0
35354,4,66.44353569089877,56.25,10,0
35355,4,66.44353569089877,78.75,9,0
35356,4,66.44353569089877,101.25,8,0
35357,4,66.44353569089877,123.75,13,0
35358,4,66.44353569089877,146.25,10,0
35359,4,66.44353569089877,168.75,6,0
35360,4,66.44353569089877,-168.75,19,0
35361,4,66.44353569089877,-146.25,11,0
35362,4,66.44353569089877,-123.75,12,0
35363,4,66.44353569089877,-101.25,13,0
35364,4,66.44353569089877,-78.75,7,0
35365,4,66.44353569089877,-56.25,13,0
35366,4,66.44353569089877,-33.75,15,0
35367,4,66.44353569089877,-11.25,9,0
35368,4,60.43443884495228,9.0,9,0
35369,4,60.43443884495228,27.0,9,0
35370,4,60.43443884495228,45.0,9,0
35371,4,60.43443884495228,63.0,5,0
35372,4,60.43443884495228,81.0,8,0
35373,4,60.43443884495228,99.0,6,0
35374,4,60.43443884495228,117.0,9,0
35375,4,60.43443884495228,135.0,16,0
35376,4,60.43443884495228,153.0,13,0
35377,4,60.43443884495228,171.0,10,0
35378,4,60.43443884495228,-171.0,17,0
35379,4,60.43443884495228,-153.0,7,0
35380,4,60.43443884495228,-135.0,14,0
35381,4,60.43443884495228,-117.0,10,0
35382,4,60.43443884495228,-99.0,16,0
35383,4,60.43443884495228,-81.0,10,0
35384,4,60.43443884495228,-63.0,10,0
35385,4,60.43443884495228,-45.0,16,0
35386,4,60.43443884495228,-27.0,14,0
35387,4,60.43443884495228,-9.0,12,0
35388,4,54.340912303861245,7.5,12,0
35389,4,54.340912303861245,22.5,8,0
35390,4,54.340912303861245,37.5,7,0
35391,4,54.340912303861245,52.5,9,0
35392,4,54.340912303861245,67.5,8,0
35393,4,54.340912303861245,82.5,14,0
35394,4,54.340912303861245,97.5,9,0
35395,4,54.340912303861245,112.5,8,0
35396,4,54.340912303861245,127.5,7,0
35397,4,54.340912303861245,142.5,8,0
35398,4,54.340912303861245,157.5,13,0
35399,4,54.340912303861245,172.5,11,0
35400,4,54.340912303861245,-172.5,9,0
35401,4,54.340912303861245,-157.5,8,0
35402,4,54.340912303861245,-142.5,8,0
35403,4,54.340912303861245,-127.5,7,0
35404,4,54.340912303861245,-112.5,7,0
35405,4,54.340912303861245,-97.5,20,0
35406,4,54.340912303861245,-82.5,9,0
35407,4,54.340912303861245,-67.5,11,0
35408,4,54.340912303861245,-52.50000000000006,10,0
35409,4,54.340912303861245,-37.5,15,0
35410,4,54.340912303861245,-22.5,13,0
35411,4,54.340912303861245,-7.5,13,0
35412,4,48.141207794360284,6.428571428571416,11,0
35413,4,48.141207794360284,19.285714285714278,11,0
35414,4,48.141207794360284,32.14285714285714,9,0
35415,4,48.141207794360284,45.0,8,0
35416,4,48.141207794360284,57.85714285714286,6,0
35417,4,48.141207794360284,70.71428571428572,12,0
35418,4,48.141207794360284,83.57142857142856,16,0
35419,4,48.141207794360284,96.42857142857144,11,0
35420,4,48.141207794360284,109.28571428571428,13,0
35421,4,48.141207794360284,122.14285714285711,14,0
35422,4,48.141207794360284,135.0,5,0
35423,4,48.141207794360284,147.8571428571429,8,0
35424,4,48.141207794360284,160.71428571428572,12,0
35425,4,48.141207794360284,173.57142857142856,8,0
35426,4,48.141207794360284,-173.57142857142856,10,0
35427,4,48.141207794360284,-160.71428571428572,7,0
35428,4,48.141207794360284,-147.8571428571429,8,0
35429,4,48.141207794360284,-135.0,18,0
35430,4,48.141207794360284,-122.14285714285711,10,0
35431,4,48.141207794360284,-109.28571428571428,10,0
35432,4,48.141207794360284,-96.42857142857144,14,0
35433,4,48.141207794360284,-83.57142857142856,9,0
35434,4,48.141207794360284,-70.71428571428572,12,0
35435,4,48.141207794360284,-57.85714285714283,7,0
35436,4,48.141207794360284,-45.0,9,0
35437,4,48.141207794360284,-32.14285714285717,12,0
35438,4,48.141207794360284,-19.28571428571422,13,0
35439,4,48.141207794360284,-6.428571428571445,16,0
35440,4,41.81031489577859,5.625,10,0
35441,4,41.81031489577859,16.875,13,0
35442,4,41.81031489577859,28.125,15,0
35443,4,41.81031489577859,39.375,8,0
35444,4,41.81031489577859,50.625,10,0
35445,4,41.81031489577859,61.875,8,0
35446,4,41.81031489577859,73.125,13,0
35447,4,41.81031489577859,84.375,12,0
35448,4,41.81031489577859,95.625,6,0
35449,4,41.81031489577859,106.875,13,0
35450,4,41.81031489577859,118.125,15,0
35451,4,41.81031489577859,129.375,12,0
35452,4,41.81031489577859,140.625,7,0
35453,4,41.81031489577859,151.875,10,0
35454,4,41.81031489577859,163.125,11,0
35455,4,41.81031489577859,174.375,4,0
35456,4,41.81031489577859,-174.375,14,0
35457,4,41.81031489577859,-163.125,14,0
35458,4,41.81031489577859,-151.875,7,0
35459,4,41.81031489577859,-140.625,18,0
35460,4,41.81031489577859,-129.37500000000006,16,0
35461,4,41.81031489577859,-118.125,6,0
35462,4,41.81031489577859,-106.875,8,0
35463,4,41.81031489577859,-95.625,9,0
35464,4,41.81031489577859,-84.375,15,0
35465,4,41.81031489577859,-73.12500000000006,6,0
35466,4,41.81031489577859,-61.875,9,0
35467,4,41.81031489577859,-50.625,13,0
35468,4,41.81031489577859,-39.375,9,0
35469,4,41.81031489577859,-28.125,10,0
35470,4,41.81031489577859,-16.875,9,0
35471,4,41.81031489577859,-5.625,14,0
35472,4,35.68533471265204,0.0,10,0
35473,4,35.68533471265204,11.25,8,0
35474,4,35.68533471265204,22.5,13,0
35475,4,35.68533471265204,33.75,6,0
35476,4,35.68533471265204,45.0,5,0
35477,4,35.68533471265204,56.25,11,0
35478,4,35.68533471265204,67.5,9,0
35479,4,35.68533471265204,78.75,16,0
35480,4,35.68533471265204,90.0,7,0
35481,4,35.68533471265204,101.25,11,0
35482,4,35.68533471265204,112.5,14,0
35483,4,35.68533471265204,123.75,11,0
35484,4,35.68533471265204,135.0,13,0
35485,4,35.68533471265204,146.25,10,0
35486,4,35.68533471265204,157.5,16,0
35487,4,35.68533471265204,168.75,15,0
35488,4,35.68533471265204,-180.0,7,0
35489,4,35.68533471265204,-168.75,13,0
35490,4,35.68533471265204,-157.5,12,0
35491,4,35.68533471265204,-146.25,9,0
35492,4,35.68533471265204,-135.0,13,0
35493,4,35.68533471265204,-123.75,10,0
35494,4,35.68533471265204,-112.5,12,0
35495,4,35.68533471265204,-101.25,11,0
35496,4,35.68533471265204,-90.0,12,0
35497,4,35.68533471265204,-78.75000000000006,10,0
35498,4,35.68533471265204,-67.5,5,0
35499,4,35.68533471265204,-56.25,12,0
35500,4,35.68533471265204,-45.0,13,0
35501,4,35.68533471265204,-33.75000000000006,14,0
35502,4,35.68533471265204,-22.5,18,0
35503,4,35.68533471265204,-11.25,9,0
35504,4,30.000000000000007,5.625,9,0
35505,4,30.000000000000007,16.875,9,0
35506,4,30.000000000000007,28.125,14,0
35507,4,30.000000000000007,39.375,9,0
35508,4,30.000000000000007,50.625,16,0
35509,4,30.000000000000007,61.875,16,0
35510,4,30.000000000000007,73.125,13,0
35511,4,30.000000000000007,84.375,11,0
35512,4,30.000000000000007,95.625,13,0
35513,4,30.000000000000007,106.875,13,0
35514,4,30.000000000000007,118.125,11,0
35515,4,30.000000000000007,129.375,13,0
35516,4,30.000000000000007,140.625,11,0
35517,4,30.000000000000007,151.875,9,0
35518,4,30.000000000000007,163.125,16,0
35519,4,30.000000000000007,174.375,10,0
35520,4,30.000000000000007,-174.375,8,0
35521,4,30.000000000000007,-163.125,7,0
35522,4,30.000000000000007,-151.875,13,0
35523,4,30.000000000000007,-140.625,12,0
35524,4,30.000000000000007,-129.37500000000006,11,0
35525,4,30.000000000000007,-118.125,14,0
35526,4,30.000000000000007,-106.875,9,0
35527,4,30.000000000000007,-95.625,18,0
35528,4,30.000000000000007,-84.375,14,0
35529,4,30.000000000000007,-73.12500000000006,4,0
35530,4,30.000000000000007,-61.875,7,0
35531,4,30.000000000000007,-50.625,11,0
35532,4,30.000000000000007,-39.375,14,0
35533,4,30.000000000000007,-28.125,13,0
35534,4,30.000000000000007,-16.875,17,0
35535,4,30.000000000000007,-5.625,10,0
35536,4,24.62431835216408,0.0,7,0
35537,4,24.62431835216408,11.25,4,0
35538,4,24.62431835216408,22.5,15,0
35539,4,24.62431835216408,33.75,13,0
35540,4,24.62431835216408,45.0,12,0
35541,4,24.62431835216408,56.25,17,0
35542,4,24.62431835216408,67.5,16,0
35543,4,24.62431835216408,78.75,11,0
35544,4,24.62431835216408,90.0,16,0
35545,4,24.62431835216408,101.25,11,0
35546,4,24.62431835216408,112.5,12,0
35547,4,24.62431835216408,123.75,12,0
35548,4,24.62431835216408,135.0,14,0
35549,4,24.62431835216408,146.25,8,0
35550,4,24.62431835216408,157.5,13,0
35551,4,24.62431835216408,168.75,6,0
35552,4,24.62431835216408,-180.0,9,0
35553,4,24.62431835216408,-168.75,8,0
35554,4,24.62431835216408,-157.5,6,0
35555,4,24.62431835216408,-146.25,10,0
35556,4,24.62431835216408,-135.0,13,0
35557,4,24.62431835216408,-123.75,19,0
35558,4,24.62431835216408,-112.5,12,0
35559,4,24.62431835216408,-101.25,15,0
35560,4,24.62431835216408,-90.0,9,0
35561,4,24.62431835216408,-78.75000000000006,7,0
35562,4,24.62431835216408,-67.5,14,0
35563,4,24.62431835216408,-56.25,10,0
35564,4,24.62431835216408,-45.0,9,0
35565,4,24.62431835216408,-33.75000000000006,8,0
35566,4,24.62431835216408,-22.5,11,0
35567,4,24.62431835216408,-11.25,9,0
35568,4,19.47122063449069,5.625,8,0
35569,4,19.47122063449069,16.875,12,0
35570,4,19.47122063449069,28.125,11,0
35571,4,19.47122063449069,39.375,3,0
35572,4,19.47122063449069,50.625,10,0
35573,4,19.47122063449069,61.875,15,0
35574,4,19.47122063449069,73.125,14,0
35575,4,19.47122063449069,84.375,13,0
35576,4,19.47122063449069,95.625,8,0
35577,4,19.47122063449069,106.875,9,0
35578,4,19.47122063449069,118.125,9,0
35579,4,19.47122063449069,129.375,19,0
35580,4,19.47122063449069,140.625,13,0
35581,4,19.47122063449069,151.875,13,0
35582,4,19.47122063449069,163.125,11,0
35583,4,19.47122063449069,174.375,9,0
35584,4,19.47122063449069,-174.375,10,0
35585,4,19.47122063449069,-163.125,10,0
35586,4,19.47122063449069,-151.875,8,0
35587,4,19.47122063449069,-140.625,11,0
35588,4,19.47122063449069,-129.37500000000006,11,0
35589,4,19.47122063449069,-118.125,9,0
35590,4,19.47122063449069,-106.875,7,0
35591,4,19.47122063449069,-95.625,10,0
35592,4,19.47122063449069,-84.375,3,0
35593,4,19.47122063449069,-73.12500000000006,13,0
35594,4,19.47122063449069,-61.875,7,0
35595,4,19.47122063449069,-50.625,10,0
35596,4,19.47122063449069,-39.375,8,0
35597,4,19.47122063449069,-28.125,10,0
35598,4,19.47122063449069,-16.875,12,0
35599,4,19.47122063449069,-5.625,9,0
35600,4,14.477512185929925,0.0,11,0
35601,4,14.477512185929925,11.25,9,0
35602,4,14.477512185929925,22.5,13,0
35603,4,14.477512185929925,33.75,7,0
35604,4,14.477512185929925,45.0,6,0
35605,4,14.477512185929925,56.25,16,0
35606,4,14.477512185929925,67.5,9,0
35607,4,14.477512185929925,78.75,13,0
35608,4,14.477512185929925,90.0,14,0
35609,4,14.477512185929925,101.25,7,0
35610,4,14.477512185929925,112.5,16,0
35611,4,14.477512185929925,123.75,8,0
35612,4,14.477512185929925,135.0,12,0
35613,4,14.477512185929925,146.25,10,0
35614,4,14.477512185929925,157.5,12,0
35615,4,14.477512185929925,168.75,12,0
35616,4,14.477512185929925,-180.0,8,0
35617,4,14.477512185929925,-168.75,5,0
35618,4,14.477512185929925,-157.5,11,0
35619,4,14.477512185929925,-146.25,9,0
35620,4,14.477512185929925,-135.0,9,0
35621,4,14.477512185929925,-123.75,6,0
35622,4,14.477512185929925,-112.5,7,0
35623,4,14.477512185929925,-101.25,7,0
35624,4,14.477512185929925,-90.0,15,0
35625,4,14.477512185929925,-78.75000000000006,12,0
35626,4,14.477512185929925,-67.5,6,0
35627,4,14.477512185929925,-56.25,9,0
35628,4,14.477512185929925,-45.0,17,0
35629,4,14.477512185929925,-33.75000000000006,8,0
35630,4,14.477512185929925,-22.5,10,0
35631,4,14.477512185929925,-11.25,7,0
35632,4,9.594068226860458,5.625,10,0
35633,4,9.594068226860458,16.875,13,0
35634,4,9.594068226860458,28.125,10,1
35635,4,9.594068226860458,39.375,6,0
35636,4,9.594068226860458,50.625,13,0
35637,4,9.594068226860458,61.875,8,1
35638,4,9.594068226860458,73.125,9,0
35639,4,9.594068226860458,84.375,8,0
35640,4,9.594068226860458,95.625,13,0
35641,4,9.594068226860458,106.875,10,0
35642,4,9.594068226860458,118.125,10,0
35643,4,9.594068226860458,129.375,14,0
35644,4,9.594068226860458,140.625,12,0
35645,4,9.594068226860458,151.875,8,0
35646,4,9.594068226860458,163.125,15,0
35647,4,9.594068226860458,174.375,11,0
35648,4,9.594068226860458,-174.375,13,1
35649,4,9.594068226860458,-163.125,10,0
35650,4,9.594068226860458,-151.875,8,0
35651,4,9.594068226860458,-140.625,7,0
35652,4,9.594068226860458,-129.37500000000006,8,0
35653,4,9.594068226860458,-118.125,5,0
35654,4,9.594068226860458,-106.875,19,0
35655,4,9.594068226860458,-95.625,11,0
35656,4,9.594068226860458,-84.375,18,1
35657,4,9.594068226860458,-73.12500000000006,13,0
35658,4,9.594068226860458,-61.875,7,1
35659,4,9.594068226860458,-50.625,11,0
35660,4,9.594068226860458,-39.375,10,0
35661,4,9.594068226860458,-28.125,14,0
35662,4,9.594068226860458,-16.875,10,0
35663,4,9.594068226860458,-5.625,13,0
35664,4,4.780191847199163,0.0,16,3
35665,4,4.780191847199163,11.25,9,2
35666,4,4.780191847199163,22.5,8,1
35667,4,4.780191847199163,33.75,12,4
35668,4,4.780191847199163,45.0,13,1
35669,4,4.780191847199163,56.25,8,1
35670,4,4.780191847199163,67.5,8,2
35671,4,4.780191847199163,78.75,6,1
35672,4,4.780191847199163,90.0,14,1
35673,4,4.780191847199163,101.25,9,0
35674,4,4.780191847199163,112.5,8,2
35675,4,4.780191847199163,123.75,15,0
35676,4,4.780191847199163,135.0,12,1
35677,4,4.780191847199163,146.25,12,2
35678,4,4.780191847199163,157.5,10,1
35679,4,4.780191847199163,168.75,16,2
35680,4,4.780191847199163,-180.0,11,4
35681,4,4.780191847199163,-168.75,15,1
35682,4,4.780191847199163,-157.5,13,0
35683,4,4.780191847199163,-146.25,3,0
35684,4,4.780191847199163,-135.0,7,0
35685,4,4.780191847199163,-123.75,14,3
35686,4,4.780191847199163,-112.5,14,3
35687,4,4.780191847199163,-101.25,14,0
35688,4,4.780191847199163,-90.0,8,1
35689,4,4.780191847199163,-78.75000000000006,14,2
35690,4,4.780191847199163,-67.5,12,0
35691,4,4.780191847199163,-56.25,10,2
35692,4,4.780191847199163,-45.0,8,2
35693,4,4.780191847199163,-33.75000000000006,10,2
35694,4,4.780191847199163,-22.5,12,3
35695,4,4.780191847199163,-11.25,14,0
35696,4,0.0,5.625,14,4
35697,4,0.0,16.875,7,5
35698,4,0.0,28.125,15,1
35699,4,0.0,39.375,11,4
35700,4,0.0,50.625,17,0
35701,4,0.0,61.875,14,5
35702,4,0.0,73.125,7,4
35703,4,0.0,84.375,9,2
35704,4,0.0,95.625,10,1
35705,4,0.0,106.875,10,1
35706,4,0.0,118.125,9,5
35707,4,0.0,129.375,16,3
35708,4,0.0,140.625,11,4
35709,4,0.0,151.875,9,1
35710,4,0.0,163.125,14,5
35711,4,0.0,174.375,10,2
35712,4,0.0,-174.375,12,4
35713,4,0.0,-163.125,11,5
35714,4,0.0,-151.875,7,2
35715,4,0.0,-140.625,10,4
35716,4,0.0,-129.37500000000006,15,3
35717,4,0.0,-118.125,9,1
35718,4,0.0,-106.875,12,4
35719,4,0.0,-95.625,9,2
35720,4,0.0,-84.375,11,5
35721,4,0.0,-73.12500000000006,6,2
35722,4,0.0,-61.875,3,4
35723,4,0.0,-50.625,3,4
35724,4,0.0,-39.375,12,5
35725,4,0.0,-28.125,14,2
35726,4,0.0,-16.875,10,8
35727,4,0.0,-5.625,8,2
35728,4,-4.780191847199163,0.0,12,2
35729,4,-4.780191847199163,11.25,12,3
35730,4,-4.780191847199163,22.5,16,0
35731,4,-4.780191847199163,33.75,14,3
35732,4,-4.780191847199163,45.0,13,0
35733,4,-4.780191847199163,56.25,9,2
35734,4,-4.780191847199163,67.5,13,1
35735,4,-4.780191847199163,78.75,13,1
35736,4,-4.780191847199163,90.0,12,2
35737,4,-4.780191847199163,101.25,9,1
35738,4,-4.780191847199163,112.5,9,1
35739,4,-4.780191847199163,123.75,11,2
35740,4,-4.780191847199163,135.0,11,4
35741,4,-4.780191847199163,146.25,6,1
35742,4,-4.780191847199163,157.5,19,2
35743,4,-4.780191847199163,168.75,13,3
35744,4,-4.780191847199163,-180.0,10,1
35745,4,-4.780191847199163,-168.75,11,2
35746,4,-4.780191847199163,-157.5,9,4
35747,4,-4.780191847199163,-146.25,11,3
35748,4,-4.780191847199163,-135.0,16,1
35749,4,-4.780191847199163,-123.75,8,0
35750,4,-4.780191847199163,-112.5,12,2
35751,4,-4.780191847199163,-101.25,9,0
35752,4,-4.780191847199163,-90.0,14,2
35753,4,-4.780191847199163,-78.75000000000006,11,1
35754,4,-4.780191847199163,-67.5,8,2
35755,4,-4.780191847199163,-56.25,6,0
35756,4,-4.780191847199163,-45.0,9,5
35757,4,-4.780191847199163,-33.75000000000006,13,2
35758,4,-4.780191847199163,-22.5,9,3
35759,4,-4.780191847199163,-11.25,7,3
35760,4,-9.594068226860458,5.625,15,0
35761,4,-9.594068226860458,16.875,12,1
35762,4,-9.594068226860458,28.125,18,0
35763,4,-9.594068226860458,39.375,17,0
35764,4,-9.594068226860458,50.625,9,0
35765,4,-9.594068226860458,61.875,10,0
35766,4,-9.594068226860458,73.125,11,0
35767,4,-9.594068226860458,84.375,11,0
35768,4,-9.594068226860458,95.625,11,0
35769,4,-9.594068226860458,106.875,11,0
35770,4,-9.594068226860458,118.125,12,0
35771,4,-9.594068226860458,129.375,13,0
35772,4,-9.594068226860458,140.625,9,0
35773,4,-9.594068226860458,151.875,13,0
35774,4,-9.594068226860458,163.125,13,0
35775,4,-9.594068226860458,174.375,17,0
35776,4,-9.594068226860458,-174.375,11,0
35777,4,-9.594068226860458,-163.125,10,0
35778,4,-9.594068226860458,-151.875,11,0
35779,4,-9.594068226860458,-140.625,13,1
35780,4,-9.594068226860458,-129.37500000000006,11,0
35781,4,-9.594068226860458,-118.125,6,0
35782,4,-9.594068226860458,-106.875,11,0
35783,4,-9.594068226860458,-95.625,5,0
35784,4,-9.594068226860458,-84.375,15,0
35785,4,-9.594068226860458,-73.12500000000006,10,0
35786,4,-9.594068226860458,-61.875,14,0
35787,4,-9.594068226860458,-50.625,7,0
35788,4,-9.594068226860458,-39.375,14,0
35789,4,-9.594068226860458,-28.125,13,0
35790,4,-9.594068226860458,-16.875,6,0
35791,4,-9.594068226860458,-5.625,9,0
35792,4,-14.477512185929925,0.0,11,0
35793,4,-14.477512185929925,11.25,17,0
35794,4,-14.477512185929925,22.5,10,0
35795,4,-14.477512185929925,33.75,13,0
35796,4,-14.477512185929925,45.0,20,0
35797,4,-14.477512185929925,56.25,9,0
35798,4,-14.477512185929925,67.5,16,0
35799,4,-14.477512185929925,78.75,15,0
35800,4,-14.477512185929925,90.0,13,0
35801,4,-14.477512185929925,101.25,9,0
35802,4,-14.477512185929925,112.5,12,0
35803,4,-14.477512185929925,123.75,10,0
35804,4,-14.477512185929925,135.0,15,0
35805,4,-14.477512185929925,146.25,3,0
35806,4,-14.477512185929925,157.5,11,0
35807,4,-14.477512185929925,168.75,10,0
35808,4,-14.477512185929925,-180.0,9,0
35809,4,-14.477512185929925,-168.75,9,0
35810,4,-14.477512185929925,-157.5,12,0
35811,4,-14.477512185929925,-146.25,8,0
35812,4,-14.477512185929925,-135.0,10,0
35813,4,-14.477512185929925,-123.75,7,0
35814,4,-14.477512185929925,-112.5,12,0
35815,4,-14.477512185929925,-101.25,10,0
35816,4,-14.477512185929925,-90.0,7,0
35817,4,-14.477512185929925,-78.75000000000006,8,0
35818,4,-14.477512185929925,-67.5,19,0
35819,4,-14.477512185929925,-56.25,9,0
35820,4,-14.477512185929925,-45.0,8,0
35821,4,-14.477512185929925,-33.75000000000006,13,1
35822,4,-14.477512185929925,-22.5,10,0
35823,4,-14.477512185929925,-11.25,11,0
35824,4,-19.47122063449069,5.625,9,0
35825,4,-19.47122063449069,16.875,9,0
35826,4,-19.47122063449069,28.125,6,0
35827,4,-19.47122063449069,39.375,13,0
35828,4,-19.47122063449069,50.625,12,0
35829,4,-19.47122063449069,61.875,7,0
35830,4,-19.47122063449069,73.125,16,0
35831,4,-19.47122063449069,84.375,13,0
35832,4,-19.47122063449069,95.625,14,0
35833,4,-19.47122063449069,106.875,8,0
35834,4,-19.47122063449069,118.125,16,0
35835,4,-19.47122063449069,129.375,13,0
35836,4,-19.47122063449069,140.625,6,0
35837,4,-19.47122063449069,151.875,10,0
35838,4,-19.47122063449069,163.125,7,0
35839,4,-19.47122063449069,174.375,11,0
35840,4,-19.47122063449069,-174.375,11,0
35841,4,-19.47122063449069,-163.125,17,0
35842,4,-19.47122063449069,-151.875,10,0
35843,4,-19.47122063449069,-140.625,8,0
35844,4,-19.47122063449069,-129.37500000000006,15,0
35845,4,-19.47122063449069,-118.125,10,0
35846,4,-19.47122063449069,-106.875,6,0
35847,4,-19.47122063449069,-95.625,7,0
35848,4,-19.47122063449069,-84.375,8,0
35849,4,-19.47122063449069,-73.12500000000006,8,0
35850,4,-19.47122063449069,-61.875,8,0
35851,4,-19.47122063449069,-50.625,12,0
35852,4,-19.47122063449069,-39.375,17,1
35853,4,-19.47122063449069,-28.125,13,0
35854,4,-19.47122063449069,-16.875,12,0
35855,4,-19.47122063449069,-5.625,17,0
35856,4,-24.62431835216408,0.0,11,0
35857,4,-24.62431835216408,11.25,3,0
35858,4,-24.62431835216408,22.5,10,1
35859,4,-24.62431835216408,33.75,10,0
35860,4,-24.62431835216408,45.0,11,0
35861,4,-24.62431835216408,56.25,5,0
35862,4,-24.62431835216408,67.5,9,0
35863,4,-24.62431835216408,78.75,12,0
35864,4,-24.62431835216408,90.0,11,0
35865,4,-24.62431835216408,101.25,7,0
35866,4,-24.62431835216408,112.5,9,0
35867,4,-24.62431835216408,123.75,6,0
35868,4,-24.62431835216408,135.0,9,0
35869,4,-24.62431835216408,146.25,6,0
35870,4,-24.62431835216408,157.5,13,0
35871,4,-24.62431835216408,168.75,13,0
35872,4,-24.62431835216408,-180.0,9,0
35873,4,-24.62431835216408,-168.75,15,0
35874,4,-24.62431835216408,-157.5,10,0
35875,4,-24.62431835216408,-146.25,9,0
35876,4,-24.62431835216408,-135.0,13,0
35877,4,-24.62431835216408,-123.75,16,0
35878,4,-24.62431835216408,-112.5,10,0
35879,4,-24.62431835216408,-101.25,8,0
35880,4,-24.62431835216408,-90.0,14,0
35881,4,-24.62431835216408,-78.75000000000006,13,0
35882,4,-24.62431835216408,-67.5,6,0
35883,4,-24.62431835216408,-56.25,10,1
35884,4,-24.62431835216408,-45.0,11,0
35885,4,-24.62431835216408,-33.75000000000006,13,0
35886,4,-24.62431835216408,-22.5,8,0
35887,4,-24.62431835216408,-11.25,8,0
35888,4,-30.000000000000014,5.625,8,0
35889,4,-30.000000000000014,16.875,10,0
35890,4,-30.000000000000014,28.125,15,0
35891,4,-30.000000000000014,39.375,7,0
35892,4,-30.000000000000014,50.625,10,0
35893,4,-30.000000000000014,61.875,8,0
35894,4,-30.000000000000014,73.125,10,0
35895,4,-30.000000000000014,84.375,11,0
35896,4,-30.000000000000014,95.625,4,0
35897,4,-30.000000000000014,106.875,8,0
35898,4,-30.000000000000014,118.125,3,0
35899,4,-30.000000000000014,129.375,3,0
35900,4,-30.000000000000014,140.625,9,0
35901,4,-30.000000000000014,151.875,7,0
35902,4,-30.000000000000014,163.125,11,0
35903,4,-30.000000000000014,174.375,10,0
35904,4,-30.000000000000014,-174.375,15,0
35905,4,-30.000000000000014,-163.125,12,0
35906,4,-30.000000000000014,-151.875,11,0
35907,4,-30.000000000000014,-140.625,9,0
35908,4,-30.000000000000014,-129.37500000000006,15,0
35909,4,-30.000000000000014,-118.125,11,0
35910,4,-30.000000000000014,-106.875,13,0
35911,4,-30.000000000000014,-95.625,17,0
35912,4,-30.000000000000014,-84.375,9,0
35913,4,-30.000000000000014,-73.12500000000006,14,0
35914,4,-30.000000000000014,-61.875,14,0
35915,4,-30.000000000000014,-50.625,10,0
35916,4,-30.000000000000014,-39.375,9,0
35917,4,-30.000000000000014,-28.125,15,0
35918,4,-30.000000000000014,-16.875,8,0
35919,4,-30.000000000000014,-5.625,4,0
35920,4,-35.68533471265205,0.0,9,0
35921,4,-35.68533471265205,11.25,12,0
35922,4,-35.68533471265205,22.5,12,0
35923,4,-35.68533471265205,33.75,7,0
35924,4,-35.68533471265205,45.0,8,0
35925,4,-35.68533471265205,56.25,8,0
35926,4,-35.68533471265205,67.5,12,0
35927,4,-35.68533471265205,78.75,19,0
35928,4,-35.68533471265205,90.0,10,0
35929,4,-35.68533471265205,101.25,11,0
35930,4,-35.68533471265205,112.5,11,0
35931,4,-35.68533471265205,123.75,10,0
35932,4,-35.68533471265205,135.0,2,0
35933,4,-35.68533471265205,146.25,10,0
35934,4,-35.68533471265205,157.5,9,0
35935,4,-35.68533471265205,168.75,10,0
35936,4,-35.68533471265205,-180.0,18,0
35937,4,-35.68533471265205,-168.75,7,0
35938,4,-35.68533471265205,-157.5,9,0
35939,4,-35.68533471265205,-146.25,9,0
35940,4,-35.68533471265205,-135.0,11,0
35941,4,-35.68533471265205,-123.75,17,0
35942,4,-35.68533471265205,-112.5,14,0
35943,4,-35.68533471265205,-101.25,12,0
35944,4,-35.68533471265205,-90.0,12,0
35945,4,-35.68533471265205,-78.75000000000006,9,0
35946,4,-35.68533471265205,-67.5,7,0
35947,4,-35.68533471265205,-56.25,6,0
35948,4,-35.68533471265205,-45.0,10,0
35949,4,-35.68533471265205,-33.75000000000006,7,0
35950,4,-35.68533471265205,-22.5,9,0
35951,4,-35.68533471265205,-11.25,7,0
35952,4,-41.81031489577862,5.625,8,0
35953,4,-41.81031489577862,16.875,10,0
35954,4,-41.81031489577862,28.125,11,0
35955,4,-41.81031489577862,39.375,4,0
35956,4,-41.81031489577862,50.625,16,0
35957,4,-41.81031489577862,61.875,11,0
35958,4,-41.81031489577862,73.125,12,0
35959,4,-41.81031489577862,84.375,13,0
35960,4,-41.81031489577862,95.625,10,0
35961,4,-41.81031489577862,106.875,8,0
35962,4,-41.81031489577862,118.125,16,0
35963,4,-41.81031489577862,129.375,13,0
35964,4,-41.81031489577862,140.625,10,0
35965,4,-41.81031489577862,151.875,15,0
35966,4,-41.81031489577862,163.125,13,0
35967,4,-41.81031489577862,174.375,14,0
35968,4,-41.81031489577862,-174.375,8,0
35969,4,-41.81031489577862,-163.125,9,0
35970,4,-41.81031489577862,-151.875,7,0
35971,4,-41.81031489577862,-140.625,14,0
35972,4,-41.81031489577862,-129.37500000000006,12,0
35973,4,-41.81031489577862,-118.125,12,0
35974,4,-41.81031489577862,-106.875,18,0
35975,4,-41.81031489577862,-95.625,15,0
35976,4,-41.81031489577862,-84.375,8,0
35977,4,-41.81031489577862,-73.12500000000006,11,0
35978,4,-41.81031489577862,-61.875,3,0
35979,4,-41.81031489577862,-50.625,7,0
35980,4,-41.81031489577862,-39.375,4,0
35981,4,-41.81031489577862,-28.125,7,0
35982,4,-41.81031489577862,-16.875,6,0
35983,4,-41.81031489577862,-5.625,2,0
35984,4,-48.1412077943603,6.428571428571416,10,0
35985,4,-48.1412077943603,19.285714285714278,10,0
35986,4,-48.1412077943603,32.14285714285714,12,0
35987,4,-48.1412077943603,45.0,9,0
35988,4,-48.1412077943603,57.85714285714286,12,0
35989,4,-48.1412077943603,70.71428571428572,10,0
35990,4,-48.1412077943603,83.57142857142856,9,0
35991,4,-48.1412077943603,96.42857142857144,9,0
35992,4,-48.1412077943603,109.28571428571428,15,0
35993,4,-48.1412077943603,122.14285714285711,12,0
35994,4,-48.1412077943603,135.0,13,0
35995,4,-48.1412077943603,147.8571428571429,23,0
35996,4,-48.1412077943603,160.71428571428572,9,0
35997,4,-48.1412077943603,173.57142857142856,5,0
35998,4,-48.1412077943603,-173.57142857142856,13,0
35999,4,-48.1412077943603,-160.71428571428572,6,1
36000,4,-48.1412077943603,-147.8571428571429,8,0
36001,4,-48.1412077943603,-135.0,9,0
36002,4,-48.1412077943603,-122.14285714285711,10,0
36003,4,-48.1412077943603,-109.28571428571428,13,0
36004,4,-48.1412077943603,-96.42857142857144,10,0
36005,4,-48.1412077943603,-83.57142857142856,7,0
36006,4,-48.1412077943603,-70.71428571428572,10,0
36007,4,-48.1412077943603,-57.85714285714283,6,0
36008,4,-48.1412077943603,-45.0,7,0
36009,4,-48.1412077943603,-32.14285714285717,14,0
36010,4,-48.1412077943603,-19.28571428571422,9,0
36011,4,-48.1412077943603,-6.428571428571445,8,0
36012,4,-54.340912303861245,7.5,8,0
36013,4,-54.340912303861245,22.5,9,0
36014,4,-54.340912303861245,37.5,11,0
36015,4,-54.340912303861245,52.5,6,0
36016,4,-54.340912303861245,67.5,15,0
36017,4,-54.340912303861245,82.5,9,0
36018,4,-54.340912303861245,97.5,10,0
36019,4,-54.340912303861245,112.5,11,0
36020,4,-54.340912303861245,127.5,15,0
36021,4,-54.340912303861245,142.5,14,0
36022,4,-54.340912303861245,157.5,19,0
36023,4,-54.340912303861245,172.5,13,0
36024,4,-54.340912303861245,-172.5,13,0
36025,4,-54.340912303861245,-157.5,3,0
36026,4,-54.340912303861245,-142.5,10,0
36027,4,-54.340912303861245,-127.5,15,0
36028,4,-54.340912303861245,-112.5,12,0
36029,4,-54.340912303861245,-97.5,13,0
36030,4,-54.340912303861245,-82.5,5,0
36031,4,-54.340912303861245,-67.5,11,0
36032,4,-54.340912303861245,-52.50000000000006,6,0
36033,4,-54.340912303861245,-37.5,6,0
36034,4,-54.340912303861245,-22.5,7,0
36035,4,-54.340912303861245,-7.5,9,0
36036,4,-60.4344388449523,9.0,11,0
36037,4,-60.4344388449523,27.0,11,0
36038,4,-60.4344388449523,45.0,11,0
36039,4,-60.4344388449523,63.0,10,0
36040,4,-60.4344388449523,81.0,9,0
36041,4,-60.4344388449523,99.0,9,0
36042,4,-60.4344388449523,117.0,7,0
36043,4,-60.4344388449523,135.0,9,0
36044,4,-60.4344388449523,153.0,8,0
36045,4,-60.4344388449523,171.0,13,0
36046,4,-60.4344388449523,-171.0,8,0
36047,4,-60.4344388449523,-153.0,12,0
36048,4,-60.4344388449523,-135.0,11,0
36049,4,-60.4344388449523,-117.0,9,0
36050,4,-60.4344388449523,-99.0,11,0
36051,4,-60.4344388449523,-81.0,4,0
36052,4,-60.4344388449523,-63.0,8,0
36053,4,-60.4344388449523,-45.0,18,1
36054,4,-60.4344388449523,-27.0,10,0
36055,4,-60.4344388449523,-9.0,10,0
36056,4,-66.44353569089876,11.25,12,0
36057,4,-66.44353569089876,33.75,11,0
36058,4,-66.44353569089876,56.25,9,0
36059,4,-66.44353569089876,78.75,8,0
36060,4,-66.44353569089876,101.25,7,0
36061,4,-66.44353569089876,123.75,10,0
36062,4,-66.44353569089876,146.25,13,0
36063,4,-66.44353569089876,168.75,9,0
36064,4,-66.44353569089876,-168.75,12,0
36065,4,-66.44353569089876,-146.25,12,0
36066,4,-66.44353569089876,-123.75,9,0
36067,4,-66.44353569089876,-101.25,11,0
36068,4,-66.44353569089876,-78.75,7,0
36069,4,-66.44353569089876,-56.25,12,0
36070,4,-66.44353569089876,-33.75,24,0
36071,4,-66.44353569089876,-11.25,16,0
36072,4,-72.38756092964962,15.0,11,0
36073,4,-72.38756092964962,45.0,4,0
36074,4,-72.38756092964962,75.0,8,0
36075,4,-72.38756092964962,105.0,8,0
36076,4,-72.38756092964962,135.0,8,0
36077,4,-72.38756092964962,165.0,13,0
36078,4,-72.38756092964962,-165.0,11,0
36079,4,-72.38756092964962,-135.0,10,0
36080,4,-72.38756092964962,-105.0,8,0
36081,4,-72.38756092964962,-75.0,4,0
36082,4,-72.38756092964962,-45.0,8,0
36083,4,-72.38756092964962,-15.0,12,0
36084,4,-78.28414760510762,22.5,10,0
36085,4,-78.28414760510762,67.5,7,0
36086,4,-78.28414760510762,112.5,6,0
36087,4,-78.28414760510762,157.5,14,0
36088,4,-78.28414760510762,-157.5,10,0
36089,4,-78.28414760510762,-112.5,10,0
36090,4,-78.28414760510762,-67.5,4,0
36091,4,-78.28414760510762,-22.5,9,0
36092,4,-84.14973293629666,45.0,11,0
36093,4,-84.14973293629666,135.0,12,0
36094,4,-84.14973293629666,-135.0,9,0
36095,4,-84.14973293629666,-45.0,9,0
36096,4,84.14973293629666,45.0,5,0
36097,4,84.14973293629666,135.0,7,0
36098,4,84.14973293629666,-135.0,9,0
36099,4,84.14973293629666,-45.0,6,0
36100,4,78.28414760510762,22.5,13,0
36101,4,78.28414760510762,67.5,7,0
36102,4,78.28414760510762,112.5,11,0
36103,4,78.28414760510762,157.5,13,0
36104,4,78.28414760510762,-157.5,11,0
36105,4,78.28414760510762,-112.5,8,0
36106,4,78.28414760510762,-67.5,7,0
36107,4,78.28414760510762,-22.5,14,0
36108,4,72.38756092964962,15.0,6,0
36109,4,72.38756092964962,45.0,12,0
36110,4,72.38756092964962,75.0,16,0
36111,4,72.38756092964962,105.0,14,0
36112,4,72.38756092964962,135.0,11,0
36113,4,72.38756092964962,165.0,7,0
36114,4,72.38756092964962,-165.0,9,0
36115,4,72.38756092964962,-135.0,16,0
36116,4,72.38756092964962,-105.0,7,0
36117,4,72.38756092964962,-75.0,9,0
36118,4,72.38756092964962,-45.0,15,0
36119,4,72.38756092964962,-15.0,10,0
36120,4,66.44353569089877,11.25,8,0
36121,4,66.44353569089877,33.75,11,0
36122,4,66.44353569089877,56.25,10,0
36123,4,66.44353569089877,78.75,9,0
36124,4,66.44353569089877,101.25,8,0
36125,4,66.44353569089877,123.75,13,0
36126,4,66.44353569089877,146.25,10,0
36127,4,66.44353569089877,168.75,6,0
36128,4,66.44353569089877,-168.75,19,0
36129,4,66.44353569089877,-146.25,11,0
36130,4,66.44353569089877,-123.75,12,0
36131,4,66.44353569089877,-101.25,13,0
36132,4,66.44353569089877,-78.75,7,0
36133,4,66.44353569089877,-56.25,13,0
36134,4,66.44353569089877,-33.75,15,0
36135,4,66.44353569089877,-11.25,9,0
36136,4,60.43443884495228,9.0,9,0
36137,4,60.43443884495228,27.0,9,0
36138,4,60.43443884495228,45.0,9,0
36139,4,60.43443884495228,63.0,5,0
36140,4,60.43443884495228,81.0,8,0
36141,4,60.43443884495228,99.0,6,0
36142,4,60.43443884495228,117.0,9,0
36143,4,60.43443884495228,135.0,16,0
36144,4,60.43443884495228,153.0,13,0
36145,4,60.43443884495228,171.0,10,0
36146,4,60.43443884495228,-171.0,17,0
36147,4,60.43443884495228,-153.0,7,0
36148,4,60.43443884495228,-135.0,14,0
36149,4,60.43443884495228,-117.0,10,0
36150,4,60.43443884495228,-99.0,16,0
36151,4,60.43443884495228,-81.0,10,0
36152,4,60.43443884495228,-63.0,10,0
36153,4,60.43443884495228,-45.0,16,0
36154,4,60.43443884495228,-27.0,14,0
36155,4,60.43443884495228,-9.0,12,0
36156,4,54.340912303861245,7.5,12,0
36157,4,54.340912303861245,22.5,8,0
36158,4,54.340912303861245,37.5,7,0
36159,4,54.340912303861245,52.5,9,0
36160,4,54.340912303861245,67.5,8,0
36161,4,54.340912303861245,82.5,14,0
36162,4,54.340912303861245,97.5,9,0
36163,4,54.340912303861245,112.5,8,0
36164,4,54.340912303861245,127.5,7,0
36165,4,54.340912303861245,142.5,8,0
36166,4,54.340912303861245,157.5,13,0
36167,4,54.340912303861245,172.5,11,0
36168,4,54.340912303861245,-172.5,9,0
36169,4,54.340912303861245,-157.5,8,0
36170,4,54.340912303861245,-142.5,8,0
36171,4,54.340912303861245,-127.5,7,0
36172,4,54.340912303861245,-112.5,7,0
36173,4,54.340912303861245,-97.5,20,0
36174,4,54.340912303861245,-82.5,9,0
36175,4,54.340912303861245,-67.5,11,0
36176,4,54.340912303861245,-52.50000000000006,10,0
36177,4,54.340912303861245,-37.5,15,0
36178,4,54.340912303861245,-22.5,13,0
36179,4,54.340912303861245,-7.5,13,0
36180,4,48.141207794360284,6.428571428571416,11,0
36181,4,48.141207794360284,19.285714285714278,11,0
36182,4,48.141207794360284,32.14285714285714,9,0
36183,4,48.141207794360284,45.0,8,0
36184,4,48.141207794360284,57.85714285714286,6,0
36185,4,48.141207794360284,70.71428571428572,12,0
36186,4,48.141207794360284,83.57142857142856,16,0
36187,4,48.141207794360284,96.42857142857144,11,0
36188,4,48.141207794360284,109.28571428571428,13,0
36189,4,48.141207794360284,122.14285714285711,14,0
36190,4,48.141207794360284,135.0,5,0
36191,4,48.141207794360284,147.8571428571429,8,0
36192,4,48.141207794360284,160.71428571428572,12,0
36193,4,48.141207794360284,173.57142857142856,8,0
36194,4,48.141207794360284,-173.57142857142856,10,0
36195,4,48.141207794360284,-160.71428571428572,7,0
36196,4,48.141207794360284,-147.8571428571429,8,0
36197,4,48.141207794360284,-135.0,18,0
36198,4,48.141207794360284,-122.14285714285711,10,0
36199,4,48.141207794360284,-109.28571428571428,10,0
36200,4,48.141207794360284,-96.42857142857144,14,0
36201,4,48.141207794360284,-83.57142857142856,9,0
36202,4,48.141207794360284,-70.71428571428572,12,0
36203,4,48.141207794360284,-57.85714285714283,7,0
36204,4,48.141207794360284,-45.0,9,0
36205,4,48.141207794360284,-32.14285714285717,12,0
36206,4,48.141207794360284,-19.28571428571422,13,0
36207,4,48.141207794360284,-6.428571428571445,16,0
36208,4,41.81031489577859,5.625,10,0
36209,4,41.81031489577859,16.875,13,0
36210,4,41.81031489577859,28.125,15,0
36211,4,41.81031489577859,39.375,8,0
36212,4,41.81031489577859,50.625,10,0
36213,4,41.81031489577859,61.875,8,0
36214,4,41.81031489577859,73.125,13,0
36215,4,41.81031489577859,84.375,12,0
36216,4,41.81031489577859,95.625,6,0
36217,4,41.81031489577859,106.875,13,0
36218,4,41.81031489577859,118.125,15,0
36219,4,41.81031489577859,129.375,12,0
36220,4,41.81031489577859,140.625,7,0
36221,4,41.81031489577859,151.875,10,0
36222,4,41.81031489577859,163.125,11,0
36223,4,41.81031489577859,174.375,4,0
36224,4,41.81031489577859,-174.375,14,0
36225,4,41.81031489577859,-163.125,14,0
36226,4,41.81031489577859,-151.875,7,0
36227,4,41.81031489577859,-140.625,18,0
36228,4,41.81031489577859,-129.37500000000006,16,0
36229,4,41.81031489577859,-118.125,6,0
36230,4,41.81031489577859,-106.875,8,0
36231,4,41.81031489577859,-95.625,9,0
36232,4,41.81031489577859,-84.375,15,0
36233,4,41.81031489577859,-73.12500000000006,6,0
36234,4,41.81031489577859,-61.875,9,0
36235,4,41.81031489577859,-50.625,13,0
36236,4,41.81031489577859,-39.375,9,0
36237,4,41.81031489577859,-28.125,10,0
36238,4,41.81031489577859,-16.875,9,0
36239,4,41.81031489577859,-5.625,14,0
36240,4,35.68533471265204,0.0,10,0
36241,4,35.68533471265204,11.25,8,0
36242,4,35.68533471265204,22.5,13,0
36243,4,35.68533471265204,33.75,6,0
36244,4,35.68533471265204,45.0,5,0
36245,4,35.68533471265204,56.25,11,0
36246,4,35.68533471265204,67.5,9,0
36247,4,35.68533471265204,78.75,16,0
36248,4,35.68533471265204,90.0,7,0
36249,4,35.68533471265204,101.25,11,0
36250,4,35.68533471265204,112.5,14,0
36251,4,35.68533471265204,123.75,11,0
36252,4,35.68533471265204,135.0,13,0
36253,4,35.68533471265204,146.25,10,0
36254,4,35.68533471265204,157.5,16,0
36255,4,35.68533471265204,168.75,15,0
36256,4,35.68533471265204,-180.0,7,0
36257,4,35.68533471265204,-168.75,13,0
36258,4,35.68533471265204,-157.5,12,0
36259,4,35.68533471265204,-146.25,9,0
36260,4,35.68533471265204,-135.0,13,0
36261,4,35.68533471265204,-123.75,10,0
36262,4,35.68533471265204,-112.5,12,0
36263,4,35.68533471265204,-101.25,11,0
36264,4,35.68533471265204,-90.0,12,0
36265,4,35.68533471265204,-78.75000000000006,10,0
36266,4,35.68533471265204,-67.5,5,0
36267,4,35.68533471265204,-56.25,12,0
36268,4,35.68533471265204,-45.0,13,0
36269,4,35.68533471265204,-33.75000000000006,14,0
36270,4,35.68533471265204,-22.5,18,0
36271,4,35.68533471265204,-11.25,9,0
36272,4,30.000000000000007,5.625,9,0
36273,4,30.000000000000007,16.875,9,0
36274,4,30.000000000000007,28.125,14,0
36275,4,30.000000000000007,39.375,9,0
36276,4,30.000000000000007,50.625,16,0
36277,4,30.000000000000007,61.875,16,0
36278,4,30.000000000000007,73.125,13,0
36279,4,30.000000000000007,84.375,11,0
36280,4,30.000000000000007,95.625,13,0
36281,4,30.000000000000007,106.875,13,0
36282,4,30.000000000000007,118.125,11,0
36283,4,30.000000000000007,129.375,13,0
36284,4,30.000000000000007,140.625,11,0
36285,4,30.000000000000007,151.875,9,0
36286,4,30.000000000000007,163.125,16,0
36287,4,30.000000000000007,174.375,10,0
36288,4,30.000000000000007,-174.375,8,0
36289,4,30.000000000000007,-163.125,7,0
36290,4,30.000000000000007,-151.875,13,0
36291,4,30.000000000000007,-140.625,12,0
36292,4,30.000000000000007,-129.37500000000006,11,0
36293,4,30.000000000000007,-118.125,14,0
36294,4,30.000000000000007,-106.875,9,0
36295,4,30.000000000000007,-95.625,18,0
36296,4,30.000000000000007,-84.375,14,0
36297,4,30.000000000000007,-73.12500000000006,4,0
36298,4,30.000000000000007,-61.875,7,0
36299,4,30.000000000000007,-50.625,11,0
36300,4,30.000000000000007,-39.375,14,0
36301,4,30.000000000000007,-28.125,13,0
36302,4,30.000000000000007,-16.875,17,0
36303,4,30.000000000000007,-5.625,10,0
36304,4,24.62431835216408,0.0,7,0
36305,4,24.62431835216408,11.25,4,0
36306,4,24.62431835216408,22.5,15,0
36307,4,24.62431835216408,33.75,13,0
36308,4,24.62431835216408,45.0,12,0
36309,4,24.62431835216408,56.25,17,0
36310,4,24.62431835216408,67.5,16,0
36311,4,24.62431835216408,78.75,11,0
36312,4,24.62431835216408,90.0,16,0
36313,4,24.62431835216408,101.25,11,0
36314,4,24.62431835216408,112.5,12,0
36315,4,24.62431835216408,123.75,12,0
36316,4,24.62431835216408,135.0,14,0
36317,4,24.62431835216408,146.25,8,0
36318,4,24.62431835216408,157.5,13,0
36319,4,24.62431835216408,168.75,6,0
36320,4,24.62431835216408,-180.0,9,0
36321,4,24.62431835216408,-168.75,8,0
36322,4,24.62431835216408,-157.5,6,0
36323,4,24.62431835216408,-146.25,10,0
36324,4,24.62431835216408,-135.0,13,0
36325,4,24.62431835216408,-123.75,19,0
36326,4,24.62431835216408,-112.5,12,0
36327,4,24.62431835216408,-101.25,15,0
36328,4,24.62431835216408,-90.0,9,0
36329,4,24.62431835216408,-78.75000000000006,7,0
36330,4,24.62431835216408,-67.5,14,0
36331,4,24.62431835216408,-56.25,10,0
36332,4,24.62431835216408,-45.0,9,0
36333,4,24.62431835216408,-33.75000000000006,8,0
36334,4,24.62431835216408,-22.5,11,0
36335,4,24.62431835216408,-11.25,9,0
36336,4,19.47122063449069,5.625,8,0
36337,4,19.47122063449069,16.875,12,0
36338,4,19.47122063449069,28.125,11,0
36339,4,19.47122063449069,39.375,3,0
36340,4,19.47122063449069,50.625,10,0
36341,4,19.47122063449069,61.875,15,0
36342,4,19.47122063449069,73.125,14,0
36343,4,19.47122063449069,84.375,13,0
36344,4,19.47122063449069,95.625,8,0
36345,4,19.47122063449069,106.875,9,0
36346,4,19.47122063449069,118.125,9,0
36347,4,19.47122063449069,129.375,19,0
36348,4,19.47122063449069,140.625,13,0
36349,4,19.47122063449069,151.875,13,0
36350,4,19.47122063449069,163.125,11,0
36351,4,19.47122063449069,174.375,9,0
36352,4,19.47122063449069,-174.375,10,0
36353,4,19.47122063449069,-163.125,10,0
36354,4,19.47122063449069,-151.875,8,0
36355,4,19.47122063449069,-140.625,11,0
36356,4,19.47122063449069,-129.37500000000006,11,0
36357,4,19.47122063449069,-118.125,9,0
36358,4,19.47122063449069,-106.875,7,0
36359,4,19.47122063449069,-95.625,10,0
36360,4,19.47122063449069,-84.375,3,0
36361,4,19.47122063449069,-73.12500000000006,13,0
36362,4,19.47122063449069,-61.875,7,0
36363,4,19.47122063449069,-50.625,10,0
36364,4,19.47122063449069,-39.375,8,0
36365,4,19.47122063449069,-28.125,10,0
36366,4,19.47122063449069,-16.875,12,0
36367,4,19.47122063449069,-5.625,9,0
36368,4,14.477512185929925,0.0,11,0
36369,4,14.477512185929925,11.25,9,0
36370,4,14.477512185929925,22.5,13,0
36371,4,14.477512185929925,33.75,7,0
36372,4,14.477512185929925,45.0,6,0
36373,4,14.477512185929925,56.25,16,0
36374,4,14.477512185929925,67.5,9,0
36375,4,14.477512185929925,78.75,13,0
36376,4,14.477512185929925,90.0,14,0
36377,4,14.477512185929925,101.25,7,0
36378,4,14.477512185929925,112.5,16,0
36379,4,14.477512185929925,123.75,8,0
36380,4,14.477512185929925,135.0,12,0
36381,4,14.477512185929925,146.25,10,0
36382,4,14.477512185929925,157.5,12,0
36383,4,14.477512185929925,168.75,12,0
36384,4,14.477512185929925,-180.0,8,0
36385,4,14.477512185929925,-168.75,5,0
36386,4,14.477512185929925,-157.5,11,0
36387,4,14.477512185929925,-146.25,9,0
36388,4,14.477512185929925,-135.0,9,0
36389,4,14.477512185929925,-123.75,6,0
36390,4,14.477512185929925,-112.5,7,0
36391,4,14.477512185929925,-101.25,7,0
36392,4,14.477512185929925,-90.0,15,0
36393,4,14.477512185929925,-78.75000000000006,12,0
36394,4,14.477512185929925,-67.5,6,0
36395,4,14.477512185929925,-56.25,9,0
36396,4,14.477512185929925,-45.0,17,0
36397,4,14.477512185929925,-33.75000000000006,8,0
36398,4,14.477512185929925,-22.5,10,0
36399,4,14.477512185929925,-11.25,7,0
36400,4,9.594068226860458,5.625,10,0
36401,4,9.594068226860458,16.875,13,0
36402,4,9.594068226860458,28.125,10,1
36403,4,9.594068226860458,39.375,6,0
36404,4,9.594068226860458,50.625,13,0
36405,4,9.594068226860458,61.875,8,1
36406,4,9.594068226860458,73.125,9,0
36407,4,9.594068226860458,84.375,8,0
36408,4,9.594068226860458,95.625,13,0
36409,4,9.594068226860458,106.875,10,0
36410,4,9.594068226860458,118.125,10,0
36411,4,9.594068226860458,129.375,14,0
36412,4,9.594068226860458,140.625,12,0
36413,4,9.594068226860458,151.875,8,0
36414,4,9.594068226860458,163.125,15,0
36415,4,9.594068226860458,174.375,11,0
36416,4,9.594068226860458,-174.375,13,1
36417,4,9.594068226860458,-163.125,10,0
36418,4,9.594068226860458,-151.875,8,0
36419,4,9.594068226860458,-140.625,7,0
36420,4,9.594068226860458,-129.37500000000006,8,0
36421,4,9.594068226860458,-118.125,5,0
36422,4,9.594068226860458,-106.875,19,0
36423,4,9.594068226860458,-95.625,11,0
36424,4,9.594068226860458,-84.375,18,1
36425,4,9.594068226860458,-73.12500000000006,13,0
36426,4,9.594068226860458,-61.875,7,1
36427,4,9.594068226860458,-50.625,11,0
36428,4,9.594068226860458,-39.375,10,0
36429,4,9.594068226860458,-28.125,14,0
36430,4,9.594068226860458,-16.875,10,0
36431,4,9.594068226860458,-5.625,13,0
36432,4,4.780191847199163,0.0,16,3
36433,4,4.780191847199163,11.25,9,2
36434,4,4.780191847199163,22.5,8,1
36435,4,4.780191847199163,33.75,12,4
36436,4,4.780191847199163,45.0,13,1
36437,4,4.780191847199163,56.25,8,1
36438,4,4.780191847199163,67.5,8,2
36439,4,4.780191847199163,78.75,6,1
36440,4,4.780191847199163,90.0,14,1
36441,4,4.780191847199163,101.25,9,0
36442,4,4.780191847199163,112.5,8,2
36443,4,4.780191847199163,123.75,15,0
36444,4,4.780191847199163,135.0,12,1
36445,4,4.780191847199163,146.25,12,2
36446,4,4.780191847199163,157.5,10,1
36447,4,4.780191847199163,168.75,16,2
36448,4,4.780191847199163,-180.0,11,4
36449,4,4.780191847199163,-168.75,15,1
36450,4,4.780191847199163,-157.5,13,0
36451,4,4.780191847199163,-146.25,3,0
36452,4,4.780191847199163,-135.0,7,0
36453,4,4.780191847199163,-123.75,14,3
36454,4,4.780191847199163,-112.5,14,3
36455,4,4.780191847199163,-101.25,14,0
36456,4,4.780191847199163,-90.0,8,1
36457,4,4.780191847199163,-78.75000000000006,14,2
36458,4,4.780191847199163,-67.5,12,0
36459,4,4.780191847199163,-56.25,10,2
36460,4,4.780191847199163,-45.0,8,2
36461,4,4.780191847199163,-33.75000000000006,10,2
36462,4,4.780191847199163,-22.5,12,3
36463,4,4.780191847199163,-11.25,14,0
36464,4,0.0,5.625,14,4
36465,4,0.0,16.875,7,5
36466,4,0.0,28.125,15,1
36467,4,0.0,39.375,11,4
36468,4,0.0,50.625,17,0
36469,4,0.0,61.875,14,5
36470,4,0.0,73.125,7,4
36471,4,0.0,84.375,9,2
36472,4,0.0,95.625,10,1
36473,4,0.0,106.875,10,1
36474,4,0.0,118.125,9,5
36475,4,0.0,129.375,16,3
36476,4,0.0,140.625,11,4
36477,4,0.0,151.875,9,1
36478,4,0.0,163.125,14,5
36479,4,0.0,174.375,10,2
36480,4,0.0,-174.375,12,4
36481,4,0.0,-163.125,11,5
36482,4,0.0,-151.875,7,2
36483,4,0.0,-140.625,10,4
36484,4,0.0,-129.37500000000006,15,3
36485,4,0.0,-118.125,9,1
36486,4,0.0,-106.875,12,4
36487,4,0.0,-95.625,9,2
36488,4,0.0,-84.375,11,5
36489,4,0.0,-73.12500000000006,6,2
36490,4,0.0,-61.875,3,4
36491,4,0.0,-50.625,3,4
36492,4,0.0,-39.375,12,5
36493,4,0.0,-28.125,14,2
36494,4,0.0,-16.875,10,8
36495,4,0.0,-5.625,8,2
36496,4,-4.780191847199163,0.0,12,2
36497,4,-4.780191847199163,11.25,12,3
36498,4,-4.780191847199163,22.5,16,0
36499,4,-4.780191847199163,33.75,14,3
36500,4,-4.780191847199163,45.0,13,0
36501,4,-4.780191847199163,56.25,9,2
36502,4,-4.780191847199163,67.5,13,1
36503,4,-4.780191847199163,78.75,13,1
36504,4,-4.780191847199163,90.0,12,2
36505,4,-4.780191847199163,101.25,9,1
36506,4,-4.780191847199163,112.5,9,1
36507,4,-4.780191847199163,123.75,11,2
36508,4,-4.780191847199163,135.0,11,4
36509,4,-4.780191847199163,146.25,6,1
36510,4,-4.780191847199163,157.5,19,2
36511,4,-4.780191847199163,168.75,13,3
36512,4,-4.780191847199163,-180.0,10,1
36513,4,-4.780191847199163,-168.75,11,2
36514,4,-4.780191847199163,-157.5,9,4
36515,4,-4.780191847199163,-146.25,11,3
36516,4,-4.780191847199163,-135.0,16,1
36517,4,-4.780191847199163,-123.75,8,0
36518,4,-4.780191847199163,-112.5,12,2
36519,4,-4.780191847199163,-101.25,9,0
36520,4,-4.780191847199163,-90.0,14,2
36521,4,-4.780191847199163,-78.75000000000006,11,1
36522,4,-4.780191847199163,-67.5,8,2
36523,4,-4.780191847199163,-56.25,6,0
36524,4,-4.780191847199163,-45.0,9,5
36525,4,-4.780191847199163,-33.75000000000006,13,2
36526,4,-4.780191847199163,-22.5,9,3
36527,4,-4.780191847199163,-11.25,7,3
36528,4,-9.594068226860458,5.625,15,0
36529,4,-9.594068226860458,16.875,12,1
36530,4,-9.594068226860458,28.125,18,0
36531,4,-9.594068226860458,39.375,17,0
36532,4,-9.594068226860458,50.625,9,0
36533,4,-9.594068226860458,61.875,10,0
36534,4,-9.594068226860458,73.125,11,0
36535,4,-9.594068226860458,84.375,11,0
36536,4,-9.594068226860458,95.625,11,0
36537,4,-9.594068226860458,106.875,11,0
36538,4,-9.594068226860458,118.125,12,0
36539,4,-9.594068226860458,129.375,13,0
36540,4,-9.594068226860458,140.625,9,0
36541,4,-9.594068226860458,151.875,13,0
36542,4,-9.594068226860458,163.125,13,0
36543,4,-9.594068226860458,174.375,17,0
36544,4,-9.594068226860458,-174.375,11,0
36545,4,-9.594068226860458,-163.125,10,0
36546,4,-9.594068226860458,-151.875,11,0
36547,4,-9.594068226860458,-140.625,13,1
36548,4,-9.594068226860458,-129.37500000000006,11,0
36549,4,-9.594068226860458,-118.125,6,0
36550,4,-9.594068226860458,-106.875,11,0
36551,4,-9.594068226860458,-95.625,5,0
36552,4,-9.594068226860458,-84.375,15,0
36553,4,-9.594068226860458,-73.12500000000006,10,0
36554,4,-9.594068226860458,-61.875,14,0
36555,4,-9.594068226860458,-50.625,7,0
36556,4,-9.594068226860458,-39.375,14,0
36557,4,-9.594068226860458,-28.125,13,0
36558,4,-9.594068226860458,-16.875,6,0
36559,4,-9.594068226860458,-5.625,9,0
36560,4,-14.477512185929925,0.0,11,0
36561,4,-14.477512185929925,11.25,17,0
36562,4,-14.477512185929925,22.5,10,0
36563,4,-14.477512185929925,33.75,13,0
36564,4,-14.477512185929925,45.0,20,0
36565,4,-14.477512185929925,56.25,9,0
36566,4,-14.477512185929925,67.5,16,0
36567,4,-14.477512185929925,78.75,15,0
36568,4,-14.477512185929925,90.0,13,0
36569,4,-14.477512185929925,101.25,9,0
36570,4,-14.477512185929925,112.5,12,0
36571,4,-14.477512185929925,123.75,10,0
36572,4,-14.477512185929925,135.0,15,0
36573,4,-14.477512185929925,146.25,3,0
36574,4,-14.477512185929925,157.5,11,0
36575,4,-14.477512185929925,168.75,10,0
36576,4,-14.477512185929925,-180.0,9,0
36577,4,-14.477512185929925,-168.75,9,0
36578,4,-14.477512185929925,-157.5,12,0
36579,4,-14.477512185929925,-146.25,8,0
36580,4,-14.477512185929925,-135.0,10,0
36581,4,-14.477512185929925,-123.75,7,0
36582,4,-14.477512185929925,-112.5,12,0
36583,4,-14.477512185929925,-101.25,10,0
36584,4,-14.477512185929925,-90.0,7,0
36585,4,-14.477512185929925,-78.75000000000006,8,0
36586,4,-14.477512185929925,-67.5,19,0
36587,4,-14.477512185929925,-56.25,9,0
36588,4,-14.477512185929925,-45.0,8,0
36589,4,-14.477512185929925,-33.75000000000006,13,1
36590,4,-14.477512185929925,-22.5,10,0
36591,4,-14.477512185929925,-11.25,11,0
36592,4,-19.47122063449069,5.625,9,0
36593,4,-19.47122063449069,16.875,9,0
36594,4,-19.47122063449069,28.125,6,0
36595,4,-19.47122063449069,39.375,13,0
36596,4,-19.47122063449069,50.625,12,0
36597,4,-19.47122063449069,61.875,7,0
36598,4,-19.47122063449069,73.125,16,0
36599,4,-19.47122063449069,84.375,13,0
36600,4,-19.47122063449069,95.625,14,0
36601,4,-19.47122063449069,106.875,8,0
36602,4,-19.47122063449069,118.125,16,0
36603,4,-19.47122063449069,129.375,13,0
36604,4,-19.47122063449069,140.625,6,0
36605,4,-19.47122063449069,151.875,10,0
36606,4,-19.47122063449069,163.125,7,0
36607,4,-19.47122063449069,174.375,11,0
36608,4,-19.47122063449069,-174.375,11,0
36609,4,-19.47122063449069,-163.125,17,0
36610,4,-19.47122063449069,-151.875,10,0
36611,4,-19.47122063449069,-140.625,8,0
36612,4,-19.47122063449069,-129.37500000000006,15,0
36613,4,-19.47122063449069,-118.125,10,0
36614,4,-19.47122063449069,-106.875,6,0
36615,4,-19.47122063449069,-95.625,7,0
36616,4,-19.47122063449069,-84.375,8,0
36617,4,-19.47122063449069,-73.12500000000006,8,0
36618,4,-19.47122063449069,-61.875,8,0
36619,4,-19.47122063449069,-50.625,12,0
36620,4,-19.47122063449069,-39.375,17,1
36621,4,-19.47122063449069,-28.125,13,0
36622,4,-19.47122063449069,-16.875,12,0
36623,4,-19.47122063449069,-5.625,17,0
36624,4,-24.62431835216408,0.0,11,0
36625,4,-24.62431835216408,11.25,3,0
36626,4,-24.62431835216408,22.5,10,1
36627,4,-24.62431835216408,33.75,10,0
36628,4,-24.62431835216408,45.0,11,0
36629,4,-24.62431835216408,56.25,5,0
36630,4,-24.62431835216408,67.5,9,0
36631,4,-24.62431835216408,78.75,12,0
36632,4,-24.62431835216408,90.0,11,0
36633,4,-24.62431835216408,101.25,7,0
36634,4,-24.62431835216408,112.5,9,0
36635,4,-24.62431835216408,123.75,6,0
36636,4,-24.62431835216408,135.0,9,0
36637,4,-24.62431835216408,146.25,6,0
36638,4,-24.62431835216408,157.5,13,0
36639,4,-24.62431835216408,168.75,13,0
36640,4,-24.62431835216408,-180.0,9,0
36641,4,-24.62431835216408,-168.75,15,0
36642,4,-24.62431835216408,-157.5,10,0
36643,4,-24.62431835216408,-146.25,9,0
36644,4,-24.62431835216408,-135.0,13,0
36645,4,-24.62431835216408,-123.75,16,0
36646,4,-24.62431835216408,-112.5,10,0
36647,4,-24.62431835216408,-101.25,8,0
36648,4,-24.62431835216408,-90.0,14,0
36649,4,-24.62431835216408,-78.75000000000006,13,0
36650,4,-24.62431835216408,-67.5,6,0
36651,4,-24.62431835216408,-56.25,10,1
36652,4,-24.62431835216408,-45.0,11,0
36653,4,-24.62431835216408,-33.75000000000006,13,0
36654,4,-24.62431835216408,-22.5,8,0
36655,4,-24.62431835216408,-11.25,8,0
36656,4,-30.000000000000014,5.625,8,0
36657,4,-30.000000000000014,16.875,10,0
36658,4,-30.000000000000014,28.125,15,0
36659,4,-30.000000000000014,39.375,7,0
36660,4,-30.000000000000014,50.625,10,0
36661,4,-30.000000000000014,61.875,8,0
36662,4,-30.000000000000014,73.125,10,0
36663,4,-30.000000000000014,84.375,11,0
36664,4,-30.000000000000014,95.625,4,0
36665,4,-30.000000000000014,106.875,8,0
36666,4,-30.000000000000014,118.125,3,0
36667,4,-30.000000000000014,129.375,3,0
36668,4,-30.000000000000014,140.625,9,0
36669,4,-30.000000000000014,151.875,7,0
36670,4,-30.000000000000014,163.125,11,0
36671,4,-30.000000000000014,174.375,10,0
36672,4,-30.000000000000014,-174.375,15,0
36673,4,-30.000000000000014,-163.125,12,0
36674,4,-30.000000000000014,-151.875,11,0
36675,4,-30.000000000000014,-140.625,9,0
36676,4,-30.000000000000014,-129.37500000000006,15,0
36677,4,-30.000000000000014,-118.125,11,0
36678,4,-30.000000000000014,-106.875,13,0
36679,4,-30.000000000000014,-95.625,17,0
36680,4,-30.000000000000014,-84.375,9,0
36681,4,-30.000000000000014,-73.12500000000006,14,0
36682,4,-30.000000000000014,-61.875,14,0
36683,4,-30.000000000000014,-50.625,10,0
36684,4,-30.000000000000014,-39.375,9,0
36685,4,-30.000000000000014,-28.125,15,0
36686,4,-30.000000000000014,-16.875,8,0
36687,4,-30.000000000000014,-5.625,4,0
36688,4,-35.68533471265205,0.0,9,0
36689,4,-35.68533471265205,11.25,12,0
36690,4,-35.68533471265205,22.5,12,0
36691,4,-35.68533471265205,33.75,7,0
36692,4,-35.68533471265205,45.0,8,0
36693,4,-35.68533471265205,56.25,8,0
36694,4,-35.68533471265205,67.5,12,0
36695,4,-35.68533471265205,78.75,19,0
36696,4,-35.68533471265205,90.0,10,0
36697,4,-35.68533471265205,101.25,11,0
36698,4,-35.68533471265205,112.5,11,0
36699,4,-35.68533471265205,123.75,10,0
36700,4,-35.68533471265205,135.0,2,0
36701,4,-35.68533471265205,146.25,10,0
36702,4,-35.68533471265205,157.5,9,0
36703,4,-35.68533471265205,168.75,10,0
36704,4,-35.68533471265205,-180.0,18,0
36705,4,-35.68533471265205,-168.75,7,0
36706,4,-35.68533471265205,-157.5,9,0
36707,4,-35.68533471265205,-146.25,9,0
36708,4,-35.68533471265205,-135.0,11,0
36709,4,-35.68533471265205,-123.75,17,0
36710,4,-35.68533471265205,-112.5,14,0
36711,4,-35.68533471265205,-101.25,12,0
36712,4,-35.68533471265205,-90.0,12,0
36713,4,-35.68533471265205,-78.75000000000006,9,0
36714,4,-35.68533471265205,-67.5,7,0
36715,4,-35.68533471265205,-56.25,6,0
36716,4,-35.68533471265205,-45.0,10,0
36717,4,-35.68533471265205,-33.75000000000006,7,0
36718,4,-35.68533471265205,-22.5,9,0
36719,4,-35.68533471265205,-11.25,7,0
36720,4,-41.81031489577862,5.625,8,0
36721,4,-41.81031489577862,16.875,10,0
36722,4,-41.81031489577862,28.125,11,0
36723,4,-41.81031489577862,39.375,4,0
36724,4,-41.81031489577862,50.625,16,0
36725,4,-41.81031489577862,61.875,11,0
36726,4,-41.81031489577862,73.125,12,0
36727,4,-41.81031489577862,84.375,13,0
36728,4,-41.81031489577862,95.625,10,0
36729,4,-41.81031489577862,106.875,8,0
36730,4,-41.81031489577862,118.125,16,0
36731,4,-41.81031489577862,129.375,13,0
36732,4,-41.81031489577862,140.625,10,0
36733,4,-41.81031489577862,151.875,15,0
36734,4,-41.81031489577862,163.125,13,0
36735,4,-41.81031489577862,174.375,14,0
36736,4,-41.81031489577862,-174.375,8,0
36737,4,-41.81031489577862,-163.125,9,0
36738,4,-41.81031489577862,-151.875,7,0
36739,4,-41.81031489577862,-140.625,14,0
36740,4,-41.81031489577862,-129.37500000000006,12,0
36741,4,-41.81031489577862,-118.125,12,0
36742,4,-41.81031489577862,-106.875,18,0
36743,4,-41.81031489577862,-95.625,15,0
36744,4,-41.81031489577862,-84.375,8,0
36745,4,-41.81031489577862,-73.12500000000006,11,0
36746,4,-41.81031489577862,-61.875,3,0
36747,4,-41.81031489577862,-50.625,7,0
36748,4,-41.81031489577862,-39.375,4,0
36749,4,-41.81031489577862,-28.125,7,0
36750,4,-41.81031489577862,-16.875,6,0
36751,4,-41.81031489577862,-5.625,2,0
36752,4,-48.1412077943603,6.428571428571416,10,0
36753,4,-48.1412077943603,19.285714285714278,10,0
36754,4,-48.1412077943603,32.14285714285714,12,0
36755,4,-48.1412077943603,45.0,9,0
36756,4,-48.1412077943603,57.85714285714286,12,0
36757,4,-48.1412077943603,70.71428571428572,10,0
36758,4,-48.1412077943603,83.57142857142856,9,0
36759,4,-48.1412077943603,96.42857142857144,9,0
36760,4,-48.1412077943603,109.28571428571428,15,0
36761,4,-48.1412077943603,122.14285714285711,12,0
36762,4,-48.1412077943603,135.0,13,0
36763,4,-48.1412077943603,147.8571428571429,23,0
36764,4,-48.1412077943603,160.71428571428572,9,0
36765,4,-48.1412077943603,173.57142857142856,5,0
36766,4,-48.1412077943603,-173.57142857142856,13,0
36767,4,-48.1412077943603,-160.71428571428572,6,1
36768,4,-48.1412077943603,-147.8571428571429,8,0
36769,4,-48.1412077943603,-135.0,9,0
36770,4,-48.1412077943603,-122.14285714285711,10,0
36771,4,-48.1412077943603,-109.28571428571428,13,0
36772,4,-48.1412077943603,-96.42857142857144,10,0
36773,4,-48.1412077943603,-83.57142857142856,7,0
36774,4,-48.1412077943603,-70.71428571428572,10,0
36775,4,-48.1412077943603,-57.85714285714283,6,0
36776,4,-48.1412077943603,-45.0,7,0
36777,4,-48.1412077943603,-32.14285714285717,14,0
36778,4,-48.1412077943603,-19.28571428571422,9,0
36779,4,-48.1412077943603,-6.428571428571445,8,0
36780,4,-54.340912303861245,7.5,8,0
36781,4,-54.340912303861245,22.5,9,0
36782,4,-54.340912303861245,37.5,11,0
36783,4,-54.340912303861245,52.5,6,0
36784,4,-54.340912303861245,67.5,15,0
36785,4,-54.340912303861245,82.5,9,0
36786,4,-54.340912303861245,97.5,10,0
36787,4,-54.340912303861245,112.5,11,0
36788,4,-54.340912303861245,127.5,15,0
36789,4,-54.340912303861245,142.5,14,0
36790,4,-54.340912303861245,157.5,19,0
36791,4,-54.340912303861245,172.5,13,0
36792,4,-54.340912303861245,-172.5,13,0
36793,4,-54.340912303861245,-157.5,3,0
36794,4,-54.340912303861245,-142.5,10,0
36795,4,-54.340912303861245,-127.5,15,0
36796,4,-54.340912303861245,-112.5,12,0
36797,4,-54.340912303861245,-97.5,13,0
36798,4,-54.340912303861245,-82.5,5,0
36799,4,-54.340912303861245,-67.5,11,0
36800,4,-54.340912303861245,-52.50000000000006,6,0
36801,4,-54.340912303861245,-37.5,6,0
36802,4,-54.340912303861245,-22.5,7,0
36803,4,-54.340912303861245,-7.5,9,0
36804,4,-60.4344388449523,9.0,11,0
36805,4,-60.4344388449523,27.0,11,0
36806,4,-60.4344388449523,45.0,11,0
36807,4,-60.4344388449523,63.0,10,0
36808,4,-60.4344388449523,81.0,9,0
36809,4,-60.4344388449523,99.0,9,0
36810,4,-60.4344388449523,117.0,7,0
36811,4,-60.4344388449523,135.0,9,0
36812,4,-60.4344388449523,153.0,8,0
36813,4,-60.4344388449523,171.0,13,0
36814,4,-60.4344388449523,-171.0,8,0
36815,4,-60.4344388449523,-153.0,12,0
36816,4,-60.4344388449523,-135.0,11,0
36817,4,-60.4344388449523,-117.0,9,0
36818,4,-60.4344388449523,-99.0,11,0
36819,4,-60.4344388449523,-81.0,4,0
36820,4,-60.4344388449523,-63.0,8,0
36821,4,-60.4344388449523,-45.0,18,1
36822,4,-60.4344388449523,-27.0,10,0
36823,4,-60.4344388449523,-9.0,10,0
36824,4,-66.44353569089876,11.25,12,0
36825,4,-66.44353569089876,33.75,11,0
36826,4,-66.44353569089876,56.25,9,0
36827,4,-66.44353569089876,78.75,8,0
36828,4,-66.44353569089876,101.25,7,0
36829,4,-66.44353569089876,123.75,10,0
36830,4,-66.44353569089876,146.25,13,0
36831,4,-66.44353569089876,168.75,9,0
36832,4,-66.44353569089876,-168.75,12,0
36833,4,-66.44353569089876,-146.25,12,0
36834,4,-66.44353569089876,-123.75,9,0
36835,4,-66.44353569089876,-101.25,11,0
36836,4,-66.44353569089876,-78.75,7,0
36837,4,-66.44353569089876,-56.25,12,0
36838,4,-66.44353569089876,-33.75,24,0
36839,4,-66.44353569089876,-11.25,16,0
36840,4,-72.38756092964962,15.0,11,0
36841,4,-72.38756092964962,45.0,4,0
36842,4,-72.38756092964962,75.0,8,0
36843,4,-72.38756092964962,105.0,8,0
36844,4,-72.38756092964962,135.0,8,0
36845,4,-72.38756092964962,165.0,13,0
36846,4,-72.38756092964962,-165.0,11,0
36847,4,-72.38756092964962,-135.0,10,0
36848,4,-72.38756092964962,-105.0,8,0
36849,4,-72.38756092964962,-75.0,4,0
36850,4,-72.38756092964962,-45.0,8,0
36851,4,-72.38756092964962,-15.0,12,0
36852,4,-78.28414760510762,22.5,10,0
36853,4,-78.28414760510762,67.5,7,0
36854,4,-78.28414760510762,112.5,6,0
36855,4,-78.28414760510762,157.5,14,0
36856,4,-78.28414760510762,-157.5,10,0
36857,4,-78.28414760510762,-112.5,10,0
36858,4,-78.28414760510762,-67.5,4,0
36859,4,-78.28414760510762,-22.5,9,0
36860,4,-84.14973293629666,45.0,11,0
36861,4,-84.14973293629666,135.0,12,0
36862,4,-84.14973293629666,-135.0,9,0
36863,4,-84.14973293629666,-45.0,9,0
36864,4,84.14973293629666,45.0,5,0
36865,4,84.14973293629666,135.0,7,0
36866,4,84.14973293629666,-135.0,9,0
36867,4,84.14973293629666,-45.0,6,0
36868,4,78.28414760510762,22.5,13,0
36869,4,78.28414760510762,67.5,7,0
36870,4,78.28414760510762,112.5,11,0
36871,4,78.28414760510762,157.5,13,0
36872,4,78.28414760510762,-157.5,11,0
36873,4,78.28414760510762,-112.5,8,0
36874,4,78.28414760510762,-67.5,7,0
36875,4,78.28414760510762,-22.5,14,0
36876,4,72.38756092964962,15.0,6,0
36877,4,72.38756092964962,45.0,12,0
36878,4,72.38756092964962,75.0,16,0
36879,4,72.38756092964962,105.0,14,0
36880,4,72.38756092964962,135.0,11,0
36881,4,72.38756092964962,165.0,7,0
36882,4,72.38756092964962,-165.0,9,0
36883,4,72.38756092964962,-135.0,16,0
36884,4,72.38756092964962,-105.0,7,0
36885,4,72.38756092964962,-75.0,9,0
36886,4,72.38756092964962,-45.0,15,0
36887,4,72.38756092964962,-15.0,10,0
36888,4,66.44353569089877,11.25,8,0
36889,4,66.44353569089877,33.75,11,0
36890,4,66.44353569089877,56.25,10,0
36891,4,66.44353569089877,78.75,9,0
36892,4,66.44353569089877,101.25,8,0
36893,4,66.44353569089877,123.75,13,0
36894,4,66.44353569089877,146.25,10,0
36895,4,66.44353569089877,168.75,6,0
36896,4,66.44353569089877,-168.75,19,0
36897,4,66.44353569089877,-146.25,11,0
36898,4,66.44353569089877,-123.75,12,0
36899,4,66.44353569089877,-101.25,13,0
36900,4,66.44353569089877,-78.75,7,0
36901,4,66.44353569089877,-56.25,13,0
36902,4,66.44353569089877,-33.75,15,0
36903,4,66.44353569089877,-11.25,9,0
36904,4,60.43443884495228,9.0,9,0
36905,4,60.43443884495228,27.0,9,0
36906,4,60.43443884495228,45.0,9,0
36907,4,60.43443884495228,63.0,5,0
36908,4,60.43443884495228,81.0,8,0
36909,4,60.43443884495228,99.0,6,0
36910,4,60.43443884495228,117.0,9,0
36911,4,60.43443884495228,135.0,16,0
36912,4,60.43443884495228,153.0,13,0
36913,4,60.43443884495228,171.0,10,0
36914,4,60.43443884495228,-171.0,17,0
36915,4,60.43443884495228,-153.0,7,0
36916,4,60.43443884495228,-135.0,14,0
36917,4,60.43443884495228,-117.0,10,0
36918,4,60.43443884495228,-99.0,16,0
36919,4,60.43443884495228,-81.0,10,0
36920,4,60.43443884495228,-63.0,10,0
36921,4,60.43443884495228,-45.0,16,0
36922,4,60.43443884495228,-27.0,14,0
36923,4,60.43443884495228,-9.0,12,0
36924,4,54.340912303861245,7.5,12,0
36925,4,54.340912303861245,22.5,8,0
36926,4,54.340912303861245,37.5,7,0
36927,4,54.340912303861245,52.5,9,0
36928,4,54.340912303861245,67.5,8,0
36929,4,54.340912303861245,82.5,14,0
36930,4,54.340912303861245,97.5,9,0
36931,4,54.340912303861245,112.5,8,0
36932,4,54.340912303861245,127.5,7,0
36933,4,54.340912303861245,142.5,8,0
36934,4,54.340912303861245,157.5,13,0
36935,4,54.340912303861245,172.5,11,0
36936,4,54.340912303861245,-172.5,9,0
36937,4,54.340912303861245,-157.5,8,0
36938,4,54.340912303861245,-142.5,8,0
36939,4,54.340912303861245,-127.5,7,0
36940,4,54.340912303861245,-112.5,7,0
36941,4,54.340912303861245,-97.5,20,0
36942,4,54.340912303861245,-82.5,9,0
36943,4,54.340912303861245,-67.5,11,0
36944,4,54.340912303861245,-52.50000000000006,10,0
36945,4,54.340912303861245,-37.5,15,0
36946,4,54.340912303861245,-22.5,13,0
36947,4,54.340912303861245,-7.5,13,0
36948,4,48.141207794360284,6.428571428571416,11,0
36949,4,48.141207794360284,19.285714285714278,11,0
36950,4,48.141207794360284,32.14285714285714,9,0
36951,4,48.141207794360284,45.0,8,0
36952,4,48.141207794360284,57.85714285714286,6,0
36953,4,48.141207794360284,70.71428571428572,12,0
36954,4,48.141207794360284,83.57142857142856,16,0
36955,4,48.141207794360284,96.42857142857144,11,0
36956,4,48.141207794360284,109.28571428571428,13,0
36957,4,48.141207794360284,122.14285714285711,14,0
36958,4,48.141207794360284,135.0,5,0
36959,4,48.141207794360284,147.8571428571429,8,0
36960,4,48.141207794360284,160.71428571428572,12,0
36961,4,48.141207794360284,173.57142857142856,8,0
36962,4,48.141207794360284,-173.57142857142856,10,0
36963,4,48.141207794360284,-160.71428571428572,7,0
36964,4,48.141207794360284,-147.8571428571429,8,0
36965,4,48.141207794360284,-135.0,18,0
36966,4,48.141207794360284,-122.14285714285711,10,0
36967,4,48.141207794360284,-109.28571428571428,10,0
36968,4,48.141207794360284,-96.42857142857144,14,0
36969,4,48.141207794360284,-83.57142857142856,9,0
36970,4,48.141207794360284,-70.71428571428572,12,0
36971,4,48.141207794360284,-57.85714285714283,7,0
36972,4,48.141207794360284,-45.0,9,0
36973,4,48.141207794360284,-32.14285714285717,12,0
36974,4,48.141207794360284,-19.28571428571422,13,0
36975,4,48.141207794360284,-6.428571428571445,16,0
36976,4,41.81031489577859,5.625,10,0
36977,4,41.81031489577859,16.875,13,0
36978,4,41.81031489577859,28.125,15,0
36979,4,41.81031489577859,39.375,8,0
36980,4,41.81031489577859,50.625,10,0
36981,4,41.81031489577859,61.875,8,0
36982,4,41.81031489577859,73.125,13,0
36983,4,41.81031489577859,84.375,12,0
36984,4,41.81031489577859,95.625,6,0
36985,4,41.81031489577859,106.875,13,0
36986,4,41.81031489577859,118.125,15,0
36987,4,41.81031489577859,129.375,12,0
36988,4,41.81031489577859,140.625,7,0
36989,4,41.81031489577859,151.875,10,0
36990,4,41.81031489577859,163.125,11,0
36991,4,41.81031489577859,174.375,4,0
36992,4,41.81031489577859,-174.375,14,0
36993,4,41.81031489577859,-163.125,14,0
36994,4,41.81031489577859,-151.875,7,0
36995,4,41.81031489577859,-140.625,18,0
36996,4,41.81031489577859,-129.37500000000006,16,0
36997,4,41.81031489577859,-118.125,6,0
36998,4,41.81031489577859,-106.875,8,0
36999,4,41.81031489577859,-95.625,9,0
37000,4,41.81031489577859,-84.375,15,0
37001,4,41.81031489577859,-73.12500000000006,6,0
37002,4,41.81031489577859,-61.875,9,0
37003,4,41.81031489577859,-50.625,13,0
37004,4,41.81031489577859,-39.375,9,0
37005,4,41.81031489577859,-28.125,10,0
37006,4,41.81031489577859,-16.875,9,0
37007,4,41.81031489577859,-5.625,14,0
37008,4,35.68533471265204,0.0,10,0
37009,4,35.68533471265204,11.25,8,0
37010,4,35.68533471265204,22.5,13,0
37011,4,35.68533471265204,33.75,6,0
37012,4,35.68533471265204,45.0,5,0
37013,4,35.68533471265204,56.25,11,0
37014,4,35.68533471265204,67.5,9,0
37015,4,35.68533471265204,78.75,16,0
37016,4,35.68533471265204,90.0,7,0
37017,4,35.68533471265204,101.25,11,0
37018,4,35.68533471265204,112.5,14,0
37019,4,35.68533471265204,123.75,11,0
37020,4,35.68533471265204,135.0,13,0
37021,4,35.68533471265204,146.25,10,0
37022,4,35.68533471265204,157.5,16,0
37023,4,35.68533471265204,168.75,15,0
37024,4,35.68533471265204,-180.0,7,0
37025,4,35.68533471265204,-168.75,13,0
37026,4,35.68533471265204,-157.5,12,0
37027,4,35.68533471265204,-146.25,9,0
37028,4,35.68533471265204,-135.0,13,0
37029,4,35.68533471265204,-123.75,10,0
37030,4,35.68533471265204,-112.5,12,0
37031,4,35.68533471265204,-101.25,11,0
37032,4,35.68533471265204,-90.0,12,0
37033,4,35.68533471265204,-78.75000000000006,10,0
37034,4,35.68533471265204,-67.5,5,0
37035,4,35.68533471265204,-56.25,12,0
37036,4,35.68533471265204,-45.0,13,0
37037,4,35.68533471265204,-33.75000000000006,14,0
37038,4,35.68533471265204,-22.5,18,0
37039,4,35.68533471265204,-11.25,9,0
37040,4,30.000000000000007,5.625,9,0
37041,4,30.000000000000007,16.875,9,0
37042,4,30.000000000000007,28.125,14,0
37043,4,30.000000000000007,39.375,9,0
37044,4,30.000000000000007,50.625,16,0
37045,4,30.000000000000007,61.875,16,0
37046,4,30.000000000000007,73.125,13,0
37047,4,30.000000000000007,84.375,11,0
37048,4,30.000000000000007,95.625,13,0
37049,4,30.000000000000007,106.875,13,0
37050,4,30.000000000000007,118.125,11,0
37051,4,30.000000000000007,129.375,13,0
37052,4,30.000000000000007,140.625,11,0
37053,4,30.000000000000007,151.875,9,0
37054,4,30.000000000000007,163.125,16,0
37055,4,30.000000000000007,174.375,10,0
37056,4,30.000000000000007,-174.375,8,0
37057,4,30.000000000000007,-163.125,7,0
37058,4,30.000000000000007,-151.875,13,0
37059,4,30.000000000000007,-140.625,12,0
37060,4,30.000000000000007,-129.37500000000006,11,0
37061,4,30.000000000000007,-118.125,14,0
37062,4,30.000000000000007,-106.875,9,0
37063,4,30.000000000000007,-95.625,18,0
37064,4,30.000000000000007,-84.375,14,0
37065,4,30.000000000000007,-73.12500000000006,4,0
37066,4,30.000000000000007,-61.875,7,0
37067,4,30.000000000000007,-50.625,11,0
37068,4,30.000000000000007,-39.375,14,0
37069,4,30.000000000000007,-28.125,13,0
37070,4,30.000000000000007,-16.875,17,0
37071,4,30.000000000000007,-5.625,10,0
37072,4,24.62431835216408,0.0,7,0
37073,4,24.62431835216408,11.25,4,0
37074,4,24.62431835216408,22.5,15,0
37075,4,24.62431835216408,33.75,13,0
37076,4,24.62431835216408,45.0,12,0
37077,4,24.62431835216408,56.25,17,0
37078,4,24.62431835216408,67.5,16,0
37079,4,24.62431835216408,78.75,11,0
37080,4,24.62431835216408,90.0,16,0
37081,4,24.62431835216408,101.25,11,0
37082,4,24.62431835216408,112.5,12,0
37083,4,24.62431835216408,123.75,12,0
37084,4,24.62431835216408,135.0,14,0
37085,4,24.62431835216408,146.25,8,0
37086,4,24.62431835216408,157.5,13,0
37087,4,24.62431835216408,168.75,6,0
37088,4,24.62431835216408,-180.0,9,0
37089,4,24.62431835216408,-168.75,8,0
37090,4,24.62431835216408,-157.5,6,0
37091,4,24.62431835216408,-146.25,10,0
37092,4,24.62431835216408,-135.0,13,0
37093,4,24.62431835216408,-123.75,19,0
37094,4,24.62431835216408,-112.5,12,0
37095,4,24.62431835216408,-101.25,15,0
37096,4,24.62431835216408,-90.0,9,0
37097,4,24.62431835216408,-78.75000000000006,7,0
37098,4,24.62431835216408,-67.5,14,0
37099,4,24.62431835216408,-56.25,10,0
37100,4,24.62431835216408,-45.0,9,0
37101,4,24.62431835216408,-33.75000000000006,8,0
37102,4,24.62431835216408,-22.5,11,0
37103,4,24.62431835216408,-11.25,9,0
37104,4,19.47122063449069,5.625,8,0
37105,4,19.47122063449069,16.875,12,0
37106,4,19.47122063449069,28.125,11,0
37107,4,19.47122063449069,39.375,3,0
37108,4,19.47122063449069,50.625,10,0
37109,4,19.47122063449069,61.875,15,0
37110,4,19.47122063449069,73.125,14,0
37111,4,19.47122063449069,84.375,13,0
37112,4,19.47122063449069,95.625,8,0
37113,4,19.47122063449069,106.875,9,0
37114,4,19.47122063449069,118.125,9,0
37115,4,19.47122063449069,129.375,19,0
37116,4,19.47122063449069,140.625,13,0
37117,4,19.47122063449069,151.875,13,0
37118,4,19.47122063449069,163.125,11,0
37119,4,19.47122063449069,174.375,9,0
37120,4,19.47122063449069,-174.375,10,0
37121,4,19.47122063449069,-163.125,10,0
37122,4,19.47122063449069,-151.875,8,0
37123,4,19.47122063449069,-140.625,11,0
37124,4,19.47122063449069,-129.37500000000006,11,0
37125,4,19.47122063449069,-118.125,9,0
37126,4,19.47122063449069,-106.875,7,0
37127,4,19.47122063449069,-95.625,10,0
37128,4,19.47122063449069,-84.375,3,0
37129,4,19.47122063449069,-73.12500000000006,13,0
37130,4,19.47122063449069,-61.875,7,0
37131,4,19.47122063449069,-50.625,10,0
37132,4,19.47122063449069,-39.375,8,0
37133,4,19.47122063449069,-28.125,10,0
37134,4,19.47122063449069,-16.875,12,0
37135,4,19.47122063449069,-5.625,9,0
37136,4,14.477512185929925,0.0,11,0
37137,4,14.477512185929925,11.25,9,0
37138,4,14.477512185929925,22.5,13,0
37139,4,14.477512185929925,33.75,7,0
37140,4,14.477512185929925,45.0,6,0
37141,4,14.477512185929925,56.25,16,0
37142,4,14.477512185929925,67.5,9,0
37143,4,14.477512185929925,78.75,13,0
37144,4,14.477512185929925,90.0,14,0
37145,4,14.477512185929925,101.25,7,0
37146,4,14.477512185929925,112.5,16,0
37147,4,14.477512185929925,123.75,8,0
37148,4,14.477512185929925,135.0,12,0
37149,4,14.477512185929925,146.25,10,0
37150,4,14.477512185929925,157.5,12,0
37151,4,14.477512185929925,168.75,12,0
37152,4,14.477512185929925,-180.0,8,0
37153,4,14.477512185929925,-168.75,5,0
37154,4,14.477512185929925,-157.5,11,0
37155,4,14.477512185929925,-146.25,9,0
37156,4,14.477512185929925,-135.0,9,0
37157,4,14.477512185929925,-123.75,6,0
37158,4,14.477512185929925,-112.5,7,0
37159,4,14.477512185929925,-101.25,7,0
37160,4,14.477512185929925,-90.0,15,0
37161,4,14.477512185929925,-78.75000000000006,12,0
37162,4,14.477512185929925,-67.5,6,0
37163,4,14.477512185929925,-56.25,9,0
37164,4,14.477512185929925,-45.0,17,0
37165,4,14.477512185929925,-33.75000000000006,8,0
37166,4,14.477512185929925,-22.5,10,0
37167,4,14.477512185929925,-11.25,7,0
37168,4,9.594068226860458,5.625,10,0
37169,4,9.594068226860458,16.875,13,0
37170,4,9.594068226860458,28.125,10,1
37171,4,9.594068226860458,39.375,6,0
37172,4,9.594068226860458,50.625,13,0
37173,4,9.594068226860458,61.875,8,1
37174,4,9.594068226860458,73.125,9,0
37175,4,9.594068226860458,84.375,8,0
37176,4,9.594068226860458,95.625,13,0
37177,4,9.594068226860458,106.875,10,0
37178,4,9.594068226860458,118.125,10,0
37179,4,9.594068226860458,129.375,14,0
37180,4,9.594068226860458,140.625,12,0
37181,4,9.594068226860458,151.875,8,0
37182,4,9.594068226860458,163.125,15,0
37183,4,9.594068226860458,174.375,11,0
37184,4,9.594068226860458,-174.375,13,1
37185,4,9.594068226860458,-163.125,10,0
37186,4,9.594068226860458,-151.875,8,0
37187,4,9.594068226860458,-140.625,7,0
37188,4,9.594068226860458,-129.37500000000006,8,0
37189,4,9.594068226860458,-118.125,5,0
37190,4,9.594068226860458,-106.875,19,0
37191,4,9.594068226860458,-95.625,11,0
37192,4,9.594068226860458,-84.375,18,1
37193,4,9.594068226860458,-73.12500000000006,13,0
37194,4,9.594068226860458,-61.875,7,1
37195,4,9.594068226860458,-50.625,11,0
37196,4,9.594068226860458,-39.375,10,0
37197,4,9.594068226860458,-28.125,14,0
37198,4,9.594068226860458,-16.875,10,0
37199,4,9.594068226860458,-5.625,13,0
37200,4,4.780191847199163,0.0,16,3
37201,4,4.780191847199163,11.25,9,2
37202,4,4.780191847199163,22.5,8,1
37203,4,4.780191847199163,33.75,12,4
37204,4,4.780191847199163,45.0,13,1
37205,4,4.780191847199163,56.25,8,1
37206,4,4.780191847199163,67.5,8,2
37207,4,4.780191847199163,78.75,6,1
37208,4,4.780191847199163,90.0,14,1
37209,4,4.780191847199163,101.25,9,0
37210,4,4.780191847199163,112.5,8,2
37211,4,4.780191847199163,123.75,15,0
37212,4,4.780191847199163,135.0,12,1
37213,4,4.780191847199163,146.25,12,2
37214,4,4.780191847199163,157.5,10,1
37215,4,4.780191847199163,168.75,16,2
37216,4,4.780191847199163,-180.0,11,4
37217,4,4.780191847199163,-168.75,15,1
37218,4,4.780191847199163,-157.5,13,0
37219,4,4.780191847199163,-146.25,3,0
37220,4,4.780191847199163,-135.0,7,0
37221,4,4.780191847199163,-123.75,14,3
37222,4,4.780191847199163,-112.5,14,3
37223,4,4.780191847199163,-101.25,14,0
37224,4,4.780191847199163,-90.0,8,1
37225,4,4.780191847199163,-78.75000000000006,14,2
37226,4,4.780191847199163,-67.5,12,0
37227,4,4.780191847199163,-56.25,10,2
37228,4,4.780191847199163,-45.0,8,2
37229,4,4.780191847199163,-33.75000000000006,10,2
37230,4,4.780191847199163,-22.5,12,3
37231,4,4.780191847199163,-11.25,14,0
37232,4,0.0,5.625,14,4
37233,4,0.0,16.875,7,5
37234,4,0.0,28.125,15,1
37235,4,0.0,39.375,11,4
37236,4,0.0,50.625,17,0
37237,4,0.0,61.875,14,5
37238,4,0.0,73.125,7,4
37239,4,0.0,84.375,9,2
37240,4,0.0,95.625,10,1
37241,4,0.0,106.875,10,1
37242,4,0.0,118.125,9,5
37243,4,0.0,129.375,16,3
37244,4,0.0,140.625,11,4
37245,4,0.0,151.875,9,1
37246,4,0.0,163.125,14,5
37247,4,0.0,174.375,10,2
37248,4,0.0,-174.375,12,4
37249,4,0.0,-163.125,11,5
37250,4,0.0,-151.875,7,2
37251,4,0.0,-140.625,10,4
37252,4,0.0,-129.37500000000006,15,3
37253,4,0.0,-118.125,9,1
37254,4,0.0,-106.875,12,4
37255,4,0.0,-95.625,9,2
37256,4,0.0,-84.375,11,5
37257,4,0.0,-73.12500000000006,6,2
37258,4,0.0,-61.875,3,4
37259,4,0.0,-50.625,3,4
37260,4,0.0,-39.375,12,5
37261,4,0.0,-28.125,14,2
37262,4,0.0,-16.875,10,8
37263,4,0.0,-5.625,8,2
37264,4,-4.780191847199163,0.0,12,2
37265,4,-4.780191847199163,11.25,12,3
37266,4,-4.780191847199163,22.5,16,0
37267,4,-4.780191847199163,33.75,14,3
37268,4,-4.780191847199163,45.0,13,0
37269,4,-4.780191847199163,56.25,9,2
37270,4,-4.780191847199163,67.5,13,1
37271,4,-4.780191847199163,78.75,13,1
37272,4,-4.780191847199163,90.0,12,2
37273,4,-4.780191847199163,101.25,9,1
37274,4,-4.780191847199163,112.5,9,1
37275,4,-4.780191847199163,123.75,11,2
37276,4,-4.780191847199163,135.0,11,4
37277,4,-4.780191847199163,146.25,6,1
37278,4,-4.780191847199163,157.5,19,2
37279,4,-4.780191847199163,168.75,13,3
37280,4,-4.780191847199163,-180.0,10,1
37281,4,-4.780191847199163,-168.75,11,2
37282,4,-4.780191847199163,-157.5,9,4
37283,4,-4.780191847199163,-146.25,11,3
37284,4,-4.780191847199163,-135.0,16,1
37285,4,-4.780191847199163,-123.75,8,0
37286,4,-4.780191847199163,-112.5,12,2
37287,4,-4.780191847199163,-101.25,9,0
37288,4,-4.780191847199163,-90.0,14,2
37289,4,-4.780191847199163,-78.75000000000006,11,1
37290,4,-4.780191847199163,-67.5,8,2
37291,4,-4.780191847199163,-56.25,6,0
37292,4,-4.780191847199163,-45.0,9,5
37293,4,-4.780191847199163,-33.75000000000006,13,2
37294,4,-4.780191847199163,-22.5,9,3
37295,4,-4.780191847199163,-11.25,7,3
37296,4,-9.594068226860458,5.625,15,0
37297,4,-9.594068226860458,16.875,12,1
37298,4,-9.594068226860458,28.125,18,0
37299,4,-9.594068226860458,39.375,17,0
37300,4,-9.594068226860458,50.625,9,0
37301,4,-9.594068226860458,61.875,10,0
37302,4,-9.594068226860458,73.125,11,0
37303,4,-9.594068226860458,84.375,11,0
37304,4,-9.594068226860458,95.625,11,0
37305,4,-9.594068226860458,106.875,11,0
37306,4,-9.594068226860458,118.125,12,0
37307,4,-9.594068226860458,129.375,13,0
37308,4,-9.594068226860458,140.625,9,0
37309,4,-9.594068226860458,151.875,13,0
37310,4,-9.594068226860458,163.125,13,0
37311,4,-9.594068226860458,174.375,17,0
37312,4,-9.594068226860458,-174.375,11,0
37313,4,-9.594068226860458,-163.125,10,0
37314,4,-9.594068226860458,-151.875,11,0
37315,4,-9.594068226860458,-140.625,13,1
37316,4,-9.594068226860458,-129.37500000000006,11,0
37317,4,-9.594068226860458,-118.125,6,0
37318,4,-9.594068226860458,-106.875,11,0
37319,4,-9.594068226860458,-95.625,5,0
37320,4,-9.594068226860458,-84.375,15,0
37321,4,-9.594068226860458,-73.12500000000006,10,0
37322,4,-9.594068226860458,-61.875,14,0
37323,4,-9.594068226860458,-50.625,7,0
37324,4,-9.594068226860458,-39.375,14,0
37325,4,-9.594068226860458,-28.125,13,0
37326,4,-9.594068226860458,-16.875,6,0
37327,4,-9.594068226860458,-5.625,9,0
37328,4,-14.477512185929925,0.0,11,0
37329,4,-14.477512185929925,11.25,17,0
37330,4,-14.477512185929925,22.5,10,0
37331,4,-14.477512185929925,33.75,13,0
37332,4,-14.477512185929925,45.0,20,0
37333,4,-14.477512185929925,56.25,9,0
37334,4,-14.477512185929925,67.5,16,0
37335,4,-14.477512185929925,78.75,15,0
37336,4,-14.477512185929925,90.0,13,0
37337,4,-14.477512185929925,101.25,9,0
37338,4,-14.477512185929925,112.5,12,0
37339,4,-14.477512185929925,123.75,10,0
37340,4,-14.477512185929925,135.0,15,0
37341,4,-14.477512185929925,146.25,3,0
37342,4,-14.477512185929925,157.5,11,0
37343,4,-14.477512185929925,168.75,10,0
37344,4,-14.477512185929925,-180.0,9,0
37345,4,-14.477512185929925,-168.75,9,0
37346,4,-14.477512185929925,-157.5,12,0
37347,4,-14.477512185929925,-146.25,8,0
37348,4,-14.477512185929925,-135.0,10,0
37349,4,-14.477512185929925,-123.75,7,0
37350,4,-14.477512185929925,-112.5,12,0
37351,4,-14.477512185929925,-101.25,10,0
37352,4,-14.477512185929925,-90.0,7,0
37353,4,-14.477512185929925,-78.75000000000006,8,0
37354,4,-14.477512185929925,-67.5,19,0
37355,4,-14.477512185929925,-56.25,9,0
37356,4,-14.477512185929925,-45.0,8,0
37357,4,-14.477512185929925,-33.75000000000006,13,1
37358,4,-14.477512185929925,-22.5,10,0
37359,4,-14.477512185929925,-11.25,11,0
37360,4,-19.47122063449069,5.625,9,0
37361,4,-19.47122063449069,16.875,9,0
37362,4,-19.47122063449069,28.125,6,0
37363,4,-19.47122063449069,39.375,13,0
37364,4,-19.47122063449069,50.625,12,0
37365,4,-19.47122063449069,61.875,7,0
37366,4,-19.47122063449069,73.125,16,0
37367,4,-19.47122063449069,84.375,13,0
37368,4,-19.47122063449069,95.625,14,0
37369,4,-19.47122063449069,106.875,8,0
37370,4,-19.47122063449069,118.125,16,0
37371,4,-19.47122063449069,129.375,13,0
37372,4,-19.47122063449069,140.625,6,0
37373,4,-19.47122063449069,151.875,10,0
37374,4,-19.47122063449069,163.125,7,0
37375,4,-19.47122063449069,174.375,11,0
37376,4,-19.47122063449069,-174.375,11,0
37377,4,-19.47122063449069,-163.125,17,0
37378,4,-19.47122063449069,-151.875,10,0
37379,4,-19.47122063449069,-140.625,8,0
37380,4,-19.47122063449069,-129.37500000000006,15,0
37381,4,-19.47122063449069,-118.125,10,0
37382,4,-19.47122063449069,-106.875,6,0
37383,4,-19.47122063449069,-95.625,7,0
37384,4,-19.47122063449069,-84.375,8,0
37385,4,-19.47122063449069,-73.12500000000006,8,0
37386,4,-19.47122063449069,-61.875,8,0
37387,4,-19.47122063449069,-50.625,12,0
37388,4,-19.47122063449069,-39.375,17,1
37389,4,-19.47122063449069,-28.125,13,0
37390,4,-19.47122063449069,-16.875,12,0
37391,4,-19.47122063449069,-5.625,17,0
37392,4,-24.62431835216408,0.0,11,0
37393,4,-24.62431835216408,11.25,3,0
37394,4,-24.62431835216408,22.5,10,1
37395,4,-24.62431835216408,33.75,10,0
37396,4,-24.62431835216408,45.0,11,0
37397,4,-24.62431835216408,56.25,5,0
37398,4,-24.62431835216408,67.5,9,0
37399,4,-24.62431835216408,78.75,12,0
37400,4,-24.62431835216408,90.0,11,0
37401,4,-24.62431835216408,101.25,7,0
37402,4,-24.62431835216408,112.5,9,0
37403,4,-24.62431835216408,123.75,6,0
37404,4,-24.62431835216408,135.0,9,0
37405,4,-24.62431835216408,146.25,6,0
37406,4,-24.62431835216408,157.5,13,0
37407,4,-24.62431835216408,168.75,13,0
37408,4,-24.62431835216408,-180.0,9,0
37409,4,-24.62431835216408,-168.75,15,0
37410,4,-24.62431835216408,-157.5,10,0
37411,4,-24.62431835216408,-146.25,9,0
37412,4,-24.62431835216408,-135.0,13,0
37413,4,-24.62431835216408,-123.75,16,0
37414,4,-24.62431835216408,-112.5,10,0
37415,4,-24.62431835216408,-101.25,8,0
37416,4,-24.62431835216408,-90.0,14,0
37417,4,-24.62431835216408,-78.75000000000006,13,0
37418,4,-24.62431835216408,-67.5,6,0
37419,4,-24.62431835216408,-56.25,10,1
37420,4,-24.62431835216408,-45.0,11,0
37421,4,-24.62431835216408,-33.75000000000006,13,0
37422,4,-24.62431835216408,-22.5,8,0
37423,4,-24.62431835216408,-11.25,8,0
37424,4,-30.000000000000014,5.625,8,0
37425,4,-30.000000000000014,16.875,10,0
37426,4,-30.000000000000014,28.125,15,0
37427,4,-30.000000000000014,39.375,7,0
37428,4,-30.000000000000014,50.625,10,0
37429,4,-30.000000000000014,61.875,8,0
37430,4,-30.000000000000014,73.125,10,0
37431,4,-30.000000000000014,84.375,11,0
37432,4,-30.000000000000014,95.625,4,0
37433,4,-30.000000000000014,106.875,8,0
37434,4,-30.000000000000014,118.125,3,0
37435,4,-30.000000000000014,129.375,3,0
37436,4,-30.000000000000014,140.625,9,0
37437,4,-30.000000000000014,151.875,7,0
37438,4,-30.000000000000014,163.125,11,0
37439,4,-30.000000000000014,174.375,10,0
37440,4,-30.000000000000014,-174.375,15,0
37441,4,-30.000000000000014,-163.125,12,0
37442,4,-30.000000000000014,-151.875,11,0
37443,4,-30.000000000000014,-140.625,9,0
37444,4,-30.000000000000014,-129.37500000000006,15,0
37445,4,-30.000000000000014,-118.125,11,0
37446,4,-30.000000000000014,-106.875,13,0
37447,4,-30.000000000000014,-95.625,17,0
37448,4,-30.000000000000014,-84.375,9,0
37449,4,-30.000000000000014,-73.12500000000006,14,0
37450,4,-30.000000000000014,-61.875,14,0
37451,4,-30.000000000000014,-50.625,10,0
37452,4,-30.000000000000014,-39.375,9,0
37453,4,-30.000000000000014,-28.125,15,0
37454,4,-30.000000000000014,-16.875,8,0
37455,4,-30.000000000000014,-5.625,4,0
37456,4,-35.68533471265205,0.0,9,0
37457,4,-35.68533471265205,11.25,12,0
37458,4,-35.68533471265205,22.5,12,0
37459,4,-35.68533471265205,33.75,7,0
37460,4,-35.68533471265205,45.0,8,0
37461,4,-35.68533471265205,56.25,8,0
37462,4,-35.68533471265205,67.5,12,0
37463,4,-35.68533471265205,78.75,19,0
37464,4,-35.68533471265205,90.0,10,0
37465,4,-35.68533471265205,101.25,11,0
37466,4,-35.68533471265205,112.5,11,0
37467,4,-35.68533471265205,123.75,10,0
37468,4,-35.68533471265205,135.0,2,0
37469,4,-35.68533471265205,146.25,10,0
37470,4,-35.68533471265205,157.5,9,0
37471,4,-35.68533471265205,168.75,10,0
37472,4,-35.68533471265205,-180.0,18,0
37473,4,-35.68533471265205,-168.75,7,0
37474,4,-35.68533471265205,-157.5,9,0
37475,4,-35.68533471265205,-146.25,9,0
37476,4,-35.68533471265205,-135.0,11,0
37477,4,-35.68533471265205,-123.75,17,0
37478,4,-35.68533471265205,-112.5,14,0
37479,4,-35.68533471265205,-101.25,12,0
37480,4,-35.68533471265205,-90.0,12,0
37481,4,-35.68533471265205,-78.75000000000006,9,0
37482,4,-35.68533471265205,-67.5,7,0
37483,4,-35.68533471265205,-56.25,6,0
37484,4,-35.68533471265205,-45.0,10,0
37485,4,-35.68533471265205,-33.75000000000006,7,0
37486,4,-35.68533471265205,-22.5,9,0
37487,4,-35.68533471265205,-11.25,7,0
37488,4,-41.81031489577862,5.625,8,0
37489,4,-41.81031489577862,16.875,10,0
37490,4,-41.81031489577862,28.125,11,0
37491,4,-41.81031489577862,39.375,4,0
37492,4,-41.81031489577862,50.625,16,0
37493,4,-41.81031489577862,61.875,11,0
37494,4,-41.81031489577862,73.125,12,0
37495,4,-41.81031489577862,84.375,13,0
37496,4,-41.81031489577862,95.625,10,0
37497,4,-41.81031489577862,106.875,8,0
37498,4,-41.81031489577862,118.125,16,0
37499,4,-41.81031489577862,129.375,13,0
37500,4,-41.81031489577862,140.625,10,0
37501,4,-41.81031489577862,151.875,15,0
37502,4,-41.81031489577862,163.125,13,0
37503,4,-41.81031489577862,174.375,14,0
37504,4,-41.81031489577862,-174.375,8,0
37505,4,-41.81031489577862,-163.125,9,0
37506,4,-41.81031489577862,-151.875,7,0
37507,4,-41.81031489577862,-140.625,14,0
37508,4,-41.81031489577862,-129.37500000000006,12,0
37509,4,-41.81031489577862,-118.125,12,0
37510,4,-41.81031489577862,-106.875,18,0
37511,4,-41.81031489577862,-95.625,15,0
37512,4,-41.81031489577862,-84.375,8,0
37513,4,-41.81031489577862,-73.12500000000006,11,0
37514,4,-41.81031489577862,-61.875,3,0
37515,4,-41.81031489577862,-50.625,7,0
37516,4,-41.81031489577862,-39.375,4,0
37517,4,-41.81031489577862,-28.125,7,0
37518,4,-41.81031489577862,-16.875,6,0
37519,4,-41.81031489577862,-5.625,2,0
37520,4,-48.1412077943603,6.428571428571416,10,0
37521,4,-48.1412077943603,19.285714285714278,10,0
37522,4,-48.1412077943603,32.14285714285714,12,0
37523,4,-48.1412077943603,45.0,9,0
37524,4,-48.1412077943603,57.85714285714286,12,0
37525,4,-48.1412077943603,70.71428571428572,10,0
37526,4,-48.1412077943603,83.57142857142856,9,0
37527,4,-48.1412077943603,96.42857142857144,9,0
37528,4,-48.1412077943603,109.28571428571428,15,0
37529,4,-48.1412077943603,122.14285714285711,12,0
37530,4,-48.1412077943603,135.0,13,0
37531,4,-48.1412077943603,147.8571428571429,23,0
37532,4,-48.1412077943603,160.71428571428572,9,0
37533,4,-48.1412077943603,173.57142857142856,5,0
37534,4,-48.1412077943603,-173.57142857142856,13,0
37535,4,-48.1412077943603,-160.71428571428572,6,1
37536,4,-48.1412077943603,-147.8571428571429,8,0
37537,4,-48.1412077943603,-135.0,9,0
37538,4,-48.1412077943603,-122.14285714285711,10,0
37539,4,-48.1412077943603,-109.28571428571428,13,0
37540,4,-48.1412077943603,-96.42857142857144,10,0
37541,4,-48.1412077943603,-83.57142857142856,7,0
37542,4,-48.1412077943603,-70.71428571428572,10,0
37543,4,-48.1412077943603,-57.85714285714283,6,0
37544,4,-48.1412077943603,-45.0,7,0
37545,4,-48.1412077943603,-32.14285714285717,14,0
37546,4,-48.1412077943603,-19.28571428571422,9,0
37547,4,-48.1412077943603,-6.428571428571445,8,0
37548,4,-54.340912303861245,7.5,8,0
37549,4,-54.340912303861245,22.5,9,0
37550,4,-54.340912303861245,37.5,11,0
37551,4,-54.340912303861245,52.5,6,0
37552,4,-54.340912303861245,67.5,15,0
37553,4,-54.340912303861245,82.5,9,0
37554,4,-54.340912303861245,97.5,10,0
37555,4,-54.340912303861245,112.5,11,0
37556,4,-54.340912303861245,127.5,15,0
37557,4,-54.340912303861245,142.5,14,0
37558,4,-54.340912303861245,157.5,19,0
37559,4,-54.340912303861245,172.5,13,0
37560,4,-54.340912303861245,-172.5,13,0
37561,4,-54.340912303861245,-157.5,3,0
37562,4,-54.340912303861245,-142.5,10,0
37563,4,-54.340912303861245,-127.5,15,0
37564,4,-54.340912303861245,-112.5,12,0
37565,4,-54.340912303861245,-97.5,13,0
37566,4,-54.340912303861245,-82.5,5,0
37567,4,-54.340912303861245,-67.5,11,0
37568,4,-54.340912303861245,-52.50000000000006,6,0
37569,4,-54.340912303861245,-37.5,6,0
37570,4,-54.340912303861245,-22.5,7,0
37571,4,-54.340912303861245,-7.5,9,0
37572,4,-60.4344388449523,9.0,11,0
37573,4,-60.4344388449523,27.0,11,0
37574,4,-60.4344388449523,45.0,11,0
37575,4,-60.4344388449523,63.0,10,0
37576,4,-60.4344388449523,81.0,9,0
37577,4,-60.4344388449523,99.0,9,0
37578,4,-60.4344388449523,117.0,7,0
37579,4,-60.4344388449523,135.0,9,0
37580,4,-60.4344388449523,153.0,8,0
37581,4,-60.4344388449523,171.0,13,0
37582,4,-60.4344388449523,-171.0,8,0
37583,4,-60.4344388449523,-153.0,12,0
37584,4,-60.4344388449523,-135.0,11,0
37585,4,-60.4344388449523,-117.0,9,0
37586,4,-60.4344388449523,-99.0,11,0
37587,4,-60.4344388449523,-81.0,4,0
37588,4,-60.4344388449523,-63.0,8,0
37589,4,-60.4344388449523,-45.0,18,1
37590,4,-60.4344388449523,-27.0,10,0
37591,4,-60.4344388449523,-9.0,10,0
37592,4,-66.44353569089876,11.25,12,0
37593,4,-66.44353569089876,33.75,11,0
37594,4,-66.44353569089876,56.25,9,0
37595,4,-66.44353569089876,78.75,8,0
37596,4,-66.44353569089876,101.25,7,0
37597,4,-66.44353569089876,123.75,10,0
37598,4,-66.44353569089876,146.25,13,0
37599,4,-66.44353569089876,168.75,9,0
37600,4,-66.44353569089876,-168.75,12,0
37601,4,-66.44353569089876,-146.25,12,0
37602,4,-66.44353569089876,-123.75,9,0
37603,4,-66.44353569089876,-101.25,11,0
37604,4,-66.44353569089876,-78.75,7,0
37605,4,-66.44353569089876,-56.25,12,0
37606,4,-66.44353569089876,-33.75,24,0
37607,4,-66.44353569089876,-11.25,16,0
37608,4,-72.38756092964962,15.0,11,0
37609,4,-72.38756092964962,45.0,4,0
37610,4,-72.38756092964962,75.0,8,0
37611,4,-72.38756092964962,105.0,8,0
37612,4,-72.38756092964962,135.0,8,0
37613,4,-72.38756092964962,165.0,13,0
37614,4,-72.38756092964962,-165.0,11,0
37615,4,-72.38756092964962,-135.0,10,0
37616,4,-72.38756092964962,-105.0,8,0
37617,4,-72.38756092964962,-75.0,4,0
37618,4,-72.38756092964962,-45.0,8,0
37619,4,-72.38756092964962,-15.0,12,0
37620,4,-78.28414760510762,22.5,10,0
37621,4,-78.28414760510762,67.5,7,0
37622,4,-78.28414760510762,112.5,6,0
37623,4,-78.28414760510762,157.5,14,0
37624,4,-78.28414760510762,-157.5,10,0
37625,4,-78.28414760510762,-112.5,10,0
37626,4,-78.28414760510762,-67.5,4,0
37627,4,-78.28414760510762,-22.5,9,0
37628,4,-84.14973293629666,45.0,11,0
37629,4,-84.14973293629666,135.0,12,0
37630,4,-84.14973293629666,-135.0,9,0
37631,4,-84.14973293629666,-45.0,9,0
37632,4,84.14973293629666,45.0,5,0
37633,4,84.14973293629666,135.0,7,0
37634,4,84.14973293629666,-135.0,9,0
37635,4,84.14973293629666,-45.0,6,0
37636,4,78.28414760510762,22.5,13,0
37637,4,78.28414760510762,67.5,7,0
37638,4,78.28414760510762,112.5,11,0
37639,4,78.28414760510762,157.5,13,0
37640,4,78.28414760510762,-157.5,11,0
37641,4,78.28414760510762,-112.5,8,0
37642,4,78.28414760510762,-67.5,7,0
37643,4,78.28414760510762,-22.5,14,0
37644,4,72.38756092964962,15.0,6,0
37645,4,72.38756092964962,45.0,12,0
37646,4,72.38756092964962,75.0,16,0
37647,4,72.38756092964962,105.0,14,0
37648,4,72.38756092964962,135.0,11,0
37649,4,72.38756092964962,165.0,7,0
37650,4,72.38756092964962,-165.0,9,0
37651,4,72.38756092964962,-135.0,16,0
37652,4,72.38756092964962,-105.0,7,0
37653,4,72.38756092964962,-75.0,9,0
37654,4,72.38756092964962,-45.0,15,0
37655,4,72.38756092964962,-15.0,10,0
37656,4,66.44353569089877,11.25,8,0
37657,4,66.44353569089877,33.75,11,0
37658,4,66.44353569089877,56.25,10,0
37659,4,66.44353569089877,78.75,9,0
37660,4,66.44353569089877,101.25,8,0
37661,4,66.44353569089877,123.75,13,0
37662,4,66.44353569089877,146.25,10,0
37663,4,66.44353569089877,168.75,6,0
37664,4,66.44353569089877,-168.75,19,0
37665,4,66.44353569089877,-146.25,11,0
37666,4,66.44353569089877,-123.75,12,0
37667,4,66.44353569089877,-101.25,13,0
37668,4,66.44353569089877,-78.75,7,0
37669,4,66.44353569089877,-56.25,13,0
37670,4,66.44353569089877,-33.75,15,0
37671,4,66.44353569089877,-11.25,9,0
37672,4,60.43443884495228,9.0,9,0
37673,4,60.43443884495228,27.0,9,0
37674,4,60.43443884495228,45.0,9,0
37675,4,60.43443884495228,63.0,5,0
37676,4,60.43443884495228,81.0,8,0
37677,4,60.43443884495228,99.0,6,0
37678,4,60.43443884495228,117.0,9,0
37679,4,60.43443884495228,135.0,16,0
37680,4,60.43443884495228,153.0,13,0
37681,4,60.43443884495228,171.0,10,0
37682,4,60.43443884495228,-171.0,17,0
37683,4,60.43443884495228,-153.0,7,0
37684,4,60.43443884495228,-135.0,14,0
37685,4,60.43443884495228,-117.0,10,0
37686,4,60.43443884495228,-99.0,16,0
37687,4,60.43443884495228,-81.0,10,0
37688,4,60.43443884495228,-63.0,10,0
37689,4,60.43443884495228,-45.0,16,0
37690,4,60.43443884495228,-27.0,14,0
37691,4,60.43443884495228,-9.0,12,0
37692,4,54.340912303861245,7.5,12,0
37693,4,54.340912303861245,22.5,8,0
37694,4,54.340912303861245,37.5,7,0
37695,4,54.340912303861245,52.5,9,0
37696,4,54.340912303861245,67.5,8,0
37697,4,54.340912303861245,82.5,14,0
37698,4,54.340912303861245,97.5,9,0
37699,4,54.340912303861245,112.5,8,0
37700,4,54.340912303861245,127.5,7,0
37701,4,54.340912303861245,142.5,8,0
37702,4,54.340912303861245,157.5,13,0
37703,4,54.340912303861245,172.5,11,0
37704,4,54.340912303861245,-172.5,9,0
37705,4,54.340912303861245,-157.5,8,0
37706,4,54.340912303861245,-142.5,8,0
37707,4,54.340912303861245,-127.5,7,0
37708,4,54.340912303861245,-112.5,7,0
37709,4,54.340912303861245,-97.5,20,0
37710,4,54.340912303861245,-82.5,9,0
37711,4,54.340912303861245,-67.5,11,0
37712,4,54.340912303861245,-52.50000000000006,10,0
37713,4,54.340912303861245,-37.5,15,0
37714,4,54.340912303861245,-22.5,13,0
37715,4,54.340912303861245,-7.5,13,0
37716,4,48.141207794360284,6.428571428571416,11,0
37717,4,48.141207794360284,19.285714285714278,11,0
37718,4,48.141207794360284,32.14285714285714,9,0
37719,4,48.141207794360284,45.0,8,0
37720,4,48.141207794360284,57.85714285714286,6,0
37721,4,48.141207794360284,70.71428571428572,12,0
37722,4,48.141207794360284,83.57142857142856,16,0
37723,4,48.141207794360284,96.42857142857144,11,0
37724,4,48.141207794360284,109.28571428571428,13,0
37725,4,48.141207794360284,122.14285714285711,14,0
37726,4,48.141207794360284,135.0,5,0
37727,4,48.141207794360284,147.8571428571429,8,0
37728,4,48.141207794360284,160.71428571428572,12,0
37729,4,48.141207794360284,173.57142857142856,8,0
37730,4,48.141207794360284,-173.57142857142856,10,0
37731,4,48.141207794360284,-160.71428571428572,7,0
37732,4,48.141207794360284,-147.8571428571429,8,0
37733,4,48.141207794360284,-135.0,18,0
37734,4,48.141207794360284,-122.14285714285711,10,0
37735,4,48.141207794360284,-109.28571428571428,10,0
37736,4,48.141207794360284,-96.42857142857144,14,0
37737,4,48.141207794360284,-83.57142857142856,9,0
37738,4,48.141207794360284,-70.71428571428572,12,0
37739,4,48.141207794360284,-57.85714285714283,7,0
37740,4,48.141207794360284,-45.0,9,0
37741,4,48.141207794360284,-32.14285714285717,12,0
37742,4,48.141207794360284,-19.28571428571422,13,0
37743,4,48.141207794360284,-6.428571428571445,16,0
37744,4,41.81031489577859,5.625,10,0
37745,4,41.81031489577859,16.875,13,0
37746,4,41.81031489577859,28.125,15,0
37747,4,41.81031489577859,39.375,8,0
37748,4,41.81031489577859,50.625,10,0
37749,4,41.81031489577859,61.875,8,0
37750,4,41.81031489577859,73.125,13,0
37751,4,41.81031489577859,84.375,12,0
37752,4,41.81031489577859,95.625,6,0
37753,4,41.81031489577859,106.875,13,0
37754,4,41.81031489577859,118.125,15,0
37755,4,41.81031489577859,129.375,12,0
37756,4,41.81031489577859,140.625,7,0
37757,4,41.81031489577859,151.875,10,0
37758,4,41.81031489577859,163.125,11,0
37759,4,41.81031489577859,174.375,4,0
37760,4,41.81031489577859,-174.375,14,0
37761,4,41.81031489577859,-163.125,14,0
37762,4,41.81031489577859,-151.875,7,0
37763,4,41.81031489577859,-140.625,18,0
37764,4,41.81031489577859,-129.37500000000006,16,0
37765,4,41.81031489577859,-118.125,6,0
37766,4,41.81031489577859,-106.875,8,0
37767,4,41.81031489577859,-95.625,9,0
37768,4,41.81031489577859,-84.375,15,0
37769,4,41.81031489577859,-73.12500000000006,6,0
37770,4,41.81031489577859,-61.875,9,0
37771,4,41.81031489577859,-50.625,13,0
37772,4,41.81031489577859,-39.375,9,0
37773,4,41.81031489577859,-28.125,10,0
37774,4,41.81031489577859,-16.875,9,0
37775,4,41.81031489577859,-5.625,14,0
37776,4,35.68533471265204,0.0,10,0
37777,4,35.68533471265204,11.25,8,0
37778,4,35.68533471265204,22.5,13,0
37779,4,35.68533471265204,33.75,6,0
37780,4,35.68533471265204,45.0,5,0
37781,4,35.68533471265204,56.25,11,0
37782,4,35.68533471265204,67.5,9,0
37783,4,35.68533471265204,78.75,16,0
37784,4,35.68533471265204,90.0,7,0
37785,4,35.68533471265204,101.25,11,0
37786,4,35.68533471265204,112.5,14,0
37787,4,35.68533471265204,123.75,11,0
37788,4,35.68533471265204,135.0,13,0
37789,4,35.68533471265204,146.25,10,0
37790,4,35.68533471265204,157.5,16,0
37791,4,35.68533471265204,168.75,15,0
37792,4,35.68533471265204,-180.0,7,0
37793,4,35.68533471265204,-168.75,13,0
37794,4,35.68533471265204,-157.5,12,0
37795,4,35.68533471265204,-146.25,9,0
37796,4,35.68533471265204,-135.0,13,0
37797,4,35.68533471265204,-123.75,10,0
37798,4,35.68533471265204,-112.5,12,0
37799,4,35.68533471265204,-101.25,11,0
37800,4,35.68533471265204,-90.0,12,0
37801,4,35.68533471265204,-78.75000000000006,10,0
37802,4,35.68533471265204,-67.5,5,0
37803,4,35.68533471265204,-56.25,12,0
37804,4,35.68533471265204,-45.0,13,0
37805,4,35.68533471265204,-33.75000000000006,14,0
37806,4,35.68533471265204,-22.5,18,0
37807,4,35.68533471265204,-11.25,9,0
37808,4,30.000000000000007,5.625,9,0
37809,4,30.000000000000007,16.875,9,0
37810,4,30.000000000000007,28.125,14,0
37811,4,30.000000000000007,39.375,9,0
37812,4,30.000000000000007,50.625,16,0
37813,4,30.000000000000007,61.875,16,0
37814,4,30.000000000000007,73.125,13,0
37815,4,30.000000000000007,84.375,11,0
37816,4,30.000000000000007,95.625,13,0
37817,4,30.000000000000007,106.875,13,0
37818,4,30.000000000000007,118.125,11,0
37819,4,30.000000000000007,129.375,13,0
37820,4,30.000000000000007,140.625,11,0
37821,4,30.000000000000007,151.875,9,0
37822,4,30.000000000000007,163.125,16,0
37823,4,30.000000000000007,174.375,10,0
37824,4,30.000000000000007,-174.375,8,0
37825,4,30.000000000000007,-163.125,7,0
37826,4,30.000000000000007,-151.875,13,0
37827,4,30.000000000000007,-140.625,12,0
37828,4,30.000000000000007,-129.37500000000006,11,0
37829,4,30.000000000000007,-118.125,14,0
37830,4,30.000000000000007,-106.875,9,0
37831,4,30.000000000000007,-95.625,18,0
37832,4,30.000000000000007,-84.375,14,0
37833,4,30.000000000000007,-73.12500000000006,4,0
37834,4,30.000000000000007,-61.875,7,0
37835,4,30.000000000000007,-50.625,11,0
37836,4,30.000000000000007,-39.375,14,0
37837,4,30.000000000000007,-28.125,13,0
37838,4,30.000000000000007,-16.875,17,0
37839,4,30.000000000000007,-5.625,10,0
37840,4,24.62431835216408,0.0,7,0
37841,4,24.62431835216408,11.25,4,0
37842,4,24.62431835216408,22.5,15,0
37843,4,24.62431835216408,33.75,13,0
37844,4,24.62431835216408,45.0,12,0
37845,4,24.62431835216408,56.25,17,0
37846,4,24.62431835216408,67.5,16,0
37847,4,24.62431835216408,78.75,11,0
37848,4,24.62431835216408,90.0,16,0
37849,4,24.62431835216408,101.25,11,0
37850,4,24.62431835216408,112.5,12,0
37851,4,24.62431835216408,123.75,12,0
37852,4,24.62431835216408,135.0,14,0
37853,4,24.62431835216408,146.25,8,0
37854,4,24.62431835216408,157.5,13,0
37855,4,24.62431835216408,168.75,6,0
37856,4,24.62431835216408,-180.0,9,0
37857,4,24.62431835216408,-168.75,8,0
37858,4,24.62431835216408,-157.5,6,0
37859,4,24.62431835216408,-146.25,10,0
37860,4,24.62431835216408,-135.0,13,0
37861,4,24.62431835216408,-123.75,19,0
37862,4,24.62431835216408,-112.5,12,0
37863,4,24.62431835216408,-101.25,15,0
37864,4,24.62431835216408,-90.0,9,0
37865,4,24.62431835216408,-78.75000000000006,7,0
37866,4,24.62431835216408,-67.5,14,0
37867,4,24.62431835216408,-56.25,10,0
37868,4,24.62431835216408,-45.0,9,0
37869,4,24.62431835216408,-33.75000000000006,8,0
37870,4,24.62431835216408,-22.5,11,0
37871,4,24.62431835216408,-11.25,9,0
37872,4,19.47122063449069,5.625,8,0
37873,4,19.47122063449069,16.875,12,0
37874,4,19.47122063449069,28.125,11,0
37875,4,19.47122063449069,39.375,3,0
37876,4,19.47122063449069,50.625,10,0
37877,4,19.47122063449069,61.875,15,0
37878,4,19.47122063449069,73.125,14,0
37879,4,19.47122063449069,84.375,13,0
37880,4,19.47122063449069,95.625,8,0
37881,4,19.47122063449069,106.875,9,0
37882,4,19.47122063449069,118.125,9,0
37883,4,19.47122063449069,129.375,19,0
37884,4,19.47122063449069,140.625,13,0
37885,4,19.47122063449069,151.875,13,0
37886,4,19.47122063449069,163.125,11,0
37887,4,19.47122063449069,174.375,9,0
37888,4,19.47122063449069,-174.375,10,0
37889,4,19.47122063449069,-163.125,10,0
37890,4,19.47122063449069,-151.875,8,0
37891,4,19.47122063449069,-140.625,11,0
37892,4,19.47122063449069,-129.37500000000006,11,0
37893,4,19.47122063449069,-118.125,9,0
37894,4,19.47122063449069,-106.875,7,0
37895,4,19.47122063449069,-95.625,10,0
37896,4,19.47122063449069,-84.375,3,0
37897,4,19.47122063449069,-73.12500000000006,13,0
37898,4,19.47122063449069,-61.875,7,0
37899,4,19.47122063449069,-50.625,10,0
37900,4,19.47122063449069,-39.375,8,0
37901,4,19.47122063449069,-28.125,10,0
37902,4,19.47122063449069,-16.875,12,0
37903,4,19.47122063449069,-5.625,9,0
37904,4,14.477512185929925,0.0,11,0
37905,4,14.477512185929925,11.25,9,0
37906,4,14.477512185929925,22.5,13,0
37907,4,14.477512185929925,33.75,7,0
37908,4,14.477512185929925,45.0,6,0
37909,4,14.477512185929925,56.25,16,0
37910,4,14.477512185929925,67.5,9,0
37911,4,14.477512185929925,78.75,13,0
37912,4,14.477512185929925,90.0,14,0
37913,4,14.477512185929925,101.25,7,0
37914,4,14.477512185929925,112.5,16,0
37915,4,14.477512185929925,123.75,8,0
37916,4,14.477512185929925,135.0,12,0
37917,4,14.477512185929925,146.25,10,0
37918,4,14.477512185929925,157.5,12,0
37919,4,14.477512185929925,168.75,12,0
37920,4,14.477512185929925,-180.0,8,0
37921,4,14.477512185929925,-168.75,5,0
37922,4,14.477512185929925,-157.5,11,0
37923,4,14.477512185929925,-146.25,9,0
37924,4,14.477512185929925,-135.0,9,0
37925,4,14.477512185929925,-123.75,6,0
37926,4,14.477512185929925,-112.5,7,0
37927,4,14.477512185929925,-101.25,7,0
37928,4,14.477512185929925,-90.0,15,0
37929,4,14.477512185929925,-78.75000000000006,12,0
37930,4,14.477512185929925,-67.5,6,0
37931,4,14.477512185929925,-56.25,9,0
37932,4,14.477512185929925,-45.0,17,0
37933,4,14.477512185929925,-33.75000000000006,8,0
37934,4,14.477512185929925,-22.5,10,0
37935,4,14.477512185929925,-11.25,7,0
37936,4,9.594068226860458,5.625,10,0
37937,4,9.594068226860458,16.875,13,0
37938,4,9.594068226860458,28.125,10,1
37939,4,9.594068226860458,39.375,6,0
37940,4,9.594068226860458,50.625,13,0
37941,4,9.594068226860458,61.875,8,1
37942,4,9.594068226860458,73.125,9,0
37943,4,9.594068226860458,84.375,8,0
37944,4,9.594068226860458,95.625,13,0
37945,4,9.594068226860458,106.875,10,0
37946,4,9.594068226860458,118.125,10,0
37947,4,9.594068226860458,129.375,14,0
37948,4,9.594068226860458,140.625,12,0
37949,4,9.594068226860458,151.875,8,0
37950,4,9.594068226860458,163.125,15,0
37951,4,9.594068226860458,174.375,11,0
37952,4,9.594068226860458,-174.375,13,1
37953,4,9.594068226860458,-163.125,10,0
37954,4,9.594068226860458,-151.875,8,0
37955,4,9.594068226860458,-140.625,7,0
37956,4,9.594068226860458,-129.37500000000006,8,0
37957,4,9.594068226860458,-118.125,5,0
37958,4,9.594068226860458,-106.875,19,0
37959,4,9.594068226860458,-95.625,11,0
37960,4,9.594068226860458,-84.375,18,1
37961,4,9.594068226860458,-73.12500000000006,13,0
37962,4,9.594068226860458,-61.875,7,1
37963,4,9.594068226860458,-50.625,11,0
37964,4,9.594068226860458,-39.375,10,0
37965,4,9.594068226860458,-28.125,14,0
37966,4,9.594068226860458,-16.875,10,0
37967,4,9.594068226860458,-5.625,13,0
37968,4,4.780191847199163,0.0,16,3
37969,4,4.780191847199163,11.25,9,2
37970,4,4.780191847199163,22.5,8,1
37971,4,4.780191847199163,33.75,12,4
37972,4,4.780191847199163,45.0,13,1
37973,4,4.780191847199163,56.25,8,1
37974,4,4.780191847199163,67.5,8,2
37975,4,4.780191847199163,78.75,6,1
37976,4,4.780191847199163,90.0,14,1
37977,4,4.780191847199163,101.25,9,0
37978,4,4.780191847199163,112.5,8,2
37979,4,4.780191847199163,123.75,15,0
37980,4,4.780191847199163,135.0,12,1
37981,4,4.780191847199163,146.25,12,2
37982,4,4.780191847199163,157.5,10,1
37983,4,4.780191847199163,168.75,16,2
37984,4,4.780191847199163,-180.0,11,4
37985,4,4.780191847199163,-168.75,15,1
37986,4,4.780191847199163,-157.5,13,0
37987,4,4.780191847199163,-146.25,3,0
37988,4,4.780191847199163,-135.0,7,0
37989,4,4.780191847199163,-123.75,14,3
37990,4,4.780191847199163,-112.5,14,3
37991,4,4.780191847199163,-101.25,14,0
37992,4,4.780191847199163,-90.0,8,1
37993,4,4.780191847199163,-78.75000000000006,14,2
37994,4,4.780191847199163,-67.5,12,0
37995,4,4.780191847199163,-56.25,10,2
37996,4,4.780191847199163,-45.0,8,2
37997,4,4.780191847199163,-33.75000000000006,10,2
37998,4,4.780191847199163,-22.5,12,3
37999,4,4.780191847199163,-11.25,14,0
38000,4,0.0,5.625,14,4
38001,4,0.0,16.875,7,5
38002,4,0.0,28.125,15,1
38003,4,0.0,39.375,11,4
38004,4,0.0,50.625,17,0
38005,4,0.0,61.875,14,5
38006,4,0.0,73.125,7,4
38007,4,0.0,84.375,9,2
38008,4,0.0,95.625,10,1
38009,4,0.0,106.875,10,1
38010,4,0.0,118.125,9,5
38011,4,0.0,129.375,16,3
38012,4,0.0,140.625,11,4
38013,4,0.0,151.875,9,1
38014,4,0.0,163.125,14,5
38015,4,0.0,174.375,10,2
38016,4,0.0,-174.375,12,4
38017,4,0.0,-163.125,11,5
38018,4,0.0,-151.875,7,2
38019,4,0.0,-140.625,10,4
38020,4,0.0,-129.37500000000006,15,3
38021,4,0.0,-118.125,9,1
38022,4,0.0,-106.875,12,4
38023,4,0.0,-95.625,9,2
38024,4,0.0,-84.375,11,5
38025,4,0.0,-73.12500000000006,6,2
38026,4,0.0,-61.875,3,4
38027,4,0.0,-50.625,3,4
38028,4,0.0,-39.375,12,5
38029,4,0.0,-28.125,14,2
38030,4,0.0,-16.875,10,8
38031,4,0.0,-5.625,8,2
38032,4,-4.780191847199163,0.0,12,2
38033,4,-4.780191847199163,11.25,12,3
38034,4,-4.780191847199163,22.5,16,0
38035,4,-4.780191847199163,33.75,14,3
38036,4,-4.780191847199163,45.0,13,0
38037,4,-4.780191847199163,56.25,9,2
38038,4,-4.780191847199163,67.5,13,1
38039,4,-4.780191847199163,78.75,13,1
38040,4,-4.780191847199163,90.0,12,2
38041,4,-4.780191847199163,101.25,9,1
38042,4,-4.780191847199163,112.5,9,1
38043,4,-4.780191847199163,123.75,11,2
38044,4,-4.780191847199163,135.0,11,4
38045,4,-4.780191847199163,146.25,6,1
38046,4,-4.780191847199163,157.5,19,2
38047,4,-4.780191847199163,168.75,13,3
38048,4,-4.780191847199163,-180.0,10,1
38049,4,-4.780191847199163,-168.75,11,2
38050,4,-4.780191847199163,-157.5,9,4
38051,4,-4.780191847199163,-146.25,11,3
38052,4,-4.780191847199163,-135.0,16,1
38053,4,-4.780191847199163,-123.75,8,0
38054,4,-4.780191847199163,-112.5,12,2
38055,4,-4.780191847199163,-101.25,9,0
38056,4,-4.780191847199163,-90.0,14,2
38057,4,-4.780191847199163,-78.75000000000006,11,1
38058,4,-4.780191847199163,-67.5,8,2
38059,4,-4.780191847199163,-56.25,6,0
38060,4,-4.780191847199163,-45.0,9,5
38061,4,-4.780191847199163,-33.75000000000006,13,2
38062,4,-4.780191847199163,-22.5,9,3
38063,4,-4.780191847199163,-11.25,7,3
38064,4,-9.594068226860458,5.625,15,0
38065,4,-9.594068226860458,16.875,12,1
38066,4,-9.594068226860458,28.125,18,0
38067,4,-9.594068226860458,39.375,17,0
38068,4,-9.594068226860458,50.625,9,0
38069,4,-9.594068226860458,61.875,10,0
38070,4,-9.594068226860458,73.125,11,0
38071,4,-9.594068226860458,84.375,11,0
38072,4,-9.594068226860458,95.625,11,0
38073,4,-9.594068226860458,106.875,11,0
38074,4,-9.594068226860458,118.125,12,0
38075,4,-9.594068226860458,129.375,13,0
38076,4,-9.594068226860458,140.625,9,0
38077,4,-9.594068226860458,151.875,13,0
38078,4,-9.594068226860458,163.125,13,0
38079,4,-9.594068226860458,174.375,17,0
38080,4,-9.594068226860458,-174.375,11,0
38081,4,-9.594068226860458,-163.125,10,0
38082,4,-9.594068226860458,-151.875,11,0
38083,4,-9.594068226860458,-140.625,13,1
38084,4,-9.594068226860458,-129.37500000000006,11,0
38085,4,-9.594068226860458,-118.125,6,0
38086,4,-9.594068226860458,-106.875,11,0
38087,4,-9.594068226860458,-95.625,5,0
38088,4,-9.594068226860458,-84.375,15,0
38089,4,-9.594068226860458,-73.12500000000006,10,0
38090,4,-9.594068226860458,-61.875,14,0
38091,4,-9.594068226860458,-50.625,7,0
38092,4,-9.594068226860458,-39.375,14,0
38093,4,-9.594068226860458,-28.125,13,0
38094,4,-9.594068226860458,-16.875,6,0
38095,4,-9.594068226860458,-5.625,9,0
38096,4,-14.477512185929925,0.0,11,0
38097,4,-14.477512185929925,11.25,17,0
38098,4,-14.477512185929925,22.5,10,0
38099,4,-14.477512185929925,33.75,13,0
38100,4,-14.477512185929925,45.0,20,0
38101,4,-14.477512185929925,56.25,9,0
38102,4,-14.477512185929925,67.5,16,0
38103,4,-14.477512185929925,78.75,15,0
38104,4,-14.477512185929925,90.0,13,0
38105,4,-14.477512185929925,101.25,9,0
38106,4,-14.477512185929925,112.5,12,0
38107,4,-14.477512185929925,123.75,10,0
38108,4,-14.477512185929925,135.0,15,0
38109,4,-14.477512185929925,146.25,3,0
38110,4,-14.477512185929925,157.5,11,0
38111,4,-14.477512185929925,168.75,10,0
38112,4,-14.477512185929925,-180.0,9,0
38113,4,-14.477512185929925,-168.75,9,0
38114,4,-14.477512185929925,-157.5,12,0
38115,4,-14.477512185929925,-146.25,8,0
38116,4,-14.477512185929925,-135.0,10,0
38117,4,-14.477512185929925,-123.75,7,0
38118,4,-14.477512185929925,-112.5,12,0
38119,4,-14.477512185929925,-101.25,10,0
38120,4,-14.477512185929925,-90.0,7,0
38121,4,-14.477512185929925,-78.75000000000006,8,0
38122,4,-14.477512185929925,-67.5,19,0
38123,4,-14.477512185929925,-56.25,9,0
38124,4,-14.477512185929925,-45.0,8,0
38125,4,-14.477512185929925,-33.75000000000006,13,1
38126,4,-14.477512185929925,-22.5,10,0
38127,4,-14.477512185929925,-11.25,11,0
38128,4,-19.47122063449069,5.625,9,0
38129,4,-19.47122063449069,16.875,9,0
38130,4,-19.47122063449069,28.125,6,0
38131,4,-19.47122063449069,39.375,13,0
38132,4,-19.47122063449069,50.625,12,0
38133,4,-19.47122063449069,61.875,7,0
38134,4,-19.47122063449069,73.125,16,0
38135,4,-19.47122063449069,84.375,13,0
38136,4,-19.47122063449069,95.625,14,0
38137,4,-19.47122063449069,106.875,8,0
38138,4,-19.47122063449069,118.125,16,0
38139,4,-19.47122063449069,129.375,13,0
38140,4,-19.47122063449069,140.625,6,0
38141,4,-19.47122063449069,151.875,10,0
38142,4,-19.47122063449069,163.125,7,0
38143,4,-19.47122063449069,174.375,11,0
38144,4,-19.47122063449069,-174.375,11,0
38145,4,-19.47122063449069,-163.125,17,0
38146,4,-19.47122063449069,-151.875,10,0
38147,4,-19.47122063449069,-140.625,8,0
38148,4,-19.47122063449069,-129.37500000000006,15,0
38149,4,-19.47122063449069,-118.125,10,0
38150,4,-19.47122063449069,-106.875,6,0
38151,4,-19.47122063449069,-95.625,7,0
38152,4,-19.47122063449069,-84.375,8,0
38153,4,-19.47122063449069,-73.12500000000006,8,0
38154,4,-19.47122063449069,-61.875,8,0
38155,4,-19.47122063449069,-50.625,12,0
38156,4,-19.47122063449069,-39.375,17,1
38157,4,-19.47122063449069,-28.125,13,0
38158,4,-19.47122063449069,-16.875,12,0
38159,4,-19.47122063449069,-5.625,17,0
38160,4,-24.62431835216408,0.0,11,0
38161,4,-24.62431835216408,11.25,3,0
38162,4,-24.62431835216408,22.5,10,1
38163,4,-24.62431835216408,33.75,10,0
38164,4,-24.62431835216408,45.0,11,0
38165,4,-24.62431835216408,56.25,5,0
38166,4,-24.62431835216408,67.5,9,0
38167,4,-24.62431835216408,78.75,12,0
38168,4,-24.62431835216408,90.0,11,0
38169,4,-24.62431835216408,101.25,7,0
38170,4,-24.62431835216408,112.5,9,0
38171,4,-24.62431835216408,123.75,6,0
38172,4,-24.62431835216408,135.0,9,0
38173,4,-24.62431835216408,146.25,6,0
38174,4,-24.62431835216408,157.5,13,0
38175,4,-24.62431835216408,168.75,13,0
38176,4,-24.62431835216408,-180.0,9,0
38177,4,-24.62431835216408,-168.75,15,0
38178,4,-24.62431835216408,-157.5,10,0
38179,4,-24.62431835216408,-146.25,9,0
38180,4,-24.62431835216408,-135.0,13,0
38181,4,-24.62431835216408,-123.75,16,0
38182,4,-24.62431835216408,-112.5,10,0
38183,4,-24.62431835216408,-101.25,8,0
38184,4,-24.62431835216408,-90.0,14,0
38185,4,-24.62431835216408,-78.75000000000006,13,0
38186,4,-24.62431835216408,-67.5,6,0
38187,4,-24.62431835216408,-56.25,10,1
38188,4,-24.62431835216408,-45.0,11,0
38189,4,-24.62431835216408,-33.75000000000006,13,0
38190,4,-24.62431835216408,-22.5,8,0
38191,4,-24.62431835216408,-11.25,8,0
38192,4,-30.000000000000014,5.625,8,0
38193,4,-30.000000000000014,16.875,10,0
38194,4,-30.000000000000014,28.125,15,0
38195,4,-30.000000000000014,39.375,7,0
38196,4,-30.000000000000014,50.625,10,0
38197,4,-30.000000000000014,61.875,8,0
38198,4,-30.000000000000014,73.125,10,0
38199,4,-30.000000000000014,84.375,11,0
38200,4,-30.000000000000014,95.625,4,0
38201,4,-30.000000000000014,106.875,8,0
38202,4,-30.000000000000014,118.125,3,0
38203,4,-30.000000000000014,129.375,3,0
38204,4,-30.000000000000014,140.625,9,0
38205,4,-30.000000000000014,151.875,7,0
38206,4,-30.000000000000014,163.125,11,0
38207,4,-30.000000000000014,174.375,10,0
38208,4,-30.000000000000014,-174.375,15,0
38209,4,-30.000000000000014,-163.125,12,0
38210,4,-30.000000000000014,-151.875,11,0
38211,4,-30.000000000000014,-140.625,9,0
38212,4,-30.000000000000014,-129.37500000000006,15,0
38213,4,-30.000000000000014,-118.125,11,0
38214,4,-30.000000000000014,-106.875,13,0
38215,4,-30.000000000000014,-95.625,17,0
38216,4,-30.000000000000014,-84.375,9,0
38217,4,-30.000000000000014,-73.12500000000006,14,0
38218,4,-30.000000000000014,-61.875,14,0
38219,4,-30.000000000000014,-50.625,10,0
38220,4,-30.000000000000014,-39.375,9,0
38221,4,-30.000000000000014,-28.125,15,0
38222,4,-30.000000000000014,-16.875,8,0
38223,4,-30.000000000000014,-5.625,4,0
38224,4,-35.68533471265205,0.0,9,0
38225,4,-35.68533471265205,11.25,12,0
38226,4,-35.68533471265205,22.5,12,0
38227,4,-35.68533471265205,33.75,7,0
38228,4,-35.68533471265205,45.0,8,0
38229,4,-35.68533471265205,56.25,8,0
38230,4,-35.68533471265205,67.5,12,0
38231,4,-35.68533471265205,78.75,19,0
38232,4,-35.68533471265205,90.0,10,0
38233,4,-35.68533471265205,101.25,11,0
38234,4,-35.68533471265205,112.5,11,0
38235,4,-35.68533471265205,123.75,10,0
38236,4,-35.68533471265205,135.0,2,0
38237,4,-35.68533471265205,146.25,10,0
38238,4,-35.68533471265205,157.5,9,0
38239,4,-35.68533471265205,168.75,10,0
38240,4,-35.68533471265205,-180.0,18,0
38241,4,-35.68533471265205,-168.75,7,0
38242,4,-35.68533471265205,-157.5,9,0
38243,4,-35.68533471265205,-146.25,9,0
38244,4,-35.68533471265205,-135.0,11,0
38245,4,-35.68533471265205,-123.75,17,0
38246,4,-35.68533471265205,-112.5,14,0
38247,4,-35.68533471265205,-101.25,12,0
38248,4,-35.68533471265205,-90.0,12,0
38249,4,-35.68533471265205,-78.75000000000006,9,0
38250,4,-35.68533471265205,-67.5,7,0
38251,4,-35.68533471265205,-56.25,6,0
38252,4,-35.68533471265205,-45.0,10,0
38253,4,-35.68533471265205,-33.75000000000006,7,0
38254,4,-35.68533471265205,-22.5,9,0
38255,4,-35.68533471265205,-11.25,7,0
38256,4,-41.81031489577862,5.625,8,0
38257,4,-41.81031489577862,16.875,10,0
38258,4,-41.81031489577862,28.125,11,0
38259,4,-41.81031489577862,39.375,4,0
38260,4,-41.81031489577862,50.625,16,0
38261,4,-41.81031489577862,61.875,11,0
38262,4,-41.81031489577862,73.125,12,0
38263,4,-41.81031489577862,84.375,13,0
38264,4,-41.81031489577862,95.625,10,0
38265,4,-41.81031489577862,106.875,8,0
38266,4,-41.81031489577862,118.125,16,0
38267,4,-41.81031489577862,129.375,13,0
38268,4,-41.81031489577862,140.625,10,0
38269,4,-41.81031489577862,151.875,15,0
38270,4,-41.81031489577862,163.125,13,0
38271,4,-41.81031489577862,174.375,14,0
38272,4,-41.81031489577862,-174.375,8,0
38273,4,-41.81031489577862,-163.125,9,0
38274,4,-41.81031489577862,-151.875,7,0
38275,4,-41.81031489577862,-140.625,14,0
38276,4,-41.81031489577862,-129.37500000000006,12,0
38277,4,-41.81031489577862,-118.125,12,0
38278,4,-41.81031489577862,-106.875,18,0
38279,4,-41.81031489577862,-95.625,15,0
38280,4,-41.81031489577862,-84.375,8,0
38281,4,-41.81031489577862,-73.12500000000006,11,0
38282,4,-41.81031489577862,-61.875,3,0
38283,4,-41.81031489577862,-50.625,7,0
38284,4,-41.81031489577862,-39.375,4,0
38285,4,-41.81031489577862,-28.125,7,0
38286,4,-41.81031489577862,-16.875,6,0
38287,4,-41.81031489577862,-5.625,2,0
38288,4,-48.1412077943603,6.428571428571416,10,0
38289,4,-48.1412077943603,19.285714285714278,10,0
38290,4,-48.1412077943603,32.14285714285714,12,0
38291,4,-48.1412077943603,45.0,9,0
38292,4,-48.1412077943603,57.85714285714286,12,0
38293,4,-48.1412077943603,70.71428571428572,10,0
38294,4,-48.1412077943603,83.57142857142856,9,0
38295,4,-48.1412077943603,96.42857142857144,9,0
38296,4,-48.1412077943603,109.28571428571428,15,0
38297,4,-48.1412077943603,122.14285714285711,12,0
38298,4,-48.1412077943603,135.0,13,0
38299,4,-48.1412077943603,147.8571428571429,23,0
38300,4,-48.1412077943603,160.71428571428572,9,0
38301,4,-48.1412077943603,173.57142857142856,5,0
38302,4,-48.1412077943603,-173.57142857142856,13,0
38303,4,-48.1412077943603,-160.71428571428572,6,1
38304,4,-48.1412077943603,-147.8571428571429,8,0
38305,4,-48.1412077943603,-135.0,9,0
38306,4,-48.1412077943603,-122.14285714285711,10,0
38307,4,-48.1412077943603,-109.28571428571428,13,0
38308,4,-48.1412077943603,-96.42857142857144,10,0
38309,4,-48.1412077943603,-83.57142857142856,7,0
38310,4,-48.1412077943603,-70.71428571428572,10,0
38311,4,-48.1412077943603,-57.85714285714283,6,0
38312,4,-48.1412077943603,-45.0,7,0
38313,4,-48.1412077943603,-32.14285714285717,14,0
38314,4,-48.1412077943603,-19.28571428571422,9,0
38315,4,-48.1412077943603,-6.428571428571445,8,0
38316,4,-54.340912303861245,7.5,8,0
38317,4,-54.340912303861245,22.5,9,0
38318,4,-54.340912303861245,37.5,11,0
38319,4,-54.340912303861245,52.5,6,0
38320,4,-54.340912303861245,67.5,15,0
38321,4,-54.340912303861245,82.5,9,0
38322,4,-54.340912303861245,97.5,10,0
38323,4,-54.340912303861245,112.5,11,0
38324,4,-54.340912303861245,127.5,15,0
38325,4,-54.340912303861245,142.5,14,0
38326,4,-54.340912303861245,157.5,19,0
38327,4,-54.340912303861245,172.5,13,0
38328,4,-54.340912303861245,-172.5,13,0
38329,4,-54.340912303861245,-157.5,3,0
38330,4,-54.340912303861245,-142.5,10,0
38331,4,-54.340912303861245,-127.5,15,0
38332,4,-54.340912303861245,-112.5,12,0
38333,4,-54.340912303861245,-97.5,13,0
38334,4,-54.340912303861245,-82.5,5,0
38335,4,-54.340912303861245,-67.5,11,0
38336,4,-54.340912303861245,-52.50000000000006,6,0
38337,4,-54.340912303861245,-37.5,6,0
38338,4,-54.340912303861245,-22.5,7,0
38339,4,-54.340912303861245,-7.5,9,0
38340,4,-60.4344388449523,9.0,11,0
38341,4,-60.4344388449523,27.0,11,0
38342,4,-60.4344388449523,45.0,11,0
38343,4,-60.4344388449523,63.0,10,0
38344,4,-60.4344388449523,81.0,9,0
38345,4,-60.4344388449523,99.0,9,0
38346,4,-60.4344388449523,117.0,7,0
38347,4,-60.4344388449523,135.0,9,0
38348,4,-60.4344388449523,153.0,8,0
38349,4,-60.4344388449523,171.0,13,0
38350,4,-60.4344388449523,-171.0,8,0
38351,4,-60.4344388449523,-153.0,12,0
38352,4,-60.4344388449523,-135.0,11,0
38353,4,-60.4344388449523,-117.0,9,0
38354,4,-60.4344388449523,-99.0,11,0
38355,4,-60.4344388449523,-81.0,4,0
38356,4,-60.4344388449523,-63.0,8,0
38357,4,-60.4344388449523,-45.0,18,1
38358,4,-60.4344388449523,-27.0,10,0
38359,4,-60.4344388449523,-9.0,10,0
38360,4,-66.44353569089876,11.25,12,0
38361,4,-66.44353569089876,33.75,11,0
38362,4,-66.44353569089876,56.25,9,0
38363,4,-66.44353569089876,78.75,8,0
38364,4,-66.44353569089876,101.25,7,0
38365,4,-66.44353569089876,123.75,10,0
38366,4,-66.44353569089876,146.25,13,0
38367,4,-66.44353569089876,168.75,9,0
38368,4,-66.44353569089876,-168.75,12,0
38369,4,-66.44353569089876,-146.25,12,0
38370,4,-66.44353569089876,-123.75,9,0
38371,4,-66.44353569089876,-101.25,11,0
38372,4,-66.44353569089876,-78.75,7,0
38373,4,-66.44353569089876,-56.25,12,0
38374,4,-66.44353569089876,-33.75,24,0
38375,4,-66.44353569089876,-11.25,16,0
38376,4,-72.38756092964962,15.0,11,0
38377,4,-72.38756092964962,45.0,4,0
38378,4,-72.38756092964962,75.0,8,0
38379,4,-72.38756092964962,105.0,8,0
38380,4,-72.38756092964962,135.0,8,0
38381,4,-72.38756092964962,165.0,13,0
38382,4,-72.38756092964962,-165.0,11,0
38383,4,-72.38756092964962,-135.0,10,0
38384,4,-72.38756092964962,-105.0,8,0
38385,4,-72.38756092964962,-75.0,4,0
38386,4,-72.38756092964962,-45.0,8,0
38387,4,-72.38756092964962,-15.0,12,0
38388,4,-78.28414760510762,22.5,10,0
38389,4,-78.28414760510762,67.5,7,0
38390,4,-78.28414760510762,112.5,6,0
38391,4,-78.28414760510762,157.5,14,0
38392,4,-78.28414760510762,-157.5,10,0
38393,4,-78.28414760510762,-112.5,10,0
38394,4,-78.28414760510762,-67.5,4,0
38395,4,-78.28414760510762,-22.5,9,0
38396,4,-84.14973293629666,45.0,11,0
38397,4,-84.14973293629666,135.0,12,0
38398,4,-84.14973293629666,-135.0,9,0
38399,4,-84.14973293629666,-45.0,9,0
30720,4,84.14973293629666,45.0,4,0
30721,4,84.14973293629666,135.0,6,0
30722,4,84.14973293629666,-135.0,5,0
30723,4,84.14973293629666,-45.0,5,0
30724,4,78.28414760510762,22.5,8,0
30725,4,78.28414760510762,67.5,5,0
30726,4,78.28414760510762,112.5,9,0
30727,4,78.28414760510762,157.5,6,0
30728,4,78.28414760510762,-157.5,5,0
30729,4,78.28414760510762,-112.5,4,0
30730,4,78.28414760510762,-67.5,5,0
30731,4,78.28414760510762,-22.5,10,0
30732,4,72.38756092964962,15.0,5,0
30733,4,72.38756092964962,45.0,8,0
30734,4,72.38756092964962,75.0,12,0
30735,4,72.38756092964962,105.0,12,0
30736,4,72.38756092964962,135.0,4,0
30737,4,72.38756092964962,165.0,4,0
30738,4,72.38756092964962,-165.0,6,0
30739,4,72.38756092964962,-135.0,13,0
30740,4,72.38756092964962,-105.0,5,0
30741,4,72.38756092964962,-75.0,6,0
30742,4,72.38756092964962,-45.0,12,0
30743,4,72.38756092964962,-15.0,8,0
30744,4,66.44353569089877,11.25,8,0
30745,4,66.44353569089877,33.75,10,0
30746,4,66.44353569089877,56.25,7,0
30747,4,66.44353569089877,78.75,8,0
30748,4,66.44353569089877,101.25,7,0
30749,4,66.44353569089877,123.75,7,0
30750,4,66.44353569089877,146.25,7,0
30751,4,66.44353569089877,168.75,4,0
30752,4,66.44353569089877,-168.75,13,0
30753,4,66.44353569089877,-146.25,8,0
30754,4,66.44353569089877,-123.75,11,0
30755,4,66.44353569089877,-101.25,11,0
30756,4,66.44353569089877,-78.75,4,0
30757,4,66.44353569089877,-56.25,11,0
30758,4,66.44353569089877,-33.75,12,0
30759,4,66.44353569089877,-11.25,9,0
30760,4,60.43443884495228,9.0,8,0
30761,4,60.43443884495228,27.0,6,0
30762,4,60.43443884495228,45.0,7,0
30763,4,60.43443884495228,63.0,4,0
30764,4,60.43443884495228,81.0,6,0
30765,4,60.43443884495228,99.0,4,0
30766,4,60.43443884495228,117.0,6,0
30767,4,60.43443884495228,135.0,12,0
30768,4,60.43443884495228,153.0,11,0
30769,4,60.43443884495228,171.0,8,0
30770,4,60.43443884495228,-171.0,12,0
30771,4,60.43443884495228,-153.0,5,0
30772,4,60.43443884495228,-135.0,10,0
30773,4,60.43443884495228,-117.0,9,0
30774,4,60.43443884495228,-99.0,11,0
30775,4,60.43443884495228,-81.0,7,0
30776,4,60.43443884495228,-63.0,7,0
30777,4,60.43443884495228,-45.0,14,0
30778,4,60.43443884495228,-27.0,12,0
30779,4,60.43443884495228,-9.0,12,0
30780,4,54.340912303861245,7.5,11,0
30781,4,54.340912303861245,22.5,5,0
30782,4,54.340912303861245,37.5,6,0
30783,4,54.340912303861245,52.5,7,0
30784,4,54.340912303861245,67.5,7,0
30785,4,54.340912303861245,82.5,9,0
30786,4,54.340912303861245,97.5,6,0
30787,4,54.340912303861245,112.5,8,0
30788,4,54.340912303861245,127.5,5,0
30789,4,54.340912303861245,142.5,7,0
30790,4,54.340912303861245,157.5,12,0
30791,4,54.340912303861245,172.5,11,0
30792,4,54.340912303861245,-172.5,6,0
30793,4,54.340912303861245,-157.5,5,0
30794,4,54.340912303861245,-142.5,5,0
30795,4,54.340912303861245,-127.5,6,0
30796,4,54.340912303861245,-112.5,4,0
30797,4,54.340912303861245,-97.5,14,0
30798,4,54.340912303861245,-82.5,6,0
30799,4,54.340912303861245,-67.5,10,0
30800,4,54.340912303861245,-52.50000000000006,8,0
30801,4,54.340912303861245,-37.5,13,0
30802,4,54.340912303861245,-22.5,10,0
30803,4,54.340912303861245,-7.5,10,0
30804,4,48.141207794360284,6.428571428571416,10,0
30805,4,48.141207794360284,19.285714285714278,8,0
30806,4,48.141207794360284,32.14285714285714,7,0
30807,4,48.141207794360284,45.0,8,0
30808,4,48.141207794360284,57.85714285714286,6,0
30809,4,48.141207794360284,70.71428571428572,11,0
30810,4,48.141207794360284,83.57142857142856,12,0
30811,4,48.141207794360284,96.42857142857144,7,0
30812,4,48.141207794360284,109.28571428571428,9,0
30813,4,48.141207794360284,122.14285714285711,11,0
30814,4,48.141207794360284,135.0,5,0
30815,4,48.141207794360284,147.8571428571429,7,0
30816,4,48.141207794360284,160.71428571428572,11,0
30817,4,48.141207794360284,173.57142857142856,5,0
30818,4,48.141207794360284,-173.57142857142856,7,0
30819,4,48.141207794360284,-160.71428571428572,6,0
30820,4,48.141207794360284,-147.8571428571429,7,0
30821,4,48.141207794360284,-135.0,14,0
30822,4,48.141207794360284,-122.14285714285711,7,0
30823,4,48.141207794360284,-109.28571428571428,8,0
30824,4,48.141207794360284,-96.42857142857144,10,0
30825,4,48.141207794360284,-83.57142857142856,5,0
30826,4,48.141207794360284,-70.71428571428572,9,0
30827,4,48.141207794360284,-57.85714285714283,4,0
30828,4,48.141207794360284,-45.0,7,0
30829,4,48.141207794360284,-32.14285714285717,8,0
30830,4,48.141207794360284,-19.28571428571422,8,0
30831,4,48.141207794360284,-6.428571428571445,12,0
30832,4,41.81031489577859,5.625,8,0
30833,4,41.81031489577859,16.875,10,0
30834,4,41.81031489577859,28.125,10,0
30835,4,41.81031489577859,39.375,6,0
30836,4,41.81031489577859,50.625,10,0
30837,4,41.81031489577859,61.875,8,0
30838,4,41.81031489577859,73.125,9,0
30839,4,41.81031489577859,84.375,8,0
30840,4,41.81031489577859,95.625,4,0
30841,4,41.81031489577859,106.875,10,0
30842,4,41.81031489577859,118.125,10,0
30843,4,41.81031489577859,129.375,11,0
30844,4,41.81031489577859,140.625,6,0
30845,4,41.81031489577859,151.875,7,0
30846,4,41.81031489577859,163.125,10,0
30847,4,41.81031489577859,174.375,3,0
30848,4,41.81031489577859,-174.375,9,0
30849,4,41.81031489577859,-163.125,10,0
30850,4,41.81031489577859,-151.875,6,0
30851,4,41.81031489577859,-140.625,14,0
30852,4,41.81031489577859,-129.37500000000006,14,0
30853,4,41.81031489577859,-118.125,6,0
30854,4,41.81031489577859,-106.875,7,0
30855,4,41.81031489577859,-95.625,7,0
30856,4,41.81031489577859,-84.375,9,0
30857,4,41.81031489577859,-73.12500000000006,4,0
30858,4,41.81031489577859,-61.875,5,0
30859,4,41.81031489577859,-50.625,10,0
30860,4,41.81031489577859,-39.375,6,0
30861,4,41.81031489577859,-28.125,7,0
30862,4,41.81031489577859,-16.875,5,0
30863,4,41.81031489577859,-5.625,10,0
30864,4,35.68533471265204,0.0,6,0
30865,4,35.68533471265204,11.25,8,0
30866,4,35.68533471265204,22.5,10,0
30867,4,35.68533471265204,33.75,5,0
30868,4,35.68533471265204,45.0,4,0
30869,4,35.68533471265204,56.25,9,0
30870,4,35.68533471265204,67.5,7,0
30871,4,35.68533471265204,78.75,10,0
30872,4,35.68533471265204,90.0,5,0
30873,4,35.68533471265204,101.25,6,0
30874,4,35.68533471265204,112.5,10,0
30875,4,35.68533471265204,123.75,9,0
30876,4,35.68533471265204,135.0,10,0
30877,4,35.68533471265204,146.25,6,0
30878,4,35.68533471265204,157.5,13,0
30879,4,35.68533471265204,168.75,12,0
30880,4,35.68533471265204,-180.0,5,0
30881,4,35.68533471265204,-168.75,8,0
30882,4,35.68533471265204,-157.5,9,0
30883,4,35.68533471265204,-146.25,8,0
30884,4,35.68533471265204,-135.0,12,0
30885,4,35.68533471265204,-123.75,8,0
30886,4,35.68533471265204,-112.5,9,0
30887,4,35.68533471265204,-101.25,8,0
30888,4,35.68533471265204,-90.0,5,0
30889,4,35.68533471265204,-78.75000000000006,4,0
30890,4,35.68533471265204,-67.5,4,0
30891,4,35.68533471265204,-56.25,9,0
30892,4,35.68533471265204,-45.0,7,0
30893,4,35.68533471265204,-33.75000000000006,11,0
30894,4,35.68533471265204,-22.5,13,0
30895,4,35.68533471265204,-11.25,8,0
30896,4,30.000000000000007,5.625,8,0
30897,4,30.000000000000007,16.875,7,0
30898,4,30.000000000000007,28.125,10,0
30899,4,30.000000000000007,39.375,8,0
30900,4,30.000000000000007,50.625,10,0
30901,4,30.000000000000007,61.875,10,0
30902,4,30.000000000000007,73.125,11,0
30903,4,30.000000000000007,84.375,8,0
30904,4,30.000000000000007,95.625,11,0
30905,4,30.000000000000007,106.875,8,0
30906,4,30.000000000000007,118.125,9,0
30907,4,30.000000000000007,129.375,9,0
30908,4,30.000000000000007,140.625,8,0
30909,4,30.000000000000007,151.875,5,0
30910,4,30.000000000000007,163.125,14,0
30911,4,30.000000000000007,174.375,8,0
30912,4,30.000000000000007,-174.375,7,0
30913,4,30.000000000000007,-163.125,7,0
30914,4,30.000000000000007,-151.875,10,0
30915,4,30.000000000000007,-140.625,12,0
30916,4,30.000000000000007,-129.37500000000006,8,0
30917,4,30.000000000000007,-118.125,8,0
30918,4,30.000000000000007,-106.875,7,0
30919,4,30.000000000000007,-95.625,15,0
30920,4,30.000000000000007,-84.375,10,0
30921,4,30.000000000000007,-73.12500000000006,0,0
30922,4,30.000000000000007,-61.875,6,0
30923,4,30.000000000000007,-50.625,8,0
30924,4,30.000000000000007,-39.375,6,0
30925,4,30.000000000000007,-28.125,10,0
30926,4,30.000000000000007,-16.875,11,0
30927,4,30.000000000000007,-5.625,7,0
30928,4,24.62431835216408,0.0,5,0
30929,4,24.62431835216408,11.25,3,0
30930,4,24.62431835216408,22.5,10,0
30931,4,24.62431835216408,33.75,10,0
30932,4,24.62431835216408,45.0,9,0
30933,4,24.62431835216408,56.25,12,0
30934,4,24.62431835216408,67.5,11,0
30935,4,24.62431835216408,78.75,10,0
30936,4,24.62431835216408,90.0,11,0
30937,4,24.62431835216408,101.25,11,0
30938,4,24.62431835216408,112.5,11,0
30939,4,24.62431835216408,123.75,9,0
30940,4,24.62431835216408,135.0,12,0
30941,4,24.62431835216408,146.25,5,0
30942,4,24.62431835216408,157.5,9,0
30943,4,24.62431835216408,168.75,5,0
30944,4,24.62431835216408,-180.0,7,0
30945,4,24.62431835216408,-168.75,5,0
30946,4,24.62431835216408,-157.5,5,0
30947,4,24.62431835216408,-146.25,6,0
30948,4,24.62431835216408,-135.0,11,0
30949,4,24.62431835216408,-123.75,13,0
30950,4,24.62431835216408,-112.5,8,0
30951,4,24.62431835216408,-101.25,13,0
30952,4,24.62431835216408,-90.0,7,0
30953,4,24.62431835216408,-78.75000000000006,5,0
30954,4,24.62431835216408,-67.5,8,0
30955,4,24.62431835216408,-56.25,9,0
30956,4,24.62431835216408,-45.0,5,0
30957,4,24.62431835216408,-33.75000000000006,4,0
30958,4,24.62431835216408,-22.5,10,0
30959,4,24.62431835216408,-11.25,5,0
30960,4,19.47122063449069,5.625,7,0
30961,4,19.47122063449069,16.875,10,0
30962,4,19.47122063449069,28.125,8,0
30963,4,19.47122063449069,39.375,2,0
30964,4,19.47122063449069,50.625,8,0
30965,4,19.47122063449069,61.875,12,0
30966,4,19.47122063449069,73.125,12,0
30967,4,19.47122063449069,84.375,9,0
30968,4,19.47122063449069,95.625,7,0
30969,4,19.47122063449069,106.875,9,0
30970,4,19.47122063449069,118.125,6,0
30971,4,19.47122063449069,129.375,18,0
30972,4,19.47122063449069,140.625,7,0
30973,4,19.47122063449069,151.875,9,0
30974,4,19.47122063449069,163.125,7,0
30975,4,19.47122063449069,174.375,7,0
30976,4,19.47122063449069,-174.375,4,0
30977,4,19.47122063449069,-163.125,8,0
30978,4,19.47122063449069,-151.875,6,0
30979,4,19.47122063449069,-140.625,8,0
30980,4,19.47122063449069,-129.37500000000006,7,0
30981,4,19.47122063449069,-118.125,6,0
30982,4,19.47122063449069,-106.875,5,0
30983,4,19.47122063449069,-95.625,7,0
30984,4,19.47122063449069,-84.375,2,0
30985,4,19.47122063449069,-73.12500000000006,9,0
30986,4,19.47122063449069,-61.875,5,0
30987,4,19.47122063449069,-50.625,6,0
30988,4,19.47122063449069,-39.375,6,0
30989,4,19.47122063449069,-28.125,7,0
30990,4,19.47122063449069,-16.875,6,0
30991,4,19.47122063449069,-5.625,7,0
30992,4,14.477512185929925,0.0,8,0
30993,4,14.477512185929925,11.25,8,0
30994,4,14.477512185929925,22.5,11,0
30995,4,14.477512185929925,33.75,5,0
30996,4,14.477512185929925,45.0,4,0
30997,4,14.477512185929925,56.25,12,0
30998,4,14.477512185929925,67.5,6,0
30999,4,14.477512185929925,78.75,9,0
31000,4,14.477512185929925,90.0,10,0
31001,4,14.477512185929925,101.25,6,0
31002,4,14.477512185929925,112.5,13,0
31003,4,14.477512185929925,123.75,6,0
31004,4,14.477512185929925,135.0,10,0
31005,4,14.477512185929925,146.25,8,0
31006,4,14.477512185929925,157.5,8,0
31007,4,14.477512185929925,168.75,9,0
31008,4,14.477512185929925,-180.0,3,0
31009,4,14.477512185929925,-168.75,5,0
31010,4,14.477512185929925,-157.5,11,0
31011,4,14.477512185929925,-146.25,7,0
31012,4,14.477512185929925,-135.0,5,0
31013,4,14.477512185929925,-123.75,3,0
31014,4,14.477512185929925,-112.5,5,0
31015,4,14.477512185929925,-101.25,6,0
31016,4,14.477512185929925,-90.0,13,0
31017,4,14.477512185929925,-78.75000000000006,10,0
31018,4,14.477512185929925,-67.5,6,0
31019,4,14.477512185929925,-56.25,6,0
31020,4,14.477512185929925,-45.0,13,0
31021,4,14.477512185929925,-33.75000000000006,6,0
31022,4,14.477512185929925,-22.5,6,0
31023,4,14.477512185929925,-11.25,5,0
31024,4,9.594068226860458,5.625,8,0
31025,4,9.594068226860458,16.875,10,0
31026,4,9.594068226860458,28.125,8,1
31027,4,9.594068226860458,39.375,4,0
31028,4,9.594068226860458,50.625,9,0
31029,4,9.594068226860458,61.875,7,1
31030,4,9.594068226860458,73.125,8,0
31031,4,9.594068226860458,84.375,3,0
31032,4,9.594068226860458,95.625,11,0
31033,4,9.594068226860458,106.875,8,0
31034,4,9.594068226860458,118.125,8,0
31035,4,9.594068226860458,129.375,9,0
31036,4,9.594068226860458,140.625,9,0
31037,4,9.594068226860458,151.875,7,0
31038,4,9.594068226860458,163.125,10,0
31039,4,9.594068226860458,174.375,7,0
31040,4,9.594068226860458,-174.375,9,1
31041,4,9.594068226860458,-163.125,9,0
31042,4,9.594068226860458,-151.875,4,0
31043,4,9.594068226860458,-140.625,4,0
31044,4,9.594068226860458,-129.37500000000006,6,0
31045,4,9.594068226860458,-118.125,3,0
31046,4,9.594068226860458,-106.875,14,0
31047,4,9.594068226860458,-95.625,10,0
31048,4,9.594068226860458,-84.375,14,1
31049,4,9.594068226860458,-73.12500000000006,10,0
31050,4,9.594068226860458,-61.875,6,1
31051,4,9.594068226860458,-50.625,7,0
31052,4,9.594068226860458,-39.375,8,0
31053,4,9.594068226860458,-28.125,8,0
31054,4,9.594068226860458,-16.875,8,0
31055,4,9.594068226860458,-5.625,5,0
31056,4,4.780191847199163,0.0,12,3
31057,4,4.780191847199163,11.25,8,2
31058,4,4.780191847199163,22.5,6,1
31059,4,4.780191847199163,33.75,5,4
31060,4,4.780191847199163,45.0,9,1
31061,4,4.780191847199163,56.25,7,1
31062,4,4.780191847199163,67.5,7,2
31063,4,4.780191847199163,78.75,5,1
31064,4,4.780191847199163,90.0,10,1
31065,4,4.780191847199163,101.25,8,0
31066,4,4.780191847199163,112.5,8,2
31067,4,4.780191847199163,123.75,9,0
31068,4,4.780191847199163,135.0,9,1
31069,4,4.780191847199163,146.25,10,2
31070,4,4.780191847199163,157.5,6,1
31071,4,4.780191847199163,168.75,8,2
31072,4,4.780191847199163,-180.0,7,4
31073,4,4.780191847199163,-168.75,9,1
31074,4,4.780191847199163,-157.5,9,0
31075,4,4.780191847199163,-146.25,1,0
31076,4,4.780191847199163,-135.0,3,0
31077,4,4.780191847199163,-123.75,10,3
31078,4,4.780191847199163,-112.5,8,3
31079,4,4.780191847199163,-101.25,10,0
31080,4,4.780191847199163,-90.0,7,1
31081,4,4.780191847199163,-78.75000000000006,11,2
31082,4,4.780191847199163,-67.5,10,0
31083,4,4.780191847199163,-56.25,8,2
31084,4,4.780191847199163,-45.0,4,2
31085,4,4.780191847199163,-33.75000000000006,9,2
31086,4,4.780191847199163,-22.5,8,3
31087,4,4.780191847199163,-11.25,11,0
31088,4,0.0,5.625,11,4
31089,4,0.0,16.875,5,5
31090,4,0.0,28.125,7,1
31091,4,0.0,39.375,8,4
31092,4,0.0,50.625,12,0
31093,4,0.0,61.875,9,5
31094,4,0.0,73.125,5,4
31095,4,0.0,84.375,6,2
31096,4,0.0,95.625,9,1
31097,4,0.0,106.875,10,1
31098,4,0.0,118.125,6,5
31099,4,0.0,129.375,10,3
31100,4,0.0,140.625,8,4
31101,4,0.0,151.875,5,1
31102,4,0.0,163.125,11,5
31103,4,0.0,174.375,6,2
31104,4,0.0,-174.375,10,4
31105,4,0.0,-163.125,5,5
31106,4,0.0,-151.875,4,2
31107,4,0.0,-140.625,6,4
31108,4,0.0,-129.37500000000006,10,3
31109,4,0.0,-118.125,7,1
31110,4,0.0,-106.875,7,4
31111,4,0.0,-95.625,8,2
31112,4,0.0,-84.375,10,5
31113,4,0.0,-73.12500000000006,4,2
31114,4,0.0,-61.875,3,4
31115,4,0.0,-50.625,3,4
31116,4,0.0,-39.375,7,5
31117,4,0.0,-28.125,10,2
31118,4,0.0,-16.875,8,8
31119,4,0.0,-5.625,7,2
31120,4,-4.780191847199163,0.0,7,2
31121,4,-4.780191847199163,11.25,7,3
31122,4,-4.780191847199163,22.5,10,0
31123,4,-4.780191847199163,33.75,9,3
31124,4,-4.780191847199163,45.0,11,0
31125,4,-4.780191847199163,56.25,7,2
31126,4,-4.780191847199163,67.5,11,1
31127,4,-4.780191847199163,78.75,10,1
31128,4,-4.780191847199163,90.0,9,2
31129,4,-4.780191847199163,101.25,4,1
31130,4,-4.780191847199163,112.5,8,1
31131,4,-4.780191847199163,123.75,8,2
31132,4,-4.780191847199163,135.0,7,4
31133,4,-4.780191847199163,146.25,3,1
31134,4,-4.780191847199163,157.5,16,2
31135,4,-4.780191847199163,168.75,10,3
31136,4,-4.780191847199163,-180.0,9,1
31137,4,-4.780191847199163,-168.75,8,2
31138,4,-4.780191847199163,-157.5,8,4
31139,4,-4.780191847199163,-146.25,6,3
31140,4,-4.780191847199163,-135.0,10,1
31141,4,-4.780191847199163,-123.75,7,0
31142,4,-4.780191847199163,-112.5,7,2
31143,4,-4.780191847199163,-101.25,8,0
31144,4,-4.780191847199163,-90.0,12,2
31145,4,-4.780191847199163,-78.75000000000006,8,1
31146,4,-4.780191847199163,-67.5,6,2
31147,4,-4.780191847199163,-56.25,6,0
31148,4,-4.780191847199163,-45.0,5,5
31149,4,-4.780191847199163,-33.75000000000006,9,2
31150,4,-4.780191847199163,-22.5,5,3
31151,4,-4.780191847199163,-11.25,4,3
31152,4,-9.594068226860458,5.625,12,0
31153,4,-9.594068226860458,16.875,9,1
31154,4,-9.594068226860458,28.125,10,0
31155,4,-9.594068226860458,39.375,9,0
31156,4,-9.594068226860458,50.625,7,0
31157,4,-9.594068226860458,61.875,10,0
31158,4,-9.594068226860458,73.125,9,0
31159,4,-9.594068226860458,84.375,7,0
31160,4,-9.594068226860458,95.625,8,0
31161,4,-9.594068226860458,106.875,8,0
31162,4,-9.594068226860458,118.125,6,0
31163,4,-9.594068226860458,129.375,10,0
31164,4,-9.594068226860458,140.625,6,0
31165,4,-9.594068226860458,151.875,9,0
31166,4,-9.594068226860458,163.125,11,0
31167,4,-9.594068226860458,174.375,14,0
31168,4,-9.594068226860458,-174.375,9,0
31169,4,-9.594068226860458,-163.125,7,0
31170,4,-9.594068226860458,-151.875,8,0
31171,4,-9.594068226860458,-140.625,9,1
31172,4,-9.594068226860458,-129.37500000000006,5,0
31173,4,-9.594068226860458,-118.125,5,0
31174,4,-9.594068226860458,-106.875,5,0
31175,4,-9.594068226860458,-95.625,5,0
31176,4,-9.594068226860458,-84.375,11,0
31177,4,-9.594068226860458,-73.12500000000006,9,0
31178,4,-9.594068226860458,-61.875,11,0
31179,4,-9.594068226860458,-50.625,6,0
31180,4,-9.594068226860458,-39.375,9,0
31181,4,-9.594068226860458,-28.125,10,0
31182,4,-9.594068226860458,-16.875,3,0
31183,4,-9.594068226860458,-5.625,2,0
31184,4,-14.477512185929925,0.0,8,0
31185,4,-14.477512185929925,11.25,14,0
31186,4,-14.477512185929925,22.5,8,0
31187,4,-14.477512185929925,33.75,10,0
31188,4,-14.477512185929925,45.0,16,0
31189,4,-14.477512185929925,56.25,7,0
31190,4,-14.477512185929925,67.5,13,0
31191,4,-14.477512185929925,78.75,10,0
31192,4,-14.477512185929925,90.0,9,0
31193,4,-14.477512185929925,101.25,9,0
31194,4,-14.477512185929925,112.5,6,0
31195,4,-14.477512185929925,123.75,6,0
31196,4,-14.477512185929925,135.0,11,0
31197,4,-14.477512185929925,146.25,2,0
31198,4,-14.477512185929925,157.5,9,0
31199,4,-14.477512185929925,168.75,9,0
31200,4,-14.477512185929925,-180.0,8,0
31201,4,-14.477512185929925,-168.75,6,0
31202,4,-14.477512185929925,-157.5,11,0
31203,4,-14.477512185929925,-146.25,6,0
31204,4,-14.477512185929925,-135.0,8,0
31205,4,-14.477512185929925,-123.75,4,0
31206,4,-14.477512185929925,-112.5,8,0
31207,4,-14.477512185929925,-101.25,9,0
31208,4,-14.477512185929925,-90.0,5,0
31209,4,-14.477512185929925,-78.75000000000006,7,0
31210,4,-14.477512185929925,-67.5,15,0
31211,4,-14.477512185929925,-56.25,5,0
31212,4,-14.477512185929925,-45.0,4,0
31213,4,-14.477512185929925,-33.75000000000006,7,1
31214,4,-14.477512185929925,-22.5,5,0
31215,4,-14.477512185929925,-11.25,8,0
31216,4,-19.47122063449069,5.625,6,0
31217,4,-19.47122063449069,16.875,8,0
31218,4,-19.47122063449069,28.125,3,0
31219,4,-19.47122063449069,39.375,11,0
31220,4,-19.47122063449069,50.625,10,0
31221,4,-19.47122063449069,61.875,6,0
31222,4,-19.47122063449069,73.125,9,0
31223,4,-19.47122063449069,84.375,11,0
31224,4,-19.47122063449069,95.625,8,0
31225,4,-19.47122063449069,106.875,6,0
31226,4,-19.47122063449069,118.125,11,0
31227,4,-19.47122063449069,129.375,10,0
31228,4,-19.47122063449069,140.625,6,0
31229,4,-19.47122063449069,151.875,7,0
31230,4,-19.47122063449069,163.125,6,0
31231,4,-19.47122063449069,174.375,11,0
31232,4,-19.47122063449069,-174.375,7,0
31233,4,-19.47122063449069,-163.125,12,0
31234,4,-19.47122063449069,-151.875,9,0
31235,4,-19.47122063449069,-140.625,6,0
31236,4,-19.47122063449069,-129.37500000000006,13,0
31237,4,-19.47122063449069,-118.125,7,0
31238,4,-19.47122063449069,-106.875,6,0
31239,4,-19.47122063449069,-95.625,4,0
31240,4,-19.47122063449069,-84.375,6,0
31241,4,-19.47122063449069,-73.12500000000006,6,0
31242,4,-19.47122063449069,-61.875,6,0
31243,4,-19.47122063449069,-50.625,6,0
31244,4,-19.47122063449069,-39.375,13,1
31245,4,-19.47122063449069,-28.125,8,0
31246,4,-19.47122063449069,-16.875,4,0
31247,4,-19.47122063449069,-5.625,11,0
31248,4,-24.62431835216408,0.0,7,0
31249,4,-24.62431835216408,11.25,3,0
31250,4,-24.62431835216408,22.5,7,1
31251,4,-24.62431835216408,33.75,8,0
31252,4,-24.62431835216408,45.0,9,0
31253,4,-24.62431835216408,56.25,3,0
31254,4,-24.62431835216408,67.5,6,0
31255,4,-24.62431835216408,78.75,8,0
31256,4,-24.62431835216408,90.0,8,0
31257,4,-24.62431835216408,101.25,5,0
31258,4,-24.62431835216408,112.5,8,0
31259,4,-24.62431835216408,123.75,5,0
31260,4,-24.62431835216408,135.0,9,0
31261,4,-24.62431835216408,146.25,4,0
31262,4,-24.62431835216408,157.5,10,0
31263,4,-24.62431835216408,168.75,9,0
31264,4,-24.62431835216408,-180.0,8,0
31265,4,-24.62431835216408,-168.75,12,0
31266,4,-24.62431835216408,-157.5,4,0
31267,4,-24.62431835216408,-146.25,8,0
31268,4,-24.62431835216408,-135.0,11,0
31269,4,-24.62431835216408,-123.75,14,0
31270,4,-24.62431835216408,-112.5,6,0
31271,4,-24.62431835216408,-101.25,5,0
31272,4,-24.62431835216408,-90.0,11,0
31273,4,-24.62431835216408,-78.75000000000006,9,0
31274,4,-24.62431835216408,-67.5,5,0
31275,4,-24.62431835216408,-56.25,8,1
31276,4,-24.62431835216408,-45.0,11,0
31277,4,-24.62431835216408,-33.75000000000006,12,0
31278,4,-24.62431835216408,-22.5,4,0
31279,4,-24.62431835216408,-11.25,3,0
31280,4,-30.000000000000014,5.625,7,0
31281,4,-30.000000000000014,16.875,8,0
31282,4,-30.000000000000014,28.125,11,0
31283,4,-30.000000000000014,39.375,6,0
31284,4,-30.000000000000014,50.625,6,0
31285,4,-30.000000000000014,61.875,5,0
31286,4,-30.000000000000014,73.125,8,0
31287,4,-30.000000000000014,84.375,10,0
31288,4,-30.000000000000014,95.625,4,0
31289,4,-30.000000000000014,106.875,6,0
31290,4,-30.000000000000014,118.125,2,0
31291,4,-30.000000000000014,129.375,3,0
31292,4,-30.000000000000014,140.625,8,0
31293,4,-30.000000000000014,151.875,5,0
31294,4,-30.000000000000014,163.125,10,0
31295,4,-30.000000000000014,174.375,6,0
31296,4,-30.000000000000014,-174.375,11,0
31297,4,-30.000000000000014,-163.125,10,0
31298,4,-30.000000000000014,-151.875,8,0
31299,4,-30.000000000000014,-140.625,7,0
31300,4,-30.000000000000014,-129.37500000000006,14,0
31301,4,-30.000000000000014,-118.125,10,0
31302,4,-30.000000000000014,-106.875,8,0
31303,4,-30.000000000000014,-95.625,15,0
31304,4,-30.000000000000014,-84.375,6,0
31305,4,-30.000000000000014,-73.12500000000006,12,0
31306,4,-30.000000000000014,-61.875,11,0
31307,4,-30.000000000000014,-50.625,9,0
31308,4,-30.000000000000014,-39.375,8,0
31309,4,-30.000000000000014,-28.125,11,0
31310,4,-30.000000000000014,-16.875,4,0
31311,4,-30.000000000000014,-5.625,1,0
31312,4,-35.68533471265205,0.0,5,0
31313,4,-35.68533471265205,11.25,8,0
31314,4,-35.68533471265205,22.5,10,0
31315,4,-35.68533471265205,33.75,7,0
31316,4,-35.68533471265205,45.0,7,0
31317,4,-35.68533471265205,56.25,4,0
31318,4,-35.68533471265205,67.5,9,0
31319,4,-35.68533471265205,78.75,14,0
31320,4,-35.68533471265205,90.0,8,0
31321,4,-35.68533471265205,101.25,9,0
31322,4,-35.68533471265205,112.5,10,0
31323,4,-35.68533471265205,123.75,6,0
31324,4,-35.68533471265205,135.0,2,0
31325,4,-35.68533471265205,146.25,8,0
31326,4,-35.68533471265205,157.5,6,0
31327,4,-35.68533471265205,168.75,8,0
31328,4,-35.68533471265205,-180.0,17,0
31329,4,-35.68533471265205,-168.75,4,0
31330,4,-35.68533471265205,-157.5,8,0
31331,4,-35.68533471265205,-146.25,8,0
31332,4,-35.68533471265205,-135.0,10,0
31333,4,-35.68533471265205,-123.75,14,0
31334,4,-35.68533471265205,-112.5,11,0
31335,4,-35.68533471265205,-101.25,8,0
31336,4,-35.68533471265205,-90.0,11,0
31337,4,-35.68533471265205,-78.75000000000006,8,0
31338,4,-35.68533471265205,-67.5,3,0
31339,4,-35.68533471265205,-56.25,4,0
31340,4,-35.68533471265205,-45.0,8,0
31341,4,-35.68533471265205,-33.75000000000006,4,0
31342,4,-35.68533471265205,-22.5,6,0
31343,4,-35.68533471265205,-11.25,4,0
31344,4,-41.81031489577862,5.625,7,0
31345,4,-41.81031489577862,16.875,6,0
31346,4,-41.81031489577862,28.125,10,0
31347,4,-41.81031489577862,39.375,3,0
31348,4,-41.81031489577862,50.625,12,0
31349,4,-41.81031489577862,61.875,7,0
31350,4,-41.81031489577862,73.125,9,0
31351,4,-41.81031489577862,84.375,7,0
31352,4,-41.81031489577862,95.625,7,0
31353,4,-41.81031489577862,106.875,7,0
31354,4,-41.81031489577862,118.125,13,0
31355,4,-41.81031489577862,129.375,12,0
31356,4,-41.81031489577862,140.625,7,0
31357,4,-41.81031489577862,151.875,12,0
31358,4,-41.81031489577862,163.125,11,0
31359,4,-41.81031489577862,174.375,9,0
31360,4,-41.81031489577862,-174.375,7,0
31361,4,-41.81031489577862,-163.125,9,0
31362,4,-41.81031489577862,-151.875,5,0
31363,4,-41.81031489577862,-140.625,11,0
31364,4,-41.81031489577862,-129.37500000000006,9,0
31365,4,-41.81031489577862,-118.125,9,0
31366,4,-41.81031489577862,-106.875,13,0
31367,4,-41.81031489577862,-95.625,14,0
31368,4,-41.81031489577862,-84.375,7,0
31369,4,-41.81031489577862,-73.12500000000006,10,0
31370,4,-41.81031489577862,-61.875,3,0
31371,4,-41.81031489577862,-50.625,5,0
31372,4,-41.81031489577862,-39.375,3,0
31373,4,-41.81031489577862,-28.125,5,0
31374,4,-41.81031489577862,-16.875,5,0
31375,4,-41.81031489577862,-5.625,0,0
31376,4,-48.1412077943603,6.428571428571416,7,0
31377,4,-48.1412077943603,19.285714285714278,8,0
31378,4,-48.1412077943603,32.14285714285714,9,0
31379,4,-48.1412077943603,45.0,7,0
31380,4,-48.1412077943603,57.85714285714286,7,0
31381,4,-48.1412077943603,70.71428571428572,4,0
31382,4,-48.1412077943603,83.57142857142856,6,0
31383,4,-48.1412077943603,96.42857142857144,6,0
31384,4,-48.1412077943603,109.28571428571428,11,0
31385,4,-48.1412077943603,122.14285714285711,10,0
31386,4,-48.1412077943603,135.0,9,0
31387,4,-48.1412077943603,147.8571428571429,18,0
31388,4,-48.1412077943603,160.71428571428572,8,0
31389,4,-48.1412077943603,173.57142857142856,4,0
31390,4,-48.1412077943603,-173.57142857142856,12,0
31391,4,-48.1412077943603,-160.71428571428572,4,1
31392,4,-48.1412077943603,-147.8571428571429,6,0
31393,4,-48.1412077943603,-135.0,7,0
31394,4,-48.1412077943603,-122.14285714285711,7,0
31395,4,-48.1412077943603,-109.28571428571428,10,0
31396,4,-48.1412077943603,-96.42857142857144,9,0
31397,4,-48.1412077943603,-83.57142857142856,5,0
31398,4,-48.1412077943603,-70.71428571428572,9,0
31399,4,-48.1412077943603,-57.85714285714283,6,0
31400,4,-48.1412077943603,-45.0,7,0
31401,4,-48.1412077943603,-32.14285714285717,10,0
31402,4,-48.1412077943603,-19.28571428571422,5,0
31403,4,-48.1412077943603,-6.428571428571445,7,0
31404,4,-54.340912303861245,7.5,5,0
31405,4,-54.340912303861245,22.5,5,0
31406,4,-54.340912303861245,37.5,9,0
31407,4,-54.340912303861245,52.5,3,0
31408,4,-54.340912303861245,67.5,9,0
31409,4,-54.340912303861245,82.5,8,0
31410,4,-54.340912303861245,97.5,9,0
31411,4,-54.340912303861245,112.5,7,0
31412,4,-54.340912303861245,127.5,9,0
31413,4,-54.340912303861245,142.5,9,0
31414,4,-54.340912303861245,157.5,13,0
31415,4,-54.340912303861245,172.5,8,0
31416,4,-54.340912303861245,-172.5,12,0
31417,4,-54.340912303861245,-157.5,3,0
31418,4,-54.340912303861245,-142.5,9,0
31419,4,-54.340912303861245,-127.5,11,0
31420,4,-54.340912303861245,-112.5,12,0
31421,4,-54.340912303861245,-97.5,10,0
31422,4,-54.340912303861245,-82.5,5,0
31423,4,-54.340912303861245,-67.5,10,0
31424,4,-54.340912303861245,-52.50000000000006,4,0
31425,4,-54.340912303861245,-37.5,5,0
31426,4,-54.340912303861245,-22.5,6,0
31427,4,-54.340912303861245,-7.5,8,0
31428,4,-60.4344388449523,9.0,7,0
31429,4,-60.4344388449523,27.0,7,0
31430,4,-60.4344388449523,45.0,7,0
31431,4,-60.4344388449523,63.0,8,0
31432,4,-60.4344388449523,81.0,8,0
31433,4,-60.4344388449523,99.0,8,0
31434,4,-60.4344388449523,117.0,4,0
31435,4,-60.4344388449523,135.0,6,0
31436,4,-60.4344388449523,153.0,8,0
31437,4,-60.4344388449523,171.0,10,0
31438,4,-60.4344388449523,-171.0,7,0
31439,4,-60.4344388449523,-153.0,11,0
31440,4,-60.4344388449523,-135.0,8,0
31441,4,-60.4344388449523,-117.0,7,0
31442,4,-60.4344388449523,-99.0,7,0
31443,4,-60.4344388449523,-81.0,3,0
31444,4,-60.4344388449523,-63.0,6,0
31445,4,-60.4344388449523,-45.0,15,1
31446,4,-60.4344388449523,-27.0,7,0
31447,4,-60.4344388449523,-9.0,9,0
31448,4,-66.44353569089876,11.25,7,0
31449,4,-66.44353569089876,33.75,5,0
31450,4,-66.44353569089876,56.25,7,0
31451,4,-66.44353569089876,78.75,6,0
31452,4,-66.44353569089876,101.25,6,0
31453,4,-66.44353569089876,123.75,6,0
31454,4,-66.44353569089876,146.25,11,0
31455,4,-66.44353569089876,168.75,8,0
31456,4,-66.44353569089876,-168.75,10,0
31457,4,-66.44353569089876,-146.25,9,0
31458,4,-66.44353569089876,-123.75,5,0
31459,4,-66.44353569089876,-101.25,7,0
31460,4,-66.44353569089876,-78.75,5,0
31461,4,-66.44353569089876,-56.25,10,0
31462,4,-66.44353569089876,-33.75,19,0
31463,4,-66.44353569089876,-11.25,12,0
31464,4,-72.38756092964962,15.0,7,0
31465,4,-72.38756092964962,45.0,2,0
31466,4,-72.38756092964962,75.0,6,0
31467,4,-72.38756092964962,105.0,7,0
31468,4,-72.38756092964962,135.0,5,0
31469,4,-72.38756092964962,165.0,11,0
31470,4,-72.38756092964962,-165.0,10,0
31471,4,-72.38756092964962,-135.0,8,0
31472,4,-72.38756092964962,-105.0,5,0
31473,4,-72.38756092964962,-75.0,4,0
31474,4,-72.38756092964962,-45.0,5,0
31475,4,-72.38756092964962,-15.0,10,0
31476,4,-78.28414760510762,22.5,7,0
31477,4,-78.28414760510762,67.5,5,0
31478,4,-78.28414760510762,112.5,5,0
31479,4,-78.28414760510762,157.5,9,0
31480,4,-78.28414760510762,-157.5,9,0
31481,4,-78.28414760510762,-112.5,7,0
31482,4,-78.28414760510762,-67.5,3,0
31483,4,-78.28414760510762,-22.5,4,0
31484,4,-84.14973293629666,45.0,8,0
31485,4,-84.14973293629666,135.0,6,0
31486,4,-84.14973293629666,-135.0,6,0
31487,4,-84.14973293629666,-45.0,7,0
31488,4,84.14973293629666,45.0,4,0
31489,4,84.14973293629666,135.0,6,0
31490,4,84.14973293629666,-135.0,5,0
31491,4,84.14973293629666,-45.0,5,0
31492,4,78.28414760510762,22.5,8,0
31493,4,78.28414760510762,67.5,5,0
31494,4,78.28414760510762,112.5,9,0
31495,4,78.28414760510762,157.5,6,0
31496,4,78.28414760510762,-157.5,5,0
31497,4,78.28414760510762,-112.5,4,0
31498,4,78.28414760510762,-67.5,5,0
31499,4,78.28414760510762,-22.5,10,0
31500,4,72.38756092964962,15.0,5,0
31501,4,72.38756092964962,45.0,8,0
31502,4,72.38756092964962,75.0,12,0
31503,4,72.38756092964962,105.0,12,0
31504,4,72.38756092964962,135.0,4,0
31505,4,72.38756092964962,165.0,4,0
31506,4,72.38756092964962,-165.0,6,0
31507,4,72.38756092964962,-135.0,13,0
31508,4,72.38756092964962,-105.0,5,0
31509,4,72.38756092964962,-75.0,6,0
31510,4,72.38756092964962,-45.0,12,0
31511,4,72.38756092964962,-15.0,8,0
31512,4,66.44353569089877,11.25,8,0
31513,4,66.44353569089877,33.75,10,0
31514,4,66.44353569089877,56.25,7,0
31515,4,66.44353569089877,78.75,8,0
31516,4,66.44353569089877,101.25,7,0
31517,4,66.44353569089877,123.75,7,0
31518,4,66.44353569089877,146.25,7,0
31519,4,66.44353569089877,168.75,4,0
31520,4,66.44353569089877,-168.75,13,0
31521,4,66.44353569089877,-146.25,8,0
31522,4,66.44353569089877,-123.75,11,0
31523,4,66.44353569089877,-101.25,11,0
31524,4,66.44353569089877,-78.75,4,0
31525,4,66.44353569089877,-56.25,11,0
31526,4,66.44353569089877,-33.75,12,0
31527,4,66.44353569089877,-11.25,9,0
31528,4,60.43443884495228,9.0,8,0
31529,4,60.43443884495228,27.0,6,0
31530,4,60.43443884495228,45.0,7,0
31531,4,60.43443884495228,63.0,4,0
31532,4,60.43443884495228,81.0,6,0
31533,4,60.43443884495228,99.0,4,0
31534,4,60.43443884495228,117.0,6,0
31535,4,60.43443884495228,135.0,12,0
31536,4,60.43443884495228,153.0,11,0
31537,4,60.43443884495228,171.0,8,0
31538,4,60.43443884495228,-171.0,12,0
31539,4,60.43443884495228,-153.0,5,0
31540,4,60.43443884495228,-135.0,10,0
31541,4,60.43443884495228,-117.0,9,0
31542,4,60.43443884495228,-99.0,11,0
31543,4,60.43443884495228,-81.0,7,0
31544,4,60.43443884495228,-63.0,7,0
31545,4,60.43443884495228,-45.0,14,0
31546,4,60.43443884495228,-27.0,12,0
31547,4,60.43443884495228,-9.0,12,0
31548,4,54.340912303861245,7.5,11,0
31549,4,54.340912303861245,22.5,5,0
31550,4,54.340912303861245,37.5,6,0
31551,4,54.340912303861245,52.5,7,0
31552,4,54.340912303861245,67.5,7,0
31553,4,54.340912303861245,82.5,9,0
31554,4,54.340912303861245,97.5,6,0
31555,4,54.340912303861245,112.5,8,0
31556,4,54.340912303861245,127.5,5,0
31557,4,54.340912303861245,142.5,7,0
31558,4,54.340912303861245,157.5,12,0
31559,4,54.340912303861245,172.5,11,0
31560,4,54.340912303861245,-172.5,6,0
31561,4,54.340912303861245,-157.5,5,0
31562,4,54.340912303861245,-142.5,5,0
31563,4,54.340912303861245,-127.5,6,0
31564,4,54.340912303861245,-112.5,4,0
31565,4,54.340912303861245,-97.5,14,0
31566,4,54.340912303861245,-82.5,6,0
31567,4,54.340912303861245,-67.5,10,0
31568,4,54.340912303861245,-52.50000000000006,8,0
31569,4,54.340912303861245,-37.5,13,0
31570,4,54.340912303861245,-22.5,10,0
31571,4,54.340912303861245,-7.5,10,0
31572,4,48.141207794360284,6.428571428571416,10,0
31573,4,48.141207794360284,19.285714285714278,8,0
31574,4,48.141207794360284,32.14285714285714,7,0
31575,4,48.141207794360284,45.0,8,0
31576,4,48.141207794360284,57.85714285714286,6,0
31577,4,48.141207794360284,70.71428571428572,11,0
31578,4,48.141207794360284,83.57142857142856,12,0
31579,4,48.141207794360284,96.42857142857144,7,0
31580,4,48.141207794360284,109.28571428571428,9,0
31581,4,48.141207794360284,122.14285714285711,11,0
31582,4,48.141207794360284,135.0,5,0
31583,4,48.141207794360284,147.8571428571429,7,0
31584,4,48.141207794360284,160.71428571428572,11,0
31585,4,48.141207794360284,173.57142857142856,5,0
31586,4,48.141207794360284,-173.57142857142856,7,0
31587,4,48.141207794360284,-160.71428571428572,6,0
31588,4,48.141207794360284,-147.8571428571429,7,0
31589,4,48.141207794360284,-135.0,14,0
31590,4,48.141207794360284,-122.14285714285711,7,0
31591,4,48.141207794360284,-109.28571428571428,8,0
31592,4,48.141207794360284,-96.42857142857144,10,0
31593,4,48.141207794360284,-83.57142857142856,5,0
31594,4,48.141207794360284,-70.71428571428572,9,0
31595,4,48.141207794360284,-57.85714285714283,4,0
31596,4,48.141207794360284,-45.0,7,0
31597,4,48.141207794360284,-32.14285714285717,8,0
31598,4,48.141207794360284,-19.28571428571422,8,0
31599,4,48.141207794360284,-6.428571428571445,12,0
31600,4,41.81031489577859,5.625,8,0
31601,4,41.81031489577859,16.875,10,0
31602,4,41.81031489577859,28.125,10,0
31603,4,41.81031489577859,39.375,6,0
31604,4,41.81031489577859,50.625,10,0
31605,4,41.81031489577859,61.875,8,0
31606,4,41.81031489577859,73.125,9,0
31607,4,41.81031489577859,84.375,8,0
31608,4,41.81031489577859,95.625,4,0
31609,4,41.81031489577859,106.875,10,0
31610,4,41.81031489577859,118.125,10,0
31611,4,41.81031489577859,129.375,11,0
31612,4,41.81031489577859,140.625,6,0
31613,4,41.81031489577859,151.875,7,0
31614,4,41.81031489577859,163.125,10,0
31615,4,41.81031489577859,174.375,3,0
31616,4,41.81031489577859,-174.375,9,0
31617,4,41.81031489577859,-163.125,10,0
31618,4,41.81031489577859,-151.875,6,0
31619,4,41.81031489577859,-140.625,14,0
31620,4,41.81031489577859,-129.37500000000006,14,0
31621,4,41.81031489577859,-118.125,6,0
31622,4,41.81031489577859,-106.875,7,0
31623,4,41.81031489577859,-95.625,7,0
31624,4,41.81031489577859,-84.375,9,0
31625,4,41.81031489577859,-73.12500000000006,4,0
31626,4,41.81031489577859,-61.875,5,0
31627,4,41.81031489577859,-50.625,10,0
31628,4,41.81031489577859,-39.375,6,0
31629,4,41.81031489577859,-28.125,7,0
31630,4,41.81031489577859,-16.875,5,0
31631,4,41.81031489577859,-5.625,10,0
31632,4,35.68533471265204,0.0,6,0
31633,4,35.68533471265204,11.25,8,0
31634,4,35.68533471265204,22.5,10,0
31635,4,35.68533471265204,33.75,5,0
31636,4,35.68533471265204,45.0,4,0
31637,4,35.68533471265204,56.25,9,0
31638,4,35.68533471265204,67.5,7,0
31639,4,35.68533471265204,78.75,10,0
31640,4,35.68533471265204,90.0,5,0
31641,4,35.68533471265204,101.25,6,0
31642,4,35.68533471265204,112.5,10,0
31643,4,35.68533471265204,123.75,9,0
31644,4,35.68533471265204,135.0,10,0
31645,4,35.68533471265204,146.25,6,0
31646,4,35.68533471265204,157.5,13,0
31647,4,35.68533471265204,168.75,12,0
31648,4,35.68533471265204,-180.0,5,0
31649,4,35.68533471265204,-168.75,8,0
31650,4,35.68533471265204,-157.5,9,0
31651,4,35.68533471265204,-146.25,8,0
31652,4,35.68533471265204,-135.0,12,0
31653,4,35.68533471265204,-123.75,8,0
31654,4,35.68533471265204,-112.5,9,0
31655,4,35.68533471265204,-101.25,8,0
31656,4,35.68533471265204,-90.0,5,0
31657,4,35.68533471265204,-78.75000000000006,4,0
31658,4,35.68533471265204,-67.5,4,0
31659,4,35.68533471265204,-56.25,9,0
31660,4,35.68533471265204,-45.0,7,0
31661,4,35.68533471265204,-33.75000000000006,11,0
31662,4,35.68533471265204,-22.5,13,0
31663,4,35.68533471265204,-11.25,8,0
31664,4,30.000000000000007,5.625,8,0
31665,4,30.000000000000007,16.875,7,0
31666,4,30.000000000000007,28.125,10,0
31667,4,30.000000000000007,39.375,8,0
31668,4,30.000000000000007,50.625,10,0
31669,4,30.000000000000007,61.875,10,0
31670,4,30.000000000000007,73.125,11,0
31671,4,30.000000000000007,84.375,8,0
31672,4,30.000000000000007,95.625,11,0
31673,4,30.000000000000007,106.875,8,0
31674,4,30.000000000000007,118.125,9,0
31675,4,30.000000000000007,129.375,9,0
31676,4,30.000000000000007,140.625,8,0
31677,4,30.000000000000007,151.875,5,0
31678,4,30.000000000000007,163.125,14,0
31679,4,30.000000000000007,174.375,8,0
31680,4,30.000000000000007,-174.375,7,0
31681,4,30.000000000000007,-163.125,7,0
31682,4,30.000000000000007,-151.875,10,0
31683,4,30.000000000000007,-140.625,12,0
31684,4,30.000000000000007,-129.37500000000006,8,0
31685,4,30.000000000000007,-118.125,8,0
31686,4,30.000000000000007,-106.875,7,0
31687,4,30.000000000000007,-95.625,15,0
31688,4,30.000000000000007,-84.375,10,0
31689,4,30.000000000000007,-73.12500000000006,0,0
31690,4,30.000000000000007,-61.875,6,0
31691,4,30.000000000000007,-50.625,8,0
31692,4,30.000000000000007,-39.375,6,0
31693,4,30.000000000000007,-28.125,10,0
31694,4,30.000000000000007,-16.875,11,0
31695,4,30.000000000000007,-5.625,7,0
31696,4,24.62431835216408,0.0,5,0
31697,4,24.62431835216408,11.25,3,0
31698,4,24.62431835216408,22.5,10,0
31699,4,24.62431835216408,33.75,10,0
31700,4,24.62431835216408,45.0,9,0
31701,4,24.62431835216408,56.25,12,0
31702,4,24.62431835216408,67.5,11,0
31703,4,24.62431835216408,78.75,10,0
31704,4,24.62431835216408,90.0,11,0
31705,4,24.62431835216408,101.25,11,0
31706,4,24.62431835216408,112.5,11,0
31707,4,24.62431835216408,123.75,9,0
31708,4,24.62431835216408,135.0,12,0
31709,4,24.62431835216408,146.25,5,0
31710,4,24.62431835216408,157.5,9,0
31711,4,24.62431835216408,168.75,5,0
31712,4,24.62431835216408,-180.0,7,0
31713,4,24.62431835216408,-168.75,5,0
31714,4,24.62431835216408,-157.5,5,0
31715,4,24.62431835216408,-146.25,6,0
31716,4,24.62431835216408,-135.0,11,0
31717,4,24.62431835216408,-123.75,13,0
31718,4,24.62431835216408,-112.5,8,0
31719,4,24.62431835216408,-101.25,13,0
31720,4,24.62431835216408,-90.0,7,0
31721,4,24.62431835216408,-78.75000000000006,5,0
31722,4,24.62431835216408,-67.5,8,0
31723,4,24.62431835216408,-56.25,9,0
31724,4,24.62431835216408,-45.0,5,0
31725,4,24.62431835216408,-33.75000000000006,4,0
31726,4,24.62431835216408,-22.5,10,0
31727,4,24.62431835216408,-11.25,5,0
31728,4,19.47122063449069,5.625,7,0
31729,4,19.47122063449069,16.875,10,0
31730,4,19.47122063449069,28.125,8,0
31731,4,19.47122063449069,39.375,2,0
31732,4,19.47122063449069,50.625,8,0
31733,4,19.47122063449069,61.875,12,0
31734,4,19.47122063449069,73.125,12,0
31735,4,19.47122063449069,84.375,9,0
31736,4,19.47122063449069,95.625,7,0
31737,4,19.47122063449069,106.875,9,0
31738,4,19.47122063449069,118.125,6,0
31739,4,19.47122063449069,129.375,18,0
31740,4,19.47122063449069,140.625,7,0
31741,4,19.47122063449069,151.875,9,0
31742,4,19.47122063449069,163.125,7,0
31743,4,19.47122063449069,174.375,7,0
31744,4,19.47122063449069,-174.375,4,0
31745,4,19.47122063449069,-163.125,8,0
31746,4,19.47122063449069,-151.875,6,0
31747,4,19.47122063449069,-140.625,8,0
31748,4,19.47122063449069,-129.37500000000006,7,0
31749,4,19.47122063449069,-118.125,6,0
31750,4,19.47122063449069,-106.875,5,0
31751,4,19.47122063449069,-95.625,7,0
31752,4,19.47122063449069,-84.375,2,0
31753,4,19.47122063449069,-73.12500000000006,9,0
31754,4,19.47122063449069,-61.875,5,0
31755,4,19.47122063449069,-50.625,6,0
31756,4,19.47122063449069,-39.375,6,0
31757,4,19.47122063449069,-28.125,7,0
31758,4,19.47122063449069,-16.875,6,0
31759,4,19.47122063449069,-5.625,7,0
31760,4,14.477512185929925,0.0,8,0
31761,4,14.477512185929925,11.25,8,0
31762,4,14.477512185929925,22.5,11,0
31763,4,14.477512185929925,33.75,5,0
31764,4,14.477512185929925,45.0,4,0
31765,4,14.477512185929925,56.25,12,0
31766,4,14.477512185929925,67.5,6,0
31767,4,14.477512185929925,78.75,9,0
31768,4,14.477512185929925,90.0,10,0
31769,4,14.477512185929925,101.25,6,0
31770,4,14.477512185929925,112.5,13,0
31771,4,14.477512185929925,123.75,6,0
31772,4,14.477512185929925,135.0,10,0
31773,4,14.477512185929925,146.25,8,0
31774,4,14.477512185929925,157.5,8,0
31775,4,14.477512185929925,168.75,9,0
31776,4,14.477512185929925,-180.0,3,0
31777,4,14.477512185929925,-168.75,5,0
31778,4,14.477512185929925,-157.5,11,0
31779,4,14.477512185929925,-146.25,7,0
31780,4,14.477512185929925,-135.0,5,0
31781,4,14.477512185929925,-123.75,3,0
31782,4,14.477512185929925,-112.5,5,0
31783,4,14.477512185929925,-101.25,6,0
31784,4,14.477512185929925,-90.0,13,0
31785,4,14.477512185929925,-78.75000000000006,10,0
31786,4,14.477512185929925,-67.5,6,0
31787,4,14.477512185929925,-56.25,6,0
31788,4,14.477512185929925,-45.0,13,0
31789,4,14.477512185929925,-33.75000000000006,6,0
31790,4,14.477512185929925,-22.5,6,0
31791,4,14.477512185929925,-11.25,5,0
31792,4,9.594068226860458,5.625,8,0
31793,4,9.594068226860458,16.875,10,0
31794,4,9.594068226860458,28.125,8,1
31795,4,9.594068226860458,39.375,4,0
31796,4,9.594068226860458,50.625,9,0
31797,4,9.594068226860458,61.875,7,1
31798,4,9.594068226860458,73.125,8,0
31799,4,9.594068226860458,84.375,3,0
31800,4,9.594068226860458,95.625,11,0
31801,4,9.594068226860458,106.875,8,0
31802,4,9.594068226860458,118.125,8,0
31803,4,9.594068226860458,129.375,9,0
31804,4,9.594068226860458,140.625,9,0
31805,4,9.594068226860458,151.875,7,0
31806,4,9.594068226860458,163.125,10,0
31807,4,9.594068226860458,174.375,7,0
31808,4,9.594068226860458,-174.375,9,1
31809,4,9.594068226860458,-163.125,9,0
31810,4,9.594068226860458,-151.875,4,0
31811,4,9.594068226860458,-140.625,4,0
31812,4,9.594068226860458,-129.37500000000006,6,0
31813,4,9.594068226860458,-118.125,3,0
31814,4,9.594068226860458,-106.875,14,0
31815,4,9.594068226860458,-95.625,10,0
31816,4,9.594068226860458,-84.375,14,1
31817,4,9.594068226860458,-73.12500000000006,10,0
31818,4,9.594068226860458,-61.875,6,1
31819,4,9.594068226860458,-50.625,7,0
31820,4,9.594068226860458,-39.375,8,0
31821,4,9.594068226860458,-28.125,8,0
31822,4,9.594068226860458,-16.875,8,0
31823,4,9.594068226860458,-5.625,5,0
31824,4,4.780191847199163,0.0,12,3
31825,4,4.780191847199163,11.25,8,2
31826,4,4.780191847199163,22.5,6,1
31827,4,4.780191847199163,33.75,5,4
31828,4,4.780191847199163,45.0,9,1
31829,4,4.780191847199163,56.25,7,1
31830,4,4.780191847199163,67.5,7,2
31831,4,4.780191847199163,78.75,5,1
31832,4,4.780191847199163,90.0,10,1
31833,4,4.780191847199163,101.25,8,0
31834,4,4.780191847199163,112.5,8,2
31835,4,4.780191847199163,123.75,9,0
31836,4,4.780191847199163,135.0,9,1
31837,4,4.780191847199163,146.25,10,2
31838,4,4.780191847199163,157.5,6,1
31839,4,4.780191847199163,168.75,8,2
31840,4,4.780191847199163,-180.0,7,4
31841,4,4.780191847199163,-168.75,9,1
31842,4,4.780191847199163,-157.5,9,0
31843,4,4.780191847199163,-146.25,1,0
31844,4,4.780191847199163,-135.0,3,0
31845,4,4.780191847199163,-123.75,10,3
31846,4,4.780191847199163,-112.5,8,3
31847,4,4.780191847199163,-101.25,10,0
31848,4,4.780191847199163,-90.0,7,1
31849,4,4.780191847199163,-78.75000000000006,11,2
31850,4,4.780191847199163,-67.5,10,0
31851,4,4.780191847199163,-56.25,8,2
31852,4,4.780191847199163,-45.0,4,2
31853,4,4.780191847199163,-33.75000000000006,9,2
31854,4,4.780191847199163,-22.5,8,3
31855,4,4.780191847199163,-11.25,11,0
31856,4,0.0,5.625,11,4
31857,4,0.0,16.875,5,5
31858,4,0.0,28.125,7,1
31859,4,0.0,39.375,8,4
31860,4,0.0,50.625,12,0
31861,4,0.0,61.875,9,5
31862,4,0.0,73.125,5,4
31863,4,0.0,84.375,6,2
31864,4,0.0,95.625,9,1
31865,4,0.0,106.875,10,1
31866,4,0.0,118.125,6,5
31867,4,0.0,129.375,10,3
31868,4,0.0,140.625,8,4
31869,4,0.0,151.875,5,1
31870,4,0.0,163.125,11,5
31871,4,0.0,174.375,6,2
31872,4,0.0,-174.375,10,4
31873,4,0.0,-163.125,5,5
31874,4,0.0,-151.875,4,2
31875,4,0.0,-140.625,6,4
31876,4,0.0,-129.37500000000006,10,3
31877,4,0.0,-118.125,7,1
31878,4,0.0,-106.875,7,4
31879,4,0.0,-95.625,8,2
31880,4,0.0,-84.375,10,5
31881,4,0.0,-73.12500000000006,4,2
31882,4,0.0,-61.875,3,4
31883,4,0.0,-50.625,3,4
31884,4,0.0,-39.375,7,5
31885,4,0.0,-28.125,10,2
31886,4,0.0,-16.875,8,8
31887,4,0.0,-5.625,7,2
31888,4,-4.780191847199163,0.0,7,2
31889,4,-4.780191847199163,11.25,7,3
31890,4,-4.780191847199163,22.5,10,0
31891,4,-4.780191847199163,33.75,9,3
31892,4,-4.780191847199163,45.0,11,0
31893,4,-4.780191847199163,56.25,7,2
31894,4,-4.780191847199163,67.5,11,1
31895,4,-4.780191847199163,78.75,10,1
31896,4,-4.780191847199163,90.0,9,2
31897,4,-4.780191847199163,101.25,4,1
31898,4,-4.780191847199163,112.5,8,1
31899,4,-4.780191847199163,123.75,8,2
31900,4,-4.780191847199163,135.0,7,4
31901,4,-4.780191847199163,146.25,3,1
31902,4,-4.780191847199163,157.5,16,2
31903,4,-4.780191847199163,168.75,10,3
31904,4,-4.780191847199163,-180.0,9,1
31905,4,-4.780191847199163,-168.75,8,2
31906,4,-4.780191847199163,-157.5,8,4
31907,4,-4.780191847199163,-146.25,6,3
31908,4,-4.780191847199163,-135.0,10,1
31909,4,-4.780191847199163,-123.75,7,0
31910,4,-4.780191847199163,-112.5,7,2
31911,4,-4.780191847199163,-101.25,8,0
31912,4,-4.780191847199163,-90.0,12,2
31913,4,-4.780191847199163,-78.75000000000006,8,1
31914,4,-4.780191847199163,-67.5,6,2
31915,4,-4.780191847199163,-56.25,6,0
31916,4,-4.780191847199163,-45.0,5,5
31917,4,-4.780191847199163,-33.75000000000006,9,2
31918,4,-4.780191847199163,-22.5,5,3
31919,4,-4.780191847199163,-11.25,4,3
31920,4,-9.594068226860458,5.625,12,0
31921,4,-9.594068226860458,16.875,9,1
31922,4,-9.594068226860458,28.125,10,0
31923,4,-9.594068226860458,39.375,9,0
31924,4,-9.594068226860458,50.625,7,0
31925,4,-9.594068226860458,61.875,10,0
31926,4,-9.594068226860458,73.125,9,0
31927,4,-9.594068226860458,84.375,7,0
31928,4,-9.594068226860458,95.625,8,0
31929,4,-9.594068226860458,106.875,8,0
31930,4,-9.594068226860458,118.125,6,0
31931,4,-9.594068226860458,129.375,10,0
31932,4,-9.594068226860458,140.625,6,0
31933,4,-9.594068226860458,151.875,9,0
31934,4,-9.594068226860458,163.125,11,0
31935,4,-9.594068226860458,174.375,14,0
31936,4,-9.594068226860458,-174.375,9,0
31937,4,-9.594068226860458,-163.125,7,0
31938,4,-9.594068226860458,-151.875,8,0
31939,4,-9.594068226860458,-140.625,9,1
31940,4,-9.594068226860458,-129.37500000000006,5,0
31941,4,-9.594068226860458,-118.125,5,0
31942,4,-9.594068226860458,-106.875,5,0
31943,4,-9.594068226860458,-95.625,5,0
31944,4,-9.594068226860458,-84.375,11,0
31945,4,-9.594068226860458,-73.12500000000006,9,0
31946,4,-9.594068226860458,-61.875,11,0
31947,4,-9.594068226860458,-50.625,6,0
31948,4,-9.594068226860458,-39.375,9,0
31949,4,-9.594068226860458,-28.125,10,0
31950,4,-9.594068226860458,-16.875,3,0
31951,4,-9.594068226860458,-5.625,2,0
31952,4,-14.477512185929925,0.0,8,0
31953,4,-14.477512185929925,11.25,14,0
31954,4,-14.477512185929925,22.5,8,0
31955,4,-14.477512185929925,33.75,10,0
31956,4,-14.477512185929925,45.0,16,0
31957,4,-14.477512185929925,56.25,7,0
31958,4,-14.477512185929925,67.5,13,0
31959,4,-14.477512185929925,78.75,10,0
31960,4,-14.477512185929925,90.0,9,0
31961,4,-14.477512185929925,101.25,9,0
31962,4,-14.477512185929925,112.5,6,0
31963,4,-14.477512185929925,123.75,6,0
31964,4,-14.477512185929925,135.0,11,0
31965,4,-14.477512185929925,146.25,2,0
31966,4,-14.477512185929925,157.5,9,0
31967,4,-14.477512185929925,168.75,9,0
31968,4,-14.477512185929925,-180.0,8,0
31969,4,-14.477512185929925,-168.75,6,0
31970,4,-14.477512185929925,-157.5,11,0
31971,4,-14.477512185929925,-146.25,6,0
31972,4,-14.477512185929925,-135.0,8,0
31973,4,-14.477512185929925,-123.75,4,0
31974,4,-14.477512185929925,-112.5,8,0
31975,4,-14.477512185929925,-101.25,9,0
31976,4,-14.477512185929925,-90.0,5,0
31977,4,-14.477512185929925,-78.75000000000006,7,0
31978,4,-14.477512185929925,-67.5,15,0
31979,4,-14.477512185929925,-56.25,5,0
31980,4,-14.477512185929925,-45.0,4,0
31981,4,-14.477512185929925,-33.75000000000006,7,1
31982,4,-14.477512185929925,-22.5,5,0
31983,4,-14.477512185929925,-11.25,8,0
31984,4,-19.47122063449069,5.625,6,0
31985,4,-19.47122063449069,16.875,8,0
31986,4,-19.47122063449069,28.125,3,0
31987,4,-19.47122063449069,39.375,11,0
31988,4,-19.47122063449069,50.625,10,0
31989,4,-19.47122063449069,61.875,6,0
31990,4,-19.47122063449069,73.125,9,0
31991,4,-19.47122063449069,84.375,11,0
31992,4,-19.47122063449069,95.625,8,0
31993,4,-19.47122063449069,106.875,6,0
31994,4,-19.47122063449069,118.125,11,0
31995,4,-19.47122063449069,129.375,10,0
31996,4,-19.47122063449069,140.625,6,0
31997,4,-19.47122063449069,151.875,7,0
31998,4,-19.47122063449069,163.125,6,0
31999,4,-19.47122063449069,174.375,11,0
32000,4,-19.47122063449069,-174.375,7,0
32001,4,-19.47122063449069,-163.125,12,0
32002,4,-19.47122063449069,-151.875,9,0
32003,4,-19.47122063449069,-140.625,6,0
32004,4,-19.47122063449069,-129.37500000000006,13,0
32005,4,-19.47122063449069,-118.125,7,0
32006,4,-19.47122063449069,-106.875,6,0
32007,4,-19.47122063449069,-95.625,4,0
32008,4,-19.47122063449069,-84.375,6,0
32009,4,-19.47122063449069,-73.12500000000006,6,0
32010,4,-19.47122063449069,-61.875,6,0
32011,4,-19.47122063449069,-50.625,6,0
32012,4,-19.47122063449069,-39.375,13,1
32013,4,-19.47122063449069,-28.125,8,0
32014,4,-19.47122063449069,-16.875,4,0
32015,4,-19.47122063449069,-5.625,11,0
32016,4,-24.62431835216408,0.0,7,0
32017,4,-24.62431835216408,11.25,3,0
32018,4,-24.62431835216408,22.5,7,1
32019,4,-24.62431835216408,33.75,8,0
32020,4,-24.62431835216408,45.0,9,0
32021,4,-24.62431835216408,56.25,3,0
32022,4,-24.62431835216408,67.5,6,0
32023,4,-24.62431835216408,78.75,8,0
32024,4,-24.62431835216408,90.0,8,0
32025,4,-24.62431835216408,101.25,5,0
32026,4,-24.62431835216408,112.5,8,0
32027,4,-24.62431835216408,123.75,5,0
32028,4,-24.62431835216408,135.0,9,0
32029,4,-24.62431835216408,146.25,4,0
32030,4,-24.62431835216408,157.5,10,0
32031,4,-24.62431835216408,168.75,9,0
32032,4,-24.62431835216408,-180.0,8,0
32033,4,-24.62431835216408,-168.75,12,0
32034,4,-24.62431835216408,-157.5,4,0
32035,4,-24.62431835216408,-146.25,8,0
32036,4,-24.62431835216408,-135.0,11,0
32037,4,-24.62431835216408,-123.75,14,0
32038,4,-24.62431835216408,-112.5,6,0
32039,4,-24.62431835216408,-101.25,5,0
32040,4,-24.62431835216408,-90.0,11,0
32041,4,-24.62431835216408,-78.75000000000006,9,0
32042,4,-24.62431835216408,-67.5,5,0
32043,4,-24.62431835216408,-56.25,8,1
32044,4,-24.62431835216408,-45.0,11,0
32045,4,-24.62431835216408,-33.75000000000006,12,0
32046,4,-24.62431835216408,-22.5,4,0
32047,4,-24.62431835216408,-11.25,3,0
32048,4,-30.000000000000014,5.625,7,0
32049,4,-30.000000000000014,16.875,8,0
32050,4,-30.000000000000014,28.125,11,0
32051,4,-30.000000000000014,39.375,6,0
32052,4,-30.000000000000014,50.625,6,0
32053,4,-30.000000000000014,61.875,5,0
32054,4,-30.000000000000014,73.125,8,0
32055,4,-30.000000000000014,84.375,10,0
32056,4,-30.000000000000014,95.625,4,0
32057,4,-30.000000000000014,106.875,6,0
32058,4,-30.000000000000014,118.125,2,0
32059,4,-30.000000000000014,129.375,3,0
32060,4,-30.000000000000014,140.625,8,0
32061,4,-30.000000000000014,151.875,5,0
32062,4,-30.000000000000014,163.125,10,0
32063,4,-30.000000000000014,174.375,6,0
32064,4,-30.000000000000014,-174.375,11,0
32065,4,-30.000000000000014,-163.125,10,0
32066,4,-30.000000000000014,-151.875,8,0
32067,4,-30.000000000000014,-140.625,7,0
32068,4,-30.000000000000014,-129.37500000000006,14,0
32069,4,-30.000000000000014,-118.125,10,0
32070,4,-30.000000000000014,-106.875,8,0
32071,4,-30.000000000000014,-95.625,15,0
32072,4,-30.000000000000014,-84.375,6,0
32073,4,-30.000000000000014,-73.12500000000006,12,0
32074,4,-30.000000000000014,-61.875,11,0
32075,4,-30.000000000000014,-50.625,9,0
32076,4,-30.000000000000014,-39.375,8,0
32077,4,-30.000000000000014,-28.125,11,0
32078,4,-30.000000000000014,-16.875,4,0
32079,4,-30.000000000000014,-5.625,1,0
32080,4,-35.68533471265205,0.0,5,0
32081,4,-35.68533471265205,11.25,8,0
32082,4,-35.68533471265205,22.5,10,0
32083,4,-35.68533471265205,33.75,7,0
32084,4,-35.68533471265205,45.0,7,0
32085,4,-35.68533471265205,56.25,4,0
32086,4,-35.68533471265205,67.5,9,0
32087,4,-35.68533471265205,78.75,14,0
32088,4,-35.68533471265205,90.0,8,0
32089,4,-35.68533471265205,101.25,9,0
32090,4,-35.68533471265205,112.5,10,0
32091,4,-35.68533471265205,123.75,6,0
32092,4,-35.68533471265205,135.0,2,0
32093,4,-35.68533471265205,146.25,8,0
32094,4,-35.68533471265205,157.5,6,0
32095,4,-35.68533471265205,168.75,8,0
32096,4,-35.68533471265205,-180.0,17,0
32097,4,-35.68533471265205,-168.75,4,0
32098,4,-35.68533471265205,-157.5,8,0
32099,4,-35.68533471265205,-146.25,8,0
32100,4,-35.68533471265205,-135.0,10,0
32101,4,-35.68533471265205,-123.75,14,0
32102,4,-35.68533471265205,-112.5,11,0
32103,4,-35.68533471265205,-101.25,8,0
32104,4,-35.68533471265205,-90.0,11,0
32105,4,-35.68533471265205,-78.75000000000006,8,0
32106,4,-35.68533471265205,-67.5,3,0
32107,4,-35.68533471265205,-56.25,4,0
32108,4,-35.68533471265205,-45.0,8,0
32109,4,-35.68533471265205,-33.75000000000006,4,0
32110,4,-35.68533471265205,-22.5,6,0
32111,4,-35.68533471265205,-11.25,4,0
32112,4,-41.81031489577862,5.625,7,0
32113,4,-41.81031489577862,16.875,6,0
32114,4,-41.81031489577862,28.125,10,0
32115,4,-41.81031489577862,39.375,3,0
32116,4,-41.81031489577862,50.625,12,0
32117,4,-41.81031489577862,61.875,7,0
32118,4,-41.81031489577862,73.125,9,0
32119,4,-41.81031489577862,84.375,7,0
32120,4,-41.81031489577862,95.625,7,0
32121,4,-41.81031489577862,106.875,7,0
32122,4,-41.81031489577862,118.125,13,0
32123,4,-41.81031489577862,129.375,12,0
32124,4,-41.81031489577862,140.625,7,0
32125,4,-41.81031489577862,151.875,12,0
32126,4,-41.81031489577862,163.125,11,0
32127,4,-41.81031489577862,174.375,9,0
32128,4,-41.81031489577862,-174.375,7,0
32129,4,-41.81031489577862,-163.125,9,0
32130,4,-41.81031489577862,-151.875,5,0
32131,4,-41.81031489577862,-140.625,11,0
32132,4,-41.81031489577862,-129.37500000000006,9,0
32133,4,-41.81031489577862,-118.125,9,0
32134,4,-41.81031489577862,-106.875,13,0
32135,4,-41.81031489577862,-95.625,14,0
32136,4,-41.81031489577862,-84.375,7,0
32137,4,-41.81031489577862,-73.12500000000006,10,0
32138,4,-41.81031489577862,-61.875,3,0
32139,4,-41.81031489577862,-50.625,5,0
32140,4,-41.81031489577862,-39.375,3,0
32141,4,-41.81031489577862,-28.125,5,0
32142,4,-41.81031489577862,-16.875,5,0
32143,4,-41.81031489577862,-5.625,0,0
32144,4,-48.1412077943603,6.428571428571416,7,0
32145,4,-48.1412077943603,19.285714285714278,8,0
32146,4,-48.1412077943603,32.14285714285714,9,0
32147,4,-48.1412077943603,45.0,7,0
32148,4,-48.1412077943603,57.85714285714286,7,0
32149,4,-48.1412077943603,70.71428571428572,4,0
32150,4,-48.1412077943603,83.57142857142856,6,0
32151,4,-48.1412077943603,96.42857142857144,6,0
32152,4,-48.1412077943603,109.28571428571428,11,0
32153,4,-48.1412077943603,122.14285714285711,10,0
32154,4,-48.1412077943603,135.0,9,0
32155,4,-48.1412077943603,147.8571428571429,18,0
32156,4,-48.1412077943603,160.71428571428572,8,0
32157,4,-48.1412077943603,173.57142857142856,4,0
32158,4,-48.1412077943603,-173.57142857142856,12,0
32159,4,-48.1412077943603,-160.71428571428572,4,1
32160,4,-48.1412077943603,-147.8571428571429,6,0
32161,4,-48.1412077943603,-135.0,7,0
32162,4,-48.1412077943603,-122.14285714285711,7,0
32163,4,-48.1412077943603,-109.28571428571428,10,0
32164,4,-48.1412077943603,-96.42857142857144,9,0
32165,4,-48.1412077943603,-83.57142857142856,5,0
32166,4,-48.1412077943603,-70.71428571428572,9,0
32167,4,-48.1412077943603,-57.85714285714283,6,0
32168,4,-48.1412077943603,-45.0,7,0
32169,4,-48.1412077943603,-32.14285714285717,10,0
32170,4,-48.1412077943603,-19.28571428571422,5,0
32171,4,-48.1412077943603,-6.428571428571445,7,0
32172,4,-54.340912303861245,7.5,5,0
32173,4,-54.340912303861245,22.5,5,0
32174,4,-54.340912303861245,37.5,9,0
32175,4,-54.340912303861245,52.5,3,0
32176,4,-54.340912303861245,67.5,9,0
32177,4,-54.340912303861245,82.5,8,0
32178,4,-54.340912303861245,97.5,9,0
32179,4,-54.340912303861245,112.5,7,0
32180,4,-54.340912303861245,127.5,9,0
32181,4,-54.340912303861245,142.5,9,0
32182,4,-54.340912303861245,157.5,13,0
32183,4,-54.340912303861245,172.5,8,0
32184,4,-54.340912303861245,-172.5,12,0
32185,4,-54.340912303861245,-157.5,3,0
32186,4,-54.340912303861245,-142.5,9,0
32187,4,-54.340912303861245,-127.5,11,0
32188,4,-54.340912303861245,-112.5,12,0
32189,4,-54.340912303861245,-97.5,10,0
32190,4,-54.340912303861245,-82.5,5,0
32191,4,-54.340912303861245,-67.5,10,0
32192,4,-54.340912303861245,-52.50000000000006,4,0
32193,4,-54.340912303861245,-37.5,5,0
32194,4,-54.340912303861245,-22.5,6,0
32195,4,-54.340912303861245,-7.5,8,0
32196,4,-60.4344388449523,9.0,7,0
32197,4,-60.4344388449523,27.0,7,0
32198,4,-60.4344388449523,45.0,7,0
32199,4,-60.4344388449523,63.0,8,0
32200,4,-60.4344388449523,81.0,8,0
32201,4,-60.4344388449523,99.0,8,0
32202,4,-60.4344388449523,117.0,4,0
32203,4,-60.4344388449523,135.0,6,0
32204,4,-60.4344388449523,153.0,8,0
32205,4,-60.4344388449523,171.0,10,0
32206,4,-60.4344388449523,-171.0,7,0
32207,4,-60.4344388449523,-153.0,11,0
32208,4,-60.4344388449523,-135.0,8,0
32209,4,-60.4344388449523,-117.0,7,0
32210,4,-60.4344388449523,-99.0,7,0
32211,4,-60.4344388449523,-81.0,3,0
32212,4,-60.4344388449523,-63.0,6,0
32213,4,-60.4344388449523,-45.0,15,1
32214,4,-60.4344388449523,-27.0,7,0
32215,4,-60.4344388449523,-9.0,9,0
32216,4,-66.44353569089876,11.25,7,0
32217,4,-66.44353569089876,33.75,5,0
32218,4,-66.44353569089876,56.25,7,0
32219,4,-66.44353569089876,78.75,6,0
32220,4,-66.44353569089876,101.25,6,0
32221,4,-66.44353569089876,123.75,6,0
32222,4,-66.44353569089876,146.25,11,0
32223,4,-66.44353569089876,168.75,8,0
32224,4,-66.44353569089876,-168.75,10,0
32225,4,-66.44353569089876,-146.25,9,0
32226,4,-66.44353569089876,-123.75,5,0
32227,4,-66.44353569089876,-101.25,7,0
32228,4,-66.44353569089876,-78.75,5,0
32229,4,-66.44353569089876,-56.25,10,0
32230,4,-66.44353569089876,-33.75,19,0
32231,4,-66.44353569089876,-11.25,12,0
32232,4,-72.38756092964962,15.0,7,0
32233,4,-72.38756092964962,45.0,2,0
32234,4,-72.38756092964962,75.0,6,0
32235,4,-72.38756092964962,105.0,7,0
32236,4,-72.38756092964962,135.0,5,0
32237,4,-72.38756092964962,165.0,11,0
32238,4,-72.38756092964962,-165.0,10,0
32239,4,-72.38756092964962,-135.0,8,0
32240,4,-72.38756092964962,-105.0,5,0
32241,4,-72.38756092964962,-75.0,4,0
32242,4,-72.38756092964962,-45.0,5,0
32243,4,-72.38756092964962,-15.0,10,0
32244,4,-78.28414760510762,22.5,7,0
32245,4,-78.28414760510762,67.5,5,0
32246,4,-78.28414760510762,112.5,5,0
32247,4,-78.28414760510762,157.5,9,0
32248,4,-78.28414760510762,-157.5,9,0
32249,4,-78.28414760510762,-112.5,7,0
32250,4,-78.28414760510762,-67.5,3,0
32251,4,-78.28414760510762,-22.5,4,0
32252,4,-84.14973293629666,45.0,8,0
32253,4,-84.14973293629666,135.0,6,0
32254,4,-84.14973293629666,-135.0,6,0
32255,4,-84.14973293629666,-45.0,7,0
32256,4,84.14973293629666,45.0,4,0
32257,4,84.14973293629666,135.0,6,0
32258,4,84.14973293629666,-135.0,5,0
32259,4,84.14973293629666,-45.0,5,0
32260,4,78.28414760510762,22.5,8,0
32261,4,78.28414760510762,67.5,5,0
32262,4,78.28414760510762,112.5,9,0
32263,4,78.28414760510762,157.5,6,0
32264,4,78.28414760510762,-157.5,5,0
32265,4,78.28414760510762,-112.5,4,0
32266,4,78.28414760510762,-67.5,5,0
32267,4,78.28414760510762,-22.5,10,0
32268,4,72.38756092964962,15.0,5,0
32269,4,72.38756092964962,45.0,8,0
32270,4,72.38756092964962,75.0,12,0
32271,4,72.38756092964962,105.0,12,0
32272,4,72.38756092964962,135.0,4,0
32273,4,72.38756092964962,165.0,4,0
32274,4,72.38756092964962,-165.0,6,0
32275,4,72.38756092964962,-135.0,13,0
32276,4,72.38756092964962,-105.0,5,0
32277,4,72.38756092964962,-75.0,6,0
32278,4,72.38756092964962,-45.0,12,0
32279,4,72.38756092964962,-15.0,8,0
32280,4,66.44353569089877,11.25,8,0
32281,4,66.44353569089877,33.75,10,0
32282,4,66.44353569089877,56.25,7,0
32283,4,66.44353569089877,78.75,8,0
32284,4,66.44353569089877,101.25,7,0
32285,4,66.44353569089877,123.75,7,0
32286,4,66.44353569089877,146.25,7,0
32287,4,66.44353569089877,168.75,4,0
32288,4,66.44353569089877,-168.75,13,0
32289,4,66.44353569089877,-146.25,8,0
32290,4,66.44353569089877,-123.75,11,0
32291,4,66.44353569089877,-101.25,11,0
32292,4,66.44353569089877,-78.75,4,0
32293,4,66.44353569089877,-56.25,11,0
32294,4,66.44353569089877,-33.75,12,0
32295,4,66.44353569089877,-11.25,9,0
32296,4,60.43443884495228,9.0,8,0
32297,4,60.43443884495228,27.0,6,0
32298,4,60.43443884495228,45.0,7,0
32299,4,60.43443884495228,63.0,4,0
32300,4,60.43443884495228,81.0,6,0
32301,4,60.43443884495228,99.0,4,0
32302,4,60.43443884495228,117.0,6,0
32303,4,60.43443884495228,135.0,12,0
32304,4,60.43443884495228,153.0,11,0
32305,4,60.43443884495228,171.0,8,0
32306,4,60.43443884495228,-171.0,12,0
32307,4,60.43443884495228,-153.0,5,0
32308,4,60.43443884495228,-135.0,10,0
32309,4,60.43443884495228,-117.0,9,0
32310,4,60.43443884495228,-99.0,11,0
32311,4,60.43443884495228,-81.0,7,0
32312,4,60.43443884495228,-63.0,7,0
32313,4,60.43443884495228,-45.0,14,0
32314,4,60.43443884495228,-27.0,12,0
32315,4,60.43443884495228,-9.0,12,0
32316,4,54.340912303861245,7.5,11,0
32317,4,54.340912303861245,22.5,5,0
32318,4,54.340912303861245,37.5,6,0
32319,4,54.340912303861245,52.5,7,0
32320,4,54.340912303861245,67.5,7,0
32321,4,54.340912303861245,82.5,9,0
32322,4,54.340912303861245,97.5,6,0
32323,4,54.340912303861245,112.5,8,0
32324,4,54.340912303861245,127.5,5,0
32325,4,54.340912303861245,142.5,7,0
32326,4,54.340912303861245,157.5,12,0
32327,4,54.340912303861245,172.5,11,0
32328,4,54.340912303861245,-172.5,6,0
32329,4,54.340912303861245,-157.5,5,0
32330,4,54.340912303861245,-142.5,5,0
32331,4,54.340912303861245,-127.5,6,0
32332,4,54.340912303861245,-112.5,4,0
32333,4,54.340912303861245,-97.5,14,0
32334,4,54.340912303861245,-82.5,6,0
32335,4,54.340912303861245,-67.5,10,0
32336,4,54.340912303861245,-52.50000000000006,8,0
32337,4,54.340912303861245,-37.5,13,0
32338,4,54.340912303861245,-22.5,10,0
32339,4,54.340912303861245,-7.5,10,0
32340,4,48.141207794360284,6.428571428571416,10,0
32341,4,48.141207794360284,19.285714285714278,8,0
32342,4,48.141207794360284,32.14285714285714,7,0
32343,4,48.141207794360284,45.0,8,0
32344,4,48.141207794360284,57.85714285714286,6,0
32345,4,48.141207794360284,70.71428571428572,11,0
32346,4,48.141207794360284,83.57142857142856,12,0
32347,4,48.141207794360284,96.42857142857144,7,0
32348,4,48.141207794360284,109.28571428571428,9,0
32349,4,48.141207794360284,122.14285714285711,11,0
32350,4,48.141207794360284,135.0,5,0
32351,4,48.141207794360284,147.8571428571429,7,0
32352,4,48.141207794360284,160.71428571428572,11,0
32353,4,48.141207794360284,173.57142857142856,5,0
32354,4,48.141207794360284,-173.57142857142856,7,0
32355,4,48.141207794360284,-160.71428571428572,6,0
32356,4,48.141207794360284,-147.8571428571429,7,0
32357,4,48.141207794360284,-135.0,14,0
32358,4,48.141207794360284,-122.14285714285711,7,0
32359,4,48.141207794360284,-109.28571428571428,8,0
32360,4,48.141207794360284,-96.42857142857144,10,0
32361,4,48.141207794360284,-83.57142857142856,5,0
32362,4,48.141207794360284,-70.71428571428572,9,0
32363,4,48.141207794360284,-57.85714285714283,4,0
32364,4,48.141207794360284,-45.0,7,0
32365,4,48.141207794360284,-32.14285714285717,8,0
32366,4,48.141207794360284,-19.28571428571422,8,0
32367,4,48.141207794360284,-6.428571428571445,12,0
32368,4,41.81031489577859,5.625,8,0
32369,4,41.81031489577859,16.875,10,0
32370,4,41.81031489577859,28.125,10,0
32371,4,41.81031489577859,39.375,6,0
32372,4,41.81031489577859,50.625,10,0
32373,4,41.81031489577859,61.875,8,0
32374,4,41.81031489577859,73.125,9,0
32375,4,41.81031489577859,84.375,8,0
32376,4,41.81031489577859,95.625,4,0
32377,4,41.81031489577859,106.875,10,0
32378,4,41.81031489577859,118.125,10,0
32379,4,41.81031489577859,129.375,11,0
32380,4,41.81031489577859,140.625,6,0
32381,4,41.81031489577859,151.875,7,0
32382,4,41.81031489577859,163.125,10,0
32383,4,41.81031489577859,174.375,3,0
32384,4,41.81031489577859,-174.375,9,0
32385,4,41.81031489577859,-163.125,10,0
32386,4,41.81031489577859,-151.875,6,0
32387,4,41.81031489577859,-140.625,14,0
32388,4,41.81031489577859,-129.37500000000006,14,0
32389,4,41.81031489577859,-118.125,6,0
32390,4,41.81031489577859,-106.875,7,0
32391,4,41.81031489577859,-95.625,7,0
32392,4,41.81031489577859,-84.375,9,0
32393,4,41.81031489577859,-73.12500000000006,4,0
32394,4,41.81031489577859,-61.875,5,0
32395,4,41.81031489577859,-50.625,10,0
32396,4,41.81031489577859,-39.375,6,0
32397,4,41.81031489577859,-28.125,7,0
32398,4,41.81031489577859,-16.875,5,0
32399,4,41.81031489577859,-5.625,10,0
32400,4,35.68533471265204,0.0,6,0
32401,4,35.68533471265204,11.25,8,0
32402,4,35.68533471265204,22.5,10,0
32403,4,35.68533471265204,33.75,5,0
32404,4,35.68533471265204,45.0,4,0
32405,4,35.68533471265204,56.25,9,0
32406,4,35.68533471265204,67.5,7,0
32407,4,35.68533471265204,78.75,10,0
32408,4,35.68533471265204,90.0,5,0
32409,4,35.68533471265204,101.25,6,0
32410,4,35.68533471265204,112.5,10,0
32411,4,35.68533471265204,123.75,9,0
32412,4,35.68533471265204,135.0,10,0
32413,4,35.68533471265204,146.25,6,0
32414,4,35.68533471265204,157.5,13,0
32415,4,35.68533471265204,168.75,12,0
32416,4,35.68533471265204,-180.0,5,0
32417,4,35.68533471265204,-168.75,8,0
32418,4,35.68533471265204,-157.5,9,0
32419,4,35.68533471265204,-146.25,8,0
32420,4,35.68533471265204,-135.0,12,0
32421,4,35.68533471265204,-123.75,8,0
32422,4,35.68533471265204,-112.5,9,0
32423,4,35.68533471265204,-101.25,8,0
32424,4,35.68533471265204,-90.0,5,0
32425,4,35.68533471265204,-78.75000000000006,4,0
32426,4,35.68533471265204,-67.5,4,0
32427,4,35.68533471265204,-56.25,9,0
32428,4,35.68533471265204,-45.0,7,0
32429,4,35.68533471265204,-33.75000000000006,11,0
32430,4,35.68533471265204,-22.5,13,0
32431,4,35.68533471265204,-11.25,8,0
32432,4,30.000000000000007,5.625,8,0
32433,4,30.000000000000007,16.875,7,0
32434,4,30.000000000000007,28.125,10,0
32435,4,30.000000000000007,39.375,8,0
32436,4,30.000000000000007,50.625,10,0
32437,4,30.000000000000007,61.875,10,0
32438,4,30.000000000000007,73.125,11,0
32439,4,30.000000000000007,84.375,8,0
32440,4,30.000000000000007,95.625,11,0
32441,4,30.000000000000007,106.875,8,0
32442,4,30.000000000000007,118.125,9,0
32443,4,30.000000000000007,129.375,9,0
32444,4,30.000000000000007,140.625,8,0
32445,4,30.000000000000007,151.875,5,0
32446,4,30.000000000000007,163.125,14,0
32447,4,30.000000000000007,174.375,8,0
32448,4,30.000000000000007,-174.375,7,0
32449,4,30.000000000000007,-163.125,7,0
32450,4,30.000000000000007,-151.875,10,0
32451,4,30.000000000000007,-140.625,12,0
32452,4,30.000000000000007,-129.37500000000006,8,0
32453,4,30.000000000000007,-118.125,8,0
32454,4,30.000000000000007,-106.875,7,0
32455,4,30.000000000000007,-95.625,15,0
32456,4,30.000000000000007,-84.375,10,0
32457,4,30.000000000000007,-73.12500000000006,0,0
32458,4,30.000000000000007,-61.875,6,0
32459,4,30.000000000000007,-50.625,8,0
32460,4,30.000000000000007,-39.375,6,0
32461,4,30.000000000000007,-28.125,10,0
32462,4,30.000000000000007,-16.875,11,0
32463,4,30.000000000000007,-5.625,7,0
32464,4,24.62431835216408,0.0,5,0
32465,4,24.62431835216408,11.25,3,0
32466,4,24.62431835216408,22.5,10,0
32467,4,24.62431835216408,33.75,10,0
32468,4,24.62431835216408,45.0,9,0
32469,4,24.62431835216408,56.25,12,0
32470,4,24.62431835216408,67.5,11,0
32471,4,24.62431835216408,78.75,10,0
32472,4,24.62431835216408,90.0,11,0
32473,4,24.62431835216408,101.25,11,0
32474,4,24.62431835216408,112.5,11,0
32475,4,24.62431835216408,123.75,9,0
32476,4,24.62431835216408,135.0,12,0
32477,4,24.62431835216408,146.25,5,0
32478,4,24.62431835216408,157.5,9,0
32479,4,24.62431835216408,168.75,5,0
32480,4,24.62431835216408,-180.0,7,0
32481,4,24.62431835216408,-168.75,5,0
32482,4,24.62431835216408,-157.5,5,0
32483,4,24.62431835216408,-146.25,6,0
32484,4,24.62431835216408,-135.0,11,0
32485,4,24.62431835216408,-123.75,13,0
32486,4,24.62431835216408,-112.5,8,0
32487,4,24.62431835216408,-101.25,13,0
32488,4,24.62431835216408,-90.0,7,0
32489,4,24.62431835216408,-78.75000000000006,5,0
32490,4,24.62431835216408,-67.5,8,0
32491,4,24.62431835216408,-56.25,9,0
32492,4,24.62431835216408,-45.0,5,0
32493,4,24.62431835216408,-33.75000000000006,4,0
32494,4,24.62431835216408,-22.5,10,0
32495,4,24.62431835216408,-11.25,5,0
32496,4,19.47122063449069,5.625,7,0
32497,4,19.47122063449069,16.875,10,0
32498,4,19.47122063449069,28.125,8,0
32499,4,19.47122063449069,39.375,2,0
32500,4,19.47122063449069,50.625,8,0
32501,4,19.47122063449069,61.875,12,0
32502,4,19.47122063449069,73.125,12,0
32503,4,19.47122063449069,84.375,9,0
32504,4,19.47122063449069,95.625,7,0
32505,4,19.47122063449069,106.875,9,0
32506,4,19.47122063449069,118.125,6,0
32507,4,19.47122063449069,129.375,18,0
32508,4,19.47122063449069,140.625,7,0
32509,4,19.47122063449069,151.875,9,0
32510,4,19.47122063449069,163.125,7,0
32511,4,19.47122063449069,174.375,7,0
32512,4,19.47122063449069,-174.375,4,0
32513,4,19.47122063449069,-163.125,8,0
32514,4,19.47122063449069,-151.875,6,0
32515,4,19.47122063449069,-140.625,8,0
32516,4,19.47122063449069,-129.37500000000006,7,0
32517,4,19.47122063449069,-118.125,6,0
32518,4,19.47122063449069,-106.875,5,0
32519,4,19.47122063449069,-95.625,7,0
32520,4,19.47122063449069,-84.375,2,0
32521,4,19.47122063449069,-73.12500000000006,9,0
32522,4,19.47122063449069,-61.875,5,0
32523,4,19.47122063449069,-50.625,6,0
32524,4,19.47122063449069,-39.375,6,0
32525,4,19.47122063449069,-28.125,7,0
32526,4,19.47122063449069,-16.875,6,0
32527,4,19.47122063449069,-5.625,7,0
32528,4,14.477512185929925,0.0,8,0
32529,4,14.477512185929925,11.25,8,0
32530,4,14.477512185929925,22.5,11,0
32531,4,14.477512185929925,33.75,5,0
32532,4,14.477512185929925,45.0,4,0
32533,4,14.477512185929925,56.25,12,0
32534,4,14.477512185929925,67.5,6,0
32535,4,14.477512185929925,78.75,9,0
32536,4,14.477512185929925,90.0,10,0
32537,4,14.477512185929925,101.25,6,0
32538,4,14.477512185929925,112.5,13,0
32539,4,14.477512185929925,123.75,6,0
32540,4,14.477512185929925,135.0,10,0
32541,4,14.477512185929925,146.25,8,0
32542,4,14.477512185929925,157.5,8,0
32543,4,14.477512185929925,168.75,9,0
32544,4,14.477512185929925,-180.0,3,0
32545,4,14.477512185929925,-168.75,5,0
32546,4,14.477512185929925,-157.5,11,0
32547,4,14.477512185929925,-146.25,7,0
32548,4,14.477512185929925,-135.0,5,0
32549,4,14.477512185929925,-123.75,3,0
32550,4,14.477512185929925,-112.5,5,0
32551,4,14.477512185929925,-101.25,6,0
32552,4,14.477512185929925,-90.0,13,0
32553,4,14.477512185929925,-78.75000000000006,10,0
32554,4,14.477512185929925,-67.5,6,0
32555,4,14.477512185929925,-56.25,6,0
32556,4,14.477512185929925,-45.0,13,0
32557,4,14.477512185929925,-33.75000000000006,6,0
32558,4,14.477512185929925,-22.5,6,0
32559,4,14.477512185929925,-11.25,5,0
32560,4,9.594068226860458,5.625,8,0
32561,4,9.594068226860458,16.875,10,0
32562,4,9.594068226860458,28.125,8,1
32563,4,9.594068226860458,39.375,4,0
32564,4,9.594068226860458,50.625,9,0
32565,4,9.594068226860458,61.875,7,1
32566,4,9.594068226860458,73.125,8,0
32567,4,9.594068226860458,84.375,3,0
32568,4,9.594068226860458,95.625,11,0
32569,4,9.594068226860458,106.875,8,0
32570,4,9.594068226860458,118.125,8,0
32571,4,9.594068226860458,129.375,9,0
32572,4,9.594068226860458,140.625,9,0
32573,4,9.594068226860458,151.875,7,0
32574,4,9.594068226860458,163.125,10,0
32575,4,9.594068226860458,174.375,7,0
32576,4,9.594068226860458,-174.375,9,1
32577,4,9.594068226860458,-163.125,9,0
32578,4,9.594068226860458,-151.875,4,0
32579,4,9.594068226860458,-140.625,4,0
32580,4,9.594068226860458,-129.37500000000006,6,0
32581,4,9.594068226860458,-118.125,3,0
32582,4,9.594068226860458,-106.875,14,0
32583,4,9.594068226860458,-95.625,10,0
32584,4,9.594068226860458,-84.375,14,1
32585,4,9.594068226860458,-73.12500000000006,10,0
32586,4,9.594068226860458,-61.875,6,1
32587,4,9.594068226860458,-50.625,7,0
32588,4,9.594068226860458,-39.375,8,0
32589,4,9.594068226860458,-28.125,8,0
32590,4,9.594068226860458,-16.875,8,0
32591,4,9.594068226860458,-5.625,5,0
32592,4,4.780191847199163,0.0,12,3
32593,4,4.780191847199163,11.25,8,2
32594,4,4.780191847199163,22.5,6,1
32595,4,4.780191847199163,33.75,5,4
32596,4,4.780191847199163,45.0,9,1
32597,4,4.780191847199163,56.25,7,1
32598,4,4.780191847199163,67.5,7,2
32599,4,4.780191847199163,78.75,5,1
32600,4,4.780191847199163,90.0,10,1
32601,4,4.780191847199163,101.25,8,0
32602,4,4.780191847199163,112.5,8,2
32603,4,4.780191847199163,123.75,9,0
32604,4,4.780191847199163,135.0,9,1
32605,4,4.780191847199163,146.25,10,2
32606,4,4.780191847199163,157.5,6,1
32607,4,4.780191847199163,168.75,8,2
32608,4,4.780191847199163,-180.0,7,4
32609,4,4.780191847199163,-168.75,9,1
32610,4,4.780191847199163,-157.5,9,0
32611,4,4.780191847199163,-146.25,1,0
32612,4,4.780191847199163,-135.0,3,0
32613,4,4.780191847199163,-123.75,10,3
32614,4,4.780191847199163,-112.5,8,3
32615,4,4.780191847199163,-101.25,10,0
32616,4,4.780191847199163,-90.0,7,1
32617,4,4.780191847199163,-78.75000000000006,11,2
32618,4,4.780191847199163,-67.5,10,0
32619,4,4.780191847199163,-56.25,8,2
32620,4,4.780191847199163,-45.0,4,2
32621,4,4.780191847199163,-33.75000000000006,9,2
32622,4,4.780191847199163,-22.5,8,3
32623,4,4.780191847199163,-11.25,11,0
32624,4,0.0,5.625,11,4
32625,4,0.0,16.875,5,5
32626,4,0.0,28.125,7,1
32627,4,0.0,39.375,8,4
32628,4,0.0,50.625,12,0
32629,4,0.0,61.875,9,5
32630,4,0.0,73.125,5,4
32631,4,0.0,84.375,6,2
32632,4,0.0,95.625,9,1
32633,4,0.0,106.875,10,1
32634,4,0.0,118.125,6,5
32635,4,0.0,129.375,10,3
32636,4,0.0,140.625,8,4
32637,4,0.0,151.875,5,1
32638,4,0.0,163.125,11,5
32639,4,0.0,174.375,6,2
32640,4,0.0,-174.375,10,4
32641,4,0.0,-163.125,5,5
32642,4,0.0,-151.875,4,2
32643,4,0.0,-140.625,6,4
32644,4,0.0,-129.37500000000006,10,3
32645,4,0.0,-118.125,7,1
32646,4,0.0,-106.875,7,4
32647,4,0.0,-95.625,8,2
32648,4,0.0,-84.375,10,5
32649,4,0.0,-73.12500000000006,4,2
32650,4,0.0,-61.875,3,4
32651,4,0.0,-50.625,3,4
32652,4,0.0,-39.375,7,5
32653,4,0.0,-28.125,10,2
32654,4,0.0,-16.875,8,8
32655,4,0.0,-5.625,7,2
32656,4,-4.780191847199163,0.0,7,2
32657,4,-4.780191847199163,11.25,7,3
32658,4,-4.780191847199163,22.5,10,0
32659,4,-4.780191847199163,33.75,9,3
32660,4,-4.780191847199163,45.0,11,0
32661,4,-4.780191847199163,56.25,7,2
32662,4,-4.780191847199163,67.5,11,1
32663,4,-4.780191847199163,78.75,10,1
32664,4,-4.780191847199163,90.0,9,2
32665,4,-4.780191847199163,101.25,4,1
32666,4,-4.780191847199163,112.5,8,1
32667,4,-4.780191847199163,123.75,8,2
32668,4,-4.780191847199163,135.0,7,4
32669,4,-4.780191847199163,146.25,3,1
32670,4,-4.780191847199163,157.5,16,2
32671,4,-4.780191847199163,168.75,10,3
32672,4,-4.780191847199163,-180.0,9,1
32673,4,-4.780191847199163,-168.75,8,2
32674,4,-4.780191847199163,-157.5,8,4
32675,4,-4.780191847199163,-146.25,6,3
32676,4,-4.780191847199163,-135.0,10,1
32677,4,-4.780191847199163,-123.75,7,0
32678,4,-4.780191847199163,-112.5,7,2
32679,4,-4.780191847199163,-101.25,8,0
32680,4,-4.780191847199163,-90.0,12,2
32681,4,-4.780191847199163,-78.75000000000006,8,1
32682,4,-4.780191847199163,-67.5,6,2
32683,4,-4.780191847199163,-56.25,6,0
32684,4,-4.780191847199163,-45.0,5,5
32685,4,-4.780191847199163,-33.75000000000006,9,2
32686,4,-4.780191847199163,-22.5,5,3
32687,4,-4.780191847199163,-11.25,4,3
32688,4,-9.594068226860458,5.625,12,0
32689,4,-9.594068226860458,16.875,9,1
32690,4,-9.594068226860458,28.125,10,0
32691,4,-9.594068226860458,39.375,9,0
32692,4,-9.594068226860458,50.625,7,0
32693,4,-9.594068226860458,61.875,10,0
32694,4,-9.594068226860458,73.125,9,0
32695,4,-9.594068226860458,84.375,7,0
32696,4,-9.594068226860458,95.625,8,0
32697,4,-9.594068226860458,106.875,8,0
32698,4,-9.594068226860458,118.125,6,0
32699,4,-9.594068226860458,129.375,10,0
32700,4,-9.594068226860458,140.625,6,0
32701,4,-9.594068226860458,151.875,9,0
32702,4,-9.594068226860458,163.125,11,0
32703,4,-9.594068226860458,174.375,14,0
32704,4,-9.594068226860458,-174.375,9,0
32705,4,-9.594068226860458,-163.125,7,0
32706,4,-9.594068226860458,-151.875,8,0
32707,4,-9.594068226860458,-140.625,9,1
32708,4,-9.594068226860458,-129.37500000000006,5,0
32709,4,-9.594068226860458,-118.125,5,0
32710,4,-9.594068226860458,-106.875,5,0
32711,4,-9.594068226860458,-95.625,5,0
32712,4,-9.594068226860458,-84.375,11,0
32713,4,-9.594068226860458,-73.12500000000006,9,0
32714,4,-9.594068226860458,-61.875,11,0
32715,4,-9.594068226860458,-50.625,6,0
32716,4,-9.594068226860458,-39.375,9,0
32717,4,-9.594068226860458,-28.125,10,0
32718,4,-9.594068226860458,-16.875,3,0
32719,4,-9.594068226860458,-5.625,2,0
32720,4,-14.477512185929925,0.0,8,0
32721,4,-14.477512185929925,11.25,14,0
32722,4,-14.477512185929925,22.5,8,0
32723,4,-14.477512185929925,33.75,10,0
32724,4,-14.477512185929925,45.0,16,0
32725,4,-14.477512185929925,56.25,7,0
32726,4,-14.477512185929925,67.5,13,0
32727,4,-14.477512185929925,78.75,10,0
32728,4,-14.477512185929925,90.0,9,0
32729,4,-14.477512185929925,101.25,9,0
32730,4,-14.477512185929925,112.5,6,0
32731,4,-14.477512185929925,123.75,6,0
32732,4,-14.477512185929925,135.0,11,0
32733,4,-14.477512185929925,146.25,2,0
32734,4,-14.477512185929925,157.5,9,0
32735,4,-14.477512185929925,168.75,9,0
32736,4,-14.477512185929925,-180.0,8,0
32737,4,-14.477512185929925,-168.75,6,0
32738,4,-14.477512185929925,-157.5,11,0
32739,4,-14.477512185929925,-146.25,6,0
32740,4,-14.477512185929925,-135.0,8,0
32741,4,-14.477512185929925,-123.75,4,0
32742,4,-14.477512185929925,-112.5,8,0
32743,4,-14.477512185929925,-101.25,9,0
32744,4,-14.477512185929925,-90.0,5,0
32745,4,-14.477512185929925,-78.75000000000006,7,0
32746,4,-14.477512185929925,-67.5,15,0
32747,4,-14.477512185929925,-56.25,5,0
32748,4,-14.477512185929925,-45.0,4,0
32749,4,-14.477512185929925,-33.75000000000006,7,1
32750,4,-14.477512185929925,-22.5,5,0
32751,4,-14.477512185929925,-11.25,8,0
32752,4,-19.47122063449069,5.625,6,0
32753,4,-19.47122063449069,16.875,8,0
32754,4,-19.47122063449069,28.125,3,0
32755,4,-19.47122063449069,39.375,11,0
32756,4,-19.47122063449069,50.625,10,0
32757,4,-19.47122063449069,61.875,6,0
32758,4,-19.47122063449069,73.125,9,0
32759,4,-19.47122063449069,84.375,11,0
32760,4,-19.47122063449069,95.625,8,0
32761,4,-19.47122063449069,106.875,6,0
32762,4,-19.47122063449069,118.125,11,0
32763,4,-19.47122063449069,129.375,10,0
32764,4,-19.47122063449069,140.625,6,0
32765,4,-19.47122063449069,151.875,7,0
32766,4,-19.47122063449069,163.125,6,0
32767,4,-19.47122063449069,174.375,11,0
32768,4,-19.47122063449069,-174.375,7,0
32769,4,-19.47122063449069,-163.125,12,0
32770,4,-19.47122063449069,-151.875,9,0
32771,4,-19.47122063449069,-140.625,6,0
32772,4,-19.47122063449069,-129.37500000000006,13,0
32773,4,-19.47122063449069,-118.125,7,0
32774,4,-19.47122063449069,-106.875,6,0
32775,4,-19.47122063449069,-95.625,4,0
32776,4,-19.47122063449069,-84.375,6,0
32777,4,-19.47122063449069,-73.12500000000006,6,0
32778,4,-19.47122063449069,-61.875,6,0
32779,4,-19.47122063449069,-50.625,6,0
32780,4,-19.47122063449069,-39.375,13,1
32781,4,-19.47122063449069,-28.125,8,0
32782,4,-19.47122063449069,-16.875,4,0
32783,4,-19.47122063449069,-5.625,11,0
32784,4,-24.62431835216408,0.0,7,0
32785,4,-24.62431835216408,11.25,3,0
32786,4,-24.62431835216408,22.5,7,1
32787,4,-24.62431835216408,33.75,8,0
32788,4,-24.62431835216408,45.0,9,0
32789,4,-24.62431835216408,56.25,3,0
32790,4,-24.62431835216408,67.5,6,0
32791,4,-24.62431835216408,78.75,8,0
32792,4,-24.62431835216408,90.0,8,0
32793,4,-24.62431835216408,101.25,5,0
32794,4,-24.62431835216408,112.5,8,0
32795,4,-24.62431835216408,123.75,5,0
32796,4,-24.62431835216408,135.0,9,0
32797,4,-24.62431835216408,146.25,4,0
32798,4,-24.62431835216408,157.5,10,0
32799,4,-24.62431835216408,168.75,9,0
32800,4,-24.62431835216408,-180.0,8,0
32801,4,-24.62431835216408,-168.75,12,0
32802,4,-24.62431835216408,-157.5,4,0
32803,4,-24.62431835216408,-146.25,8,0
32804,4,-24.62431835216408,-135.0,11,0
32805,4,-24.62431835216408,-123.75,14,0
32806,4,-24.62431835216408,-112.5,6,0
32807,4,-24.62431835216408,-101.25,5,0
32808,4,-24.62431835216408,-90.0,11,0
32809,4,-24.62431835216408,-78.75000000000006,9,0
32810,4,-24.62431835216408,-67.5,5,0
32811,4,-24.62431835216408,-56.25,8,1
32812,4,-24.62431835216408,-45.0,11,0
32813,4,-24.62431835216408,-33.75000000000006,12,0
32814,4,-24.62431835216408,-22.5,4,0
32815,4,-24.62431835216408,-11.25,3,0
32816,4,-30.000000000000014,5.625,7,0
32817,4,-30.000000000000014,16.875,8,0
32818,4,-30.000000000000014,28.125,11,0
32819,4,-30.000000000000014,39.375,6,0
32820,4,-30.000000000000014,50.625,6,0
32821,4,-30.000000000000014,61.875,5,0
32822,4,-30.000000000000014,73.125,8,0
32823,4,-30.000000000000014,84.375,10,0
32824,4,-30.000000000000014,95.625,4,0
32825,4,-30.000000000000014,106.875,6,0
32826,4,-30.000000000000014,118.125,2,0
32827,4,-30.000000000000014,129.375,3,0
32828,4,-30.000000000000014,140.625,8,0
32829,4,-30.000000000000014,151.875,5,0
32830,4,-30.000000000000014,163.125,10,0
32831,4,-30.000000000000014,174.375,6,0
32832,4,-30.000000000000014,-174.375,11,0
32833,4,-30.000000000000014,-163.125,10,0
32834,4,-30.000000000000014,-151.875,8,0
32835,4,-30.000000000000014,-140.625,7,0
32836,4,-30.000000000000014,-129.37500000000006,14,0
32837,4,-30.000000000000014,-118.125,10,0
32838,4,-30.000000000000014,-106.875,8,0
32839,4,-30.000000000000014,-95.625,15,0
32840,4,-30.000000000000014,-84.375,6,0
32841,4,-30.000000000000014,-73.12500000000006,12,0
32842,4,-30.000000000000014,-61.875,11,0
32843,4,-30.000000000000014,-50.625,9,0
32844,4,-30.000000000000014,-39.375,8,0
32845,4,-30.000000000000014,-28.125,11,0
32846,4,-30.000000000000014,-16.875,4,0
32847,4,-30.000000000000014,-5.625,1,0
32848,4,-35.68533471265205,0.0,5,0
32849,4,-35.68533471265205,11.25,8,0
32850,4,-35.68533471265205,22.5,10,0
32851,4,-35.68533471265205,33.75,7,0
32852,4,-35.68533471265205,45.0,7,0
32853,4,-35.68533471265205,56.25,4,0
32854,4,-35.68533471265205,67.5,9,0
32855,4,-35.68533471265205,78.75,14,0
32856,4,-35.68533471265205,90.0,8,0
32857,4,-35.68533471265205,101.25,9,0
32858,4,-35.68533471265205,112.5,10,0
32859,4,-35.68533471265205,123.75,6,0
32860,4,-35.68533471265205,135.0,2,0
32861,4,-35.68533471265205,146.25,8,0
32862,4,-35.68533471265205,157.5,6,0
32863,4,-35.68533471265205,168.75,8,0
32864,4,-35.68533471265205,-180.0,17,0
32865,4,-35.68533471265205,-168.75,4,0
32866,4,-35.68533471265205,-157.5,8,0
32867,4,-35.68533471265205,-146.25,8,0
32868,4,-35.68533471265205,-135.0,10,0
32869,4,-35.68533471265205,-123.75,14,0
32870,4,-35.68533471265205,-112.5,11,0
32871,4,-35.68533471265205,-101.25,8,0
32872,4,-35.68533471265205,-90.0,11,0
32873,4,-35.68533471265205,-78.75000000000006,8,0
32874,4,-35.68533471265205,-67.5,3,0
32875,4,-35.68533471265205,-56.25,4,0
32876,4,-35.68533471265205,-45.0,8,0
32877,4,-35.68533471265205,-33.75000000000006,4,0
32878,4,-35.68533471265205,-22.5,6,0
32879,4,-35.68533471265205,-11.25,4,0
32880,4,-41.81031489577862,5.625,7,0
32881,4,-41.81031489577862,16.875,6,0
32882,4,-41.81031489577862,28.125,10,0
32883,4,-41.81031489577862,39.375,3,0
32884,4,-41.81031489577862,50.625,12,0
32885,4,-41.81031489577862,61.875,7,0
32886,4,-41.81031489577862,73.125,9,0
32887,4,-41.81031489577862,84.375,7,0
32888,4,-41.81031489577862,95.625,7,0
32889,4,-41.81031489577862,106.875,7,0
32890,4,-41.81031489577862,118.125,13,0
32891,4,-41.81031489577862,129.375,12,0
32892,4,-41.81031489577862,140.625,7,0
32893,4,-41.81031489577862,151.875,12,0
32894,4,-41.81031489577862,163.125,11,0
32895,4,-41.81031489577862,174.375,9,0
32896,4,-41.81031489577862,-174.375,7,0
32897,4,-41.81031489577862,-163.125,9,0
32898,4,-41.81031489577862,-151.875,5,0
32899,4,-41.81031489577862,-140.625,11,0
32900,4,-41.81031489577862,-129.37500000000006,9,0
32901,4,-41.81031489577862,-118.125,9,0
32902,4,-41.81031489577862,-106.875,13,0
32903,4,-41.81031489577862,-95.625,14,0
32904,4,-41.81031489577862,-84.375,7,0
32905,4,-41.81031489577862,-73.12500000000006,10,0
32906,4,-41.81031489577862,-61.875,3,0
32907,4,-41.81031489577862,-50.625,5,0
32908,4,-41.81031489577862,-39.375,3,0
32909,4,-41.81031489577862,-28.125,5,0
32910,4,-41.81031489577862,-16.875,5,0
32911,4,-41.81031489577862,-5.625,0,0
32912,4,-48.1412077943603,6.428571428571416,7,0
32913,4,-48.1412077943603,19.285714285714278,8,0
32914,4,-48.1412077943603,32.14285714285714,9,0
32915,4,-48.1412077943603,45.0,7,0
32916,4,-48.1412077943603,57.85714285714286,7,0
32917,4,-48.1412077943603,70.71428571428572,4,0
32918,4,-48.1412077943603,83.57142857142856,6,0
32919,4,-48.1412077943603,96.42857142857144,6,0
32920,4,-48.1412077943603,109.28571428571428,11,0
32921,4,-48.1412077943603,122.14285714285711,10,0
32922,4,-48.1412077943603,135.0,9,0
32923,4,-48.1412077943603,147.8571428571429,18,0
32924,4,-48.1412077943603,160.71428571428572,8,0
32925,4,-48.1412077943603,173.57142857142856,4,0
32926,4,-48.1412077943603,-173.57142857142856,12,0
32927,4,-48.1412077943603,-160.71428571428572,4,1
32928,4,-48.1412077943603,-147.8571428571429,6,0
32929,4,-48.1412077943603,-135.0,7,0
32930,4,-48.1412077943603,-122.14285714285711,7,0
32931,4,-48.1412077943603,-109.28571428571428,10,0
32932,4,-48.1412077943603,-96.42857142857144,9,0
32933,4,-48.1412077943603,-83.57142857142856,5,0
32934,4,-48.1412077943603,-70.71428571428572,9,0
32935,4,-48.1412077943603,-57.85714285714283,6,0
32936,4,-48.1412077943603,-45.0,7,0
32937,4,-48.1412077943603,-32.14285714285717,10,0
32938,4,-48.1412077943603,-19.28571428571422,5,0
32939,4,-48.1412077943603,-6.428571428571445,7,0
32940,4,-54.340912303861245,7.5,5,0
32941,4,-54.340912303861245,22.5,5,0
32942,4,-54.340912303861245,37.5,9,0
32943,4,-54.340912303861245,52.5,3,0
32944,4,-54.340912303861245,67.5,9,0
32945,4,-54.340912303861245,82.5,8,0
32946,4,-54.340912303861245,97.5,9,0
32947,4,-54.340912303861245,112.5,7,0
32948,4,-54.340912303861245,127.5,9,0
32949,4,-54.340912303861245,142.5,9,0
32950,4,-54.340912303861245,157.5,13,0
32951,4,-54.340912303861245,172.5,8,0
32952,4,-54.340912303861245,-172.5,12,0
32953,4,-54.340912303861245,-157.5,3,0
32954,4,-54.340912303861245,-142.5,9,0
32955,4,-54.340912303861245,-127.5,11,0
32956,4,-54.340912303861245,-112.5,12,0
32957,4,-54.340912303861245,-97.5,10,0
32958,4,-54.340912303861245,-82.5,5,0
32959,4,-54.340912303861245,-67.5,10,0
32960,4,-54.340912303861245,-52.50000000000006,4,0
32961,4,-54.340912303861245,-37.5,5,0
32962,4,-54.340912303861245,-22.5,6,0
32963,4,-54.340912303861245,-7.5,8,0
32964,4,-60.4344388449523,9.0,7,0
32965,4,-60.4344388449523,27.0,7,0
32966,4,-60.4344388449523,45.0,7,0
32967,4,-60.4344388449523,63.0,8,0
32968,4,-60.4344388449523,81.0,8,0
32969,4,-60.4344388449523,99.0,8,0
32970,4,-60.4344388449523,117.0,4,0
32971,4,-60.4344388449523,135.0,6,0
32972,4,-60.4344388449523,153.0,8,0
32973,4,-60.4344388449523,171.0,10,0
32974,4,-60.4344388449523,-171.0,7,0
32975,4,-60.4344388449523,-153.0,11,0
32976,4,-60.4344388449523,-135.0,8,0
32977,4,-60.4344388449523,-117.0,7,0
32978,4,-60.4344388449523,-99.0,7,0
32979,4,-60.4344388449523,-81.0,3,0
32980,4,-60.4344388449523,-63.0,6,0
32981,4,-60.4344388449523,-45.0,15,1
32982,4,-60.4344388449523,-27.0,7,0
32983,4,-60.4344388449523,-9.0,9,0
32984,4,-66.44353569089876,11.25,7,0
32985,4,-66.44353569089876,33.75,5,0
32986,4,-66.44353569089876,56.25,7,0
32987,4,-66.44353569089876,78.75,6,0
32988,4,-66.44353569089876,101.25,6,0
32989,4,-66.44353569089876,123.75,6,0
32990,4,-66.44353569089876,146.25,11,0
32991,4,-66.44353569089876,168.75,8,0
32992,4,-66.44353569089876,-168.75,10,0
32993,4,-66.44353569089876,-146.25,9,0
32994,4,-66.44353569089876,-123.75,5,0
32995,4,-66.44353569089876,-101.25,7,0
32996,4,-66.44353569089876,-78.75,5,0
32997,4,-66.44353569089876,-56.25,10,0
32998,4,-66.44353569089876,-33.75,19,0
32999,4,-66.44353569089876,-11.25,12,0
33000,4,-72.38756092964962,15.0,7,0
33001,4,-72.38756092964962,45.0,2,0
33002,4,-72.38756092964962,75.0,6,0
33003,4,-72.38756092964962,105.0,7,0
33004,4,-72.38756092964962,135.0,5,0
33005,4,-72.38756092964962,165.0,11,0
33006,4,-72.38756092964962,-165.0,10,0
33007,4,-72.38756092964962,-135.0,8,0
33008,4,-72.38756092964962,-105.0,5,0
33009,4,-72.38756092964962,-75.0,4,0
33010,4,-72.38756092964962,-45.0,5,0
33011,4,-72.38756092964962,-15.0,10,0
33012,4,-78.28414760510762,22.5,7,0
33013,4,-78.28414760510762,67.5,5,0
33014,4,-78.28414760510762,112.5,5,0
33015,4,-78.28414760510762,157.5,9,0
33016,4,-78.28414760510762,-157.5,9,0
33017,4,-78.28414760510762,-112.5,7,0
33018,4,-78.28414760510762,-67.5,3,0
33019,4,-78.28414760510762,-22.5,4,0
33020,4,-84.14973293629666,45.0,8,0
33021,4,-84.14973293629666,135.0,6,0
33022,4,-84.14973293629666,-135.0,6,0
33023,4,-84.14973293629666,-45.0,7,0
33024,4,84.14973293629666,45.0,4,0
33025,4,84.14973293629666,135.0,6,0
33026,4,84.14973293629666,-135.0,5,0
33027,4,84.14973293629666,-45.0,5,0
33028,4,78.28414760510762,22.5,8,0
33029,4,78.28414760510762,67.5,5,0
33030,4,78.28414760510762,112.5,9,0
33031,4,78.28414760510762,157.5,6,0
33032,4,78.28414760510762,-157.5,5,0
33033,4,78.28414760510762,-112.5,4,0
33034,4,78.28414760510762,-67.5,5,0
33035,4,78.28414760510762,-22.5,10,0
33036,4,72.38756092964962,15.0,5,0
33037,4,72.38756092964962,45.0,8,0
33038,4,72.38756092964962,75.0,12,0
33039,4,72.38756092964962,105.0,12,0
33040,4,72.38756092964962,135.0,4,0
33041,4,72.38756092964962,165.0,4,0
33042,4,72.38756092964962,-165.0,6,0
33043,4,72.38756092964962,-135.0,13,0
33044,4,72.38756092964962,-105.0,5,0
33045,4,72.38756092964962,-75.0,6,0
33046,4,72.38756092964962,-45.0,12,0
33047,4,72.38756092964962,-15.0,8,0
33048,4,66.44353569089877,11.25,8,0
33049,4,66.44353569089877,33.75,10,0
33050,4,66.44353569089877,56.25,7,0
33051,4,66.44353569089877,78.75,8,0
33052,4,66.44353569089877,101.25,7,0
33053,4,66.44353569089877,123.75,7,0
33054,4,66.44353569089877,146.25,7,0
33055,4,66.44353569089877,168.75,4,0
33056,4,66.44353569089877,-168.75,13,0
33057,4,66.44353569089877,-146.25,8,0
33058,4,66.44353569089877,-123.75,11,0
33059,4,66.44353569089877,-101.25,11,0
33060,4,66.44353569089877,-78.75,4,0
33061,4,66.44353569089877,-56.25,11,0
33062,4,66.44353569089877,-33.75,12,0
33063,4,66.44353569089877,-11.25,9,0
33064,4,60.43443884495228,9.0,8,0
33065,4,60.43443884495228,27.0,6,0
33066,4,60.43443884495228,45.0,7,0
33067,4,60.43443884495228,63.0,4,0
33068,4,60.43443884495228,81.0,6,0
33069,4,60.43443884495228,99.0,4,0
33070,4,60.43443884495228,117.0,6,0
33071,4,60.43443884495228,135.0,12,0
33072,4,60.43443884495228,153.0,11,0
33073,4,60.43443884495228,171.0,8,0
33074,4,60.43443884495228,-171.0,12,0
33075,4,60.43443884495228,-153.0,5,0
33076,4,60.43443884495228,-135.0,10,0
33077,4,60.43443884495228,-117.0,9,0
33078,4,60.43443884495228,-99.0,11,0
33079,4,60.43443884495228,-81.0,7,0
33080,4,60.43443884495228,-63.0,7,0
33081,4,60.43443884495228,-45.0,14,0
33082,4,60.43443884495228,-27.0,12,0
33083,4,60.43443884495228,-9.0,12,0
33084,4,54.340912303861245,7.5,11,0
33085,4,54.340912303861245,22.5,5,0
33086,4,54.340912303861245,37.5,6,0
33087,4,54.340912303861245,52.5,7,0
33088,4,54.340912303861245,67.5,7,0
33089,4,54.340912303861245,82.5,9,0
33090,4,54.340912303861245,97.5,6,0
33091,4,54.340912303861245,112.5,8,0
33092,4,54.340912303861245,127.5,5,0
33093,4,54.340912303861245,142.5,7,0
33094,4,54.340912303861245,157.5,12,0
33095,4,54.340912303861245,172.5,11,0
33096,4,54.340912303861245,-172.5,6,0
33097,4,54.340912303861245,-157.5,5,0
33098,4,54.340912303861245,-142.5,5,0
33099,4,54.340912303861245,-127.5,6,0
33100,4,54.340912303861245,-112.5,4,0
33101,4,54.340912303861245,-97.5,14,0
33102,4,54.340912303861245,-82.5,6,0
33103,4,54.340912303861245,-67.5,10,0
33104,4,54.340912303861245,-52.50000000000006,8,0
33105,4,54.340912303861245,-37.5,13,0
33106,4,54.340912303861245,-22.5,10,0
33107,4,54.340912303861245,-7.5,10,0
33108,4,48.141207794360284,6.428571428571416,10,0
33109,4,48.141207794360284,19.285714285714278,8,0
33110,4,48.141207794360284,32.14285714285714,7,0
33111,4,48.141207794360284,45.0,8,0
33112,4,48.141207794360284,57.85714285714286,6,0
33113,4,48.141207794360284,70.71428571428572,11,0
33114,4,48.141207794360284,83.57142857142856,12,0
33115,4,48.141207794360284,96.42857142857144,7,0
33116,4,48.141207794360284,109.28571428571428,9,0
33117,4,48.141207794360284,122.14285714285711,11,0
33118,4,48.141207794360284,135.0,5,0
33119,4,48.141207794360284,147.8571428571429,7,0
33120,4,48.141207794360284,160.71428571428572,11,0
33121,4,48.141207794360284,173.57142857142856,5,0
33122,4,48.141207794360284,-173.57142857142856,7,0
33123,4,48.141207794360284,-160.71428571428572,6,0
33124,4,48.141207794360284,-147.8571428571429,7,0
33125,4,48.141207794360284,-135.0,14,0
33126,4,48.141207794360284,-122.14285714285711,7,0
33127,4,48.141207794360284,-109.28571428571428,8,0
33128,4,48.141207794360284,-96.42857142857144,10,0
33129,4,48.141207794360284,-83.57142857142856,5,0
33130,4,48.141207794360284,-70.71428571428572,9,0
33131,4,48.141207794360284,-57.85714285714283,4,0
33132,4,48.141207794360284,-45.0,7,0
33133,4,48.141207794360284,-32.14285714285717,8,0
33134,4,48.141207794360284,-19.28571428571422,8,0
33135,4,48.141207794360284,-6.428571428571445,12,0
33136,4,41.81031489577859,5.625,8,0
33137,4,41.81031489577859,16.875,10,0
33138,4,41.81031489577859,28.125,10,0
33139,4,41.81031489577859,39.375,6,0
33140,4,41.81031489577859,50.625,10,0
33141,4,41.81031489577859,61.875,8,0
33142,4,41.81031489577859,73.125,9,0
33143,4,41.81031489577859,84.375,8,0
33144,4,41.81031489577859,95.625,4,0
33145,4,41.81031489577859,106.875,10,0
33146,4,41.81031489577859,118.125,10,0
33147,4,41.81031489577859,129.375,11,0
33148,4,41.81031489577859,140.625,6,0
33149,4,41.81031489577859,151.875,7,0
33150,4,41.81031489577859,163.125,10,0
33151,4,41.81031489577859,174.375,3,0
33152,4,41.81031489577859,-174.375,9,0
33153,4,41.81031489577859,-163.125,10,0
33154,4,41.81031489577859,-151.875,6,0
33155,4,41.81031489577859,-140.625,14,0
33156,4,41.81031489577859,-129.37500000000006,14,0
33157,4,41.81031489577859,-118.125,6,0
33158,4,41.81031489577859,-106.875,7,0
33159,4,41.81031489577859,-95.625,7,0
33160,4,41.81031489577859,-84.375,9,0
33161,4,41.81031489577859,-73.12500000000006,4,0
33162,4,41.81031489577859,-61.875,5,0
33163,4,41.81031489577859,-50.625,10,0
33164,4,41.81031489577859,-39.375,6,0
33165,4,41.81031489577859,-28.125,7,0
33166,4,41.81031489577859,-16.875,5,0
33167,4,41.81031489577859,-5.625,10,0
33168,4,35.68533471265204,0.0,6,0
33169,4,35.68533471265204,11.25,8,0
33170,4,35.68533471265204,22.5,10,0
33171,4,35.68533471265204,33.75,5,0
33172,4,35.68533471265204,45.0,4,0
33173,4,35.68533471265204,56.25,9,0
33174,4,35.68533471265204,67.5,7,0
33175,4,35.68533471265204,78.75,10,0
33176,4,35.68533471265204,90.0,5,0
33177,4,35.68533471265204,101.25,6,0
33178,4,35.68533471265204,112.5,10,0
33179,4,35.68533471265204,123.75,9,0
33180,4,35.68533471265204,135.0,10,0
33181,4,35.68533471265204,146.25,6,0
33182,4,35.68533471265204,157.5,13,0
33183,4,35.68533471265204,168.75,12,0
33184,4,35.68533471265204,-180.0,5,0
33185,4,35.68533471265204,-168.75,8,0
33186,4,35.68533471265204,-157.5,9,0
33187,4,35.68533471265204,-146.25,8,0
33188,4,35.68533471265204,-135.0,12,0
33189,4,35.68533471265204,-123.75,8,0
33190,4,35.68533471265204,-112.5,9,0
33191,4,35.68533471265204,-101.25,8,0
33192,4,35.68533471265204,-90.0,5,0
33193,4,35.68533471265204,-78.75000000000006,4,0
33194,4,35.68533471265204,-67.5,4,0
33195,4,35.68533471265204,-56.25,9,0
33196,4,35.68533471265204,-45.0,7,0
33197,4,35.68533471265204,-33.75000000000006,11,0
33198,4,35.68533471265204,-22.5,13,0
33199,4,35.68533471265204,-11.25,8,0
33200,4,30.000000000000007,5.625,8,0
33201,4,30.000000000000007,16.875,7,0
33202,4,30.000000000000007,28.125,10,0
33203,4,30.000000000000007,39.375,8,0
33204,4,30.000000000000007,50.625,10,0
33205,4,30.000000000000007,61.875,10,0
33206,4,30.000000000000007,73.125,11,0
33207,4,30.000000000000007,84.375,8,0
33208,4,30.000000000000007,95.625,11,0
33209,4,30.000000000000007,106.875,8,0
33210,4,30.000000000000007,118.125,9,0
33211,4,30.000000000000007,129.375,9,0
33212,4,30.000000000000007,140.625,8,0
33213,4,30.000000000000007,151.875,5,0
33214,4,30.000000000000007,163.125,14,0
33215,4,30.000000000000007,174.375,8,0
33216,4,30.000000000000007,-174.375,7,0
33217,4,30.000000000000007,-163.125,7,0
33218,4,30.000000000000007,-151.875,10,0
33219,4,30.000000000000007,-140.625,12,0
33220,4,30.000000000000007,-129.37500000000006,8,0
33221,4,30.000000000000007,-118.125,8,0
33222,4,30.000000000000007,-106.875,7,0
33223,4,30.000000000000007,-95.625,15,0
33224,4,30.000000000000007,-84.375,10,0
33225,4,30.000000000000007,-73.12500000000006,0,0
33226,4,30.000000000000007,-61.875,6,0
33227,4,30.000000000000007,-50.625,8,0
33228,4,30.000000000000007,-39.375,6,0
33229,4,30.000000000000007,-28.125,10,0
33230,4,30.000000000000007,-16.875,11,0
33231,4,30.000000000000007,-5.625,7,0
33232,4,24.62431835216408,0.0,5,0
33233,4,24.62431835216408,11.25,3,0
33234,4,24.62431835216408,22.5,10,0
33235,4,24.62431835216408,33.75,10,0
33236,4,24.62431835216408,45.0,9,0
33237,4,24.62431835216408,56.25,12,0
33238,4,24.62431835216408,67.5,11,0
33239,4,24.62431835216408,78.75,10,0
33240,4,24.62431835216408,90.0,11,0
33241,4,24.62431835216408,101.25,11,0
33242,4,24.62431835216408,112.5,11,0
33243,4,24.62431835216408,123.75,9,0
33244,4,24.62431835216408,135.0,12,0
33245,4,24.62431835216408,146.25,5,0
33246,4,24.62431835216408,157.5,9,0
33247,4,24.62431835216408,168.75,5,0
33248,4,24.62431835216408,-180.0,7,0
33249,4,24.62431835216408,-168.75,5,0
33250,4,24.62431835216408,-157.5,5,0
33251,4,24.62431835216408,-146.25,6,0
33252,4,24.62431835216408,-135.0,11,0
33253,4,24.62431835216408,-123.75,13,0
33254,4,24.62431835216408,-112.5,8,0
33255,4,24.62431835216408,-101.25,13,0
33256,4,24.62431835216408,-90.0,7,0
33257,4,24.62431835216408,-78.75000000000006,5,0
33258,4,24.62431835216408,-67.5,8,0
33259,4,24.62431835216408,-56.25,9,0
33260,4,24.62431835216408,-45.0,5,0
33261,4,24.62431835216408,-33.75000000000006,4,0
33262,4,24.62431835216408,-22.5,10,0
33263,4,24.62431835216408,-11.25,5,0
33264,4,19.47122063449069,5.625,7,0
33265,4,19.47122063449069,16.875,10,0
33266,4,19.47122063449069,28.125,8,0
33267,4,19.47122063449069,39.375,2,0
33268,4,19.47122063449069,50.625,8,0
33269,4,19.47122063449069,61.875,12,0
33270,4,19.47122063449069,73.125,12,0
33271,4,19.47122063449069,84.375,9,0
33272,4,19.47122063449069,95.625,7,0
33273,4,19.47122063449069,106.875,9,0
33274,4,19.47122063449069,118.125,6,0
33275,4,19.47122063449069,129.375,18,0
33276,4,19.47122063449069,140.625,7,0
33277,4,19.47122063449069,151.875,9,0
33278,4,19.47122063449069,163.125,7,0
33279,4,19.47122063449069,174.375,7,0
33280,4,19.47122063449069,-174.375,4,0
33281,4,19.47122063449069,-163.125,8,0
33282,4,19.47122063449069,-151.875,6,0
33283,4,19.47122063449069,-140.625,8,0
33284,4,19.47122063449069,-129.37500000000006,7,0
33285,4,19.47122063449069,-118.125,6,0
33286,4,19.47122063449069,-106.875,5,0
33287,4,19.47122063449069,-95.625,7,0
33288,4,19.47122063449069,-84.375,2,0
33289,4,19.47122063449069,-73.12500000000006,9,0
33290,4,19.47122063449069,-61.875,5,0
33291,4,19.47122063449069,-50.625,6,0
33292,4,19.47122063449069,-39.375,6,0
33293,4,19.47122063449069,-28.125,7,0
33294,4,19.47122063449069,-16.875,6,0
33295,4,19.47122063449069,-5.625,7,0
33296,4,14.477512185929925,0.0,8,0
33297,4,14.477512185929925,11.25,8,0
33298,4,14.477512185929925,22.5,11,0
33299,4,14.477512185929925,33.75,5,0
33300,4,14.477512185929925,45.0,4,0
33301,4,14.477512185929925,56.25,12,0
33302,4,14.477512185929925,67.5,6,0
33303,4,14.477512185929925,78.75,9,0
33304,4,14.477512185929925,90.0,10,0
33305,4,14.477512185929925,101.25,6,0
33306,4,14.477512185929925,112.5,13,0
33307,4,14.477512185929925,123.75,6,0
33308,4,14.477512185929925,135.0,10,0
33309,4,14.477512185929925,146.25,8,0
33310,4,14.477512185929925,157.5,8,0
33311,4,14.477512185929925,168.75,9,0
33312,4,14.477512185929925,-180.0,3,0
33313,4,14.477512185929925,-168.75,5,0
33314,4,14.477512185929925,-157.5,11,0
33315,4,14.477512185929925,-146.25,7,0
33316,4,14.477512185929925,-135.0,5,0
33317,4,14.477512185929925,-123.75,3,0
33318,4,14.477512185929925,-112.5,5,0
33319,4,14.477512185929925,-101.25,6,0
33320,4,14.477512185929925,-90.0,13,0
33321,4,14.477512185929925,-78.75000000000006,10,0
33322,4,14.477512185929925,-67.5,6,0
33323,4,14.477512185929925,-56.25,6,0
33324,4,14.477512185929925,-45.0,13,0
33325,4,14.477512185929925,-33.75000000000006,6,0
33326,4,14.477512185929925,-22.5,6,0
33327,4,14.477512185929925,-11.25,5,0
33328,4,9.594068226860458,5.625,8,0
33329,4,9.594068226860458,16.875,10,0
33330,4,9.594068226860458,28.125,8,1
33331,4,9.594068226860458,39.375,4,0
33332,4,9.594068226860458,50.625,9,0
33333,4,9.594068226860458,61.875,7,1
33334,4,9.594068226860458,73.125,8,0
33335,4,9.594068226860458,84.375,3,0
33336,4,9.594068226860458,95.625,11,0
33337,4,9.594068226860458,106.875,8,0
33338,4,9.594068226860458,118.125,8,0
33339,4,9.594068226860458,129.375,9,0
33340,4,9.594068226860458,140.625,9,0
33341,4,9.594068226860458,151.875,7,0
33342,4,9.594068226860458,163.125,10,0
33343,4,9.594068226860458,174.375,7,0
33344,4,9.594068226860458,-174.375,9,1
33345,4,9.594068226860458,-163.125,9,0
33346,4,9.594068226860458,-151.875,4,0
33347,4,9.594068226860458,-140.625,4,0
33348,4,9.594068226860458,-129.37500000000006,6,0
33349,4,9.594068226860458,-118.125,3,0
33350,4,9.594068226860458,-106.875,14,0
33351,4,9.594068226860458,-95.625,10,0
33352,4,9.594068226860458,-84.375,14,1
33353,4,9.594068226860458,-73.12500000000006,10,0
33354,4,9.594068226860458,-61.875,6,1
33355,4,9.594068226860458,-50.625,7,0
33356,4,9.594068226860458,-39.375,8,0
33357,4,9.594068226860458,-28.125,8,0
33358,4,9.594068226860458,-16.875,8,0
33359,4,9.594068226860458,-5.625,5,0
33360,4,4.780191847199163,0.0,12,3
33361,4,4.780191847199163,11.25,8,2
33362,4,4.780191847199163,22.5,6,1
33363,4,4.780191847199163,33.75,5,4
33364,4,4.780191847199163,45.0,9,1
33365,4,4.780191847199163,56.25,7,1
33366,4,4.780191847199163,67.5,7,2
33367,4,4.780191847199163,78.75,5,1
33368,4,4.780191847199163,90.0,10,1
33369,4,4.780191847199163,101.25,8,0
33370,4,4.780191847199163,112.5,8,2
33371,4,4.780191847199163,123.75,9,0
33372,4,4.780191847199163,135.0,9,1
33373,4,4.780191847199163,146.25,10,2
33374,4,4.780191847199163,157.5,6,1
33375,4,4.780191847199163,168.75,8,2
33376,4,4.780191847199163,-180.0,7,4
33377,4,4.780191847199163,-168.75,9,1
33378,4,4.780191847199163,-157.5,9,0
33379,4,4.780191847199163,-146.25,1,0
33380,4,4.780191847199163,-135.0,3,0
33381,4,4.780191847199163,-123.75,10,3
33382,4,4.780191847199163,-112.5,8,3
33383,4,4.780191847199163,-101.25,10,0
33384,4,4.780191847199163,-90.0,7,1
33385,4,4.780191847199163,-78.75000000000006,11,2
33386,4,4.780191847199163,-67.5,10,0
33387,4,4.780191847199163,-56.25,8,2
33388,4,4.780191847199163,-45.0,4,2
33389,4,4.780191847199163,-33.75000000000006,9,2
33390,4,4.780191847199163,-22.5,8,3
33391,4,4.780191847199163,-11.25,11,0
33392,4,0.0,5.625,11,4
33393,4,0.0,16.875,5,5
33394,4,0.0,28.125,7,1
33395,4,0.0,39.375,8,4
33396,4,0.0,50.625,12,0
33397,4,0.0,61.875,9,5
33398,4,0.0,73.125,5,4
33399,4,0.0,84.375,6,2
33400,4,0.0,95.625,9,1
33401,4,0.0,106.875,10,1
33402,4,0.0,118.125,6,5
33403,4,0.0,129.375,10,3
33404,4,0.0,140.625,8,4
33405,4,0.0,151.875,5,1
33406,4,0.0,163.125,11,5
33407,4,0.0,174.375,6,2
33408,4,0.0,-174.375,10,4
33409,4,0.0,-163.125,5,5
33410,4,0.0,-151.875,4,2
33411,4,0.0,-140.625,6,4
33412,4,0.0,-129.37500000000006,10,3
33413,4,0.0,-118.125,7,1
33414,4,0.0,-106.875,7,4
33415,4,0.0,-95.625,8,2
33416,4,0.0,-84.375,10,5
33417,4,0.0,-73.12500000000006,4,2
33418,4,0.0,-61.875,3,4
33419,4,0.0,-50.625,3,4
33420,4,0.0,-39.375,7,5
33421,4,0.0,-28.125,10,2
33422,4,0.0,-16.875,8,8
33423,4,0.0,-5.625,7,2
33424,4,-4.780191847199163,0.0,7,2
33425,4,-4.780191847199163,11.25,7,3
33426,4,-4.780191847199163,22.5,10,0
33427,4,-4.780191847199163,33.75,9,3
33428,4,-4.780191847199163,45.0,11,0
33429,4,-4.780191847199163,56.25,7,2
33430,4,-4.780191847199163,67.5,11,1
33431,4,-4.780191847199163,78.75,10,1
33432,4,-4.780191847199163,90.0,9,2
33433,4,-4.780191847199163,101.25,4,1
33434,4,-4.780191847199163,112.5,8,1
33435,4,-4.780191847199163,123.75,8,2
33436,4,-4.780191847199163,135.0,7,4
33437,4,-4.780191847199163,146.25,3,1
33438,4,-4.780191847199163,157.5,16,2
33439,4,-4.780191847199163,168.75,10,3
33440,4,-4.780191847199163,-180.0,9,1
33441,4,-4.780191847199163,-168.75,8,2
33442,4,-4.780191847199163,-157.5,8,4
33443,4,-4.780191847199163,-146.25,6,3
33444,4,-4.780191847199163,-135.0,10,1
33445,4,-4.780191847199163,-123.75,7,0
33446,4,-4.780191847199163,-112.5,7,2
33447,4,-4.780191847199163,-101.25,8,0
33448,4,-4.780191847199163,-90.0,12,2
33449,4,-4.780191847199163,-78.75000000000006,8,1
33450,4,-4.780191847199163,-67.5,6,2
33451,4,-4.780191847199163,-56.25,6,0
33452,4,-4.780191847199163,-45.0,5,5
33453,4,-4.780191847199163,-33.75000000000006,9,2
33454,4,-4.780191847199163,-22.5,5,3
33455,4,-4.780191847199163,-11.25,4,3
33456,4,-9.594068226860458,5.625,12,0
33457,4,-9.594068226860458,16.875,9,1
33458,4,-9.594068226860458,28.125,10,0
33459,4,-9.594068226860458,39.375,9,0
33460,4,-9.594068226860458,50.625,7,0
33461,4,-9.594068226860458,61.875,10,0
33462,4,-9.594068226860458,73.125,9,0
33463,4,-9.594068226860458,84.375,7,0
33464,4,-9.594068226860458,95.625,8,0
33465,4,-9.594068226860458,106.875,8,0
33466,4,-9.594068226860458,118.125,6,0
33467,4,-9.594068226860458,129.375,10,0
33468,4,-9.594068226860458,140.625,6,0
33469,4,-9.594068226860458,151.875,9,0
33470,4,-9.594068226860458,163.125,11,0
33471,4,-9.594068226860458,174.375,14,0
33472,4,-9.594068226860458,-174.375,9,0
33473,4,-9.594068226860458,-163.125,7,0
33474,4,-9.594068226860458,-151.875,8,0
33475,4,-9.594068226860458,-140.625,9,1
33476,4,-9.594068226860458,-129.37500000000006,5,0
33477,4,-9.594068226860458,-118.125,5,0
33478,4,-9.594068226860458,-106.875,5,0
33479,4,-9.594068226860458,-95.625,5,0
33480,4,-9.594068226860458,-84.375,11,0
33481,4,-9.594068226860458,-73.12500000000006,9,0
33482,4,-9.594068226860458,-61.875,11,0
33483,4,-9.594068226860458,-50.625,6,0
33484,4,-9.594068226860458,-39.375,9,0
33485,4,-9.594068226860458,-28.125,10,0
33486,4,-9.594068226860458,-16.875,3,0
33487,4,-9.594068226860458,-5.625,2,0
33488,4,-14.477512185929925,0.0,8,0
33489,4,-14.477512185929925,11.25,14,0
33490,4,-14.477512185929925,22.5,8,0
33491,4,-14.477512185929925,33.75,10,0
33492,4,-14.477512185929925,45.0,16,0
33493,4,-14.477512185929925,56.25,7,0
33494,4,-14.477512185929925,67.5,13,0
33495,4,-14.477512185929925,78.75,10,0
33496,4,-14.477512185929925,90.0,9,0
33497,4,-14.477512185929925,101.25,9,0
33498,4,-14.477512185929925,112.5,6,0
33499,4,-14.477512185929925,123.75,6,0
33500,4,-14.477512185929925,135.0,11,0
33501,4,-14.477512185929925,146.25,2,0
33502,4,-14.477512185929925,157.5,9,0
33503,4,-14.477512185929925,168.75,9,0
33504,4,-14.477512185929925,-180.0,8,0
33505,4,-14.477512185929925,-168.75,6,0
33506,4,-14.477512185929925,-157.5,11,0
33507,4,-14.477512185929925,-146.25,6,0
33508,4,-14.477512185929925,-135.0,8,0
33509,4,-14.477512185929925,-123.75,4,0
33510,4,-14.477512185929925,-112.5,8,0
33511,4,-14.477512185929925,-101.25,9,0
33512,4,-14.477512185929925,-90.0,5,0
33513,4,-14.477512185929925,-78.75000000000006,7,0
33514,4,-14.477512185929925,-67.5,15,0
33515,4,-14.477512185929925,-56.25,5,0
33516,4,-14.477512185929925,-45.0,4,0
33517,4,-14.477512185929925,-33.75000000000006,7,1
33518,4,-14.477512185929925,-22.5,5,0
33519,4,-14.477512185929925,-11.25,8,0
33520,4,-19.47122063449069,5.625,6,0
33521,4,-19.47122063449069,16.875,8,0
33522,4,-19.47122063449069,28.125,3,0
33523,4,-19.47122063449069,39.375,11,0
33524,4,-19.47122063449069,50.625,10,0
33525,4,-19.47122063449069,61.875,6,0
33526,4,-19.47122063449069,73.125,9,0
33527,4,-19.47122063449069,84.375,11,0
33528,4,-19.47122063449069,95.625,8,0
33529,4,-19.47122063449069,106.875,6,0
33530,4,-19.47122063449069,118.125,11,0
33531,4,-19.47122063449069,129.375,10,0
33532,4,-19.47122063449069,140.625,6,0
33533,4,-19.47122063449069,151.875,7,0
33534,4,-19.47122063449069,163.125,6,0
33535,4,-19.47122063449069,174.375,11,0
33536,4,-19.47122063449069,-174.375,7,0
33537,4,-19.47122063449069,-163.125,12,0
33538,4,-19.47122063449069,-151.875,9,0
33539,4,-19.47122063449069,-140.625,6,0
33540,4,-19.47122063449069,-129.37500000000006,13,0
33541,4,-19.47122063449069,-118.125,7,0
33542,4,-19.47122063449069,-106.875,6,0
33543,4,-19.47122063449069,-95.625,4,0
33544,4,-19.47122063449069,-84.375,6,0
33545,4,-19.47122063449069,-73.12500000000006,6,0
33546,4,-19.47122063449069,-61.875,6,0
33547,4,-19.47122063449069,-50.625,6,0
33548,4,-19.47122063449069,-39.375,13,1
33549,4,-19.47122063449069,-28.125,8,0
33550,4,-19.47122063449069,-16.875,4,0
33551,4,-19.47122063449069,-5.625,11,0
33552,4,-24.62431835216408,0.0,7,0
33553,4,-24.62431835216408,11.25,3,0
33554,4,-24.62431835216408,22.5,7,1
33555,4,-24.62431835216408,33.75,8,0
33556,4,-24.62431835216408,45.0,9,0
33557,4,-24.62431835216408,56.25,3,0
33558,4,-24.62431835216408,67.5,6,0
33559,4,-24.62431835216408,78.75,8,0
33560,4,-24.62431835216408,90.0,8,0
33561,4,-24.62431835216408,101.25,5,0
33562,4,-24.62431835216408,112.5,8,0
33563,4,-24.62431835216408,123.75,5,0
33564,4,-24.62431835216408,135.0,9,0
33565,4,-24.62431835216408,146.25,4,0
33566,4,-24.62431835216408,157.5,10,0
33567,4,-24.62431835216408,168.75,9,0
33568,4,-24.62431835216408,-180.0,8,0
33569,4,-24.62431835216408,-168.75,12,0
33570,4,-24.62431835216408,-157.5,4,0
33571,4,-24.62431835216408,-146.25,8,0
33572,4,-24.62431835216408,-135.0,11,0
33573,4,-24.62431835216408,-123.75,14,0
33574,4,-24.62431835216408,-112.5,6,0
33575,4,-24.62431835216408,-101.25,5,0
33576,4,-24.62431835216408,-90.0,11,0
33577,4,-24.62431835216408,-78.75000000000006,9,0
33578,4,-24.62431835216408,-67.5,5,0
33579,4,-24.62431835216408,-56.25,8,1
33580,4,-24.62431835216408,-45.0,11,0
33581,4,-24.62431835216408,-33.75000000000006,12,0
33582,4,-24.62431835216408,-22.5,4,0
33583,4,-24.62431835216408,-11.25,3,0
33584,4,-30.000000000000014,5.625,7,0
33585,4,-30.000000000000014,16.875,8,0
33586,4,-30.000000000000014,28.125,11,0
33587,4,-30.000000000000014,39.375,6,0
33588,4,-30.000000000000014,50.625,6,0
33589,4,-30.000000000000014,61.875,5,0
33590,4,-30.000000000000014,73.125,8,0
33591,4,-30.000000000000014,84.375,10,0
33592,4,-30.000000000000014,95.625,4,0
33593,4,-30.000000000000014,106.875,6,0
33594,4,-30.000000000000014,118.125,2,0
33595,4,-30.000000000000014,129.375,3,0
33596,4,-30.000000000000014,140.625,8,0
33597,4,-30.000000000000014,151.875,5,0
33598,4,-30.000000000000014,163.125,10,0
33599,4,-30.000000000000014,174.375,6,0
33600,4,-30.000000000000014,-174.375,11,0
33601,4,-30.000000000000014,-163.125,10,0
33602,4,-30.000000000000014,-151.875,8,0
33603,4,-30.000000000000014,-140.625,7,0
33604,4,-30.000000000000014,-129.37500000000006,14,0
33605,4,-30.000000000000014,-118.125,10,0
33606,4,-30.000000000000014,-106.875,8,0
33607,4,-30.000000000000014,-95.625,15,0
33608,4,-30.000000000000014,-84.375,6,0
33609,4,-30.000000000000014,-73.12500000000006,12,0
33610,4,-30.000000000000014,-61.875,11,0
33611,4,-30.000000000000014,-50.625,9,0
33612,4,-30.000000000000014,-39.375,8,0
33613,4,-30.000000000000014,-28.125,11,0
33614,4,-30.000000000000014,-16.875,4,0
33615,4,-30.000000000000014,-5.625,1,0
33616,4,-35.68533471265205,0.0,5,0
33617,4,-35.68533471265205,11.25,8,0
33618,4,-35.68533471265205,22.5,10,0
33619,4,-35.68533471265205,33.75,7,0
33620,4,-35.68533471265205,45.0,7,0
33621,4,-35.68533471265205,56.25,4,0
33622,4,-35.68533471265205,67.5,9,0
33623,4,-35.68533471265205,78.75,14,0
33624,4,-35.68533471265205,90.0,8,0
33625,4,-35.68533471265205,101.25,9,0
33626,4,-35.68533471265205,112.5,10,0
33627,4,-35.68533471265205,123.75,6,0
33628,4,-35.68533471265205,135.0,2,0
33629,4,-35.68533471265205,146.25,8,0
33630,4,-35.68533471265205,157.5,6,0
33631,4,-35.68533471265205,168.75,8,0
33632,4,-35.68533471265205,-180.0,17,0
33633,4,-35.68533471265205,-168.75,4,0
33634,4,-35.68533471265205,-157.5,8,0
33635,4,-35.68533471265205,-146.25,8,0
33636,4,-35.68533471265205,-135.0,10,0
33637,4,-35.68533471265205,-123.75,14,0
33638,4,-35.68533471265205,-112.5,11,0
33639,4,-35.68533471265205,-101.25,8,0
33640,4,-35.68533471265205,-90.0,11,0
33641,4,-35.68533471265205,-78.75000000000006,8,0
33642,4,-35.68533471265205,-67.5,3,0
33643,4,-35.68533471265205,-56.25,4,0
33644,4,-35.68533471265205,-45.0,8,0
33645,4,-35.68533471265205,-33.75000000000006,4,0
33646,4,-35.68533471265205,-22.5,6,0
33647,4,-35.68533471265205,-11.25,4,0
33648,4,-41.81031489577862,5.625,7,0
33649,4,-41.81031489577862,16.875,6,0
33650,4,-41.81031489577862,28.125,10,0
33651,4,-41.81031489577862,39.375,3,0
33652,4,-41.81031489577862,50.625,12,0
33653,4,-41.81031489577862,61.875,7,0
33654,4,-41.81031489577862,73.125,9,0
33655,4,-41.81031489577862,84.375,7,0
33656,4,-41.81031489577862,95.625,7,0
33657,4,-41.81031489577862,106.875,7,0
33658,4,-41.81031489577862,118.125,13,0
33659,4,-41.81031489577862,129.375,12,0
33660,4,-41.81031489577862,140.625,7,0
33661,4,-41.81031489577862,151.875,12,0
33662,4,-41.81031489577862,163.125,11,0
33663,4,-41.81031489577862,174.375,9,0
33664,4,-41.81031489577862,-174.375,7,0
33665,4,-41.81031489577862,-163.125,9,0
33666,4,-41.81031489577862,-151.875,5,0
33667,4,-41.81031489577862,-140.625,11,0
33668,4,-41.81031489577862,-129.37500000000006,9,0
33669,4,-41.81031489577862,-118.125,9,0
33670,4,-41.81031489577862,-106.875,13,0
33671,4,-41.81031489577862,-95.625,14,0
33672,4,-41.81031489577862,-84.375,7,0
33673,4,-41.81031489577862,-73.12500000000006,10,0
33674,4,-41.81031489577862,-61.875,3,0
33675,4,-41.81031489577862,-50.625,5,0
33676,4,-41.81031489577862,-39.375,3,0
33677,4,-41.81031489577862,-28.125,5,0
33678,4,-41.81031489577862,-16.875,5,0
33679,4,-41.81031489577862,-5.625,0,0
33680,4,-48.1412077943603,6.428571428571416,7,0
33681,4,-48.1412077943603,19.285714285714278,8,0
33682,4,-48.1412077943603,32.14285714285714,9,0
33683,4,-48.1412077943603,45.0,7,0
33684,4,-48.1412077943603,57.85714285714286,7,0
33685,4,-48.1412077943603,70.71428571428572,4,0
33686,4,-48.1412077943603,83.57142857142856,6,0
33687,4,-48.1412077943603,96.42857142857144,6,0
33688,4,-48.1412077943603,109.28571428571428,11,0
33689,4,-48.1412077943603,122.14285714285711,10,0
33690,4,-48.1412077943603,135.0,9,0
33691,4,-48.1412077943603,147.8571428571429,18,0
33692,4,-48.1412077943603,160.71428571428572,8,0
33693,4,-48.1412077943603,173.57142857142856,4,0
33694,4,-48.1412077943603,-173.57142857142856,12,0
33695,4,-48.1412077943603,-160.71428571428572,4,1
33696,4,-48.1412077943603,-147.8571428571429,6,0
33697,4,-48.1412077943603,-135.0,7,0
33698,4,-48.1412077943603,-122.14285714285711,7,0
33699,4,-48.1412077943603,-109.28571428571428,10,0
33700,4,-48.1412077943603,-96.42857142857144,9,0
33701,4,-48.1412077943603,-83.57142857142856,5,0
33702,4,-48.1412077943603,-70.71428571428572,9,0
33703,4,-48.1412077943603,-57.85714285714283,6,0
33704,4,-48.1412077943603,-45.0,7,0
33705,4,-48.1412077943603,-32.14285714285717,10,0
33706,4,-48.1412077943603,-19.28571428571422,5,0
33707,4,-48.1412077943603,-6.428571428571445,7,0
33708,4,-54.340912303861245,7.5,5,0
33709,4,-54.340912303861245,22.5,5,0
33710,4,-54.340912303861245,37.5,9,0
33711,4,-54.340912303861245,52.5,3,0
33712,4,-54.340912303861245,67.5,9,0
33713,4,-54.340912303861245,82.5,8,0
33714,4,-54.340912303861245,97.5,9,0
33715,4,-54.340912303861245,112.5,7,0
33716,4,-54.340912303861245,127.5,9,0
33717,4,-54.340912303861245,142.5,9,0
33718,4,-54.340912303861245,157.5,13,0
33719,4,-54.340912303861245,172.5,8,0
33720,4,-54.340912303861245,-172.5,12,0
33721,4,-54.340912303861245,-157.5,3,0
33722,4,-54.340912303861245,-142.5,9,0
33723,4,-54.340912303861245,-127.5,11,0
33724,4,-54.340912303861245,-112.5,12,0
33725,4,-54.340912303861245,-97.5,10,0
33726,4,-54.340912303861245,-82.5,5,0
33727,4,-54.340912303861245,-67.5,10,0
33728,4,-54.340912303861245,-52.50000000000006,4,0
33729,4,-54.340912303861245,-37.5,5,0
33730,4,-54.340912303861245,-22.5,6,0
33731,4,-54.340912303861245,-7.5,8,0
33732,4,-60.4344388449523,9.0,7,0
33733,4,-60.4344388449523,27.0,7,0
33734,4,-60.4344388449523,45.0,7,0
33735,4,-60.4344388449523,63.0,8,0
33736,4,-60.4344388449523,81.0,8,0
33737,4,-60.4344388449523,99.0,8,0
33738,4,-60.4344388449523,117.0,4,0
33739,4,-60.4344388449523,135.0,6,0
33740,4,-60.4344388449523,153.0,8,0
33741,4,-60.4344388449523,171.0,10,0
33742,4,-60.4344388449523,-171.0,7,0
33743,4,-60.4344388449523,-153.0,11,0
33744,4,-60.4344388449523,-135.0,8,0
33745,4,-60.4344388449523,-117.0,7,0
33746,4,-60.4344388449523,-99.0,7,0
33747,4,-60.4344388449523,-81.0,3,0
33748,4,-60.4344388449523,-63.0,6,0
33749,4,-60.4344388449523,-45.0,15,1
33750,4,-60.4344388449523,-27.0,7,0
33751,4,-60.4344388449523,-9.0,9,0
33752,4,-66.44353569089876,11.25,7,0
33753,4,-66.44353569089876,33.75,5,0
33754,4,-66.44353569089876,56.25,7,0
33755,4,-66.44353569089876,78.75,6,0
33756,4,-66.44353569089876,101.25,6,0
33757,4,-66.44353569089876,123.75,6,0
33758,4,-66.44353569089876,146.25,11,0
33759,4,-66.44353569089876,168.75,8,0
33760,4,-66.44353569089876,-168.75,10,0
33761,4,-66.44353569089876,-146.25,9,0
33762,4,-66.44353569089876,-123.75,5,0
33763,4,-66.44353569089876,-101.25,7,0
33764,4,-66.44353569089876,-78.75,5,0
33765,4,-66.44353569089876,-56.25,10,0
33766,4,-66.44353569089876,-33.75,19,0
33767,4,-66.44353569089876,-11.25,12,0
33768,4,-72.38756092964962,15.0,7,0
33769,4,-72.38756092964962,45.0,2,0
33770,4,-72.38756092964962,75.0,6,0
33771,4,-72.38756092964962,105.0,7,0
33772,4,-72.38756092964962,135.0,5,0
33773,4,-72.38756092964962,165.0,11,0
33774,4,-72.38756092964962,-165.0,10,0
33775,4,-72.38756092964962,-135.0,8,0
33776,4,-72.38756092964962,-105.0,5,0
33777,4,-72.38756092964962,-75.0,4,0
33778,4,-72.38756092964962,-45.0,5,0
33779,4,-72.38756092964962,-15.0,10,0
33780,4,-78.28414760510762,22.5,7,0
33781,4,-78.28414760510762,67.5,5,0
33782,4,-78.28414760510762,112.5,5,0
33783,4,-78.28414760510762,157.5,9,0
33784,4,-78.28414760510762,-157.5,9,0
33785,4,-78.28414760510762,-112.5,7,0
33786,4,-78.28414760510762,-67.5,3,0
33787,4,-78.28414760510762,-22.5,4,0
33788,4,-84.14973293629666,45.0,8,0
33789,4,-84.14973293629666,135.0,6,0
33790,4,-84.14973293629666,-135.0,6,0
33791,4,-84.14973293629666,-45.0,7,0
33792,4,84.14973293629666,45.0,4,0
33793,4,84.14973293629666,135.0,6,0
33794,4,84.14973293629666,-135.0,5,0
33795,4,84.14973293629666,-45.0,5,0
33796,4,78.28414760510762,22.5,8,0
33797,4,78.28414760510762,67.5,5,0
33798,4,78.28414760510762,112.5,9,0
33799,4,78.28414760510762,157.5,6,0
33800,4,78.28414760510762,-157.5,5,0
33801,4,78.28414760510762,-112.5,4,0
33802,4,78.28414760510762,-67.5,5,0
33803,4,78.28414760510762,-22.5,10,0
33804,4,72.38756092964962,15.0,5,0
33805,4,72.38756092964962,45.0,8,0
33806,4,72.38756092964962,75.0,12,0
33807,4,72.38756092964962,105.0,12,0
33808,4,72.38756092964962,135.0,4,0
33809,4,72.38756092964962,165.0,4,0
33810,4,72.38756092964962,-165.0,6,0
33811,4,72.38756092964962,-135.0,13,0
33812,4,72.38756092964962,-105.0,5,0
33813,4,72.38756092964962,-75.0,6,0
33814,4,72.38756092964962,-45.0,12,0
33815,4,72.38756092964962,-15.0,8,0
33816,4,66.44353569089877,11.25,8,0
33817,4,66.44353569089877,33.75,10,0
33818,4,66.44353569089877,56.25,7,0
33819,4,66.44353569089877,78.75,8,0
33820,4,66.44353569089877,101.25,7,0
33821,4,66.44353569089877,123.75,7,0
33822,4,66.44353569089877,146.25,7,0
33823,4,66.44353569089877,168.75,4,0
33824,4,66.44353569089877,-168.75,13,0
33825,4,66.44353569089877,-146.25,8,0
33826,4,66.44353569089877,-123.75,11,0
33827,4,66.44353569089877,-101.25,11,0
33828,4,66.44353569089877,-78.75,4,0
33829,4,66.44353569089877,-56.25,11,0
33830,4,66.44353569089877,-33.75,12,0
33831,4,66.44353569089877,-11.25,9,0
33832,4,60.43443884495228,9.0,8,0
33833,4,60.43443884495228,27.0,6,0
33834,4,60.43443884495228,45.0,7,0
33835,4,60.43443884495228,63.0,4,0
33836,4,60.43443884495228,81.0,6,0
33837,4,60.43443884495228,99.0,4,0
33838,4,60.43443884495228,117.0,6,0
33839,4,60.43443884495228,135.0,12,0
33840,4,60.43443884495228,153.0,11,0
33841,4,60.43443884495228,171.0,8,0
33842,4,60.43443884495228,-171.0,12,0
33843,4,60.43443884495228,-153.0,5,0
33844,4,60.43443884495228,-135.0,10,0
33845,4,60.43443884495228,-117.0,9,0
33846,4,60.43443884495228,-99.0,11,0
33847,4,60.43443884495228,-81.0,7,0
33848,4,60.43443884495228,-63.0,7,0
33849,4,60.43443884495228,-45.0,14,0
33850,4,60.43443884495228,-27.0,12,0
33851,4,60.43443884495228,-9.0,12,0
33852,4,54.340912303861245,7.5,11,0
33853,4,54.340912303861245,22.5,5,0
33854,4,54.340912303861245,37.5,6,0
33855,4,54.340912303861245,52.5,7,0
33856,4,54.340912303861245,67.5,7,0
33857,4,54.340912303861245,82.5,9,0
33858,4,54.340912303861245,97.5,6,0
33859,4,54.340912303861245,112.5,8,0
33860,4,54.340912303861245,127.5,5,0
33861,4,54.340912303861245,142.5,7,0
33862,4,54.340912303861245,157.5,12,0
33863,4,54.340912303861245,172.5,11,0
33864,4,54.340912303861245,-172.5,6,0
33865,4,54.340912303861245,-157.5,5,0
33866,4,54.340912303861245,-142.5,5,0
33867,4,54.340912303861245,-127.5,6,0
33868,4,54.340912303861245,-112.5,4,0
33869,4,54.340912303861245,-97.5,14,0
33870,4,54.340912303861245,-82.5,6,0
33871,4,54.340912303861245,-67.5,10,0
33872,4,54.340912303861245,-52.50000000000006,8,0
33873,4,54.340912303861245,-37.5,13,0
33874,4,54.340912303861245,-22.5,10,0
33875,4,54.340912303861245,-7.5,10,0
33876,4,48.141207794360284,6.428571428571416,10,0
33877,4,48.141207794360284,19.285714285714278,8,0
33878,4,48.141207794360284,32.14285714285714,7,0
33879,4,48.141207794360284,45.0,8,0
33880,4,48.141207794360284,57.85714285714286,6,0
33881,4,48.141207794360284,70.71428571428572,11,0
33882,4,48.141207794360284,83.57142857142856,12,0
33883,4,48.141207794360284,96.42857142857144,7,0
33884,4,48.141207794360284,109.28571428571428,9,0
33885,4,48.141207794360284,122.14285714285711,11,0
33886,4,48.141207794360284,135.0,5,0
33887,4,48.141207794360284,147.8571428571429,7,0
33888,4,48.141207794360284,160.71428571428572,11,0
33889,4,48.141207794360284,173.57142857142856,5,0
33890,4,48.141207794360284,-173.57142857142856,7,0
33891,4,48.141207794360284,-160.71428571428572,6,0
33892,4,48.141207794360284,-147.8571428571429,7,0
33893,4,48.141207794360284,-135.0,14,0
33894,4,48.141207794360284,-122.14285714285711,7,0
33895,4,48.141207794360284,-109.28571428571428,8,0
33896,4,48.141207794360284,-96.42857142857144,10,0
33897,4,48.141207794360284,-83.57142857142856,5,0
33898,4,48.141207794360284,-70.71428571428572,9,0
33899,4,48.141207794360284,-57.85714285714283,4,0
33900,4,48.141207794360284,-45.0,7,0
33901,4,48.141207794360284,-32.14285714285717,8,0
33902,4,48.141207794360284,-19.28571428571422,8,0
33903,4,48.141207794360284,-6.428571428571445,12,0
33904,4,41.81031489577859,5.625,8,0
33905,4,41.81031489577859,16.875,10,0
33906,4,41.81031489577859,28.125,10,0
33907,4,41.81031489577859,39.375,6,0
33908,4,41.81031489577859,50.625,10,0
33909,4,41.81031489577859,61.875,8,0
33910,4,41.81031489577859,73.125,9,0
33911,4,41.81031489577859,84.375,8,0
33912,4,41.81031489577859,95.625,4,0
33913,4,41.81031489577859,106.875,10,0
33914,4,41.81031489577859,118.125,10,0
33915,4,41.81031489577859,129.375,11,0
33916,4,41.81031489577859,140.625,6,0
33917,4,41.81031489577859,151.875,7,0
33918,4,41.81031489577859,163.125,10,0
33919,4,41.81031489577859,174.375,3,0
33920,4,41.81031489577859,-174.375,9,0
33921,4,41.81031489577859,-163.125,10,0
33922,4,41.81031489577859,-151.875,6,0
33923,4,41.81031489577859,-140.625,14,0
33924,4,41.81031489577859,-129.37500000000006,14,0
33925,4,41.81031489577859,-118.125,6,0
33926,4,41.81031489577859,-106.875,7,0
33927,4,41.81031489577859,-95.625,7,0
33928,4,41.81031489577859,-84.375,9,0
33929,4,41.81031489577859,-73.12500000000006,4,0
33930,4,41.81031489577859,-61.875,5,0
33931,4,41.81031489577859,-50.625,10,0
33932,4,41.81031489577859,-39.375,6,0
33933,4,41.81031489577859,-28.125,7,0
33934,4,41.81031489577859,-16.875,5,0
33935,4,41.81031489577859,-5.625,10,0
33936,4,35.68533471265204,0.0,6,0
33937,4,35.68533471265204,11.25,8,0
33938,4,35.68533471265204,22.5,10,0
33939,4,35.68533471265204,33.75,5,0
33940,4,35.68533471265204,45.0,4,0
33941,4,35.68533471265204,56.25,9,0
33942,4,35.68533471265204,67.5,7,0
33943,4,35.68533471265204,78.75,10,0
33944,4,35.68533471265204,90.0,5,0
33945,4,35.68533471265204,101.25,6,0
33946,4,35.68533471265204,112.5,10,0
33947,4,35.68533471265204,123.75,9,0
33948,4,35.68533471265204,135.0,10,0
33949,4,35.68533471265204,146.25,6,0
33950,4,35.68533471265204,157.5,13,0
33951,4,35.68533471265204,168.75,12,0
33952,4,35.68533471265204,-180.0,5,0
33953,4,35.68533471265204,-168.75,8,0
33954,4,35.68533471265204,-157.5,9,0
33955,4,35.68533471265204,-146.25,8,0
33956,4,35.68533471265204,-135.0,12,0
33957,4,35.68533471265204,-123.75,8,0
33958,4,35.68533471265204,-112.5,9,0
33959,4,35.68533471265204,-101.25,8,0
33960,4,35.68533471265204,-90.0,5,0
33961,4,35.68533471265204,-78.75000000000006,4,0
33962,4,35.68533471265204,-67.5,4,0
33963,4,35.68533471265204,-56.25,9,0
33964,4,35.68533471265204,-45.0,7,0
33965,4,35.68533471265204,-33.75000000000006,11,0
33966,4,35.68533471265204,-22.5,13,0
33967,4,35.68533471265204,-11.25,8,0
33968,4,30.000000000000007,5.625,8,0
33969,4,30.000000000000007,16.875,7,0
33970,4,30.000000000000007,28.125,10,0
33971,4,30.000000000000007,39.375,8,0
33972,4,30.000000000000007,50.625,10,0
33973,4,30.000000000000007,61.875,10,0
33974,4,30.000000000000007,73.125,11,0
33975,4,30.000000000000007,84.375,8,0
33976,4,30.000000000000007,95.625,11,0
33977,4,30.000000000000007,106.875,8,0
33978,4,30.000000000000007,118.125,9,0
33979,4,30.000000000000007,129.375,9,0
33980,4,30.000000000000007,140.625,8,0
33981,4,30.000000000000007,151.875,5,0
33982,4,30.000000000000007,163.125,14,0
33983,4,30.000000000000007,174.375,8,0
33984,4,30.000000000000007,-174.375,7,0
33985,4,30.000000000000007,-163.125,7,0
33986,4,30.000000000000007,-151.875,10,0
33987,4,30.000000000000007,-140.625,12,0
33988,4,30.000000000000007,-129.37500000000006,8,0
33989,4,30.000000000000007,-118.125,8,0
33990,4,30.000000000000007,-106.875,7,0
33991,4,30.000000000000007,-95.625,15,0
33992,4,30.000000000000007,-84.375,10,0
33993,4,30.000000000000007,-73.12500000000006,0,0
33994,4,30.000000000000007,-61.875,6,0
33995,4,30.000000000000007,-50.625,8,0
33996,4,30.000000000000007,-39.375,6,0
33997,4,30.000000000000007,-28.125,10,0
33998,4,30.000000000000007,-16.875,11,0
33999,4,30.000000000000007,-5.625,7,0
34000,4,24.62431835216408,0.0,5,0
34001,4,24.62431835216408,11.25,3,0
34002,4,24.62431835216408,22.5,10,0
34003,4,24.62431835216408,33.75,10,0
34004,4,24.62431835216408,45.0,9,0
34005,4,24.62431835216408,56.25,12,0
34006,4,24.62431835216408,67.5,11,0
34007,4,24.62431835216408,78.75,10,0
34008,4,24.62431835216408,90.0,11,0
34009,4,24.62431835216408,101.25,11,0
34010,4,24.62431835216408,112.5,11,0
34011,4,24.62431835216408,123.75,9,0
34012,4,24.62431835216408,135.0,12,0
34013,4,24.62431835216408,146.25,5,0
34014,4,24.62431835216408,157.5,9,0
34015,4,24.62431835216408,168.75,5,0
34016,4,24.62431835216408,-180.0,7,0
34017,4,24.62431835216408,-168.75,5,0
34018,4,24.62431835216408,-157.5,5,0
34019,4,24.62431835216408,-146.25,6,0
34020,4,24.62431835216408,-135.0,11,0
34021,4,24.62431835216408,-123.75,13,0
34022,4,24.62431835216408,-112.5,8,0
34023,4,24.62431835216408,-101.25,13,0
34024,4,24.62431835216408,-90.0,7,0
34025,4,24.62431835216408,-78.75000000000006,5,0
34026,4,24.62431835216408,-67.5,8,0
34027,4,24.62431835216408,-56.25,9,0
34028,4,24.62431835216408,-45.0,5,0
34029,4,24.62431835216408,-33.75000000000006,4,0
34030,4,24.62431835216408,-22.5,10,0
34031,4,24.62431835216408,-11.25,5,0
34032,4,19.47122063449069,5.625,7,0
34033,4,19.47122063449069,16.875,10,0
34034,4,19.47122063449069,28.125,8,0
34035,4,19.47122063449069,39.375,2,0
34036,4,19.47122063449069,50.625,8,0
34037,4,19.47122063449069,61.875,12,0
34038,4,19.47122063449069,73.125,12,0
34039,4,19.47122063449069,84.375,9,0
34040,4,19.47122063449069,95.625,7,0
34041,4,19.47122063449069,106.875,9,0
34042,4,19.47122063449069,118.125,6,0
34043,4,19.47122063449069,129.375,18,0
34044,4,19.47122063449069,140.625,7,0
34045,4,19.47122063449069,151.875,9,0
34046,4,19.47122063449069,163.125,7,0
34047,4,19.47122063449069,174.375,7,0
34048,4,19.47122063449069,-174.375,4,0
34049,4,19.47122063449069,-163.125,8,0
34050,4,19.47122063449069,-151.875,6,0
34051,4,19.47122063449069,-140.625,8,0
34052,4,19.47122063449069,-129.37500000000006,7,0
34053,4,19.47122063449069,-118.125,6,0
34054,4,19.47122063449069,-106.875,5,0
34055,4,19.47122063449069,-95.625,7,0
34056,4,19.47122063449069,-84.375,2,0
34057,4,19.47122063449069,-73.12500000000006,9,0
34058,4,19.47122063449069,-61.875,5,0
34059,4,19.47122063449069,-50.625,6,0
34060,4,19.47122063449069,-39.375,6,0
34061,4,19.47122063449069,-28.125,7,0
34062,4,19.47122063449069,-16.875,6,0
34063,4,19.47122063449069,-5.625,7,0
34064,4,14.477512185929925,0.0,8,0
34065,4,14.477512185929925,11.25,8,0
34066,4,14.477512185929925,22.5,11,0
34067,4,14.477512185929925,33.75,5,0
34068,4,14.477512185929925,45.0,4,0
34069,4,14.477512185929925,56.25,12,0
34070,4,14.477512185929925,67.5,6,0
34071,4,14.477512185929925,78.75,9,0
34072,4,14.477512185929925,90.0,10,0
34073,4,14.477512185929925,101.25,6,0
34074,4,14.477512185929925,112.5,13,0
34075,4,14.477512185929925,123.75,6,0
34076,4,14.477512185929925,135.0,10,0
34077,4,14.477512185929925,146.25,8,0
34078,4,14.477512185929925,157.5,8,0
34079,4,14.477512185929925,168.75,9,0
34080,4,14.477512185929925,-180.0,3,0
34081,4,14.477512185929925,-168.75,5,0
34082,4,14.477512185929925,-157.5,11,0
34083,4,14.477512185929925,-146.25,7,0
34084,4,14.477512185929925,-135.0,5,0
34085,4,14.477512185929925,-123.75,3,0
34086,4,14.477512185929925,-112.5,5,0
34087,4,14.477512185929925,-101.25,6,0
34088,4,14.477512185929925,-90.0,13,0
34089,4,14.477512185929925,-78.75000000000006,10,0
34090,4,14.477512185929925,-67.5,6,0
34091,4,14.477512185929925,-56.25,6,0
34092,4,14.477512185929925,-45.0,13,0
34093,4,14.477512185929925,-33.75000000000006,6,0
34094,4,14.477512185929925,-22.5,6,0
34095,4,14.477512185929925,-11.25,5,0
34096,4,9.594068226860458,5.625,8,0
34097,4,9.594068226860458,16.875,10,0
34098,4,9.594068226860458,28.125,8,1
34099,4,9.594068226860458,39.375,4,0
34100,4,9.594068226860458,50.625,9,0
34101,4,9.594068226860458,61.875,7,1
34102,4,9.594068226860458,73.125,8,0
34103,4,9.594068226860458,84.375,3,0
34104,4,9.594068226860458,95.625,11,0
34105,4,9.594068226860458,106.875,8,0
34106,4,9.594068226860458,118.125,8,0
34107,4,9.594068226860458,129.375,9,0
34108,4,9.594068226860458,140.625,9,0
34109,4,9.594068226860458,151.875,7,0
34110,4,9.594068226860458,163.125,10,0
34111,4,9.594068226860458,174.375,7,0
34112,4,9.594068226860458,-174.375,9,1
34113,4,9.594068226860458,-163.125,9,0
34114,4,9.594068226860458,-151.875,4,0
34115,4,9.594068226860458,-140.625,4,0
34116,4,9.594068226860458,-129.37500000000006,6,0
34117,4,9.594068226860458,-118.125,3,0
34118,4,9.594068226860458,-106.875,14,0
34119,4,9.594068226860458,-95.625,10,0
34120,4,9.594068226860458,-84.375,14,1
34121,4,9.594068226860458,-73.12500000000006,10,0
34122,4,9.594068226860458,-61.875,6,1
34123,4,9.594068226860458,-50.625,7,0
34124,4,9.594068226860458,-39.375,8,0
34125,4,9.594068226860458,-28.125,8,0
34126,4,9.594068226860458,-16.875,8,0
34127,4,9.594068226860458,-5.625,5,0
34128,4,4.780191847199163,0.0,12,3
34129,4,4.780191847199163,11.25,8,2
34130,4,4.780191847199163,22.5,6,1
34131,4,4.780191847199163,33.75,5,4
34132,4,4.780191847199163,45.0,9,1
34133,4,4.780191847199163,56.25,7,1
34134,4,4.780191847199163,67.5,7,2
34135,4,4.780191847199163,78.75,5,1
34136,4,4.780191847199163,90.0,10,1
34137,4,4.780191847199163,101.25,8,0
34138,4,4.780191847199163,112.5,8,2
34139,4,4.780191847199163,123.75,9,0
34140,4,4.780191847199163,135.0,9,1
34141,4,4.780191847199163,146.25,10,2
34142,4,4.780191847199163,157.5,6,1
34143,4,4.780191847199163,168.75,8,2
34144,4,4.780191847199163,-180.0,7,4
34145,4,4.780191847199163,-168.75,9,1
34146,4,4.780191847199163,-157.5,9,0
34147,4,4.780191847199163,-146.25,1,0
34148,4,4.780191847199163,-135.0,3,0
34149,4,4.780191847199163,-123.75,10,3
34150,4,4.780191847199163,-112.5,8,3
34151,4,4.780191847199163,-101.25,10,0
34152,4,4.780191847199163,-90.0,7,1
34153,4,4.780191847199163,-78.75000000000006,11,2
34154,4,4.780191847199163,-67.5,10,0
34155,4,4.780191847199163,-56.25,8,2
34156,4,4.780191847199163,-45.0,4,2
34157,4,4.780191847199163,-33.75000000000006,9,2
34158,4,4.780191847199163,-22.5,8,3
34159,4,4.780191847199163,-11.25,11,0
34160,4,0.0,5.625,11,4
34161,4,0.0,16.875,5,5
34162,4,0.0,28.125,7,1
34163,4,0.0,39.375,8,4
34164,4,0.0,50.625,12,0
34165,4,0.0,61.875,9,5
34166,4,0.0,73.125,5,4
34167,4,0.0,84.375,6,2
34168,4,0.0,95.625,9,1
34169,4,0.0,106.875,10,1
34170,4,0.0,118.125,6,5
34171,4,0.0,129.375,10,3
34172,4,0.0,140.625,8,4
34173,4,0.0,151.875,5,1
34174,4,0.0,163.125,11,5
34175,4,0.0,174.375,6,2
34176,4,0.0,-174.375,10,4
34177,4,0.0,-163.125,5,5
34178,4,0.0,-151.875,4,2
34179,4,0.0,-140.625,6,4
34180,4,0.0,-129.37500000000006,10,3
34181,4,0.0,-118.125,7,1
34182,4,0.0,-106.875,7,4
34183,4,0.0,-95.625,8,2
34184,4,0.0,-84.375,10,5
34185,4,0.0,-73.12500000000006,4,2
34186,4,0.0,-61.875,3,4
34187,4,0.0,-50.625,3,4
34188,4,0.0,-39.375,7,5
34189,4,0.0,-28.125,10,2
34190,4,0.0,-16.875,8,8
34191,4,0.0,-5.625,7,2
34192,4,-4.780191847199163,0.0,7,2
34193,4,-4.780191847199163,11.25,7,3
34194,4,-4.780191847199163,22.5,10,0
34195,4,-4.780191847199163,33.75,9,3
34196,4,-4.780191847199163,45.0,11,0
34197,4,-4.780191847199163,56.25,7,2
34198,4,-4.780191847199163,67.5,11,1
34199,4,-4.780191847199163,78.75,10,1
34200,4,-4.780191847199163,90.0,9,2
34201,4,-4.780191847199163,101.25,4,1
34202,4,-4.780191847199163,112.5,8,1
34203,4,-4.780191847199163,123.75,8,2
34204,4,-4.780191847199163,135.0,7,4
34205,4,-4.780191847199163,146.25,3,1
34206,4,-4.780191847199163,157.5,16,2
34207,4,-4.780191847199163,168.75,10,3
34208,4,-4.780191847199163,-180.0,9,1
34209,4,-4.780191847199163,-168.75,8,2
34210,4,-4.780191847199163,-157.5,8,4
34211,4,-4.780191847199163,-146.25,6,3
34212,4,-4.780191847199163,-135.0,10,1
34213,4,-4.780191847199163,-123.75,7,0
34214,4,-4.780191847199163,-112.5,7,2
34215,4,-4.780191847199163,-101.25,8,0
34216,4,-4.780191847199163,-90.0,12,2
34217,4,-4.780191847199163,-78.75000000000006,8,1
34218,4,-4.780191847199163,-67.5,6,2
34219,4,-4.780191847199163,-56.25,6,0
34220,4,-4.780191847199163,-45.0,5,5
34221,4,-4.780191847199163,-33.75000000000006,9,2
34222,4,-4.780191847199163,-22.5,5,3
34223,4,-4.780191847199163,-11.25,4,3
34224,4,-9.594068226860458,5.625,12,0
34225,4,-9.594068226860458,16.875,9,1
34226,4,-9.594068226860458,28.125,10,0
34227,4,-9.594068226860458,39.375,9,0
34228,4,-9.594068226860458,50.625,7,0
34229,4,-9.594068226860458,61.875,10,0
34230,4,-9.594068226860458,73.125,9,0
34231,4,-9.594068226860458,84.375,7,0
34232,4,-9.594068226860458,95.625,8,0
34233,4,-9.594068226860458,106.875,8,0
34234,4,-9.594068226860458,118.125,6,0
34235,4,-9.594068226860458,129.375,10,0
34236,4,-9.594068226860458,140.625,6,0
34237,4,-9.594068226860458,151.875,9,0
34238,4,-9.594068226860458,163.125,11,0
34239,4,-9.594068226860458,174.375,14,0
34240,4,-9.594068226860458,-174.375,9,0
34241,4,-9.594068226860458,-163.125,7,0
34242,4,-9.594068226860458,-151.875,8,0
34243,4,-9.594068226860458,-140.625,9,1
34244,4,-9.594068226860458,-129.37500000000006,5,0
34245,4,-9.594068226860458,-118.125,5,0
34246,4,-9.594068226860458,-106.875,5,0
34247,4,-9.594068226860458,-95.625,5,0
34248,4,-9.594068226860458,-84.375,11,0
34249,4,-9.594068226860458,-73.12500000000006,9,0
34250,4,-9.594068226860458,-61.875,11,0
34251,4,-9.594068226860458,-50.625,6,0
34252,4,-9.594068226860458,-39.375,9,0
34253,4,-9.594068226860458,-28.125,10,0
34254,4,-9.594068226860458,-16.875,3,0
34255,4,-9.594068226860458,-5.625,2,0
34256,4,-14.477512185929925,0.0,8,0
34257,4,-14.477512185929925,11.25,14,0
34258,4,-14.477512185929925,22.5,8,0
34259,4,-14.477512185929925,33.75,10,0
34260,4,-14.477512185929925,45.0,16,0
34261,4,-14.477512185929925,56.25,7,0
34262,4,-14.477512185929925,67.5,13,0
34263,4,-14.477512185929925,78.75,10,0
34264,4,-14.477512185929925,90.0,9,0
34265,4,-14.477512185929925,101.25,9,0
34266,4,-14.477512185929925,112.5,6,0
34267,4,-14.477512185929925,123.75,6,0
34268,4,-14.477512185929925,135.0,11,0
34269,4,-14.477512185929925,146.25,2,0
34270,4,-14.477512185929925,157.5,9,0
34271,4,-14.477512185929925,168.75,9,0
34272,4,-14.477512185929925,-180.0,8,0
34273,4,-14.477512185929925,-168.75,6,0
34274,4,-14.477512185929925,-157.5,11,0
34275,4,-14.477512185929925,-146.25,6,0
34276,4,-14.477512185929925,-135.0,8,0
34277,4,-14.477512185929925,-123.75,4,0
34278,4,-14.477512185929925,-112.5,8,0
34279,4,-14.477512185929925,-101.25,9,0
34280,4,-14.477512185929925,-90.0,5,0
34281,4,-14.477512185929925,-78.75000000000006,7,0
34282,4,-14.477512185929925,-67.5,15,0
34283,4,-14.477512185929925,-56.25,5,0
34284,4,-14.477512185929925,-45.0,4,0
34285,4,-14.477512185929925,-33.75000000000006,7,1
34286,4,-14.477512185929925,-22.5,5,0
34287,4,-14.477512185929925,-11.25,8,0
34288,4,-19.47122063449069,5.625,6,0
34289,4,-19.47122063449069,16.875,8,0
34290,4,-19.47122063449069,28.125,3,0
34291,4,-19.47122063449069,39.375,11,0
34292,4,-19.47122063449069,50.625,10,0
34293,4,-19.47122063449069,61.875,6,0
34294,4,-19.47122063449069,73.125,9,0
34295,4,-19.47122063449069,84.375,11,0
34296,4,-19.47122063449069,95.625,8,0
34297,4,-19.47122063449069,106.875,6,0
34298,4,-19.47122063449069,118.125,11,0
34299,4,-19.47122063449069,129.375,10,0
34300,4,-19.47122063449069,140.625,6,0
34301,4,-19.47122063449069,151.875,7,0
34302,4,-19.47122063449069,163.125,6,0
34303,4,-19.47122063449069,174.375,11,0
34304,4,-19.47122063449069,-174.375,7,0
34305,4,-19.47122063449069,-163.125,12,0
34306,4,-19.47122063449069,-151.875,9,0
34307,4,-19.47122063449069,-140.625,6,0
34308,4,-19.47122063449069,-129.37500000000006,13,0
34309,4,-19.47122063449069,-118.125,7,0
34310,4,-19.47122063449069,-106.875,6,0
34311,4,-19.47122063449069,-95.625,4,0
34312,4,-19.47122063449069,-84.375,6,0
34313,4,-19.47122063449069,-73.12500000000006,6,0
34314,4,-19.47122063449069,-61.875,6,0
34315,4,-19.47122063449069,-50.625,6,0
34316,4,-19.47122063449069,-39.375,13,1
34317,4,-19.47122063449069,-28.125,8,0
34318,4,-19.47122063449069,-16.875,4,0
34319,4,-19.47122063449069,-5.625,11,0
34320,4,-24.62431835216408,0.0,7,0
34321,4,-24.62431835216408,11.25,3,0
34322,4,-24.62431835216408,22.5,7,1
34323,4,-24.62431835216408,33.75,8,0
34324,4,-24.62431835216408,45.0,9,0
34325,4,-24.62431835216408,56.25,3,0
34326,4,-24.62431835216408,67.5,6,0
34327,4,-24.62431835216408,78.75,8,0
34328,4,-24.62431835216408,90.0,8,0
34329,4,-24.62431835216408,101.25,5,0
34330,4,-24.62431835216408,112.5,8,0
34331,4,-24.62431835216408,123.75,5,0
34332,4,-24.62431835216408,135.0,9,0
34333,4,-24.62431835216408,146.25,4,0
34334,4,-24.62431835216408,157.5,10,0
34335,4,-24.62431835216408,168.75,9,0
34336,4,-24.62431835216408,-180.0,8,0
34337,4,-24.62431835216408,-168.75,12,0
34338,4,-24.62431835216408,-157.5,4,0
34339,4,-24.62431835216408,-146.25,8,0
34340,4,-24.62431835216408,-135.0,11,0
34341,4,-24.62431835216408,-123.75,14,0
34342,4,-24.62431835216408,-112.5,6,0
34343,4,-24.62431835216408,-101.25,5,0
34344,4,-24.62431835216408,-90.0,11,0
34345,4,-24.62431835216408,-78.75000000000006,9,0
34346,4,-24.62431835216408,-67.5,5,0
34347,4,-24.62431835216408,-56.25,8,1
34348,4,-24.62431835216408,-45.0,11,0
34349,4,-24.62431835216408,-33.75000000000006,12,0
34350,4,-24.62431835216408,-22.5,4,0
34351,4,-24.62431835216408,-11.25,3,0
34352,4,-30.000000000000014,5.625,7,0
34353,4,-30.000000000000014,16.875,8,0
34354,4,-30.000000000000014,28.125,11,0
34355,4,-30.000000000000014,39.375,6,0
34356,4,-30.000000000000014,50.625,6,0
34357,4,-30.000000000000014,61.875,5,0
34358,4,-30.000000000000014,73.125,8,0
34359,4,-30.000000000000014,84.375,10,0
34360,4,-30.000000000000014,95.625,4,0
34361,4,-30.000000000000014,106.875,6,0
34362,4,-30.000000000000014,118.125,2,0
34363,4,-30.000000000000014,129.375,3,0
34364,4,-30.000000000000014,140.625,8,0
34365,4,-30.000000000000014,151.875,5,0
34366,4,-30.000000000000014,163.125,10,0
34367,4,-30.000000000000014,174.375,6,0
34368,4,-30.000000000000014,-174.375,11,0
34369,4,-30.000000000000014,-163.125,10,0
34370,4,-30.000000000000014,-151.875,8,0
34371,4,-30.000000000000014,-140.625,7,0
34372,4,-30.000000000000014,-129.37500000000006,14,0
34373,4,-30.000000000000014,-118.125,10,0
34374,4,-30.000000000000014,-106.875,8,0
34375,4,-30.000000000000014,-95.625,15,0
34376,4,-30.000000000000014,-84.375,6,0
34377,4,-30.000000000000014,-73.12500000000006,12,0
34378,4,-30.000000000000014,-61.875,11,0
34379,4,-30.000000000000014,-50.625,9,0
34380,4,-30.000000000000014,-39.375,8,0
34381,4,-30.000000000000014,-28.125,11,0
34382,4,-30.000000000000014,-16.875,4,0
34383,4,-30.000000000000014,-5.625,1,0
34384,4,-35.68533471265205,0.0,5,0
34385,4,-35.68533471265205,11.25,8,0
34386,4,-35.68533471265205,22.5,10,0
34387,4,-35.68533471265205,33.75,7,0
34388,4,-35.68533471265205,45.0,7,0
34389,4,-35.68533471265205,56.25,4,0
34390,4,-35.68533471265205,67.5,9,0
34391,4,-35.68533471265205,78.75,14,0
34392,4,-35.68533471265205,90.0,8,0
34393,4,-35.68533471265205,101.25,9,0
34394,4,-35.68533471265205,112.5,10,0
34395,4,-35.68533471265205,123.75,6,0
34396,4,-35.68533471265205,135.0,2,0
34397,4,-35.68533471265205,146.25,8,0
34398,4,-35.68533471265205,157.5,6,0
34399,4,-35.68533471265205,168.75,8,0
34400,4,-35.68533471265205,-180.0,17,0
34401,4,-35.68533471265205,-168.75,4,0
34402,4,-35.68533471265205,-157.5,8,0
34403,4,-35.68533471265205,-146.25,8,0
34404,4,-35.68533471265205,-135.0,10,0
34405,4,-35.68533471265205,-123.75,14,0
34406,4,-35.68533471265205,-112.5,11,0
34407,4,-35.68533471265205,-101.25,8,0
34408,4,-35.68533471265205,-90.0,11,0
34409,4,-35.68533471265205,-78.75000000000006,8,0
34410,4,-35.68533471265205,-67.5,3,0
34411,4,-35.68533471265205,-56.25,4,0
34412,4,-35.68533471265205,-45.0,8,0
34413,4,-35.68533471265205,-33.75000000000006,4,0
34414,4,-35.68533471265205,-22.5,6,0
34415,4,-35.68533471265205,-11.25,4,0
34416,4,-41.81031489577862,5.625,7,0
34417,4,-41.81031489577862,16.875,6,0
34418,4,-41.81031489577862,28.125,10,0
34419,4,-41.81031489577862,39.375,3,0
34420,4,-41.81031489577862,50.625,12,0
34421,4,-41.81031489577862,61.875,7,0
34422,4,-41.81031489577862,73.125,9,0
34423,4,-41.81031489577862,84.375,7,0
34424,4,-41.81031489577862,95.625,7,0
34425,4,-41.81031489577862,106.875,7,0
34426,4,-41.81031489577862,118.125,13,0
34427,4,-41.81031489577862,129.375,12,0
34428,4,-41.81031489577862,140.625,7,0
34429,4,-41.81031489577862,151.875,12,0
34430,4,-41.81031489577862,163.125,11,0
34431,4,-41.81031489577862,174.375,9,0
34432,4,-41.81031489577862,-174.375,7,0
34433,4,-41.81031489577862,-163.125,9,0
34434,4,-41.81031489577862,-151.875,5,0
34435,4,-41.81031489577862,-140.625,11,0
34436,4,-41.81031489577862,-129.37500000000006,9,0
34437,4,-41.81031489577862,-118.125,9,0
34438,4,-41.81031489577862,-106.875,13,0
34439,4,-41.81031489577862,-95.625,14,0
34440,4,-41.81031489577862,-84.375,7,0
34441,4,-41.81031489577862,-73.12500000000006,10,0
34442,4,-41.81031489577862,-61.875,3,0
34443,4,-41.81031489577862,-50.625,5,0
34444,4,-41.81031489577862,-39.375,3,0
34445,4,-41.81031489577862,-28.125,5,0
34446,4,-41.81031489577862,-16.875,5,0
34447,4,-41.81031489577862,-5.625,0,0
34448,4,-48.1412077943603,6.428571428571416,7,0
34449,4,-48.1412077943603,19.285714285714278,8,0
34450,4,-48.1412077943603,32.14285714285714,9,0
34451,4,-48.1412077943603,45.0,7,0
34452,4,-48.1412077943603,57.85714285714286,7,0
34453,4,-48.1412077943603,70.71428571428572,4,0
34454,4,-48.1412077943603,83.57142857142856,6,0
34455,4,-48.1412077943603,96.42857142857144,6,0
34456,4,-48.1412077943603,109.28571428571428,11,0
34457,4,-48.1412077943603,122.14285714285711,10,0
34458,4,-48.1412077943603,135.0,9,0
34459,4,-48.1412077943603,147.8571428571429,18,0
34460,4,-48.1412077943603,160.71428571428572,8,0
34461,4,-48.1412077943603,173.57142857142856,4,0
34462,4,-48.1412077943603,-173.57142857142856,12,0
34463,4,-48.1412077943603,-160.71428571428572,4,1
34464,4,-48.1412077943603,-147.8571428571429,6,0
34465,4,-48.1412077943603,-135.0,7,0
34466,4,-48.1412077943603,-122.14285714285711,7,0
34467,4,-48.1412077943603,-109.28571428571428,10,0
34468,4,-48.1412077943603,-96.42857142857144,9,0
34469,4,-48.1412077943603,-83.57142857142856,5,0
34470,4,-48.1412077943603,-70.71428571428572,9,0
34471,4,-48.1412077943603,-57.85714285714283,6,0
34472,4,-48.1412077943603,-45.0,7,0
34473,4,-48.1412077943603,-32.14285714285717,10,0
34474,4,-48.1412077943603,-19.28571428571422,5,0
34475,4,-48.1412077943603,-6.428571428571445,7,0
34476,4,-54.340912303861245,7.5,5,0
34477,4,-54.340912303861245,22.5,5,0
34478,4,-54.340912303861245,37.5,9,0
34479,4,-54.340912303861245,52.5,3,0
34480,4,-54.340912303861245,67.5,9,0
34481,4,-54.340912303861245,82.5,8,0
34482,4,-54.340912303861245,97.5,9,0
34483,4,-54.340912303861245,112.5,7,0
34484,4,-54.340912303861245,127.5,9,0
34485,4,-54.340912303861245,142.5,9,0
34486,4,-54.340912303861245,157.5,13,0
34487,4,-54.340912303861245,172.5,8,0
34488,4,-54.340912303861245,-172.5,12,0
34489,4,-54.340912303861245,-157.5,3,0
34490,4,-54.340912303861245,-142.5,9,0
34491,4,-54.340912303861245,-127.5,11,0
34492,4,-54.340912303861245,-112.5,12,0
34493,4,-54.340912303861245,-97.5,10,0
34494,4,-54.340912303861245,-82.5,5,0
34495,4,-54.340912303861245,-67.5,10,0
34496,4,-54.340912303861245,-52.50000000000006,4,0
34497,4,-54.340912303861245,-37.5,5,0
34498,4,-54.340912303861245,-22.5,6,0
34499,4,-54.340912303861245,-7.5,8,0
34500,4,-60.4344388449523,9.0,7,0
34501,4,-60.4344388449523,27.0,7,0
34502,4,-60.4344388449523,45.0,7,0
34503,4,-60.4344388449523,63.0,8,0
34504,4,-60.4344388449523,81.0,8,0
34505,4,-60.4344388449523,99.0,8,0
34506,4,-60.4344388449523,117.0,4,0
34507,4,-60.4344388449523,135.0,6,0
34508,4,-60.4344388449523,153.0,8,0
34509,4,-60.4344388449523,171.0,10,0
34510,4,-60.4344388449523,-171.0,7,0
34511,4,-60.4344388449523,-153.0,11,0
34512,4,-60.4344388449523,-135.0,8,0
34513,4,-60.4344388449523,-117.0,7,0
34514,4,-60.4344388449523,-99.0,7,0
34515,4,-60.4344388449523,-81.0,3,0
34516,4,-60.4344388449523,-63.0,6,0
34517,4,-60.4344388449523,-45.0,15,1
34518,4,-60.4344388449523,-27.0,7,0
34519,4,-60.4344388449523,-9.0,9,0
34520,4,-66.44353569089876,11.25,7,0
34521,4,-66.44353569089876,33.75,5,0
34522,4,-66.44353569089876,56.25,7,0
34523,4,-66.44353569089876,78.75,6,0
34524,4,-66.44353569089876,101.25,6,0
34525,4,-66.44353569089876,123.75,6,0
34526,4,-66.44353569089876,146.25,11,0
34527,4,-66.44353569089876,168.75,8,0
34528,4,-66.44353569089876,-168.75,10,0
34529,4,-66.44353569089876,-146.25,9,0
34530,4,-66.44353569089876,-123.75,5,0
34531,4,-66.44353569089876,-101.25,7,0
34532,4,-66.44353569089876,-78.75,5,0
34533,4,-66.44353569089876,-56.25,10,0
34534,4,-66.44353569089876,-33.75,19,0
34535,4,-66.44353569089876,-11.25,12,0
34536,4,-72.38756092964962,15.0,7,0
34537,4,-72.38756092964962,45.0,2,0
34538,4,-72.38756092964962,75.0,6,0
34539,4,-72.38756092964962,105.0,7,0
34540,4,-72.38756092964962,135.0,5,0
34541,4,-72.38756092964962,165.0,11,0
34542,4,-72.38756092964962,-165.0,10,0
34543,4,-72.38756092964962,-135.0,8,0
34544,4,-72.38756092964962,-105.0,5,0
34545,4,-72.38756092964962,-75.0,4,0
34546,4,-72.38756092964962,-45.0,5,0
34547,4,-72.38756092964962,-15.0,10,0
34548,4,-78.28414760510762,22.5,7,0
34549,4,-78.28414760510762,67.5,5,0
34550,4,-78.28414760510762,112.5,5,0
34551,4,-78.28414760510762,157.5,9,0
34552,4,-78.28414760510762,-157.5,9,0
34553,4,-78.28414760510762,-112.5,7,0
34554,4,-78.28414760510762,-67.5,3,0
34555,4,-78.28414760510762,-22.5,4,0
34556,4,-84.14973293629666,45.0,8,0
34557,4,-84.14973293629666,135.0,6,0
34558,4,-84.14973293629666,-135.0,6,0
34559,4,-84.14973293629666,-45.0,7,0
34560,4,84.14973293629666,45.0,4,0
34561,4,84.14973293629666,135.0,6,0
34562,4,84.14973293629666,-135.0,5,0
34563,4,84.14973293629666,-45.0,5,0
34564,4,78.28414760510762,22.5,8,0
34565,4,78.28414760510762,67.5,5,0
34566,4,78.28414760510762,112.5,9,0
34567,4,78.28414760510762,157.5,6,0
34568,4,78.28414760510762,-157.5,5,0
34569,4,78.28414760510762,-112.5,4,0
34570,4,78.28414760510762,-67.5,5,0
34571,4,78.28414760510762,-22.5,10,0
34572,4,72.38756092964962,15.0,5,0
34573,4,72.38756092964962,45.0,8,0
34574,4,72.38756092964962,75.0,12,0
34575,4,72.38756092964962,105.0,12,0
34576,4,72.38756092964962,135.0,4,0
34577,4,72.38756092964962,165.0,4,0
34578,4,72.38756092964962,-165.0,6,0
34579,4,72.38756092964962,-135.0,13,0
34580,4,72.38756092964962,-105.0,5,0
34581,4,72.38756092964962,-75.0,6,0
34582,4,72.38756092964962,-45.0,12,0
34583,4,72.38756092964962,-15.0,8,0
34584,4,66.44353569089877,11.25,8,0
34585,4,66.44353569089877,33.75,10,0
34586,4,66.44353569089877,56.25,7,0
34587,4,66.44353569089877,78.75,8,0
34588,4,66.44353569089877,101.25,7,0
34589,4,66.44353569089877,123.75,7,0
34590,4,66.44353569089877,146.25,7,0
34591,4,66.44353569089877,168.75,4,0
34592,4,66.44353569089877,-168.75,13,0
34593,4,66.44353569089877,-146.25,8,0
34594,4,66.44353569089877,-123.75,11,0
34595,4,66.44353569089877,-101.25,11,0
34596,4,66.44353569089877,-78.75,4,0
34597,4,66.44353569089877,-56.25,11,0
34598,4,66.44353569089877,-33.75,12,0
34599,4,66.44353569089877,-11.25,9,0
34600,4,60.43443884495228,9.0,8,0
34601,4,60.43443884495228,27.0,6,0
34602,4,60.43443884495228,45.0,7,0
34603,4,60.43443884495228,63.0,4,0
34604,4,60.43443884495228,81.0,6,0
34605,4,60.43443884495228,99.0,4,0
34606,4,60.43443884495228,117.0,6,0
34607,4,60.43443884495228,135.0,12,0
34608,4,60.43443884495228,153.0,11,0
34609,4,60.43443884495228,171.0,8,0
34610,4,60.43443884495228,-171.0,12,0
34611,4,60.43443884495228,-153.0,5,0
34612,4,60.43443884495228,-135.0,10,0
34613,4,60.43443884495228,-117.0,9,0
34614,4,60.43443884495228,-99.0,11,0
34615,4,60.43443884495228,-81.0,7,0
34616,4,60.43443884495228,-63.0,7,0
34617,4,60.43443884495228,-45.0,14,0
34618,4,60.43443884495228,-27.0,12,0
34619,4,60.43443884495228,-9.0,12,0
34620,4,54.340912303861245,7.5,11,0
34621,4,54.340912303861245,22.5,5,0
34622,4,54.340912303861245,37.5,6,0
34623,4,54.340912303861245,52.5,7,0
34624,4,54.340912303861245,67.5,7,0
34625,4,54.340912303861245,82.5,9,0
34626,4,54.340912303861245,97.5,6,0
34627,4,54.340912303861245,112.5,8,0
34628,4,54.340912303861245,127.5,5,0
34629,4,54.340912303861245,142.5,7,0
34630,4,54.340912303861245,157.5,12,0
34631,4,54.340912303861245,172.5,11,0
34632,4,54.340912303861245,-172.5,6,0
34633,4,54.340912303861245,-157.5,5,0
34634,4,54.340912303861245,-142.5,5,0
34635,4,54.340912303861245,-127.5,6,0
34636,4,54.340912303861245,-112.5,4,0
34637,4,54.340912303861245,-97.5,14,0
34638,4,54.340912303861245,-82.5,6,0
34639,4,54.340912303861245,-67.5,10,0
34640,4,54.340912303861245,-52.50000000000006,8,0
34641,4,54.340912303861245,-37.5,13,0
34642,4,54.340912303861245,-22.5,10,0
34643,4,54.340912303861245,-7.5,10,0
34644,4,48.141207794360284,6.428571428571416,10,0
34645,4,48.141207794360284,19.285714285714278,8,0
34646,4,48.141207794360284,32.14285714285714,7,0
34647,4,48.141207794360284,45.0,8,0
34648,4,48.141207794360284,57.85714285714286,6,0
34649,4,48.141207794360284,70.71428571428572,11,0
34650,4,48.141207794360284,83.57142857142856,12,0
34651,4,48.141207794360284,96.42857142857144,7,0
34652,4,48.141207794360284,109.28571428571428,9,0
34653,4,48.141207794360284,122.14285714285711,11,0
34654,4,48.141207794360284,135.0,5,0
34655,4,48.141207794360284,147.8571428571429,7,0
34656,4,48.141207794360284,160.71428571428572,11,0
34657,4,48.141207794360284,173.57142857142856,5,0
34658,4,48.141207794360284,-173.57142857142856,7,0
34659,4,48.141207794360284,-160.71428571428572,6,0
34660,4,48.141207794360284,-147.8571428571429,7,0
34661,4,48.141207794360284,-135.0,14,0
34662,4,48.141207794360284,-122.14285714285711,7,0
34663,4,48.141207794360284,-109.28571428571428,8,0
34664,4,48.141207794360284,-96.42857142857144,10,0
34665,4,48.141207794360284,-83.57142857142856,5,0
34666,4,48.141207794360284,-70.71428571428572,9,0
34667,4,48.141207794360284,-57.85714285714283,4,0
34668,4,48.141207794360284,-45.0,7,0
34669,4,48.141207794360284,-32.14285714285717,8,0
34670,4,48.141207794360284,-19.28571428571422,8,0
34671,4,48.141207794360284,-6.428571428571445,12,0
34672,4,41.81031489577859,5.625,8,0
34673,4,41.81031489577859,16.875,10,0
34674,4,41.81031489577859,28.125,10,0
34675,4,41.81031489577859,39.375,6,0
34676,4,41.81031489577859,50.625,10,0
34677,4,41.81031489577859,61.875,8,0
34678,4,41.81031489577859,73.125,9,0
34679,4,41.81031489577859,84.375,8,0
34680,4,41.81031489577859,95.625,4,0
34681,4,41.81031489577859,106.875,10,0
34682,4,41.81031489577859,118.125,10,0
34683,4,41.81031489577859,129.375,11,0
34684,4,41.81031489577859,140.625,6,0
34685,4,41.81031489577859,151.875,7,0
34686,4,41.81031489577859,163.125,10,0
34687,4,41.81031489577859,174.375,3,0
34688,4,41.81031489577859,-174.375,9,0
34689,4,41.81031489577859,-163.125,10,0
34690,4,41.81031489577859,-151.875,6,0
34691,4,41.81031489577859,-140.625,14,0
34692,4,41.81031489577859,-129.37500000000006,14,0
34693,4,41.81031489577859,-118.125,6,0
34694,4,41.81031489577859,-106.875,7,0
34695,4,41.81031489577859,-95.625,7,0
34696,4,41.81031489577859,-84.375,9,0
34697,4,41.81031489577859,-73.12500000000006,4,0
34698,4,41.81031489577859,-61.875,5,0
34699,4,41.81031489577859,-50.625,10,0
34700,4,41.81031489577859,-39.375,6,0
34701,4,41.81031489577859,-28.125,7,0
34702,4,41.81031489577859,-16.875,5,0
34703,4,41.81031489577859,-5.625,10,0
34704,4,35.68533471265204,0.0,6,0
34705,4,35.68533471265204,11.25,8,0
34706,4,35.68533471265204,22.5,10,0
34707,4,35.68533471265204,33.75,5,0
34708,4,35.68533471265204,45.0,4,0
34709,4,35.68533471265204,56.25,9,0
34710,4,35.68533471265204,67.5,7,0
34711,4,35.68533471265204,78.75,10,0
34712,4,35.68533471265204,90.0,5,0
34713,4,35.68533471265204,101.25,6,0
34714,4,35.68533471265204,112.5,10,0
34715,4,35.68533471265204,123.75,9,0
34716,4,35.68533471265204,135.0,10,0
34717,4,35.68533471265204,146.25,6,0
34718,4,35.68533471265204,157.5,13,0
34719,4,35.68533471265204,168.75,12,0
34720,4,35.68533471265204,-180.0,5,0
34721,4,35.68533471265204,-168.75,8,0
34722,4,35.68533471265204,-157.5,9,0
34723,4,35.68533471265204,-146.25,8,0
34724,4,35.68533471265204,-135.0,12,0
34725,4,35.68533471265204,-123.75,8,0
34726,4,35.68533471265204,-112.5,9,0
34727,4,35.68533471265204,-101.25,8,0
34728,4,35.68533471265204,-90.0,5,0
34729,4,35.68533471265204,-78.75000000000006,4,0
34730,4,35.68533471265204,-67.5,4,0
34731,4,35.68533471265204,-56.25,9,0
34732,4,35.68533471265204,-45.0,7,0
34733,4,35.68533471265204,-33.75000000000006,11,0
34734,4,35.68533471265204,-22.5,13,0
34735,4,35.68533471265204,-11.25,8,0
34736,4,30.000000000000007,5.625,8,0
34737,4,30.000000000000007,16.875,7,0
34738,4,30.000000000000007,28.125,10,0
34739,4,30.000000000000007,39.375,8,0
34740,4,30.000000000000007,50.625,10,0
34741,4,30.000000000000007,61.875,10,0
34742,4,30.000000000000007,73.125,11,0
34743,4,30.000000000000007,84.375,8,0
34744,4,30.000000000000007,95.625,11,0
34745,4,30.000000000000007,106.875,8,0
34746,4,30.000000000000007,118.125,9,0
34747,4,30.000000000000007,129.375,9,0
34748,4,30.000000000000007,140.625,8,0
34749,4,30.000000000000007,151.875,5,0
34750,4,30.000000000000007,163.125,14,0
34751,4,30.000000000000007,174.375,8,0
34752,4,30.000000000000007,-174.375,7,0
34753,4,30.000000000000007,-163.125,7,0
34754,4,30.000000000000007,-151.875,10,0
34755,4,30.000000000000007,-140.625,12,0
34756,4,30.000000000000007,-129.37500000000006,8,0
34757,4,30.000000000000007,-118.125,8,0
34758,4,30.000000000000007,-106.875,7,0
34759,4,30.000000000000007,-95.625,15,0
34760,4,30.000000000000007,-84.375,10,0
34761,4,30.000000000000007,-73.12500000000006,0,0
34762,4,30.000000000000007,-61.875,6,0
34763,4,30.000000000000007,-50.625,8,0
34764,4,30.000000000000007,-39.375,6,0
34765,4,30.000000000000007,-28.125,10,0
34766,4,30.000000000000007,-16.875,11,0
34767,4,30.000000000000007,-5.625,7,0
34768,4,24.62431835216408,0.0,5,0
34769,4,24.62431835216408,11.25,3,0
34770,4,24.62431835216408,22.5,10,0
34771,4,24.62431835216408,33.75,10,0
34772,4,24.62431835216408,45.0,9,0
34773,4,24.62431835216408,56.25,12,0
34774,4,24.62431835216408,67.5,11,0
34775,4,24.62431835216408,78.75,10,0
34776,4,24.62431835216408,90.0,11,0
34777,4,24.62431835216408,101.25,11,0
34778,4,24.62431835216408,112.5,11,0
34779,4,24.62431835216408,123.75,9,0
34780,4,24.62431835216408,135.0,12,0
34781,4,24.62431835216408,146.25,5,0
34782,4,24.62431835216408,157.5,9,0
34783,4,24.62431835216408,168.75,5,0
34784,4,24.62431835216408,-180.0,7,0
34785,4,24.62431835216408,-168.75,5,0
34786,4,24.62431835216408,-157.5,5,0
34787,4,24.62431835216408,-146.25,6,0
34788,4,24.62431835216408,-135.0,11,0
34789,4,24.62431835216408,-123.75,13,0
34790,4,24.62431835216408,-112.5,8,0
34791,4,24.62431835216408,-101.25,13,0
34792,4,24.62431835216408,-90.0,7,0
34793,4,24.62431835216408,-78.75000000000006,5,0
34794,4,24.62431835216408,-67.5,8,0
34795,4,24.62431835216408,-56.25,9,0
34796,4,24.62431835216408,-45.0,5,0
34797,4,24.62431835216408,-33.75000000000006,4,0
34798,4,24.62431835216408,-22.5,10,0
34799,4,24.62431835216408,-11.25,5,0
34800,4,19.47122063449069,5.625,7,0
34801,4,19.47122063449069,16.875,10,0
34802,4,19.47122063449069,28.125,8,0
34803,4,19.47122063449069,39.375,2,0
34804,4,19.47122063449069,50.625,8,0
34805,4,19.47122063449069,61.875,12,0
34806,4,19.47122063449069,73.125,12,0
34807,4,19.47122063449069,84.375,9,0
34808,4,19.47122063449069,95.625,7,0
34809,4,19.47122063449069,106.875,9,0
34810,4,19.47122063449069,118.125,6,0
34811,4,19.47122063449069,129.375,18,0
34812,4,19.47122063449069,140.625,7,0
34813,4,19.47122063449069,151.875,9,0
34814,4,19.47122063449069,163.125,7,0
34815,4,19.47122063449069,174.375,7,0
34816,4,19.47122063449069,-174.375,4,0
34817,4,19.47122063449069,-163.125,8,0
34818,4,19.47122063449069,-151.875,6,0
34819,4,19.47122063449069,-140.625,8,0
34820,4,19.47122063449069,-129.37500000000006,7,0
34821,4,19.47122063449069,-118.125,6,0
34822,4,19.47122063449069,-106.875,5,0
34823,4,19.47122063449069,-95.625,7,0
34824,4,19.47122063449069,-84.375,2,0
34825,4,19.47122063449069,-73.12500000000006,9,0
34826,4,19.47122063449069,-61.875,5,0
34827,4,19.47122063449069,-50.625,6,0
34828,4,19.47122063449069,-39.375,6,0
34829,4,19.47122063449069,-28.125,7,0
34830,4,19.47122063449069,-16.875,6,0
34831,4,19.47122063449069,-5.625,7,0
34832,4,14.477512185929925,0.0,8,0
34833,4,14.477512185929925,11.25,8,0
34834,4,14.477512185929925,22.5,11,0
34835,4,14.477512185929925,33.75,5,0
34836,4,14.477512185929925,45.0,4,0
34837,4,14.477512185929925,56.25,12,0
34838,4,14.477512185929925,67.5,6,0
34839,4,14.477512185929925,78.75,9,0
34840,4,14.477512185929925,90.0,10,0
34841,4,14.477512185929925,101.25,6,0
34842,4,14.477512185929925,112.5,13,0
34843,4,14.477512185929925,123.75,6,0
34844,4,14.477512185929925,135.0,10,0
34845,4,14.477512185929925,146.25,8,0
34846,4,14.477512185929925,157.5,8,0
34847,4,14.477512185929925,168.75,9,0
34848,4,14.477512185929925,-180.0,3,0
34849,4,14.477512185929925,-168.75,5,0
34850,4,14.477512185929925,-157.5,11,0
34851,4,14.477512185929925,-146.25,7,0
34852,4,14.477512185929925,-135.0,5,0
34853,4,14.477512185929925,-123.75,3,0
34854,4,14.477512185929925,-112.5,5,0
34855,4,14.477512185929925,-101.25,6,0
34856,4,14.477512185929925,-90.0,13,0
34857,4,14.477512185929925,-78.75000000000006,10,0
34858,4,14.477512185929925,-67.5,6,0
34859,4,14.477512185929925,-56.25,6,0
34860,4,14.477512185929925,-45.0,13,0
34861,4,14.477512185929925,-33.75000000000006,6,0
34862,4,14.477512185929925,-22.5,6,0
34863,4,14.477512185929925,-11.25,5,0
34864,4,9.594068226860458,5.625,8,0
34865,4,9.594068226860458,16.875,10,0
34866,4,9.594068226860458,28.125,8,1
34867,4,9.594068226860458,39.375,4,0
34868,4,9.594068226860458,50.625,9,0
34869,4,9.594068226860458,61.875,7,1
34870,4,9.594068226860458,73.125,8,0
34871,4,9.594068226860458,84.375,3,0
34872,4,9.594068226860458,95.625,11,0
34873,4,9.594068226860458,106.875,8,0
34874,4,9.594068226860458,118.125,8,0
34875,4,9.594068226860458,129.375,9,0
34876,4,9.594068226860458,140.625,9,0
34877,4,9.594068226860458,151.875,7,0
34878,4,9.594068226860458,163.125,10,0
34879,4,9.594068226860458,174.375,7,0
34880,4,9.594068226860458,-174.375,9,1
34881,4,9.594068226860458,-163.125,9,0
34882,4,9.594068226860458,-151.875,4,0
34883,4,9.594068226860458,-140.625,4,0
34884,4,9.594068226860458,-129.37500000000006,6,0
34885,4,9.594068226860458,-118.125,3,0
34886,4,9.594068226860458,-106.875,14,0
34887,4,9.594068226860458,-95.625,10,0
34888,4,9.594068226860458,-84.375,14,1
34889,4,9.594068226860458,-73.12500000000006,10,0
34890,4,9.594068226860458,-61.875,6,1
34891,4,9.594068226860458,-50.625,7,0
34892,4,9.594068226860458,-39.375,8,0
34893,4,9.594068226860458,-28.125,8,0
34894,4,9.594068226860458,-16.875,8,0
34895,4,9.594068226860458,-5.625,5,0
34896,4,4.780191847199163,0.0,12,3
34897,4,4.780191847199163,11.25,8,2
34898,4,4.780191847199163,22.5,6,1
34899,4,4.780191847199163,33.75,5,4
34900,4,4.780191847199163,45.0,9,1
34901,4,4.780191847199163,56.25,7,1
34902,4,4.780191847199163,67.5,7,2
34903,4,4.780191847199163,78.75,5,1
34904,4,4.780191847199163,90.0,10,1
34905,4,4.780191847199163,101.25,8,0
34906,4,4.780191847199163,112.5,8,2
34907,4,4.780191847199163,123.75,9,0
34908,4,4.780191847199163,135.0,9,1
34909,4,4.780191847199163,146.25,10,2
34910,4,4.780191847199163,157.5,6,1
34911,4,4.780191847199163,168.75,8,2
34912,4,4.780191847199163,-180.0,7,4
34913,4,4.780191847199163,-168.75,9,1
34914,4,4.780191847199163,-157.5,9,0
34915,4,4.780191847199163,-146.25,1,0
34916,4,4.780191847199163,-135.0,3,0
34917,4,4.780191847199163,-123.75,10,3
34918,4,4.780191847199163,-112.5,8,3
34919,4,4.780191847199163,-101.25,10,0
34920,4,4.780191847199163,-90.0,7,1
34921,4,4.780191847199163,-78.75000000000006,11,2
34922,4,4.780191847199163,-67.5,10,0
34923,4,4.780191847199163,-56.25,8,2
34924,4,4.780191847199163,-45.0,4,2
34925,4,4.780191847199163,-33.75000000000006,9,2
34926,4,4.780191847199163,-22.5,8,3
34927,4,4.780191847199163,-11.25,11,0
34928,4,0.0,5.625,11,4
34929,4,0.0,16.875,5,5
34930,4,0.0,28.125,7,1
34931,4,0.0,39.375,8,4
34932,4,0.0,50.625,12,0
34933,4,0.0,61.875,9,5
34934,4,0.0,73.125,5,4
34935,4,0.0,84.375,6,2
34936,4,0.0,95.625,9,1
34937,4,0.0,106.875,10,1
34938,4,0.0,118.125,6,5
34939,4,0.0,129.375,10,3
34940,4,0.0,140.625,8,4
34941,4,0.0,151.875,5,1
34942,4,0.0,163.125,11,5
34943,4,0.0,174.375,6,2
34944,4,0.0,-174.375,10,4
34945,4,0.0,-163.125,5,5
34946,4,0.0,-151.875,4,2
34947,4,0.0,-140.625,6,4
34948,4,0.0,-129.37500000000006,10,3
34949,4,0.0,-118.125,7,1
34950,4,0.0,-106.875,7,4
34951,4,0.0,-95.625,8,2
34952,4,0.0,-84.375,10,5
34953,4,0.0,-73.12500000000006,4,2
34954,4,0.0,-61.875,3,4
34955,4,0.0,-50.625,3,4
34956,4,0.0,-39.375,7,5
34957,4,0.0,-28.125,10,2
34958,4,0.0,-16.875,8,8
34959,4,0.0,-5.625,7,2
34960,4,-4.780191847199163,0.0,7,2
34961,4,-4.780191847199163,11.25,7,3
34962,4,-4.780191847199163,22.5,10,0
34963,4,-4.780191847199163,33.75,9,3
34964,4,-4.780191847199163,45.0,11,0
34965,4,-4.780191847199163,56.25,7,2
34966,4,-4.780191847199163,67.5,11,1
34967,4,-4.780191847199163,78.75,10,1
34968,4,-4.780191847199163,90.0,9,2
34969,4,-4.780191847199163,101.25,4,1
34970,4,-4.780191847199163,112.5,8,1
34971,4,-4.780191847199163,123.75,8,2
34972,4,-4.780191847199163,135.0,7,4
34973,4,-4.780191847199163,146.25,3,1
34974,4,-4.780191847199163,157.5,16,2
34975,4,-4.780191847199163,168.75,10,3
34976,4,-4.780191847199163,-180.0,9,1
34977,4,-4.780191847199163,-168.75,8,2
34978,4,-4.780191847199163,-157.5,8,4
34979,4,-4.780191847199163,-146.25,6,3
34980,4,-4.780191847199163,-135.0,10,1
34981,4,-4.780191847199163,-123.75,7,0
34982,4,-4.780191847199163,-112.5,7,2
34983,4,-4.780191847199163,-101.25,8,0
34984,4,-4.780191847199163,-90.0,12,2
34985,4,-4.780191847199163,-78.75000000000006,8,1
34986,4,-4.780191847199163,-67.5,6,2
34987,4,-4.780191847199163,-56.25,6,0
34988,4,-4.780191847199163,-45.0,5,5
34989,4,-4.780191847199163,-33.75000000000006,9,2
34990,4,-4.780191847199163,-22.5,5,3
34991,4,-4.780191847199163,-11.25,4,3
34992,4,-9.594068226860458,5.625,12,0
34993,4,-9.594068226860458,16.875,9,1
34994,4,-9.594068226860458,28.125,10,0
34995,4,-9.594068226860458,39.375,9,0
34996,4,-9.594068226860458,50.625,7,0
34997,4,-9.594068226860458,61.875,10,0
34998,4,-9.594068226860458,73.125,9,0
34999,4,-9.594068226860458,84.375,7,0
35000,4,-9.594068226860458,95.625,8,0
35001,4,-9.594068226860458,106.875,8,0
35002,4,-9.594068226860458,118.125,6,0
35003,4,-9.594068226860458,129.375,10,0
35004,4,-9.594068226860458,140.625,6,0
35005,4,-9.594068226860458,151.875,9,0
35006,4,-9.594068226860458,163.125,11,0
35007,4,-9.594068226860458,174.375,14,0
35008,4,-9.594068226860458,-174.375,9,0
35009,4,-9.594068226860458,-163.125,7,0
35010,4,-9.594068226860458,-151.875,8,0
35011,4,-9.594068226860458,-140.625,9,1
35012,4,-9.594068226860458,-129.37500000000006,5,0
35013,4,-9.594068226860458,-118.125,5,0
35014,4,-9.594068226860458,-106.875,5,0
35015,4,-9.594068226860458,-95.625,5,0
35016,4,-9.594068226860458,-84.375,11,0
35017,4,-9.594068226860458,-73.12500000000006,9,0
35018,4,-9.594068226860458,-61.875,11,0
35019,4,-9.594068226860458,-50.625,6,0
35020,4,-9.594068226860458,-39.375,9,0
35021,4,-9.594068226860458,-28.125,10,0
35022,4,-9.594068226860458,-16.875,3,0
35023,4,-9.594068226860458,-5.625,2,0
35024,4,-14.477512185929925,0.0,8,0
35025,4,-14.477512185929925,11.25,14,0
35026,4,-14.477512185929925,22.5,8,0
35027,4,-14.477512185929925,33.75,10,0
35028,4,-14.477512185929925,45.0,16,0
35029,4,-14.477512185929925,56.25,7,0
35030,4,-14.477512185929925,67.5,13,0
35031,4,-14.477512185929925,78.75,10,0
35032,4,-14.477512185929925,90.0,9,0
35033,4,-14.477512185929925,101.25,9,0
35034,4,-14.477512185929925,112.5,6,0
35035,4,-14.477512185929925,123.75,6,0
35036,4,-14.477512185929925,135.0,11,0
35037,4,-14.477512185929925,146.25,2,0
35038,4,-14.477512185929925,157.5,9,0
35039,4,-14.477512185929925,168.75,9,0
35040,4,-14.477512185929925,-180.0,8,0
35041,4,-14.477512185929925,-168.75,6,0
35042,4,-14.477512185929925,-157.5,11,0
35043,4,-14.477512185929925,-146.25,6,0
35044,4,-14.477512185929925,-135.0,8,0
35045,4,-14.477512185929925,-123.75,4,0
35046,4,-14.477512185929925,-112.5,8,0
35047,4,-14.477512185929925,-101.25,9,0
35048,4,-14.477512185929925,-90.0,5,0
35049,4,-14.477512185929925,-78.75000000000006,7,0
35050,4,-14.477512185929925,-67.5,15,0
35051,4,-14.477512185929925,-56.25,5,0
35052,4,-14.477512185929925,-45.0,4,0
35053,4,-14.477512185929925,-33.75000000000006,7,1
35054,4,-14.477512185929925,-22.5,5,0
35055,4,-14.477512185929925,-11.25,8,0
35056,4,-19.47122063449069,5.625,6,0
35057,4,-19.47122063449069,16.875,8,0
35058,4,-19.47122063449069,28.125,3,0
35059,4,-19.47122063449069,39.375,11,0
35060,4,-19.47122063449069,50.625,10,0
35061,4,-19.47122063449069,61.875,6,0
35062,4,-19.47122063449069,73.125,9,0
35063,4,-19.47122063449069,84.375,11,0
35064,4,-19.47122063449069,95.625,8,0
35065,4,-19.47122063449069,106.875,6,0
35066,4,-19.47122063449069,118.125,11,0
35067,4,-19.47122063449069,129.375,10,0
35068,4,-19.47122063449069,140.625,6,0
35069,4,-19.47122063449069,151.875,7,0
35070,4,-19.47122063449069,163.125,6,0
35071,4,-19.47122063449069,174.375,11,0
35072,4,-19.47122063449069,-174.375,7,0
35073,4,-19.47122063449069,-163.125,12,0
35074,4,-19.47122063449069,-151.875,9,0
35075,4,-19.47122063449069,-140.625,6,0
35076,4,-19.47122063449069,-129.37500000000006,13,0
35077,4,-19.47122063449069,-118.125,7,0
35078,4,-19.47122063449069,-106.875,6,0
35079,4,-19.47122063449069,-95.625,4,0
35080,4,-19.47122063449069,-84.375,6,0
35081,4,-19.47122063449069,-73.12500000000006,6,0
35082,4,-19.47122063449069,-61.875,6,0
35083,4,-19.47122063449069,-50.625,6,0
35084,4,-19.47122063449069,-39.375,13,1
35085,4,-19.47122063449069,-28.125,8,0
35086,4,-19.47122063449069,-16.875,4,0
35087,4,-19.47122063449069,-5.625,11,0
35088,4,-24.62431835216408,0.0,7,0
35089,4,-24.62431835216408,11.25,3,0
35090,4,-24.62431835216408,22.5,7,1
35091,4,-24.62431835216408,33.75,8,0
35092,4,-24.62431835216408,45.0,9,0
35093,4,-24.62431835216408,56.25,3,0
35094,4,-24.62431835216408,67.5,6,0
35095,4,-24.62431835216408,78.75,8,0
35096,4,-24.62431835216408,90.0,8,0
35097,4,-24.62431835216408,101.25,5,0
35098,4,-24.62431835216408,112.5,8,0
35099,4,-24.62431835216408,123.75,5,0
35100,4,-24.62431835216408,135.0,9,0
35101,4,-24.62431835216408,146.25,4,0
35102,4,-24.62431835216408,157.5,10,0
35103,4,-24.62431835216408,168.75,9,0
35104,4,-24.62431835216408,-180.0,8,0
35105,4,-24.62431835216408,-168.75,12,0
35106,4,-24.62431835216408,-157.5,4,0
35107,4,-24.62431835216408,-146.25,8,0
35108,4,-24.62431835216408,-135.0,11,0
35109,4,-24.62431835216408,-123.75,14,0
35110,4,-24.62431835216408,-112.5,6,0
35111,4,-24.62431835216408,-101.25,5,0
35112,4,-24.62431835216408,-90.0,11,0
35113,4,-24.62431835216408,-78.75000000000006,9,0
35114,4,-24.62431835216408,-67.5,5,0
35115,4,-24.62431835216408,-56.25,8,1
35116,4,-24.62431835216408,-45.0,11,0
35117,4,-24.62431835216408,-33.75000000000006,12,0
35118,4,-24.62431835216408,-22.5,4,0
35119,4,-24.62431835216408,-11.25,3,0
35120,4,-30.000000000000014,5.625,7,0
35121,4,-30.000000000000014,16.875,8,0
35122,4,-30.000000000000014,28.125,11,0
35123,4,-30.000000000000014,39.375,6,0
35124,4,-30.000000000000014,50.625,6,0
35125,4,-30.000000000000014,61.875,5,0
35126,4,-30.000000000000014,73.125,8,0
35127,4,-30.000000000000014,84.375,10,0
35128,4,-30.000000000000014,95.625,4,0
35129,4,-30.000000000000014,106.875,6,0
35130,4,-30.000000000000014,118.125,2,0
35131,4,-30.000000000000014,129.375,3,0
35132,4,-30.000000000000014,140.625,8,0
35133,4,-30.000000000000014,151.875,5,0
35134,4,-30.000000000000014,163.125,10,0
35135,4,-30.000000000000014,174.375,6,0
35136,4,-30.000000000000014,-174.375,11,0
35137,4,-30.000000000000014,-163.125,10,0
35138,4,-30.000000000000014,-151.875,8,0
35139,4,-30.000000000000014,-140.625,7,0
35140,4,-30.000000000000014,-129.37500000000006,14,0
35141,4,-30.000000000000014,-118.125,10,0
35142,4,-30.000000000000014,-106.875,8,0
35143,4,-30.000000000000014,-95.625,15,0
35144,4,-30.000000000000014,-84.375,6,0
35145,4,-30.000000000000014,-73.12500000000006,12,0
35146,4,-30.000000000000014,-61.875,11,0
35147,4,-30.000000000000014,-50.625,9,0
35148,4,-30.000000000000014,-39.375,8,0
35149,4,-30.000000000000014,-28.125,11,0
35150,4,-30.000000000000014,-16.875,4,0
35151,4,-30.000000000000014,-5.625,1,0
35152,4,-35.68533471265205,0.0,5,0
35153,4,-35.68533471265205,11.25,8,0
35154,4,-35.68533471265205,22.5,10,0
35155,4,-35.68533471265205,33.75,7,0
35156,4,-35.68533471265205,45.0,7,0
35157,4,-35.68533471265205,56.25,4,0
35158,4,-35.68533471265205,67.5,9,0
35159,4,-35.68533471265205,78.75,14,0
35160,4,-35.68533471265205,90.0,8,0
35161,4,-35.68533471265205,101.25,9,0
35162,4,-35.68533471265205,112.5,10,0
35163,4,-35.68533471265205,123.75,6,0
35164,4,-35.68533471265205,135.0,2,0
35165,4,-35.68533471265205,146.25,8,0
35166,4,-35.68533471265205,157.5,6,0
35167,4,-35.68533471265205,168.75,8,0
35168,4,-35.68533471265205,-180.0,17,0
35169,4,-35.68533471265205,-168.75,4,0
35170,4,-35.68533471265205,-157.5,8,0
35171,4,-35.68533471265205,-146.25,8,0
35172,4,-35.68533471265205,-135.0,10,0
35173,4,-35.68533471265205,-123.75,14,0
35174,4,-35.68533471265205,-112.5,11,0
35175,4,-35.68533471265205,-101.25,8,0
35176,4,-35.68533471265205,-90.0,11,0
35177,4,-35.68533471265205,-78.75000000000006,8,0
35178,4,-35.68533471265205,-67.5,3,0
35179,4,-35.68533471265205,-56.25,4,0
35180,4,-35.68533471265205,-45.0,8,0
35181,4,-35.68533471265205,-33.75000000000006,4,0
35182,4,-35.68533471265205,-22.5,6,0
35183,4,-35.68533471265205,-11.25,4,0
35184,4,-41.81031489577862,5.625,7,0
35185,4,-41.81031489577862,16.875,6,0
35186,4,-41.81031489577862,28.125,10,0
35187,4,-41.81031489577862,39.375,3,0
35188,4,-41.81031489577862,50.625,12,0
35189,4,-41.81031489577862,61.875,7,0
35190,4,-41.81031489577862,73.125,9,0
35191,4,-41.81031489577862,84.375,7,0
35192,4,-41.81031489577862,95.625,7,0
35193,4,-41.81031489577862,106.875,7,0
35194,4,-41.81031489577862,118.125,13,0
35195,4,-41.81031489577862,129.375,12,0
35196,4,-41.81031489577862,140.625,7,0
35197,4,-41.81031489577862,151.875,12,0
35198,4,-41.81031489577862,163.125,11,0
35199,4,-41.81031489577862,174.375,9,0
35200,4,-41.81031489577862,-174.375,7,0
35201,4,-41.81031489577862,-163.125,9,0
35202,4,-41.81031489577862,-151.875,5,0
35203,4,-41.81031489577862,-140.625,11,0
35204,4,-41.81031489577862,-129.37500000000006,9,0
35205,4,-41.81031489577862,-118.125,9,0
35206,4,-41.81031489577862,-106.875,13,0
35207,4,-41.81031489577862,-95.625,14,0
35208,4,-41.81031489577862,-84.375,7,0
35209,4,-41.81031489577862,-73.12500000000006,10,0
35210,4,-41.81031489577862,-61.875,3,0
35211,4,-41.81031489577862,-50.625,5,0
35212,4,-41.81031489577862,-39.375,3,0
35213,4,-41.81031489577862,-28.125,5,0
35214,4,-41.81031489577862,-16.875,5,0
35215,4,-41.81031489577862,-5.625,0,0
35216,4,-48.1412077943603,6.428571428571416,7,0
35217,4,-48.1412077943603,19.285714285714278,8,0
35218,4,-48.1412077943603,32.14285714285714,9,0
35219,4,-48.1412077943603,45.0,7,0
35220,4,-48.1412077943603,57.85714285714286,7,0
35221,4,-48.1412077943603,70.71428571428572,4,0
35222,4,-48.1412077943603,83.57142857142856,6,0
35223,4,-48.1412077943603,96.42857142857144,6,0
35224,4,-48.1412077943603,109.28571428571428,11,0
35225,4,-48.1412077943603,122.14285714285711,10,0
35226,4,-48.1412077943603,135.0,9,0
35227,4,-48.1412077943603,147.8571428571429,18,0
35228,4,-48.1412077943603,160.71428571428572,8,0
35229,4,-48.1412077943603,173.57142857142856,4,0
35230,4,-48.1412077943603,-173.57142857142856,12,0
35231,4,-48.1412077943603,-160.71428571428572,4,1
35232,4,-48.1412077943603,-147.8571428571429,6,0
35233,4,-48.1412077943603,-135.0,7,0
35234,4,-48.1412077943603,-122.14285714285711,7,0
35235,4,-48.1412077943603,-109.28571428571428,10,0
35236,4,-48.1412077943603,-96.42857142857144,9,0
35237,4,-48.1412077943603,-83.57142857142856,5,0
35238,4,-48.1412077943603,-70.71428571428572,9,0
35239,4,-48.1412077943603,-57.85714285714283,6,0
35240,4,-48.1412077943603,-45.0,7,0
35241,4,-48.1412077943603,-32.14285714285717,10,0
35242,4,-48.1412077943603,-19.28571428571422,5,0
35243,4,-48.1412077943603,-6.428571428571445,7,0
35244,4,-54.340912303861245,7.5,5,0
35245,4,-54.340912303861245,22.5,5,0
35246,4,-54.340912303861245,37.5,9,0
35247,4,-54.340912303861245,52.5,3,0
35248,4,-54.340912303861245,67.5,9,0
35249,4,-54.340912303861245,82.5,8,0
35250,4,-54.340912303861245,97.5,9,0
35251,4,-54.340912303861245,112.5,7,0
35252,4,-54.340912303861245,127.5,9,0
35253,4,-54.340912303861245,142.5,9,0
35254,4,-54.340912303861245,157.5,13,0
35255,4,-54.340912303861245,172.5,8,0
35256,4,-54.340912303861245,-172.5,12,0
35257,4,-54.340912303861245,-157.5,3,0
35258,4,-54.340912303861245,-142.5,9,0
35259,4,-54.340912303861245,-127.5,11,0
35260,4,-54.340912303861245,-112.5,12,0
35261,4,-54.340912303861245,-97.5,10,0
35262,4,-54.340912303861245,-82.5,5,0
35263,4,-54.340912303861245,-67.5,10,0
35264,4,-54.340912303861245,-52.50000000000006,4,0
35265,4,-54.340912303861245,-37.5,5,0
35266,4,-54.340912303861245,-22.5,6,0
35267,4,-54.340912303861245,-7.5,8,0
35268,4,-60.4344388449523,9.0,7,0
35269,4,-60.4344388449523,27.0,7,0
35270,4,-60.4344388449523,45.0,7,0
35271,4,-60.4344388449523,63.0,8,0
35272,4,-60.4344388449523,81.0,8,0
35273,4,-60.4344388449523,99.0,8,0
35274,4,-60.4344388449523,117.0,4,0
35275,4,-60.4344388449523,135.0,6,0
35276,4,-60.4344388449523,153.0,8,0
35277,4,-60.4344388449523,171.0,10,0
35278,4,-60.4344388449523,-171.0,7,0
35279,4,-60.4344388449523,-153.0,11,0
35280,4,-60.4344388449523,-135.0,8,0
35281,4,-60.4344388449523,-117.0,7,0
35282,4,-60.4344388449523,-99.0,7,0
35283,4,-60.4344388449523,-81.0,3,0
35284,4,-60.4344388449523,-63.0,6,0
35285,4,-60.4344388449523,-45.0,15,1
35286,4,-60.4344388449523,-27.0,7,0
35287,4,-60.4344388449523,-9.0,9,0
35288,4,-66.44353569089876,11.25,7,0
35289,4,-66.44353569089876,33.75,5,0
35290,4,-66.44353569089876,56.25,7,0
35291,4,-66.44353569089876,78.75,6,0
35292,4,-66.44353569089876,101.25,6,0
35293,4,-66.44353569089876,123.75,6,0
35294,4,-66.44353569089876,146.25,11,0
35295,4,-66.44353569089876,168.75,8,0
35296,4,-66.44353569089876,-168.75,10,0
35297,4,-66.44353569089876,-146.25,9,0
35298,4,-66.44353569089876,-123.75,5,0
35299,4,-66.44353569089876,-101.25,7,0
35300,4,-66.44353569089876,-78.75,5,0
35301,4,-66.44353569089876,-56.25,10,0
35302,4,-66.44353569089876,-33.75,19,0
35303,4,-66.44353569089876,-11.25,12,0
35304,4,-72.38756092964962,15.0,7,0
35305,4,-72.38756092964962,45.0,2,0
35306,4,-72.38756092964962,75.0,6,0
35307,4,-72.38756092964962,105.0,7,0
35308,4,-72.38756092964962,135.0,5,0
35309,4,-72.38756092964962,165.0,11,0
35310,4,-72.38756092964962,-165.0,10,0
35311,4,-72.38756092964962,-135.0,8,0
35312,4,-72.38756092964962,-105.0,5,0
35313,4,-72.38756092964962,-75.0,4,0
35314,4,-72.38756092964962,-45.0,5,0
35315,4,-72.38756092964962,-15.0,10,0
35316,4,-78.28414760510762,22.5,7,0
35317,4,-78.28414760510762,67.5,5,0
35318,4,-78.28414760510762,112.5,5,0
35319,4,-78.28414760510762,157.5,9,0
35320,4,-78.28414760510762,-157.5,9,0
35321,4,-78.28414760510762,-112.5,7,0
35322,4,-78.28414760510762,-67.5,3,0
35323,4,-78.28414760510762,-22.5,4,0
35324,4,-84.14973293629666,45.0,8,0
35325,4,-84.14973293629666,135.0,6,0
35326,4,-84.14973293629666,-135.0,6,0
35327,4,-84.14973293629666,-45.0,7,0
35328,4,84.14973293629666,45.0,4,0
35329,4,84.14973293629666,135.0,6,0
35330,4,84.14973293629666,-135.0,5,0
35331,4,84.14973293629666,-45.0,5,0
35332,4,78.28414760510762,22.5,8,0
35333,4,78.28414760510762,67.5,5,0
35334,4,78.28414760510762,112.5,9,0
35335,4,78.28414760510762,157.5,6,0
35336,4,78.28414760510762,-157.5,5,0
35337,4,78.28414760510762,-112.5,4,0
35338,4,78.28414760510762,-67.5,5,0
35339,4,78.28414760510762,-22.5,10,0
35340,4,72.38756092964962,15.0,5,0
35341,4,72.38756092964962,45.0,8,0
35342,4,72.38756092964962,75.0,12,0
35343,4,72.38756092964962,105.0,12,0
35344,4,72.38756092964962,135.0,4,0
35345,4,72.38756092964962,165.0,4,0
35346,4,72.38756092964962,-165.0,6,0
35347,4,72.38756092964962,-135.0,13,0
35348,4,72.38756092964962,-105.0,5,0
35349,4,72.38756092964962,-75.0,6,0
35350,4,72.38756092964962,-45.0,12,0
35351,4,72.38756092964962,-15.0,8,0
35352,4,66.44353569089877,11.25,8,0
35353,4,66.44353569089877,33.75,10,0
35354,4,66.44353569089877,56.25,7,0
35355,4,66.44353569089877,78.75,8,0
35356,4,66.44353569089877,101.25,7,0
35357,4,66.44353569089877,123.75,7,0
35358,4,66.44353569089877,146.25,7,0
35359,4,66.44353569089877,168.75,4,0
35360,4,66.44353569089877,-168.75,13,0
35361,4,66.44353569089877,-146.25,8,0
35362,4,66.44353569089877,-123.75,11,0
35363,4,66.44353569089877,-101.25,11,0
35364,4,66.44353569089877,-78.75,4,0
35365,4,66.44353569089877,-56.25,11,0
35366,4,66.44353569089877,-33.75,12,0
35367,4,66.44353569089877,-11.25,9,0
35368,4,60.43443884495228,9.0,8,0
35369,4,60.43443884495228,27.0,6,0
35370,4,60.43443884495228,45.0,7,0
35371,4,60.43443884495228,63.0,4,0
35372,4,60.43443884495228,81.0,6,0
35373,4,60.43443884495228,99.0,4,0
35374,4,60.43443884495228,117.0,6,0
35375,4,60.43443884495228,135.0,12,0
35376,4,60.43443884495228,153.0,11,0
35377,4,60.43443884495228,171.0,8,0
35378,4,60.43443884495228,-171.0,12,0
35379,4,60.43443884495228,-153.0,5,0
35380,4,60.43443884495228,-135.0,10,0
35381,4,60.43443884495228,-117.0,9,0
35382,4,60.43443884495228,-99.0,11,0
35383,4,60.43443884495228,-81.0,7,0
35384,4,60.43443884495228,-63.0,7,0
35385,4,60.43443884495228,-45.0,14,0
35386,4,60.43443884495228,-27.0,12,0
35387,4,60.43443884495228,-9.0,12,0
35388,4,54.340912303861245,7.5,11,0
35389,4,54.340912303861245,22.5,5,0
35390,4,54.340912303861245,37.5,6,0
35391,4,54.340912303861245,52.5,7,0
35392,4,54.340912303861245,67.5,7,0
35393,4,54.340912303861245,82.5,9,0
35394,4,54.340912303861245,97.5,6,0
35395,4,54.340912303861245,112.5,8,0
35396,4,54.340912303861245,127.5,5,0
35397,4,54.340912303861245,142.5,7,0
35398,4,54.340912303861245,157.5,12,0
35399,4,54.340912303861245,172.5,11,0
35400,4,54.340912303861245,-172.5,6,0
35401,4,54.340912303861245,-157.5,5,0
35402,4,54.340912303861245,-142.5,5,0
35403,4,54.340912303861245,-127.5,6,0
35404,4,54.340912303861245,-112.5,4,0
35405,4,54.340912303861245,-97.5,14,0
35406,4,54.340912303861245,-82.5,6,0
35407,4,54.340912303861245,-67.5,10,0
35408,4,54.340912303861245,-52.50000000000006,8,0
35409,4,54.340912303861245,-37.5,13,0
35410,4,54.340912303861245,-22.5,10,0
35411,4,54.340912303861245,-7.5,10,0
35412,4,48.141207794360284,6.428571428571416,10,0
35413,4,48.141207794360284,19.285714285714278,8,0
35414,4,48.141207794360284,32.14285714285714,7,0
35415,4,48.141207794360284,45.0,8,0
35416,4,48.141207794360284,57.85714285714286,6,0
35417,4,48.141207794360284,70.71428571428572,11,0
35418,4,48.141207794360284,83.57142857142856,12,0
35419,4,48.141207794360284,96.42857142857144,7,0
35420,4,48.141207794360284,109.28571428571428,9,0
35421,4,48.141207794360284,122.14285714285711,11,0
35422,4,48.141207794360284,135.0,5,0
35423,4,48.141207794360284,147.8571428571429,7,0
35424,4,48.141207794360284,160.71428571428572,11,0
35425,4,48.141207794360284,173.57142857142856,5,0
35426,4,48.141207794360284,-173.57142857142856,7,0
35427,4,48.141207794360284,-160.71428571428572,6,0
35428,4,48.141207794360284,-147.8571428571429,7,0
35429,4,48.141207794360284,-135.0,14,0
35430,4,48.141207794360284,-122.14285714285711,7,0
35431,4,48.141207794360284,-109.28571428571428,8,0
35432,4,48.141207794360284,-96.42857142857144,10,0
35433,4,48.141207794360284,-83.57142857142856,5,0
35434,4,48.141207794360284,-70.71428571428572,9,0
35435,4,48.141207794360284,-57.85714285714283,4,0
35436,4,48.141207794360284,-45.0,7,0
35437,4,48.141207794360284,-32.14285714285717,8,0
35438,4,48.141207794360284,-19.28571428571422,8,0
35439,4,48.141207794360284,-6.428571428571445,12,0
35440,4,41.81031489577859,5.625,8,0
35441,4,41.81031489577859,16.875,10,0
35442,4,41.81031489577859,28.125,10,0
35443,4,41.81031489577859,39.375,6,0
35444,4,41.81031489577859,50.625,10,0
35445,4,41.81031489577859,61.875,8,0
35446,4,41.81031489577859,73.125,9,0
35447,4,41.81031489577859,84.375,8,0
35448,4,41.81031489577859,95.625,4,0
35449,4,41.81031489577859,106.875,10,0
35450,4,41.81031489577859,118.125,10,0
35451,4,41.81031489577859,129.375,11,0
35452,4,41.81031489577859,140.625,6,0
35453,4,41.81031489577859,151.875,7,0
35454,4,41.81031489577859,163.125,10,0
35455,4,41.81031489577859,174.375,3,0
35456,4,41.81031489577859,-174.375,9,0
35457,4,41.81031489577859,-163.125,10,0
35458,4,41.81031489577859,-151.875,6,0
35459,4,41.81031489577859,-140.625,14,0
35460,4,41.81031489577859,-129.37500000000006,14,0
35461,4,41.81031489577859,-118.125,6,0
35462,4,41.81031489577859,-106.875,7,0
35463,4,41.81031489577859,-95.625,7,0
35464,4,41.81031489577859,-84.375,9,0
35465,4,41.81031489577859,-73.12500000000006,4,0
35466,4,41.81031489577859,-61.875,5,0
35467,4,41.81031489577859,-50.625,10,0
35468,4,41.81031489577859,-39.375,6,0
35469,4,41.81031489577859,-28.125,7,0
35470,4,41.81031489577859,-16.875,5,0
35471,4,41.81031489577859,-5.625,10,0
35472,4,35.68533471265204,0.0,6,0
35473,4,35.68533471265204,11.25,8,0
35474,4,35.68533471265204,22.5,10,0
35475,4,35.68533471265204,33.75,5,0
35476,4,35.68533471265204,45.0,4,0
35477,4,35.68533471265204,56.25,9,0
35478,4,35.68533471265204,67.5,7,0
35479,4,35.68533471265204,78.75,10,0
35480,4,35.68533471265204,90.0,5,0
35481,4,35.68533471265204,101.25,6,0
35482,4,35.68533471265204,112.5,10,0
35483,4,35.68533471265204,123.75,9,0
35484,4,35.68533471265204,135.0,10,0
35485,4,35.68533471265204,146.25,6,0
35486,4,35.68533471265204,157.5,13,0
35487,4,35.68533471265204,168.75,12,0
35488,4,35.68533471265204,-180.0,5,0
35489,4,35.68533471265204,-168.75,8,0
35490,4,35.68533471265204,-157.5,9,0
35491,4,35.68533471265204,-146.25,8,0
35492,4,35.68533471265204,-135.0,12,0
35493,4,35.68533471265204,-123.75,8,0
35494,4,35.68533471265204,-112.5,9,0
35495,4,35.68533471265204,-101.25,8,0
35496,4,35.68533471265204,-90.0,5,0
35497,4,35.68533471265204,-78.75000000000006,4,0
35498,4,35.68533471265204,-67.5,4,0
35499,4,35.68533471265204,-56.25,9,0
35500,4,35.68533471265204,-45.0,7,0
35501,4,35.68533471265204,-33.75000000000006,11,0
35502,4,35.68533471265204,-22.5,13,0
35503,4,35.68533471265204,-11.25,8,0
35504,4,30.000000000000007,5.625,8,0
35505,4,30.000000000000007,16.875,7,0
35506,4,30.000000000000007,28.125,10,0
35507,4,30.000000000000007,39.375,8,0
35508,4,30.000000000000007,50.625,10,0
35509,4,30.000000000000007,61.875,10,0
35510,4,30.000000000000007,73.125,11,0
35511,4,30.000000000000007,84.375,8,0
35512,4,30.000000000000007,95.625,11,0
35513,4,30.000000000000007,106.875,8,0
35514,4,30.000000000000007,118.125,9,0
35515,4,30.000000000000007,129.375,9,0
35516,4,30.000000000000007,140.625,8,0
35517,4,30.000000000000007,151.875,5,0
35518,4,30.000000000000007,163.125,14,0
35519,4,30.000000000000007,174.375,8,0
35520,4,30.000000000000007,-174.375,7,0
35521,4,30.000000000000007,-163.125,7,0
35522,4,30.000000000000007,-151.875,10,0
35523,4,30.000000000000007,-140.625,12,0
35524,4,30.000000000000007,-129.37500000000006,8,0
35525,4,30.000000000000007,-118.125,8,0
35526,4,30.000000000000007,-106.875,7,0
35527,4,30.000000000000007,-95.625,15,0
35528,4,30.000000000000007,-84.375,10,0
35529,4,30.000000000000007,-73.12500000000006,0,0
35530,4,30.000000000000007,-61.875,6,0
35531,4,30.000000000000007,-50.625,8,0
35532,4,30.000000000000007,-39.375,6,0
35533,4,30.000000000000007,-28.125,10,0
35534,4,30.000000000000007,-16.875,11,0
35535,4,30.000000000000007,-5.625,7,0
35536,4,24.62431835216408,0.0,5,0
35537,4,24.62431835216408,11.25,3,0
35538,4,24.62431835216408,22.5,10,0
35539,4,24.62431835216408,33.75,10,0
35540,4,24.62431835216408,45.0,9,0
35541,4,24.62431835216408,56.25,12,0
35542,4,24.62431835216408,67.5,11,0
35543,4,24.62431835216408,78.75,10,0
35544,4,24.62431835216408,90.0,11,0
35545,4,24.62431835216408,101.25,11,0
35546,4,24.62431835216408,112.5,11,0
35547,4,24.62431835216408,123.75,9,0
35548,4,24.62431835216408,135.0,12,0
35549,4,24.62431835216408,146.25,5,0
35550,4,24.62431835216408,157.5,9,0
35551,4,24.62431835216408,168.75,5,0
35552,4,24.62431835216408,-180.0,7,0
35553,4,24.62431835216408,-168.75,5,0
35554,4,24.62431835216408,-157.5,5,0
35555,4,24.62431835216408,-146.25,6,0
35556,4,24.62431835216408,-135.0,11,0
35557,4,24.62431835216408,-123.75,13,0
35558,4,24.62431835216408,-112.5,8,0
35559,4,24.62431835216408,-101.25,13,0
35560,4,24.62431835216408,-90.0,7,0
35561,4,24.62431835216408,-78.75000000000006,5,0
35562,4,24.62431835216408,-67.5,8,0
35563,4,24.62431835216408,-56.25,9,0
35564,4,24.62431835216408,-45.0,5,0
35565,4,24.62431835216408,-33.75000000000006,4,0
35566,4,24.62431835216408,-22.5,10,0
35567,4,24.62431835216408,-11.25,5,0
35568,4,19.47122063449069,5.625,7,0
35569,4,19.47122063449069,16.875,10,0
35570,4,19.47122063449069,28.125,8,0
35571,4,19.47122063449069,39.375,2,0
35572,4,19.47122063449069,50.625,8,0
35573,4,19.47122063449069,61.875,12,0
35574,4,19.47122063449069,73.125,12,0
35575,4,19.47122063449069,84.375,9,0
35576,4,19.47122063449069,95.625,7,0
35577,4,19.47122063449069,106.875,9,0
35578,4,19.47122063449069,118.125,6,0
35579,4,19.47122063449069,129.375,18,0
35580,4,19.47122063449069,140.625,7,0
35581,4,19.47122063449069,151.875,9,0
35582,4,19.47122063449069,163.125,7,0
35583,4,19.47122063449069,174.375,7,0
35584,4,19.47122063449069,-174.375,4,0
35585,4,19.47122063449069,-163.125,8,0
35586,4,19.47122063449069,-151.875,6,0
35587,4,19.47122063449069,-140.625,8,0
35588,4,19.47122063449069,-129.37500000000006,7,0
35589,4,19.47122063449069,-118.125,6,0
35590,4,19.47122063449069,-106.875,5,0
35591,4,19.47122063449069,-95.625,7,0
35592,4,19.47122063449069,-84.375,2,0
35593,4,19.47122063449069,-73.12500000000006,9,0
35594,4,19.47122063449069,-61.875,5,0
35595,4,19.47122063449069,-50.625,6,0
35596,4,19.47122063449069,-39.375,6,0
35597,4,19.47122063449069,-28.125,7,0
35598,4,19.47122063449069,-16.875,6,0
35599,4,19.47122063449069,-5.625,7,0
35600,4,14.477512185929925,0.0,8,0
35601,4,14.477512185929925,11.25,8,0
35602,4,14.477512185929925,22.5,11,0
35603,4,14.477512185929925,33.75,5,0
35604,4,14.477512185929925,45.0,4,0
35605,4,14.477512185929925,56.25,12,0
35606,4,14.477512185929925,67.5,6,0
35607,4,14.477512185929925,78.75,9,0
35608,4,14.477512185929925,90.0,10,0
35609,4,14.477512185929925,101.25,6,0
35610,4,14.477512185929925,112.5,13,0
35611,4,14.477512185929925,123.75,6,0
35612,4,14.477512185929925,135.0,10,0
35613,4,14.477512185929925,146.25,8,0
35614,4,14.477512185929925,157.5,8,0
35615,4,14.477512185929925,168.75,9,0
35616,4,14.477512185929925,-180.0,3,0
35617,4,14.477512185929925,-168.75,5,0
35618,4,14.477512185929925,-157.5,11,0
35619,4,14.477512185929925,-146.25,7,0
35620,4,14.477512185929925,-135.0,5,0
35621,4,14.477512185929925,-123.75,3,0
35622,4,14.477512185929925,-112.5,5,0
35623,4,14.477512185929925,-101.25,6,0
35624,4,14.477512185929925,-90.0,13,0
35625,4,14.477512185929925,-78.75000000000006,10,0
35626,4,14.477512185929925,-67.5,6,0
35627,4,14.477512185929925,-56.25,6,0
35628,4,14.477512185929925,-45.0,13,0
35629,4,14.477512185929925,-33.75000000000006,6,0
35630,4,14.477512185929925,-22.5,6,0
35631,4,14.477512185929925,-11.25,5,0
35632,4,9.594068226860458,5.625,8,0
35633,4,9.594068226860458,16.875,10,0
35634,4,9.594068226860458,28.125,8,1
35635,4,9.594068226860458,39.375,4,0
35636,4,9.594068226860458,50.625,9,0
35637,4,9.594068226860458,61.875,7,1
35638,4,9.594068226860458,73.125,8,0
35639,4,9.594068226860458,84.375,3,0
35640,4,9.594068226860458,95.625,11,0
35641,4,9.594068226860458,106.875,8,0
35642,4,9.594068226860458,118.125,8,0
35643,4,9.594068226860458,129.375,9,0
35644,4,9.594068226860458,140.625,9,0
35645,4,9.594068226860458,151.875,7,0
35646,4,9.594068226860458,163.125,10,0
35647,4,9.594068226860458,174.375,7,0
35648,4,9.594068226860458,-174.375,9,1
35649,4,9.594068226860458,-163.125,9,0
35650,4,9.594068226860458,-151.875,4,0
35651,4,9.594068226860458,-140.625,4,0
35652,4,9.594068226860458,-129.37500000000006,6,0
35653,4,9.594068226860458,-118.125,3,0
35654,4,9.594068226860458,-106.875,14,0
35655,4,9.594068226860458,-95.625,10,0
35656,4,9.594068226860458,-84.375,14,1
35657,4,9.594068226860458,-73.12500000000006,10,0
35658,4,9.594068226860458,-61.875,6,1
35659,4,9.594068226860458,-50.625,7,0
35660,4,9.594068226860458,-39.375,8,0
35661,4,9.594068226860458,-28.125,8,0
35662,4,9.594068226860458,-16.875,8,0
35663,4,9.594068226860458,-5.625,5,0
35664,4,4.780191847199163,0.0,12,3
35665,4,4.780191847199163,11.25,8,2
35666,4,4.780191847199163,22.5,6,1
35667,4,4.780191847199163,33.75,5,4
35668,4,4.780191847199163,45.0,9,1
35669,4,4.780191847199163,56.25,7,1
35670,4,4.780191847199163,67.5,7,2
35671,4,4.780191847199163,78.75,5,1
35672,4,4.780191847199163,90.0,10,1
35673,4,4.780191847199163,101.25,8,0
35674,4,4.780191847199163,112.5,8,2
35675,4,4.780191847199163,123.75,9,0
35676,4,4.780191847199163,135.0,9,1
35677,4,4.780191847199163,146.25,10,2
35678,4,4.780191847199163,157.5,6,1
35679,4,4.780191847199163,168.75,8,2
35680,4,4.780191847199163,-180.0,7,4
35681,4,4.780191847199163,-168.75,9,1
35682,4,4.780191847199163,-157.5,9,0
35683,4,4.780191847199163,-146.25,1,0
35684,4,4.780191847199163,-135.0,3,0
35685,4,4.780191847199163,-123.75,10,3
35686,4,4.780191847199163,-112.5,8,3
35687,4,4.780191847199163,-101.25,10,0
35688,4,4.780191847199163,-90.0,7,1
35689,4,4.780191847199163,-78.75000000000006,11,2
35690,4,4.780191847199163,-67.5,10,0
35691,4,4.780191847199163,-56.25,8,2
35692,4,4.780191847199163,-45.0,4,2
35693,4,4.780191847199163,-33.75000000000006,9,2
35694,4,4.780191847199163,-22.5,8,3
35695,4,4.780191847199163,-11.25,11,0
35696,4,0.0,5.625,11,4
35697,4,0.0,16.875,5,5
35698,4,0.0,28.125,7,1
35699,4,0.0,39.375,8,4
35700,4,0.0,50.625,12,0
35701,4,0.0,61.875,9,5
35702,4,0.0,73.125,5,4
35703,4,0.0,84.375,6,2
35704,4,0.0,95.625,9,1
35705,4,0.0,106.875,10,1
35706,4,0.0,118.125,6,5
35707,4,0.0,129.375,10,3
35708,4,0.0,140.625,8,4
35709,4,0.0,151.875,5,1
35710,4,0.0,163.125,11,5
35711,4,0.0,174.375,6,2
35712,4,0.0,-174.375,10,4
35713,4,0.0,-163.125,5,5
35714,4,0.0,-151.875,4,2
35715,4,0.0,-140.625,6,4
35716,4,0.0,-129.37500000000006,10,3
35717,4,0.0,-118.125,7,1
35718,4,0.0,-106.875,7,4
35719,4,0.0,-95.625,8,2
35720,4,0.0,-84.375,10,5
35721,4,0.0,-73.12500000000006,4,2
35722,4,0.0,-61.875,3,4
35723,4,0.0,-50.625,3,4
35724,4,0.0,-39.375,7,5
35725,4,0.0,-28.125,10,2
35726,4,0.0,-16.875,8,8
35727,4,0.0,-5.625,7,2
35728,4,-4.780191847199163,0.0,7,2
35729,4,-4.780191847199163,11.25,7,3
35730,4,-4.780191847199163,22.5,10,0
35731,4,-4.780191847199163,33.75,9,3
35732,4,-4.780191847199163,45.0,11,0
35733,4,-4.780191847199163,56.25,7,2
35734,4,-4.780191847199163,67.5,11,1
35735,4,-4.780191847199163,78.75,10,1
35736,4,-4.780191847199163,90.0,9,2
35737,4,-4.780191847199163,101.25,4,1
35738,4,-4.780191847199163,112.5,8,1
35739,4,-4.780191847199163,123.75,8,2
35740,4,-4.780191847199163,135.0,7,4
35741,4,-4.780191847199163,146.25,3,1
35742,4,-4.780191847199163,157.5,16,2
35743,4,-4.780191847199163,168.75,10,3
35744,4,-4.780191847199163,-180.0,9,1
35745,4,-4.780191847199163,-168.75,8,2
35746,4,-4.780191847199163,-157.5,8,4
35747,4,-4.780191847199163,-146.25,6,3
35748,4,-4.780191847199163,-135.0,10,1
35749,4,-4.780191847199163,-123.75,7,0
35750,4,-4.780191847199163,-112.5,7,2
35751,4,-4.780191847199163,-101.25,8,0
35752,4,-4.780191847199163,-90.0,12,2
35753,4,-4.780191847199163,-78.75000000000006,8,1
35754,4,-4.780191847199163,-67.5,6,2
35755,4,-4.780191847199163,-56.25,6,0
35756,4,-4.780191847199163,-45.0,5,5
35757,4,-4.780191847199163,-33.75000000000006,9,2
35758,4,-4.780191847199163,-22.5,5,3
35759,4,-4.780191847199163,-11.25,4,3
35760,4,-9.594068226860458,5.625,12,0
35761,4,-9.594068226860458,16.875,9,1
35762,4,-9.594068226860458,28.125,10,0
35763,4,-9.594068226860458,39.375,9,0
35764,4,-9.594068226860458,50.625,7,0
35765,4,-9.594068226860458,61.875,10,0
35766,4,-9.594068226860458,73.125,9,0
35767,4,-9.594068226860458,84.375,7,0
35768,4,-9.594068226860458,95.625,8,0
35769,4,-9.594068226860458,106.875,8,0
35770,4,-9.594068226860458,118.125,6,0
35771,4,-9.594068226860458,129.375,10,0
35772,4,-9.594068226860458,140.625,6,0
35773,4,-9.594068226860458,151.875,9,0
35774,4,-9.594068226860458,163.125,11,0
35775,4,-9.594068226860458,174.375,14,0
35776,4,-9.594068226860458,-174.375,9,0
35777,4,-9.594068226860458,-163.125,7,0
35778,4,-9.594068226860458,-151.875,8,0
35779,4,-9.594068226860458,-140.625,9,1
35780,4,-9.594068226860458,-129.37500000000006,5,0
35781,4,-9.594068226860458,-118.125,5,0
35782,4,-9.594068226860458,-106.875,5,0
35783,4,-9.594068226860458,-95.625,5,0
35784,4,-9.594068226860458,-84.375,11,0
35785,4,-9.594068226860458,-73.12500000000006,9,0
35786,4,-9.594068226860458,-61.875,11,0
35787,4,-9.594068226860458,-50.625,6,0
35788,4,-9.594068226860458,-39.375,9,0
35789,4,-9.594068226860458,-28.125,10,0
35790,4,-9.594068226860458,-16.875,3,0
35791,4,-9.594068226860458,-5.625,2,0
35792,4,-14.477512185929925,0.0,8,0
35793,4,-14.477512185929925,11.25,14,0
35794,4,-14.477512185929925,22.5,8,0
35795,4,-14.477512185929925,33.75,10,0
35796,4,-14.477512185929925,45.0,16,0
35797,4,-14.477512185929925,56.25,7,0
35798,4,-14.477512185929925,67.5,13,0
35799,4,-14.477512185929925,78.75,10,0
35800,4,-14.477512185929925,90.0,9,0
35801,4,-14.477512185929925,101.25,9,0
35802,4,-14.477512185929925,112.5,6,0
35803,4,-14.477512185929925,123.75,6,0
35804,4,-14.477512185929925,135.0,11,0
35805,4,-14.477512185929925,146.25,2,0
35806,4,-14.477512185929925,157.5,9,0
35807,4,-14.477512185929925,168.75,9,0
35808,4,-14.477512185929925,-180.0,8,0
35809,4,-14.477512185929925,-168.75,6,0
35810,4,-14.477512185929925,-157.5,11,0
35811,4,-14.477512185929925,-146.25,6,0
35812,4,-14.477512185929925,-135.0,8,0
35813,4,-14.477512185929925,-123.75,4,0
35814,4,-14.477512185929925,-112.5,8,0
35815,4,-14.477512185929925,-101.25,9,0
35816,4,-14.477512185929925,-90.0,5,0
35817,4,-14.477512185929925,-78.75000000000006,7,0
35818,4,-14.477512185929925,-67.5,15,0
35819,4,-14.477512185929925,-56.25,5,0
35820,4,-14.477512185929925,-45.0,4,0
35821,4,-14.477512185929925,-33.75000000000006,7,1
35822,4,-14.477512185929925,-22.5,5,0
35823,4,-14.477512185929925,-11.25,8,0
35824,4,-19.47122063449069,5.625,6,0
35825,4,-19.47122063449069,16.875,8,0
35826,4,-19.47122063449069,28.125,3,0
35827,4,-19.47122063449069,39.375,11,0
35828,4,-19.47122063449069,50.625,10,0
35829,4,-19.47122063449069,61.875,6,0
35830,4,-19.47122063449069,73.125,9,0
35831,4,-19.47122063449069,84.375,11,0
35832,4,-19.47122063449069,95.625,8,0
35833,4,-19.47122063449069,106.875,6,0
35834,4,-19.47122063449069,118.125,11,0
35835,4,-19.47122063449069,129.375,10,0
35836,4,-19.47122063449069,140.625,6,0
35837,4,-19.47122063449069,151.875,7,0
35838,4,-19.47122063449069,163.125,6,0
35839,4,-19.47122063449069,174.375,11,0
35840,4,-19.47122063449069,-174.375,7,0
35841,4,-19.47122063449069,-163.125,12,0
35842,4,-19.47122063449069,-151.875,9,0
35843,4,-19.47122063449069,-140.625,6,0
35844,4,-19.47122063449069,-129.37500000000006,13,0
35845,4,-19.47122063449069,-118.125,7,0
35846,4,-19.47122063449069,-106.875,6,0
35847,4,-19.47122063449069,-95.625,4,0
35848,4,-19.47122063449069,-84.375,6,0
35849,4,-19.47122063449069,-73.12500000000006,6,0
35850,4,-19.47122063449069,-61.875,6,0
35851,4,-19.47122063449069,-50.625,6,0
35852,4,-19.47122063449069,-39.375,13,1
35853,4,-19.47122063449069,-28.125,8,0
35854,4,-19.47122063449069,-16.875,4,0
35855,4,-19.47122063449069,-5.625,11,0
35856,4,-24.62431835216408,0.0,7,0
35857,4,-24.62431835216408,11.25,3,0
35858,4,-24.62431835216408,22.5,7,1
35859,4,-24.62431835216408,33.75,8,0
35860,4,-24.62431835216408,45.0,9,0
35861,4,-24.62431835216408,56.25,3,0
35862,4,-24.62431835216408,67.5,6,0
35863,4,-24.62431835216408,78.75,8,0
35864,4,-24.62431835216408,90.0,8,0
35865,4,-24.62431835216408,101.25,5,0
35866,4,-24.62431835216408,112.5,8,0
35867,4,-24.62431835216408,123.75,5,0
35868,4,-24.62431835216408,135.0,9,0
35869,4,-24.62431835216408,146.25,4,0
35870,4,-24.62431835216408,157.5,10,0
35871,4,-24.62431835216408,168.75,9,0
35872,4,-24.62431835216408,-180.0,8,0
35873,4,-24.62431835216408,-168.75,12,0
35874,4,-24.62431835216408,-157.5,4,0
35875,4,-24.62431835216408,-146.25,8,0
35876,4,-24.62431835216408,-135.0,11,0
35877,4,-24.62431835216408,-123.75,14,0
35878,4,-24.62431835216408,-112.5,6,0
35879,4,-24.62431835216408,-101.25,5,0
35880,4,-24.62431835216408,-90.0,11,0
35881,4,-24.62431835216408,-78.75000000000006,9,0
35882,4,-24.62431835216408,-67.5,5,0
35883,4,-24.62431835216408,-56.25,8,1
35884,4,-24.62431835216408,-45.0,11,0
35885,4,-24.62431835216408,-33.75000000000006,12,0
35886,4,-24.62431835216408,-22.5,4,0
35887,4,-24.62431835216408,-11.25,3,0
35888,4,-30.000000000000014,5.625,7,0
35889,4,-30.000000000000014,16.875,8,0
35890,4,-30.000000000000014,28.125,11,0
35891,4,-30.000000000000014,39.375,6,0
35892,4,-30.000000000000014,50.625,6,0
35893,4,-30.000000000000014,61.875,5,0
35894,4,-30.000000000000014,73.125,8,0
35895,4,-30.000000000000014,84.375,10,0
35896,4,-30.000000000000014,95.625,4,0
35897,4,-30.000000000000014,106.875,6,0
35898,4,-30.000000000000014,118.125,2,0
35899,4,-30.000000000000014,129.375,3,0
35900,4,-30.000000000000014,140.625,8,0
35901,4,-30.000000000000014,151.875,5,0
35902,4,-30.000000000000014,163.125,10,0
35903,4,-30.000000000000014,174.375,6,0
35904,4,-30.000000000000014,-174.375,11,0
35905,4,-30.000000000000014,-163.125,10,0
35906,4,-30.000000000000014,-151.875,8,0
35907,4,-30.000000000000014,-140.625,7,0
35908,4,-30.000000000000014,-129.37500000000006,14,0
35909,4,-30.000000000000014,-118.125,10,0
35910,4,-30.000000000000014,-106.875,8,0
35911,4,-30.000000000000014,-95.625,15,0
35912,4,-30.000000000000014,-84.375,6,0
35913,4,-30.000000000000014,-73.12500000000006,12,0
35914,4,-30.000000000000014,-61.875,11,0
35915,4,-30.000000000000014,-50.625,9,0
35916,4,-30.000000000000014,-39.375,8,0
35917,4,-30.000000000000014,-28.125,11,0
35918,4,-30.000000000000014,-16.875,4,0
35919,4,-30.000000000000014,-5.625,1,0
35920,4,-35.68533471265205,0.0,5,0
35921,4,-35.68533471265205,11.25,8,0
35922,4,-35.68533471265205,22.5,10,0
35923,4,-35.68533471265205,33.75,7,0
35924,4,-35.68533471265205,45.0,7,0
35925,4,-35.68533471265205,56.25,4,0
35926,4,-35.68533471265205,67.5,9,0
35927,4,-35.68533471265205,78.75,14,0
35928,4,-35.68533471265205,90.0,8,0
35929,4,-35.68533471265205,101.25,9,0
35930,4,-35.68533471265205,112.5,10,0
35931,4,-35.68533471265205,123.75,6,0
35932,4,-35.68533471265205,135.0,2,0
35933,4,-35.68533471265205,146.25,8,0
35934,4,-35.68533471265205,157.5,6,0
35935,4,-35.68533471265205,168.75,8,0
35936,4,-35.68533471265205,-180.0,17,0
35937,4,-35.68533471265205,-168.75,4,0
35938,4,-35.68533471265205,-157.5,8,0
35939,4,-35.68533471265205,-146.25,8,0
35940,4,-35.68533471265205,-135.0,10,0
35941,4,-35.68533471265205,-123.75,14,0
35942,4,-35.68533471265205,-112.5,11,0
35943,4,-35.68533471265205,-101.25,8,0
35944,4,-35.68533471265205,-90.0,11,0
35945,4,-35.68533471265205,-78.75000000000006,8,0
35946,4,-35.68533471265205,-67.5,3,0
35947,4,-35.68533471265205,-56.25,4,0
35948,4,-35.68533471265205,-45.0,8,0
35949,4,-35.68533471265205,-33.75000000000006,4,0
35950,4,-35.68533471265205,-22.5,6,0
35951,4,-35.68533471265205,-11.25,4,0
35952,4,-41.81031489577862,5.625,7,0
35953,4,-41.81031489577862,16.875,6,0
35954,4,-41.81031489577862,28.125,10,0
35955,4,-41.81031489577862,39.375,3,0
35956,4,-41.81031489577862,50.625,12,0
35957,4,-41.81031489577862,61.875,7,0
35958,4,-41.81031489577862,73.125,9,0
35959,4,-41.81031489577862,84.375,7,0
35960,4,-41.81031489577862,95.625,7,0
35961,4,-41.81031489577862,106.875,7,0
35962,4,-41.81031489577862,118.125,13,0
35963,4,-41.81031489577862,129.375,12,0
35964,4,-41.81031489577862,140.625,7,0
35965,4,-41.81031489577862,151.875,12,0
35966,4,-41.81031489577862,163.125,11,0
35967,4,-41.81031489577862,174.375,9,0
35968,4,-41.81031489577862,-174.375,7,0
35969,4,-41.81031489577862,-163.125,9,0
35970,4,-41.81031489577862,-151.875,5,0
35971,4,-41.81031489577862,-140.625,11,0
35972,4,-41.81031489577862,-129.37500000000006,9,0
35973,4,-41.81031489577862,-118.125,9,0
35974,4,-41.81031489577862,-106.875,13,0
35975,4,-41.81031489577862,-95.625,14,0
35976,4,-41.81031489577862,-84.375,7,0
35977,4,-41.81031489577862,-73.12500000000006,10,0
35978,4,-41.81031489577862,-61.875,3,0
35979,4,-41.81031489577862,-50.625,5,0
35980,4,-41.81031489577862,-39.375,3,0
35981,4,-41.81031489577862,-28.125,5,0
35982,4,-41.81031489577862,-16.875,5,0
35983,4,-41.81031489577862,-5.625,0,0
35984,4,-48.1412077943603,6.428571428571416,7,0
35985,4,-48.1412077943603,19.285714285714278,8,0
35986,4,-48.1412077943603,32.14285714285714,9,0
35987,4,-48.1412077943603,45.0,7,0
35988,4,-48.1412077943603,57.85714285714286,7,0
35989,4,-48.1412077943603,70.71428571428572,4,0
35990,4,-48.1412077943603,83.57142857142856,6,0
35991,4,-48.1412077943603,96.42857142857144,6,0
35992,4,-48.1412077943603,109.28571428571428,11,0
35993,4,-48.1412077943603,122.14285714285711,10,0
35994,4,-48.1412077943603,135.0,9,0
35995,4,-48.1412077943603,147.8571428571429,18,0
35996,4,-48.1412077943603,160.71428571428572,8,0
35997,4,-48.1412077943603,173.57142857142856,4,0
35998,4,-48.1412077943603,-173.57142857142856,12,0
35999,4,-48.1412077943603,-160.71428571428572,4,1
36000,4,-48.1412077943603,-147.8571428571429,6,0
36001,4,-48.1412077943603,-135.0,7,0
36002,4,-48.1412077943603,-122.14285714285711,7,0
36003,4,-48.1412077943603,-109.28571428571428,10,0
36004,4,-48.1412077943603,-96.42857142857144,9,0
36005,4,-48.1412077943603,-83.57142857142856,5,0
36006,4,-48.1412077943603,-70.71428571428572,9,0
36007,4,-48.1412077943603,-57.85714285714283,6,0
36008,4,-48.1412077943603,-45.0,7,0
36009,4,-48.1412077943603,-32.14285714285717,10,0
36010,4,-48.1412077943603,-19.28571428571422,5,0
36011,4,-48.1412077943603,-6.428571428571445,7,0
36012,4,-54.340912303861245,7.5,5,0
36013,4,-54.340912303861245,22.5,5,0
36014,4,-54.340912303861245,37.5,9,0
36015,4,-54.340912303861245,52.5,3,0
36016,4,-54.340912303861245,67.5,9,0
36017,4,-54.340912303861245,82.5,8,0
36018,4,-54.340912303861245,97.5,9,0
36019,4,-54.340912303861245,112.5,7,0
36020,4,-54.340912303861245,127.5,9,0
36021,4,-54.340912303861245,142.5,9,0
36022,4,-54.340912303861245,157.5,13,0
36023,4,-54.340912303861245,172.5,8,0
36024,4,-54.340912303861245,-172.5,12,0
36025,4,-54.340912303861245,-157.5,3,0
36026,4,-54.340912303861245,-142.5,9,0
36027,4,-54.340912303861245,-127.5,11,0
36028,4,-54.340912303861245,-112.5,12,0
36029,4,-54.340912303861245,-97.5,10,0
36030,4,-54.340912303861245,-82.5,5,0
36031,4,-54.340912303861245,-67.5,10,0
36032,4,-54.340912303861245,-52.50000000000006,4,0
36033,4,-54.340912303861245,-37.5,5,0
36034,4,-54.340912303861245,-22.5,6,0
36035,4,-54.340912303861245,-7.5,8,0
36036,4,-60.4344388449523,9.0,7,0
36037,4,-60.4344388449523,27.0,7,0
36038,4,-60.4344388449523,45.0,7,0
36039,4,-60.4344388449523,63.0,8,0
36040,4,-60.4344388449523,81.0,8,0
36041,4,-60.4344388449523,99.0,8,0
36042,4,-60.4344388449523,117.0,4,0
36043,4,-60.4344388449523,135.0,6,0
36044,4,-60.4344388449523,153.0,8,0
36045,4,-60.4344388449523,171.0,10,0
36046,4,-60.4344388449523,-171.0,7,0
36047,4,-60.4344388449523,-153.0,11,0
36048,4,-60.4344388449523,-135.0,8,0
36049,4,-60.4344388449523,-117.0,7,0
36050,4,-60.4344388449523,-99.0,7,0
36051,4,-60.4344388449523,-81.0,3,0
36052,4,-60.4344388449523,-63.0,6,0
36053,4,-60.4344388449523,-45.0,15,1
36054,4,-60.4344388449523,-27.0,7,0
36055,4,-60.4344388449523,-9.0,9,0
36056,4,-66.44353569089876,11.25,7,0
36057,4,-66.44353569089876,33.75,5,0
36058,4,-66.44353569089876,56.25,7,0
36059,4,-66.44353569089876,78.75,6,0
36060,4,-66.44353569089876,101.25,6,0
36061,4,-66.44353569089876,123.75,6,0
36062,4,-66.44353569089876,146.25,11,0
36063,4,-66.44353569089876,168.75,8,0
36064,4,-66.44353569089876,-168.75,10,0
36065,4,-66.44353569089876,-146.25,9,0
36066,4,-66.44353569089876,-123.75,5,0
36067,4,-66.44353569089876,-101.25,7,0
36068,4,-66.44353569089876,-78.75,5,0
36069,4,-66.44353569089876,-56.25,10,0
36070,4,-66.44353569089876,-33.75,19,0
36071,4,-66.44353569089876,-11.25,12,0
36072,4,-72.38756092964962,15.0,7,0
36073,4,-72.38756092964962,45.0,2,0
36074,4,-72.38756092964962,75.0,6,0
36075,4,-72.38756092964962,105.0,7,0
36076,4,-72.38756092964962,135.0,5,0
36077,4,-72.38756092964962,165.0,11,0
36078,4,-72.38756092964962,-165.0,10,0
36079,4,-72.38756092964962,-135.0,8,0
36080,4,-72.38756092964962,-105.0,5,0
36081,4,-72.38756092964962,-75.0,4,0
36082,4,-72.38756092964962,-45.0,5,0
36083,4,-72.38756092964962,-15.0,10,0
36084,4,-78.28414760510762,22.5,7,0
36085,4,-78.28414760510762,67.5,5,0
36086,4,-78.28414760510762,112.5,5,0
36087,4,-78.28414760510762,157.5,9,0
36088,4,-78.28414760510762,-157.5,9,0
36089,4,-78.28414760510762,-112.5,7,0
36090,4,-78.28414760510762,-67.5,3,0
36091,4,-78.28414760510762,-22.5,4,0
36092,4,-84.14973293629666,45.0,8,0
36093,4,-84.14973293629666,135.0,6,0
36094,4,-84.14973293629666,-135.0,6,0
36095,4,-84.14973293629666,-45.0,7,0
36096,4,84.14973293629666,45.0,4,0
36097,4,84.14973293629666,135.0,6,0
36098,4,84.14973293629666,-135.0,5,0
36099,4,84.14973293629666,-45.0,5,0
36100,4,78.28414760510762,22.5,8,0
36101,4,78.28414760510762,67.5,5,0
36102,4,78.28414760510762,112.5,9,0
36103,4,78.28414760510762,157.5,6,0
36104,4,78.28414760510762,-157.5,5,0
36105,4,78.28414760510762,-112.5,4,0
36106,4,78.28414760510762,-67.5,5,0
36107,4,78.28414760510762,-22.5,10,0
36108,4,72.38756092964962,15.0,5,0
36109,4,72.38756092964962,45.0,8,0
36110,4,72.38756092964962,75.0,12,0
36111,4,72.38756092964962,105.0,12,0
36112,4,72.38756092964962,135.0,4,0
36113,4,72.38756092964962,165.0,4,0
36114,4,72.38756092964962,-165.0,6,0
36115,4,72.38756092964962,-135.0,13,0
36116,4,72.38756092964962,-105.0,5,0
36117,4,72.38756092964962,-75.0,6,0
36118,4,72.38756092964962,-45.0,12,0
36119,4,72.38756092964962,-15.0,8,0
36120,4,66.44353569089877,11.25,8,0
36121,4,66.44353569089877,33.75,10,0
36122,4,66.44353569089877,56.25,7,0
36123,4,66.44353569089877,78.75,8,0
36124,4,66.44353569089877,101.25,7,0
36125,4,66.44353569089877,123.75,7,0
36126,4,66.44353569089877,146.25,7,0
36127,4,66.44353569089877,168.75,4,0
36128,4,66.44353569089877,-168.75,13,0
36129,4,66.44353569089877,-146.25,8,0
36130,4,66.44353569089877,-123.75,11,0
36131,4,66.44353569089877,-101.25,11,0
36132,4,66.44353569089877,-78.75,4,0
36133,4,66.44353569089877,-56.25,11,0
36134,4,66.44353569089877,-33.75,12,0
36135,4,66.44353569089877,-11.25,9,0
36136,4,60.43443884495228,9.0,8,0
36137,4,60.43443884495228,27.0,6,0
36138,4,60.43443884495228,45.0,7,0
36139,4,60.43443884495228,63.0,4,0
36140,4,60.43443884495228,81.0,6,0
36141,4,60.43443884495228,99.0,4,0
36142,4,60.43443884495228,117.0,6,0
36143,4,60.43443884495228,135.0,12,0
36144,4,60.43443884495228,153.0,11,0
36145,4,60.43443884495228,171.0,8,0
36146,4,60.43443884495228,-171.0,12,0
36147,4,60.43443884495228,-153.0,5,0
36148,4,60.43443884495228,-135.0,10,0
36149,4,60.43443884495228,-117.0,9,0
36150,4,60.43443884495228,-99.0,11,0
36151,4,60.43443884495228,-81.0,7,0
36152,4,60.43443884495228,-63.0,7,0
36153,4,60.43443884495228,-45.0,14,0
36154,4,60.43443884495228,-27.0,12,0
36155,4,60.43443884495228,-9.0,12,0
36156,4,54.340912303861245,7.5,11,0
36157,4,54.340912303861245,22.5,5,0
36158,4,54.340912303861245,37.5,6,0
36159,4,54.340912303861245,52.5,7,0
36160,4,54.340912303861245,67.5,7,0
36161,4,54.340912303861245,82.5,9,0
36162,4,54.340912303861245,97.5,6,0
36163,4,54.340912303861245,112.5,8,0
36164,4,54.340912303861245,127.5,5,0
36165,4,54.340912303861245,142.5,7,0
36166,4,54.340912303861245,157.5,12,0
36167,4,54.340912303861245,172.5,11,0
36168,4,54.340912303861245,-172.5,6,0
36169,4,54.340912303861245,-157.5,5,0
36170,4,54.340912303861245,-142.5,5,0
36171,4,54.340912303861245,-127.5,6,0
36172,4,54.340912303861245,-112.5,4,0
36173,4,54.340912303861245,-97.5,14,0
36174,4,54.340912303861245,-82.5,6,0
36175,4,54.340912303861245,-67.5,10,0
36176,4,54.340912303861245,-52.50000000000006,8,0
36177,4,54.340912303861245,-37.5,13,0
36178,4,54.340912303861245,-22.5,10,0
36179,4,54.340912303861245,-7.5,10,0
36180,4,48.141207794360284,6.428571428571416,10,0
36181,4,48.141207794360284,19.285714285714278,8,0
36182,4,48.141207794360284,32.14285714285714,7,0
36183,4,48.141207794360284,45.0,8,0
36184,4,48.141207794360284,57.85714285714286,6,0
36185,4,48.141207794360284,70.71428571428572,11,0
36186,4,48.141207794360284,83.57142857142856,12,0
36187,4,48.141207794360284,96.42857142857144,7,0
36188,4,48.141207794360284,109.28571428571428,9,0
36189,4,48.141207794360284,122.14285714285711,11,0
36190,4,48.141207794360284,135.0,5,0
36191,4,48.141207794360284,147.8571428571429,7,0
36192,4,48.141207794360284,160.71428571428572,11,0
36193,4,48.141207794360284,173.57142857142856,5,0
36194,4,48.141207794360284,-173.57142857142856,7,0
36195,4,48.141207794360284,-160.71428571428572,6,0
36196,4,48.141207794360284,-147.8571428571429,7,0
36197,4,48.141207794360284,-135.0,14,0
36198,4,48.141207794360284,-122.14285714285711,7,0
36199,4,48.141207794360284,-109.28571428571428,8,0
36200,4,48.141207794360284,-96.42857142857144,10,0
36201,4,48.141207794360284,-83.57142857142856,5,0
36202,4,48.141207794360284,-70.71428571428572,9,0
36203,4,48.141207794360284,-57.85714285714283,4,0
36204,4,48.141207794360284,-45.0,7,0
36205,4,48.141207794360284,-32.14285714285717,8,0
36206,4,48.141207794360284,-19.28571428571422,8,0
36207,4,48.141207794360284,-6.428571428571445,12,0
36208,4,41.81031489577859,5.625,8,0
36209,4,41.81031489577859,16.875,10,0
36210,4,41.81031489577859,28.125,10,0
36211,4,41.81031489577859,39.375,6,0
36212,4,41.81031489577859,50.625,10,0
36213,4,41.81031489577859,61.875,8,0
36214,4,41.81031489577859,73.125,9,0
36215,4,41.81031489577859,84.375,8,0
36216,4,41.81031489577859,95.625,4,0
36217,4,41.81031489577859,106.875,10,0
36218,4,41.81031489577859,118.125,10,0
36219,4,41.81031489577859,129.375,11,0
36220,4,41.81031489577859,140.625,6,0
36221,4,41.81031489577859,151.875,7,0
36222,4,41.81031489577859,163.125,10,0
36223,4,41.81031489577859,174.375,3,0
36224,4,41.81031489577859,-174.375,9,0
36225,4,41.81031489577859,-163.125,10,0
36226,4,41.81031489577859,-151.875,6,0
36227,4,41.81031489577859,-140.625,14,0
36228,4,41.81031489577859,-129.37500000000006,14,0
36229,4,41.81031489577859,-118.125,6,0
36230,4,41.81031489577859,-106.875,7,0
36231,4,41.81031489577859,-95.625,7,0
36232,4,41.81031489577859,-84.375,9,0
36233,4,41.81031489577859,-73.12500000000006,4,0
36234,4,41.81031489577859,-61.875,5,0
36235,4,41.81031489577859,-50.625,10,0
36236,4,41.81031489577859,-39.375,6,0
36237,4,41.81031489577859,-28.125,7,0
36238,4,41.81031489577859,-16.875,5,0
36239,4,41.81031489577859,-5.625,10,0
36240,4,35.68533471265204,0.0,6,0
36241,4,35.68533471265204,11.25,8,0
36242,4,35.68533471265204,22.5,10,0
36243,4,35.68533471265204,33.75,5,0
36244,4,35.68533471265204,45.0,4,0
36245,4,35.68533471265204,56.25,9,0
36246,4,35.68533471265204,67.5,7,0
36247,4,35.68533471265204,78.75,10,0
36248,4,35.68533471265204,90.0,5,0
36249,4,35.68533471265204,101.25,6,0
36250,4,35.68533471265204,112.5,10,0
36251,4,35.68533471265204,123.75,9,0
36252,4,35.68533471265204,135.0,10,0
36253,4,35.68533471265204,146.25,6,0
36254,4,35.68533471265204,157.5,13,0
36255,4,35.68533471265204,168.75,12,0
36256,4,35.68533471265204,-180.0,5,0
36257,4,35.68533471265204,-168.75,8,0
36258,4,35.68533471265204,-157.5,9,0
36259,4,35.68533471265204,-146.25,8,0
36260,4,35.68533471265204,-135.0,12,0
36261,4,35.68533471265204,-123.75,8,0
36262,4,35.68533471265204,-112.5,9,0
36263,4,35.68533471265204,-101.25,8,0
36264,4,35.68533471265204,-90.0,5,0
36265,4,35.68533471265204,-78.75000000000006,4,0
36266,4,35.68533471265204,-67.5,4,0
36267,4,35.68533471265204,-56.25,9,0
36268,4,35.68533471265204,-45.0,7,0
36269,4,35.68533471265204,-33.75000000000006,11,0
36270,4,35.68533471265204,-22.5,13,0
36271,4,35.68533471265204,-11.25,8,0
36272,4,30.000000000000007,5.625,8,0
36273,4,30.000000000000007,16.875,7,0
36274,4,30.000000000000007,28.125,10,0
36275,4,30.000000000000007,39.375,8,0
36276,4,30.000000000000007,50.625,10,0
36277,4,30.000000000000007,61.875,10,0
36278,4,30.000000000000007,73.125,11,0
36279,4,30.000000000000007,84.375,8,0
36280,4,30.000000000000007,95.625,11,0
36281,4,30.000000000000007,106.875,8,0
36282,4,30.000000000000007,118.125,9,0
36283,4,30.000000000000007,129.375,9,0
36284,4,30.000000000000007,140.625,8,0
36285,4,30.000000000000007,151.875,5,0
36286,4,30.000000000000007,163.125,14,0
36287,4,30.000000000000007,174.375,8,0
36288,4,30.000000000000007,-174.375,7,0
36289,4,30.000000000000007,-163.125,7,0
36290,4,30.000000000000007,-151.875,10,0
36291,4,30.000000000000007,-140.625,12,0
36292,4,30.000000000000007,-129.37500000000006,8,0
36293,4,30.000000000000007,-118.125,8,0
36294,4,30.000000000000007,-106.875,7,0
36295,4,30.000000000000007,-95.625,15,0
36296,4,30.000000000000007,-84.375,10,0
36297,4,30.000000000000007,-73.12500000000006,0,0
36298,4,30.000000000000007,-61.875,6,0
36299,4,30.000000000000007,-50.625,8,0
36300,4,30.000000000000007,-39.375,6,0
36301,4,30.000000000000007,-28.125,10,0
36302,4,30.000000000000007,-16.875,11,0
36303,4,30.000000000000007,-5.625,7,0
36304,4,24.62431835216408,0.0,5,0
36305,4,24.62431835216408,11.25,3,0
36306,4,24.62431835216408,22.5,10,0
36307,4,24.62431835216408,33.75,10,0
36308,4,24.62431835216408,45.0,9,0
36309,4,24.62431835216408,56.25,12,0
36310,4,24.62431835216408,67.5,11,0
36311,4,24.62431835216408,78.75,10,0
36312,4,24.62431835216408,90.0,11,0
36313,4,24.62431835216408,101.25,11,0
36314,4,24.62431835216408,112.5,11,0
36315,4,24.62431835216408,123.75,9,0
36316,4,24.62431835216408,135.0,12,0
36317,4,24.62431835216408,146.25,5,0
36318,4,24.62431835216408,157.5,9,0
36319,4,24.62431835216408,168.75,5,0
36320,4,24.62431835216408,-180.0,7,0
36321,4,24.62431835216408,-168.75,5,0
36322,4,24.62431835216408,-157.5,5,0
36323,4,24.62431835216408,-146.25,6,0
36324,4,24.62431835216408,-135.0,11,0
36325,4,24.62431835216408,-123.75,13,0
36326,4,24.62431835216408,-112.5,8,0
36327,4,24.62431835216408,-101.25,13,0
36328,4,24.62431835216408,-90.0,7,0
36329,4,24.62431835216408,-78.75000000000006,5,0
36330,4,24.62431835216408,-67.5,8,0
36331,4,24.62431835216408,-56.25,9,0
36332,4,24.62431835216408,-45.0,5,0
36333,4,24.62431835216408,-33.75000000000006,4,0
36334,4,24.62431835216408,-22.5,10,0
36335,4,24.62431835216408,-11.25,5,0
36336,4,19.47122063449069,5.625,7,0
36337,4,19.47122063449069,16.875,10,0
36338,4,19.47122063449069,28.125,8,0
36339,4,19.47122063449069,39.375,2,0
36340,4,19.47122063449069,50.625,8,0
36341,4,19.47122063449069,61.875,12,0
36342,4,19.47122063449069,73.125,12,0
36343,4,19.47122063449069,84.375,9,0
36344,4,19.47122063449069,95.625,7,0
36345,4,19.47122063449069,106.875,9,0
36346,4,19.47122063449069,118.125,6,0
36347,4,19.47122063449069,129.375,18,0
36348,4,19.47122063449069,140.625,7,0
36349,4,19.47122063449069,151.875,9,0
36350,4,19.47122063449069,163.125,7,0
36351,4,19.47122063449069,174.375,7,0
36352,4,19.47122063449069,-174.375,4,0
36353,4,19.47122063449069,-163.125,8,0
36354,4,19.47122063449069,-151.875,6,0
36355,4,19.47122063449069,-140.625,8,0
36356,4,19.47122063449069,-129.37500000000006,7,0
36357,4,19.47122063449069,-118.125,6,0
36358,4,19.47122063449069,-106.875,5,0
36359,4,19.47122063449069,-95.625,7,0
36360,4,19.47122063449069,-84.375,2,0
36361,4,19.47122063449069,-73.12500000000006,9,0
36362,4,19.47122063449069,-61.875,5,0
36363,4,19.47122063449069,-50.625,6,0
36364,4,19.47122063449069,-39.375,6,0
36365,4,19.47122063449069,-28.125,7,0
36366,4,19.47122063449069,-16.875,6,0
36367,4,19.47122063449069,-5.625,7,0
36368,4,14.477512185929925,0.0,8,0
36369,4,14.477512185929925,11.25,8,0
36370,4,14.477512185929925,22.5,11,0
36371,4,14.477512185929925,33.75,5,0
36372,4,14.477512185929925,45.0,4,0
36373,4,14.477512185929925,56.25,12,0
36374,4,14.477512185929925,67.5,6,0
36375,4,14.477512185929925,78.75,9,0
36376,4,14.477512185929925,90.0,10,0
36377,4,14.477512185929925,101.25,6,0
36378,4,14.477512185929925,112.5,13,0
36379,4,14.477512185929925,123.75,6,0
36380,4,14.477512185929925,135.0,10,0
36381,4,14.477512185929925,146.25,8,0
36382,4,14.477512185929925,157.5,8,0
36383,4,14.477512185929925,168.75,9,0
36384,4,14.477512185929925,-180.0,3,0
36385,4,14.477512185929925,-168.75,5,0
36386,4,14.477512185929925,-157.5,11,0
36387,4,14.477512185929925,-146.25,7,0
36388,4,14.477512185929925,-135.0,5,0
36389,4,14.477512185929925,-123.75,3,0
36390,4,14.477512185929925,-112.5,5,0
36391,4,14.477512185929925,-101.25,6,0
36392,4,14.477512185929925,-90.0,13,0
36393,4,14.477512185929925,-78.75000000000006,10,0
36394,4,14.477512185929925,-67.5,6,0
36395,4,14.477512185929925,-56.25,6,0
36396,4,14.477512185929925,-45.0,13,0
36397,4,14.477512185929925,-33.75000000000006,6,0
36398,4,14.477512185929925,-22.5,6,0
36399,4,14.477512185929925,-11.25,5,0
36400,4,9.594068226860458,5.625,8,0
36401,4,9.594068226860458,16.875,10,0
36402,4,9.594068226860458,28.125,8,1
36403,4,9.594068226860458,39.375,4,0
36404,4,9.594068226860458,50.625,9,0
36405,4,9.594068226860458,61.875,7,1
36406,4,9.594068226860458,73.125,8,0
36407,4,9.594068226860458,84.375,3,0
36408,4,9.594068226860458,95.625,11,0
36409,4,9.594068226860458,106.875,8,0
36410,4,9.594068226860458,118.125,8,0
36411,4,9.594068226860458,129.375,9,0
36412,4,9.594068226860458,140.625,9,0
36413,4,9.594068226860458,151.875,7,0
36414,4,9.594068226860458,163.125,10,0
36415,4,9.594068226860458,174.375,7,0
36416,4,9.594068226860458,-174.375,9,1
36417,4,9.594068226860458,-163.125,9,0
36418,4,9.594068226860458,-151.875,4,0
36419,4,9.594068226860458,-140.625,4,0
36420,4,9.594068226860458,-129.37500000000006,6,0
36421,4,9.594068226860458,-118.125,3,0
36422,4,9.594068226860458,-106.875,14,0
36423,4,9.594068226860458,-95.625,10,0
36424,4,9.594068226860458,-84.375,14,1
36425,4,9.594068226860458,-73.12500000000006,10,0
36426,4,9.594068226860458,-61.875,6,1
36427,4,9.594068226860458,-50.625,7,0
36428,4,9.594068226860458,-39.375,8,0
36429,4,9.594068226860458,-28.125,8,0
36430,4,9.594068226860458,-16.875,8,0
36431,4,9.594068226860458,-5.625,5,0
36432,4,4.780191847199163,0.0,12,3
36433,4,4.780191847199163,11.25,8,2
36434,4,4.780191847199163,22.5,6,1
36435,4,4.780191847199163,33.75,5,4
36436,4,4.780191847199163,45.0,9,1
36437,4,4.780191847199163,56.25,7,1
36438,4,4.780191847199163,67.5,7,2
36439,4,4.780191847199163,78.75,5,1
36440,4,4.780191847199163,90.0,10,1
36441,4,4.780191847199163,101.25,8,0
36442,4,4.780191847199163,112.5,8,2
36443,4,4.780191847199163,123.75,9,0
36444,4,4.780191847199163,135.0,9,1
36445,4,4.780191847199163,146.25,10,2
36446,4,4.780191847199163,157.5,6,1
36447,4,4.780191847199163,168.75,8,2
36448,4,4.780191847199163,-180.0,7,4
36449,4,4.780191847199163,-168.75,9,1
36450,4,4.780191847199163,-157.5,9,0
36451,4,4.780191847199163,-146.25,1,0
36452,4,4.780191847199163,-135.0,3,0
36453,4,4.780191847199163,-123.75,10,3
36454,4,4.780191847199163,-112.5,8,3
36455,4,4.780191847199163,-101.25,10,0
36456,4,4.780191847199163,-90.0,7,1
36457,4,4.780191847199163,-78.75000000000006,11,2
36458,4,4.780191847199163,-67.5,10,0
36459,4,4.780191847199163,-56.25,8,2
36460,4,4.780191847199163,-45.0,4,2
36461,4,4.780191847199163,-33.75000000000006,9,2
36462,4,4.780191847199163,-22.5,8,3
36463,4,4.780191847199163,-11.25,11,0
36464,4,0.0,5.625,11,4
36465,4,0.0,16.875,5,5
36466,4,0.0,28.125,7,1
36467,4,0.0,39.375,8,4
36468,4,0.0,50.625,12,0
36469,4,0.0,61.875,9,5
36470,4,0.0,73.125,5,4
36471,4,0.0,84.375,6,2
36472,4,0.0,95.625,9,1
36473,4,0.0,106.875,10,1
36474,4,0.0,118.125,6,5
36475,4,0.0,129.375,10,3
36476,4,0.0,140.625,8,4
36477,4,0.0,151.875,5,1
36478,4,0.0,163.125,11,5
36479,4,0.0,174.375,6,2
36480,4,0.0,-174.375,10,4
36481,4,0.0,-163.125,5,5
36482,4,0.0,-151.875,4,2
36483,4,0.0,-140.625,6,4
36484,4,0.0,-129.37500000000006,10,3
36485,4,0.0,-118.125,7,1
36486,4,0.0,-106.875,7,4
36487,4,0.0,-95.625,8,2
36488,4,0.0,-84.375,10,5
36489,4,0.0,-73.12500000000006,4,2
36490,4,0.0,-61.875,3,4
36491,4,0.0,-50.625,3,4
36492,4,0.0,-39.375,7,5
36493,4,0.0,-28.125,10,2
36494,4,0.0,-16.875,8,8
36495,4,0.0,-5.625,7,2
36496,4,-4.780191847199163,0.0,7,2
36497,4,-4.780191847199163,11.25,7,3
36498,4,-4.780191847199163,22.5,10,0
36499,4,-4.780191847199163,33.75,9,3
36500,4,-4.780191847199163,45.0,11,0
36501,4,-4.780191847199163,56.25,7,2
36502,4,-4.780191847199163,67.5,11,1
36503,4,-4.780191847199163,78.75,10,1
36504,4,-4.780191847199163,90.0,9,2
36505,4,-4.780191847199163,101.25,4,1
36506,4,-4.780191847199163,112.5,8,1
36507,4,-4.780191847199163,123.75,8,2
36508,4,-4.780191847199163,135.0,7,4
36509,4,-4.780191847199163,146.25,3,1
36510,4,-4.780191847199163,157.5,16,2
36511,4,-4.780191847199163,168.75,10,3
36512,4,-4.780191847199163,-180.0,9,1
36513,4,-4.780191847199163,-168.75,8,2
36514,4,-4.780191847199163,-157.5,8,4
36515,4,-4.780191847199163,-146.25,6,3
36516,4,-4.780191847199163,-135.0,10,1
36517,4,-4.780191847199163,-123.75,7,0
36518,4,-4.780191847199163,-112.5,7,2
36519,4,-4.780191847199163,-101.25,8,0
36520,4,-4.780191847199163,-90.0,12,2
36521,4,-4.780191847199163,-78.75000000000006,8,1
36522,4,-4.780191847199163,-67.5,6,2
36523,4,-4.780191847199163,-56.25,6,0
36524,4,-4.780191847199163,-45.0,5,5
36525,4,-4.780191847199163,-33.75000000000006,9,2
36526,4,-4.780191847199163,-22.5,5,3
36527,4,-4.780191847199163,-11.25,4,3
36528,4,-9.594068226860458,5.625,12,0
36529,4,-9.594068226860458,16.875,9,1
36530,4,-9.594068226860458,28.125,10,0
36531,4,-9.594068226860458,39.375,9,0
36532,4,-9.594068226860458,50.625,7,0
36533,4,-9.594068226860458,61.875,10,0
36534,4,-9.594068226860458,73.125,9,0
36535,4,-9.594068226860458,84.375,7,0
36536,4,-9.594068226860458,95.625,8,0
36537,4,-9.594068226860458,106.875,8,0
36538,4,-9.594068226860458,118.125,6,0
36539,4,-9.594068226860458,129.375,10,0
36540,4,-9.594068226860458,140.625,6,0
36541,4,-9.594068226860458,151.875,9,0
36542,4,-9.594068226860458,163.125,11,0
36543,4,-9.594068226860458,174.375,14,0
36544,4,-9.594068226860458,-174.375,9,0
36545,4,-9.594068226860458,-163.125,7,0
36546,4,-9.594068226860458,-151.875,8,0
36547,4,-9.594068226860458,-140.625,9,1
36548,4,-9.594068226860458,-129.37500000000006,5,0
36549,4,-9.594068226860458,-118.125,5,0
36550,4,-9.594068226860458,-106.875,5,0
36551,4,-9.594068226860458,-95.625,5,0
36552,4,-9.594068226860458,-84.375,11,0
36553,4,-9.594068226860458,-73.12500000000006,9,0
36554,4,-9.594068226860458,-61.875,11,0
36555,4,-9.594068226860458,-50.625,6,0
36556,4,-9.594068226860458,-39.375,9,0
36557,4,-9.594068226860458,-28.125,10,0
36558,4,-9.594068226860458,-16.875,3,0
36559,4,-9.594068226860458,-5.625,2,0
36560,4,-14.477512185929925,0.0,8,0
36561,4,-14.477512185929925,11.25,14,0
36562,4,-14.477512185929925,22.5,8,0
36563,4,-14.477512185929925,33.75,10,0
36564,4,-14.477512185929925,45.0,16,0
36565,4,-14.477512185929925,56.25,7,0
36566,4,-14.477512185929925,67.5,13,0
36567,4,-14.477512185929925,78.75,10,0
36568,4,-14.477512185929925,90.0,9,0
36569,4,-14.477512185929925,101.25,9,0
36570,4,-14.477512185929925,112.5,6,0
36571,4,-14.477512185929925,123.75,6,0
36572,4,-14.477512185929925,135.0,11,0
36573,4,-14.477512185929925,146.25,2,0
36574,4,-14.477512185929925,157.5,9,0
36575,4,-14.477512185929925,168.75,9,0
36576,4,-14.477512185929925,-180.0,8,0
36577,4,-14.477512185929925,-168.75,6,0
36578,4,-14.477512185929925,-157.5,11,0
36579,4,-14.477512185929925,-146.25,6,0
36580,4,-14.477512185929925,-135.0,8,0
36581,4,-14.477512185929925,-123.75,4,0
36582,4,-14.477512185929925,-112.5,8,0
36583,4,-14.477512185929925,-101.25,9,0
36584,4,-14.477512185929925,-90.0,5,0
36585,4,-14.477512185929925,-78.75000000000006,7,0
36586,4,-14.477512185929925,-67.5,15,0
36587,4,-14.477512185929925,-56.25,5,0
36588,4,-14.477512185929925,-45.0,4,0
36589,4,-14.477512185929925,-33.75000000000006,7,1
36590,4,-14.477512185929925,-22.5,5,0
36591,4,-14.477512185929925,-11.25,8,0
36592,4,-19.47122063449069,5.625,6,0
36593,4,-19.47122063449069,16.875,8,0
36594,4,-19.47122063449069,28.125,3,0
36595,4,-19.47122063449069,39.375,11,0
36596,4,-19.47122063449069,50.625,10,0
36597,4,-19.47122063449069,61.875,6,0
36598,4,-19.47122063449069,73.125,9,0
36599,4,-19.47122063449069,84.375,11,0
36600,4,-19.47122063449069,95.625,8,0
36601,4,-19.47122063449069,106.875,6,0
36602,4,-19.47122063449069,118.125,11,0
36603,4,-19.47122063449069,129.375,10,0
36604,4,-19.47122063449069,140.625,6,0
36605,4,-19.47122063449069,151.875,7,0
36606,4,-19.47122063449069,163.125,6,0
36607,4,-19.47122063449069,174.375,11,0
36608,4,-19.47122063449069,-174.375,7,0
36609,4,-19.47122063449069,-163.125,12,0
36610,4,-19.47122063449069,-151.875,9,0
36611,4,-19.47122063449069,-140.625,6,0
36612,4,-19.47122063449069,-129.37500000000006,13,0
36613,4,-19.47122063449069,-118.125,7,0
36614,4,-19.47122063449069,-106.875,6,0
36615,4,-19.47122063449069,-95.625,4,0
36616,4,-19.47122063449069,-84.375,6,0
36617,4,-19.47122063449069,-73.12500000000006,6,0
36618,4,-19.47122063449069,-61.875,6,0
36619,4,-19.47122063449069,-50.625,6,0
36620,4,-19.47122063449069,-39.375,13,1
36621,4,-19.47122063449069,-28.125,8,0
36622,4,-19.47122063449069,-16.875,4,0
36623,4,-19.47122063449069,-5.625,11,0
36624,4,-24.62431835216408,0.0,7,0
36625,4,-24.62431835216408,11.25,3,0
36626,4,-24.62431835216408,22.5,7,1
36627,4,-24.62431835216408,33.75,8,0
36628,4,-24.62431835216408,45.0,9,0
36629,4,-24.62431835216408,56.25,3,0
36630,4,-24.62431835216408,67.5,6,0
36631,4,-24.62431835216408,78.75,8,0
36632,4,-24.62431835216408,90.0,8,0
36633,4,-24.62431835216408,101.25,5,0
36634,4,-24.62431835216408,112.5,8,0
36635,4,-24.62431835216408,123.75,5,0
36636,4,-24.62431835216408,135.0,9,0
36637,4,-24.62431835216408,146.25,4,0
36638,4,-24.62431835216408,157.5,10,0
36639,4,-24.62431835216408,168.75,9,0
36640,4,-24.62431835216408,-180.0,8,0
36641,4,-24.62431835216408,-168.75,12,0
36642,4,-24.62431835216408,-157.5,4,0
36643,4,-24.62431835216408,-146.25,8,0
36644,4,-24.62431835216408,-135.0,11,0
36645,4,-24.62431835216408,-123.75,14,0
36646,4,-24.62431835216408,-112.5,6,0
36647,4,-24.62431835216408,-101.25,5,0
36648,4,-24.62431835216408,-90.0,11,0
36649,4,-24.62431835216408,-78.75000000000006,9,0
36650,4,-24.62431835216408,-67.5,5,0
36651,4,-24.62431835216408,-56.25,8,1
36652,4,-24.62431835216408,-45.0,11,0
36653,4,-24.62431835216408,-33.75000000000006,12,0
36654,4,-24.62431835216408,-22.5,4,0
36655,4,-24.62431835216408,-11.25,3,0
36656,4,-30.000000000000014,5.625,7,0
36657,4,-30.000000000000014,16.875,8,0
36658,4,-30.000000000000014,28.125,11,0
36659,4,-30.000000000000014,39.375,6,0
36660,4,-30.000000000000014,50.625,6,0
36661,4,-30.000000000000014,61.875,5,0
36662,4,-30.000000000000014,73.125,8,0
36663,4,-30.000000000000014,84.375,10,0
36664,4,-30.000000000000014,95.625,4,0
36665,4,-30.000000000000014,106.875,6,0
36666,4,-30.000000000000014,118.125,2,0
36667,4,-30.000000000000014,129.375,3,0
36668,4,-30.000000000000014,140.625,8,0
36669,4,-30.000000000000014,151.875,5,0
36670,4,-30.000000000000014,163.125,10,0
36671,4,-30.000000000000014,174.375,6,0
36672,4,-30.000000000000014,-174.375,11,0
36673,4,-30.000000000000014,-163.125,10,0
36674,4,-30.000000000000014,-151.875,8,0
36675,4,-30.000000000000014,-140.625,7,0
36676,4,-30.000000000000014,-129.37500000000006,14,0
36677,4,-30.000000000000014,-118.125,10,0
36678,4,-30.000000000000014,-106.875,8,0
36679,4,-30.000000000000014,-95.625,15,0
36680,4,-30.000000000000014,-84.375,6,0
36681,4,-30.000000000000014,-73.12500000000006,12,0
36682,4,-30.000000000000014,-61.875,11,0
36683,4,-30.000000000000014,-50.625,9,0
36684,4,-30.000000000000014,-39.375,8,0
36685,4,-30.000000000000014,-28.125,11,0
36686,4,-30.000000000000014,-16.875,4,0
36687,4,-30.000000000000014,-5.625,1,0
36688,4,-35.68533471265205,0.0,5,0
36689,4,-35.68533471265205,11.25,8,0
36690,4,-35.68533471265205,22.5,10,0
36691,4,-35.68533471265205,33.75,7,0
36692,4,-35.68533471265205,45.0,7,0
36693,4,-35.68533471265205,56.25,4,0
36694,4,-35.68533471265205,67.5,9,0
36695,4,-35.68533471265205,78.75,14,0
36696,4,-35.68533471265205,90.0,8,0
36697,4,-35.68533471265205,101.25,9,0
36698,4,-35.68533471265205,112.5,10,0
36699,4,-35.68533471265205,123.75,6,0
36700,4,-35.68533471265205,135.0,2,0
36701,4,-35.68533471265205,146.25,8,0
36702,4,-35.68533471265205,157.5,6,0
36703,4,-35.68533471265205,168.75,8,0
36704,4,-35.68533471265205,-180.0,17,0
36705,4,-35.68533471265205,-168.75,4,0
36706,4,-35.68533471265205,-157.5,8,0
36707,4,-35.68533471265205,-146.25,8,0
36708,4,-35.68533471265205,-135.0,10,0
36709,4,-35.68533471265205,-123.75,14,0
36710,4,-35.68533471265205,-112.5,11,0
36711,4,-35.68533471265205,-101.25,8,0
36712,4,-35.68533471265205,-90.0,11,0
36713,4,-35.68533471265205,-78.75000000000006,8,0
36714,4,-35.68533471265205,-67.5,3,0
36715,4,-35.68533471265205,-56.25,4,0
36716,4,-35.68533471265205,-45.0,8,0
36717,4,-35.68533471265205,-33.75000000000006,4,0
36718,4,-35.68533471265205,-22.5,6,0
36719,4,-35.68533471265205,-11.25,4,0
36720,4,-41.81031489577862,5.625,7,0
36721,4,-41.81031489577862,16.875,6,0
36722,4,-41.81031489577862,28.125,10,0
36723,4,-41.81031489577862,39.375,3,0
36724,4,-41.81031489577862,50.625,12,0
36725,4,-41.81031489577862,61.875,7,0
36726,4,-41.81031489577862,73.125,9,0
36727,4,-41.81031489577862,84.375,7,0
36728,4,-41.81031489577862,95.625,7,0
36729,4,-41.81031489577862,106.875,7,0
36730,4,-41.81031489577862,118.125,13,0
36731,4,-41.81031489577862,129.375,12,0
36732,4,-41.81031489577862,140.625,7,0
36733,4,-41.81031489577862,151.875,12,0
36734,4,-41.81031489577862,163.125,11,0
36735,4,-41.81031489577862,174.375,9,0
36736,4,-41.81031489577862,-174.375,7,0
36737,4,-41.81031489577862,-163.125,9,0
36738,4,-41.81031489577862,-151.875,5,0
36739,4,-41.81031489577862,-140.625,11,0
36740,4,-41.81031489577862,-129.37500000000006,9,0
36741,4,-41.81031489577862,-118.125,9,0
36742,4,-41.81031489577862,-106.875,13,0
36743,4,-41.81031489577862,-95.625,14,0
36744,4,-41.81031489577862,-84.375,7,0
36745,4,-41.81031489577862,-73.12500000000006,10,0
36746,4,-41.81031489577862,-61.875,3,0
36747,4,-41.81031489577862,-50.625,5,0
36748,4,-41.81031489577862,-39.375,3,0
36749,4,-41.81031489577862,-28.125,5,0
36750,4,-41.81031489577862,-16.875,5,0
36751,4,-41.81031489577862,-5.625,0,0
36752,4,-48.1412077943603,6.428571428571416,7,0
36753,4,-48.1412077943603,19.285714285714278,8,0
36754,4,-48.1412077943603,32.14285714285714,9,0
36755,4,-48.1412077943603,45.0,7,0
36756,4,-48.1412077943603,57.85714285714286,7,0
36757,4,-48.1412077943603,70.71428571428572,4,0
36758,4,-48.1412077943603,83.57142857142856,6,0
36759,4,-48.1412077943603,96.42857142857144,6,0
36760,4,-48.1412077943603,109.28571428571428,11,0
36761,4,-48.1412077943603,122.14285714285711,10,0
36762,4,-48.1412077943603,135.0,9,0
36763,4,-48.1412077943603,147.8571428571429,18,0
36764,4,-48.1412077943603,160.71428571428572,8,0
36765,4,-48.1412077943603,173.57142857142856,4,0
36766,4,-48.1412077943603,-173.57142857142856,12,0
36767,4,-48.1412077943603,-160.71428571428572,4,1
36768,4,-48.1412077943603,-147.8571428571429,6,0
36769,4,-48.1412077943603,-135.0,7,0
36770,4,-48.1412077943603,-122.14285714285711,7,0
36771,4,-48.1412077943603,-109.28571428571428,10,0
36772,4,-48.1412077943603,-96.42857142857144,9,0
36773,4,-48.1412077943603,-83.57142857142856,5,0
36774,4,-48.1412077943603,-70.71428571428572,9,0
36775,4,-48.1412077943603,-57.85714285714283,6,0
36776,4,-48.1412077943603,-45.0,7,0
36777,4,-48.1412077943603,-32.14285714285717,10,0
36778,4,-48.1412077943603,-19.28571428571422,5,0
36779,4,-48.1412077943603,-6.428571428571445,7,0
36780,4,-54.340912303861245,7.5,5,0
36781,4,-54.340912303861245,22.5,5,0
36782,4,-54.340912303861245,37.5,9,0
36783,4,-54.340912303861245,52.5,3,0
36784,4,-54.340912303861245,67.5,9,0
36785,4,-54.340912303861245,82.5,8,0
36786,4,-54.340912303861245,97.5,9,0
36787,4,-54.340912303861245,112.5,7,0
36788,4,-54.340912303861245,127.5,9,0
36789,4,-54.340912303861245,142.5,9,0
36790,4,-54.340912303861245,157.5,13,0
36791,4,-54.340912303861245,172.5,8,0
36792,4,-54.340912303861245,-172.5,12,0
36793,4,-54.340912303861245,-157.5,3,0
36794,4,-54.340912303861245,-142.5,9,0
36795,4,-54.340912303861245,-127.5,11,0
36796,4,-54.340912303861245,-112.5,12,0
36797,4,-54.340912303861245,-97.5,10,0
36798,4,-54.340912303861245,-82.5,5,0
36799,4,-54.340912303861245,-67.5,10,0
36800,4,-54.340912303861245,-52.50000000000006,4,0
36801,4,-54.340912303861245,-37.5,5,0
36802,4,-54.340912303861245,-22.5,6,0
36803,4,-54.340912303861245,-7.5,8,0
36804,4,-60.4344388449523,9.0,7,0
36805,4,-60.4344388449523,27.0,7,0
36806,4,-60.4344388449523,45.0,7,0
36807,4,-60.4344388449523,63.0,8,0
36808,4,-60.4344388449523,81.0,8,0
36809,4,-60.4344388449523,99.0,8,0
36810,4,-60.4344388449523,117.0,4,0
36811,4,-60.4344388449523,135.0,6,0
36812,4,-60.4344388449523,153.0,8,0
36813,4,-60.4344388449523,171.0,10,0
36814,4,-60.4344388449523,-171.0,7,0
36815,4,-60.4344388449523,-153.0,11,0
36816,4,-60.4344388449523,-135.0,8,0
36817,4,-60.4344388449523,-117.0,7,0
36818,4,-60.4344388449523,-99.0,7,0
36819,4,-60.4344388449523,-81.0,3,0
36820,4,-60.4344388449523,-63.0,6,0
36821,4,-60.4344388449523,-45.0,15,1
36822,4,-60.4344388449523,-27.0,7,0
36823,4,-60.4344388449523,-9.0,9,0
36824,4,-66.44353569089876,11.25,7,0
36825,4,-66.44353569089876,33.75,5,0
36826,4,-66.44353569089876,56.25,7,0
36827,4,-66.44353569089876,78.75,6,0
36828,4,-66.44353569089876,101.25,6,0
36829,4,-66.44353569089876,123.75,6,0
36830,4,-66.44353569089876,146.25,11,0
36831,4,-66.44353569089876,168.75,8,0
36832,4,-66.44353569089876,-168.75,10,0
36833,4,-66.44353569089876,-146.25,9,0
36834,4,-66.44353569089876,-123.75,5,0
36835,4,-66.44353569089876,-101.25,7,0
36836,4,-66.44353569089876,-78.75,5,0
36837,4,-66.44353569089876,-56.25,10,0
36838,4,-66.44353569089876,-33.75,19,0
36839,4,-66.44353569089876,-11.25,12,0
36840,4,-72.38756092964962,15.0,7,0
36841,4,-72.38756092964962,45.0,2,0
36842,4,-72.38756092964962,75.0,6,0
36843,4,-72.38756092964962,105.0,7,0
36844,4,-72.38756092964962,135.0,5,0
36845,4,-72.38756092964962,165.0,11,0
36846,4,-72.38756092964962,-165.0,10,0
36847,4,-72.38756092964962,-135.0,8,0
36848,4,-72.38756092964962,-105.0,5,0
36849,4,-72.38756092964962,-75.0,4,0
36850,4,-72.38756092964962,-45.0,5,0
36851,4,-72.38756092964962,-15.0,10,0
36852,4,-78.28414760510762,22.5,7,0
36853,4,-78.28414760510762,67.5,5,0
36854,4,-78.28414760510762,112.5,5,0
36855,4,-78.28414760510762,157.5,9,0
36856,4,-78.28414760510762,-157.5,9,0
36857,4,-78.28414760510762,-112.5,7,0
36858,4,-78.28414760510762,-67.5,3,0
36859,4,-78.28414760510762,-22.5,4,0
36860,4,-84.14973293629666,45.0,8,0
36861,4,-84.14973293629666,135.0,6,0
36862,4,-84.14973293629666,-135.0,6,0
36863,4,-84.14973293629666,-45.0,7,0
36864,4,84.14973293629666,45.0,4,0
36865,4,84.14973293629666,135.0,6,0
36866,4,84.14973293629666,-135.0,5,0
36867,4,84.14973293629666,-45.0,5,0
36868,4,78.28414760510762,22.5,8,0
36869,4,78.28414760510762,67.5,5,0
36870,4,78.28414760510762,112.5,9,0
36871,4,78.28414760510762,157.5,6,0
36872,4,78.28414760510762,-157.5,5,0
36873,4,78.28414760510762,-112.5,4,0
36874,4,78.28414760510762,-67.5,5,0
36875,4,78.28414760510762,-22.5,10,0
36876,4,72.38756092964962,15.0,5,0
36877,4,72.38756092964962,45.0,8,0
36878,4,72.38756092964962,75.0,12,0
36879,4,72.38756092964962,105.0,12,0
36880,4,72.38756092964962,135.0,4,0
36881,4,72.38756092964962,165.0,4,0
36882,4,72.38756092964962,-165.0,6,0
36883,4,72.38756092964962,-135.0,13,0
36884,4,72.38756092964962,-105.0,5,0
36885,4,72.38756092964962,-75.0,6,0
36886,4,72.38756092964962,-45.0,12,0
36887,4,72.38756092964962,-15.0,8,0
36888,4,66.44353569089877,11.25,8,0
36889,4,66.44353569089877,33.75,10,0
36890,4,66.44353569089877,56.25,7,0
36891,4,66.44353569089877,78.75,8,0
36892,4,66.44353569089877,101.25,7,0
36893,4,66.44353569089877,123.75,7,0
36894,4,66.44353569089877,146.25,7,0
36895,4,66.44353569089877,168.75,4,0
36896,4,66.44353569089877,-168.75,13,0
36897,4,66.44353569089877,-146.25,8,0
36898,4,66.44353569089877,-123.75,11,0
36899,4,66.44353569089877,-101.25,11,0
36900,4,66.44353569089877,-78.75,4,0
36901,4,66.44353569089877,-56.25,11,0
36902,4,66.44353569089877,-33.75,12,0
36903,4,66.44353569089877,-11.25,9,0
36904,4,60.43443884495228,9.0,8,0
36905,4,60.43443884495228,27.0,6,0
36906,4,60.43443884495228,45.0,7,0
36907,4,60.43443884495228,63.0,4,0
36908,4,60.43443884495228,81.0,6,0
36909,4,60.43443884495228,99.0,4,0
36910,4,60.43443884495228,117.0,6,0
36911,4,60.43443884495228,135.0,12,0
36912,4,60.43443884495228,153.0,11,0
36913,4,60.43443884495228,171.0,8,0
36914,4,60.43443884495228,-171.0,12,0
36915,4,60.43443884495228,-153.0,5,0
36916,4,60.43443884495228,-135.0,10,0
36917,4,60.43443884495228,-117.0,9,0
36918,4,60.43443884495228,-99.0,11,0
36919,4,60.43443884495228,-81.0,7,0
36920,4,60.43443884495228,-63.0,7,0
36921,4,60.43443884495228,-45.0,14,0
36922,4,60.43443884495228,-27.0,12,0
36923,4,60.43443884495228,-9.0,12,0
36924,4,54.340912303861245,7.5,11,0
36925,4,54.340912303861245,22.5,5,0
36926,4,54.340912303861245,37.5,6,0
36927,4,54.340912303861245,52.5,7,0
36928,4,54.340912303861245,67.5,7,0
36929,4,54.340912303861245,82.5,9,0
36930,4,54.340912303861245,97.5,6,0
36931,4,54.340912303861245,112.5,8,0
36932,4,54.340912303861245,127.5,5,0
36933,4,54.340912303861245,142.5,7,0
36934,4,54.340912303861245,157.5,12,0
36935,4,54.340912303861245,172.5,11,0
36936,4,54.340912303861245,-172.5,6,0
36937,4,54.340912303861245,-157.5,5,0
36938,4,54.340912303861245,-142.5,5,0
36939,4,54.340912303861245,-127.5,6,0
36940,4,54.340912303861245,-112.5,4,0
36941,4,54.340912303861245,-97.5,14,0
36942,4,54.340912303861245,-82.5,6,0
36943,4,54.340912303861245,-67.5,10,0
36944,4,54.340912303861245,-52.50000000000006,8,0
36945,4,54.340912303861245,-37.5,13,0
36946,4,54.340912303861245,-22.5,10,0
36947,4,54.340912303861245,-7.5,10,0
36948,4,48.141207794360284,6.428571428571416,10,0
36949,4,48.141207794360284,19.285714285714278,8,0
36950,4,48.141207794360284,32.14285714285714,7,0
36951,4,48.141207794360284,45.0,8,0
36952,4,48.141207794360284,57.85714285714286,6,0
36953,4,48.141207794360284,70.71428571428572,11,0
36954,4,48.141207794360284,83.57142857142856,12,0
36955,4,48.141207794360284,96.42857142857144,7,0
36956,4,48.141207794360284,109.28571428571428,9,0
36957,4,48.141207794360284,122.14285714285711,11,0
36958,4,48.141207794360284,135.0,5,0
36959,4,48.141207794360284,147.8571428571429,7,0
36960,4,48.141207794360284,160.71428571428572,11,0
36961,4,48.141207794360284,173.57142857142856,5,0
36962,4,48.141207794360284,-173.57142857142856,7,0
36963,4,48.141207794360284,-160.71428571428572,6,0
36964,4,48.141207794360284,-147.8571428571429,7,0
36965,4,48.141207794360284,-135.0,14,0
36966,4,48.141207794360284,-122.14285714285711,7,0
36967,4,48.141207794360284,-109.28571428571428,8,0
36968,4,48.141207794360284,-96.42857142857144,10,0
36969,4,48.141207794360284,-83.57142857142856,5,0
36970,4,48.141207794360284,-70.71428571428572,9,0
36971,4,48.141207794360284,-57.85714285714283,4,0
36972,4,48.141207794360284,-45.0,7,0
36973,4,48.141207794360284,-32.14285714285717,8,0
36974,4,48.141207794360284,-19.28571428571422,8,0
36975,4,48.141207794360284,-6.428571428571445,12,0
36976,4,41.81031489577859,5.625,8,0
36977,4,41.81031489577859,16.875,10,0
36978,4,41.81031489577859,28.125,10,0
36979,4,41.81031489577859,39.375,6,0
36980,4,41.81031489577859,50.625,10,0
36981,4,41.81031489577859,61.875,8,0
36982,4,41.81031489577859,73.125,9,0
36983,4,41.81031489577859,84.375,8,0
36984,4,41.81031489577859,95.625,4,0
36985,4,41.81031489577859,106.875,10,0
36986,4,41.81031489577859,118.125,10,0
36987,4,41.81031489577859,129.375,11,0
36988,4,41.81031489577859,140.625,6,0
36989,4,41.81031489577859,151.875,7,0
36990,4,41.81031489577859,163.125,10,0
36991,4,41.81031489577859,174.375,3,0
36992,4,41.81031489577859,-174.375,9,0
36993,4,41.81031489577859,-163.125,10,0
36994,4,41.81031489577859,-151.875,6,0
36995,4,41.81031489577859,-140.625,14,0
36996,4,41.81031489577859,-129.37500000000006,14,0
36997,4,41.81031489577859,-118.125,6,0
36998,4,41.81031489577859,-106.875,7,0
36999,4,41.81031489577859,-95.625,7,0
37000,4,41.81031489577859,-84.375,9,0
37001,4,41.81031489577859,-73.12500000000006,4,0
37002,4,41.81031489577859,-61.875,5,0
37003,4,41.81031489577859,-50.625,10,0
37004,4,41.81031489577859,-39.375,6,0
37005,4,41.81031489577859,-28.125,7,0
37006,4,41.81031489577859,-16.875,5,0
37007,4,41.81031489577859,-5.625,10,0
37008,4,35.68533471265204,0.0,6,0
37009,4,35.68533471265204,11.25,8,0
37010,4,35.68533471265204,22.5,10,0
37011,4,35.68533471265204,33.75,5,0
37012,4,35.68533471265204,45.0,4,0
37013,4,35.68533471265204,56.25,9,0
37014,4,35.68533471265204,67.5,7,0
37015,4,35.68533471265204,78.75,10,0
37016,4,35.68533471265204,90.0,5,0
37017,4,35.68533471265204,101.25,6,0
37018,4,35.68533471265204,112.5,10,0
37019,4,35.68533471265204,123.75,9,0
37020,4,35.68533471265204,135.0,10,0
37021,4,35.68533471265204,146.25,6,0
37022,4,35.68533471265204,157.5,13,0
37023,4,35.68533471265204,168.75,12,0
37024,4,35.68533471265204,-180.0,5,0
37025,4,35.68533471265204,-168.75,8,0
37026,4,35.68533471265204,-157.5,9,0
37027,4,35.68533471265204,-146.25,8,0
37028,4,35.68533471265204,-135.0,12,0
37029,4,35.68533471265204,-123.75,8,0
37030,4,35.68533471265204,-112.5,9,0
37031,4,35.68533471265204,-101.25,8,0
37032,4,35.68533471265204,-90.0,5,0
37033,4,35.68533471265204,-78.75000000000006,4,0
37034,4,35.68533471265204,-67.5,4,0
37035,4,35.68533471265204,-56.25,9,0
37036,4,35.68533471265204,-45.0,7,0
37037,4,35.68533471265204,-33.75000000000006,11,0
37038,4,35.68533471265204,-22.5,13,0
37039,4,35.68533471265204,-11.25,8,0
37040,4,30.000000000000007,5.625,8,0
37041,4,30.000000000000007,16.875,7,0
37042,4,30.000000000000007,28.125,10,0
37043,4,30.000000000000007,39.375,8,0
37044,4,30.000000000000007,50.625,10,0
37045,4,30.000000000000007,61.875,10,0
37046,4,30.000000000000007,73.125,11,0
37047,4,30.000000000000007,84.375,8,0
37048,4,30.000000000000007,95.625,11,0
37049,4,30.000000000000007,106.875,8,0
37050,4,30.000000000000007,118.125,9,0
37051,4,30.000000000000007,129.375,9,0
37052,4,30.000000000000007,140.625,8,0
37053,4,30.000000000000007,151.875,5,0
37054,4,30.000000000000007,163.125,14,0
37055,4,30.000000000000007,174.375,8,0
37056,4,30.000000000000007,-174.375,7,0
37057,4,30.000000000000007,-163.125,7,0
37058,4,30.000000000000007,-151.875,10,0
37059,4,30.000000000000007,-140.625,12,0
37060,4,30.000000000000007,-129.37500000000006,8,0
37061,4,30.000000000000007,-118.125,8,0
37062,4,30.000000000000007,-106.875,7,0
37063,4,30.000000000000007,-95.625,15,0
37064,4,30.000000000000007,-84.375,10,0
37065,4,30.000000000000007,-73.12500000000006,0,0
37066,4,30.000000000000007,-61.875,6,0
37067,4,30.000000000000007,-50.625,8,0
37068,4,30.000000000000007,-39.375,6,0
37069,4,30.000000000000007,-28.125,10,0
37070,4,30.000000000000007,-16.875,11,0
37071,4,30.000000000000007,-5.625,7,0
37072,4,24.62431835216408,0.0,5,0
37073,4,24.62431835216408,11.25,3,0
37074,4,24.62431835216408,22.5,10,0
37075,4,24.62431835216408,33.75,10,0
37076,4,24.62431835216408,45.0,9,0
37077,4,24.62431835216408,56.25,12,0
37078,4,24.62431835216408,67.5,11,0
37079,4,24.62431835216408,78.75,10,0
37080,4,24.62431835216408,90.0,11,0
37081,4,24.62431835216408,101.25,11,0
37082,4,24.62431835216408,112.5,11,0
37083,4,24.62431835216408,123.75,9,0
37084,4,24.62431835216408,135.0,12,0
37085,4,24.62431835216408,146.25,5,0
37086,4,24.62431835216408,157.5,9,0
37087,4,24.62431835216408,168.75,5,0
37088,4,24.62431835216408,-180.0,7,0
37089,4,24.62431835216408,-168.75,5,0
37090,4,24.62431835216408,-157.5,5,0
37091,4,24.62431835216408,-146.25,6,0
37092,4,24.62431835216408,-135.0,11,0
37093,4,24.62431835216408,-123.75,13,0
37094,4,24.62431835216408,-112.5,8,0
37095,4,24.62431835216408,-101.25,13,0
37096,4,24.62431835216408,-90.0,7,0
37097,4,24.62431835216408,-78.75000000000006,5,0
37098,4,24.62431835216408,-67.5,8,0
37099,4,24.62431835216408,-56.25,9,0
37100,4,24.62431835216408,-45.0,5,0
37101,4,24.62431835216408,-33.75000000000006,4,0
37102,4,24.62431835216408,-22.5,10,0
37103,4,24.62431835216408,-11.25,5,0
37104,4,19.47122063449069,5.625,7,0
37105,4,19.47122063449069,16.875,10,0
37106,4,19.47122063449069,28.125,8,0
37107,4,19.47122063449069,39.375,2,0
37108,4,19.47122063449069,50.625,8,0
37109,4,19.47122063449069,61.875,12,0
37110,4,19.47122063449069,73.125,12,0
37111,4,19.47122063449069,84.375,9,0
37112,4,19.47122063449069,95.625,7,0
37113,4,19.47122063449069,106.875,9,0
37114,4,19.47122063449069,118.125,6,0
37115,4,19.47122063449069,129.375,18,0
37116,4,19.47122063449069,140.625,7,0
37117,4,19.47122063449069,151.875,9,0
37118,4,19.47122063449069,163.125,7,0
37119,4,19.47122063449069,174.375,7,0
37120,4,19.47122063449069,-174.375,4,0
37121,4,19.47122063449069,-163.125,8,0
37122,4,19.47122063449069,-151.875,6,0
37123,4,19.47122063449069,-140.625,8,0
37124,4,19.47122063449069,-129.37500000000006,7,0
37125,4,19.47122063449069,-118.125,6,0
37126,4,19.47122063449069,-106.875,5,0
37127,4,19.47122063449069,-95.625,7,0
37128,4,19.47122063449069,-84.375,2,0
37129,4,19.47122063449069,-73.12500000000006,9,0
37130,4,19.47122063449069,-61.875,5,0
37131,4,19.47122063449069,-50.625,6,0
37132,4,19.47122063449069,-39.375,6,0
37133,4,19.47122063449069,-28.125,7,0
37134,4,19.47122063449069,-16.875,6,0
37135,4,19.47122063449069,-5.625,7,0
37136,4,14.477512185929925,0.0,8,0
37137,4,14.477512185929925,11.25,8,0
37138,4,14.477512185929925,22.5,11,0
37139,4,14.477512185929925,33.75,5,0
37140,4,14.477512185929925,45.0,4,0
37141,4,14.477512185929925,56.25,12,0
37142,4,14.477512185929925,67.5,6,0
37143,4,14.477512185929925,78.75,9,0
37144,4,14.477512185929925,90.0,10,0
37145,4,14.477512185929925,101.25,6,0
37146,4,14.477512185929925,112.5,13,0
37147,4,14.477512185929925,123.75,6,0
37148,4,14.477512185929925,135.0,10,0
37149,4,14.477512185929925,146.25,8,0
37150,4,14.477512185929925,157.5,8,0
37151,4,14.477512185929925,168.75,9,0
37152,4,14.477512185929925,-180.0,3,0
37153,4,14.477512185929925,-168.75,5,0
37154,4,14.477512185929925,-157.5,11,0
37155,4,14.477512185929925,-146.25,7,0
37156,4,14.477512185929925,-135.0,5,0
37157,4,14.477512185929925,-123.75,3,0
37158,4,14.477512185929925,-112.5,5,0
37159,4,14.477512185929925,-101.25,6,0
37160,4,14.477512185929925,-90.0,13,0
37161,4,14.477512185929925,-78.75000000000006,10,0
37162,4,14.477512185929925,-67.5,6,0
37163,4,14.477512185929925,-56.25,6,0
37164,4,14.477512185929925,-45.0,13,0
37165,4,14.477512185929925,-33.75000000000006,6,0
37166,4,14.477512185929925,-22.5,6,0
37167,4,14.477512185929925,-11.25,5,0
37168,4,9.594068226860458,5.625,8,0
37169,4,9.594068226860458,16.875,10,0
37170,4,9.594068226860458,28.125,8,1
37171,4,9.594068226860458,39.375,4,0
37172,4,9.594068226860458,50.625,9,0
37173,4,9.594068226860458,61.875,7,1
37174,4,9.594068226860458,73.125,8,0
37175,4,9.594068226860458,84.375,3,0
37176,4,9.594068226860458,95.625,11,0
37177,4,9.594068226860458,106.875,8,0
37178,4,9.594068226860458,118.125,8,0
37179,4,9.594068226860458,129.375,9,0
37180,4,9.594068226860458,140.625,9,0
37181,4,9.594068226860458,151.875,7,0
37182,4,9.594068226860458,163.125,10,0
37183,4,9.594068226860458,174.375,7,0
37184,4,9.594068226860458,-174.375,9,1
37185,4,9.594068226860458,-163.125,9,0
37186,4,9.594068226860458,-151.875,4,0
37187,4,9.594068226860458,-140.625,4,0
37188,4,9.594068226860458,-129.37500000000006,6,0
37189,4,9.594068226860458,-118.125,3,0
37190,4,9.594068226860458,-106.875,14,0
37191,4,9.594068226860458,-95.625,10,0
37192,4,9.594068226860458,-84.375,14,1
37193,4,9.594068226860458,-73.12500000000006,10,0
37194,4,9.594068226860458,-61.875,6,1
37195,4,9.594068226860458,-50.625,7,0
37196,4,9.594068226860458,-39.375,8,0
37197,4,9.594068226860458,-28.125,8,0
37198,4,9.594068226860458,-16.875,8,0
37199,4,9.594068226860458,-5.625,5,0
37200,4,4.780191847199163,0.0,12,3
37201,4,4.780191847199163,11.25,8,2
37202,4,4.780191847199163,22.5,6,1
37203,4,4.780191847199163,33.75,5,4
37204,4,4.780191847199163,45.0,9,1
37205,4,4.780191847199163,56.25,7,1
37206,4,4.780191847199163,67.5,7,2
37207,4,4.780191847199163,78.75,5,1
37208,4,4.780191847199163,90.0,10,1
37209,4,4.780191847199163,101.25,8,0
37210,4,4.780191847199163,112.5,8,2
37211,4,4.780191847199163,123.75,9,0
37212,4,4.780191847199163,135.0,9,1
37213,4,4.780191847199163,146.25,10,2
37214,4,4.780191847199163,157.5,6,1
37215,4,4.780191847199163,168.75,8,2
37216,4,4.780191847199163,-180.0,7,4
37217,4,4.780191847199163,-168.75,9,1
37218,4,4.780191847199163,-157.5,9,0
37219,4,4.780191847199163,-146.25,1,0
37220,4,4.780191847199163,-135.0,3,0
37221,4,4.780191847199163,-123.75,10,3
37222,4,4.780191847199163,-112.5,8,3
37223,4,4.780191847199163,-101.25,10,0
37224,4,4.780191847199163,-90.0,7,1
37225,4,4.780191847199163,-78.75000000000006,11,2
37226,4,4.780191847199163,-67.5,10,0
37227,4,4.780191847199163,-56.25,8,2
37228,4,4.780191847199163,-45.0,4,2
37229,4,4.780191847199163,-33.75000000000006,9,2
37230,4,4.780191847199163,-22.5,8,3
37231,4,4.780191847199163,-11.25,11,0
37232,4,0.0,5.625,11,4
37233,4,0.0,16.875,5,5
37234,4,0.0,28.125,7,1
37235,4,0.0,39.375,8,4
37236,4,0.0,50.625,12,0
37237,4,0.0,61.875,9,5
37238,4,0.0,73.125,5,4
37239,4,0.0,84.375,6,2
37240,4,0.0,95.625,9,1
37241,4,0.0,106.875,10,1
37242,4,0.0,118.125,6,5
37243,4,0.0,129.375,10,3
37244,4,0.0,140.625,8,4
37245,4,0.0,151.875,5,1
37246,4,0.0,163.125,11,5
37247,4,0.0,174.375,6,2
37248,4,0.0,-174.375,10,4
37249,4,0.0,-163.125,5,5
37250,4,0.0,-151.875,4,2
37251,4,0.0,-140.625,6,4
37252,4,0.0,-129.37500000000006,10,3
37253,4,0.0,-118.125,7,1
37254,4,0.0,-106.875,7,4
37255,4,0.0,-95.625,8,2
37256,4,0.0,-84.375,10,5
37257,4,0.0,-73.12500000000006,4,2
37258,4,0.0,-61.875,3,4
37259,4,0.0,-50.625,3,4
37260,4,0.0,-39.375,7,5
37261,4,0.0,-28.125,10,2
37262,4,0.0,-16.875,8,8
37263,4,0.0,-5.625,7,2
37264,4,-4.780191847199163,0.0,7,2
37265,4,-4.780191847199163,11.25,7,3
37266,4,-4.780191847199163,22.5,10,0
37267,4,-4.780191847199163,33.75,9,3
37268,4,-4.780191847199163,45.0,11,0
37269,4,-4.780191847199163,56.25,7,2
37270,4,-4.780191847199163,67.5,11,1
37271,4,-4.780191847199163,78.75,10,1
37272,4,-4.780191847199163,90.0,9,2
37273,4,-4.780191847199163,101.25,4,1
37274,4,-4.780191847199163,112.5,8,1
37275,4,-4.780191847199163,123.75,8,2
37276,4,-4.780191847199163,135.0,7,4
37277,4,-4.780191847199163,146.25,3,1
37278,4,-4.780191847199163,157.5,16,2
37279,4,-4.780191847199163,168.75,10,3
37280,4,-4.780191847199163,-180.0,9,1
37281,4,-4.780191847199163,-168.75,8,2
37282,4,-4.780191847199163,-157.5,8,4
37283,4,-4.780191847199163,-146.25,6,3
37284,4,-4.780191847199163,-135.0,10,1
37285,4,-4.780191847199163,-123.75,7,0
37286,4,-4.780191847199163,-112.5,7,2
37287,4,-4.780191847199163,-101.25,8,0
37288,4,-4.780191847199163,-90.0,12,2
37289,4,-4.780191847199163,-78.75000000000006,8,1
37290,4,-4.780191847199163,-67.5,6,2
37291,4,-4.780191847199163,-56.25,6,0
37292,4,-4.780191847199163,-45.0,5,5
37293,4,-4.780191847199163,-33.75000000000006,9,2
37294,4,-4.780191847199163,-22.5,5,3
37295,4,-4.780191847199163,-11.25,4,3
37296,4,-9.594068226860458,5.625,12,0
37297,4,-9.594068226860458,16.875,9,1
37298,4,-9.594068226860458,28.125,10,0
37299,4,-9.594068226860458,39.375,9,0
37300,4,-9.594068226860458,50.625,7,0
37301,4,-9.594068226860458,61.875,10,0
37302,4,-9.594068226860458,73.125,9,0
37303,4,-9.594068226860458,84.375,7,0
37304,4,-9.594068226860458,95.625,8,0
37305,4,-9.594068226860458,106.875,8,0
37306,4,-9.594068226860458,118.125,6,0
37307,4,-9.594068226860458,129.375,10,0
37308,4,-9.594068226860458,140.625,6,0
37309,4,-9.594068226860458,151.875,9,0
37310,4,-9.594068226860458,163.125,11,0
37311,4,-9.594068226860458,174.375,14,0
37312,4,-9.594068226860458,-174.375,9,0
37313,4,-9.594068226860458,-163.125,7,0
37314,4,-9.594068226860458,-151.875,8,0
37315,4,-9.594068226860458,-140.625,9,1
37316,4,-9.594068226860458,-129.37500000000006,5,0
37317,4,-9.594068226860458,-118.125,5,0
37318,4,-9.594068226860458,-106.875,5,0
37319,4,-9.594068226860458,-95.625,5,0
37320,4,-9.594068226860458,-84.375,11,0
37321,4,-9.594068226860458,-73.12500000000006,9,0
37322,4,-9.594068226860458,-61.875,11,0
37323,4,-9.594068226860458,-50.625,6,0
37324,4,-9.594068226860458,-39.375,9,0
37325,4,-9.594068226860458,-28.125,10,0
37326,4,-9.594068226860458,-16.875,3,0
37327,4,-9.594068226860458,-5.625,2,0
37328,4,-14.477512185929925,0.0,8,0
37329,4,-14.477512185929925,11.25,14,0
37330,4,-14.477512185929925,22.5,8,0
37331,4,-14.477512185929925,33.75,10,0
37332,4,-14.477512185929925,45.0,16,0
37333,4,-14.477512185929925,56.25,7,0
37334,4,-14.477512185929925,67.5,13,0
37335,4,-14.477512185929925,78.75,10,0
37336,4,-14.477512185929925,90.0,9,0
37337,4,-14.477512185929925,101.25,9,0
37338,4,-14.477512185929925,112.5,6,0
37339,4,-14.477512185929925,123.75,6,0
37340,4,-14.477512185929925,135.0,11,0
37341,4,-14.477512185929925,146.25,2,0
37342,4,-14.477512185929925,157.5,9,0
37343,4,-14.477512185929925,168.75,9,0
37344,4,-14.477512185929925,-180.0,8,0
37345,4,-14.477512185929925,-168.75,6,0
37346,4,-14.477512185929925,-157.5,11,0
37347,4,-14.477512185929925,-146.25,6,0
37348,4,-14.477512185929925,-135.0,8,0
37349,4,-14.477512185929925,-123.75,4,0
37350,4,-14.477512185929925,-112.5,8,0
37351,4,-14.477512185929925,-101.25,9,0
37352,4,-14.477512185929925,-90.0,5,0
37353,4,-14.477512185929925,-78.75000000000006,7,0
37354,4,-14.477512185929925,-67.5,15,0
37355,4,-14.477512185929925,-56.25,5,0
37356,4,-14.477512185929925,-45.0,4,0
37357,4,-14.477512185929925,-33.75000000000006,7,1
37358,4,-14.477512185929925,-22.5,5,0
37359,4,-14.477512185929925,-11.25,8,0
37360,4,-19.47122063449069,5.625,6,0
37361,4,-19.47122063449069,16.875,8,0
37362,4,-19.47122063449069,28.125,3,0
37363,4,-19.47122063449069,39.375,11,0
37364,4,-19.47122063449069,50.625,10,0
37365,4,-19.47122063449069,61.875,6,0
37366,4,-19.47122063449069,73.125,9,0
37367,4,-19.47122063449069,84.375,11,0
37368,4,-19.47122063449069,95.625,8,0
37369,4,-19.47122063449069,106.875,6,0
37370,4,-19.47122063449069,118.125,11,0
37371,4,-19.47122063449069,129.375,10,0
37372,4,-19.47122063449069,140.625,6,0
37373,4,-19.47122063449069,151.875,7,0
37374,4,-19.47122063449069,163.125,6,0
37375,4,-19.47122063449069,174.375,11,0
37376,4,-19.47122063449069,-174.375,7,0
37377,4,-19.47122063449069,-163.125,12,0
37378,4,-19.47122063449069,-151.875,9,0
37379,4,-19.47122063449069,-140.625,6,0
37380,4,-19.47122063449069,-129.37500000000006,13,0
37381,4,-19.47122063449069,-118.125,7,0
37382,4,-19.47122063449069,-106.875,6,0
37383,4,-19.47122063449069,-95.625,4,0
37384,4,-19.47122063449069,-84.375,6,0
37385,4,-19.47122063449069,-73.12500000000006,6,0
37386,4,-19.47122063449069,-61.875,6,0
37387,4,-19.47122063449069,-50.625,6,0
37388,4,-19.47122063449069,-39.375,13,1
37389,4,-19.47122063449069,-28.125,8,0
37390,4,-19.47122063449069,-16.875,4,0
37391,4,-19.47122063449069,-5.625,11,0
37392,4,-24.62431835216408,0.0,7,0
37393,4,-24.62431835216408,11.25,3,0
37394,4,-24.62431835216408,22.5,7,1
37395,4,-24.62431835216408,33.75,8,0
37396,4,-24.62431835216408,45.0,9,0
37397,4,-24.62431835216408,56.25,3,0
37398,4,-24.62431835216408,67.5,6,0
37399,4,-24.62431835216408,78.75,8,0
37400,4,-24.62431835216408,90.0,8,0
37401,4,-24.62431835216408,101.25,5,0
37402,4,-24.62431835216408,112.5,8,0
37403,4,-24.62431835216408,123.75,5,0
37404,4,-24.62431835216408,135.0,9,0
37405,4,-24.62431835216408,146.25,4,0
37406,4,-24.62431835216408,157.5,10,0
37407,4,-24.62431835216408,168.75,9,0
37408,4,-24.62431835216408,-180.0,8,0
37409,4,-24.62431835216408,-168.75,12,0
37410,4,-24.62431835216408,-157.5,4,0
37411,4,-24.62431835216408,-146.25,8,0
37412,4,-24.62431835216408,-135.0,11,0
37413,4,-24.62431835216408,-123.75,14,0
37414,4,-24.62431835216408,-112.5,6,0
37415,4,-24.62431835216408,-101.25,5,0
37416,4,-24.62431835216408,-90.0,11,0
37417,4,-24.62431835216408,-78.75000000000006,9,0
37418,4,-24.62431835216408,-67.5,5,0
37419,4,-24.62431835216408,-56.25,8,1
37420,4,-24.62431835216408,-45.0,11,0
37421,4,-24.62431835216408,-33.75000000000006,12,0
37422,4,-24.62431835216408,-22.5,4,0
37423,4,-24.62431835216408,-11.25,3,0
37424,4,-30.000000000000014,5.625,7,0
37425,4,-30.000000000000014,16.875,8,0
37426,4,-30.000000000000014,28.125,11,0
37427,4,-30.000000000000014,39.375,6,0
37428,4,-30.000000000000014,50.625,6,0
37429,4,-30.000000000000014,61.875,5,0
37430,4,-30.000000000000014,73.125,8,0
37431,4,-30.000000000000014,84.375,10,0
37432,4,-30.000000000000014,95.625,4,0
37433,4,-30.000000000000014,106.875,6,0
37434,4,-30.000000000000014,118.125,2,0
37435,4,-30.000000000000014,129.375,3,0
37436,4,-30.000000000000014,140.625,8,0
37437,4,-30.000000000000014,151.875,5,0
37438,4,-30.000000000000014,163.125,10,0
37439,4,-30.000000000000014,174.375,6,0
37440,4,-30.000000000000014,-174.375,11,0
37441,4,-30.000000000000014,-163.125,10,0
37442,4,-30.000000000000014,-151.875,8,0
37443,4,-30.000000000000014,-140.625,7,0
37444,4,-30.000000000000014,-129.37500000000006,14,0
37445,4,-30.000000000000014,-118.125,10,0
37446,4,-30.000000000000014,-106.875,8,0
37447,4,-30.000000000000014,-95.625,15,0
37448,4,-30.000000000000014,-84.375,6,0
37449,4,-30.000000000000014,-73.12500000000006,12,0
37450,4,-30.000000000000014,-61.875,11,0
37451,4,-30.000000000000014,-50.625,9,0
37452,4,-30.000000000000014,-39.375,8,0
37453,4,-30.000000000000014,-28.125,11,0
37454,4,-30.000000000000014,-16.875,4,0
37455,4,-30.000000000000014,-5.625,1,0
37456,4,-35.68533471265205,0.0,5,0
37457,4,-35.68533471265205,11.25,8,0
37458,4,-35.68533471265205,22.5,10,0
37459,4,-35.68533471265205,33.75,7,0
37460,4,-35.68533471265205,45.0,7,0
37461,4,-35.68533471265205,56.25,4,0
37462,4,-35.68533471265205,67.5,9,0
37463,4,-35.68533471265205,78.75,14,0
37464,4,-35.68533471265205,90.0,8,0
37465,4,-35.68533471265205,101.25,9,0
37466,4,-35.68533471265205,112.5,10,0
37467,4,-35.68533471265205,123.75,6,0
37468,4,-35.68533471265205,135.0,2,0
37469,4,-35.68533471265205,146.25,8,0
37470,4,-35.68533471265205,157.5,6,0
37471,4,-35.68533471265205,168.75,8,0
37472,4,-35.68533471265205,-180.0,17,0
37473,4,-35.68533471265205,-168.75,4,0
37474,4,-35.68533471265205,-157.5,8,0
37475,4,-35.68533471265205,-146.25,8,0
37476,4,-35.68533471265205,-135.0,10,0
37477,4,-35.68533471265205,-123.75,14,0
37478,4,-35.68533471265205,-112.5,11,0
37479,4,-35.68533471265205,-101.25,8,0
37480,4,-35.68533471265205,-90.0,11,0
37481,4,-35.68533471265205,-78.75000000000006,8,0
37482,4,-35.68533471265205,-67.5,3,0
37483,4,-35.68533471265205,-56.25,4,0
37484,4,-35.68533471265205,-45.0,8,0
37485,4,-35.68533471265205,-33.75000000000006,4,0
37486,4,-35.68533471265205,-22.5,6,0
37487,4,-35.68533471265205,-11.25,4,0
37488,4,-41.81031489577862,5.625,7,0
37489,4,-41.81031489577862,16.875,6,0
37490,4,-41.81031489577862,28.125,10,0
37491,4,-41.81031489577862,39.375,3,0
37492,4,-41.81031489577862,50.625,12,0
37493,4,-41.81031489577862,61.875,7,0
37494,4,-41.81031489577862,73.125,9,0
37495,4,-41.81031489577862,84.375,7,0
37496,4,-41.81031489577862,95.625,7,0
37497,4,-41.81031489577862,106.875,7,0
37498,4,-41.81031489577862,118.125,13,0
37499,4,-41.81031489577862,129.375,12,0
37500,4,-41.81031489577862,140.625,7,0
37501,4,-41.81031489577862,151.875,12,0
37502,4,-41.81031489577862,163.125,11,0
37503,4,-41.81031489577862,174.375,9,0
37504,4,-41.81031489577862,-174.375,7,0
37505,4,-41.81031489577862,-163.125,9,0
37506,4,-41.81031489577862,-151.875,5,0
37507,4,-41.81031489577862,-140.625,11,0
37508,4,-41.81031489577862,-129.37500000000006,9,0
37509,4,-41.81031489577862,-118.125,9,0
37510,4,-41.81031489577862,-106.875,13,0
37511,4,-41.81031489577862,-95.625,14,0
37512,4,-41.81031489577862,-84.375,7,0
37513,4,-41.81031489577862,-73.12500000000006,10,0
37514,4,-41.81031489577862,-61.875,3,0
37515,4,-41.81031489577862,-50.625,5,0
37516,4,-41.81031489577862,-39.375,3,0
37517,4,-41.81031489577862,-28.125,5,0
37518,4,-41.81031489577862,-16.875,5,0
37519,4,-41.81031489577862,-5.625,0,0
37520,4,-48.1412077943603,6.428571428571416,7,0
37521,4,-48.1412077943603,19.285714285714278,8,0
37522,4,-48.1412077943603,32.14285714285714,9,0
37523,4,-48.1412077943603,45.0,7,0
37524,4,-48.1412077943603,57.85714285714286,7,0
37525,4,-48.1412077943603,70.71428571428572,4,0
37526,4,-48.1412077943603,83.57142857142856,6,0
37527,4,-48.1412077943603,96.42857142857144,6,0
37528,4,-48.1412077943603,109.28571428571428,11,0
37529,4,-48.1412077943603,122.14285714285711,10,0
37530,4,-48.1412077943603,135.0,9,0
37531,4,-48.1412077943603,147.8571428571429,18,0
37532,4,-48.1412077943603,160.71428571428572,8,0
37533,4,-48.1412077943603,173.57142857142856,4,0
37534,4,-48.1412077943603,-173.57142857142856,12,0
37535,4,-48.1412077943603,-160.71428571428572,4,1
37536,4,-48.1412077943603,-147.8571428571429,6,0
37537,4,-48.1412077943603,-135.0,7,0
37538,4,-48.1412077943603,-122.14285714285711,7,0
37539,4,-48.1412077943603,-109.28571428571428,10,0
37540,4,-48.1412077943603,-96.42857142857144,9,0
37541,4,-48.1412077943603,-83.57142857142856,5,0
37542,4,-48.1412077943603,-70.71428571428572,9,0
37543,4,-48.1412077943603,-57.85714285714283,6,0
37544,4,-48.1412077943603,-45.0,7,0
37545,4,-48.1412077943603,-32.14285714285717,10,0
37546,4,-48.1412077943603,-19.28571428571422,5,0
37547,4,-48.1412077943603,-6.428571428571445,7,0
37548,4,-54.340912303861245,7.5,5,0
37549,4,-54.340912303861245,22.5,5,0
37550,4,-54.340912303861245,37.5,9,0
37551,4,-54.340912303861245,52.5,3,0
37552,4,-54.340912303861245,67.5,9,0
37553,4,-54.340912303861245,82.5,8,0
37554,4,-54.340912303861245,97.5,9,0
37555,4,-54.340912303861245,112.5,7,0
37556,4,-54.340912303861245,127.5,9,0
37557,4,-54.340912303861245,142.5,9,0
37558,4,-54.340912303861245,157.5,13,0
37559,4,-54.340912303861245,172.5,8,0
37560,4,-54.340912303861245,-172.5,12,0
37561,4,-54.340912303861245,-157.5,3,0
37562,4,-54.340912303861245,-142.5,9,0
37563,4,-54.340912303861245,-127.5,11,0
37564,4,-54.340912303861245,-112.5,12,0
37565,4,-54.340912303861245,-97.5,10,0
37566,4,-54.340912303861245,-82.5,5,0
37567,4,-54.340912303861245,-67.5,10,0
37568,4,-54.340912303861245,-52.50000000000006,4,0
37569,4,-54.340912303861245,-37.5,5,0
37570,4,-54.340912303861245,-22.5,6,0
37571,4,-54.340912303861245,-7.5,8,0
37572,4,-60.4344388449523,9.0,7,0
37573,4,-60.4344388449523,27.0,7,0
37574,4,-60.4344388449523,45.0,7,0
37575,4,-60.4344388449523,63.0,8,0
37576,4,-60.4344388449523,81.0,8,0
37577,4,-60.4344388449523,99.0,8,0
37578,4,-60.4344388449523,117.0,4,0
37579,4,-60.4344388449523,135.0,6,0
37580,4,-60.4344388449523,153.0,8,0
37581,4,-60.4344388449523,171.0,10,0
37582,4,-60.4344388449523,-171.0,7,0
37583,4,-60.4344388449523,-153.0,11,0
37584,4,-60.4344388449523,-135.0,8,0
37585,4,-60.4344388449523,-117.0,7,0
37586,4,-60.4344388449523,-99.0,7,0
37587,4,-60.4344388449523,-81.0,3,0
37588,4,-60.4344388449523,-63.0,6,0
37589,4,-60.4344388449523,-45.0,15,1
37590,4,-60.4344388449523,-27.0,7,0
37591,4,-60.4344388449523,-9.0,9,0
37592,4,-66.44353569089876,11.25,7,0
37593,4,-66.44353569089876,33.75,5,0
37594,4,-66.44353569089876,56.25,7,0
37595,4,-66.44353569089876,78.75,6,0
37596,4,-66.44353569089876,101.25,6,0
37597,4,-66.44353569089876,123.75,6,0
37598,4,-66.44353569089876,146.25,11,0
37599,4,-66.44353569089876,168.75,8,0
37600,4,-66.44353569089876,-168.75,10,0
37601,4,-66.44353569089876,-146.25,9,0
37602,4,-66.44353569089876,-123.75,5,0
37603,4,-66.44353569089876,-101.25,7,0
37604,4,-66.44353569089876,-78.75,5,0
37605,4,-66.44353569089876,-56.25,10,0
37606,4,-66.44353569089876,-33.75,19,0
37607,4,-66.44353569089876,-11.25,12,0
37608,4,-72.38756092964962,15.0,7,0
37609,4,-72.38756092964962,45.0,2,0
37610,4,-72.38756092964962,75.0,6,0
37611,4,-72.38756092964962,105.0,7,0
37612,4,-72.38756092964962,135.0,5,0
37613,4,-72.38756092964962,165.0,11,0
37614,4,-72.38756092964962,-165.0,10,0
37615,4,-72.38756092964962,-135.0,8,0
37616,4,-72.38756092964962,-105.0,5,0
37617,4,-72.38756092964962,-75.0,4,0
37618,4,-72.38756092964962,-45.0,5,0
37619,4,-72.38756092964962,-15.0,10,0
37620,4,-78.28414760510762,22.5,7,0
37621,4,-78.28414760510762,67.5,5,0
37622,4,-78.28414760510762,112.5,5,0
37623,4,-78.28414760510762,157.5,9,0
37624,4,-78.28414760510762,-157.5,9,0
37625,4,-78.28414760510762,-112.5,7,0
37626,4,-78.28414760510762,-67.5,3,0
37627,4,-78.28414760510762,-22.5,4,0
37628,4,-84.14973293629666,45.0,8,0
37629,4,-84.14973293629666,135.0,6,0
37630,4,-84.14973293629666,-135.0,6,0
37631,4,-84.14973293629666,-45.0,7,0
37632,4,84.14973293629666,45.0,4,0
37633,4,84.14973293629666,135.0,6,0
37634,4,84.14973293629666,-135.0,5,0
37635,4,84.14973293629666,-45.0,5,0
37636,4,78.28414760510762,22.5,8,0
37637,4,78.28414760510762,67.5,5,0
37638,4,78.28414760510762,112.5,9,0
37639,4,78.28414760510762,157.5,6,0
37640,4,78.28414760510762,-157.5,5,0
37641,4,78.28414760510762,-112.5,4,0
37642,4,78.28414760510762,-67.5,5,0
37643,4,78.28414760510762,-22.5,10,0
37644,4,72.38756092964962,15.0,5,0
37645,4,72.38756092964962,45.0,8,0
37646,4,72.38756092964962,75.0,12,0
37647,4,72.38756092964962,105.0,12,0
37648,4,72.38756092964962,135.0,4,0
37649,4,72.38756092964962,165.0,4,0
37650,4,72.38756092964962,-165.0,6,0
37651,4,72.38756092964962,-135.0,13,0
37652,4,72.38756092964962,-105.0,5,0
37653,4,72.38756092964962,-75.0,6,0
37654,4,72.38756092964962,-45.0,12,0
37655,4,72.38756092964962,-15.0,8,0
37656,4,66.44353569089877,11.25,8,0
37657,4,66.44353569089877,33.75,10,0
37658,4,66.44353569089877,56.25,7,0
37659,4,66.44353569089877,78.75,8,0
37660,4,66.44353569089877,101.25,7,0
37661,4,66.44353569089877,123.75,7,0
37662,4,66.44353569089877,146.25,7,0
37663,4,66.44353569089877,168.75,4,0
37664,4,66.44353569089877,-168.75,13,0
37665,4,66.44353569089877,-146.25,8,0
37666,4,66.44353569089877,-123.75,11,0
37667,4,66.44353569089877,-101.25,11,0
37668,4,66.44353569089877,-78.75,4,0
37669,4,66.44353569089877,-56.25,11,0
37670,4,66.44353569089877,-33.75,12,0
37671,4,66.44353569089877,-11.25,9,0
37672,4,60.43443884495228,9.0,8,0
37673,4,60.43443884495228,27.0,6,0
37674,4,60.43443884495228,45.0,7,0
37675,4,60.43443884495228,63.0,4,0
37676,4,60.43443884495228,81.0,6,0
37677,4,60.43443884495228,99.0,4,0
37678,4,60.43443884495228,117.0,6,0
37679,4,60.43443884495228,135.0,12,0
37680,4,60.43443884495228,153.0,11,0
37681,4,60.43443884495228,171.0,8,0
37682,4,60.43443884495228,-171.0,12,0
37683,4,60.43443884495228,-153.0,5,0
37684,4,60.43443884495228,-135.0,10,0
37685,4,60.43443884495228,-117.0,9,0
37686,4,60.43443884495228,-99.0,11,0
37687,4,60.43443884495228,-81.0,7,0
37688,4,60.43443884495228,-63.0,7,0
37689,4,60.43443884495228,-45.0,14,0
37690,4,60.43443884495228,-27.0,12,0
37691,4,60.43443884495228,-9.0,12,0
37692,4,54.340912303861245,7.5,11,0
37693,4,54.340912303861245,22.5,5,0
37694,4,54.340912303861245,37.5,6,0
37695,4,54.340912303861245,52.5,7,0
37696,4,54.340912303861245,67.5,7,0
37697,4,54.340912303861245,82.5,9,0
37698,4,54.340912303861245,97.5,6,0
37699,4,54.340912303861245,112.5,8,0
37700,4,54.340912303861245,127.5,5,0
37701,4,54.340912303861245,142.5,7,0
37702,4,54.340912303861245,157.5,12,0
37703,4,54.340912303861245,172.5,11,0
37704,4,54.340912303861245,-172.5,6,0
37705,4,54.340912303861245,-157.5,5,0
37706,4,54.340912303861245,-142.5,5,0
37707,4,54.340912303861245,-127.5,6,0
37708,4,54.340912303861245,-112.5,4,0
37709,4,54.340912303861245,-97.5,14,0
37710,4,54.340912303861245,-82.5,6,0
37711,4,54.340912303861245,-67.5,10,0
37712,4,54.340912303861245,-52.50000000000006,8,0
37713,4,54.340912303861245,-37.5,13,0
37714,4,54.340912303861245,-22.5,10,0
37715,4,54.340912303861245,-7.5,10,0
37716,4,48.141207794360284,6.428571428571416,10,0
37717,4,48.141207794360284,19.285714285714278,8,0
37718,4,48.141207794360284,32.14285714285714,7,0
37719,4,48.141207794360284,45.0,8,0
37720,4,48.141207794360284,57.85714285714286,6,0
37721,4,48.141207794360284,70.71428571428572,11,0
37722,4,48.141207794360284,83.57142857142856,12,0
37723,4,48.141207794360284,96.42857142857144,7,0
37724,4,48.141207794360284,109.28571428571428,9,0
37725,4,48.141207794360284,122.14285714285711,11,0
37726,4,48.141207794360284,135.0,5,0
37727,4,48.141207794360284,147.8571428571429,7,0
37728,4,48.141207794360284,160.71428571428572,11,0
37729,4,48.141207794360284,173.57142857142856,5,0
37730,4,48.141207794360284,-173.57142857142856,7,0
37731,4,48.141207794360284,-160.71428571428572,6,0
37732,4,48.141207794360284,-147.8571428571429,7,0
37733,4,48.141207794360284,-135.0,14,0
37734,4,48.141207794360284,-122.14285714285711,7,0
37735,4,48.141207794360284,-109.28571428571428,8,0
37736,4,48.141207794360284,-96.42857142857144,10,0
37737,4,48.141207794360284,-83.57142857142856,5,0
37738,4,48.141207794360284,-70.71428571428572,9,0
37739,4,48.141207794360284,-57.85714285714283,4,0
37740,4,48.141207794360284,-45.0,7,0
37741,4,48.141207794360284,-32.14285714285717,8,0
37742,4,48.141207794360284,-19.28571428571422,8,0
37743,4,48.141207794360284,-6.428571428571445,12,0
37744,4,41.81031489577859,5.625,8,0
37745,4,41.81031489577859,16.875,10,0
37746,4,41.81031489577859,28.125,10,0
37747,4,41.81031489577859,39.375,6,0
37748,4,41.81031489577859,50.625,10,0
37749,4,41.81031489577859,61.875,8,0
37750,4,41.81031489577859,73.125,9,0
37751,4,41.81031489577859,84.375,8,0
37752,4,41.81031489577859,95.625,4,0
37753,4,41.81031489577859,106.875,10,0
37754,4,41.81031489577859,118.125,10,0
37755,4,41.81031489577859,129.375,11,0
37756,4,41.81031489577859,140.625,6,0
37757,4,41.81031489577859,151.875,7,0
37758,4,41.81031489577859,163.125,10,0
37759,4,41.81031489577859,174.375,3,0
37760,4,41.81031489577859,-174.375,9,0
37761,4,41.81031489577859,-163.125,10,0
37762,4,41.81031489577859,-151.875,6,0
37763,4,41.81031489577859,-140.625,14,0
37764,4,41.81031489577859,-129.37500000000006,14,0
37765,4,41.81031489577859,-118.125,6,0
37766,4,41.81031489577859,-106.875,7,0
37767,4,41.81031489577859,-95.625,7,0
37768,4,41.81031489577859,-84.375,9,0
37769,4,41.81031489577859,-73.12500000000006,4,0
37770,4,41.81031489577859,-61.875,5,0
37771,4,41.81031489577859,-50.625,10,0
37772,4,41.81031489577859,-39.375,6,0
37773,4,41.81031489577859,-28.125,7,0
37774,4,41.81031489577859,-16.875,5,0
37775,4,41.81031489577859,-5.625,10,0
37776,4,35.68533471265204,0.0,6,0
37777,4,35.68533471265204,11.25,8,0
37778,4,35.68533471265204,22.5,10,0
37779,4,35.68533471265204,33.75,5,0
37780,4,35.68533471265204,45.0,4,0
37781,4,35.68533471265204,56.25,9,0
37782,4,35.68533471265204,67.5,7,0
37783,4,35.68533471265204,78.75,10,0
37784,4,35.68533471265204,90.0,5,0
37785,4,35.68533471265204,101.25,6,0
37786,4,35.68533471265204,112.5,10,0
37787,4,35.68533471265204,123.75,9,0
37788,4,35.68533471265204,135.0,10,0
37789,4,35.68533471265204,146.25,6,0
37790,4,35.68533471265204,157.5,13,0
37791,4,35.68533471265204,168.75,12,0
37792,4,35.68533471265204,-180.0,5,0
37793,4,35.68533471265204,-168.75,8,0
37794,4,35.68533471265204,-157.5,9,0
37795,4,35.68533471265204,-146.25,8,0
37796,4,35.68533471265204,-135.0,12,0
37797,4,35.68533471265204,-123.75,8,0
37798,4,35.68533471265204,-112.5,9,0
37799,4,35.68533471265204,-101.25,8,0
37800,4,35.68533471265204,-90.0,5,0
37801,4,35.68533471265204,-78.75000000000006,4,0
37802,4,35.68533471265204,-67.5,4,0
37803,4,35.68533471265204,-56.25,9,0
37804,4,35.68533471265204,-45.0,7,0
37805,4,35.68533471265204,-33.75000000000006,11,0
37806,4,35.68533471265204,-22.5,13,0
37807,4,35.68533471265204,-11.25,8,0
37808,4,30.000000000000007,5.625,8,0
37809,4,30.000000000000007,16.875,7,0
37810,4,30.000000000000007,28.125,10,0
37811,4,30.000000000000007,39.375,8,0
37812,4,30.000000000000007,50.625,10,0
37813,4,30.000000000000007,61.875,10,0
37814,4,30.000000000000007,73.125,11,0
37815,4,30.000000000000007,84.375,8,0
37816,4,30.000000000000007,95.625,11,0
37817,4,30.000000000000007,106.875,8,0
37818,4,30.000000000000007,118.125,9,0
37819,4,30.000000000000007,129.375,9,0
37820,4,30.000000000000007,140.625,8,0
37821,4,30.000000000000007,151.875,5,0
37822,4,30.000000000000007,163.125,14,0
37823,4,30.000000000000007,174.375,8,0
37824,4,30.000000000000007,-174.375,7,0
37825,4,30.000000000000007,-163.125,7,0
37826,4,30.000000000000007,-151.875,10,0
37827,4,30.000000000000007,-140.625,12,0
37828,4,30.000000000000007,-129.37500000000006,8,0
37829,4,30.000000000000007,-118.125,8,0
37830,4,30.000000000000007,-106.875,7,0
37831,4,30.000000000000007,-95.625,15,0
37832,4,30.000000000000007,-84.375,10,0
37833,4,30.000000000000007,-73.12500000000006,0,0
37834,4,30.000000000000007,-61.875,6,0
37835,4,30.000000000000007,-50.625,8,0
37836,4,30.000000000000007,-39.375,6,0
37837,4,30.000000000000007,-28.125,10,0
37838,4,30.000000000000007,-16.875,11,0
37839,4,30.000000000000007,-5.625,7,0
37840,4,24.62431835216408,0.0,5,0
37841,4,24.62431835216408,11.25,3,0
37842,4,24.62431835216408,22.5,10,0
37843,4,24.62431835216408,33.75,10,0
37844,4,24.62431835216408,45.0,9,0
37845,4,24.62431835216408,56.25,12,0
37846,4,24.62431835216408,67.5,11,0
37847,4,24.62431835216408,78.75,10,0
37848,4,24.62431835216408,90.0,11,0
37849,4,24.62431835216408,101.25,11,0
37850,4,24.62431835216408,112.5,11,0
37851,4,24.62431835216408,123.75,9,0
37852,4,24.62431835216408,135.0,12,0
37853,4,24.62431835216408,146.25,5,0
37854,4,24.62431835216408,157.5,9,0
37855,4,24.62431835216408,168.75,5,0
37856,4,24.62431835216408,-180.0,7,0
37857,4,24.62431835216408,-168.75,5,0
37858,4,24.62431835216408,-157.5,5,0
37859,4,24.62431835216408,-146.25,6,0
37860,4,24.62431835216408,-135.0,11,0
37861,4,24.62431835216408,-123.75,13,0
37862,4,24.62431835216408,-112.5,8,0
37863,4,24.62431835216408,-101.25,13,0
37864,4,24.62431835216408,-90.0,7,0
37865,4,24.62431835216408,-78.75000000000006,5,0
37866,4,24.62431835216408,-67.5,8,0
37867,4,24.62431835216408,-56.25,9,0
37868,4,24.62431835216408,-45.0,5,0
37869,4,24.62431835216408,-33.75000000000006,4,0
37870,4,24.62431835216408,-22.5,10,0
37871,4,24.62431835216408,-11.25,5,0
37872,4,19.47122063449069,5.625,7,0
37873,4,19.47122063449069,16.875,10,0
37874,4,19.47122063449069,28.125,8,0
37875,4,19.47122063449069,39.375,2,0
37876,4,19.47122063449069,50.625,8,0
37877,4,19.47122063449069,61.875,12,0
37878,4,19.47122063449069,73.125,12,0
37879,4,19.47122063449069,84.375,9,0
37880,4,19.47122063449069,95.625,7,0
37881,4,19.47122063449069,106.875,9,0
37882,4,19.47122063449069,118.125,6,0
37883,4,19.47122063449069,129.375,18,0
37884,4,19.47122063449069,140.625,7,0
37885,4,19.47122063449069,151.875,9,0
37886,4,19.47122063449069,163.125,7,0
37887,4,19.47122063449069,174.375,7,0
37888,4,19.47122063449069,-174.375,4,0
37889,4,19.47122063449069,-163.125,8,0
37890,4,19.47122063449069,-151.875,6,0
37891,4,19.47122063449069,-140.625,8,0
37892,4,19.47122063449069,-129.37500000000006,7,0
37893,4,19.47122063449069,-118.125,6,0
37894,4,19.47122063449069,-106.875,5,0
37895,4,19.47122063449069,-95.625,7,0
37896,4,19.47122063449069,-84.375,2,0
37897,4,19.47122063449069,-73.12500000000006,9,0
37898,4,19.47122063449069,-61.875,5,0
37899,4,19.47122063449069,-50.625,6,0
37900,4,19.47122063449069,-39.375,6,0
37901,4,19.47122063449069,-28.125,7,0
37902,4,19.47122063449069,-16.875,6,0
37903,4,19.47122063449069,-5.625,7,0
37904,4,14.477512185929925,0.0,8,0
37905,4,14.477512185929925,11.25,8,0
37906,4,14.477512185929925,22.5,11,0
37907,4,14.477512185929925,33.75,5,0
37908,4,14.477512185929925,45.0,4,0
37909,4,14.477512185929925,56.25,12,0
37910,4,14.477512185929925,67.5,6,0
37911,4,14.477512185929925,78.75,9,0
37912,4,14.477512185929925,90.0,10,0
37913,4,14.477512185929925,101.25,6,0
37914,4,14.477512185929925,112.5,13,0
37915,4,14.477512185929925,123.75,6,0
37916,4,14.477512185929925,135.0,10,0
37917,4,14.477512185929925,146.25,8,0
37918,4,14.477512185929925,157.5,8,0
37919,4,14.477512185929925,168.75,9,0
37920,4,14.477512185929925,-180.0,3,0
37921,4,14.477512185929925,-168.75,5,0
37922,4,14.477512185929925,-157.5,11,0
37923,4,14.477512185929925,-146.25,7,0
37924,4,14.477512185929925,-135.0,5,0
37925,4,14.477512185929925,-123.75,3,0
37926,4,14.477512185929925,-112.5,5,0
37927,4,14.477512185929925,-101.25,6,0
37928,4,14.477512185929925,-90.0,13,0
37929,4,14.477512185929925,-78.75000000000006,10,0
37930,4,14.477512185929925,-67.5,6,0
37931,4,14.477512185929925,-56.25,6,0
37932,4,14.477512185929925,-45.0,13,0
37933,4,14.477512185929925,-33.75000000000006,6,0
37934,4,14.477512185929925,-22.5,6,0
37935,4,14.477512185929925,-11.25,5,0
37936,4,9.594068226860458,5.625,8,0
37937,4,9.594068226860458,16.875,10,0
37938,4,9.594068226860458,28.125,8,1
37939,4,9.594068226860458,39.375,4,0
37940,4,9.594068226860458,50.625,9,0
37941,4,9.594068226860458,61.875,7,1
37942,4,9.594068226860458,73.125,8,0
37943,4,9.594068226860458,84.375,3,0
37944,4,9.594068226860458,95.625,11,0
37945,4,9.594068226860458,106.875,8,0
37946,4,9.594068226860458,118.125,8,0
37947,4,9.594068226860458,129.375,9,0
37948,4,9.594068226860458,140.625,9,0
37949,4,9.594068226860458,151.875,7,0
37950,4,9.594068226860458,163.125,10,0
37951,4,9.594068226860458,174.375,7,0
37952,4,9.594068226860458,-174.375,9,1
37953,4,9.594068226860458,-163.125,9,0
37954,4,9.594068226860458,-151.875,4,0
37955,4,9.594068226860458,-140.625,4,0
37956,4,9.594068226860458,-129.37500000000006,6,0
37957,4,9.594068226860458,-118.125,3,0
37958,4,9.594068226860458,-106.875,14,0
37959,4,9.594068226860458,-95.625,10,0
37960,4,9.594068226860458,-84.375,14,1
37961,4,9.594068226860458,-73.12500000000006,10,0
37962,4,9.594068226860458,-61.875,6,1
37963,4,9.594068226860458,-50.625,7,0
37964,4,9.594068226860458,-39.375,8,0
37965,4,9.594068226860458,-28.125,8,0
37966,4,9.594068226860458,-16.875,8,0
37967,4,9.594068226860458,-5.625,5,0
37968,4,4.780191847199163,0.0,12,3
37969,4,4.780191847199163,11.25,8,2
37970,4,4.780191847199163,22.5,6,1
37971,4,4.780191847199163,33.75,5,4
37972,4,4.780191847199163,45.0,9,1
37973,4,4.780191847199163,56.25,7,1
37974,4,4.780191847199163,67.5,7,2
37975,4,4.780191847199163,78.75,5,1
37976,4,4.780191847199163,90.0,10,1
37977,4,4.780191847199163,101.25,8,0
37978,4,4.780191847199163,112.5,8,2
37979,4,4.780191847199163,123.75,9,0
37980,4,4.780191847199163,135.0,9,1
37981,4,4.780191847199163,146.25,10,2
37982,4,4.780191847199163,157.5,6,1
37983,4,4.780191847199163,168.75,8,2
37984,4,4.780191847199163,-180.0,7,4
37985,4,4.780191847199163,-168.75,9,1
37986,4,4.780191847199163,-157.5,9,0
37987,4,4.780191847199163,-146.25,1,0
37988,4,4.780191847199163,-135.0,3,0
37989,4,4.780191847199163,-123.75,10,3
37990,4,4.780191847199163,-112.5,8,3
37991,4,4.780191847199163,-101.25,10,0
37992,4,4.780191847199163,-90.0,7,1
37993,4,4.780191847199163,-78.75000000000006,11,2
37994,4,4.780191847199163,-67.5,10,0
37995,4,4.780191847199163,-56.25,8,2
37996,4,4.780191847199163,-45.0,4,2
37997,4,4.780191847199163,-33.75000000000006,9,2
37998,4,4.780191847199163,-22.5,8,3
37999,4,4.780191847199163,-11.25,11,0
38000,4,0.0,5.625,11,4
38001,4,0.0,16.875,5,5
38002,4,0.0,28.125,7,1
38003,4,0.0,39.375,8,4
38004,4,0.0,50.625,12,0
38005,4,0.0,61.875,9,5
38006,4,0.0,73.125,5,4
38007,4,0.0,84.375,6,2
38008,4,0.0,95.625,9,1
38009,4,0.0,106.875,10,1
38010,4,0.0,118.125,6,5
38011,4,0.0,129.375,10,3
38012,4,0.0,140.625,8,4
38013,4,0.0,151.875,5,1
38014,4,0.0,163.125,11,5
38015,4,0.0,174.375,6,2
38016,4,0.0,-174.375,10,4
38017,4,0.0,-163.125,5,5
38018,4,0.0,-151.875,4,2
38019,4,0.0,-140.625,6,4
38020,4,0.0,-129.37500000000006,10,3
38021,4,0.0,-118.125,7,1
38022,4,0.0,-106.875,7,4
38023,4,0.0,-95.625,8,2
38024,4,0.0,-84.375,10,5
38025,4,0.0,-73.12500000000006,4,2
38026,4,0.0,-61.875,3,4
38027,4,0.0,-50.625,3,4
38028,4,0.0,-39.375,7,5
38029,4,0.0,-28.125,10,2
38030,4,0.0,-16.875,8,8
38031,4,0.0,-5.625,7,2
38032,4,-4.780191847199163,0.0,7,2
38033,4,-4.780191847199163,11.25,7,3
38034,4,-4.780191847199163,22.5,10,0
38035,4,-4.780191847199163,33.75,9,3
38036,4,-4.780191847199163,45.0,11,0
38037,4,-4.780191847199163,56.25,7,2
38038,4,-4.780191847199163,67.5,11,1
38039,4,-4.780191847199163,78.75,10,1
38040,4,-4.780191847199163,90.0,9,2
38041,4,-4.780191847199163,101.25,4,1
38042,4,-4.780191847199163,112.5,8,1
38043,4,-4.780191847199163,123.75,8,2
38044,4,-4.780191847199163,135.0,7,4
38045,4,-4.780191847199163,146.25,3,1
38046,4,-4.780191847199163,157.5,16,2
38047,4,-4.780191847199163,168.75,10,3
38048,4,-4.780191847199163,-180.0,9,1
38049,4,-4.780191847199163,-168.75,8,2
38050,4,-4.780191847199163,-157.5,8,4
38051,4,-4.780191847199163,-146.25,6,3
38052,4,-4.780191847199163,-135.0,10,1
38053,4,-4.780191847199163,-123.75,7,0
38054,4,-4.780191847199163,-112.5,7,2
38055,4,-4.780191847199163,-101.25,8,0
38056,4,-4.780191847199163,-90.0,12,2
38057,4,-4.780191847199163,-78.75000000000006,8,1
38058,4,-4.780191847199163,-67.5,6,2
38059,4,-4.780191847199163,-56.25,6,0
38060,4,-4.780191847199163,-45.0,5,5
38061,4,-4.780191847199163,-33.75000000000006,9,2
38062,4,-4.780191847199163,-22.5,5,3
38063,4,-4.780191847199163,-11.25,4,3
38064,4,-9.594068226860458,5.625,12,0
38065,4,-9.594068226860458,16.875,9,1
38066,4,-9.594068226860458,28.125,10,0
38067,4,-9.594068226860458,39.375,9,0
38068,4,-9.594068226860458,50.625,7,0
38069,4,-9.594068226860458,61.875,10,0
38070,4,-9.594068226860458,73.125,9,0
38071,4,-9.594068226860458,84.375,7,0
38072,4,-9.594068226860458,95.625,8,0
38073,4,-9.594068226860458,106.875,8,0
38074,4,-9.594068226860458,118.125,6,0
38075,4,-9.594068226860458,129.375,10,0
38076,4,-9.594068226860458,140.625,6,0
38077,4,-9.594068226860458,151.875,9,0
38078,4,-9.594068226860458,163.125,11,0
38079,4,-9.594068226860458,174.375,14,0
38080,4,-9.594068226860458,-174.375,9,0
38081,4,-9.594068226860458,-163.125,7,0
38082,4,-9.594068226860458,-151.875,8,0
38083,4,-9.594068226860458,-140.625,9,1
38084,4,-9.594068226860458,-129.37500000000006,5,0
38085,4,-9.594068226860458,-118.125,5,0
38086,4,-9.594068226860458,-106.875,5,0
38087,4,-9.594068226860458,-95.625,5,0
38088,4,-9.594068226860458,-84.375,11,0
38089,4,-9.594068226860458,-73.12500000000006,9,0
38090,4,-9.594068226860458,-61.875,11,0
38091,4,-9.594068226860458,-50.625,6,0
38092,4,-9.594068226860458,-39.375,9,0
38093,4,-9.594068226860458,-28.125,10,0
38094,4,-9.594068226860458,-16.875,3,0
38095,4,-9.594068226860458,-5.625,2,0
38096,4,-14.477512185929925,0.0,8,0
38097,4,-14.477512185929925,11.25,14,0
38098,4,-14.477512185929925,22.5,8,0
38099,4,-14.477512185929925,33.75,10,0
38100,4,-14.477512185929925,45.0,16,0
38101,4,-14.477512185929925,56.25,7,0
38102,4,-14.477512185929925,67.5,13,0
38103,4,-14.477512185929925,78.75,10,0
38104,4,-14.477512185929925,90.0,9,0
38105,4,-14.477512185929925,101.25,9,0
38106,4,-14.477512185929925,112.5,6,0
38107,4,-14.477512185929925,123.75,6,0
38108,4,-14.477512185929925,135.0,11,0
38109,4,-14.477512185929925,146.25,2,0
38110,4,-14.477512185929925,157.5,9,0
38111,4,-14.477512185929925,168.75,9,0
38112,4,-14.477512185929925,-180.0,8,0
38113,4,-14.477512185929925,-168.75,6,0
38114,4,-14.477512185929925,-157.5,11,0
38115,4,-14.477512185929925,-146.25,6,0
38116,4,-14.477512185929925,-135.0,8,0
38117,4,-14.477512185929925,-123.75,4,0
38118,4,-14.477512185929925,-112.5,8,0
38119,4,-14.477512185929925,-101.25,9,0
38120,4,-14.477512185929925,-90.0,5,0
38121,4,-14.477512185929925,-78.75000000000006,7,0
38122,4,-14.477512185929925,-67.5,15,0
38123,4,-14.477512185929925,-56.25,5,0
38124,4,-14.477512185929925,-45.0,4,0
38125,4,-14.477512185929925,-33.75000000000006,7,1
38126,4,-14.477512185929925,-22.5,5,0
38127,4,-14.477512185929925,-11.25,8,0
38128,4,-19.47122063449069,5.625,6,0
38129,4,-19.47122063449069,16.875,8,0
38130,4,-19.47122063449069,28.125,3,0
38131,4,-19.47122063449069,39.375,11,0
38132,4,-19.47122063449069,50.625,10,0
38133,4,-19.47122063449069,61.875,6,0
38134,4,-19.47122063449069,73.125,9,0
38135,4,-19.47122063449069,84.375,11,0
38136,4,-19.47122063449069,95.625,8,0
38137,4,-19.47122063449069,106.875,6,0
38138,4,-19.47122063449069,118.125,11,0
38139,4,-19.47122063449069,129.375,10,0
38140,4,-19.47122063449069,140.625,6,0
38141,4,-19.47122063449069,151.875,7,0
38142,4,-19.47122063449069,163.125,6,0
38143,4,-19.47122063449069,174.375,11,0
38144,4,-19.47122063449069,-174.375,7,0
38145,4,-19.47122063449069,-163.125,12,0
38146,4,-19.47122063449069,-151.875,9,0
38147,4,-19.47122063449069,-140.625,6,0
38148,4,-19.47122063449069,-129.37500000000006,13,0
38149,4,-19.47122063449069,-118.125,7,0
38150,4,-19.47122063449069,-106.875,6,0
38151,4,-19.47122063449069,-95.625,4,0
38152,4,-19.47122063449069,-84.375,6,0
38153,4,-19.47122063449069,-73.12500000000006,6,0
38154,4,-19.47122063449069,-61.875,6,0
38155,4,-19.47122063449069,-50.625,6,0
38156,4,-19.47122063449069,-39.375,13,1
38157,4,-19.47122063449069,-28.125,8,0
38158,4,-19.47122063449069,-16.875,4,0
38159,4,-19.47122063449069,-5.625,11,0
38160,4,-24.62431835216408,0.0,7,0
38161,4,-24.62431835216408,11.25,3,0
38162,4,-24.62431835216408,22.5,7,1
38163,4,-24.62431835216408,33.75,8,0
38164,4,-24.62431835216408,45.0,9,0
38165,4,-24.62431835216408,56.25,3,0
38166,4,-24.62431835216408,67.5,6,0
38167,4,-24.62431835216408,78.75,8,0
38168,4,-24.62431835216408,90.0,8,0
38169,4,-24.62431835216408,101.25,5,0
38170,4,-24.62431835216408,112.5,8,0
38171,4,-24.62431835216408,123.75,5,0
38172,4,-24.62431835216408,135.0,9,0
38173,4,-24.62431835216408,146.25,4,0
38174,4,-24.62431835216408,157.5,10,0
38175,4,-24.62431835216408,168.75,9,0
38176,4,-24.62431835216408,-180.0,8,0
38177,4,-24.62431835216408,-168.75,12,0
38178,4,-24.62431835216408,-157.5,4,0
38179,4,-24.62431835216408,-146.25,8,0
38180,4,-24.62431835216408,-135.0,11,0
38181,4,-24.62431835216408,-123.75,14,0
38182,4,-24.62431835216408,-112.5,6,0
38183,4,-24.62431835216408,-101.25,5,0
38184,4,-24.62431835216408,-90.0,11,0
38185,4,-24.62431835216408,-78.75000000000006,9,0
38186,4,-24.62431835216408,-67.5,5,0
38187,4,-24.62431835216408,-56.25,8,1
38188,4,-24.62431835216408,-45.0,11,0
38189,4,-24.62431835216408,-33.75000000000006,12,0
38190,4,-24.62431835216408,-22.5,4,0
38191,4,-24.62431835216408,-11.25,3,0
38192,4,-30.000000000000014,5.625,7,0
38193,4,-30.000000000000014,16.875,8,0
38194,4,-30.000000000000014,28.125,11,0
38195,4,-30.000000000000014,39.375,6,0
38196,4,-30.000000000000014,50.625,6,0
38197,4,-30.000000000000014,61.875,5,0
38198,4,-30.000000000000014,73.125,8,0
38199,4,-30.000000000000014,84.375,10,0
38200,4,-30.000000000000014,95.625,4,0
38201,4,-30.000000000000014,106.875,6,0
38202,4,-30.000000000000014,118.125,2,0
38203,4,-30.000000000000014,129.375,3,0
38204,4,-30.000000000000014,140.625,8,0
38205,4,-30.000000000000014,151.875,5,0
38206,4,-30.000000000000014,163.125,10,0
38207,4,-30.000000000000014,174.375,6,0
38208,4,-30.000000000000014,-174.375,11,0
38209,4,-30.000000000000014,-163.125,10,0
38210,4,-30.000000000000014,-151.875,8,0
38211,4,-30.000000000000014,-140.625,7,0
38212,4,-30.000000000000014,-129.37500000000006,14,0
38213,4,-30.000000000000014,-118.125,10,0
38214,4,-30.000000000000014,-106.875,8,0
38215,4,-30.000000000000014,-95.625,15,0
38216,4,-30.000000000000014,-84.375,6,0
38217,4,-30.000000000000014,-73.12500000000006,12,0
38218,4,-30.000000000000014,-61.875,11,0
38219,4,-30.000000000000014,-50.625,9,0
38220,4,-30.000000000000014,-39.375,8,0
38221,4,-30.000000000000014,-28.125,11,0
38222,4,-30.000000000000014,-16.875,4,0
38223,4,-30.000000000000014,-5.625,1,0
38224,4,-35.68533471265205,0.0,5,0
38225,4,-35.68533471265205,11.25,8,0
38226,4,-35.68533471265205,22.5,10,0
38227,4,-35.68533471265205,33.75,7,0
38228,4,-35.68533471265205,45.0,7,0
38229,4,-35.68533471265205,56.25,4,0
38230,4,-35.68533471265205,67.5,9,0
38231,4,-35.68533471265205,78.75,14,0
38232,4,-35.68533471265205,90.0,8,0
38233,4,-35.68533471265205,101.25,9,0
38234,4,-35.68533471265205,112.5,10,0
38235,4,-35.68533471265205,123.75,6,0
38236,4,-35.68533471265205,135.0,2,0
38237,4,-35.68533471265205,146.25,8,0
38238,4,-35.68533471265205,157.5,6,0
38239,4,-35.68533471265205,168.75,8,0
38240,4,-35.68533471265205,-180.0,17,0
38241,4,-35.68533471265205,-168.75,4,0
38242,4,-35.68533471265205,-157.5,8,0
38243,4,-35.68533471265205,-146.25,8,0
38244,4,-35.68533471265205,-135.0,10,0
38245,4,-35.68533471265205,-123.75,14,0
38246,4,-35.68533471265205,-112.5,11,0
38247,4,-35.68533471265205,-101.25,8,0
38248,4,-35.68533471265205,-90.0,11,0
38249,4,-35.68533471265205,-78.75000000000006,8,0
38250,4,-35.68533471265205,-67.5,3,0
38251,4,-35.68533471265205,-56.25,4,0
38252,4,-35.68533471265205,-45.0,8,0
38253,4,-35.68533471265205,-33.75000000000006,4,0
38254,4,-35.68533471265205,-22.5,6,0
38255,4,-35.68533471265205,-11.25,4,0
38256,4,-41.81031489577862,5.625,7,0
38257,4,-41.81031489577862,16.875,6,0
38258,4,-41.81031489577862,28.125,10,0
38259,4,-41.81031489577862,39.375,3,0
38260,4,-41.81031489577862,50.625,12,0
38261,4,-41.81031489577862,61.875,7,0
38262,4,-41.81031489577862,73.125,9,0
38263,4,-41.81031489577862,84.375,7,0
38264,4,-41.81031489577862,95.625,7,0
38265,4,-41.81031489577862,106.875,7,0
38266,4,-41.81031489577862,118.125,13,0
38267,4,-41.81031489577862,129.375,12,0
38268,4,-41.81031489577862,140.625,7,0
38269,4,-41.81031489577862,151.875,12,0
38270,4,-41.81031489577862,163.125,11,0
38271,4,-41.81031489577862,174.375,9,0
38272,4,-41.81031489577862,-174.375,7,0
38273,4,-41.81031489577862,-163.125,9,0
38274,4,-41.81031489577862,-151.875,5,0
38275,4,-41.81031489577862,-140.625,11,0
38276,4,-41.81031489577862,-129.37500000000006,9,0
38277,4,-41.81031489577862,-118.125,9,0
38278,4,-41.81031489577862,-106.875,13,0
38279,4,-41.81031489577862,-95.625,14,0
38280,4,-41.81031489577862,-84.375,7,0
38281,4,-41.81031489577862,-73.12500000000006,10,0
38282,4,-41.81031489577862,-61.875,3,0
38283,4,-41.81031489577862,-50.625,5,0
38284,4,-41.81031489577862,-39.375,3,0
38285,4,-41.81031489577862,-28.125,5,0
38286,4,-41.81031489577862,-16.875,5,0
38287,4,-41.81031489577862,-5.625,0,0
38288,4,-48.1412077943603,6.428571428571416,7,0
38289,4,-48.1412077943603,19.285714285714278,8,0
38290,4,-48.1412077943603,32.14285714285714,9,0
38291,4,-48.1412077943603,45.0,7,0
38292,4,-48.1412077943603,57.85714285714286,7,0
38293,4,-48.1412077943603,70.71428571428572,4,0
38294,4,-48.1412077943603,83.57142857142856,6,0
38295,4,-48.1412077943603,96.42857142857144,6,0
38296,4,-48.1412077943603,109.28571428571428,11,0
38297,4,-48.1412077943603,122.14285714285711,10,0
38298,4,-48.1412077943603,135.0,9,0
38299,4,-48.1412077943603,147.8571428571429,18,0
38300,4,-48.1412077943603,160.71428571428572,8,0
38301,4,-48.1412077943603,173.57142857142856,4,0
38302,4,-48.1412077943603,-173.57142857142856,12,0
38303,4,-48.1412077943603,-160.71428571428572,4,1
38304,4,-48.1412077943603,-147.8571428571429,6,0
38305,4,-48.1412077943603,-135.0,7,0
38306,4,-48.1412077943603,-122.14285714285711,7,0
38307,4,-48.1412077943603,-109.28571428571428,10,0
38308,4,-48.1412077943603,-96.42857142857144,9,0
38309,4,-48.1412077943603,-83.57142857142856,5,0
38310,4,-48.1412077943603,-70.71428571428572,9,0
38311,4,-48.1412077943603,-57.85714285714283,6,0
38312,4,-48.1412077943603,-45.0,7,0
38313,4,-48.1412077943603,-32.14285714285717,10,0
38314,4,-48.1412077943603,-19.28571428571422,5,0
38315,4,-48.1412077943603,-6.428571428571445,7,0
38316,4,-54.340912303861245,7.5,5,0
38317,4,-54.340912303861245,22.5,5,0
38318,4,-54.340912303861245,37.5,9,0
38319,4,-54.340912303861245,52.5,3,0
38320,4,-54.340912303861245,67.5,9,0
38321,4,-54.340912303861245,82.5,8,0
38322,4,-54.340912303861245,97.5,9,0
38323,4,-54.340912303861245,112.5,7,0
38324,4,-54.340912303861245,127.5,9,0
38325,4,-54.340912303861245,142.5,9,0
38326,4,-54.340912303861245,157.5,13,0
38327,4,-54.340912303861245,172.5,8,0
38328,4,-54.340912303861245,-172.5,12,0
38329,4,-54.340912303861245,-157.5,3,0
38330,4,-54.340912303861245,-142.5,9,0
38331,4,-54.340912303861245,-127.5,11,0
38332,4,-54.340912303861245,-112.5,12,0
38333,4,-54.340912303861245,-97.5,10,0
38334,4,-54.340912303861245,-82.5,5,0
38335,4,-54.340912303861245,-67.5,10,0
38336,4,-54.340912303861245,-52.50000000000006,4,0
38337,4,-54.340912303861245,-37.5,5,0
38338,4,-54.340912303861245,-22.5,6,0
38339,4,-54.340912303861245,-7.5,8,0
38340,4,-60.4344388449523,9.0,7,0
38341,4,-60.4344388449523,27.0,7,0
38342,4,-60.4344388449523,45.0,7,0
38343,4,-60.4344388449523,63.0,8,0
38344,4,-60.4344388449523,81.0,8,0
38345,4,-60.4344388449523,99.0,8,0
38346,4,-60.4344388449523,117.0,4,0
38347,4,-60.4344388449523,135.0,6,0
38348,4,-60.4344388449523,153.0,8,0
38349,4,-60.4344388449523,171.0,10,0
38350,4,-60.4344388449523,-171.0,7,0
38351,4,-60.4344388449523,-153.0,11,0
38352,4,-60.4344388449523,-135.0,8,0
38353,4,-60.4344388449523,-117.0,7,0
38354,4,-60.4344388449523,-99.0,7,0
38355,4,-60.4344388449523,-81.0,3,0
38356,4,-60.4344388449523,-63.0,6,0
38357,4,-60.4344388449523,-45.0,15,1
38358,4,-60.4344388449523,-27.0,7,0
38359,4,-60.4344388449523,-9.0,9,0
38360,4,-66.44353569089876,11.25,7,0
38361,4,-66.44353569089876,33.75,5,0
38362,4,-66.44353569089876,56.25,7,0
38363,4,-66.44353569089876,78.75,6,0
38364,4,-66.44353569089876,101.25,6,0
38365,4,-66.44353569089876,123.75,6,0
38366,4,-66.44353569089876,146.25,11,0
38367,4,-66.44353569089876,168.75,8,0
38368,4,-66.44353569089876,-168.75,10,0
38369,4,-66.44353569089876,-146.25,9,0
38370,4,-66.44353569089876,-123.75,5,0
38371,4,-66.44353569089876,-101.25,7,0
38372,4,-66.44353569089876,-78.75,5,0
38373,4,-66.44353569089876,-56.25,10,0
38374,4,-66.44353569089876,-33.75,19,0
38375,4,-66.44353569089876,-11.25,12,0
38376,4,-72.38756092964962,15.0,7,0
38377,4,-72.38756092964962,45.0,2,0
38378,4,-72.38756092964962,75.0,6,0
38379,4,-72.38756092964962,105.0,7,0
38380,4,-72.38756092964962,135.0,5,0
38381,4,-72.38756092964962,165.0,11,0
38382,4,-72.38756092964962,-165.0,10,0
38383,4,-72.38756092964962,-135.0,8,0
38384,4,-72.38756092964962,-105.0,5,0
38385,4,-72.38756092964962,-75.0,4,0
38386,4,-72.38756092964962,-45.0,5,0
38387,4,-72.38756092964962,-15.0,10,0
38388,4,-78.28414760510762,22.5,7,0
38389,4,-78.28414760510762,67.5,5,0
38390,4,-78.28414760510762,112.5,5,0
38391,4,-78.28414760510762,157.5,9,0
38392,4,-78.28414760510762,-157.5,9,0
38393,4,-78.28414760510762,-112.5,7,0
38394,4,-78.28414760510762,-67.5,3,0
38395,4,-78.28414760510762,-22.5,4,0
38396,4,-84.14973293629666,45.0,8,0
38397,4,-84.14973293629666,135.0,6,0
38398,4,-84.14973293629666,-135.0,6,0
38399,4,-84.14973293629666,-45.0,7,0
