46080,6,84.14973293629666,45.0,13,0
46081,6,84.14973293629666,135.0,8,0
46082,6,84.14973293629666,-135.0,14,0
46083,6,84.14973293629666,-45.0,9,0
46084,6,78.28414760510762,22.5,12,0
46085,6,78.28414760510762,67.5,11,0
46086,6,78.28414760510762,112.5,5,0
46087,6,78.28414760510762,157.5,5,0
46088,6,78.28414760510762,-157.5,9,0
46089,6,78.28414760510762,-112.5,13,0
46090,6,78.28414760510762,-67.5,10,0
46091,6,78.28414760510762,-22.5,10,0
46092,6,72.38756092964962,15.0,7,0
46093,6,72.38756092964962,45.0,9,0
46094,6,72.38756092964962,75.0,8,0
46095,6,72.38756092964962,105.0,5,0
46096,6,72.38756092964962,135.0,12,0
46097,6,72.38756092964962,165.0,5,0
46098,6,72.38756092964962,-165.0,8,0
46099,6,72.38756092964962,-135.0,3,0
46100,6,72.38756092964962,-105.0,12,0
46101,6,72.38756092964962,-75.0,15,0
46102,6,72.38756092964962,-45.0,7,0
46103,6,72.38756092964962,-15.0,14,0
46104,6,66.44353569089877,11.25,9,0
46105,6,66.44353569089877,33.75,4,0
46106,6,66.44353569089877,56.25,10,0
46107,6,66.44353569089877,78.75,9,0
46108,6,66.44353569089877,101.25,10,0
46109,6,66.44353569089877,123.75,9,0
46110,6,66.44353569089877,146.25,8,0
46111,6,66.44353569089877,168.75,5,0
46112,6,66.44353569089877,-168.75,8,0
46113,6,66.44353569089877,-146.25,6,0
46114,6,66.44353569089877,-123.75,6,0
46115,6,66.44353569089877,-101.25,18,0
46116,6,66.44353569089877,-78.75,10,0
46117,6,66.44353569089877,-56.25,14,0
46118,6,66.44353569089877,-33.75,13,0
46119,6,66.44353569089877,-11.25,11,0
46120,6,60.43443884495228,9.0,13,0
46121,6,60.43443884495228,27.0,10,0
46122,6,60.43443884495228,45.0,14,0
46123,6,60.43443884495228,63.0,18,0
46124,6,60.43443884495228,81.0,12,0
46125,6,60.43443884495228,99.0,9,0
46126,6,60.43443884495228,117.0,6,0
46127,6,60.43443884495228,135.0,11,0
46128,6,60.43443884495228,153.0,15,0
46129,6,60.43443884495228,171.0,10,0
46130,6,60.43443884495228,-171.0,13,0
46131,6,60.43443884495228,-153.0,9,0
46132,6,60.43443884495228,-135.0,13,0
46133,6,60.43443884495228,-117.0,6,0
46134,6,60.43443884495228,-99.0,23,0
46135,6,60.43443884495228,-81.0,13,0
46136,6,60.43443884495228,-63.0,11,0
46137,6,60.43443884495228,-45.0,14,0
46138,6,60.43443884495228,-27.0,16,0
46139,6,60.43443884495228,-9.0,10,0
46140,6,54.340912303861245,7.5,10,0
46141,6,54.340912303861245,22.5,10,0
46142,6,54.340912303861245,37.5,14,0
46143,6,54.340912303861245,52.5,20,0
46144,6,54.340912303861245,67.5,18,0
46145,6,54.340912303861245,82.5,5,0
46146,6,54.340912303861245,97.5,5,0
46147,6,54.340912303861245,112.5,8,0
46148,6,54.340912303861245,127.5,7,0
46149,6,54.340912303861245,142.5,10,0
46150,6,54.340912303861245,157.5,12,0
46151,6,54.340912303861245,172.5,9,0
46152,6,54.340912303861245,-172.5,7,0
46153,6,54.340912303861245,-157.5,10,0
46154,6,54.340912303861245,-142.5,13,0
46155,6,54.340912303861245,-127.5,7,0
46156,6,54.340912303861245,-112.5,14,0
46157,6,54.340912303861245,-97.5,11,0
46158,6,54.340912303861245,-82.5,13,0
46159,6,54.340912303861245,-67.5,12,0
46160,6,54.340912303861245,-52.50000000000006,7,0
46161,6,54.340912303861245,-37.5,6,0
46162,6,54.340912303861245,-22.5,10,0
46163,6,54.340912303861245,-7.5,11,0
46164,6,48.141207794360284,6.428571428571416,8,0
46165,6,48.141207794360284,19.285714285714278,7,0
46166,6,48.141207794360284,32.14285714285714,7,0
46167,6,48.141207794360284,45.0,12,0
46168,6,48.141207794360284,57.85714285714286,11,0
46169,6,48.141207794360284,70.71428571428572,14,0
46170,6,48.141207794360284,83.57142857142856,8,0
46171,6,48.141207794360284,96.42857142857144,13,0
46172,6,48.141207794360284,109.28571428571428,10,0
46173,6,48.141207794360284,122.14285714285711,8,0
46174,6,48.141207794360284,135.0,11,0
46175,6,48.141207794360284,147.8571428571429,14,0
46176,6,48.141207794360284,160.71428571428572,2,0
46177,6,48.141207794360284,173.57142857142856,6,0
46178,6,48.141207794360284,-173.57142857142856,7,0
46179,6,48.141207794360284,-160.71428571428572,9,0
46180,6,48.141207794360284,-147.8571428571429,8,0
46181,6,48.141207794360284,-135.0,8,0
46182,6,48.141207794360284,-122.14285714285711,12,0
46183,6,48.141207794360284,-109.28571428571428,9,0
46184,6,48.141207794360284,-96.42857142857144,11,0
46185,6,48.141207794360284,-83.57142857142856,11,0
46186,6,48.141207794360284,-70.71428571428572,10,0
46187,6,48.141207794360284,-57.85714285714283,8,0
46188,6,48.141207794360284,-45.0,10,0
46189,6,48.141207794360284,-32.14285714285717,7,0
46190,6,48.141207794360284,-19.28571428571422,9,0
46191,6,48.141207794360284,-6.428571428571445,8,0
46192,6,41.81031489577859,5.625,11,0
46193,6,41.81031489577859,16.875,9,0
46194,6,41.81031489577859,28.125,6,0
46195,6,41.81031489577859,39.375,18,0
46196,6,41.81031489577859,50.625,12,0
46197,6,41.81031489577859,61.875,14,0
46198,6,41.81031489577859,73.125,13,0
46199,6,41.81031489577859,84.375,10,0
46200,6,41.81031489577859,95.625,12,0
46201,6,41.81031489577859,106.875,14,0
46202,6,41.81031489577859,118.125,14,0
46203,6,41.81031489577859,129.375,11,0
46204,6,41.81031489577859,140.625,11,0
46205,6,41.81031489577859,151.875,12,0
46206,6,41.81031489577859,163.125,8,0
46207,6,41.81031489577859,174.375,12,0
46208,6,41.81031489577859,-174.375,7,0
46209,6,41.81031489577859,-163.125,13,0
46210,6,41.81031489577859,-151.875,9,0
46211,6,41.81031489577859,-140.625,9,0
46212,6,41.81031489577859,-129.37500000000006,17,0
46213,6,41.81031489577859,-118.125,15,0
46214,6,41.81031489577859,-106.875,5,0
46215,6,41.81031489577859,-95.625,15,0
46216,6,41.81031489577859,-84.375,13,0
46217,6,41.81031489577859,-73.12500000000006,12,0
46218,6,41.81031489577859,-61.875,10,0
46219,6,41.81031489577859,-50.625,13,0
46220,6,41.81031489577859,-39.375,11,0
46221,6,41.81031489577859,-28.125,10,0
46222,6,41.81031489577859,-16.875,11,0
46223,6,41.81031489577859,-5.625,11,0
46224,6,35.68533471265204,0.0,15,0
46225,6,35.68533471265204,11.25,10,0
46226,6,35.68533471265204,22.5,10,0
46227,6,35.68533471265204,33.75,9,0
46228,6,35.68533471265204,45.0,14,0
46229,6,35.68533471265204,56.25,15,0
46230,6,35.68533471265204,67.5,14,0
46231,6,35.68533471265204,78.75,8,0
46232,6,35.68533471265204,90.0,12,0
46233,6,35.68533471265204,101.25,13,0
46234,6,35.68533471265204,112.5,9,0
46235,6,35.68533471265204,123.75,11,0
46236,6,35.68533471265204,135.0,5,0
46237,6,35.68533471265204,146.25,9,0
46238,6,35.68533471265204,157.5,12,0
46239,6,35.68533471265204,168.75,8,0
46240,6,35.68533471265204,-180.0,10,0
46241,6,35.68533471265204,-168.75,7,0
46242,6,35.68533471265204,-157.5,12,0
46243,6,35.68533471265204,-146.25,8,0
46244,6,35.68533471265204,-135.0,10,0
46245,6,35.68533471265204,-123.75,15,0
46246,6,35.68533471265204,-112.5,13,0
46247,6,35.68533471265204,-101.25,12,0
46248,6,35.68533471265204,-90.0,14,0
46249,6,35.68533471265204,-78.75000000000006,17,0
46250,6,35.68533471265204,-67.5,10,0
46251,6,35.68533471265204,-56.25,11,0
46252,6,35.68533471265204,-45.0,10,0
46253,6,35.68533471265204,-33.75000000000006,11,0
46254,6,35.68533471265204,-22.5,11,0
46255,6,35.68533471265204,-11.25,18,0
46256,6,30.000000000000007,5.625,20,0
46257,6,30.000000000000007,16.875,6,0
46258,6,30.000000000000007,28.125,8,0
46259,6,30.000000000000007,39.375,13,0
46260,6,30.000000000000007,50.625,16,0
46261,6,30.000000000000007,61.875,15,0
46262,6,30.000000000000007,73.125,7,0
46263,6,30.000000000000007,84.375,14,0
46264,6,30.000000000000007,95.625,12,0
46265,6,30.000000000000007,106.875,7,0
46266,6,30.000000000000007,118.125,8,0
46267,6,30.000000000000007,129.375,7,0
46268,6,30.000000000000007,140.625,4,0
46269,6,30.000000000000007,151.875,8,0
46270,6,30.000000000000007,163.125,8,0
46271,6,30.000000000000007,174.375,13,0
46272,6,30.000000000000007,-174.375,8,0
46273,6,30.000000000000007,-163.125,6,0
46274,6,30.000000000000007,-151.875,12,0
46275,6,30.000000000000007,-140.625,9,0
46276,6,30.000000000000007,-129.37500000000006,9,0
46277,6,30.000000000000007,-118.125,10,0
46278,6,30.000000000000007,-106.875,16,0
46279,6,30.000000000000007,-95.625,15,0
46280,6,30.000000000000007,-84.375,9,0
46281,6,30.000000000000007,-73.12500000000006,11,0
46282,6,30.000000000000007,-61.875,8,0
46283,6,30.000000000000007,-50.625,7,0
46284,6,30.000000000000007,-39.375,8,0
46285,6,30.000000000000007,-28.125,10,0
46286,6,30.000000000000007,-16.875,21,0
46287,6,30.000000000000007,-5.625,14,0
46288,6,24.62431835216408,0.0,19,0
46289,6,24.62431835216408,11.25,6,0
46290,6,24.62431835216408,22.5,10,0
46291,6,24.62431835216408,33.75,10,0
46292,6,24.62431835216408,45.0,15,0
46293,6,24.62431835216408,56.25,16,0
46294,6,24.62431835216408,67.5,13,0
46295,6,24.62431835216408,78.75,7,0
46296,6,24.62431835216408,90.0,10,0
46297,6,24.62431835216408,101.25,11,0
46298,6,24.62431835216408,112.5,5,0
46299,6,24.62431835216408,123.75,11,0
46300,6,24.62431835216408,135.0,9,1
46301,6,24.62431835216408,146.25,5,0
46302,6,24.62431835216408,157.5,9,0
46303,6,24.62431835216408,168.75,14,0
46304,6,24.62431835216408,-180.0,15,0
46305,6,24.62431835216408,-168.75,5,0
46306,6,24.62431835216408,-157.5,10,0
46307,6,24.62431835216408,-146.25,6,0
46308,6,24.62431835216408,-135.0,14,0
46309,6,24.62431835216408,-123.75,9,1
46310,6,24.62431835216408,-112.5,10,0
46311,6,24.62431835216408,-101.25,18,0
46312,6,24.62431835216408,-90.0,7,0
46313,6,24.62431835216408,-78.75000000000006,12,0
46314,6,24.62431835216408,-67.5,7,0
46315,6,24.62431835216408,-56.25,6,0
46316,6,24.62431835216408,-45.0,12,0
46317,6,24.62431835216408,-33.75000000000006,12,0
46318,6,24.62431835216408,-22.5,18,0
46319,6,24.62431835216408,-11.25,12,0
46320,6,19.47122063449069,5.625,8,0
46321,6,19.47122063449069,16.875,11,0
46322,6,19.47122063449069,28.125,7,0
46323,6,19.47122063449069,39.375,15,0
46324,6,19.47122063449069,50.625,10,0
46325,6,19.47122063449069,61.875,16,0
46326,6,19.47122063449069,73.125,10,0
46327,6,19.47122063449069,84.375,5,0
46328,6,19.47122063449069,95.625,9,0
46329,6,19.47122063449069,106.875,8,0
46330,6,19.47122063449069,118.125,11,0
46331,6,19.47122063449069,129.375,9,0
46332,6,19.47122063449069,140.625,10,1
46333,6,19.47122063449069,151.875,11,0
46334,6,19.47122063449069,163.125,6,0
46335,6,19.47122063449069,174.375,9,0
46336,6,19.47122063449069,-174.375,7,0
46337,6,19.47122063449069,-163.125,2,0
46338,6,19.47122063449069,-151.875,11,0
46339,6,19.47122063449069,-140.625,10,0
46340,6,19.47122063449069,-129.37500000000006,9,1
46341,6,19.47122063449069,-118.125,12,0
46342,6,19.47122063449069,-106.875,10,0
46343,6,19.47122063449069,-95.625,14,0
46344,6,19.47122063449069,-84.375,13,0
46345,6,19.47122063449069,-73.12500000000006,10,0
46346,6,19.47122063449069,-61.875,14,0
46347,6,19.47122063449069,-50.625,13,0
46348,6,19.47122063449069,-39.375,16,0
46349,6,19.47122063449069,-28.125,10,0
46350,6,19.47122063449069,-16.875,13,0
46351,6,19.47122063449069,-5.625,9,0
46352,6,14.477512185929925,0.0,7,0
46353,6,14.477512185929925,11.25,8,0
46354,6,14.477512185929925,22.5,14,0
46355,6,14.477512185929925,33.75,16,0
46356,6,14.477512185929925,45.0,11,0
46357,6,14.477512185929925,56.25,9,0
46358,6,14.477512185929925,67.5,16,0
46359,6,14.477512185929925,78.75,6,0
46360,6,14.477512185929925,90.0,8,0
46361,6,14.477512185929925,101.25,13,0
46362,6,14.477512185929925,112.5,9,0
46363,6,14.477512185929925,123.75,6,0
46364,6,14.477512185929925,135.0,11,0
46365,6,14.477512185929925,146.25,14,0
46366,6,14.477512185929925,157.5,12,0
46367,6,14.477512185929925,168.75,11,0
46368,6,14.477512185929925,-180.0,8,0
46369,6,14.477512185929925,-168.75,7,0
46370,6,14.477512185929925,-157.5,10,0
46371,6,14.477512185929925,-146.25,10,1
46372,6,14.477512185929925,-135.0,8,0
46373,6,14.477512185929925,-123.75,12,0
46374,6,14.477512185929925,-112.5,15,0
46375,6,14.477512185929925,-101.25,10,0
46376,6,14.477512185929925,-90.0,12,0
46377,6,14.477512185929925,-78.75000000000006,8,0
46378,6,14.477512185929925,-67.5,15,0
46379,6,14.477512185929925,-56.25,13,0
46380,6,14.477512185929925,-45.0,22,0
46381,6,14.477512185929925,-33.75000000000006,10,0
46382,6,14.477512185929925,-22.5,9,0
46383,6,14.477512185929925,-11.25,14,0
46384,6,9.594068226860458,5.625,14,0
46385,6,9.594068226860458,16.875,8,0
46386,6,9.594068226860458,28.125,10,0
46387,6,9.594068226860458,39.375,16,4
46388,6,9.594068226860458,50.625,9,0
46389,6,9.594068226860458,61.875,5,0
46390,6,9.594068226860458,73.125,12,0
46391,6,9.594068226860458,84.375,6,1
46392,6,9.594068226860458,95.625,7,0
46393,6,9.594068226860458,106.875,13,1
46394,6,9.594068226860458,118.125,9,1
46395,6,9.594068226860458,129.375,7,0
46396,6,9.594068226860458,140.625,10,0
46397,6,9.594068226860458,151.875,13,0
46398,6,9.594068226860458,163.125,8,0
46399,6,9.594068226860458,174.375,12,0
46400,6,9.594068226860458,-174.375,14,0
46401,6,9.594068226860458,-163.125,13,0
46402,6,9.594068226860458,-151.875,14,1
46403,6,9.594068226860458,-140.625,14,0
46404,6,9.594068226860458,-129.37500000000006,9,0
46405,6,9.594068226860458,-118.125,14,0
46406,6,9.594068226860458,-106.875,15,0
46407,6,9.594068226860458,-95.625,13,0
46408,6,9.594068226860458,-84.375,13,0
46409,6,9.594068226860458,-73.12500000000006,10,0
46410,6,9.594068226860458,-61.875,12,0
46411,6,9.594068226860458,-50.625,14,0
46412,6,9.594068226860458,-39.375,15,2
46413,6,9.594068226860458,-28.125,13,0
46414,6,9.594068226860458,-16.875,9,0
46415,6,9.594068226860458,-5.625,10,0
46416,6,4.780191847199163,0.0,11,2
46417,6,4.780191847199163,11.25,10,0
46418,6,4.780191847199163,22.5,10,2
46419,6,4.780191847199163,33.75,10,5
46420,6,4.780191847199163,45.0,7,4
46421,6,4.780191847199163,56.25,9,2
46422,6,4.780191847199163,67.5,14,2
46423,6,4.780191847199163,78.75,3,2
46424,6,4.780191847199163,90.0,10,3
46425,6,4.780191847199163,101.25,10,5
46426,6,4.780191847199163,112.5,12,4
46427,6,4.780191847199163,123.75,10,2
46428,6,4.780191847199163,135.0,9,3
46429,6,4.780191847199163,146.25,9,1
46430,6,4.780191847199163,157.5,7,0
46431,6,4.780191847199163,168.75,9,2
46432,6,4.780191847199163,-180.0,16,1
46433,6,4.780191847199163,-168.75,19,2
46434,6,4.780191847199163,-157.5,10,2
46435,6,4.780191847199163,-146.25,17,0
46436,6,4.780191847199163,-135.0,9,1
46437,6,4.780191847199163,-123.75,8,5
46438,6,4.780191847199163,-112.5,11,1
46439,6,4.780191847199163,-101.25,17,1
46440,6,4.780191847199163,-90.0,9,2
46441,6,4.780191847199163,-78.75000000000006,9,2
46442,6,4.780191847199163,-67.5,10,0
46443,6,4.780191847199163,-56.25,17,2
46444,6,4.780191847199163,-45.0,10,3
46445,6,4.780191847199163,-33.75000000000006,8,3
46446,6,4.780191847199163,-22.5,14,1
46447,6,4.780191847199163,-11.25,10,0
46448,6,0.0,5.625,7,3
46449,6,0.0,16.875,9,4
46450,6,0.0,28.125,8,2
46451,6,0.0,39.375,10,3
46452,6,0.0,50.625,6,3
46453,6,0.0,61.875,10,2
46454,6,0.0,73.125,10,3
46455,6,0.0,84.375,7,3
46456,6,0.0,95.625,10,3
46457,6,0.0,106.875,15,5
46458,6,0.0,118.125,10,5
46459,6,0.0,129.375,17,3
46460,6,0.0,140.625,18,3
46461,6,0.0,151.875,10,2
46462,6,0.0,163.125,6,3
46463,6,0.0,174.375,6,4
46464,6,0.0,-174.375,12,2
46465,6,0.0,-163.125,13,5
46466,6,0.0,-151.875,12,3
46467,6,0.0,-140.625,13,1
46468,6,0.0,-129.37500000000006,5,4
46469,6,0.0,-118.125,6,5
46470,6,0.0,-106.875,16,2
46471,6,0.0,-95.625,6,7
46472,6,0.0,-84.375,7,2
46473,6,0.0,-73.12500000000006,4,2
46474,6,0.0,-61.875,16,3
46475,6,0.0,-50.625,11,1
46476,6,0.0,-39.375,8,3
46477,6,0.0,-28.125,6,4
46478,6,0.0,-16.875,10,3
46479,6,0.0,-5.625,14,1
46480,6,-4.780191847199163,0.0,9,0
46481,6,-4.780191847199163,11.25,12,1
46482,6,-4.780191847199163,22.5,10,2
46483,6,-4.780191847199163,33.75,8,0
46484,6,-4.780191847199163,45.0,16,1
46485,6,-4.780191847199163,56.25,14,2
46486,6,-4.780191847199163,67.5,11,3
46487,6,-4.780191847199163,78.75,10,1
46488,6,-4.780191847199163,90.0,7,2
46489,6,-4.780191847199163,101.25,15,3
46490,6,-4.780191847199163,112.5,13,1
46491,6,-4.780191847199163,123.75,12,3
46492,6,-4.780191847199163,135.0,19,0
46493,6,-4.780191847199163,146.25,15,1
46494,6,-4.780191847199163,157.5,12,1
46495,6,-4.780191847199163,168.75,6,2
46496,6,-4.780191847199163,-180.0,10,3
46497,6,-4.780191847199163,-168.75,15,3
46498,6,-4.780191847199163,-157.5,9,2
46499,6,-4.780191847199163,-146.25,19,0
46500,6,-4.780191847199163,-135.0,7,2
46501,6,-4.780191847199163,-123.75,10,3
46502,6,-4.780191847199163,-112.5,9,3
46503,6,-4.780191847199163,-101.25,10,2
46504,6,-4.780191847199163,-90.0,8,2
46505,6,-4.780191847199163,-78.75000000000006,8,0
46506,6,-4.780191847199163,-67.5,7,2
46507,6,-4.780191847199163,-56.25,6,2
46508,6,-4.780191847199163,-45.0,12,1
46509,6,-4.780191847199163,-33.75000000000006,6,0
46510,6,-4.780191847199163,-22.5,13,3
46511,6,-4.780191847199163,-11.25,16,3
46512,6,-9.594068226860458,5.625,15,0
46513,6,-9.594068226860458,16.875,10,1
46514,6,-9.594068226860458,28.125,10,0
46515,6,-9.594068226860458,39.375,11,0
46516,6,-9.594068226860458,50.625,14,0
46517,6,-9.594068226860458,61.875,16,0
46518,6,-9.594068226860458,73.125,8,0
46519,6,-9.594068226860458,84.375,10,0
46520,6,-9.594068226860458,95.625,13,0
46521,6,-9.594068226860458,106.875,15,0
46522,6,-9.594068226860458,118.125,10,0
46523,6,-9.594068226860458,129.375,8,0
46524,6,-9.594068226860458,140.625,19,1
46525,6,-9.594068226860458,151.875,6,0
46526,6,-9.594068226860458,163.125,12,1
46527,6,-9.594068226860458,174.375,12,0
46528,6,-9.594068226860458,-174.375,9,0
46529,6,-9.594068226860458,-163.125,16,1
46530,6,-9.594068226860458,-151.875,10,0
46531,6,-9.594068226860458,-140.625,10,0
46532,6,-9.594068226860458,-129.37500000000006,10,0
46533,6,-9.594068226860458,-118.125,13,1
46534,6,-9.594068226860458,-106.875,11,0
46535,6,-9.594068226860458,-95.625,10,0
46536,6,-9.594068226860458,-84.375,12,0
46537,6,-9.594068226860458,-73.12500000000006,10,0
46538,6,-9.594068226860458,-61.875,9,0
46539,6,-9.594068226860458,-50.625,12,1
46540,6,-9.594068226860458,-39.375,8,0
46541,6,-9.594068226860458,-28.125,13,0
46542,6,-9.594068226860458,-16.875,12,3
46543,6,-9.594068226860458,-5.625,11,0
46544,6,-14.477512185929925,0.0,14,0
46545,6,-14.477512185929925,11.25,15,1
46546,6,-14.477512185929925,22.5,10,0
46547,6,-14.477512185929925,33.75,12,0
46548,6,-14.477512185929925,45.0,10,0
46549,6,-14.477512185929925,56.25,11,0
46550,6,-14.477512185929925,67.5,13,0
46551,6,-14.477512185929925,78.75,11,0
46552,6,-14.477512185929925,90.0,9,0
46553,6,-14.477512185929925,101.25,8,0
46554,6,-14.477512185929925,112.5,14,0
46555,6,-14.477512185929925,123.75,8,0
46556,6,-14.477512185929925,135.0,8,0
46557,6,-14.477512185929925,146.25,9,1
46558,6,-14.477512185929925,157.5,12,0
46559,6,-14.477512185929925,168.75,10,0
46560,6,-14.477512185929925,-180.0,11,0
46561,6,-14.477512185929925,-168.75,8,0
46562,6,-14.477512185929925,-157.5,12,0
46563,6,-14.477512185929925,-146.25,8,0
46564,6,-14.477512185929925,-135.0,9,0
46565,6,-14.477512185929925,-123.75,18,0
46566,6,-14.477512185929925,-112.5,11,0
46567,6,-14.477512185929925,-101.25,12,0
46568,6,-14.477512185929925,-90.0,11,0
46569,6,-14.477512185929925,-78.75000000000006,13,0
46570,6,-14.477512185929925,-67.5,9,0
46571,6,-14.477512185929925,-56.25,11,0
46572,6,-14.477512185929925,-45.0,15,0
46573,6,-14.477512185929925,-33.75000000000006,15,0
46574,6,-14.477512185929925,-22.5,15,0
46575,6,-14.477512185929925,-11.25,7,1
46576,6,-19.47122063449069,5.625,14,0
46577,6,-19.47122063449069,16.875,14,0
46578,6,-19.47122063449069,28.125,10,0
46579,6,-19.47122063449069,39.375,7,0
46580,6,-19.47122063449069,50.625,10,0
46581,6,-19.47122063449069,61.875,9,0
46582,6,-19.47122063449069,73.125,12,0
46583,6,-19.47122063449069,84.375,17,0
46584,6,-19.47122063449069,95.625,6,0
46585,6,-19.47122063449069,106.875,11,0
46586,6,-19.47122063449069,118.125,13,0
46587,6,-19.47122063449069,129.375,6,0
46588,6,-19.47122063449069,140.625,9,0
46589,6,-19.47122063449069,151.875,5,0
46590,6,-19.47122063449069,163.125,12,0
46591,6,-19.47122063449069,174.375,10,0
46592,6,-19.47122063449069,-174.375,16,0
46593,6,-19.47122063449069,-163.125,9,0
46594,6,-19.47122063449069,-151.875,7,0
46595,6,-19.47122063449069,-140.625,12,0
46596,6,-19.47122063449069,-129.37500000000006,4,0
46597,6,-19.47122063449069,-118.125,19,0
46598,6,-19.47122063449069,-106.875,10,0
46599,6,-19.47122063449069,-95.625,11,0
46600,6,-19.47122063449069,-84.375,9,0
46601,6,-19.47122063449069,-73.12500000000006,11,0
46602,6,-19.47122063449069,-61.875,7,0
46603,6,-19.47122063449069,-50.625,15,0
46604,6,-19.47122063449069,-39.375,13,0
46605,6,-19.47122063449069,-28.125,15,0
46606,6,-19.47122063449069,-16.875,11,0
46607,6,-19.47122063449069,-5.625,8,0
46608,6,-24.62431835216408,0.0,11,0
46609,6,-24.62431835216408,11.25,12,0
46610,6,-24.62431835216408,22.5,9,0
46611,6,-24.62431835216408,33.75,9,0
46612,6,-24.62431835216408,45.0,5,0
46613,6,-24.62431835216408,56.25,9,0
46614,6,-24.62431835216408,67.5,8,0
46615,6,-24.62431835216408,78.75,9,0
46616,6,-24.62431835216408,90.0,12,0
46617,6,-24.62431835216408,101.25,8,0
46618,6,-24.62431835216408,112.5,12,0
46619,6,-24.62431835216408,123.75,10,0
46620,6,-24.62431835216408,135.0,13,0
46621,6,-24.62431835216408,146.25,9,0
46622,6,-24.62431835216408,157.5,14,0
46623,6,-24.62431835216408,168.75,11,0
46624,6,-24.62431835216408,-180.0,12,0
46625,6,-24.62431835216408,-168.75,12,0
46626,6,-24.62431835216408,-157.5,7,0
46627,6,-24.62431835216408,-146.25,8,0
46628,6,-24.62431835216408,-135.0,10,0
46629,6,-24.62431835216408,-123.75,13,0
46630,6,-24.62431835216408,-112.5,17,0
46631,6,-24.62431835216408,-101.25,12,0
46632,6,-24.62431835216408,-90.0,12,0
46633,6,-24.62431835216408,-78.75000000000006,5,0
46634,6,-24.62431835216408,-67.5,9,0
46635,6,-24.62431835216408,-56.25,12,0
46636,6,-24.62431835216408,-45.0,6,0
46637,6,-24.62431835216408,-33.75000000000006,12,0
46638,6,-24.62431835216408,-22.5,14,0
46639,6,-24.62431835216408,-11.25,9,0
46640,6,-30.000000000000014,5.625,12,0
46641,6,-30.000000000000014,16.875,5,0
46642,6,-30.000000000000014,28.125,13,0
46643,6,-30.000000000000014,39.375,4,0
46644,6,-30.000000000000014,50.625,10,0
46645,6,-30.000000000000014,61.875,11,0
46646,6,-30.000000000000014,73.125,8,0
46647,6,-30.000000000000014,84.375,14,0
46648,6,-30.000000000000014,95.625,11,0
46649,6,-30.000000000000014,106.875,7,0
46650,6,-30.000000000000014,118.125,6,0
46651,6,-30.000000000000014,129.375,14,0
46652,6,-30.000000000000014,140.625,15,0
46653,6,-30.000000000000014,151.875,19,0
46654,6,-30.000000000000014,163.125,9,0
46655,6,-30.000000000000014,174.375,11,0
46656,6,-30.000000000000014,-174.375,5,0
46657,6,-30.000000000000014,-163.125,16,0
46658,6,-30.000000000000014,-151.875,10,0
46659,6,-30.000000000000014,-140.625,5,0
46660,6,-30.000000000000014,-129.37500000000006,9,0
46661,6,-30.000000000000014,-118.125,11,0
46662,6,-30.000000000000014,-106.875,12,0
46663,6,-30.000000000000014,-95.625,12,0
46664,6,-30.000000000000014,-84.375,8,0
46665,6,-30.000000000000014,-73.12500000000006,10,0
46666,6,-30.000000000000014,-61.875,3,0
46667,6,-30.000000000000014,-50.625,13,0
46668,6,-30.000000000000014,-39.375,3,0
46669,6,-30.000000000000014,-28.125,13,0
46670,6,-30.000000000000014,-16.875,11,0
46671,6,-30.000000000000014,-5.625,8,0
46672,6,-35.68533471265205,0.0,12,0
46673,6,-35.68533471265205,11.25,14,0
46674,6,-35.68533471265205,22.5,9,0
46675,6,-35.68533471265205,33.75,6,0
46676,6,-35.68533471265205,45.0,10,0
46677,6,-35.68533471265205,56.25,11,0
46678,6,-35.68533471265205,67.5,8,0
46679,6,-35.68533471265205,78.75,12,0
46680,6,-35.68533471265205,90.0,13,0
46681,6,-35.68533471265205,101.25,14,0
46682,6,-35.68533471265205,112.5,15,0
46683,6,-35.68533471265205,123.75,5,0
46684,6,-35.68533471265205,135.0,12,0
46685,6,-35.68533471265205,146.25,18,0
46686,6,-35.68533471265205,157.5,11,0
46687,6,-35.68533471265205,168.75,15,0
46688,6,-35.68533471265205,-180.0,9,0
46689,6,-35.68533471265205,-168.75,15,0
46690,6,-35.68533471265205,-157.5,9,0
46691,6,-35.68533471265205,-146.25,9,0
46692,6,-35.68533471265205,-135.0,6,0
46693,6,-35.68533471265205,-123.75,10,0
46694,6,-35.68533471265205,-112.5,11,0
46695,6,-35.68533471265205,-101.25,15,0
46696,6,-35.68533471265205,-90.0,14,0
46697,6,-35.68533471265205,-78.75000000000006,11,0
46698,6,-35.68533471265205,-67.5,3,0
46699,6,-35.68533471265205,-56.25,5,0
46700,6,-35.68533471265205,-45.0,10,0
46701,6,-35.68533471265205,-33.75000000000006,5,0
46702,6,-35.68533471265205,-22.5,11,0
46703,6,-35.68533471265205,-11.25,6,0
46704,6,-41.81031489577862,5.625,19,0
46705,6,-41.81031489577862,16.875,16,0
46706,6,-41.81031489577862,28.125,12,0
46707,6,-41.81031489577862,39.375,12,0
46708,6,-41.81031489577862,50.625,11,0
46709,6,-41.81031489577862,61.875,11,0
46710,6,-41.81031489577862,73.125,9,0
46711,6,-41.81031489577862,84.375,12,0
46712,6,-41.81031489577862,95.625,14,0
46713,6,-41.81031489577862,106.875,11,0
46714,6,-41.81031489577862,118.125,6,0
46715,6,-41.81031489577862,129.375,7,0
46716,6,-41.81031489577862,140.625,13,0
46717,6,-41.81031489577862,151.875,16,0
46718,6,-41.81031489577862,163.125,9,0
46719,6,-41.81031489577862,174.375,13,0
46720,6,-41.81031489577862,-174.375,12,0
46721,6,-41.81031489577862,-163.125,17,0
46722,6,-41.81031489577862,-151.875,13,0
46723,6,-41.81031489577862,-140.625,13,0
46724,6,-41.81031489577862,-129.37500000000006,17,0
46725,6,-41.81031489577862,-118.125,9,0
46726,6,-41.81031489577862,-106.875,7,0
46727,6,-41.81031489577862,-95.625,12,0
46728,6,-41.81031489577862,-84.375,8,0
46729,6,-41.81031489577862,-73.12500000000006,5,0
46730,6,-41.81031489577862,-61.875,7,0
46731,6,-41.81031489577862,-50.625,10,0
46732,6,-41.81031489577862,-39.375,12,0
46733,6,-41.81031489577862,-28.125,9,0
46734,6,-41.81031489577862,-16.875,6,0
46735,6,-41.81031489577862,-5.625,12,0
46736,6,-48.1412077943603,6.428571428571416,14,0
46737,6,-48.1412077943603,19.285714285714278,13,0
46738,6,-48.1412077943603,32.14285714285714,8,0
46739,6,-48.1412077943603,45.0,12,0
46740,6,-48.1412077943603,57.85714285714286,8,0
46741,6,-48.1412077943603,70.71428571428572,14,0
46742,6,-48.1412077943603,83.57142857142856,15,0
46743,6,-48.1412077943603,96.42857142857144,10,0
46744,6,-48.1412077943603,109.28571428571428,8,0
46745,6,-48.1412077943603,122.14285714285711,5,0
46746,6,-48.1412077943603,135.0,7,0
46747,6,-48.1412077943603,147.8571428571429,13,0
46748,6,-48.1412077943603,160.71428571428572,8,0
46749,6,-48.1412077943603,173.57142857142856,11,0
46750,6,-48.1412077943603,-173.57142857142856,15,0
46751,6,-48.1412077943603,-160.71428571428572,16,0
46752,6,-48.1412077943603,-147.8571428571429,16,0
46753,6,-48.1412077943603,-135.0,16,0
46754,6,-48.1412077943603,-122.14285714285711,10,0
46755,6,-48.1412077943603,-109.28571428571428,5,0
46756,6,-48.1412077943603,-96.42857142857144,8,0
46757,6,-48.1412077943603,-83.57142857142856,4,0
46758,6,-48.1412077943603,-70.71428571428572,13,0
46759,6,-48.1412077943603,-57.85714285714283,13,0
46760,6,-48.1412077943603,-45.0,8,0
46761,6,-48.1412077943603,-32.14285714285717,10,0
46762,6,-48.1412077943603,-19.28571428571422,12,0
46763,6,-48.1412077943603,-6.428571428571445,18,0
46764,6,-54.340912303861245,7.5,9,0
46765,6,-54.340912303861245,22.5,14,0
46766,6,-54.340912303861245,37.5,10,0
46767,6,-54.340912303861245,52.5,7,0
46768,6,-54.340912303861245,67.5,14,0
46769,6,-54.340912303861245,82.5,14,0
46770,6,-54.340912303861245,97.5,10,0
46771,6,-54.340912303861245,112.5,5,0
46772,6,-54.340912303861245,127.5,7,0
46773,6,-54.340912303861245,142.5,12,0
46774,6,-54.340912303861245,157.5,14,0
46775,6,-54.340912303861245,172.5,12,0
46776,6,-54.340912303861245,-172.5,10,0
46777,6,-54.340912303861245,-157.5,10,0
46778,6,-54.340912303861245,-142.5,10,0
46779,6,-54.340912303861245,-127.5,6,0
46780,6,-54.340912303861245,-112.5,5,0
46781,6,-54.340912303861245,-97.5,8,0
46782,6,-54.340912303861245,-82.5,12,0
46783,6,-54.340912303861245,-67.5,13,0
46784,6,-54.340912303861245,-52.50000000000006,5,0
46785,6,-54.340912303861245,-37.5,10,0
46786,6,-54.340912303861245,-22.5,8,0
46787,6,-54.340912303861245,-7.5,10,0
46788,6,-60.4344388449523,9.0,11,0
46789,6,-60.4344388449523,27.0,13,0
46790,6,-60.4344388449523,45.0,11,0
46791,6,-60.4344388449523,63.0,9,0
46792,6,-60.4344388449523,81.0,13,0
46793,6,-60.4344388449523,99.0,7,0
46794,6,-60.4344388449523,117.0,5,0
46795,6,-60.4344388449523,135.0,11,0
46796,6,-60.4344388449523,153.0,18,0
46797,6,-60.4344388449523,171.0,15,0
46798,6,-60.4344388449523,-171.0,18,0
46799,6,-60.4344388449523,-153.0,8,0
46800,6,-60.4344388449523,-135.0,8,0
46801,6,-60.4344388449523,-117.0,7,0
46802,6,-60.4344388449523,-99.0,7,0
46803,6,-60.4344388449523,-81.0,16,0
46804,6,-60.4344388449523,-63.0,17,0
46805,6,-60.4344388449523,-45.0,10,0
46806,6,-60.4344388449523,-27.0,13,0
46807,6,-60.4344388449523,-9.0,10,0
46808,6,-66.44353569089876,11.25,7,0
46809,6,-66.44353569089876,33.75,14,0
46810,6,-66.44353569089876,56.25,16,0
46811,6,-66.44353569089876,78.75,15,0
46812,6,-66.44353569089876,101.25,6,0
46813,6,-66.44353569089876,123.75,11,1
46814,6,-66.44353569089876,146.25,11,0
46815,6,-66.44353569089876,168.75,18,0
46816,6,-66.44353569089876,-168.75,12,0
46817,6,-66.44353569089876,-146.25,9,0
46818,6,-66.44353569089876,-123.75,8,0
46819,6,-66.44353569089876,-101.25,11,0
46820,6,-66.44353569089876,-78.75,12,0
46821,6,-66.44353569089876,-56.25,16,0
46822,6,-66.44353569089876,-33.75,13,0
46823,6,-66.44353569089876,-11.25,10,0
46824,6,-72.38756092964962,15.0,9,0
46825,6,-72.38756092964962,45.0,19,0
46826,6,-72.38756092964962,75.0,11,0
46827,6,-72.38756092964962,105.0,8,0
46828,6,-72.38756092964962,135.0,15,0
46829,6,-72.38756092964962,165.0,19,0
46830,6,-72.38756092964962,-165.0,8,0
46831,6,-72.38756092964962,-135.0,10,0
46832,6,-72.38756092964962,-105.0,9,0
46833,6,-72.38756092964962,-75.0,8,0
46834,6,-72.38756092964962,-45.0,11,0
46835,6,-72.38756092964962,-15.0,11,0
46836,6,-78.28414760510762,22.5,8,0
46837,6,-78.28414760510762,67.5,9,0
46838,6,-78.28414760510762,112.5,14,0
46839,6,-78.28414760510762,157.5,14,0
46840,6,-78.28414760510762,-157.5,9,0
46841,6,-78.28414760510762,-112.5,9,0
46842,6,-78.28414760510762,-67.5,16,0
46843,6,-78.28414760510762,-22.5,13,0
46844,6,-84.14973293629666,45.0,5,0
46845,6,-84.14973293629666,135.0,7,0
46846,6,-84.14973293629666,-135.0,7,0
46847,6,-84.14973293629666,-45.0,8,0
46848,6,84.14973293629666,45.0,13,0
46849,6,84.14973293629666,135.0,8,0
46850,6,84.14973293629666,-135.0,14,0
46851,6,84.14973293629666,-45.0,9,0
46852,6,78.28414760510762,22.5,12,0
46853,6,78.28414760510762,67.5,11,0
46854,6,78.28414760510762,112.5,5,0
46855,6,78.28414760510762,157.5,5,0
46856,6,78.28414760510762,-157.5,9,0
46857,6,78.28414760510762,-112.5,13,0
46858,6,78.28414760510762,-67.5,10,0
46859,6,78.28414760510762,-22.5,10,0
46860,6,72.38756092964962,15.0,7,0
46861,6,72.38756092964962,45.0,9,0
46862,6,72.38756092964962,75.0,8,0
46863,6,72.38756092964962,105.0,5,0
46864,6,72.38756092964962,135.0,12,0
46865,6,72.38756092964962,165.0,5,0
46866,6,72.38756092964962,-165.0,8,0
46867,6,72.38756092964962,-135.0,3,0
46868,6,72.38756092964962,-105.0,12,0
46869,6,72.38756092964962,-75.0,15,0
46870,6,72.38756092964962,-45.0,7,0
46871,6,72.38756092964962,-15.0,14,0
46872,6,66.44353569089877,11.25,9,0
46873,6,66.44353569089877,33.75,4,0
46874,6,66.44353569089877,56.25,10,0
46875,6,66.44353569089877,78.75,9,0
46876,6,66.44353569089877,101.25,10,0
46877,6,66.44353569089877,123.75,9,0
46878,6,66.44353569089877,146.25,8,0
46879,6,66.44353569089877,168.75,5,0
46880,6,66.44353569089877,-168.75,8,0
46881,6,66.44353569089877,-146.25,6,0
46882,6,66.44353569089877,-123.75,6,0
46883,6,66.44353569089877,-101.25,18,0
46884,6,66.44353569089877,-78.75,10,0
46885,6,66.44353569089877,-56.25,14,0
46886,6,66.44353569089877,-33.75,13,0
46887,6,66.44353569089877,-11.25,11,0
46888,6,60.43443884495228,9.0,13,0
46889,6,60.43443884495228,27.0,10,0
46890,6,60.43443884495228,45.0,14,0
46891,6,60.43443884495228,63.0,18,0
46892,6,60.43443884495228,81.0,12,0
46893,6,60.43443884495228,99.0,9,0
46894,6,60.43443884495228,117.0,6,0
46895,6,60.43443884495228,135.0,11,0
46896,6,60.43443884495228,153.0,15,0
46897,6,60.43443884495228,171.0,10,0
46898,6,60.43443884495228,-171.0,13,0
46899,6,60.43443884495228,-153.0,9,0
46900,6,60.43443884495228,-135.0,13,0
46901,6,60.43443884495228,-117.0,6,0
46902,6,60.43443884495228,-99.0,23,0
46903,6,60.43443884495228,-81.0,13,0
46904,6,60.43443884495228,-63.0,11,0
46905,6,60.43443884495228,-45.0,14,0
46906,6,60.43443884495228,-27.0,16,0
46907,6,60.43443884495228,-9.0,10,0
46908,6,54.340912303861245,7.5,10,0
46909,6,54.340912303861245,22.5,10,0
46910,6,54.340912303861245,37.5,14,0
46911,6,54.340912303861245,52.5,20,0
46912,6,54.340912303861245,67.5,18,0
46913,6,54.340912303861245,82.5,5,0
46914,6,54.340912303861245,97.5,5,0
46915,6,54.340912303861245,112.5,8,0
46916,6,54.340912303861245,127.5,7,0
46917,6,54.340912303861245,142.5,10,0
46918,6,54.340912303861245,157.5,12,0
46919,6,54.340912303861245,172.5,9,0
46920,6,54.340912303861245,-172.5,7,0
46921,6,54.340912303861245,-157.5,10,0
46922,6,54.340912303861245,-142.5,13,0
46923,6,54.340912303861245,-127.5,7,0
46924,6,54.340912303861245,-112.5,14,0
46925,6,54.340912303861245,-97.5,11,0
46926,6,54.340912303861245,-82.5,13,0
46927,6,54.340912303861245,-67.5,12,0
46928,6,54.340912303861245,-52.50000000000006,7,0
46929,6,54.340912303861245,-37.5,6,0
46930,6,54.340912303861245,-22.5,10,0
46931,6,54.340912303861245,-7.5,11,0
46932,6,48.141207794360284,6.428571428571416,8,0
46933,6,48.141207794360284,19.285714285714278,7,0
46934,6,48.141207794360284,32.14285714285714,7,0
46935,6,48.141207794360284,45.0,12,0
46936,6,48.141207794360284,57.85714285714286,11,0
46937,6,48.141207794360284,70.71428571428572,14,0
46938,6,48.141207794360284,83.57142857142856,8,0
46939,6,48.141207794360284,96.42857142857144,13,0
46940,6,48.141207794360284,109.28571428571428,10,0
46941,6,48.141207794360284,122.14285714285711,8,0
46942,6,48.141207794360284,135.0,11,0
46943,6,48.141207794360284,147.8571428571429,14,0
46944,6,48.141207794360284,160.71428571428572,2,0
46945,6,48.141207794360284,173.57142857142856,6,0
46946,6,48.141207794360284,-173.57142857142856,7,0
46947,6,48.141207794360284,-160.71428571428572,9,0
46948,6,48.141207794360284,-147.8571428571429,8,0
46949,6,48.141207794360284,-135.0,8,0
46950,6,48.141207794360284,-122.14285714285711,12,0
46951,6,48.141207794360284,-109.28571428571428,9,0
46952,6,48.141207794360284,-96.42857142857144,11,0
46953,6,48.141207794360284,-83.57142857142856,11,0
46954,6,48.141207794360284,-70.71428571428572,10,0
46955,6,48.141207794360284,-57.85714285714283,8,0
46956,6,48.141207794360284,-45.0,10,0
46957,6,48.141207794360284,-32.14285714285717,7,0
46958,6,48.141207794360284,-19.28571428571422,9,0
46959,6,48.141207794360284,-6.428571428571445,8,0
46960,6,41.81031489577859,5.625,11,0
46961,6,41.81031489577859,16.875,9,0
46962,6,41.81031489577859,28.125,6,0
46963,6,41.81031489577859,39.375,18,0
46964,6,41.81031489577859,50.625,12,0
46965,6,41.81031489577859,61.875,14,0
46966,6,41.81031489577859,73.125,13,0
46967,6,41.81031489577859,84.375,10,0
46968,6,41.81031489577859,95.625,12,0
46969,6,41.81031489577859,106.875,14,0
46970,6,41.81031489577859,118.125,14,0
46971,6,41.81031489577859,129.375,11,0
46972,6,41.81031489577859,140.625,11,0
46973,6,41.81031489577859,151.875,12,0
46974,6,41.81031489577859,163.125,8,0
46975,6,41.81031489577859,174.375,12,0
46976,6,41.81031489577859,-174.375,7,0
46977,6,41.81031489577859,-163.125,13,0
46978,6,41.81031489577859,-151.875,9,0
46979,6,41.81031489577859,-140.625,9,0
46980,6,41.81031489577859,-129.37500000000006,17,0
46981,6,41.81031489577859,-118.125,15,0
46982,6,41.81031489577859,-106.875,5,0
46983,6,41.81031489577859,-95.625,15,0
46984,6,41.81031489577859,-84.375,13,0
46985,6,41.81031489577859,-73.12500000000006,12,0
46986,6,41.81031489577859,-61.875,10,0
46987,6,41.81031489577859,-50.625,13,0
46988,6,41.81031489577859,-39.375,11,0
46989,6,41.81031489577859,-28.125,10,0
46990,6,41.81031489577859,-16.875,11,0
46991,6,41.81031489577859,-5.625,11,0
46992,6,35.68533471265204,0.0,15,0
46993,6,35.68533471265204,11.25,10,0
46994,6,35.68533471265204,22.5,10,0
46995,6,35.68533471265204,33.75,9,0
46996,6,35.68533471265204,45.0,14,0
46997,6,35.68533471265204,56.25,15,0
46998,6,35.68533471265204,67.5,14,0
46999,6,35.68533471265204,78.75,8,0
47000,6,35.68533471265204,90.0,12,0
47001,6,35.68533471265204,101.25,13,0
47002,6,35.68533471265204,112.5,9,0
47003,6,35.68533471265204,123.75,11,0
47004,6,35.68533471265204,135.0,5,0
47005,6,35.68533471265204,146.25,9,0
47006,6,35.68533471265204,157.5,12,0
47007,6,35.68533471265204,168.75,8,0
47008,6,35.68533471265204,-180.0,10,0
47009,6,35.68533471265204,-168.75,7,0
47010,6,35.68533471265204,-157.5,12,0
47011,6,35.68533471265204,-146.25,8,0
47012,6,35.68533471265204,-135.0,10,0
47013,6,35.68533471265204,-123.75,15,0
47014,6,35.68533471265204,-112.5,13,0
47015,6,35.68533471265204,-101.25,12,0
47016,6,35.68533471265204,-90.0,14,0
47017,6,35.68533471265204,-78.75000000000006,17,0
47018,6,35.68533471265204,-67.5,10,0
47019,6,35.68533471265204,-56.25,11,0
47020,6,35.68533471265204,-45.0,10,0
47021,6,35.68533471265204,-33.75000000000006,11,0
47022,6,35.68533471265204,-22.5,11,0
47023,6,35.68533471265204,-11.25,18,0
47024,6,30.000000000000007,5.625,20,0
47025,6,30.000000000000007,16.875,6,0
47026,6,30.000000000000007,28.125,8,0
47027,6,30.000000000000007,39.375,13,0
47028,6,30.000000000000007,50.625,16,0
47029,6,30.000000000000007,61.875,15,0
47030,6,30.000000000000007,73.125,7,0
47031,6,30.000000000000007,84.375,14,0
47032,6,30.000000000000007,95.625,12,0
47033,6,30.000000000000007,106.875,7,0
47034,6,30.000000000000007,118.125,8,0
47035,6,30.000000000000007,129.375,7,0
47036,6,30.000000000000007,140.625,4,0
47037,6,30.000000000000007,151.875,8,0
47038,6,30.000000000000007,163.125,8,0
47039,6,30.000000000000007,174.375,13,0
47040,6,30.000000000000007,-174.375,8,0
47041,6,30.000000000000007,-163.125,6,0
47042,6,30.000000000000007,-151.875,12,0
47043,6,30.000000000000007,-140.625,9,0
47044,6,30.000000000000007,-129.37500000000006,9,0
47045,6,30.000000000000007,-118.125,10,0
47046,6,30.000000000000007,-106.875,16,0
47047,6,30.000000000000007,-95.625,15,0
47048,6,30.000000000000007,-84.375,9,0
47049,6,30.000000000000007,-73.12500000000006,11,0
47050,6,30.000000000000007,-61.875,8,0
47051,6,30.000000000000007,-50.625,7,0
47052,6,30.000000000000007,-39.375,8,0
47053,6,30.000000000000007,-28.125,10,0
47054,6,30.000000000000007,-16.875,21,0
47055,6,30.000000000000007,-5.625,14,0
47056,6,24.62431835216408,0.0,19,0
47057,6,24.62431835216408,11.25,6,0
47058,6,24.62431835216408,22.5,10,0
47059,6,24.62431835216408,33.75,10,0
47060,6,24.62431835216408,45.0,15,0
47061,6,24.62431835216408,56.25,16,0
47062,6,24.62431835216408,67.5,13,0
47063,6,24.62431835216408,78.75,7,0
47064,6,24.62431835216408,90.0,10,0
47065,6,24.62431835216408,101.25,11,0
47066,6,24.62431835216408,112.5,5,0
47067,6,24.62431835216408,123.75,11,0
47068,6,24.62431835216408,135.0,9,1
47069,6,24.62431835216408,146.25,5,0
47070,6,24.62431835216408,157.5,9,0
47071,6,24.62431835216408,168.75,14,0
47072,6,24.62431835216408,-180.0,15,0
47073,6,24.62431835216408,-168.75,5,0
47074,6,24.62431835216408,-157.5,10,0
47075,6,24.62431835216408,-146.25,6,0
47076,6,24.62431835216408,-135.0,14,0
47077,6,24.62431835216408,-123.75,9,1
47078,6,24.62431835216408,-112.5,10,0
47079,6,24.62431835216408,-101.25,18,0
47080,6,24.62431835216408,-90.0,7,0
47081,6,24.62431835216408,-78.75000000000006,12,0
47082,6,24.62431835216408,-67.5,7,0
47083,6,24.62431835216408,-56.25,6,0
47084,6,24.62431835216408,-45.0,12,0
47085,6,24.62431835216408,-33.75000000000006,12,0
47086,6,24.62431835216408,-22.5,18,0
47087,6,24.62431835216408,-11.25,12,0
47088,6,19.47122063449069,5.625,8,0
47089,6,19.47122063449069,16.875,11,0
47090,6,19.47122063449069,28.125,7,0
47091,6,19.47122063449069,39.375,15,0
47092,6,19.47122063449069,50.625,10,0
47093,6,19.47122063449069,61.875,16,0
47094,6,19.47122063449069,73.125,10,0
47095,6,19.47122063449069,84.375,5,0
47096,6,19.47122063449069,95.625,9,0
47097,6,19.47122063449069,106.875,8,0
47098,6,19.47122063449069,118.125,11,0
47099,6,19.47122063449069,129.375,9,0
47100,6,19.47122063449069,140.625,10,1
47101,6,19.47122063449069,151.875,11,0
47102,6,19.47122063449069,163.125,6,0
47103,6,19.47122063449069,174.375,9,0
47104,6,19.47122063449069,-174.375,7,0
47105,6,19.47122063449069,-163.125,2,0
47106,6,19.47122063449069,-151.875,11,0
47107,6,19.47122063449069,-140.625,10,0
47108,6,19.47122063449069,-129.37500000000006,9,1
47109,6,19.47122063449069,-118.125,12,0
47110,6,19.47122063449069,-106.875,10,0
47111,6,19.47122063449069,-95.625,14,0
47112,6,19.47122063449069,-84.375,13,0
47113,6,19.47122063449069,-73.12500000000006,10,0
47114,6,19.47122063449069,-61.875,14,0
47115,6,19.47122063449069,-50.625,13,0
47116,6,19.47122063449069,-39.375,16,0
47117,6,19.47122063449069,-28.125,10,0
47118,6,19.47122063449069,-16.875,13,0
47119,6,19.47122063449069,-5.625,9,0
47120,6,14.477512185929925,0.0,7,0
47121,6,14.477512185929925,11.25,8,0
47122,6,14.477512185929925,22.5,14,0
47123,6,14.477512185929925,33.75,16,0
47124,6,14.477512185929925,45.0,11,0
47125,6,14.477512185929925,56.25,9,0
47126,6,14.477512185929925,67.5,16,0
47127,6,14.477512185929925,78.75,6,0
47128,6,14.477512185929925,90.0,8,0
47129,6,14.477512185929925,101.25,13,0
47130,6,14.477512185929925,112.5,9,0
47131,6,14.477512185929925,123.75,6,0
47132,6,14.477512185929925,135.0,11,0
47133,6,14.477512185929925,146.25,14,0
47134,6,14.477512185929925,157.5,12,0
47135,6,14.477512185929925,168.75,11,0
47136,6,14.477512185929925,-180.0,8,0
47137,6,14.477512185929925,-168.75,7,0
47138,6,14.477512185929925,-157.5,10,0
47139,6,14.477512185929925,-146.25,10,1
47140,6,14.477512185929925,-135.0,8,0
47141,6,14.477512185929925,-123.75,12,0
47142,6,14.477512185929925,-112.5,15,0
47143,6,14.477512185929925,-101.25,10,0
47144,6,14.477512185929925,-90.0,12,0
47145,6,14.477512185929925,-78.75000000000006,8,0
47146,6,14.477512185929925,-67.5,15,0
47147,6,14.477512185929925,-56.25,13,0
47148,6,14.477512185929925,-45.0,22,0
47149,6,14.477512185929925,-33.75000000000006,10,0
47150,6,14.477512185929925,-22.5,9,0
47151,6,14.477512185929925,-11.25,14,0
47152,6,9.594068226860458,5.625,14,0
47153,6,9.594068226860458,16.875,8,0
47154,6,9.594068226860458,28.125,10,0
47155,6,9.594068226860458,39.375,16,4
47156,6,9.594068226860458,50.625,9,0
47157,6,9.594068226860458,61.875,5,0
47158,6,9.594068226860458,73.125,12,0
47159,6,9.594068226860458,84.375,6,1
47160,6,9.594068226860458,95.625,7,0
47161,6,9.594068226860458,106.875,13,1
47162,6,9.594068226860458,118.125,9,1
47163,6,9.594068226860458,129.375,7,0
47164,6,9.594068226860458,140.625,10,0
47165,6,9.594068226860458,151.875,13,0
47166,6,9.594068226860458,163.125,8,0
47167,6,9.594068226860458,174.375,12,0
47168,6,9.594068226860458,-174.375,14,0
47169,6,9.594068226860458,-163.125,13,0
47170,6,9.594068226860458,-151.875,14,1
47171,6,9.594068226860458,-140.625,14,0
47172,6,9.594068226860458,-129.37500000000006,9,0
47173,6,9.594068226860458,-118.125,14,0
47174,6,9.594068226860458,-106.875,15,0
47175,6,9.594068226860458,-95.625,13,0
47176,6,9.594068226860458,-84.375,13,0
47177,6,9.594068226860458,-73.12500000000006,10,0
47178,6,9.594068226860458,-61.875,12,0
47179,6,9.594068226860458,-50.625,14,0
47180,6,9.594068226860458,-39.375,15,2
47181,6,9.594068226860458,-28.125,13,0
47182,6,9.594068226860458,-16.875,9,0
47183,6,9.594068226860458,-5.625,10,0
47184,6,4.780191847199163,0.0,11,2
47185,6,4.780191847199163,11.25,10,0
47186,6,4.780191847199163,22.5,10,2
47187,6,4.780191847199163,33.75,10,5
47188,6,4.780191847199163,45.0,7,4
47189,6,4.780191847199163,56.25,9,2
47190,6,4.780191847199163,67.5,14,2
47191,6,4.780191847199163,78.75,3,2
47192,6,4.780191847199163,90.0,10,3
47193,6,4.780191847199163,101.25,10,5
47194,6,4.780191847199163,112.5,12,4
47195,6,4.780191847199163,123.75,10,2
47196,6,4.780191847199163,135.0,9,3
47197,6,4.780191847199163,146.25,9,1
47198,6,4.780191847199163,157.5,7,0
47199,6,4.780191847199163,168.75,9,2
47200,6,4.780191847199163,-180.0,16,1
47201,6,4.780191847199163,-168.75,19,2
47202,6,4.780191847199163,-157.5,10,2
47203,6,4.780191847199163,-146.25,17,0
47204,6,4.780191847199163,-135.0,9,1
47205,6,4.780191847199163,-123.75,8,5
47206,6,4.780191847199163,-112.5,11,1
47207,6,4.780191847199163,-101.25,17,1
47208,6,4.780191847199163,-90.0,9,2
47209,6,4.780191847199163,-78.75000000000006,9,2
47210,6,4.780191847199163,-67.5,10,0
47211,6,4.780191847199163,-56.25,17,2
47212,6,4.780191847199163,-45.0,10,3
47213,6,4.780191847199163,-33.75000000000006,8,3
47214,6,4.780191847199163,-22.5,14,1
47215,6,4.780191847199163,-11.25,10,0
47216,6,0.0,5.625,7,3
47217,6,0.0,16.875,9,4
47218,6,0.0,28.125,8,2
47219,6,0.0,39.375,10,3
47220,6,0.0,50.625,6,3
47221,6,0.0,61.875,10,2
47222,6,0.0,73.125,10,3
47223,6,0.0,84.375,7,3
47224,6,0.0,95.625,10,3
47225,6,0.0,106.875,15,5
47226,6,0.0,118.125,10,5
47227,6,0.0,129.375,17,3
47228,6,0.0,140.625,18,3
47229,6,0.0,151.875,10,2
47230,6,0.0,163.125,6,3
47231,6,0.0,174.375,6,4
47232,6,0.0,-174.375,12,2
47233,6,0.0,-163.125,13,5
47234,6,0.0,-151.875,12,3
47235,6,0.0,-140.625,13,1
47236,6,0.0,-129.37500000000006,5,4
47237,6,0.0,-118.125,6,5
47238,6,0.0,-106.875,16,2
47239,6,0.0,-95.625,6,7
47240,6,0.0,-84.375,7,2
47241,6,0.0,-73.12500000000006,4,2
47242,6,0.0,-61.875,16,3
47243,6,0.0,-50.625,11,1
47244,6,0.0,-39.375,8,3
47245,6,0.0,-28.125,6,4
47246,6,0.0,-16.875,10,3
47247,6,0.0,-5.625,14,1
47248,6,-4.780191847199163,0.0,9,0
47249,6,-4.780191847199163,11.25,12,1
47250,6,-4.780191847199163,22.5,10,2
47251,6,-4.780191847199163,33.75,8,0
47252,6,-4.780191847199163,45.0,16,1
47253,6,-4.780191847199163,56.25,14,2
47254,6,-4.780191847199163,67.5,11,3
47255,6,-4.780191847199163,78.75,10,1
47256,6,-4.780191847199163,90.0,7,2
47257,6,-4.780191847199163,101.25,15,3
47258,6,-4.780191847199163,112.5,13,1
47259,6,-4.780191847199163,123.75,12,3
47260,6,-4.780191847199163,135.0,19,0
47261,6,-4.780191847199163,146.25,15,1
47262,6,-4.780191847199163,157.5,12,1
47263,6,-4.780191847199163,168.75,6,2
47264,6,-4.780191847199163,-180.0,10,3
47265,6,-4.780191847199163,-168.75,15,3
47266,6,-4.780191847199163,-157.5,9,2
47267,6,-4.780191847199163,-146.25,19,0
47268,6,-4.780191847199163,-135.0,7,2
47269,6,-4.780191847199163,-123.75,10,3
47270,6,-4.780191847199163,-112.5,9,3
47271,6,-4.780191847199163,-101.25,10,2
47272,6,-4.780191847199163,-90.0,8,2
47273,6,-4.780191847199163,-78.75000000000006,8,0
47274,6,-4.780191847199163,-67.5,7,2
47275,6,-4.780191847199163,-56.25,6,2
47276,6,-4.780191847199163,-45.0,12,1
47277,6,-4.780191847199163,-33.75000000000006,6,0
47278,6,-4.780191847199163,-22.5,13,3
47279,6,-4.780191847199163,-11.25,16,3
47280,6,-9.594068226860458,5.625,15,0
47281,6,-9.594068226860458,16.875,10,1
47282,6,-9.594068226860458,28.125,10,0
47283,6,-9.594068226860458,39.375,11,0
47284,6,-9.594068226860458,50.625,14,0
47285,6,-9.594068226860458,61.875,16,0
47286,6,-9.594068226860458,73.125,8,0
47287,6,-9.594068226860458,84.375,10,0
47288,6,-9.594068226860458,95.625,13,0
47289,6,-9.594068226860458,106.875,15,0
47290,6,-9.594068226860458,118.125,10,0
47291,6,-9.594068226860458,129.375,8,0
47292,6,-9.594068226860458,140.625,19,1
47293,6,-9.594068226860458,151.875,6,0
47294,6,-9.594068226860458,163.125,12,1
47295,6,-9.594068226860458,174.375,12,0
47296,6,-9.594068226860458,-174.375,9,0
47297,6,-9.594068226860458,-163.125,16,1
47298,6,-9.594068226860458,-151.875,10,0
47299,6,-9.594068226860458,-140.625,10,0
47300,6,-9.594068226860458,-129.37500000000006,10,0
47301,6,-9.594068226860458,-118.125,13,1
47302,6,-9.594068226860458,-106.875,11,0
47303,6,-9.594068226860458,-95.625,10,0
47304,6,-9.594068226860458,-84.375,12,0
47305,6,-9.594068226860458,-73.12500000000006,10,0
47306,6,-9.594068226860458,-61.875,9,0
47307,6,-9.594068226860458,-50.625,12,1
47308,6,-9.594068226860458,-39.375,8,0
47309,6,-9.594068226860458,-28.125,13,0
47310,6,-9.594068226860458,-16.875,12,3
47311,6,-9.594068226860458,-5.625,11,0
47312,6,-14.477512185929925,0.0,14,0
47313,6,-14.477512185929925,11.25,15,1
47314,6,-14.477512185929925,22.5,10,0
47315,6,-14.477512185929925,33.75,12,0
47316,6,-14.477512185929925,45.0,10,0
47317,6,-14.477512185929925,56.25,11,0
47318,6,-14.477512185929925,67.5,13,0
47319,6,-14.477512185929925,78.75,11,0
47320,6,-14.477512185929925,90.0,9,0
47321,6,-14.477512185929925,101.25,8,0
47322,6,-14.477512185929925,112.5,14,0
47323,6,-14.477512185929925,123.75,8,0
47324,6,-14.477512185929925,135.0,8,0
47325,6,-14.477512185929925,146.25,9,1
47326,6,-14.477512185929925,157.5,12,0
47327,6,-14.477512185929925,168.75,10,0
47328,6,-14.477512185929925,-180.0,11,0
47329,6,-14.477512185929925,-168.75,8,0
47330,6,-14.477512185929925,-157.5,12,0
47331,6,-14.477512185929925,-146.25,8,0
47332,6,-14.477512185929925,-135.0,9,0
47333,6,-14.477512185929925,-123.75,18,0
47334,6,-14.477512185929925,-112.5,11,0
47335,6,-14.477512185929925,-101.25,12,0
47336,6,-14.477512185929925,-90.0,11,0
47337,6,-14.477512185929925,-78.75000000000006,13,0
47338,6,-14.477512185929925,-67.5,9,0
47339,6,-14.477512185929925,-56.25,11,0
47340,6,-14.477512185929925,-45.0,15,0
47341,6,-14.477512185929925,-33.75000000000006,15,0
47342,6,-14.477512185929925,-22.5,15,0
47343,6,-14.477512185929925,-11.25,7,1
47344,6,-19.47122063449069,5.625,14,0
47345,6,-19.47122063449069,16.875,14,0
47346,6,-19.47122063449069,28.125,10,0
47347,6,-19.47122063449069,39.375,7,0
47348,6,-19.47122063449069,50.625,10,0
47349,6,-19.47122063449069,61.875,9,0
47350,6,-19.47122063449069,73.125,12,0
47351,6,-19.47122063449069,84.375,17,0
47352,6,-19.47122063449069,95.625,6,0
47353,6,-19.47122063449069,106.875,11,0
47354,6,-19.47122063449069,118.125,13,0
47355,6,-19.47122063449069,129.375,6,0
47356,6,-19.47122063449069,140.625,9,0
47357,6,-19.47122063449069,151.875,5,0
47358,6,-19.47122063449069,163.125,12,0
47359,6,-19.47122063449069,174.375,10,0
47360,6,-19.47122063449069,-174.375,16,0
47361,6,-19.47122063449069,-163.125,9,0
47362,6,-19.47122063449069,-151.875,7,0
47363,6,-19.47122063449069,-140.625,12,0
47364,6,-19.47122063449069,-129.37500000000006,4,0
47365,6,-19.47122063449069,-118.125,19,0
47366,6,-19.47122063449069,-106.875,10,0
47367,6,-19.47122063449069,-95.625,11,0
47368,6,-19.47122063449069,-84.375,9,0
47369,6,-19.47122063449069,-73.12500000000006,11,0
47370,6,-19.47122063449069,-61.875,7,0
47371,6,-19.47122063449069,-50.625,15,0
47372,6,-19.47122063449069,-39.375,13,0
47373,6,-19.47122063449069,-28.125,15,0
47374,6,-19.47122063449069,-16.875,11,0
47375,6,-19.47122063449069,-5.625,8,0
47376,6,-24.62431835216408,0.0,11,0
47377,6,-24.62431835216408,11.25,12,0
47378,6,-24.62431835216408,22.5,9,0
47379,6,-24.62431835216408,33.75,9,0
47380,6,-24.62431835216408,45.0,5,0
47381,6,-24.62431835216408,56.25,9,0
47382,6,-24.62431835216408,67.5,8,0
47383,6,-24.62431835216408,78.75,9,0
47384,6,-24.62431835216408,90.0,12,0
47385,6,-24.62431835216408,101.25,8,0
47386,6,-24.62431835216408,112.5,12,0
47387,6,-24.62431835216408,123.75,10,0
47388,6,-24.62431835216408,135.0,13,0
47389,6,-24.62431835216408,146.25,9,0
47390,6,-24.62431835216408,157.5,14,0
47391,6,-24.62431835216408,168.75,11,0
47392,6,-24.62431835216408,-180.0,12,0
47393,6,-24.62431835216408,-168.75,12,0
47394,6,-24.62431835216408,-157.5,7,0
47395,6,-24.62431835216408,-146.25,8,0
47396,6,-24.62431835216408,-135.0,10,0
47397,6,-24.62431835216408,-123.75,13,0
47398,6,-24.62431835216408,-112.5,17,0
47399,6,-24.62431835216408,-101.25,12,0
47400,6,-24.62431835216408,-90.0,12,0
47401,6,-24.62431835216408,-78.75000000000006,5,0
47402,6,-24.62431835216408,-67.5,9,0
47403,6,-24.62431835216408,-56.25,12,0
47404,6,-24.62431835216408,-45.0,6,0
47405,6,-24.62431835216408,-33.75000000000006,12,0
47406,6,-24.62431835216408,-22.5,14,0
47407,6,-24.62431835216408,-11.25,9,0
47408,6,-30.000000000000014,5.625,12,0
47409,6,-30.000000000000014,16.875,5,0
47410,6,-30.000000000000014,28.125,13,0
47411,6,-30.000000000000014,39.375,4,0
47412,6,-30.000000000000014,50.625,10,0
47413,6,-30.000000000000014,61.875,11,0
47414,6,-30.000000000000014,73.125,8,0
47415,6,-30.000000000000014,84.375,14,0
47416,6,-30.000000000000014,95.625,11,0
47417,6,-30.000000000000014,106.875,7,0
47418,6,-30.000000000000014,118.125,6,0
47419,6,-30.000000000000014,129.375,14,0
47420,6,-30.000000000000014,140.625,15,0
47421,6,-30.000000000000014,151.875,19,0
47422,6,-30.000000000000014,163.125,9,0
47423,6,-30.000000000000014,174.375,11,0
47424,6,-30.000000000000014,-174.375,5,0
47425,6,-30.000000000000014,-163.125,16,0
47426,6,-30.000000000000014,-151.875,10,0
47427,6,-30.000000000000014,-140.625,5,0
47428,6,-30.000000000000014,-129.37500000000006,9,0
47429,6,-30.000000000000014,-118.125,11,0
47430,6,-30.000000000000014,-106.875,12,0
47431,6,-30.000000000000014,-95.625,12,0
47432,6,-30.000000000000014,-84.375,8,0
47433,6,-30.000000000000014,-73.12500000000006,10,0
47434,6,-30.000000000000014,-61.875,3,0
47435,6,-30.000000000000014,-50.625,13,0
47436,6,-30.000000000000014,-39.375,3,0
47437,6,-30.000000000000014,-28.125,13,0
47438,6,-30.000000000000014,-16.875,11,0
47439,6,-30.000000000000014,-5.625,8,0
47440,6,-35.68533471265205,0.0,12,0
47441,6,-35.68533471265205,11.25,14,0
47442,6,-35.68533471265205,22.5,9,0
47443,6,-35.68533471265205,33.75,6,0
47444,6,-35.68533471265205,45.0,10,0
47445,6,-35.68533471265205,56.25,11,0
47446,6,-35.68533471265205,67.5,8,0
47447,6,-35.68533471265205,78.75,12,0
47448,6,-35.68533471265205,90.0,13,0
47449,6,-35.68533471265205,101.25,14,0
47450,6,-35.68533471265205,112.5,15,0
47451,6,-35.68533471265205,123.75,5,0
47452,6,-35.68533471265205,135.0,12,0
47453,6,-35.68533471265205,146.25,18,0
47454,6,-35.68533471265205,157.5,11,0
47455,6,-35.68533471265205,168.75,15,0
47456,6,-35.68533471265205,-180.0,9,0
47457,6,-35.68533471265205,-168.75,15,0
47458,6,-35.68533471265205,-157.5,9,0
47459,6,-35.68533471265205,-146.25,9,0
47460,6,-35.68533471265205,-135.0,6,0
47461,6,-35.68533471265205,-123.75,10,0
47462,6,-35.68533471265205,-112.5,11,0
47463,6,-35.68533471265205,-101.25,15,0
47464,6,-35.68533471265205,-90.0,14,0
47465,6,-35.68533471265205,-78.75000000000006,11,0
47466,6,-35.68533471265205,-67.5,3,0
47467,6,-35.68533471265205,-56.25,5,0
47468,6,-35.68533471265205,-45.0,10,0
47469,6,-35.68533471265205,-33.75000000000006,5,0
47470,6,-35.68533471265205,-22.5,11,0
47471,6,-35.68533471265205,-11.25,6,0
47472,6,-41.81031489577862,5.625,19,0
47473,6,-41.81031489577862,16.875,16,0
47474,6,-41.81031489577862,28.125,12,0
47475,6,-41.81031489577862,39.375,12,0
47476,6,-41.81031489577862,50.625,11,0
47477,6,-41.81031489577862,61.875,11,0
47478,6,-41.81031489577862,73.125,9,0
47479,6,-41.81031489577862,84.375,12,0
47480,6,-41.81031489577862,95.625,14,0
47481,6,-41.81031489577862,106.875,11,0
47482,6,-41.81031489577862,118.125,6,0
47483,6,-41.81031489577862,129.375,7,0
47484,6,-41.81031489577862,140.625,13,0
47485,6,-41.81031489577862,151.875,16,0
47486,6,-41.81031489577862,163.125,9,0
47487,6,-41.81031489577862,174.375,13,0
47488,6,-41.81031489577862,-174.375,12,0
47489,6,-41.81031489577862,-163.125,17,0
47490,6,-41.81031489577862,-151.875,13,0
47491,6,-41.81031489577862,-140.625,13,0
47492,6,-41.81031489577862,-129.37500000000006,17,0
47493,6,-41.81031489577862,-118.125,9,0
47494,6,-41.81031489577862,-106.875,7,0
47495,6,-41.81031489577862,-95.625,12,0
47496,6,-41.81031489577862,-84.375,8,0
47497,6,-41.81031489577862,-73.12500000000006,5,0
47498,6,-41.81031489577862,-61.875,7,0
47499,6,-41.81031489577862,-50.625,10,0
47500,6,-41.81031489577862,-39.375,12,0
47501,6,-41.81031489577862,-28.125,9,0
47502,6,-41.81031489577862,-16.875,6,0
47503,6,-41.81031489577862,-5.625,12,0
47504,6,-48.1412077943603,6.428571428571416,14,0
47505,6,-48.1412077943603,19.285714285714278,13,0
47506,6,-48.1412077943603,32.14285714285714,8,0
47507,6,-48.1412077943603,45.0,12,0
47508,6,-48.1412077943603,57.85714285714286,8,0
47509,6,-48.1412077943603,70.71428571428572,14,0
47510,6,-48.1412077943603,83.57142857142856,15,0
47511,6,-48.1412077943603,96.42857142857144,10,0
47512,6,-48.1412077943603,109.28571428571428,8,0
47513,6,-48.1412077943603,122.14285714285711,5,0
47514,6,-48.1412077943603,135.0,7,0
47515,6,-48.1412077943603,147.8571428571429,13,0
47516,6,-48.1412077943603,160.71428571428572,8,0
47517,6,-48.1412077943603,173.57142857142856,11,0
47518,6,-48.1412077943603,-173.57142857142856,15,0
47519,6,-48.1412077943603,-160.71428571428572,16,0
47520,6,-48.1412077943603,-147.8571428571429,16,0
47521,6,-48.1412077943603,-135.0,16,0
47522,6,-48.1412077943603,-122.14285714285711,10,0
47523,6,-48.1412077943603,-109.28571428571428,5,0
47524,6,-48.1412077943603,-96.42857142857144,8,0
47525,6,-48.1412077943603,-83.57142857142856,4,0
47526,6,-48.1412077943603,-70.71428571428572,13,0
47527,6,-48.1412077943603,-57.85714285714283,13,0
47528,6,-48.1412077943603,-45.0,8,0
47529,6,-48.1412077943603,-32.14285714285717,10,0
47530,6,-48.1412077943603,-19.28571428571422,12,0
47531,6,-48.1412077943603,-6.428571428571445,18,0
47532,6,-54.340912303861245,7.5,9,0
47533,6,-54.340912303861245,22.5,14,0
47534,6,-54.340912303861245,37.5,10,0
47535,6,-54.340912303861245,52.5,7,0
47536,6,-54.340912303861245,67.5,14,0
47537,6,-54.340912303861245,82.5,14,0
47538,6,-54.340912303861245,97.5,10,0
47539,6,-54.340912303861245,112.5,5,0
47540,6,-54.340912303861245,127.5,7,0
47541,6,-54.340912303861245,142.5,12,0
47542,6,-54.340912303861245,157.5,14,0
47543,6,-54.340912303861245,172.5,12,0
47544,6,-54.340912303861245,-172.5,10,0
47545,6,-54.340912303861245,-157.5,10,0
47546,6,-54.340912303861245,-142.5,10,0
47547,6,-54.340912303861245,-127.5,6,0
47548,6,-54.340912303861245,-112.5,5,0
47549,6,-54.340912303861245,-97.5,8,0
47550,6,-54.340912303861245,-82.5,12,0
47551,6,-54.340912303861245,-67.5,13,0
47552,6,-54.340912303861245,-52.50000000000006,5,0
47553,6,-54.340912303861245,-37.5,10,0
47554,6,-54.340912303861245,-22.5,8,0
47555,6,-54.340912303861245,-7.5,10,0
47556,6,-60.4344388449523,9.0,11,0
47557,6,-60.4344388449523,27.0,13,0
47558,6,-60.4344388449523,45.0,11,0
47559,6,-60.4344388449523,63.0,9,0
47560,6,-60.4344388449523,81.0,13,0
47561,6,-60.4344388449523,99.0,7,0
47562,6,-60.4344388449523,117.0,5,0
47563,6,-60.4344388449523,135.0,11,0
47564,6,-60.4344388449523,153.0,18,0
47565,6,-60.4344388449523,171.0,15,0
47566,6,-60.4344388449523,-171.0,18,0
47567,6,-60.4344388449523,-153.0,8,0
47568,6,-60.4344388449523,-135.0,8,0
47569,6,-60.4344388449523,-117.0,7,0
47570,6,-60.4344388449523,-99.0,7,0
47571,6,-60.4344388449523,-81.0,16,0
47572,6,-60.4344388449523,-63.0,17,0
47573,6,-60.4344388449523,-45.0,10,0
47574,6,-60.4344388449523,-27.0,13,0
47575,6,-60.4344388449523,-9.0,10,0
47576,6,-66.44353569089876,11.25,7,0
47577,6,-66.44353569089876,33.75,14,0
47578,6,-66.44353569089876,56.25,16,0
47579,6,-66.44353569089876,78.75,15,0
47580,6,-66.44353569089876,101.25,6,0
47581,6,-66.44353569089876,123.75,11,1
47582,6,-66.44353569089876,146.25,11,0
47583,6,-66.44353569089876,168.75,18,0
47584,6,-66.44353569089876,-168.75,12,0
47585,6,-66.44353569089876,-146.25,9,0
47586,6,-66.44353569089876,-123.75,8,0
47587,6,-66.44353569089876,-101.25,11,0
47588,6,-66.44353569089876,-78.75,12,0
47589,6,-66.44353569089876,-56.25,16,0
47590,6,-66.44353569089876,-33.75,13,0
47591,6,-66.44353569089876,-11.25,10,0
47592,6,-72.38756092964962,15.0,9,0
47593,6,-72.38756092964962,45.0,19,0
47594,6,-72.38756092964962,75.0,11,0
47595,6,-72.38756092964962,105.0,8,0
47596,6,-72.38756092964962,135.0,15,0
47597,6,-72.38756092964962,165.0,19,0
47598,6,-72.38756092964962,-165.0,8,0
47599,6,-72.38756092964962,-135.0,10,0
47600,6,-72.38756092964962,-105.0,9,0
47601,6,-72.38756092964962,-75.0,8,0
47602,6,-72.38756092964962,-45.0,11,0
47603,6,-72.38756092964962,-15.0,11,0
47604,6,-78.28414760510762,22.5,8,0
47605,6,-78.28414760510762,67.5,9,0
47606,6,-78.28414760510762,112.5,14,0
47607,6,-78.28414760510762,157.5,14,0
47608,6,-78.28414760510762,-157.5,9,0
47609,6,-78.28414760510762,-112.5,9,0
47610,6,-78.28414760510762,-67.5,16,0
47611,6,-78.28414760510762,-22.5,13,0
47612,6,-84.14973293629666,45.0,5,0
47613,6,-84.14973293629666,135.0,7,0
47614,6,-84.14973293629666,-135.0,7,0
47615,6,-84.14973293629666,-45.0,8,0
47616,6,84.14973293629666,45.0,13,0
47617,6,84.14973293629666,135.0,8,0
47618,6,84.14973293629666,-135.0,14,0
47619,6,84.14973293629666,-45.0,9,0
47620,6,78.28414760510762,22.5,12,0
47621,6,78.28414760510762,67.5,11,0
47622,6,78.28414760510762,112.5,5,0
47623,6,78.28414760510762,157.5,5,0
47624,6,78.28414760510762,-157.5,9,0
47625,6,78.28414760510762,-112.5,13,0
47626,6,78.28414760510762,-67.5,10,0
47627,6,78.28414760510762,-22.5,10,0
47628,6,72.38756092964962,15.0,7,0
47629,6,72.38756092964962,45.0,9,0
47630,6,72.38756092964962,75.0,8,0
47631,6,72.38756092964962,105.0,5,0
47632,6,72.38756092964962,135.0,12,0
47633,6,72.38756092964962,165.0,5,0
47634,6,72.38756092964962,-165.0,8,0
47635,6,72.38756092964962,-135.0,3,0
47636,6,72.38756092964962,-105.0,12,0
47637,6,72.38756092964962,-75.0,15,0
47638,6,72.38756092964962,-45.0,7,0
47639,6,72.38756092964962,-15.0,14,0
47640,6,66.44353569089877,11.25,9,0
47641,6,66.44353569089877,33.75,4,0
47642,6,66.44353569089877,56.25,10,0
47643,6,66.44353569089877,78.75,9,0
47644,6,66.44353569089877,101.25,10,0
47645,6,66.44353569089877,123.75,9,0
47646,6,66.44353569089877,146.25,8,0
47647,6,66.44353569089877,168.75,5,0
47648,6,66.44353569089877,-168.75,8,0
47649,6,66.44353569089877,-146.25,6,0
47650,6,66.44353569089877,-123.75,6,0
47651,6,66.44353569089877,-101.25,18,0
47652,6,66.44353569089877,-78.75,10,0
47653,6,66.44353569089877,-56.25,14,0
47654,6,66.44353569089877,-33.75,13,0
47655,6,66.44353569089877,-11.25,11,0
47656,6,60.43443884495228,9.0,13,0
47657,6,60.43443884495228,27.0,10,0
47658,6,60.43443884495228,45.0,14,0
47659,6,60.43443884495228,63.0,18,0
47660,6,60.43443884495228,81.0,12,0
47661,6,60.43443884495228,99.0,9,0
47662,6,60.43443884495228,117.0,6,0
47663,6,60.43443884495228,135.0,11,0
47664,6,60.43443884495228,153.0,15,0
47665,6,60.43443884495228,171.0,10,0
47666,6,60.43443884495228,-171.0,13,0
47667,6,60.43443884495228,-153.0,9,0
47668,6,60.43443884495228,-135.0,13,0
47669,6,60.43443884495228,-117.0,6,0
47670,6,60.43443884495228,-99.0,23,0
47671,6,60.43443884495228,-81.0,13,0
47672,6,60.43443884495228,-63.0,11,0
47673,6,60.43443884495228,-45.0,14,0
47674,6,60.43443884495228,-27.0,16,0
47675,6,60.43443884495228,-9.0,10,0
47676,6,54.340912303861245,7.5,10,0
47677,6,54.340912303861245,22.5,10,0
47678,6,54.340912303861245,37.5,14,0
47679,6,54.340912303861245,52.5,20,0
47680,6,54.340912303861245,67.5,18,0
47681,6,54.340912303861245,82.5,5,0
47682,6,54.340912303861245,97.5,5,0
47683,6,54.340912303861245,112.5,8,0
47684,6,54.340912303861245,127.5,7,0
47685,6,54.340912303861245,142.5,10,0
47686,6,54.340912303861245,157.5,12,0
47687,6,54.340912303861245,172.5,9,0
47688,6,54.340912303861245,-172.5,7,0
47689,6,54.340912303861245,-157.5,10,0
47690,6,54.340912303861245,-142.5,13,0
47691,6,54.340912303861245,-127.5,7,0
47692,6,54.340912303861245,-112.5,14,0
47693,6,54.340912303861245,-97.5,11,0
47694,6,54.340912303861245,-82.5,13,0
47695,6,54.340912303861245,-67.5,12,0
47696,6,54.340912303861245,-52.50000000000006,7,0
47697,6,54.340912303861245,-37.5,6,0
47698,6,54.340912303861245,-22.5,10,0
47699,6,54.340912303861245,-7.5,11,0
47700,6,48.141207794360284,6.428571428571416,8,0
47701,6,48.141207794360284,19.285714285714278,7,0
47702,6,48.141207794360284,32.14285714285714,7,0
47703,6,48.141207794360284,45.0,12,0
47704,6,48.141207794360284,57.85714285714286,11,0
47705,6,48.141207794360284,70.71428571428572,14,0
47706,6,48.141207794360284,83.57142857142856,8,0
47707,6,48.141207794360284,96.42857142857144,13,0
47708,6,48.141207794360284,109.28571428571428,10,0
47709,6,48.141207794360284,122.14285714285711,8,0
47710,6,48.141207794360284,135.0,11,0
47711,6,48.141207794360284,147.8571428571429,14,0
47712,6,48.141207794360284,160.71428571428572,2,0
47713,6,48.141207794360284,173.57142857142856,6,0
47714,6,48.141207794360284,-173.57142857142856,7,0
47715,6,48.141207794360284,-160.71428571428572,9,0
47716,6,48.141207794360284,-147.8571428571429,8,0
47717,6,48.141207794360284,-135.0,8,0
47718,6,48.141207794360284,-122.14285714285711,12,0
47719,6,48.141207794360284,-109.28571428571428,9,0
47720,6,48.141207794360284,-96.42857142857144,11,0
47721,6,48.141207794360284,-83.57142857142856,11,0
47722,6,48.141207794360284,-70.71428571428572,10,0
47723,6,48.141207794360284,-57.85714285714283,8,0
47724,6,48.141207794360284,-45.0,10,0
47725,6,48.141207794360284,-32.14285714285717,7,0
47726,6,48.141207794360284,-19.28571428571422,9,0
47727,6,48.141207794360284,-6.428571428571445,8,0
47728,6,41.81031489577859,5.625,11,0
47729,6,41.81031489577859,16.875,9,0
47730,6,41.81031489577859,28.125,6,0
47731,6,41.81031489577859,39.375,18,0
47732,6,41.81031489577859,50.625,12,0
47733,6,41.81031489577859,61.875,14,0
47734,6,41.81031489577859,73.125,13,0
47735,6,41.81031489577859,84.375,10,0
47736,6,41.81031489577859,95.625,12,0
47737,6,41.81031489577859,106.875,14,0
47738,6,41.81031489577859,118.125,14,0
47739,6,41.81031489577859,129.375,11,0
47740,6,41.81031489577859,140.625,11,0
47741,6,41.81031489577859,151.875,12,0
47742,6,41.81031489577859,163.125,8,0
47743,6,41.81031489577859,174.375,12,0
47744,6,41.81031489577859,-174.375,7,0
47745,6,41.81031489577859,-163.125,13,0
47746,6,41.81031489577859,-151.875,9,0
47747,6,41.81031489577859,-140.625,9,0
47748,6,41.81031489577859,-129.37500000000006,17,0
47749,6,41.81031489577859,-118.125,15,0
47750,6,41.81031489577859,-106.875,5,0
47751,6,41.81031489577859,-95.625,15,0
47752,6,41.81031489577859,-84.375,13,0
47753,6,41.81031489577859,-73.12500000000006,12,0
47754,6,41.81031489577859,-61.875,10,0
47755,6,41.81031489577859,-50.625,13,0
47756,6,41.81031489577859,-39.375,11,0
47757,6,41.81031489577859,-28.125,10,0
47758,6,41.81031489577859,-16.875,11,0
47759,6,41.81031489577859,-5.625,11,0
47760,6,35.68533471265204,0.0,15,0
47761,6,35.68533471265204,11.25,10,0
47762,6,35.68533471265204,22.5,10,0
47763,6,35.68533471265204,33.75,9,0
47764,6,35.68533471265204,45.0,14,0
47765,6,35.68533471265204,56.25,15,0
47766,6,35.68533471265204,67.5,14,0
47767,6,35.68533471265204,78.75,8,0
47768,6,35.68533471265204,90.0,12,0
47769,6,35.68533471265204,101.25,13,0
47770,6,35.68533471265204,112.5,9,0
47771,6,35.68533471265204,123.75,11,0
47772,6,35.68533471265204,135.0,5,0
47773,6,35.68533471265204,146.25,9,0
47774,6,35.68533471265204,157.5,12,0
47775,6,35.68533471265204,168.75,8,0
47776,6,35.68533471265204,-180.0,10,0
47777,6,35.68533471265204,-168.75,7,0
47778,6,35.68533471265204,-157.5,12,0
47779,6,35.68533471265204,-146.25,8,0
47780,6,35.68533471265204,-135.0,10,0
47781,6,35.68533471265204,-123.75,15,0
47782,6,35.68533471265204,-112.5,13,0
47783,6,35.68533471265204,-101.25,12,0
47784,6,35.68533471265204,-90.0,14,0
47785,6,35.68533471265204,-78.75000000000006,17,0
47786,6,35.68533471265204,-67.5,10,0
47787,6,35.68533471265204,-56.25,11,0
47788,6,35.68533471265204,-45.0,10,0
47789,6,35.68533471265204,-33.75000000000006,11,0
47790,6,35.68533471265204,-22.5,11,0
47791,6,35.68533471265204,-11.25,18,0
47792,6,30.000000000000007,5.625,20,0
47793,6,30.000000000000007,16.875,6,0
47794,6,30.000000000000007,28.125,8,0
47795,6,30.000000000000007,39.375,13,0
47796,6,30.000000000000007,50.625,16,0
47797,6,30.000000000000007,61.875,15,0
47798,6,30.000000000000007,73.125,7,0
47799,6,30.000000000000007,84.375,14,0
47800,6,30.000000000000007,95.625,12,0
47801,6,30.000000000000007,106.875,7,0
47802,6,30.000000000000007,118.125,8,0
47803,6,30.000000000000007,129.375,7,0
47804,6,30.000000000000007,140.625,4,0
47805,6,30.000000000000007,151.875,8,0
47806,6,30.000000000000007,163.125,8,0
47807,6,30.000000000000007,174.375,13,0
47808,6,30.000000000000007,-174.375,8,0
47809,6,30.000000000000007,-163.125,6,0
47810,6,30.000000000000007,-151.875,12,0
47811,6,30.000000000000007,-140.625,9,0
47812,6,30.000000000000007,-129.37500000000006,9,0
47813,6,30.000000000000007,-118.125,10,0
47814,6,30.000000000000007,-106.875,16,0
47815,6,30.000000000000007,-95.625,15,0
47816,6,30.000000000000007,-84.375,9,0
47817,6,30.000000000000007,-73.12500000000006,11,0
47818,6,30.000000000000007,-61.875,8,0
47819,6,30.000000000000007,-50.625,7,0
47820,6,30.000000000000007,-39.375,8,0
47821,6,30.000000000000007,-28.125,10,0
47822,6,30.000000000000007,-16.875,21,0
47823,6,30.000000000000007,-5.625,14,0
47824,6,24.62431835216408,0.0,19,0
47825,6,24.62431835216408,11.25,6,0
47826,6,24.62431835216408,22.5,10,0
47827,6,24.62431835216408,33.75,10,0
47828,6,24.62431835216408,45.0,15,0
47829,6,24.62431835216408,56.25,16,0
47830,6,24.62431835216408,67.5,13,0
47831,6,24.62431835216408,78.75,7,0
47832,6,24.62431835216408,90.0,10,0
47833,6,24.62431835216408,101.25,11,0
47834,6,24.62431835216408,112.5,5,0
47835,6,24.62431835216408,123.75,11,0
47836,6,24.62431835216408,135.0,9,1
47837,6,24.62431835216408,146.25,5,0
47838,6,24.62431835216408,157.5,9,0
47839,6,24.62431835216408,168.75,14,0
47840,6,24.62431835216408,-180.0,15,0
47841,6,24.62431835216408,-168.75,5,0
47842,6,24.62431835216408,-157.5,10,0
47843,6,24.62431835216408,-146.25,6,0
47844,6,24.62431835216408,-135.0,14,0
47845,6,24.62431835216408,-123.75,9,1
47846,6,24.62431835216408,-112.5,10,0
47847,6,24.62431835216408,-101.25,18,0
47848,6,24.62431835216408,-90.0,7,0
47849,6,24.62431835216408,-78.75000000000006,12,0
47850,6,24.62431835216408,-67.5,7,0
47851,6,24.62431835216408,-56.25,6,0
47852,6,24.62431835216408,-45.0,12,0
47853,6,24.62431835216408,-33.75000000000006,12,0
47854,6,24.62431835216408,-22.5,18,0
47855,6,24.62431835216408,-11.25,12,0
47856,6,19.47122063449069,5.625,8,0
47857,6,19.47122063449069,16.875,11,0
47858,6,19.47122063449069,28.125,7,0
47859,6,19.47122063449069,39.375,15,0
47860,6,19.47122063449069,50.625,10,0
47861,6,19.47122063449069,61.875,16,0
47862,6,19.47122063449069,73.125,10,0
47863,6,19.47122063449069,84.375,5,0
47864,6,19.47122063449069,95.625,9,0
47865,6,19.47122063449069,106.875,8,0
47866,6,19.47122063449069,118.125,11,0
47867,6,19.47122063449069,129.375,9,0
47868,6,19.47122063449069,140.625,10,1
47869,6,19.47122063449069,151.875,11,0
47870,6,19.47122063449069,163.125,6,0
47871,6,19.47122063449069,174.375,9,0
47872,6,19.47122063449069,-174.375,7,0
47873,6,19.47122063449069,-163.125,2,0
47874,6,19.47122063449069,-151.875,11,0
47875,6,19.47122063449069,-140.625,10,0
47876,6,19.47122063449069,-129.37500000000006,9,1
47877,6,19.47122063449069,-118.125,12,0
47878,6,19.47122063449069,-106.875,10,0
47879,6,19.47122063449069,-95.625,14,0
47880,6,19.47122063449069,-84.375,13,0
47881,6,19.47122063449069,-73.12500000000006,10,0
47882,6,19.47122063449069,-61.875,14,0
47883,6,19.47122063449069,-50.625,13,0
47884,6,19.47122063449069,-39.375,16,0
47885,6,19.47122063449069,-28.125,10,0
47886,6,19.47122063449069,-16.875,13,0
47887,6,19.47122063449069,-5.625,9,0
47888,6,14.477512185929925,0.0,7,0
47889,6,14.477512185929925,11.25,8,0
47890,6,14.477512185929925,22.5,14,0
47891,6,14.477512185929925,33.75,16,0
47892,6,14.477512185929925,45.0,11,0
47893,6,14.477512185929925,56.25,9,0
47894,6,14.477512185929925,67.5,16,0
47895,6,14.477512185929925,78.75,6,0
47896,6,14.477512185929925,90.0,8,0
47897,6,14.477512185929925,101.25,13,0
47898,6,14.477512185929925,112.5,9,0
47899,6,14.477512185929925,123.75,6,0
47900,6,14.477512185929925,135.0,11,0
47901,6,14.477512185929925,146.25,14,0
47902,6,14.477512185929925,157.5,12,0
47903,6,14.477512185929925,168.75,11,0
47904,6,14.477512185929925,-180.0,8,0
47905,6,14.477512185929925,-168.75,7,0
47906,6,14.477512185929925,-157.5,10,0
47907,6,14.477512185929925,-146.25,10,1
47908,6,14.477512185929925,-135.0,8,0
47909,6,14.477512185929925,-123.75,12,0
47910,6,14.477512185929925,-112.5,15,0
47911,6,14.477512185929925,-101.25,10,0
47912,6,14.477512185929925,-90.0,12,0
47913,6,14.477512185929925,-78.75000000000006,8,0
47914,6,14.477512185929925,-67.5,15,0
47915,6,14.477512185929925,-56.25,13,0
47916,6,14.477512185929925,-45.0,22,0
47917,6,14.477512185929925,-33.75000000000006,10,0
47918,6,14.477512185929925,-22.5,9,0
47919,6,14.477512185929925,-11.25,14,0
47920,6,9.594068226860458,5.625,14,0
47921,6,9.594068226860458,16.875,8,0
47922,6,9.594068226860458,28.125,10,0
47923,6,9.594068226860458,39.375,16,4
47924,6,9.594068226860458,50.625,9,0
47925,6,9.594068226860458,61.875,5,0
47926,6,9.594068226860458,73.125,12,0
47927,6,9.594068226860458,84.375,6,1
47928,6,9.594068226860458,95.625,7,0
47929,6,9.594068226860458,106.875,13,1
47930,6,9.594068226860458,118.125,9,1
47931,6,9.594068226860458,129.375,7,0
47932,6,9.594068226860458,140.625,10,0
47933,6,9.594068226860458,151.875,13,0
47934,6,9.594068226860458,163.125,8,0
47935,6,9.594068226860458,174.375,12,0
47936,6,9.594068226860458,-174.375,14,0
47937,6,9.594068226860458,-163.125,13,0
47938,6,9.594068226860458,-151.875,14,1
47939,6,9.594068226860458,-140.625,14,0
47940,6,9.594068226860458,-129.37500000000006,9,0
47941,6,9.594068226860458,-118.125,14,0
47942,6,9.594068226860458,-106.875,15,0
47943,6,9.594068226860458,-95.625,13,0
47944,6,9.594068226860458,-84.375,13,0
47945,6,9.594068226860458,-73.12500000000006,10,0
47946,6,9.594068226860458,-61.875,12,0
47947,6,9.594068226860458,-50.625,14,0
47948,6,9.594068226860458,-39.375,15,2
47949,6,9.594068226860458,-28.125,13,0
47950,6,9.594068226860458,-16.875,9,0
47951,6,9.594068226860458,-5.625,10,0
47952,6,4.780191847199163,0.0,11,2
47953,6,4.780191847199163,11.25,10,0
47954,6,4.780191847199163,22.5,10,2
47955,6,4.780191847199163,33.75,10,5
47956,6,4.780191847199163,45.0,7,4
47957,6,4.780191847199163,56.25,9,2
47958,6,4.780191847199163,67.5,14,2
47959,6,4.780191847199163,78.75,3,2
47960,6,4.780191847199163,90.0,10,3
47961,6,4.780191847199163,101.25,10,5
47962,6,4.780191847199163,112.5,12,4
47963,6,4.780191847199163,123.75,10,2
47964,6,4.780191847199163,135.0,9,3
47965,6,4.780191847199163,146.25,9,1
47966,6,4.780191847199163,157.5,7,0
47967,6,4.780191847199163,168.75,9,2
47968,6,4.780191847199163,-180.0,16,1
47969,6,4.780191847199163,-168.75,19,2
47970,6,4.780191847199163,-157.5,10,2
47971,6,4.780191847199163,-146.25,17,0
47972,6,4.780191847199163,-135.0,9,1
47973,6,4.780191847199163,-123.75,8,5
47974,6,4.780191847199163,-112.5,11,1
47975,6,4.780191847199163,-101.25,17,1
47976,6,4.780191847199163,-90.0,9,2
47977,6,4.780191847199163,-78.75000000000006,9,2
47978,6,4.780191847199163,-67.5,10,0
47979,6,4.780191847199163,-56.25,17,2
47980,6,4.780191847199163,-45.0,10,3
47981,6,4.780191847199163,-33.75000000000006,8,3
47982,6,4.780191847199163,-22.5,14,1
47983,6,4.780191847199163,-11.25,10,0
47984,6,0.0,5.625,7,3
47985,6,0.0,16.875,9,4
47986,6,0.0,28.125,8,2
47987,6,0.0,39.375,10,3
47988,6,0.0,50.625,6,3
47989,6,0.0,61.875,10,2
47990,6,0.0,73.125,10,3
47991,6,0.0,84.375,7,3
47992,6,0.0,95.625,10,3
47993,6,0.0,106.875,15,5
47994,6,0.0,118.125,10,5
47995,6,0.0,129.375,17,3
47996,6,0.0,140.625,18,3
47997,6,0.0,151.875,10,2
47998,6,0.0,163.125,6,3
47999,6,0.0,174.375,6,4
48000,6,0.0,-174.375,12,2
48001,6,0.0,-163.125,13,5
48002,6,0.0,-151.875,12,3
48003,6,0.0,-140.625,13,1
48004,6,0.0,-129.37500000000006,5,4
48005,6,0.0,-118.125,6,5
48006,6,0.0,-106.875,16,2
48007,6,0.0,-95.625,6,7
48008,6,0.0,-84.375,7,2
48009,6,0.0,-73.12500000000006,4,2
48010,6,0.0,-61.875,16,3
48011,6,0.0,-50.625,11,1
48012,6,0.0,-39.375,8,3
48013,6,0.0,-28.125,6,4
48014,6,0.0,-16.875,10,3
48015,6,0.0,-5.625,14,1
48016,6,-4.780191847199163,0.0,9,0
48017,6,-4.780191847199163,11.25,12,1
48018,6,-4.780191847199163,22.5,10,2
48019,6,-4.780191847199163,33.75,8,0
48020,6,-4.780191847199163,45.0,16,1
48021,6,-4.780191847199163,56.25,14,2
48022,6,-4.780191847199163,67.5,11,3
48023,6,-4.780191847199163,78.75,10,1
48024,6,-4.780191847199163,90.0,7,2
48025,6,-4.780191847199163,101.25,15,3
48026,6,-4.780191847199163,112.5,13,1
48027,6,-4.780191847199163,123.75,12,3
48028,6,-4.780191847199163,135.0,19,0
48029,6,-4.780191847199163,146.25,15,1
48030,6,-4.780191847199163,157.5,12,1
48031,6,-4.780191847199163,168.75,6,2
48032,6,-4.780191847199163,-180.0,10,3
48033,6,-4.780191847199163,-168.75,15,3
48034,6,-4.780191847199163,-157.5,9,2
48035,6,-4.780191847199163,-146.25,19,0
48036,6,-4.780191847199163,-135.0,7,2
48037,6,-4.780191847199163,-123.75,10,3
48038,6,-4.780191847199163,-112.5,9,3
48039,6,-4.780191847199163,-101.25,10,2
48040,6,-4.780191847199163,-90.0,8,2
48041,6,-4.780191847199163,-78.75000000000006,8,0
48042,6,-4.780191847199163,-67.5,7,2
48043,6,-4.780191847199163,-56.25,6,2
48044,6,-4.780191847199163,-45.0,12,1
48045,6,-4.780191847199163,-33.75000000000006,6,0
48046,6,-4.780191847199163,-22.5,13,3
48047,6,-4.780191847199163,-11.25,16,3
48048,6,-9.594068226860458,5.625,15,0
48049,6,-9.594068226860458,16.875,10,1
48050,6,-9.594068226860458,28.125,10,0
48051,6,-9.594068226860458,39.375,11,0
48052,6,-9.594068226860458,50.625,14,0
48053,6,-9.594068226860458,61.875,16,0
48054,6,-9.594068226860458,73.125,8,0
48055,6,-9.594068226860458,84.375,10,0
48056,6,-9.594068226860458,95.625,13,0
48057,6,-9.594068226860458,106.875,15,0
48058,6,-9.594068226860458,118.125,10,0
48059,6,-9.594068226860458,129.375,8,0
48060,6,-9.594068226860458,140.625,19,1
48061,6,-9.594068226860458,151.875,6,0
48062,6,-9.594068226860458,163.125,12,1
48063,6,-9.594068226860458,174.375,12,0
48064,6,-9.594068226860458,-174.375,9,0
48065,6,-9.594068226860458,-163.125,16,1
48066,6,-9.594068226860458,-151.875,10,0
48067,6,-9.594068226860458,-140.625,10,0
48068,6,-9.594068226860458,-129.37500000000006,10,0
48069,6,-9.594068226860458,-118.125,13,1
48070,6,-9.594068226860458,-106.875,11,0
48071,6,-9.594068226860458,-95.625,10,0
48072,6,-9.594068226860458,-84.375,12,0
48073,6,-9.594068226860458,-73.12500000000006,10,0
48074,6,-9.594068226860458,-61.875,9,0
48075,6,-9.594068226860458,-50.625,12,1
48076,6,-9.594068226860458,-39.375,8,0
48077,6,-9.594068226860458,-28.125,13,0
48078,6,-9.594068226860458,-16.875,12,3
48079,6,-9.594068226860458,-5.625,11,0
48080,6,-14.477512185929925,0.0,14,0
48081,6,-14.477512185929925,11.25,15,1
48082,6,-14.477512185929925,22.5,10,0
48083,6,-14.477512185929925,33.75,12,0
48084,6,-14.477512185929925,45.0,10,0
48085,6,-14.477512185929925,56.25,11,0
48086,6,-14.477512185929925,67.5,13,0
48087,6,-14.477512185929925,78.75,11,0
48088,6,-14.477512185929925,90.0,9,0
48089,6,-14.477512185929925,101.25,8,0
48090,6,-14.477512185929925,112.5,14,0
48091,6,-14.477512185929925,123.75,8,0
48092,6,-14.477512185929925,135.0,8,0
48093,6,-14.477512185929925,146.25,9,1
48094,6,-14.477512185929925,157.5,12,0
48095,6,-14.477512185929925,168.75,10,0
48096,6,-14.477512185929925,-180.0,11,0
48097,6,-14.477512185929925,-168.75,8,0
48098,6,-14.477512185929925,-157.5,12,0
48099,6,-14.477512185929925,-146.25,8,0
48100,6,-14.477512185929925,-135.0,9,0
48101,6,-14.477512185929925,-123.75,18,0
48102,6,-14.477512185929925,-112.5,11,0
48103,6,-14.477512185929925,-101.25,12,0
48104,6,-14.477512185929925,-90.0,11,0
48105,6,-14.477512185929925,-78.75000000000006,13,0
48106,6,-14.477512185929925,-67.5,9,0
48107,6,-14.477512185929925,-56.25,11,0
48108,6,-14.477512185929925,-45.0,15,0
48109,6,-14.477512185929925,-33.75000000000006,15,0
48110,6,-14.477512185929925,-22.5,15,0
48111,6,-14.477512185929925,-11.25,7,1
48112,6,-19.47122063449069,5.625,14,0
48113,6,-19.47122063449069,16.875,14,0
48114,6,-19.47122063449069,28.125,10,0
48115,6,-19.47122063449069,39.375,7,0
48116,6,-19.47122063449069,50.625,10,0
48117,6,-19.47122063449069,61.875,9,0
48118,6,-19.47122063449069,73.125,12,0
48119,6,-19.47122063449069,84.375,17,0
48120,6,-19.47122063449069,95.625,6,0
48121,6,-19.47122063449069,106.875,11,0
48122,6,-19.47122063449069,118.125,13,0
48123,6,-19.47122063449069,129.375,6,0
48124,6,-19.47122063449069,140.625,9,0
48125,6,-19.47122063449069,151.875,5,0
48126,6,-19.47122063449069,163.125,12,0
48127,6,-19.47122063449069,174.375,10,0
48128,6,-19.47122063449069,-174.375,16,0
48129,6,-19.47122063449069,-163.125,9,0
48130,6,-19.47122063449069,-151.875,7,0
48131,6,-19.47122063449069,-140.625,12,0
48132,6,-19.47122063449069,-129.37500000000006,4,0
48133,6,-19.47122063449069,-118.125,19,0
48134,6,-19.47122063449069,-106.875,10,0
48135,6,-19.47122063449069,-95.625,11,0
48136,6,-19.47122063449069,-84.375,9,0
48137,6,-19.47122063449069,-73.12500000000006,11,0
48138,6,-19.47122063449069,-61.875,7,0
48139,6,-19.47122063449069,-50.625,15,0
48140,6,-19.47122063449069,-39.375,13,0
48141,6,-19.47122063449069,-28.125,15,0
48142,6,-19.47122063449069,-16.875,11,0
48143,6,-19.47122063449069,-5.625,8,0
48144,6,-24.62431835216408,0.0,11,0
48145,6,-24.62431835216408,11.25,12,0
48146,6,-24.62431835216408,22.5,9,0
48147,6,-24.62431835216408,33.75,9,0
48148,6,-24.62431835216408,45.0,5,0
48149,6,-24.62431835216408,56.25,9,0
48150,6,-24.62431835216408,67.5,8,0
48151,6,-24.62431835216408,78.75,9,0
48152,6,-24.62431835216408,90.0,12,0
48153,6,-24.62431835216408,101.25,8,0
48154,6,-24.62431835216408,112.5,12,0
48155,6,-24.62431835216408,123.75,10,0
48156,6,-24.62431835216408,135.0,13,0
48157,6,-24.62431835216408,146.25,9,0
48158,6,-24.62431835216408,157.5,14,0
48159,6,-24.62431835216408,168.75,11,0
48160,6,-24.62431835216408,-180.0,12,0
48161,6,-24.62431835216408,-168.75,12,0
48162,6,-24.62431835216408,-157.5,7,0
48163,6,-24.62431835216408,-146.25,8,0
48164,6,-24.62431835216408,-135.0,10,0
48165,6,-24.62431835216408,-123.75,13,0
48166,6,-24.62431835216408,-112.5,17,0
48167,6,-24.62431835216408,-101.25,12,0
48168,6,-24.62431835216408,-90.0,12,0
48169,6,-24.62431835216408,-78.75000000000006,5,0
48170,6,-24.62431835216408,-67.5,9,0
48171,6,-24.62431835216408,-56.25,12,0
48172,6,-24.62431835216408,-45.0,6,0
48173,6,-24.62431835216408,-33.75000000000006,12,0
48174,6,-24.62431835216408,-22.5,14,0
48175,6,-24.62431835216408,-11.25,9,0
48176,6,-30.000000000000014,5.625,12,0
48177,6,-30.000000000000014,16.875,5,0
48178,6,-30.000000000000014,28.125,13,0
48179,6,-30.000000000000014,39.375,4,0
48180,6,-30.000000000000014,50.625,10,0
48181,6,-30.000000000000014,61.875,11,0
48182,6,-30.000000000000014,73.125,8,0
48183,6,-30.000000000000014,84.375,14,0
48184,6,-30.000000000000014,95.625,11,0
48185,6,-30.000000000000014,106.875,7,0
48186,6,-30.000000000000014,118.125,6,0
48187,6,-30.000000000000014,129.375,14,0
48188,6,-30.000000000000014,140.625,15,0
48189,6,-30.000000000000014,151.875,19,0
48190,6,-30.000000000000014,163.125,9,0
48191,6,-30.000000000000014,174.375,11,0
48192,6,-30.000000000000014,-174.375,5,0
48193,6,-30.000000000000014,-163.125,16,0
48194,6,-30.000000000000014,-151.875,10,0
48195,6,-30.000000000000014,-140.625,5,0
48196,6,-30.000000000000014,-129.37500000000006,9,0
48197,6,-30.000000000000014,-118.125,11,0
48198,6,-30.000000000000014,-106.875,12,0
48199,6,-30.000000000000014,-95.625,12,0
48200,6,-30.000000000000014,-84.375,8,0
48201,6,-30.000000000000014,-73.12500000000006,10,0
48202,6,-30.000000000000014,-61.875,3,0
48203,6,-30.000000000000014,-50.625,13,0
48204,6,-30.000000000000014,-39.375,3,0
48205,6,-30.000000000000014,-28.125,13,0
48206,6,-30.000000000000014,-16.875,11,0
48207,6,-30.000000000000014,-5.625,8,0
48208,6,-35.68533471265205,0.0,12,0
48209,6,-35.68533471265205,11.25,14,0
48210,6,-35.68533471265205,22.5,9,0
48211,6,-35.68533471265205,33.75,6,0
48212,6,-35.68533471265205,45.0,10,0
48213,6,-35.68533471265205,56.25,11,0
48214,6,-35.68533471265205,67.5,8,0
48215,6,-35.68533471265205,78.75,12,0
48216,6,-35.68533471265205,90.0,13,0
48217,6,-35.68533471265205,101.25,14,0
48218,6,-35.68533471265205,112.5,15,0
48219,6,-35.68533471265205,123.75,5,0
48220,6,-35.68533471265205,135.0,12,0
48221,6,-35.68533471265205,146.25,18,0
48222,6,-35.68533471265205,157.5,11,0
48223,6,-35.68533471265205,168.75,15,0
48224,6,-35.68533471265205,-180.0,9,0
48225,6,-35.68533471265205,-168.75,15,0
48226,6,-35.68533471265205,-157.5,9,0
48227,6,-35.68533471265205,-146.25,9,0
48228,6,-35.68533471265205,-135.0,6,0
48229,6,-35.68533471265205,-123.75,10,0
48230,6,-35.68533471265205,-112.5,11,0
48231,6,-35.68533471265205,-101.25,15,0
48232,6,-35.68533471265205,-90.0,14,0
48233,6,-35.68533471265205,-78.75000000000006,11,0
48234,6,-35.68533471265205,-67.5,3,0
48235,6,-35.68533471265205,-56.25,5,0
48236,6,-35.68533471265205,-45.0,10,0
48237,6,-35.68533471265205,-33.75000000000006,5,0
48238,6,-35.68533471265205,-22.5,11,0
48239,6,-35.68533471265205,-11.25,6,0
48240,6,-41.81031489577862,5.625,19,0
48241,6,-41.81031489577862,16.875,16,0
48242,6,-41.81031489577862,28.125,12,0
48243,6,-41.81031489577862,39.375,12,0
48244,6,-41.81031489577862,50.625,11,0
48245,6,-41.81031489577862,61.875,11,0
48246,6,-41.81031489577862,73.125,9,0
48247,6,-41.81031489577862,84.375,12,0
48248,6,-41.81031489577862,95.625,14,0
48249,6,-41.81031489577862,106.875,11,0
48250,6,-41.81031489577862,118.125,6,0
48251,6,-41.81031489577862,129.375,7,0
48252,6,-41.81031489577862,140.625,13,0
48253,6,-41.81031489577862,151.875,16,0
48254,6,-41.81031489577862,163.125,9,0
48255,6,-41.81031489577862,174.375,13,0
48256,6,-41.81031489577862,-174.375,12,0
48257,6,-41.81031489577862,-163.125,17,0
48258,6,-41.81031489577862,-151.875,13,0
48259,6,-41.81031489577862,-140.625,13,0
48260,6,-41.81031489577862,-129.37500000000006,17,0
48261,6,-41.81031489577862,-118.125,9,0
48262,6,-41.81031489577862,-106.875,7,0
48263,6,-41.81031489577862,-95.625,12,0
48264,6,-41.81031489577862,-84.375,8,0
48265,6,-41.81031489577862,-73.12500000000006,5,0
48266,6,-41.81031489577862,-61.875,7,0
48267,6,-41.81031489577862,-50.625,10,0
48268,6,-41.81031489577862,-39.375,12,0
48269,6,-41.81031489577862,-28.125,9,0
48270,6,-41.81031489577862,-16.875,6,0
48271,6,-41.81031489577862,-5.625,12,0
48272,6,-48.1412077943603,6.428571428571416,14,0
48273,6,-48.1412077943603,19.285714285714278,13,0
48274,6,-48.1412077943603,32.14285714285714,8,0
48275,6,-48.1412077943603,45.0,12,0
48276,6,-48.1412077943603,57.85714285714286,8,0
48277,6,-48.1412077943603,70.71428571428572,14,0
48278,6,-48.1412077943603,83.57142857142856,15,0
48279,6,-48.1412077943603,96.42857142857144,10,0
48280,6,-48.1412077943603,109.28571428571428,8,0
48281,6,-48.1412077943603,122.14285714285711,5,0
48282,6,-48.1412077943603,135.0,7,0
48283,6,-48.1412077943603,147.8571428571429,13,0
48284,6,-48.1412077943603,160.71428571428572,8,0
48285,6,-48.1412077943603,173.57142857142856,11,0
48286,6,-48.1412077943603,-173.57142857142856,15,0
48287,6,-48.1412077943603,-160.71428571428572,16,0
48288,6,-48.1412077943603,-147.8571428571429,16,0
48289,6,-48.1412077943603,-135.0,16,0
48290,6,-48.1412077943603,-122.14285714285711,10,0
48291,6,-48.1412077943603,-109.28571428571428,5,0
48292,6,-48.1412077943603,-96.42857142857144,8,0
48293,6,-48.1412077943603,-83.57142857142856,4,0
48294,6,-48.1412077943603,-70.71428571428572,13,0
48295,6,-48.1412077943603,-57.85714285714283,13,0
48296,6,-48.1412077943603,-45.0,8,0
48297,6,-48.1412077943603,-32.14285714285717,10,0
48298,6,-48.1412077943603,-19.28571428571422,12,0
48299,6,-48.1412077943603,-6.428571428571445,18,0
48300,6,-54.340912303861245,7.5,9,0
48301,6,-54.340912303861245,22.5,14,0
48302,6,-54.340912303861245,37.5,10,0
48303,6,-54.340912303861245,52.5,7,0
48304,6,-54.340912303861245,67.5,14,0
48305,6,-54.340912303861245,82.5,14,0
48306,6,-54.340912303861245,97.5,10,0
48307,6,-54.340912303861245,112.5,5,0
48308,6,-54.340912303861245,127.5,7,0
48309,6,-54.340912303861245,142.5,12,0
48310,6,-54.340912303861245,157.5,14,0
48311,6,-54.340912303861245,172.5,12,0
48312,6,-54.340912303861245,-172.5,10,0
48313,6,-54.340912303861245,-157.5,10,0
48314,6,-54.340912303861245,-142.5,10,0
48315,6,-54.340912303861245,-127.5,6,0
48316,6,-54.340912303861245,-112.5,5,0
48317,6,-54.340912303861245,-97.5,8,0
48318,6,-54.340912303861245,-82.5,12,0
48319,6,-54.340912303861245,-67.5,13,0
48320,6,-54.340912303861245,-52.50000000000006,5,0
48321,6,-54.340912303861245,-37.5,10,0
48322,6,-54.340912303861245,-22.5,8,0
48323,6,-54.340912303861245,-7.5,10,0
48324,6,-60.4344388449523,9.0,11,0
48325,6,-60.4344388449523,27.0,13,0
48326,6,-60.4344388449523,45.0,11,0
48327,6,-60.4344388449523,63.0,9,0
48328,6,-60.4344388449523,81.0,13,0
48329,6,-60.4344388449523,99.0,7,0
48330,6,-60.4344388449523,117.0,5,0
48331,6,-60.4344388449523,135.0,11,0
48332,6,-60.4344388449523,153.0,18,0
48333,6,-60.4344388449523,171.0,15,0
48334,6,-60.4344388449523,-171.0,18,0
48335,6,-60.4344388449523,-153.0,8,0
48336,6,-60.4344388449523,-135.0,8,0
48337,6,-60.4344388449523,-117.0,7,0
48338,6,-60.4344388449523,-99.0,7,0
48339,6,-60.4344388449523,-81.0,16,0
48340,6,-60.4344388449523,-63.0,17,0
48341,6,-60.4344388449523,-45.0,10,0
48342,6,-60.4344388449523,-27.0,13,0
48343,6,-60.4344388449523,-9.0,10,0
48344,6,-66.44353569089876,11.25,7,0
48345,6,-66.44353569089876,33.75,14,0
48346,6,-66.44353569089876,56.25,16,0
48347,6,-66.44353569089876,78.75,15,0
48348,6,-66.44353569089876,101.25,6,0
48349,6,-66.44353569089876,123.75,11,1
48350,6,-66.44353569089876,146.25,11,0
48351,6,-66.44353569089876,168.75,18,0
48352,6,-66.44353569089876,-168.75,12,0
48353,6,-66.44353569089876,-146.25,9,0
48354,6,-66.44353569089876,-123.75,8,0
48355,6,-66.44353569089876,-101.25,11,0
48356,6,-66.44353569089876,-78.75,12,0
48357,6,-66.44353569089876,-56.25,16,0
48358,6,-66.44353569089876,-33.75,13,0
48359,6,-66.44353569089876,-11.25,10,0
48360,6,-72.38756092964962,15.0,9,0
48361,6,-72.38756092964962,45.0,19,0
48362,6,-72.38756092964962,75.0,11,0
48363,6,-72.38756092964962,105.0,8,0
48364,6,-72.38756092964962,135.0,15,0
48365,6,-72.38756092964962,165.0,19,0
48366,6,-72.38756092964962,-165.0,8,0
48367,6,-72.38756092964962,-135.0,10,0
48368,6,-72.38756092964962,-105.0,9,0
48369,6,-72.38756092964962,-75.0,8,0
48370,6,-72.38756092964962,-45.0,11,0
48371,6,-72.38756092964962,-15.0,11,0
48372,6,-78.28414760510762,22.5,8,0
48373,6,-78.28414760510762,67.5,9,0
48374,6,-78.28414760510762,112.5,14,0
48375,6,-78.28414760510762,157.5,14,0
48376,6,-78.28414760510762,-157.5,9,0
48377,6,-78.28414760510762,-112.5,9,0
48378,6,-78.28414760510762,-67.5,16,0
48379,6,-78.28414760510762,-22.5,13,0
48380,6,-84.14973293629666,45.0,5,0
48381,6,-84.14973293629666,135.0,7,0
48382,6,-84.14973293629666,-135.0,7,0
48383,6,-84.14973293629666,-45.0,8,0
48384,6,84.14973293629666,45.0,13,0
48385,6,84.14973293629666,135.0,8,0
48386,6,84.14973293629666,-135.0,14,0
48387,6,84.14973293629666,-45.0,9,0
48388,6,78.28414760510762,22.5,12,0
48389,6,78.28414760510762,67.5,11,0
48390,6,78.28414760510762,112.5,5,0
48391,6,78.28414760510762,157.5,5,0
48392,6,78.28414760510762,-157.5,9,0
48393,6,78.28414760510762,-112.5,13,0
48394,6,78.28414760510762,-67.5,10,0
48395,6,78.28414760510762,-22.5,10,0
48396,6,72.38756092964962,15.0,7,0
48397,6,72.38756092964962,45.0,9,0
48398,6,72.38756092964962,75.0,8,0
48399,6,72.38756092964962,105.0,5,0
48400,6,72.38756092964962,135.0,12,0
48401,6,72.38756092964962,165.0,5,0
48402,6,72.38756092964962,-165.0,8,0
48403,6,72.38756092964962,-135.0,3,0
48404,6,72.38756092964962,-105.0,12,0
48405,6,72.38756092964962,-75.0,15,0
48406,6,72.38756092964962,-45.0,7,0
48407,6,72.38756092964962,-15.0,14,0
48408,6,66.44353569089877,11.25,9,0
48409,6,66.44353569089877,33.75,4,0
48410,6,66.44353569089877,56.25,10,0
48411,6,66.44353569089877,78.75,9,0
48412,6,66.44353569089877,101.25,10,0
48413,6,66.44353569089877,123.75,9,0
48414,6,66.44353569089877,146.25,8,0
48415,6,66.44353569089877,168.75,5,0
48416,6,66.44353569089877,-168.75,8,0
48417,6,66.44353569089877,-146.25,6,0
48418,6,66.44353569089877,-123.75,6,0
48419,6,66.44353569089877,-101.25,18,0
48420,6,66.44353569089877,-78.75,10,0
48421,6,66.44353569089877,-56.25,14,0
48422,6,66.44353569089877,-33.75,13,0
48423,6,66.44353569089877,-11.25,11,0
48424,6,60.43443884495228,9.0,13,0
48425,6,60.43443884495228,27.0,10,0
48426,6,60.43443884495228,45.0,14,0
48427,6,60.43443884495228,63.0,18,0
48428,6,60.43443884495228,81.0,12,0
48429,6,60.43443884495228,99.0,9,0
48430,6,60.43443884495228,117.0,6,0
48431,6,60.43443884495228,135.0,11,0
48432,6,60.43443884495228,153.0,15,0
48433,6,60.43443884495228,171.0,10,0
48434,6,60.43443884495228,-171.0,13,0
48435,6,60.43443884495228,-153.0,9,0
48436,6,60.43443884495228,-135.0,13,0
48437,6,60.43443884495228,-117.0,6,0
48438,6,60.43443884495228,-99.0,23,0
48439,6,60.43443884495228,-81.0,13,0
48440,6,60.43443884495228,-63.0,11,0
48441,6,60.43443884495228,-45.0,14,0
48442,6,60.43443884495228,-27.0,16,0
48443,6,60.43443884495228,-9.0,10,0
48444,6,54.340912303861245,7.5,10,0
48445,6,54.340912303861245,22.5,10,0
48446,6,54.340912303861245,37.5,14,0
48447,6,54.340912303861245,52.5,20,0
48448,6,54.340912303861245,67.5,18,0
48449,6,54.340912303861245,82.5,5,0
48450,6,54.340912303861245,97.5,5,0
48451,6,54.340912303861245,112.5,8,0
48452,6,54.340912303861245,127.5,7,0
48453,6,54.340912303861245,142.5,10,0
48454,6,54.340912303861245,157.5,12,0
48455,6,54.340912303861245,172.5,9,0
48456,6,54.340912303861245,-172.5,7,0
48457,6,54.340912303861245,-157.5,10,0
48458,6,54.340912303861245,-142.5,13,0
48459,6,54.340912303861245,-127.5,7,0
48460,6,54.340912303861245,-112.5,14,0
48461,6,54.340912303861245,-97.5,11,0
48462,6,54.340912303861245,-82.5,13,0
48463,6,54.340912303861245,-67.5,12,0
48464,6,54.340912303861245,-52.50000000000006,7,0
48465,6,54.340912303861245,-37.5,6,0
48466,6,54.340912303861245,-22.5,10,0
48467,6,54.340912303861245,-7.5,11,0
48468,6,48.141207794360284,6.428571428571416,8,0
48469,6,48.141207794360284,19.285714285714278,7,0
48470,6,48.141207794360284,32.14285714285714,7,0
48471,6,48.141207794360284,45.0,12,0
48472,6,48.141207794360284,57.85714285714286,11,0
48473,6,48.141207794360284,70.71428571428572,14,0
48474,6,48.141207794360284,83.57142857142856,8,0
48475,6,48.141207794360284,96.42857142857144,13,0
48476,6,48.141207794360284,109.28571428571428,10,0
48477,6,48.141207794360284,122.14285714285711,8,0
48478,6,48.141207794360284,135.0,11,0
48479,6,48.141207794360284,147.8571428571429,14,0
48480,6,48.141207794360284,160.71428571428572,2,0
48481,6,48.141207794360284,173.57142857142856,6,0
48482,6,48.141207794360284,-173.57142857142856,7,0
48483,6,48.141207794360284,-160.71428571428572,9,0
48484,6,48.141207794360284,-147.8571428571429,8,0
48485,6,48.141207794360284,-135.0,8,0
48486,6,48.141207794360284,-122.14285714285711,12,0
48487,6,48.141207794360284,-109.28571428571428,9,0
48488,6,48.141207794360284,-96.42857142857144,11,0
48489,6,48.141207794360284,-83.57142857142856,11,0
48490,6,48.141207794360284,-70.71428571428572,10,0
48491,6,48.141207794360284,-57.85714285714283,8,0
48492,6,48.141207794360284,-45.0,10,0
48493,6,48.141207794360284,-32.14285714285717,7,0
48494,6,48.141207794360284,-19.28571428571422,9,0
48495,6,48.141207794360284,-6.428571428571445,8,0
48496,6,41.81031489577859,5.625,11,0
48497,6,41.81031489577859,16.875,9,0
48498,6,41.81031489577859,28.125,6,0
48499,6,41.81031489577859,39.375,18,0
48500,6,41.81031489577859,50.625,12,0
48501,6,41.81031489577859,61.875,14,0
48502,6,41.81031489577859,73.125,13,0
48503,6,41.81031489577859,84.375,10,0
48504,6,41.81031489577859,95.625,12,0
48505,6,41.81031489577859,106.875,14,0
48506,6,41.81031489577859,118.125,14,0
48507,6,41.81031489577859,129.375,11,0
48508,6,41.81031489577859,140.625,11,0
48509,6,41.81031489577859,151.875,12,0
48510,6,41.81031489577859,163.125,8,0
48511,6,41.81031489577859,174.375,12,0
48512,6,41.81031489577859,-174.375,7,0
48513,6,41.81031489577859,-163.125,13,0
48514,6,41.81031489577859,-151.875,9,0
48515,6,41.81031489577859,-140.625,9,0
48516,6,41.81031489577859,-129.37500000000006,17,0
48517,6,41.81031489577859,-118.125,15,0
48518,6,41.81031489577859,-106.875,5,0
48519,6,41.81031489577859,-95.625,15,0
48520,6,41.81031489577859,-84.375,13,0
48521,6,41.81031489577859,-73.12500000000006,12,0
48522,6,41.81031489577859,-61.875,10,0
48523,6,41.81031489577859,-50.625,13,0
48524,6,41.81031489577859,-39.375,11,0
48525,6,41.81031489577859,-28.125,10,0
48526,6,41.81031489577859,-16.875,11,0
48527,6,41.81031489577859,-5.625,11,0
48528,6,35.68533471265204,0.0,15,0
48529,6,35.68533471265204,11.25,10,0
48530,6,35.68533471265204,22.5,10,0
48531,6,35.68533471265204,33.75,9,0
48532,6,35.68533471265204,45.0,14,0
48533,6,35.68533471265204,56.25,15,0
48534,6,35.68533471265204,67.5,14,0
48535,6,35.68533471265204,78.75,8,0
48536,6,35.68533471265204,90.0,12,0
48537,6,35.68533471265204,101.25,13,0
48538,6,35.68533471265204,112.5,9,0
48539,6,35.68533471265204,123.75,11,0
48540,6,35.68533471265204,135.0,5,0
48541,6,35.68533471265204,146.25,9,0
48542,6,35.68533471265204,157.5,12,0
48543,6,35.68533471265204,168.75,8,0
48544,6,35.68533471265204,-180.0,10,0
48545,6,35.68533471265204,-168.75,7,0
48546,6,35.68533471265204,-157.5,12,0
48547,6,35.68533471265204,-146.25,8,0
48548,6,35.68533471265204,-135.0,10,0
48549,6,35.68533471265204,-123.75,15,0
48550,6,35.68533471265204,-112.5,13,0
48551,6,35.68533471265204,-101.25,12,0
48552,6,35.68533471265204,-90.0,14,0
48553,6,35.68533471265204,-78.75000000000006,17,0
48554,6,35.68533471265204,-67.5,10,0
48555,6,35.68533471265204,-56.25,11,0
48556,6,35.68533471265204,-45.0,10,0
48557,6,35.68533471265204,-33.75000000000006,11,0
48558,6,35.68533471265204,-22.5,11,0
48559,6,35.68533471265204,-11.25,18,0
48560,6,30.000000000000007,5.625,20,0
48561,6,30.000000000000007,16.875,6,0
48562,6,30.000000000000007,28.125,8,0
48563,6,30.000000000000007,39.375,13,0
48564,6,30.000000000000007,50.625,16,0
48565,6,30.000000000000007,61.875,15,0
48566,6,30.000000000000007,73.125,7,0
48567,6,30.000000000000007,84.375,14,0
48568,6,30.000000000000007,95.625,12,0
48569,6,30.000000000000007,106.875,7,0
48570,6,30.000000000000007,118.125,8,0
48571,6,30.000000000000007,129.375,7,0
48572,6,30.000000000000007,140.625,4,0
48573,6,30.000000000000007,151.875,8,0
48574,6,30.000000000000007,163.125,8,0
48575,6,30.000000000000007,174.375,13,0
48576,6,30.000000000000007,-174.375,8,0
48577,6,30.000000000000007,-163.125,6,0
48578,6,30.000000000000007,-151.875,12,0
48579,6,30.000000000000007,-140.625,9,0
48580,6,30.000000000000007,-129.37500000000006,9,0
48581,6,30.000000000000007,-118.125,10,0
48582,6,30.000000000000007,-106.875,16,0
48583,6,30.000000000000007,-95.625,15,0
48584,6,30.000000000000007,-84.375,9,0
48585,6,30.000000000000007,-73.12500000000006,11,0
48586,6,30.000000000000007,-61.875,8,0
48587,6,30.000000000000007,-50.625,7,0
48588,6,30.000000000000007,-39.375,8,0
48589,6,30.000000000000007,-28.125,10,0
48590,6,30.000000000000007,-16.875,21,0
48591,6,30.000000000000007,-5.625,14,0
48592,6,24.62431835216408,0.0,19,0
48593,6,24.62431835216408,11.25,6,0
48594,6,24.62431835216408,22.5,10,0
48595,6,24.62431835216408,33.75,10,0
48596,6,24.62431835216408,45.0,15,0
48597,6,24.62431835216408,56.25,16,0
48598,6,24.62431835216408,67.5,13,0
48599,6,24.62431835216408,78.75,7,0
48600,6,24.62431835216408,90.0,10,0
48601,6,24.62431835216408,101.25,11,0
48602,6,24.62431835216408,112.5,5,0
48603,6,24.62431835216408,123.75,11,0
48604,6,24.62431835216408,135.0,9,1
48605,6,24.62431835216408,146.25,5,0
48606,6,24.62431835216408,157.5,9,0
48607,6,24.62431835216408,168.75,14,0
48608,6,24.62431835216408,-180.0,15,0
48609,6,24.62431835216408,-168.75,5,0
48610,6,24.62431835216408,-157.5,10,0
48611,6,24.62431835216408,-146.25,6,0
48612,6,24.62431835216408,-135.0,14,0
48613,6,24.62431835216408,-123.75,9,1
48614,6,24.62431835216408,-112.5,10,0
48615,6,24.62431835216408,-101.25,18,0
48616,6,24.62431835216408,-90.0,7,0
48617,6,24.62431835216408,-78.75000000000006,12,0
48618,6,24.62431835216408,-67.5,7,0
48619,6,24.62431835216408,-56.25,6,0
48620,6,24.62431835216408,-45.0,12,0
48621,6,24.62431835216408,-33.75000000000006,12,0
48622,6,24.62431835216408,-22.5,18,0
48623,6,24.62431835216408,-11.25,12,0
48624,6,19.47122063449069,5.625,8,0
48625,6,19.47122063449069,16.875,11,0
48626,6,19.47122063449069,28.125,7,0
48627,6,19.47122063449069,39.375,15,0
48628,6,19.47122063449069,50.625,10,0
48629,6,19.47122063449069,61.875,16,0
48630,6,19.47122063449069,73.125,10,0
48631,6,19.47122063449069,84.375,5,0
48632,6,19.47122063449069,95.625,9,0
48633,6,19.47122063449069,106.875,8,0
48634,6,19.47122063449069,118.125,11,0
48635,6,19.47122063449069,129.375,9,0
48636,6,19.47122063449069,140.625,10,1
48637,6,19.47122063449069,151.875,11,0
48638,6,19.47122063449069,163.125,6,0
48639,6,19.47122063449069,174.375,9,0
48640,6,19.47122063449069,-174.375,7,0
48641,6,19.47122063449069,-163.125,2,0
48642,6,19.47122063449069,-151.875,11,0
48643,6,19.47122063449069,-140.625,10,0
48644,6,19.47122063449069,-129.37500000000006,9,1
48645,6,19.47122063449069,-118.125,12,0
48646,6,19.47122063449069,-106.875,10,0
48647,6,19.47122063449069,-95.625,14,0
48648,6,19.47122063449069,-84.375,13,0
48649,6,19.47122063449069,-73.12500000000006,10,0
48650,6,19.47122063449069,-61.875,14,0
48651,6,19.47122063449069,-50.625,13,0
48652,6,19.47122063449069,-39.375,16,0
48653,6,19.47122063449069,-28.125,10,0
48654,6,19.47122063449069,-16.875,13,0
48655,6,19.47122063449069,-5.625,9,0
48656,6,14.477512185929925,0.0,7,0
48657,6,14.477512185929925,11.25,8,0
48658,6,14.477512185929925,22.5,14,0
48659,6,14.477512185929925,33.75,16,0
48660,6,14.477512185929925,45.0,11,0
48661,6,14.477512185929925,56.25,9,0
48662,6,14.477512185929925,67.5,16,0
48663,6,14.477512185929925,78.75,6,0
48664,6,14.477512185929925,90.0,8,0
48665,6,14.477512185929925,101.25,13,0
48666,6,14.477512185929925,112.5,9,0
48667,6,14.477512185929925,123.75,6,0
48668,6,14.477512185929925,135.0,11,0
48669,6,14.477512185929925,146.25,14,0
48670,6,14.477512185929925,157.5,12,0
48671,6,14.477512185929925,168.75,11,0
48672,6,14.477512185929925,-180.0,8,0
48673,6,14.477512185929925,-168.75,7,0
48674,6,14.477512185929925,-157.5,10,0
48675,6,14.477512185929925,-146.25,10,1
48676,6,14.477512185929925,-135.0,8,0
48677,6,14.477512185929925,-123.75,12,0
48678,6,14.477512185929925,-112.5,15,0
48679,6,14.477512185929925,-101.25,10,0
48680,6,14.477512185929925,-90.0,12,0
48681,6,14.477512185929925,-78.75000000000006,8,0
48682,6,14.477512185929925,-67.5,15,0
48683,6,14.477512185929925,-56.25,13,0
48684,6,14.477512185929925,-45.0,22,0
48685,6,14.477512185929925,-33.75000000000006,10,0
48686,6,14.477512185929925,-22.5,9,0
48687,6,14.477512185929925,-11.25,14,0
48688,6,9.594068226860458,5.625,14,0
48689,6,9.594068226860458,16.875,8,0
48690,6,9.594068226860458,28.125,10,0
48691,6,9.594068226860458,39.375,16,4
48692,6,9.594068226860458,50.625,9,0
48693,6,9.594068226860458,61.875,5,0
48694,6,9.594068226860458,73.125,12,0
48695,6,9.594068226860458,84.375,6,1
48696,6,9.594068226860458,95.625,7,0
48697,6,9.594068226860458,106.875,13,1
48698,6,9.594068226860458,118.125,9,1
48699,6,9.594068226860458,129.375,7,0
48700,6,9.594068226860458,140.625,10,0
48701,6,9.594068226860458,151.875,13,0
48702,6,9.594068226860458,163.125,8,0
48703,6,9.594068226860458,174.375,12,0
48704,6,9.594068226860458,-174.375,14,0
48705,6,9.594068226860458,-163.125,13,0
48706,6,9.594068226860458,-151.875,14,1
48707,6,9.594068226860458,-140.625,14,0
48708,6,9.594068226860458,-129.37500000000006,9,0
48709,6,9.594068226860458,-118.125,14,0
48710,6,9.594068226860458,-106.875,15,0
48711,6,9.594068226860458,-95.625,13,0
48712,6,9.594068226860458,-84.375,13,0
48713,6,9.594068226860458,-73.12500000000006,10,0
48714,6,9.594068226860458,-61.875,12,0
48715,6,9.594068226860458,-50.625,14,0
48716,6,9.594068226860458,-39.375,15,2
48717,6,9.594068226860458,-28.125,13,0
48718,6,9.594068226860458,-16.875,9,0
48719,6,9.594068226860458,-5.625,10,0
48720,6,4.780191847199163,0.0,11,2
48721,6,4.780191847199163,11.25,10,0
48722,6,4.780191847199163,22.5,10,2
48723,6,4.780191847199163,33.75,10,5
48724,6,4.780191847199163,45.0,7,4
48725,6,4.780191847199163,56.25,9,2
48726,6,4.780191847199163,67.5,14,2
48727,6,4.780191847199163,78.75,3,2
48728,6,4.780191847199163,90.0,10,3
48729,6,4.780191847199163,101.25,10,5
48730,6,4.780191847199163,112.5,12,4
48731,6,4.780191847199163,123.75,10,2
48732,6,4.780191847199163,135.0,9,3
48733,6,4.780191847199163,146.25,9,1
48734,6,4.780191847199163,157.5,7,0
48735,6,4.780191847199163,168.75,9,2
48736,6,4.780191847199163,-180.0,16,1
48737,6,4.780191847199163,-168.75,19,2
48738,6,4.780191847199163,-157.5,10,2
48739,6,4.780191847199163,-146.25,17,0
48740,6,4.780191847199163,-135.0,9,1
48741,6,4.780191847199163,-123.75,8,5
48742,6,4.780191847199163,-112.5,11,1
48743,6,4.780191847199163,-101.25,17,1
48744,6,4.780191847199163,-90.0,9,2
48745,6,4.780191847199163,-78.75000000000006,9,2
48746,6,4.780191847199163,-67.5,10,0
48747,6,4.780191847199163,-56.25,17,2
48748,6,4.780191847199163,-45.0,10,3
48749,6,4.780191847199163,-33.75000000000006,8,3
48750,6,4.780191847199163,-22.5,14,1
48751,6,4.780191847199163,-11.25,10,0
48752,6,0.0,5.625,7,3
48753,6,0.0,16.875,9,4
48754,6,0.0,28.125,8,2
48755,6,0.0,39.375,10,3
48756,6,0.0,50.625,6,3
48757,6,0.0,61.875,10,2
48758,6,0.0,73.125,10,3
48759,6,0.0,84.375,7,3
48760,6,0.0,95.625,10,3
48761,6,0.0,106.875,15,5
48762,6,0.0,118.125,10,5
48763,6,0.0,129.375,17,3
48764,6,0.0,140.625,18,3
48765,6,0.0,151.875,10,2
48766,6,0.0,163.125,6,3
48767,6,0.0,174.375,6,4
48768,6,0.0,-174.375,12,2
48769,6,0.0,-163.125,13,5
48770,6,0.0,-151.875,12,3
48771,6,0.0,-140.625,13,1
48772,6,0.0,-129.37500000000006,5,4
48773,6,0.0,-118.125,6,5
48774,6,0.0,-106.875,16,2
48775,6,0.0,-95.625,6,7
48776,6,0.0,-84.375,7,2
48777,6,0.0,-73.12500000000006,4,2
48778,6,0.0,-61.875,16,3
48779,6,0.0,-50.625,11,1
48780,6,0.0,-39.375,8,3
48781,6,0.0,-28.125,6,4
48782,6,0.0,-16.875,10,3
48783,6,0.0,-5.625,14,1
48784,6,-4.780191847199163,0.0,9,0
48785,6,-4.780191847199163,11.25,12,1
48786,6,-4.780191847199163,22.5,10,2
48787,6,-4.780191847199163,33.75,8,0
48788,6,-4.780191847199163,45.0,16,1
48789,6,-4.780191847199163,56.25,14,2
48790,6,-4.780191847199163,67.5,11,3
48791,6,-4.780191847199163,78.75,10,1
48792,6,-4.780191847199163,90.0,7,2
48793,6,-4.780191847199163,101.25,15,3
48794,6,-4.780191847199163,112.5,13,1
48795,6,-4.780191847199163,123.75,12,3
48796,6,-4.780191847199163,135.0,19,0
48797,6,-4.780191847199163,146.25,15,1
48798,6,-4.780191847199163,157.5,12,1
48799,6,-4.780191847199163,168.75,6,2
48800,6,-4.780191847199163,-180.0,10,3
48801,6,-4.780191847199163,-168.75,15,3
48802,6,-4.780191847199163,-157.5,9,2
48803,6,-4.780191847199163,-146.25,19,0
48804,6,-4.780191847199163,-135.0,7,2
48805,6,-4.780191847199163,-123.75,10,3
48806,6,-4.780191847199163,-112.5,9,3
48807,6,-4.780191847199163,-101.25,10,2
48808,6,-4.780191847199163,-90.0,8,2
48809,6,-4.780191847199163,-78.75000000000006,8,0
48810,6,-4.780191847199163,-67.5,7,2
48811,6,-4.780191847199163,-56.25,6,2
48812,6,-4.780191847199163,-45.0,12,1
48813,6,-4.780191847199163,-33.75000000000006,6,0
48814,6,-4.780191847199163,-22.5,13,3
48815,6,-4.780191847199163,-11.25,16,3
48816,6,-9.594068226860458,5.625,15,0
48817,6,-9.594068226860458,16.875,10,1
48818,6,-9.594068226860458,28.125,10,0
48819,6,-9.594068226860458,39.375,11,0
48820,6,-9.594068226860458,50.625,14,0
48821,6,-9.594068226860458,61.875,16,0
48822,6,-9.594068226860458,73.125,8,0
48823,6,-9.594068226860458,84.375,10,0
48824,6,-9.594068226860458,95.625,13,0
48825,6,-9.594068226860458,106.875,15,0
48826,6,-9.594068226860458,118.125,10,0
48827,6,-9.594068226860458,129.375,8,0
48828,6,-9.594068226860458,140.625,19,1
48829,6,-9.594068226860458,151.875,6,0
48830,6,-9.594068226860458,163.125,12,1
48831,6,-9.594068226860458,174.375,12,0
48832,6,-9.594068226860458,-174.375,9,0
48833,6,-9.594068226860458,-163.125,16,1
48834,6,-9.594068226860458,-151.875,10,0
48835,6,-9.594068226860458,-140.625,10,0
48836,6,-9.594068226860458,-129.37500000000006,10,0
48837,6,-9.594068226860458,-118.125,13,1
48838,6,-9.594068226860458,-106.875,11,0
48839,6,-9.594068226860458,-95.625,10,0
48840,6,-9.594068226860458,-84.375,12,0
48841,6,-9.594068226860458,-73.12500000000006,10,0
48842,6,-9.594068226860458,-61.875,9,0
48843,6,-9.594068226860458,-50.625,12,1
48844,6,-9.594068226860458,-39.375,8,0
48845,6,-9.594068226860458,-28.125,13,0
48846,6,-9.594068226860458,-16.875,12,3
48847,6,-9.594068226860458,-5.625,11,0
48848,6,-14.477512185929925,0.0,14,0
48849,6,-14.477512185929925,11.25,15,1
48850,6,-14.477512185929925,22.5,10,0
48851,6,-14.477512185929925,33.75,12,0
48852,6,-14.477512185929925,45.0,10,0
48853,6,-14.477512185929925,56.25,11,0
48854,6,-14.477512185929925,67.5,13,0
48855,6,-14.477512185929925,78.75,11,0
48856,6,-14.477512185929925,90.0,9,0
48857,6,-14.477512185929925,101.25,8,0
48858,6,-14.477512185929925,112.5,14,0
48859,6,-14.477512185929925,123.75,8,0
48860,6,-14.477512185929925,135.0,8,0
48861,6,-14.477512185929925,146.25,9,1
48862,6,-14.477512185929925,157.5,12,0
48863,6,-14.477512185929925,168.75,10,0
48864,6,-14.477512185929925,-180.0,11,0
48865,6,-14.477512185929925,-168.75,8,0
48866,6,-14.477512185929925,-157.5,12,0
48867,6,-14.477512185929925,-146.25,8,0
48868,6,-14.477512185929925,-135.0,9,0
48869,6,-14.477512185929925,-123.75,18,0
48870,6,-14.477512185929925,-112.5,11,0
48871,6,-14.477512185929925,-101.25,12,0
48872,6,-14.477512185929925,-90.0,11,0
48873,6,-14.477512185929925,-78.75000000000006,13,0
48874,6,-14.477512185929925,-67.5,9,0
48875,6,-14.477512185929925,-56.25,11,0
48876,6,-14.477512185929925,-45.0,15,0
48877,6,-14.477512185929925,-33.75000000000006,15,0
48878,6,-14.477512185929925,-22.5,15,0
48879,6,-14.477512185929925,-11.25,7,1
48880,6,-19.47122063449069,5.625,14,0
48881,6,-19.47122063449069,16.875,14,0
48882,6,-19.47122063449069,28.125,10,0
48883,6,-19.47122063449069,39.375,7,0
48884,6,-19.47122063449069,50.625,10,0
48885,6,-19.47122063449069,61.875,9,0
48886,6,-19.47122063449069,73.125,12,0
48887,6,-19.47122063449069,84.375,17,0
48888,6,-19.47122063449069,95.625,6,0
48889,6,-19.47122063449069,106.875,11,0
48890,6,-19.47122063449069,118.125,13,0
48891,6,-19.47122063449069,129.375,6,0
48892,6,-19.47122063449069,140.625,9,0
48893,6,-19.47122063449069,151.875,5,0
48894,6,-19.47122063449069,163.125,12,0
48895,6,-19.47122063449069,174.375,10,0
48896,6,-19.47122063449069,-174.375,16,0
48897,6,-19.47122063449069,-163.125,9,0
48898,6,-19.47122063449069,-151.875,7,0
48899,6,-19.47122063449069,-140.625,12,0
48900,6,-19.47122063449069,-129.37500000000006,4,0
48901,6,-19.47122063449069,-118.125,19,0
48902,6,-19.47122063449069,-106.875,10,0
48903,6,-19.47122063449069,-95.625,11,0
48904,6,-19.47122063449069,-84.375,9,0
48905,6,-19.47122063449069,-73.12500000000006,11,0
48906,6,-19.47122063449069,-61.875,7,0
48907,6,-19.47122063449069,-50.625,15,0
48908,6,-19.47122063449069,-39.375,13,0
48909,6,-19.47122063449069,-28.125,15,0
48910,6,-19.47122063449069,-16.875,11,0
48911,6,-19.47122063449069,-5.625,8,0
48912,6,-24.62431835216408,0.0,11,0
48913,6,-24.62431835216408,11.25,12,0
48914,6,-24.62431835216408,22.5,9,0
48915,6,-24.62431835216408,33.75,9,0
48916,6,-24.62431835216408,45.0,5,0
48917,6,-24.62431835216408,56.25,9,0
48918,6,-24.62431835216408,67.5,8,0
48919,6,-24.62431835216408,78.75,9,0
48920,6,-24.62431835216408,90.0,12,0
48921,6,-24.62431835216408,101.25,8,0
48922,6,-24.62431835216408,112.5,12,0
48923,6,-24.62431835216408,123.75,10,0
48924,6,-24.62431835216408,135.0,13,0
48925,6,-24.62431835216408,146.25,9,0
48926,6,-24.62431835216408,157.5,14,0
48927,6,-24.62431835216408,168.75,11,0
48928,6,-24.62431835216408,-180.0,12,0
48929,6,-24.62431835216408,-168.75,12,0
48930,6,-24.62431835216408,-157.5,7,0
48931,6,-24.62431835216408,-146.25,8,0
48932,6,-24.62431835216408,-135.0,10,0
48933,6,-24.62431835216408,-123.75,13,0
48934,6,-24.62431835216408,-112.5,17,0
48935,6,-24.62431835216408,-101.25,12,0
48936,6,-24.62431835216408,-90.0,12,0
48937,6,-24.62431835216408,-78.75000000000006,5,0
48938,6,-24.62431835216408,-67.5,9,0
48939,6,-24.62431835216408,-56.25,12,0
48940,6,-24.62431835216408,-45.0,6,0
48941,6,-24.62431835216408,-33.75000000000006,12,0
48942,6,-24.62431835216408,-22.5,14,0
48943,6,-24.62431835216408,-11.25,9,0
48944,6,-30.000000000000014,5.625,12,0
48945,6,-30.000000000000014,16.875,5,0
48946,6,-30.000000000000014,28.125,13,0
48947,6,-30.000000000000014,39.375,4,0
48948,6,-30.000000000000014,50.625,10,0
48949,6,-30.000000000000014,61.875,11,0
48950,6,-30.000000000000014,73.125,8,0
48951,6,-30.000000000000014,84.375,14,0
48952,6,-30.000000000000014,95.625,11,0
48953,6,-30.000000000000014,106.875,7,0
48954,6,-30.000000000000014,118.125,6,0
48955,6,-30.000000000000014,129.375,14,0
48956,6,-30.000000000000014,140.625,15,0
48957,6,-30.000000000000014,151.875,19,0
48958,6,-30.000000000000014,163.125,9,0
48959,6,-30.000000000000014,174.375,11,0
48960,6,-30.000000000000014,-174.375,5,0
48961,6,-30.000000000000014,-163.125,16,0
48962,6,-30.000000000000014,-151.875,10,0
48963,6,-30.000000000000014,-140.625,5,0
48964,6,-30.000000000000014,-129.37500000000006,9,0
48965,6,-30.000000000000014,-118.125,11,0
48966,6,-30.000000000000014,-106.875,12,0
48967,6,-30.000000000000014,-95.625,12,0
48968,6,-30.000000000000014,-84.375,8,0
48969,6,-30.000000000000014,-73.12500000000006,10,0
48970,6,-30.000000000000014,-61.875,3,0
48971,6,-30.000000000000014,-50.625,13,0
48972,6,-30.000000000000014,-39.375,3,0
48973,6,-30.000000000000014,-28.125,13,0
48974,6,-30.000000000000014,-16.875,11,0
48975,6,-30.000000000000014,-5.625,8,0
48976,6,-35.68533471265205,0.0,12,0
48977,6,-35.68533471265205,11.25,14,0
48978,6,-35.68533471265205,22.5,9,0
48979,6,-35.68533471265205,33.75,6,0
48980,6,-35.68533471265205,45.0,10,0
48981,6,-35.68533471265205,56.25,11,0
48982,6,-35.68533471265205,67.5,8,0
48983,6,-35.68533471265205,78.75,12,0
48984,6,-35.68533471265205,90.0,13,0
48985,6,-35.68533471265205,101.25,14,0
48986,6,-35.68533471265205,112.5,15,0
48987,6,-35.68533471265205,123.75,5,0
48988,6,-35.68533471265205,135.0,12,0
48989,6,-35.68533471265205,146.25,18,0
48990,6,-35.68533471265205,157.5,11,0
48991,6,-35.68533471265205,168.75,15,0
48992,6,-35.68533471265205,-180.0,9,0
48993,6,-35.68533471265205,-168.75,15,0
48994,6,-35.68533471265205,-157.5,9,0
48995,6,-35.68533471265205,-146.25,9,0
48996,6,-35.68533471265205,-135.0,6,0
48997,6,-35.68533471265205,-123.75,10,0
48998,6,-35.68533471265205,-112.5,11,0
48999,6,-35.68533471265205,-101.25,15,0
49000,6,-35.68533471265205,-90.0,14,0
49001,6,-35.68533471265205,-78.75000000000006,11,0
49002,6,-35.68533471265205,-67.5,3,0
49003,6,-35.68533471265205,-56.25,5,0
49004,6,-35.68533471265205,-45.0,10,0
49005,6,-35.68533471265205,-33.75000000000006,5,0
49006,6,-35.68533471265205,-22.5,11,0
49007,6,-35.68533471265205,-11.25,6,0
49008,6,-41.81031489577862,5.625,19,0
49009,6,-41.81031489577862,16.875,16,0
49010,6,-41.81031489577862,28.125,12,0
49011,6,-41.81031489577862,39.375,12,0
49012,6,-41.81031489577862,50.625,11,0
49013,6,-41.81031489577862,61.875,11,0
49014,6,-41.81031489577862,73.125,9,0
49015,6,-41.81031489577862,84.375,12,0
49016,6,-41.81031489577862,95.625,14,0
49017,6,-41.81031489577862,106.875,11,0
49018,6,-41.81031489577862,118.125,6,0
49019,6,-41.81031489577862,129.375,7,0
49020,6,-41.81031489577862,140.625,13,0
49021,6,-41.81031489577862,151.875,16,0
49022,6,-41.81031489577862,163.125,9,0
49023,6,-41.81031489577862,174.375,13,0
49024,6,-41.81031489577862,-174.375,12,0
49025,6,-41.81031489577862,-163.125,17,0
49026,6,-41.81031489577862,-151.875,13,0
49027,6,-41.81031489577862,-140.625,13,0
49028,6,-41.81031489577862,-129.37500000000006,17,0
49029,6,-41.81031489577862,-118.125,9,0
49030,6,-41.81031489577862,-106.875,7,0
49031,6,-41.81031489577862,-95.625,12,0
49032,6,-41.81031489577862,-84.375,8,0
49033,6,-41.81031489577862,-73.12500000000006,5,0
49034,6,-41.81031489577862,-61.875,7,0
49035,6,-41.81031489577862,-50.625,10,0
49036,6,-41.81031489577862,-39.375,12,0
49037,6,-41.81031489577862,-28.125,9,0
49038,6,-41.81031489577862,-16.875,6,0
49039,6,-41.81031489577862,-5.625,12,0
49040,6,-48.1412077943603,6.428571428571416,14,0
49041,6,-48.1412077943603,19.285714285714278,13,0
49042,6,-48.1412077943603,32.14285714285714,8,0
49043,6,-48.1412077943603,45.0,12,0
49044,6,-48.1412077943603,57.85714285714286,8,0
49045,6,-48.1412077943603,70.71428571428572,14,0
49046,6,-48.1412077943603,83.57142857142856,15,0
49047,6,-48.1412077943603,96.42857142857144,10,0
49048,6,-48.1412077943603,109.28571428571428,8,0
49049,6,-48.1412077943603,122.14285714285711,5,0
49050,6,-48.1412077943603,135.0,7,0
49051,6,-48.1412077943603,147.8571428571429,13,0
49052,6,-48.1412077943603,160.71428571428572,8,0
49053,6,-48.1412077943603,173.57142857142856,11,0
49054,6,-48.1412077943603,-173.57142857142856,15,0
49055,6,-48.1412077943603,-160.71428571428572,16,0
49056,6,-48.1412077943603,-147.8571428571429,16,0
49057,6,-48.1412077943603,-135.0,16,0
49058,6,-48.1412077943603,-122.14285714285711,10,0
49059,6,-48.1412077943603,-109.28571428571428,5,0
49060,6,-48.1412077943603,-96.42857142857144,8,0
49061,6,-48.1412077943603,-83.57142857142856,4,0
49062,6,-48.1412077943603,-70.71428571428572,13,0
49063,6,-48.1412077943603,-57.85714285714283,13,0
49064,6,-48.1412077943603,-45.0,8,0
49065,6,-48.1412077943603,-32.14285714285717,10,0
49066,6,-48.1412077943603,-19.28571428571422,12,0
49067,6,-48.1412077943603,-6.428571428571445,18,0
49068,6,-54.340912303861245,7.5,9,0
49069,6,-54.340912303861245,22.5,14,0
49070,6,-54.340912303861245,37.5,10,0
49071,6,-54.340912303861245,52.5,7,0
49072,6,-54.340912303861245,67.5,14,0
49073,6,-54.340912303861245,82.5,14,0
49074,6,-54.340912303861245,97.5,10,0
49075,6,-54.340912303861245,112.5,5,0
49076,6,-54.340912303861245,127.5,7,0
49077,6,-54.340912303861245,142.5,12,0
49078,6,-54.340912303861245,157.5,14,0
49079,6,-54.340912303861245,172.5,12,0
49080,6,-54.340912303861245,-172.5,10,0
49081,6,-54.340912303861245,-157.5,10,0
49082,6,-54.340912303861245,-142.5,10,0
49083,6,-54.340912303861245,-127.5,6,0
49084,6,-54.340912303861245,-112.5,5,0
49085,6,-54.340912303861245,-97.5,8,0
49086,6,-54.340912303861245,-82.5,12,0
49087,6,-54.340912303861245,-67.5,13,0
49088,6,-54.340912303861245,-52.50000000000006,5,0
49089,6,-54.340912303861245,-37.5,10,0
49090,6,-54.340912303861245,-22.5,8,0
49091,6,-54.340912303861245,-7.5,10,0
49092,6,-60.4344388449523,9.0,11,0
49093,6,-60.4344388449523,27.0,13,0
49094,6,-60.4344388449523,45.0,11,0
49095,6,-60.4344388449523,63.0,9,0
49096,6,-60.4344388449523,81.0,13,0
49097,6,-60.4344388449523,99.0,7,0
49098,6,-60.4344388449523,117.0,5,0
49099,6,-60.4344388449523,135.0,11,0
49100,6,-60.4344388449523,153.0,18,0
49101,6,-60.4344388449523,171.0,15,0
49102,6,-60.4344388449523,-171.0,18,0
49103,6,-60.4344388449523,-153.0,8,0
49104,6,-60.4344388449523,-135.0,8,0
49105,6,-60.4344388449523,-117.0,7,0
49106,6,-60.4344388449523,-99.0,7,0
49107,6,-60.4344388449523,-81.0,16,0
49108,6,-60.4344388449523,-63.0,17,0
49109,6,-60.4344388449523,-45.0,10,0
49110,6,-60.4344388449523,-27.0,13,0
49111,6,-60.4344388449523,-9.0,10,0
49112,6,-66.44353569089876,11.25,7,0
49113,6,-66.44353569089876,33.75,14,0
49114,6,-66.44353569089876,56.25,16,0
49115,6,-66.44353569089876,78.75,15,0
49116,6,-66.44353569089876,101.25,6,0
49117,6,-66.44353569089876,123.75,11,1
49118,6,-66.44353569089876,146.25,11,0
49119,6,-66.44353569089876,168.75,18,0
49120,6,-66.44353569089876,-168.75,12,0
49121,6,-66.44353569089876,-146.25,9,0
49122,6,-66.44353569089876,-123.75,8,0
49123,6,-66.44353569089876,-101.25,11,0
49124,6,-66.44353569089876,-78.75,12,0
49125,6,-66.44353569089876,-56.25,16,0
49126,6,-66.44353569089876,-33.75,13,0
49127,6,-66.44353569089876,-11.25,10,0
49128,6,-72.38756092964962,15.0,9,0
49129,6,-72.38756092964962,45.0,19,0
49130,6,-72.38756092964962,75.0,11,0
49131,6,-72.38756092964962,105.0,8,0
49132,6,-72.38756092964962,135.0,15,0
49133,6,-72.38756092964962,165.0,19,0
49134,6,-72.38756092964962,-165.0,8,0
49135,6,-72.38756092964962,-135.0,10,0
49136,6,-72.38756092964962,-105.0,9,0
49137,6,-72.38756092964962,-75.0,8,0
49138,6,-72.38756092964962,-45.0,11,0
49139,6,-72.38756092964962,-15.0,11,0
49140,6,-78.28414760510762,22.5,8,0
49141,6,-78.28414760510762,67.5,9,0
49142,6,-78.28414760510762,112.5,14,0
49143,6,-78.28414760510762,157.5,14,0
49144,6,-78.28414760510762,-157.5,9,0
49145,6,-78.28414760510762,-112.5,9,0
49146,6,-78.28414760510762,-67.5,16,0
49147,6,-78.28414760510762,-22.5,13,0
49148,6,-84.14973293629666,45.0,5,0
49149,6,-84.14973293629666,135.0,7,0
49150,6,-84.14973293629666,-135.0,7,0
49151,6,-84.14973293629666,-45.0,8,0
49152,6,84.14973293629666,45.0,13,0
49153,6,84.14973293629666,135.0,8,0
49154,6,84.14973293629666,-135.0,14,0
49155,6,84.14973293629666,-45.0,9,0
49156,6,78.28414760510762,22.5,12,0
49157,6,78.28414760510762,67.5,11,0
49158,6,78.28414760510762,112.5,5,0
49159,6,78.28414760510762,157.5,5,0
49160,6,78.28414760510762,-157.5,9,0
49161,6,78.28414760510762,-112.5,13,0
49162,6,78.28414760510762,-67.5,10,0
49163,6,78.28414760510762,-22.5,10,0
49164,6,72.38756092964962,15.0,7,0
49165,6,72.38756092964962,45.0,9,0
49166,6,72.38756092964962,75.0,8,0
49167,6,72.38756092964962,105.0,5,0
49168,6,72.38756092964962,135.0,12,0
49169,6,72.38756092964962,165.0,5,0
49170,6,72.38756092964962,-165.0,8,0
49171,6,72.38756092964962,-135.0,3,0
49172,6,72.38756092964962,-105.0,12,0
49173,6,72.38756092964962,-75.0,15,0
49174,6,72.38756092964962,-45.0,7,0
49175,6,72.38756092964962,-15.0,14,0
49176,6,66.44353569089877,11.25,9,0
49177,6,66.44353569089877,33.75,4,0
49178,6,66.44353569089877,56.25,10,0
49179,6,66.44353569089877,78.75,9,0
49180,6,66.44353569089877,101.25,10,0
49181,6,66.44353569089877,123.75,9,0
49182,6,66.44353569089877,146.25,8,0
49183,6,66.44353569089877,168.75,5,0
49184,6,66.44353569089877,-168.75,8,0
49185,6,66.44353569089877,-146.25,6,0
49186,6,66.44353569089877,-123.75,6,0
49187,6,66.44353569089877,-101.25,18,0
49188,6,66.44353569089877,-78.75,10,0
49189,6,66.44353569089877,-56.25,14,0
49190,6,66.44353569089877,-33.75,13,0
49191,6,66.44353569089877,-11.25,11,0
49192,6,60.43443884495228,9.0,13,0
49193,6,60.43443884495228,27.0,10,0
49194,6,60.43443884495228,45.0,14,0
49195,6,60.43443884495228,63.0,18,0
49196,6,60.43443884495228,81.0,12,0
49197,6,60.43443884495228,99.0,9,0
49198,6,60.43443884495228,117.0,6,0
49199,6,60.43443884495228,135.0,11,0
49200,6,60.43443884495228,153.0,15,0
49201,6,60.43443884495228,171.0,10,0
49202,6,60.43443884495228,-171.0,13,0
49203,6,60.43443884495228,-153.0,9,0
49204,6,60.43443884495228,-135.0,13,0
49205,6,60.43443884495228,-117.0,6,0
49206,6,60.43443884495228,-99.0,23,0
49207,6,60.43443884495228,-81.0,13,0
49208,6,60.43443884495228,-63.0,11,0
49209,6,60.43443884495228,-45.0,14,0
49210,6,60.43443884495228,-27.0,16,0
49211,6,60.43443884495228,-9.0,10,0
49212,6,54.340912303861245,7.5,10,0
49213,6,54.340912303861245,22.5,10,0
49214,6,54.340912303861245,37.5,14,0
49215,6,54.340912303861245,52.5,20,0
49216,6,54.340912303861245,67.5,18,0
49217,6,54.340912303861245,82.5,5,0
49218,6,54.340912303861245,97.5,5,0
49219,6,54.340912303861245,112.5,8,0
49220,6,54.340912303861245,127.5,7,0
49221,6,54.340912303861245,142.5,10,0
49222,6,54.340912303861245,157.5,12,0
49223,6,54.340912303861245,172.5,9,0
49224,6,54.340912303861245,-172.5,7,0
49225,6,54.340912303861245,-157.5,10,0
49226,6,54.340912303861245,-142.5,13,0
49227,6,54.340912303861245,-127.5,7,0
49228,6,54.340912303861245,-112.5,14,0
49229,6,54.340912303861245,-97.5,11,0
49230,6,54.340912303861245,-82.5,13,0
49231,6,54.340912303861245,-67.5,12,0
49232,6,54.340912303861245,-52.50000000000006,7,0
49233,6,54.340912303861245,-37.5,6,0
49234,6,54.340912303861245,-22.5,10,0
49235,6,54.340912303861245,-7.5,11,0
49236,6,48.141207794360284,6.428571428571416,8,0
49237,6,48.141207794360284,19.285714285714278,7,0
49238,6,48.141207794360284,32.14285714285714,7,0
49239,6,48.141207794360284,45.0,12,0
49240,6,48.141207794360284,57.85714285714286,11,0
49241,6,48.141207794360284,70.71428571428572,14,0
49242,6,48.141207794360284,83.57142857142856,8,0
49243,6,48.141207794360284,96.42857142857144,13,0
49244,6,48.141207794360284,109.28571428571428,10,0
49245,6,48.141207794360284,122.14285714285711,8,0
49246,6,48.141207794360284,135.0,11,0
49247,6,48.141207794360284,147.8571428571429,14,0
49248,6,48.141207794360284,160.71428571428572,2,0
49249,6,48.141207794360284,173.57142857142856,6,0
49250,6,48.141207794360284,-173.57142857142856,7,0
49251,6,48.141207794360284,-160.71428571428572,9,0
49252,6,48.141207794360284,-147.8571428571429,8,0
49253,6,48.141207794360284,-135.0,8,0
49254,6,48.141207794360284,-122.14285714285711,12,0
49255,6,48.141207794360284,-109.28571428571428,9,0
49256,6,48.141207794360284,-96.42857142857144,11,0
49257,6,48.141207794360284,-83.57142857142856,11,0
49258,6,48.141207794360284,-70.71428571428572,10,0
49259,6,48.141207794360284,-57.85714285714283,8,0
49260,6,48.141207794360284,-45.0,10,0
49261,6,48.141207794360284,-32.14285714285717,7,0
49262,6,48.141207794360284,-19.28571428571422,9,0
49263,6,48.141207794360284,-6.428571428571445,8,0
49264,6,41.81031489577859,5.625,11,0
49265,6,41.81031489577859,16.875,9,0
49266,6,41.81031489577859,28.125,6,0
49267,6,41.81031489577859,39.375,18,0
49268,6,41.81031489577859,50.625,12,0
49269,6,41.81031489577859,61.875,14,0
49270,6,41.81031489577859,73.125,13,0
49271,6,41.81031489577859,84.375,10,0
49272,6,41.81031489577859,95.625,12,0
49273,6,41.81031489577859,106.875,14,0
49274,6,41.81031489577859,118.125,14,0
49275,6,41.81031489577859,129.375,11,0
49276,6,41.81031489577859,140.625,11,0
49277,6,41.81031489577859,151.875,12,0
49278,6,41.81031489577859,163.125,8,0
49279,6,41.81031489577859,174.375,12,0
49280,6,41.81031489577859,-174.375,7,0
49281,6,41.81031489577859,-163.125,13,0
49282,6,41.81031489577859,-151.875,9,0
49283,6,41.81031489577859,-140.625,9,0
49284,6,41.81031489577859,-129.37500000000006,17,0
49285,6,41.81031489577859,-118.125,15,0
49286,6,41.81031489577859,-106.875,5,0
49287,6,41.81031489577859,-95.625,15,0
49288,6,41.81031489577859,-84.375,13,0
49289,6,41.81031489577859,-73.12500000000006,12,0
49290,6,41.81031489577859,-61.875,10,0
49291,6,41.81031489577859,-50.625,13,0
49292,6,41.81031489577859,-39.375,11,0
49293,6,41.81031489577859,-28.125,10,0
49294,6,41.81031489577859,-16.875,11,0
49295,6,41.81031489577859,-5.625,11,0
49296,6,35.68533471265204,0.0,15,0
49297,6,35.68533471265204,11.25,10,0
49298,6,35.68533471265204,22.5,10,0
49299,6,35.68533471265204,33.75,9,0
49300,6,35.68533471265204,45.0,14,0
49301,6,35.68533471265204,56.25,15,0
49302,6,35.68533471265204,67.5,14,0
49303,6,35.68533471265204,78.75,8,0
49304,6,35.68533471265204,90.0,12,0
49305,6,35.68533471265204,101.25,13,0
49306,6,35.68533471265204,112.5,9,0
49307,6,35.68533471265204,123.75,11,0
49308,6,35.68533471265204,135.0,5,0
49309,6,35.68533471265204,146.25,9,0
49310,6,35.68533471265204,157.5,12,0
49311,6,35.68533471265204,168.75,8,0
49312,6,35.68533471265204,-180.0,10,0
49313,6,35.68533471265204,-168.75,7,0
49314,6,35.68533471265204,-157.5,12,0
49315,6,35.68533471265204,-146.25,8,0
49316,6,35.68533471265204,-135.0,10,0
49317,6,35.68533471265204,-123.75,15,0
49318,6,35.68533471265204,-112.5,13,0
49319,6,35.68533471265204,-101.25,12,0
49320,6,35.68533471265204,-90.0,14,0
49321,6,35.68533471265204,-78.75000000000006,17,0
49322,6,35.68533471265204,-67.5,10,0
49323,6,35.68533471265204,-56.25,11,0
49324,6,35.68533471265204,-45.0,10,0
49325,6,35.68533471265204,-33.75000000000006,11,0
49326,6,35.68533471265204,-22.5,11,0
49327,6,35.68533471265204,-11.25,18,0
49328,6,30.000000000000007,5.625,20,0
49329,6,30.000000000000007,16.875,6,0
49330,6,30.000000000000007,28.125,8,0
49331,6,30.000000000000007,39.375,13,0
49332,6,30.000000000000007,50.625,16,0
49333,6,30.000000000000007,61.875,15,0
49334,6,30.000000000000007,73.125,7,0
49335,6,30.000000000000007,84.375,14,0
49336,6,30.000000000000007,95.625,12,0
49337,6,30.000000000000007,106.875,7,0
49338,6,30.000000000000007,118.125,8,0
49339,6,30.000000000000007,129.375,7,0
49340,6,30.000000000000007,140.625,4,0
49341,6,30.000000000000007,151.875,8,0
49342,6,30.000000000000007,163.125,8,0
49343,6,30.000000000000007,174.375,13,0
49344,6,30.000000000000007,-174.375,8,0
49345,6,30.000000000000007,-163.125,6,0
49346,6,30.000000000000007,-151.875,12,0
49347,6,30.000000000000007,-140.625,9,0
49348,6,30.000000000000007,-129.37500000000006,9,0
49349,6,30.000000000000007,-118.125,10,0
49350,6,30.000000000000007,-106.875,16,0
49351,6,30.000000000000007,-95.625,15,0
49352,6,30.000000000000007,-84.375,9,0
49353,6,30.000000000000007,-73.12500000000006,11,0
49354,6,30.000000000000007,-61.875,8,0
49355,6,30.000000000000007,-50.625,7,0
49356,6,30.000000000000007,-39.375,8,0
49357,6,30.000000000000007,-28.125,10,0
49358,6,30.000000000000007,-16.875,21,0
49359,6,30.000000000000007,-5.625,14,0
49360,6,24.62431835216408,0.0,19,0
49361,6,24.62431835216408,11.25,6,0
49362,6,24.62431835216408,22.5,10,0
49363,6,24.62431835216408,33.75,10,0
49364,6,24.62431835216408,45.0,15,0
49365,6,24.62431835216408,56.25,16,0
49366,6,24.62431835216408,67.5,13,0
49367,6,24.62431835216408,78.75,7,0
49368,6,24.62431835216408,90.0,10,0
49369,6,24.62431835216408,101.25,11,0
49370,6,24.62431835216408,112.5,5,0
49371,6,24.62431835216408,123.75,11,0
49372,6,24.62431835216408,135.0,9,1
49373,6,24.62431835216408,146.25,5,0
49374,6,24.62431835216408,157.5,9,0
49375,6,24.62431835216408,168.75,14,0
49376,6,24.62431835216408,-180.0,15,0
49377,6,24.62431835216408,-168.75,5,0
49378,6,24.62431835216408,-157.5,10,0
49379,6,24.62431835216408,-146.25,6,0
49380,6,24.62431835216408,-135.0,14,0
49381,6,24.62431835216408,-123.75,9,1
49382,6,24.62431835216408,-112.5,10,0
49383,6,24.62431835216408,-101.25,18,0
49384,6,24.62431835216408,-90.0,7,0
49385,6,24.62431835216408,-78.75000000000006,12,0
49386,6,24.62431835216408,-67.5,7,0
49387,6,24.62431835216408,-56.25,6,0
49388,6,24.62431835216408,-45.0,12,0
49389,6,24.62431835216408,-33.75000000000006,12,0
49390,6,24.62431835216408,-22.5,18,0
49391,6,24.62431835216408,-11.25,12,0
49392,6,19.47122063449069,5.625,8,0
49393,6,19.47122063449069,16.875,11,0
49394,6,19.47122063449069,28.125,7,0
49395,6,19.47122063449069,39.375,15,0
49396,6,19.47122063449069,50.625,10,0
49397,6,19.47122063449069,61.875,16,0
49398,6,19.47122063449069,73.125,10,0
49399,6,19.47122063449069,84.375,5,0
49400,6,19.47122063449069,95.625,9,0
49401,6,19.47122063449069,106.875,8,0
49402,6,19.47122063449069,118.125,11,0
49403,6,19.47122063449069,129.375,9,0
49404,6,19.47122063449069,140.625,10,1
49405,6,19.47122063449069,151.875,11,0
49406,6,19.47122063449069,163.125,6,0
49407,6,19.47122063449069,174.375,9,0
49408,6,19.47122063449069,-174.375,7,0
49409,6,19.47122063449069,-163.125,2,0
49410,6,19.47122063449069,-151.875,11,0
49411,6,19.47122063449069,-140.625,10,0
49412,6,19.47122063449069,-129.37500000000006,9,1
49413,6,19.47122063449069,-118.125,12,0
49414,6,19.47122063449069,-106.875,10,0
49415,6,19.47122063449069,-95.625,14,0
49416,6,19.47122063449069,-84.375,13,0
49417,6,19.47122063449069,-73.12500000000006,10,0
49418,6,19.47122063449069,-61.875,14,0
49419,6,19.47122063449069,-50.625,13,0
49420,6,19.47122063449069,-39.375,16,0
49421,6,19.47122063449069,-28.125,10,0
49422,6,19.47122063449069,-16.875,13,0
49423,6,19.47122063449069,-5.625,9,0
49424,6,14.477512185929925,0.0,7,0
49425,6,14.477512185929925,11.25,8,0
49426,6,14.477512185929925,22.5,14,0
49427,6,14.477512185929925,33.75,16,0
49428,6,14.477512185929925,45.0,11,0
49429,6,14.477512185929925,56.25,9,0
49430,6,14.477512185929925,67.5,16,0
49431,6,14.477512185929925,78.75,6,0
49432,6,14.477512185929925,90.0,8,0
49433,6,14.477512185929925,101.25,13,0
49434,6,14.477512185929925,112.5,9,0
49435,6,14.477512185929925,123.75,6,0
49436,6,14.477512185929925,135.0,11,0
49437,6,14.477512185929925,146.25,14,0
49438,6,14.477512185929925,157.5,12,0
49439,6,14.477512185929925,168.75,11,0
49440,6,14.477512185929925,-180.0,8,0
49441,6,14.477512185929925,-168.75,7,0
49442,6,14.477512185929925,-157.5,10,0
49443,6,14.477512185929925,-146.25,10,1
49444,6,14.477512185929925,-135.0,8,0
49445,6,14.477512185929925,-123.75,12,0
49446,6,14.477512185929925,-112.5,15,0
49447,6,14.477512185929925,-101.25,10,0
49448,6,14.477512185929925,-90.0,12,0
49449,6,14.477512185929925,-78.75000000000006,8,0
49450,6,14.477512185929925,-67.5,15,0
49451,6,14.477512185929925,-56.25,13,0
49452,6,14.477512185929925,-45.0,22,0
49453,6,14.477512185929925,-33.75000000000006,10,0
49454,6,14.477512185929925,-22.5,9,0
49455,6,14.477512185929925,-11.25,14,0
49456,6,9.594068226860458,5.625,14,0
49457,6,9.594068226860458,16.875,8,0
49458,6,9.594068226860458,28.125,10,0
49459,6,9.594068226860458,39.375,16,4
49460,6,9.594068226860458,50.625,9,0
49461,6,9.594068226860458,61.875,5,0
49462,6,9.594068226860458,73.125,12,0
49463,6,9.594068226860458,84.375,6,1
49464,6,9.594068226860458,95.625,7,0
49465,6,9.594068226860458,106.875,13,1
49466,6,9.594068226860458,118.125,9,1
49467,6,9.594068226860458,129.375,7,0
49468,6,9.594068226860458,140.625,10,0
49469,6,9.594068226860458,151.875,13,0
49470,6,9.594068226860458,163.125,8,0
49471,6,9.594068226860458,174.375,12,0
49472,6,9.594068226860458,-174.375,14,0
49473,6,9.594068226860458,-163.125,13,0
49474,6,9.594068226860458,-151.875,14,1
49475,6,9.594068226860458,-140.625,14,0
49476,6,9.594068226860458,-129.37500000000006,9,0
49477,6,9.594068226860458,-118.125,14,0
49478,6,9.594068226860458,-106.875,15,0
49479,6,9.594068226860458,-95.625,13,0
49480,6,9.594068226860458,-84.375,13,0
49481,6,9.594068226860458,-73.12500000000006,10,0
49482,6,9.594068226860458,-61.875,12,0
49483,6,9.594068226860458,-50.625,14,0
49484,6,9.594068226860458,-39.375,15,2
49485,6,9.594068226860458,-28.125,13,0
49486,6,9.594068226860458,-16.875,9,0
49487,6,9.594068226860458,-5.625,10,0
49488,6,4.780191847199163,0.0,11,2
49489,6,4.780191847199163,11.25,10,0
49490,6,4.780191847199163,22.5,10,2
49491,6,4.780191847199163,33.75,10,5
49492,6,4.780191847199163,45.0,7,4
49493,6,4.780191847199163,56.25,9,2
49494,6,4.780191847199163,67.5,14,2
49495,6,4.780191847199163,78.75,3,2
49496,6,4.780191847199163,90.0,10,3
49497,6,4.780191847199163,101.25,10,5
49498,6,4.780191847199163,112.5,12,4
49499,6,4.780191847199163,123.75,10,2
49500,6,4.780191847199163,135.0,9,3
49501,6,4.780191847199163,146.25,9,1
49502,6,4.780191847199163,157.5,7,0
49503,6,4.780191847199163,168.75,9,2
49504,6,4.780191847199163,-180.0,16,1
49505,6,4.780191847199163,-168.75,19,2
49506,6,4.780191847199163,-157.5,10,2
49507,6,4.780191847199163,-146.25,17,0
49508,6,4.780191847199163,-135.0,9,1
49509,6,4.780191847199163,-123.75,8,5
49510,6,4.780191847199163,-112.5,11,1
49511,6,4.780191847199163,-101.25,17,1
49512,6,4.780191847199163,-90.0,9,2
49513,6,4.780191847199163,-78.75000000000006,9,2
49514,6,4.780191847199163,-67.5,10,0
49515,6,4.780191847199163,-56.25,17,2
49516,6,4.780191847199163,-45.0,10,3
49517,6,4.780191847199163,-33.75000000000006,8,3
49518,6,4.780191847199163,-22.5,14,1
49519,6,4.780191847199163,-11.25,10,0
49520,6,0.0,5.625,7,3
49521,6,0.0,16.875,9,4
49522,6,0.0,28.125,8,2
49523,6,0.0,39.375,10,3
49524,6,0.0,50.625,6,3
49525,6,0.0,61.875,10,2
49526,6,0.0,73.125,10,3
49527,6,0.0,84.375,7,3
49528,6,0.0,95.625,10,3
49529,6,0.0,106.875,15,5
49530,6,0.0,118.125,10,5
49531,6,0.0,129.375,17,3
49532,6,0.0,140.625,18,3
49533,6,0.0,151.875,10,2
49534,6,0.0,163.125,6,3
49535,6,0.0,174.375,6,4
49536,6,0.0,-174.375,12,2
49537,6,0.0,-163.125,13,5
49538,6,0.0,-151.875,12,3
49539,6,0.0,-140.625,13,1
49540,6,0.0,-129.37500000000006,5,4
49541,6,0.0,-118.125,6,5
49542,6,0.0,-106.875,16,2
49543,6,0.0,-95.625,6,7
49544,6,0.0,-84.375,7,2
49545,6,0.0,-73.12500000000006,4,2
49546,6,0.0,-61.875,16,3
49547,6,0.0,-50.625,11,1
49548,6,0.0,-39.375,8,3
49549,6,0.0,-28.125,6,4
49550,6,0.0,-16.875,10,3
49551,6,0.0,-5.625,14,1
49552,6,-4.780191847199163,0.0,9,0
49553,6,-4.780191847199163,11.25,12,1
49554,6,-4.780191847199163,22.5,10,2
49555,6,-4.780191847199163,33.75,8,0
49556,6,-4.780191847199163,45.0,16,1
49557,6,-4.780191847199163,56.25,14,2
49558,6,-4.780191847199163,67.5,11,3
49559,6,-4.780191847199163,78.75,10,1
49560,6,-4.780191847199163,90.0,7,2
49561,6,-4.780191847199163,101.25,15,3
49562,6,-4.780191847199163,112.5,13,1
49563,6,-4.780191847199163,123.75,12,3
49564,6,-4.780191847199163,135.0,19,0
49565,6,-4.780191847199163,146.25,15,1
49566,6,-4.780191847199163,157.5,12,1
49567,6,-4.780191847199163,168.75,6,2
49568,6,-4.780191847199163,-180.0,10,3
49569,6,-4.780191847199163,-168.75,15,3
49570,6,-4.780191847199163,-157.5,9,2
49571,6,-4.780191847199163,-146.25,19,0
49572,6,-4.780191847199163,-135.0,7,2
49573,6,-4.780191847199163,-123.75,10,3
49574,6,-4.780191847199163,-112.5,9,3
49575,6,-4.780191847199163,-101.25,10,2
49576,6,-4.780191847199163,-90.0,8,2
49577,6,-4.780191847199163,-78.75000000000006,8,0
49578,6,-4.780191847199163,-67.5,7,2
49579,6,-4.780191847199163,-56.25,6,2
49580,6,-4.780191847199163,-45.0,12,1
49581,6,-4.780191847199163,-33.75000000000006,6,0
49582,6,-4.780191847199163,-22.5,13,3
49583,6,-4.780191847199163,-11.25,16,3
49584,6,-9.594068226860458,5.625,15,0
49585,6,-9.594068226860458,16.875,10,1
49586,6,-9.594068226860458,28.125,10,0
49587,6,-9.594068226860458,39.375,11,0
49588,6,-9.594068226860458,50.625,14,0
49589,6,-9.594068226860458,61.875,16,0
49590,6,-9.594068226860458,73.125,8,0
49591,6,-9.594068226860458,84.375,10,0
49592,6,-9.594068226860458,95.625,13,0
49593,6,-9.594068226860458,106.875,15,0
49594,6,-9.594068226860458,118.125,10,0
49595,6,-9.594068226860458,129.375,8,0
49596,6,-9.594068226860458,140.625,19,1
49597,6,-9.594068226860458,151.875,6,0
49598,6,-9.594068226860458,163.125,12,1
49599,6,-9.594068226860458,174.375,12,0
49600,6,-9.594068226860458,-174.375,9,0
49601,6,-9.594068226860458,-163.125,16,1
49602,6,-9.594068226860458,-151.875,10,0
49603,6,-9.594068226860458,-140.625,10,0
49604,6,-9.594068226860458,-129.37500000000006,10,0
49605,6,-9.594068226860458,-118.125,13,1
49606,6,-9.594068226860458,-106.875,11,0
49607,6,-9.594068226860458,-95.625,10,0
49608,6,-9.594068226860458,-84.375,12,0
49609,6,-9.594068226860458,-73.12500000000006,10,0
49610,6,-9.594068226860458,-61.875,9,0
49611,6,-9.594068226860458,-50.625,12,1
49612,6,-9.594068226860458,-39.375,8,0
49613,6,-9.594068226860458,-28.125,13,0
49614,6,-9.594068226860458,-16.875,12,3
49615,6,-9.594068226860458,-5.625,11,0
49616,6,-14.477512185929925,0.0,14,0
49617,6,-14.477512185929925,11.25,15,1
49618,6,-14.477512185929925,22.5,10,0
49619,6,-14.477512185929925,33.75,12,0
49620,6,-14.477512185929925,45.0,10,0
49621,6,-14.477512185929925,56.25,11,0
49622,6,-14.477512185929925,67.5,13,0
49623,6,-14.477512185929925,78.75,11,0
49624,6,-14.477512185929925,90.0,9,0
49625,6,-14.477512185929925,101.25,8,0
49626,6,-14.477512185929925,112.5,14,0
49627,6,-14.477512185929925,123.75,8,0
49628,6,-14.477512185929925,135.0,8,0
49629,6,-14.477512185929925,146.25,9,1
49630,6,-14.477512185929925,157.5,12,0
49631,6,-14.477512185929925,168.75,10,0
49632,6,-14.477512185929925,-180.0,11,0
49633,6,-14.477512185929925,-168.75,8,0
49634,6,-14.477512185929925,-157.5,12,0
49635,6,-14.477512185929925,-146.25,8,0
49636,6,-14.477512185929925,-135.0,9,0
49637,6,-14.477512185929925,-123.75,18,0
49638,6,-14.477512185929925,-112.5,11,0
49639,6,-14.477512185929925,-101.25,12,0
49640,6,-14.477512185929925,-90.0,11,0
49641,6,-14.477512185929925,-78.75000000000006,13,0
49642,6,-14.477512185929925,-67.5,9,0
49643,6,-14.477512185929925,-56.25,11,0
49644,6,-14.477512185929925,-45.0,15,0
49645,6,-14.477512185929925,-33.75000000000006,15,0
49646,6,-14.477512185929925,-22.5,15,0
49647,6,-14.477512185929925,-11.25,7,1
49648,6,-19.47122063449069,5.625,14,0
49649,6,-19.47122063449069,16.875,14,0
49650,6,-19.47122063449069,28.125,10,0
49651,6,-19.47122063449069,39.375,7,0
49652,6,-19.47122063449069,50.625,10,0
49653,6,-19.47122063449069,61.875,9,0
49654,6,-19.47122063449069,73.125,12,0
49655,6,-19.47122063449069,84.375,17,0
49656,6,-19.47122063449069,95.625,6,0
49657,6,-19.47122063449069,106.875,11,0
49658,6,-19.47122063449069,118.125,13,0
49659,6,-19.47122063449069,129.375,6,0
49660,6,-19.47122063449069,140.625,9,0
49661,6,-19.47122063449069,151.875,5,0
49662,6,-19.47122063449069,163.125,12,0
49663,6,-19.47122063449069,174.375,10,0
49664,6,-19.47122063449069,-174.375,16,0
49665,6,-19.47122063449069,-163.125,9,0
49666,6,-19.47122063449069,-151.875,7,0
49667,6,-19.47122063449069,-140.625,12,0
49668,6,-19.47122063449069,-129.37500000000006,4,0
49669,6,-19.47122063449069,-118.125,19,0
49670,6,-19.47122063449069,-106.875,10,0
49671,6,-19.47122063449069,-95.625,11,0
49672,6,-19.47122063449069,-84.375,9,0
49673,6,-19.47122063449069,-73.12500000000006,11,0
49674,6,-19.47122063449069,-61.875,7,0
49675,6,-19.47122063449069,-50.625,15,0
49676,6,-19.47122063449069,-39.375,13,0
49677,6,-19.47122063449069,-28.125,15,0
49678,6,-19.47122063449069,-16.875,11,0
49679,6,-19.47122063449069,-5.625,8,0
49680,6,-24.62431835216408,0.0,11,0
49681,6,-24.62431835216408,11.25,12,0
49682,6,-24.62431835216408,22.5,9,0
49683,6,-24.62431835216408,33.75,9,0
49684,6,-24.62431835216408,45.0,5,0
49685,6,-24.62431835216408,56.25,9,0
49686,6,-24.62431835216408,67.5,8,0
49687,6,-24.62431835216408,78.75,9,0
49688,6,-24.62431835216408,90.0,12,0
49689,6,-24.62431835216408,101.25,8,0
49690,6,-24.62431835216408,112.5,12,0
49691,6,-24.62431835216408,123.75,10,0
49692,6,-24.62431835216408,135.0,13,0
49693,6,-24.62431835216408,146.25,9,0
49694,6,-24.62431835216408,157.5,14,0
49695,6,-24.62431835216408,168.75,11,0
49696,6,-24.62431835216408,-180.0,12,0
49697,6,-24.62431835216408,-168.75,12,0
49698,6,-24.62431835216408,-157.5,7,0
49699,6,-24.62431835216408,-146.25,8,0
49700,6,-24.62431835216408,-135.0,10,0
49701,6,-24.62431835216408,-123.75,13,0
49702,6,-24.62431835216408,-112.5,17,0
49703,6,-24.62431835216408,-101.25,12,0
49704,6,-24.62431835216408,-90.0,12,0
49705,6,-24.62431835216408,-78.75000000000006,5,0
49706,6,-24.62431835216408,-67.5,9,0
49707,6,-24.62431835216408,-56.25,12,0
49708,6,-24.62431835216408,-45.0,6,0
49709,6,-24.62431835216408,-33.75000000000006,12,0
49710,6,-24.62431835216408,-22.5,14,0
49711,6,-24.62431835216408,-11.25,9,0
49712,6,-30.000000000000014,5.625,12,0
49713,6,-30.000000000000014,16.875,5,0
49714,6,-30.000000000000014,28.125,13,0
49715,6,-30.000000000000014,39.375,4,0
49716,6,-30.000000000000014,50.625,10,0
49717,6,-30.000000000000014,61.875,11,0
49718,6,-30.000000000000014,73.125,8,0
49719,6,-30.000000000000014,84.375,14,0
49720,6,-30.000000000000014,95.625,11,0
49721,6,-30.000000000000014,106.875,7,0
49722,6,-30.000000000000014,118.125,6,0
49723,6,-30.000000000000014,129.375,14,0
49724,6,-30.000000000000014,140.625,15,0
49725,6,-30.000000000000014,151.875,19,0
49726,6,-30.000000000000014,163.125,9,0
49727,6,-30.000000000000014,174.375,11,0
49728,6,-30.000000000000014,-174.375,5,0
49729,6,-30.000000000000014,-163.125,16,0
49730,6,-30.000000000000014,-151.875,10,0
49731,6,-30.000000000000014,-140.625,5,0
49732,6,-30.000000000000014,-129.37500000000006,9,0
49733,6,-30.000000000000014,-118.125,11,0
49734,6,-30.000000000000014,-106.875,12,0
49735,6,-30.000000000000014,-95.625,12,0
49736,6,-30.000000000000014,-84.375,8,0
49737,6,-30.000000000000014,-73.12500000000006,10,0
49738,6,-30.000000000000014,-61.875,3,0
49739,6,-30.000000000000014,-50.625,13,0
49740,6,-30.000000000000014,-39.375,3,0
49741,6,-30.000000000000014,-28.125,13,0
49742,6,-30.000000000000014,-16.875,11,0
49743,6,-30.000000000000014,-5.625,8,0
49744,6,-35.68533471265205,0.0,12,0
49745,6,-35.68533471265205,11.25,14,0
49746,6,-35.68533471265205,22.5,9,0
49747,6,-35.68533471265205,33.75,6,0
49748,6,-35.68533471265205,45.0,10,0
49749,6,-35.68533471265205,56.25,11,0
49750,6,-35.68533471265205,67.5,8,0
49751,6,-35.68533471265205,78.75,12,0
49752,6,-35.68533471265205,90.0,13,0
49753,6,-35.68533471265205,101.25,14,0
49754,6,-35.68533471265205,112.5,15,0
49755,6,-35.68533471265205,123.75,5,0
49756,6,-35.68533471265205,135.0,12,0
49757,6,-35.68533471265205,146.25,18,0
49758,6,-35.68533471265205,157.5,11,0
49759,6,-35.68533471265205,168.75,15,0
49760,6,-35.68533471265205,-180.0,9,0
49761,6,-35.68533471265205,-168.75,15,0
49762,6,-35.68533471265205,-157.5,9,0
49763,6,-35.68533471265205,-146.25,9,0
49764,6,-35.68533471265205,-135.0,6,0
49765,6,-35.68533471265205,-123.75,10,0
49766,6,-35.68533471265205,-112.5,11,0
49767,6,-35.68533471265205,-101.25,15,0
49768,6,-35.68533471265205,-90.0,14,0
49769,6,-35.68533471265205,-78.75000000000006,11,0
49770,6,-35.68533471265205,-67.5,3,0
49771,6,-35.68533471265205,-56.25,5,0
49772,6,-35.68533471265205,-45.0,10,0
49773,6,-35.68533471265205,-33.75000000000006,5,0
49774,6,-35.68533471265205,-22.5,11,0
49775,6,-35.68533471265205,-11.25,6,0
49776,6,-41.81031489577862,5.625,19,0
49777,6,-41.81031489577862,16.875,16,0
49778,6,-41.81031489577862,28.125,12,0
49779,6,-41.81031489577862,39.375,12,0
49780,6,-41.81031489577862,50.625,11,0
49781,6,-41.81031489577862,61.875,11,0
49782,6,-41.81031489577862,73.125,9,0
49783,6,-41.81031489577862,84.375,12,0
49784,6,-41.81031489577862,95.625,14,0
49785,6,-41.81031489577862,106.875,11,0
49786,6,-41.81031489577862,118.125,6,0
49787,6,-41.81031489577862,129.375,7,0
49788,6,-41.81031489577862,140.625,13,0
49789,6,-41.81031489577862,151.875,16,0
49790,6,-41.81031489577862,163.125,9,0
49791,6,-41.81031489577862,174.375,13,0
49792,6,-41.81031489577862,-174.375,12,0
49793,6,-41.81031489577862,-163.125,17,0
49794,6,-41.81031489577862,-151.875,13,0
49795,6,-41.81031489577862,-140.625,13,0
49796,6,-41.81031489577862,-129.37500000000006,17,0
49797,6,-41.81031489577862,-118.125,9,0
49798,6,-41.81031489577862,-106.875,7,0
49799,6,-41.81031489577862,-95.625,12,0
49800,6,-41.81031489577862,-84.375,8,0
49801,6,-41.81031489577862,-73.12500000000006,5,0
49802,6,-41.81031489577862,-61.875,7,0
49803,6,-41.81031489577862,-50.625,10,0
49804,6,-41.81031489577862,-39.375,12,0
49805,6,-41.81031489577862,-28.125,9,0
49806,6,-41.81031489577862,-16.875,6,0
49807,6,-41.81031489577862,-5.625,12,0
49808,6,-48.1412077943603,6.428571428571416,14,0
49809,6,-48.1412077943603,19.285714285714278,13,0
49810,6,-48.1412077943603,32.14285714285714,8,0
49811,6,-48.1412077943603,45.0,12,0
49812,6,-48.1412077943603,57.85714285714286,8,0
49813,6,-48.1412077943603,70.71428571428572,14,0
49814,6,-48.1412077943603,83.57142857142856,15,0
49815,6,-48.1412077943603,96.42857142857144,10,0
49816,6,-48.1412077943603,109.28571428571428,8,0
49817,6,-48.1412077943603,122.14285714285711,5,0
49818,6,-48.1412077943603,135.0,7,0
49819,6,-48.1412077943603,147.8571428571429,13,0
49820,6,-48.1412077943603,160.71428571428572,8,0
49821,6,-48.1412077943603,173.57142857142856,11,0
49822,6,-48.1412077943603,-173.57142857142856,15,0
49823,6,-48.1412077943603,-160.71428571428572,16,0
49824,6,-48.1412077943603,-147.8571428571429,16,0
49825,6,-48.1412077943603,-135.0,16,0
49826,6,-48.1412077943603,-122.14285714285711,10,0
49827,6,-48.1412077943603,-109.28571428571428,5,0
49828,6,-48.1412077943603,-96.42857142857144,8,0
49829,6,-48.1412077943603,-83.57142857142856,4,0
49830,6,-48.1412077943603,-70.71428571428572,13,0
49831,6,-48.1412077943603,-57.85714285714283,13,0
49832,6,-48.1412077943603,-45.0,8,0
49833,6,-48.1412077943603,-32.14285714285717,10,0
49834,6,-48.1412077943603,-19.28571428571422,12,0
49835,6,-48.1412077943603,-6.428571428571445,18,0
49836,6,-54.340912303861245,7.5,9,0
49837,6,-54.340912303861245,22.5,14,0
49838,6,-54.340912303861245,37.5,10,0
49839,6,-54.340912303861245,52.5,7,0
49840,6,-54.340912303861245,67.5,14,0
49841,6,-54.340912303861245,82.5,14,0
49842,6,-54.340912303861245,97.5,10,0
49843,6,-54.340912303861245,112.5,5,0
49844,6,-54.340912303861245,127.5,7,0
49845,6,-54.340912303861245,142.5,12,0
49846,6,-54.340912303861245,157.5,14,0
49847,6,-54.340912303861245,172.5,12,0
49848,6,-54.340912303861245,-172.5,10,0
49849,6,-54.340912303861245,-157.5,10,0
49850,6,-54.340912303861245,-142.5,10,0
49851,6,-54.340912303861245,-127.5,6,0
49852,6,-54.340912303861245,-112.5,5,0
49853,6,-54.340912303861245,-97.5,8,0
49854,6,-54.340912303861245,-82.5,12,0
49855,6,-54.340912303861245,-67.5,13,0
49856,6,-54.340912303861245,-52.50000000000006,5,0
49857,6,-54.340912303861245,-37.5,10,0
49858,6,-54.340912303861245,-22.5,8,0
49859,6,-54.340912303861245,-7.5,10,0
49860,6,-60.4344388449523,9.0,11,0
49861,6,-60.4344388449523,27.0,13,0
49862,6,-60.4344388449523,45.0,11,0
49863,6,-60.4344388449523,63.0,9,0
49864,6,-60.4344388449523,81.0,13,0
49865,6,-60.4344388449523,99.0,7,0
49866,6,-60.4344388449523,117.0,5,0
49867,6,-60.4344388449523,135.0,11,0
49868,6,-60.4344388449523,153.0,18,0
49869,6,-60.4344388449523,171.0,15,0
49870,6,-60.4344388449523,-171.0,18,0
49871,6,-60.4344388449523,-153.0,8,0
49872,6,-60.4344388449523,-135.0,8,0
49873,6,-60.4344388449523,-117.0,7,0
49874,6,-60.4344388449523,-99.0,7,0
49875,6,-60.4344388449523,-81.0,16,0
49876,6,-60.4344388449523,-63.0,17,0
49877,6,-60.4344388449523,-45.0,10,0
49878,6,-60.4344388449523,-27.0,13,0
49879,6,-60.4344388449523,-9.0,10,0
49880,6,-66.44353569089876,11.25,7,0
49881,6,-66.44353569089876,33.75,14,0
49882,6,-66.44353569089876,56.25,16,0
49883,6,-66.44353569089876,78.75,15,0
49884,6,-66.44353569089876,101.25,6,0
49885,6,-66.44353569089876,123.75,11,1
49886,6,-66.44353569089876,146.25,11,0
49887,6,-66.44353569089876,168.75,18,0
49888,6,-66.44353569089876,-168.75,12,0
49889,6,-66.44353569089876,-146.25,9,0
49890,6,-66.44353569089876,-123.75,8,0
49891,6,-66.44353569089876,-101.25,11,0
49892,6,-66.44353569089876,-78.75,12,0
49893,6,-66.44353569089876,-56.25,16,0
49894,6,-66.44353569089876,-33.75,13,0
49895,6,-66.44353569089876,-11.25,10,0
49896,6,-72.38756092964962,15.0,9,0
49897,6,-72.38756092964962,45.0,19,0
49898,6,-72.38756092964962,75.0,11,0
49899,6,-72.38756092964962,105.0,8,0
49900,6,-72.38756092964962,135.0,15,0
49901,6,-72.38756092964962,165.0,19,0
49902,6,-72.38756092964962,-165.0,8,0
49903,6,-72.38756092964962,-135.0,10,0
49904,6,-72.38756092964962,-105.0,9,0
49905,6,-72.38756092964962,-75.0,8,0
49906,6,-72.38756092964962,-45.0,11,0
49907,6,-72.38756092964962,-15.0,11,0
49908,6,-78.28414760510762,22.5,8,0
49909,6,-78.28414760510762,67.5,9,0
49910,6,-78.28414760510762,112.5,14,0
49911,6,-78.28414760510762,157.5,14,0
49912,6,-78.28414760510762,-157.5,9,0
49913,6,-78.28414760510762,-112.5,9,0
49914,6,-78.28414760510762,-67.5,16,0
49915,6,-78.28414760510762,-22.5,13,0
49916,6,-84.14973293629666,45.0,5,0
49917,6,-84.14973293629666,135.0,7,0
49918,6,-84.14973293629666,-135.0,7,0
49919,6,-84.14973293629666,-45.0,8,0
49920,6,84.14973293629666,45.0,13,0
49921,6,84.14973293629666,135.0,8,0
49922,6,84.14973293629666,-135.0,14,0
49923,6,84.14973293629666,-45.0,9,0
49924,6,78.28414760510762,22.5,12,0
49925,6,78.28414760510762,67.5,11,0
49926,6,78.28414760510762,112.5,5,0
49927,6,78.28414760510762,157.5,5,0
49928,6,78.28414760510762,-157.5,9,0
49929,6,78.28414760510762,-112.5,13,0
49930,6,78.28414760510762,-67.5,10,0
49931,6,78.28414760510762,-22.5,10,0
49932,6,72.38756092964962,15.0,7,0
49933,6,72.38756092964962,45.0,9,0
49934,6,72.38756092964962,75.0,8,0
49935,6,72.38756092964962,105.0,5,0
49936,6,72.38756092964962,135.0,12,0
49937,6,72.38756092964962,165.0,5,0
49938,6,72.38756092964962,-165.0,8,0
49939,6,72.38756092964962,-135.0,3,0
49940,6,72.38756092964962,-105.0,12,0
49941,6,72.38756092964962,-75.0,15,0
49942,6,72.38756092964962,-45.0,7,0
49943,6,72.38756092964962,-15.0,14,0
49944,6,66.44353569089877,11.25,9,0
49945,6,66.44353569089877,33.75,4,0
49946,6,66.44353569089877,56.25,10,0
49947,6,66.44353569089877,78.75,9,0
49948,6,66.44353569089877,101.25,10,0
49949,6,66.44353569089877,123.75,9,0
49950,6,66.44353569089877,146.25,8,0
49951,6,66.44353569089877,168.75,5,0
49952,6,66.44353569089877,-168.75,8,0
49953,6,66.44353569089877,-146.25,6,0
49954,6,66.44353569089877,-123.75,6,0
49955,6,66.44353569089877,-101.25,18,0
49956,6,66.44353569089877,-78.75,10,0
49957,6,66.44353569089877,-56.25,14,0
49958,6,66.44353569089877,-33.75,13,0
49959,6,66.44353569089877,-11.25,11,0
49960,6,60.43443884495228,9.0,13,0
49961,6,60.43443884495228,27.0,10,0
49962,6,60.43443884495228,45.0,14,0
49963,6,60.43443884495228,63.0,18,0
49964,6,60.43443884495228,81.0,12,0
49965,6,60.43443884495228,99.0,9,0
49966,6,60.43443884495228,117.0,6,0
49967,6,60.43443884495228,135.0,11,0
49968,6,60.43443884495228,153.0,15,0
49969,6,60.43443884495228,171.0,10,0
49970,6,60.43443884495228,-171.0,13,0
49971,6,60.43443884495228,-153.0,9,0
49972,6,60.43443884495228,-135.0,13,0
49973,6,60.43443884495228,-117.0,6,0
49974,6,60.43443884495228,-99.0,23,0
49975,6,60.43443884495228,-81.0,13,0
49976,6,60.43443884495228,-63.0,11,0
49977,6,60.43443884495228,-45.0,14,0
49978,6,60.43443884495228,-27.0,16,0
49979,6,60.43443884495228,-9.0,10,0
49980,6,54.340912303861245,7.5,10,0
49981,6,54.340912303861245,22.5,10,0
49982,6,54.340912303861245,37.5,14,0
49983,6,54.340912303861245,52.5,20,0
49984,6,54.340912303861245,67.5,18,0
49985,6,54.340912303861245,82.5,5,0
49986,6,54.340912303861245,97.5,5,0
49987,6,54.340912303861245,112.5,8,0
49988,6,54.340912303861245,127.5,7,0
49989,6,54.340912303861245,142.5,10,0
49990,6,54.340912303861245,157.5,12,0
49991,6,54.340912303861245,172.5,9,0
49992,6,54.340912303861245,-172.5,7,0
49993,6,54.340912303861245,-157.5,10,0
49994,6,54.340912303861245,-142.5,13,0
49995,6,54.340912303861245,-127.5,7,0
49996,6,54.340912303861245,-112.5,14,0
49997,6,54.340912303861245,-97.5,11,0
49998,6,54.340912303861245,-82.5,13,0
49999,6,54.340912303861245,-67.5,12,0
50000,6,54.340912303861245,-52.50000000000006,7,0
50001,6,54.340912303861245,-37.5,6,0
50002,6,54.340912303861245,-22.5,10,0
50003,6,54.340912303861245,-7.5,11,0
50004,6,48.141207794360284,6.428571428571416,8,0
50005,6,48.141207794360284,19.285714285714278,7,0
50006,6,48.141207794360284,32.14285714285714,7,0
50007,6,48.141207794360284,45.0,12,0
50008,6,48.141207794360284,57.85714285714286,11,0
50009,6,48.141207794360284,70.71428571428572,14,0
50010,6,48.141207794360284,83.57142857142856,8,0
50011,6,48.141207794360284,96.42857142857144,13,0
50012,6,48.141207794360284,109.28571428571428,10,0
50013,6,48.141207794360284,122.14285714285711,8,0
50014,6,48.141207794360284,135.0,11,0
50015,6,48.141207794360284,147.8571428571429,14,0
50016,6,48.141207794360284,160.71428571428572,2,0
50017,6,48.141207794360284,173.57142857142856,6,0
50018,6,48.141207794360284,-173.57142857142856,7,0
50019,6,48.141207794360284,-160.71428571428572,9,0
50020,6,48.141207794360284,-147.8571428571429,8,0
50021,6,48.141207794360284,-135.0,8,0
50022,6,48.141207794360284,-122.14285714285711,12,0
50023,6,48.141207794360284,-109.28571428571428,9,0
50024,6,48.141207794360284,-96.42857142857144,11,0
50025,6,48.141207794360284,-83.57142857142856,11,0
50026,6,48.141207794360284,-70.71428571428572,10,0
50027,6,48.141207794360284,-57.85714285714283,8,0
50028,6,48.141207794360284,-45.0,10,0
50029,6,48.141207794360284,-32.14285714285717,7,0
50030,6,48.141207794360284,-19.28571428571422,9,0
50031,6,48.141207794360284,-6.428571428571445,8,0
50032,6,41.81031489577859,5.625,11,0
50033,6,41.81031489577859,16.875,9,0
50034,6,41.81031489577859,28.125,6,0
50035,6,41.81031489577859,39.375,18,0
50036,6,41.81031489577859,50.625,12,0
50037,6,41.81031489577859,61.875,14,0
50038,6,41.81031489577859,73.125,13,0
50039,6,41.81031489577859,84.375,10,0
50040,6,41.81031489577859,95.625,12,0
50041,6,41.81031489577859,106.875,14,0
50042,6,41.81031489577859,118.125,14,0
50043,6,41.81031489577859,129.375,11,0
50044,6,41.81031489577859,140.625,11,0
50045,6,41.81031489577859,151.875,12,0
50046,6,41.81031489577859,163.125,8,0
50047,6,41.81031489577859,174.375,12,0
50048,6,41.81031489577859,-174.375,7,0
50049,6,41.81031489577859,-163.125,13,0
50050,6,41.81031489577859,-151.875,9,0
50051,6,41.81031489577859,-140.625,9,0
50052,6,41.81031489577859,-129.37500000000006,17,0
50053,6,41.81031489577859,-118.125,15,0
50054,6,41.81031489577859,-106.875,5,0
50055,6,41.81031489577859,-95.625,15,0
50056,6,41.81031489577859,-84.375,13,0
50057,6,41.81031489577859,-73.12500000000006,12,0
50058,6,41.81031489577859,-61.875,10,0
50059,6,41.81031489577859,-50.625,13,0
50060,6,41.81031489577859,-39.375,11,0
50061,6,41.81031489577859,-28.125,10,0
50062,6,41.81031489577859,-16.875,11,0
50063,6,41.81031489577859,-5.625,11,0
50064,6,35.68533471265204,0.0,15,0
50065,6,35.68533471265204,11.25,10,0
50066,6,35.68533471265204,22.5,10,0
50067,6,35.68533471265204,33.75,9,0
50068,6,35.68533471265204,45.0,14,0
50069,6,35.68533471265204,56.25,15,0
50070,6,35.68533471265204,67.5,14,0
50071,6,35.68533471265204,78.75,8,0
50072,6,35.68533471265204,90.0,12,0
50073,6,35.68533471265204,101.25,13,0
50074,6,35.68533471265204,112.5,9,0
50075,6,35.68533471265204,123.75,11,0
50076,6,35.68533471265204,135.0,5,0
50077,6,35.68533471265204,146.25,9,0
50078,6,35.68533471265204,157.5,12,0
50079,6,35.68533471265204,168.75,8,0
50080,6,35.68533471265204,-180.0,10,0
50081,6,35.68533471265204,-168.75,7,0
50082,6,35.68533471265204,-157.5,12,0
50083,6,35.68533471265204,-146.25,8,0
50084,6,35.68533471265204,-135.0,10,0
50085,6,35.68533471265204,-123.75,15,0
50086,6,35.68533471265204,-112.5,13,0
50087,6,35.68533471265204,-101.25,12,0
50088,6,35.68533471265204,-90.0,14,0
50089,6,35.68533471265204,-78.75000000000006,17,0
50090,6,35.68533471265204,-67.5,10,0
50091,6,35.68533471265204,-56.25,11,0
50092,6,35.68533471265204,-45.0,10,0
50093,6,35.68533471265204,-33.75000000000006,11,0
50094,6,35.68533471265204,-22.5,11,0
50095,6,35.68533471265204,-11.25,18,0
50096,6,30.000000000000007,5.625,20,0
50097,6,30.000000000000007,16.875,6,0
50098,6,30.000000000000007,28.125,8,0
50099,6,30.000000000000007,39.375,13,0
50100,6,30.000000000000007,50.625,16,0
50101,6,30.000000000000007,61.875,15,0
50102,6,30.000000000000007,73.125,7,0
50103,6,30.000000000000007,84.375,14,0
50104,6,30.000000000000007,95.625,12,0
50105,6,30.000000000000007,106.875,7,0
50106,6,30.000000000000007,118.125,8,0
50107,6,30.000000000000007,129.375,7,0
50108,6,30.000000000000007,140.625,4,0
50109,6,30.000000000000007,151.875,8,0
50110,6,30.000000000000007,163.125,8,0
50111,6,30.000000000000007,174.375,13,0
50112,6,30.000000000000007,-174.375,8,0
50113,6,30.000000000000007,-163.125,6,0
50114,6,30.000000000000007,-151.875,12,0
50115,6,30.000000000000007,-140.625,9,0
50116,6,30.000000000000007,-129.37500000000006,9,0
50117,6,30.000000000000007,-118.125,10,0
50118,6,30.000000000000007,-106.875,16,0
50119,6,30.000000000000007,-95.625,15,0
50120,6,30.000000000000007,-84.375,9,0
50121,6,30.000000000000007,-73.12500000000006,11,0
50122,6,30.000000000000007,-61.875,8,0
50123,6,30.000000000000007,-50.625,7,0
50124,6,30.000000000000007,-39.375,8,0
50125,6,30.000000000000007,-28.125,10,0
50126,6,30.000000000000007,-16.875,21,0
50127,6,30.000000000000007,-5.625,14,0
50128,6,24.62431835216408,0.0,19,0
50129,6,24.62431835216408,11.25,6,0
50130,6,24.62431835216408,22.5,10,0
50131,6,24.62431835216408,33.75,10,0
50132,6,24.62431835216408,45.0,15,0
50133,6,24.62431835216408,56.25,16,0
50134,6,24.62431835216408,67.5,13,0
50135,6,24.62431835216408,78.75,7,0
50136,6,24.62431835216408,90.0,10,0
50137,6,24.62431835216408,101.25,11,0
50138,6,24.62431835216408,112.5,5,0
50139,6,24.62431835216408,123.75,11,0
50140,6,24.62431835216408,135.0,9,1
50141,6,24.62431835216408,146.25,5,0
50142,6,24.62431835216408,157.5,9,0
50143,6,24.62431835216408,168.75,14,0
50144,6,24.62431835216408,-180.0,15,0
50145,6,24.62431835216408,-168.75,5,0
50146,6,24.62431835216408,-157.5,10,0
50147,6,24.62431835216408,-146.25,6,0
50148,6,24.62431835216408,-135.0,14,0
50149,6,24.62431835216408,-123.75,9,1
50150,6,24.62431835216408,-112.5,10,0
50151,6,24.62431835216408,-101.25,18,0
50152,6,24.62431835216408,-90.0,7,0
50153,6,24.62431835216408,-78.75000000000006,12,0
50154,6,24.62431835216408,-67.5,7,0
50155,6,24.62431835216408,-56.25,6,0
50156,6,24.62431835216408,-45.0,12,0
50157,6,24.62431835216408,-33.75000000000006,12,0
50158,6,24.62431835216408,-22.5,18,0
50159,6,24.62431835216408,-11.25,12,0
50160,6,19.47122063449069,5.625,8,0
50161,6,19.47122063449069,16.875,11,0
50162,6,19.47122063449069,28.125,7,0
50163,6,19.47122063449069,39.375,15,0
50164,6,19.47122063449069,50.625,10,0
50165,6,19.47122063449069,61.875,16,0
50166,6,19.47122063449069,73.125,10,0
50167,6,19.47122063449069,84.375,5,0
50168,6,19.47122063449069,95.625,9,0
50169,6,19.47122063449069,106.875,8,0
50170,6,19.47122063449069,118.125,11,0
50171,6,19.47122063449069,129.375,9,0
50172,6,19.47122063449069,140.625,10,1
50173,6,19.47122063449069,151.875,11,0
50174,6,19.47122063449069,163.125,6,0
50175,6,19.47122063449069,174.375,9,0
50176,6,19.47122063449069,-174.375,7,0
50177,6,19.47122063449069,-163.125,2,0
50178,6,19.47122063449069,-151.875,11,0
50179,6,19.47122063449069,-140.625,10,0
50180,6,19.47122063449069,-129.37500000000006,9,1
50181,6,19.47122063449069,-118.125,12,0
50182,6,19.47122063449069,-106.875,10,0
50183,6,19.47122063449069,-95.625,14,0
50184,6,19.47122063449069,-84.375,13,0
50185,6,19.47122063449069,-73.12500000000006,10,0
50186,6,19.47122063449069,-61.875,14,0
50187,6,19.47122063449069,-50.625,13,0
50188,6,19.47122063449069,-39.375,16,0
50189,6,19.47122063449069,-28.125,10,0
50190,6,19.47122063449069,-16.875,13,0
50191,6,19.47122063449069,-5.625,9,0
50192,6,14.477512185929925,0.0,7,0
50193,6,14.477512185929925,11.25,8,0
50194,6,14.477512185929925,22.5,14,0
50195,6,14.477512185929925,33.75,16,0
50196,6,14.477512185929925,45.0,11,0
50197,6,14.477512185929925,56.25,9,0
50198,6,14.477512185929925,67.5,16,0
50199,6,14.477512185929925,78.75,6,0
50200,6,14.477512185929925,90.0,8,0
50201,6,14.477512185929925,101.25,13,0
50202,6,14.477512185929925,112.5,9,0
50203,6,14.477512185929925,123.75,6,0
50204,6,14.477512185929925,135.0,11,0
50205,6,14.477512185929925,146.25,14,0
50206,6,14.477512185929925,157.5,12,0
50207,6,14.477512185929925,168.75,11,0
50208,6,14.477512185929925,-180.0,8,0
50209,6,14.477512185929925,-168.75,7,0
50210,6,14.477512185929925,-157.5,10,0
50211,6,14.477512185929925,-146.25,10,1
50212,6,14.477512185929925,-135.0,8,0
50213,6,14.477512185929925,-123.75,12,0
50214,6,14.477512185929925,-112.5,15,0
50215,6,14.477512185929925,-101.25,10,0
50216,6,14.477512185929925,-90.0,12,0
50217,6,14.477512185929925,-78.75000000000006,8,0
50218,6,14.477512185929925,-67.5,15,0
50219,6,14.477512185929925,-56.25,13,0
50220,6,14.477512185929925,-45.0,22,0
50221,6,14.477512185929925,-33.75000000000006,10,0
50222,6,14.477512185929925,-22.5,9,0
50223,6,14.477512185929925,-11.25,14,0
50224,6,9.594068226860458,5.625,14,0
50225,6,9.594068226860458,16.875,8,0
50226,6,9.594068226860458,28.125,10,0
50227,6,9.594068226860458,39.375,16,4
50228,6,9.594068226860458,50.625,9,0
50229,6,9.594068226860458,61.875,5,0
50230,6,9.594068226860458,73.125,12,0
50231,6,9.594068226860458,84.375,6,1
50232,6,9.594068226860458,95.625,7,0
50233,6,9.594068226860458,106.875,13,1
50234,6,9.594068226860458,118.125,9,1
50235,6,9.594068226860458,129.375,7,0
50236,6,9.594068226860458,140.625,10,0
50237,6,9.594068226860458,151.875,13,0
50238,6,9.594068226860458,163.125,8,0
50239,6,9.594068226860458,174.375,12,0
50240,6,9.594068226860458,-174.375,14,0
50241,6,9.594068226860458,-163.125,13,0
50242,6,9.594068226860458,-151.875,14,1
50243,6,9.594068226860458,-140.625,14,0
50244,6,9.594068226860458,-129.37500000000006,9,0
50245,6,9.594068226860458,-118.125,14,0
50246,6,9.594068226860458,-106.875,15,0
50247,6,9.594068226860458,-95.625,13,0
50248,6,9.594068226860458,-84.375,13,0
50249,6,9.594068226860458,-73.12500000000006,10,0
50250,6,9.594068226860458,-61.875,12,0
50251,6,9.594068226860458,-50.625,14,0
50252,6,9.594068226860458,-39.375,15,2
50253,6,9.594068226860458,-28.125,13,0
50254,6,9.594068226860458,-16.875,9,0
50255,6,9.594068226860458,-5.625,10,0
50256,6,4.780191847199163,0.0,11,2
50257,6,4.780191847199163,11.25,10,0
50258,6,4.780191847199163,22.5,10,2
50259,6,4.780191847199163,33.75,10,5
50260,6,4.780191847199163,45.0,7,4
50261,6,4.780191847199163,56.25,9,2
50262,6,4.780191847199163,67.5,14,2
50263,6,4.780191847199163,78.75,3,2
50264,6,4.780191847199163,90.0,10,3
50265,6,4.780191847199163,101.25,10,5
50266,6,4.780191847199163,112.5,12,4
50267,6,4.780191847199163,123.75,10,2
50268,6,4.780191847199163,135.0,9,3
50269,6,4.780191847199163,146.25,9,1
50270,6,4.780191847199163,157.5,7,0
50271,6,4.780191847199163,168.75,9,2
50272,6,4.780191847199163,-180.0,16,1
50273,6,4.780191847199163,-168.75,19,2
50274,6,4.780191847199163,-157.5,10,2
50275,6,4.780191847199163,-146.25,17,0
50276,6,4.780191847199163,-135.0,9,1
50277,6,4.780191847199163,-123.75,8,5
50278,6,4.780191847199163,-112.5,11,1
50279,6,4.780191847199163,-101.25,17,1
50280,6,4.780191847199163,-90.0,9,2
50281,6,4.780191847199163,-78.75000000000006,9,2
50282,6,4.780191847199163,-67.5,10,0
50283,6,4.780191847199163,-56.25,17,2
50284,6,4.780191847199163,-45.0,10,3
50285,6,4.780191847199163,-33.75000000000006,8,3
50286,6,4.780191847199163,-22.5,14,1
50287,6,4.780191847199163,-11.25,10,0
50288,6,0.0,5.625,7,3
50289,6,0.0,16.875,9,4
50290,6,0.0,28.125,8,2
50291,6,0.0,39.375,10,3
50292,6,0.0,50.625,6,3
50293,6,0.0,61.875,10,2
50294,6,0.0,73.125,10,3
50295,6,0.0,84.375,7,3
50296,6,0.0,95.625,10,3
50297,6,0.0,106.875,15,5
50298,6,0.0,118.125,10,5
50299,6,0.0,129.375,17,3
50300,6,0.0,140.625,18,3
50301,6,0.0,151.875,10,2
50302,6,0.0,163.125,6,3
50303,6,0.0,174.375,6,4
50304,6,0.0,-174.375,12,2
50305,6,0.0,-163.125,13,5
50306,6,0.0,-151.875,12,3
50307,6,0.0,-140.625,13,1
50308,6,0.0,-129.37500000000006,5,4
50309,6,0.0,-118.125,6,5
50310,6,0.0,-106.875,16,2
50311,6,0.0,-95.625,6,7
50312,6,0.0,-84.375,7,2
50313,6,0.0,-73.12500000000006,4,2
50314,6,0.0,-61.875,16,3
50315,6,0.0,-50.625,11,1
50316,6,0.0,-39.375,8,3
50317,6,0.0,-28.125,6,4
50318,6,0.0,-16.875,10,3
50319,6,0.0,-5.625,14,1
50320,6,-4.780191847199163,0.0,9,0
50321,6,-4.780191847199163,11.25,12,1
50322,6,-4.780191847199163,22.5,10,2
50323,6,-4.780191847199163,33.75,8,0
50324,6,-4.780191847199163,45.0,16,1
50325,6,-4.780191847199163,56.25,14,2
50326,6,-4.780191847199163,67.5,11,3
50327,6,-4.780191847199163,78.75,10,1
50328,6,-4.780191847199163,90.0,7,2
50329,6,-4.780191847199163,101.25,15,3
50330,6,-4.780191847199163,112.5,13,1
50331,6,-4.780191847199163,123.75,12,3
50332,6,-4.780191847199163,135.0,19,0
50333,6,-4.780191847199163,146.25,15,1
50334,6,-4.780191847199163,157.5,12,1
50335,6,-4.780191847199163,168.75,6,2
50336,6,-4.780191847199163,-180.0,10,3
50337,6,-4.780191847199163,-168.75,15,3
50338,6,-4.780191847199163,-157.5,9,2
50339,6,-4.780191847199163,-146.25,19,0
50340,6,-4.780191847199163,-135.0,7,2
50341,6,-4.780191847199163,-123.75,10,3
50342,6,-4.780191847199163,-112.5,9,3
50343,6,-4.780191847199163,-101.25,10,2
50344,6,-4.780191847199163,-90.0,8,2
50345,6,-4.780191847199163,-78.75000000000006,8,0
50346,6,-4.780191847199163,-67.5,7,2
50347,6,-4.780191847199163,-56.25,6,2
50348,6,-4.780191847199163,-45.0,12,1
50349,6,-4.780191847199163,-33.75000000000006,6,0
50350,6,-4.780191847199163,-22.5,13,3
50351,6,-4.780191847199163,-11.25,16,3
50352,6,-9.594068226860458,5.625,15,0
50353,6,-9.594068226860458,16.875,10,1
50354,6,-9.594068226860458,28.125,10,0
50355,6,-9.594068226860458,39.375,11,0
50356,6,-9.594068226860458,50.625,14,0
50357,6,-9.594068226860458,61.875,16,0
50358,6,-9.594068226860458,73.125,8,0
50359,6,-9.594068226860458,84.375,10,0
50360,6,-9.594068226860458,95.625,13,0
50361,6,-9.594068226860458,106.875,15,0
50362,6,-9.594068226860458,118.125,10,0
50363,6,-9.594068226860458,129.375,8,0
50364,6,-9.594068226860458,140.625,19,1
50365,6,-9.594068226860458,151.875,6,0
50366,6,-9.594068226860458,163.125,12,1
50367,6,-9.594068226860458,174.375,12,0
50368,6,-9.594068226860458,-174.375,9,0
50369,6,-9.594068226860458,-163.125,16,1
50370,6,-9.594068226860458,-151.875,10,0
50371,6,-9.594068226860458,-140.625,10,0
50372,6,-9.594068226860458,-129.37500000000006,10,0
50373,6,-9.594068226860458,-118.125,13,1
50374,6,-9.594068226860458,-106.875,11,0
50375,6,-9.594068226860458,-95.625,10,0
50376,6,-9.594068226860458,-84.375,12,0
50377,6,-9.594068226860458,-73.12500000000006,10,0
50378,6,-9.594068226860458,-61.875,9,0
50379,6,-9.594068226860458,-50.625,12,1
50380,6,-9.594068226860458,-39.375,8,0
50381,6,-9.594068226860458,-28.125,13,0
50382,6,-9.594068226860458,-16.875,12,3
50383,6,-9.594068226860458,-5.625,11,0
50384,6,-14.477512185929925,0.0,14,0
50385,6,-14.477512185929925,11.25,15,1
50386,6,-14.477512185929925,22.5,10,0
50387,6,-14.477512185929925,33.75,12,0
50388,6,-14.477512185929925,45.0,10,0
50389,6,-14.477512185929925,56.25,11,0
50390,6,-14.477512185929925,67.5,13,0
50391,6,-14.477512185929925,78.75,11,0
50392,6,-14.477512185929925,90.0,9,0
50393,6,-14.477512185929925,101.25,8,0
50394,6,-14.477512185929925,112.5,14,0
50395,6,-14.477512185929925,123.75,8,0
50396,6,-14.477512185929925,135.0,8,0
50397,6,-14.477512185929925,146.25,9,1
50398,6,-14.477512185929925,157.5,12,0
50399,6,-14.477512185929925,168.75,10,0
50400,6,-14.477512185929925,-180.0,11,0
50401,6,-14.477512185929925,-168.75,8,0
50402,6,-14.477512185929925,-157.5,12,0
50403,6,-14.477512185929925,-146.25,8,0
50404,6,-14.477512185929925,-135.0,9,0
50405,6,-14.477512185929925,-123.75,18,0
50406,6,-14.477512185929925,-112.5,11,0
50407,6,-14.477512185929925,-101.25,12,0
50408,6,-14.477512185929925,-90.0,11,0
50409,6,-14.477512185929925,-78.75000000000006,13,0
50410,6,-14.477512185929925,-67.5,9,0
50411,6,-14.477512185929925,-56.25,11,0
50412,6,-14.477512185929925,-45.0,15,0
50413,6,-14.477512185929925,-33.75000000000006,15,0
50414,6,-14.477512185929925,-22.5,15,0
50415,6,-14.477512185929925,-11.25,7,1
50416,6,-19.47122063449069,5.625,14,0
50417,6,-19.47122063449069,16.875,14,0
50418,6,-19.47122063449069,28.125,10,0
50419,6,-19.47122063449069,39.375,7,0
50420,6,-19.47122063449069,50.625,10,0
50421,6,-19.47122063449069,61.875,9,0
50422,6,-19.47122063449069,73.125,12,0
50423,6,-19.47122063449069,84.375,17,0
50424,6,-19.47122063449069,95.625,6,0
50425,6,-19.47122063449069,106.875,11,0
50426,6,-19.47122063449069,118.125,13,0
50427,6,-19.47122063449069,129.375,6,0
50428,6,-19.47122063449069,140.625,9,0
50429,6,-19.47122063449069,151.875,5,0
50430,6,-19.47122063449069,163.125,12,0
50431,6,-19.47122063449069,174.375,10,0
50432,6,-19.47122063449069,-174.375,16,0
50433,6,-19.47122063449069,-163.125,9,0
50434,6,-19.47122063449069,-151.875,7,0
50435,6,-19.47122063449069,-140.625,12,0
50436,6,-19.47122063449069,-129.37500000000006,4,0
50437,6,-19.47122063449069,-118.125,19,0
50438,6,-19.47122063449069,-106.875,10,0
50439,6,-19.47122063449069,-95.625,11,0
50440,6,-19.47122063449069,-84.375,9,0
50441,6,-19.47122063449069,-73.12500000000006,11,0
50442,6,-19.47122063449069,-61.875,7,0
50443,6,-19.47122063449069,-50.625,15,0
50444,6,-19.47122063449069,-39.375,13,0
50445,6,-19.47122063449069,-28.125,15,0
50446,6,-19.47122063449069,-16.875,11,0
50447,6,-19.47122063449069,-5.625,8,0
50448,6,-24.62431835216408,0.0,11,0
50449,6,-24.62431835216408,11.25,12,0
50450,6,-24.62431835216408,22.5,9,0
50451,6,-24.62431835216408,33.75,9,0
50452,6,-24.62431835216408,45.0,5,0
50453,6,-24.62431835216408,56.25,9,0
50454,6,-24.62431835216408,67.5,8,0
50455,6,-24.62431835216408,78.75,9,0
50456,6,-24.62431835216408,90.0,12,0
50457,6,-24.62431835216408,101.25,8,0
50458,6,-24.62431835216408,112.5,12,0
50459,6,-24.62431835216408,123.75,10,0
50460,6,-24.62431835216408,135.0,13,0
50461,6,-24.62431835216408,146.25,9,0
50462,6,-24.62431835216408,157.5,14,0
50463,6,-24.62431835216408,168.75,11,0
50464,6,-24.62431835216408,-180.0,12,0
50465,6,-24.62431835216408,-168.75,12,0
50466,6,-24.62431835216408,-157.5,7,0
50467,6,-24.62431835216408,-146.25,8,0
50468,6,-24.62431835216408,-135.0,10,0
50469,6,-24.62431835216408,-123.75,13,0
50470,6,-24.62431835216408,-112.5,17,0
50471,6,-24.62431835216408,-101.25,12,0
50472,6,-24.62431835216408,-90.0,12,0
50473,6,-24.62431835216408,-78.75000000000006,5,0
50474,6,-24.62431835216408,-67.5,9,0
50475,6,-24.62431835216408,-56.25,12,0
50476,6,-24.62431835216408,-45.0,6,0
50477,6,-24.62431835216408,-33.75000000000006,12,0
50478,6,-24.62431835216408,-22.5,14,0
50479,6,-24.62431835216408,-11.25,9,0
50480,6,-30.000000000000014,5.625,12,0
50481,6,-30.000000000000014,16.875,5,0
50482,6,-30.000000000000014,28.125,13,0
50483,6,-30.000000000000014,39.375,4,0
50484,6,-30.000000000000014,50.625,10,0
50485,6,-30.000000000000014,61.875,11,0
50486,6,-30.000000000000014,73.125,8,0
50487,6,-30.000000000000014,84.375,14,0
50488,6,-30.000000000000014,95.625,11,0
50489,6,-30.000000000000014,106.875,7,0
50490,6,-30.000000000000014,118.125,6,0
50491,6,-30.000000000000014,129.375,14,0
50492,6,-30.000000000000014,140.625,15,0
50493,6,-30.000000000000014,151.875,19,0
50494,6,-30.000000000000014,163.125,9,0
50495,6,-30.000000000000014,174.375,11,0
50496,6,-30.000000000000014,-174.375,5,0
50497,6,-30.000000000000014,-163.125,16,0
50498,6,-30.000000000000014,-151.875,10,0
50499,6,-30.000000000000014,-140.625,5,0
50500,6,-30.000000000000014,-129.37500000000006,9,0
50501,6,-30.000000000000014,-118.125,11,0
50502,6,-30.000000000000014,-106.875,12,0
50503,6,-30.000000000000014,-95.625,12,0
50504,6,-30.000000000000014,-84.375,8,0
50505,6,-30.000000000000014,-73.12500000000006,10,0
50506,6,-30.000000000000014,-61.875,3,0
50507,6,-30.000000000000014,-50.625,13,0
50508,6,-30.000000000000014,-39.375,3,0
50509,6,-30.000000000000014,-28.125,13,0
50510,6,-30.000000000000014,-16.875,11,0
50511,6,-30.000000000000014,-5.625,8,0
50512,6,-35.68533471265205,0.0,12,0
50513,6,-35.68533471265205,11.25,14,0
50514,6,-35.68533471265205,22.5,9,0
50515,6,-35.68533471265205,33.75,6,0
50516,6,-35.68533471265205,45.0,10,0
50517,6,-35.68533471265205,56.25,11,0
50518,6,-35.68533471265205,67.5,8,0
50519,6,-35.68533471265205,78.75,12,0
50520,6,-35.68533471265205,90.0,13,0
50521,6,-35.68533471265205,101.25,14,0
50522,6,-35.68533471265205,112.5,15,0
50523,6,-35.68533471265205,123.75,5,0
50524,6,-35.68533471265205,135.0,12,0
50525,6,-35.68533471265205,146.25,18,0
50526,6,-35.68533471265205,157.5,11,0
50527,6,-35.68533471265205,168.75,15,0
50528,6,-35.68533471265205,-180.0,9,0
50529,6,-35.68533471265205,-168.75,15,0
50530,6,-35.68533471265205,-157.5,9,0
50531,6,-35.68533471265205,-146.25,9,0
50532,6,-35.68533471265205,-135.0,6,0
50533,6,-35.68533471265205,-123.75,10,0
50534,6,-35.68533471265205,-112.5,11,0
50535,6,-35.68533471265205,-101.25,15,0
50536,6,-35.68533471265205,-90.0,14,0
50537,6,-35.68533471265205,-78.75000000000006,11,0
50538,6,-35.68533471265205,-67.5,3,0
50539,6,-35.68533471265205,-56.25,5,0
50540,6,-35.68533471265205,-45.0,10,0
50541,6,-35.68533471265205,-33.75000000000006,5,0
50542,6,-35.68533471265205,-22.5,11,0
50543,6,-35.68533471265205,-11.25,6,0
50544,6,-41.81031489577862,5.625,19,0
50545,6,-41.81031489577862,16.875,16,0
50546,6,-41.81031489577862,28.125,12,0
50547,6,-41.81031489577862,39.375,12,0
50548,6,-41.81031489577862,50.625,11,0
50549,6,-41.81031489577862,61.875,11,0
50550,6,-41.81031489577862,73.125,9,0
50551,6,-41.81031489577862,84.375,12,0
50552,6,-41.81031489577862,95.625,14,0
50553,6,-41.81031489577862,106.875,11,0
50554,6,-41.81031489577862,118.125,6,0
50555,6,-41.81031489577862,129.375,7,0
50556,6,-41.81031489577862,140.625,13,0
50557,6,-41.81031489577862,151.875,16,0
50558,6,-41.81031489577862,163.125,9,0
50559,6,-41.81031489577862,174.375,13,0
50560,6,-41.81031489577862,-174.375,12,0
50561,6,-41.81031489577862,-163.125,17,0
50562,6,-41.81031489577862,-151.875,13,0
50563,6,-41.81031489577862,-140.625,13,0
50564,6,-41.81031489577862,-129.37500000000006,17,0
50565,6,-41.81031489577862,-118.125,9,0
50566,6,-41.81031489577862,-106.875,7,0
50567,6,-41.81031489577862,-95.625,12,0
50568,6,-41.81031489577862,-84.375,8,0
50569,6,-41.81031489577862,-73.12500000000006,5,0
50570,6,-41.81031489577862,-61.875,7,0
50571,6,-41.81031489577862,-50.625,10,0
50572,6,-41.81031489577862,-39.375,12,0
50573,6,-41.81031489577862,-28.125,9,0
50574,6,-41.81031489577862,-16.875,6,0
50575,6,-41.81031489577862,-5.625,12,0
50576,6,-48.1412077943603,6.428571428571416,14,0
50577,6,-48.1412077943603,19.285714285714278,13,0
50578,6,-48.1412077943603,32.14285714285714,8,0
50579,6,-48.1412077943603,45.0,12,0
50580,6,-48.1412077943603,57.85714285714286,8,0
50581,6,-48.1412077943603,70.71428571428572,14,0
50582,6,-48.1412077943603,83.57142857142856,15,0
50583,6,-48.1412077943603,96.42857142857144,10,0
50584,6,-48.1412077943603,109.28571428571428,8,0
50585,6,-48.1412077943603,122.14285714285711,5,0
50586,6,-48.1412077943603,135.0,7,0
50587,6,-48.1412077943603,147.8571428571429,13,0
50588,6,-48.1412077943603,160.71428571428572,8,0
50589,6,-48.1412077943603,173.57142857142856,11,0
50590,6,-48.1412077943603,-173.57142857142856,15,0
50591,6,-48.1412077943603,-160.71428571428572,16,0
50592,6,-48.1412077943603,-147.8571428571429,16,0
50593,6,-48.1412077943603,-135.0,16,0
50594,6,-48.1412077943603,-122.14285714285711,10,0
50595,6,-48.1412077943603,-109.28571428571428,5,0
50596,6,-48.1412077943603,-96.42857142857144,8,0
50597,6,-48.1412077943603,-83.57142857142856,4,0
50598,6,-48.1412077943603,-70.71428571428572,13,0
50599,6,-48.1412077943603,-57.85714285714283,13,0
50600,6,-48.1412077943603,-45.0,8,0
50601,6,-48.1412077943603,-32.14285714285717,10,0
50602,6,-48.1412077943603,-19.28571428571422,12,0
50603,6,-48.1412077943603,-6.428571428571445,18,0
50604,6,-54.340912303861245,7.5,9,0
50605,6,-54.340912303861245,22.5,14,0
50606,6,-54.340912303861245,37.5,10,0
50607,6,-54.340912303861245,52.5,7,0
50608,6,-54.340912303861245,67.5,14,0
50609,6,-54.340912303861245,82.5,14,0
50610,6,-54.340912303861245,97.5,10,0
50611,6,-54.340912303861245,112.5,5,0
50612,6,-54.340912303861245,127.5,7,0
50613,6,-54.340912303861245,142.5,12,0
50614,6,-54.340912303861245,157.5,14,0
50615,6,-54.340912303861245,172.5,12,0
50616,6,-54.340912303861245,-172.5,10,0
50617,6,-54.340912303861245,-157.5,10,0
50618,6,-54.340912303861245,-142.5,10,0
50619,6,-54.340912303861245,-127.5,6,0
50620,6,-54.340912303861245,-112.5,5,0
50621,6,-54.340912303861245,-97.5,8,0
50622,6,-54.340912303861245,-82.5,12,0
50623,6,-54.340912303861245,-67.5,13,0
50624,6,-54.340912303861245,-52.50000000000006,5,0
50625,6,-54.340912303861245,-37.5,10,0
50626,6,-54.340912303861245,-22.5,8,0
50627,6,-54.340912303861245,-7.5,10,0
50628,6,-60.4344388449523,9.0,11,0
50629,6,-60.4344388449523,27.0,13,0
50630,6,-60.4344388449523,45.0,11,0
50631,6,-60.4344388449523,63.0,9,0
50632,6,-60.4344388449523,81.0,13,0
50633,6,-60.4344388449523,99.0,7,0
50634,6,-60.4344388449523,117.0,5,0
50635,6,-60.4344388449523,135.0,11,0
50636,6,-60.4344388449523,153.0,18,0
50637,6,-60.4344388449523,171.0,15,0
50638,6,-60.4344388449523,-171.0,18,0
50639,6,-60.4344388449523,-153.0,8,0
50640,6,-60.4344388449523,-135.0,8,0
50641,6,-60.4344388449523,-117.0,7,0
50642,6,-60.4344388449523,-99.0,7,0
50643,6,-60.4344388449523,-81.0,16,0
50644,6,-60.4344388449523,-63.0,17,0
50645,6,-60.4344388449523,-45.0,10,0
50646,6,-60.4344388449523,-27.0,13,0
50647,6,-60.4344388449523,-9.0,10,0
50648,6,-66.44353569089876,11.25,7,0
50649,6,-66.44353569089876,33.75,14,0
50650,6,-66.44353569089876,56.25,16,0
50651,6,-66.44353569089876,78.75,15,0
50652,6,-66.44353569089876,101.25,6,0
50653,6,-66.44353569089876,123.75,11,1
50654,6,-66.44353569089876,146.25,11,0
50655,6,-66.44353569089876,168.75,18,0
50656,6,-66.44353569089876,-168.75,12,0
50657,6,-66.44353569089876,-146.25,9,0
50658,6,-66.44353569089876,-123.75,8,0
50659,6,-66.44353569089876,-101.25,11,0
50660,6,-66.44353569089876,-78.75,12,0
50661,6,-66.44353569089876,-56.25,16,0
50662,6,-66.44353569089876,-33.75,13,0
50663,6,-66.44353569089876,-11.25,10,0
50664,6,-72.38756092964962,15.0,9,0
50665,6,-72.38756092964962,45.0,19,0
50666,6,-72.38756092964962,75.0,11,0
50667,6,-72.38756092964962,105.0,8,0
50668,6,-72.38756092964962,135.0,15,0
50669,6,-72.38756092964962,165.0,19,0
50670,6,-72.38756092964962,-165.0,8,0
50671,6,-72.38756092964962,-135.0,10,0
50672,6,-72.38756092964962,-105.0,9,0
50673,6,-72.38756092964962,-75.0,8,0
50674,6,-72.38756092964962,-45.0,11,0
50675,6,-72.38756092964962,-15.0,11,0
50676,6,-78.28414760510762,22.5,8,0
50677,6,-78.28414760510762,67.5,9,0
50678,6,-78.28414760510762,112.5,14,0
50679,6,-78.28414760510762,157.5,14,0
50680,6,-78.28414760510762,-157.5,9,0
50681,6,-78.28414760510762,-112.5,9,0
50682,6,-78.28414760510762,-67.5,16,0
50683,6,-78.28414760510762,-22.5,13,0
50684,6,-84.14973293629666,45.0,5,0
50685,6,-84.14973293629666,135.0,7,0
50686,6,-84.14973293629666,-135.0,7,0
50687,6,-84.14973293629666,-45.0,8,0
50688,6,84.14973293629666,45.0,13,0
50689,6,84.14973293629666,135.0,8,0
50690,6,84.14973293629666,-135.0,14,0
50691,6,84.14973293629666,-45.0,9,0
50692,6,78.28414760510762,22.5,12,0
50693,6,78.28414760510762,67.5,11,0
50694,6,78.28414760510762,112.5,5,0
50695,6,78.28414760510762,157.5,5,0
50696,6,78.28414760510762,-157.5,9,0
50697,6,78.28414760510762,-112.5,13,0
50698,6,78.28414760510762,-67.5,10,0
50699,6,78.28414760510762,-22.5,10,0
50700,6,72.38756092964962,15.0,7,0
50701,6,72.38756092964962,45.0,9,0
50702,6,72.38756092964962,75.0,8,0
50703,6,72.38756092964962,105.0,5,0
50704,6,72.38756092964962,135.0,12,0
50705,6,72.38756092964962,165.0,5,0
50706,6,72.38756092964962,-165.0,8,0
50707,6,72.38756092964962,-135.0,3,0
50708,6,72.38756092964962,-105.0,12,0
50709,6,72.38756092964962,-75.0,15,0
50710,6,72.38756092964962,-45.0,7,0
50711,6,72.38756092964962,-15.0,14,0
50712,6,66.44353569089877,11.25,9,0
50713,6,66.44353569089877,33.75,4,0
50714,6,66.44353569089877,56.25,10,0
50715,6,66.44353569089877,78.75,9,0
50716,6,66.44353569089877,101.25,10,0
50717,6,66.44353569089877,123.75,9,0
50718,6,66.44353569089877,146.25,8,0
50719,6,66.44353569089877,168.75,5,0
50720,6,66.44353569089877,-168.75,8,0
50721,6,66.44353569089877,-146.25,6,0
50722,6,66.44353569089877,-123.75,6,0
50723,6,66.44353569089877,-101.25,18,0
50724,6,66.44353569089877,-78.75,10,0
50725,6,66.44353569089877,-56.25,14,0
50726,6,66.44353569089877,-33.75,13,0
50727,6,66.44353569089877,-11.25,11,0
50728,6,60.43443884495228,9.0,13,0
50729,6,60.43443884495228,27.0,10,0
50730,6,60.43443884495228,45.0,14,0
50731,6,60.43443884495228,63.0,18,0
50732,6,60.43443884495228,81.0,12,0
50733,6,60.43443884495228,99.0,9,0
50734,6,60.43443884495228,117.0,6,0
50735,6,60.43443884495228,135.0,11,0
50736,6,60.43443884495228,153.0,15,0
50737,6,60.43443884495228,171.0,10,0
50738,6,60.43443884495228,-171.0,13,0
50739,6,60.43443884495228,-153.0,9,0
50740,6,60.43443884495228,-135.0,13,0
50741,6,60.43443884495228,-117.0,6,0
50742,6,60.43443884495228,-99.0,23,0
50743,6,60.43443884495228,-81.0,13,0
50744,6,60.43443884495228,-63.0,11,0
50745,6,60.43443884495228,-45.0,14,0
50746,6,60.43443884495228,-27.0,16,0
50747,6,60.43443884495228,-9.0,10,0
50748,6,54.340912303861245,7.5,10,0
50749,6,54.340912303861245,22.5,10,0
50750,6,54.340912303861245,37.5,14,0
50751,6,54.340912303861245,52.5,20,0
50752,6,54.340912303861245,67.5,18,0
50753,6,54.340912303861245,82.5,5,0
50754,6,54.340912303861245,97.5,5,0
50755,6,54.340912303861245,112.5,8,0
50756,6,54.340912303861245,127.5,7,0
50757,6,54.340912303861245,142.5,10,0
50758,6,54.340912303861245,157.5,12,0
50759,6,54.340912303861245,172.5,9,0
50760,6,54.340912303861245,-172.5,7,0
50761,6,54.340912303861245,-157.5,10,0
50762,6,54.340912303861245,-142.5,13,0
50763,6,54.340912303861245,-127.5,7,0
50764,6,54.340912303861245,-112.5,14,0
50765,6,54.340912303861245,-97.5,11,0
50766,6,54.340912303861245,-82.5,13,0
50767,6,54.340912303861245,-67.5,12,0
50768,6,54.340912303861245,-52.50000000000006,7,0
50769,6,54.340912303861245,-37.5,6,0
50770,6,54.340912303861245,-22.5,10,0
50771,6,54.340912303861245,-7.5,11,0
50772,6,48.141207794360284,6.428571428571416,8,0
50773,6,48.141207794360284,19.285714285714278,7,0
50774,6,48.141207794360284,32.14285714285714,7,0
50775,6,48.141207794360284,45.0,12,0
50776,6,48.141207794360284,57.85714285714286,11,0
50777,6,48.141207794360284,70.71428571428572,14,0
50778,6,48.141207794360284,83.57142857142856,8,0
50779,6,48.141207794360284,96.42857142857144,13,0
50780,6,48.141207794360284,109.28571428571428,10,0
50781,6,48.141207794360284,122.14285714285711,8,0
50782,6,48.141207794360284,135.0,11,0
50783,6,48.141207794360284,147.8571428571429,14,0
50784,6,48.141207794360284,160.71428571428572,2,0
50785,6,48.141207794360284,173.57142857142856,6,0
50786,6,48.141207794360284,-173.57142857142856,7,0
50787,6,48.141207794360284,-160.71428571428572,9,0
50788,6,48.141207794360284,-147.8571428571429,8,0
50789,6,48.141207794360284,-135.0,8,0
50790,6,48.141207794360284,-122.14285714285711,12,0
50791,6,48.141207794360284,-109.28571428571428,9,0
50792,6,48.141207794360284,-96.42857142857144,11,0
50793,6,48.141207794360284,-83.57142857142856,11,0
50794,6,48.141207794360284,-70.71428571428572,10,0
50795,6,48.141207794360284,-57.85714285714283,8,0
50796,6,48.141207794360284,-45.0,10,0
50797,6,48.141207794360284,-32.14285714285717,7,0
50798,6,48.141207794360284,-19.28571428571422,9,0
50799,6,48.141207794360284,-6.428571428571445,8,0
50800,6,41.81031489577859,5.625,11,0
50801,6,41.81031489577859,16.875,9,0
50802,6,41.81031489577859,28.125,6,0
50803,6,41.81031489577859,39.375,18,0
50804,6,41.81031489577859,50.625,12,0
50805,6,41.81031489577859,61.875,14,0
50806,6,41.81031489577859,73.125,13,0
50807,6,41.81031489577859,84.375,10,0
50808,6,41.81031489577859,95.625,12,0
50809,6,41.81031489577859,106.875,14,0
50810,6,41.81031489577859,118.125,14,0
50811,6,41.81031489577859,129.375,11,0
50812,6,41.81031489577859,140.625,11,0
50813,6,41.81031489577859,151.875,12,0
50814,6,41.81031489577859,163.125,8,0
50815,6,41.81031489577859,174.375,12,0
50816,6,41.81031489577859,-174.375,7,0
50817,6,41.81031489577859,-163.125,13,0
50818,6,41.81031489577859,-151.875,9,0
50819,6,41.81031489577859,-140.625,9,0
50820,6,41.81031489577859,-129.37500000000006,17,0
50821,6,41.81031489577859,-118.125,15,0
50822,6,41.81031489577859,-106.875,5,0
50823,6,41.81031489577859,-95.625,15,0
50824,6,41.81031489577859,-84.375,13,0
50825,6,41.81031489577859,-73.12500000000006,12,0
50826,6,41.81031489577859,-61.875,10,0
50827,6,41.81031489577859,-50.625,13,0
50828,6,41.81031489577859,-39.375,11,0
50829,6,41.81031489577859,-28.125,10,0
50830,6,41.81031489577859,-16.875,11,0
50831,6,41.81031489577859,-5.625,11,0
50832,6,35.68533471265204,0.0,15,0
50833,6,35.68533471265204,11.25,10,0
50834,6,35.68533471265204,22.5,10,0
50835,6,35.68533471265204,33.75,9,0
50836,6,35.68533471265204,45.0,14,0
50837,6,35.68533471265204,56.25,15,0
50838,6,35.68533471265204,67.5,14,0
50839,6,35.68533471265204,78.75,8,0
50840,6,35.68533471265204,90.0,12,0
50841,6,35.68533471265204,101.25,13,0
50842,6,35.68533471265204,112.5,9,0
50843,6,35.68533471265204,123.75,11,0
50844,6,35.68533471265204,135.0,5,0
50845,6,35.68533471265204,146.25,9,0
50846,6,35.68533471265204,157.5,12,0
50847,6,35.68533471265204,168.75,8,0
50848,6,35.68533471265204,-180.0,10,0
50849,6,35.68533471265204,-168.75,7,0
50850,6,35.68533471265204,-157.5,12,0
50851,6,35.68533471265204,-146.25,8,0
50852,6,35.68533471265204,-135.0,10,0
50853,6,35.68533471265204,-123.75,15,0
50854,6,35.68533471265204,-112.5,13,0
50855,6,35.68533471265204,-101.25,12,0
50856,6,35.68533471265204,-90.0,14,0
50857,6,35.68533471265204,-78.75000000000006,17,0
50858,6,35.68533471265204,-67.5,10,0
50859,6,35.68533471265204,-56.25,11,0
50860,6,35.68533471265204,-45.0,10,0
50861,6,35.68533471265204,-33.75000000000006,11,0
50862,6,35.68533471265204,-22.5,11,0
50863,6,35.68533471265204,-11.25,18,0
50864,6,30.000000000000007,5.625,20,0
50865,6,30.000000000000007,16.875,6,0
50866,6,30.000000000000007,28.125,8,0
50867,6,30.000000000000007,39.375,13,0
50868,6,30.000000000000007,50.625,16,0
50869,6,30.000000000000007,61.875,15,0
50870,6,30.000000000000007,73.125,7,0
50871,6,30.000000000000007,84.375,14,0
50872,6,30.000000000000007,95.625,12,0
50873,6,30.000000000000007,106.875,7,0
50874,6,30.000000000000007,118.125,8,0
50875,6,30.000000000000007,129.375,7,0
50876,6,30.000000000000007,140.625,4,0
50877,6,30.000000000000007,151.875,8,0
50878,6,30.000000000000007,163.125,8,0
50879,6,30.000000000000007,174.375,13,0
50880,6,30.000000000000007,-174.375,8,0
50881,6,30.000000000000007,-163.125,6,0
50882,6,30.000000000000007,-151.875,12,0
50883,6,30.000000000000007,-140.625,9,0
50884,6,30.000000000000007,-129.37500000000006,9,0
50885,6,30.000000000000007,-118.125,10,0
50886,6,30.000000000000007,-106.875,16,0
50887,6,30.000000000000007,-95.625,15,0
50888,6,30.000000000000007,-84.375,9,0
50889,6,30.000000000000007,-73.12500000000006,11,0
50890,6,30.000000000000007,-61.875,8,0
50891,6,30.000000000000007,-50.625,7,0
50892,6,30.000000000000007,-39.375,8,0
50893,6,30.000000000000007,-28.125,10,0
50894,6,30.000000000000007,-16.875,21,0
50895,6,30.000000000000007,-5.625,14,0
50896,6,24.62431835216408,0.0,19,0
50897,6,24.62431835216408,11.25,6,0
50898,6,24.62431835216408,22.5,10,0
50899,6,24.62431835216408,33.75,10,0
50900,6,24.62431835216408,45.0,15,0
50901,6,24.62431835216408,56.25,16,0
50902,6,24.62431835216408,67.5,13,0
50903,6,24.62431835216408,78.75,7,0
50904,6,24.62431835216408,90.0,10,0
50905,6,24.62431835216408,101.25,11,0
50906,6,24.62431835216408,112.5,5,0
50907,6,24.62431835216408,123.75,11,0
50908,6,24.62431835216408,135.0,9,1
50909,6,24.62431835216408,146.25,5,0
50910,6,24.62431835216408,157.5,9,0
50911,6,24.62431835216408,168.75,14,0
50912,6,24.62431835216408,-180.0,15,0
50913,6,24.62431835216408,-168.75,5,0
50914,6,24.62431835216408,-157.5,10,0
50915,6,24.62431835216408,-146.25,6,0
50916,6,24.62431835216408,-135.0,14,0
50917,6,24.62431835216408,-123.75,9,1
50918,6,24.62431835216408,-112.5,10,0
50919,6,24.62431835216408,-101.25,18,0
50920,6,24.62431835216408,-90.0,7,0
50921,6,24.62431835216408,-78.75000000000006,12,0
50922,6,24.62431835216408,-67.5,7,0
50923,6,24.62431835216408,-56.25,6,0
50924,6,24.62431835216408,-45.0,12,0
50925,6,24.62431835216408,-33.75000000000006,12,0
50926,6,24.62431835216408,-22.5,18,0
50927,6,24.62431835216408,-11.25,12,0
50928,6,19.47122063449069,5.625,8,0
50929,6,19.47122063449069,16.875,11,0
50930,6,19.47122063449069,28.125,7,0
50931,6,19.47122063449069,39.375,15,0
50932,6,19.47122063449069,50.625,10,0
50933,6,19.47122063449069,61.875,16,0
50934,6,19.47122063449069,73.125,10,0
50935,6,19.47122063449069,84.375,5,0
50936,6,19.47122063449069,95.625,9,0
50937,6,19.47122063449069,106.875,8,0
50938,6,19.47122063449069,118.125,11,0
50939,6,19.47122063449069,129.375,9,0
50940,6,19.47122063449069,140.625,10,1
50941,6,19.47122063449069,151.875,11,0
50942,6,19.47122063449069,163.125,6,0
50943,6,19.47122063449069,174.375,9,0
50944,6,19.47122063449069,-174.375,7,0
50945,6,19.47122063449069,-163.125,2,0
50946,6,19.47122063449069,-151.875,11,0
50947,6,19.47122063449069,-140.625,10,0
50948,6,19.47122063449069,-129.37500000000006,9,1
50949,6,19.47122063449069,-118.125,12,0
50950,6,19.47122063449069,-106.875,10,0
50951,6,19.47122063449069,-95.625,14,0
50952,6,19.47122063449069,-84.375,13,0
50953,6,19.47122063449069,-73.12500000000006,10,0
50954,6,19.47122063449069,-61.875,14,0
50955,6,19.47122063449069,-50.625,13,0
50956,6,19.47122063449069,-39.375,16,0
50957,6,19.47122063449069,-28.125,10,0
50958,6,19.47122063449069,-16.875,13,0
50959,6,19.47122063449069,-5.625,9,0
50960,6,14.477512185929925,0.0,7,0
50961,6,14.477512185929925,11.25,8,0
50962,6,14.477512185929925,22.5,14,0
50963,6,14.477512185929925,33.75,16,0
50964,6,14.477512185929925,45.0,11,0
50965,6,14.477512185929925,56.25,9,0
50966,6,14.477512185929925,67.5,16,0
50967,6,14.477512185929925,78.75,6,0
50968,6,14.477512185929925,90.0,8,0
50969,6,14.477512185929925,101.25,13,0
50970,6,14.477512185929925,112.5,9,0
50971,6,14.477512185929925,123.75,6,0
50972,6,14.477512185929925,135.0,11,0
50973,6,14.477512185929925,146.25,14,0
50974,6,14.477512185929925,157.5,12,0
50975,6,14.477512185929925,168.75,11,0
50976,6,14.477512185929925,-180.0,8,0
50977,6,14.477512185929925,-168.75,7,0
50978,6,14.477512185929925,-157.5,10,0
50979,6,14.477512185929925,-146.25,10,1
50980,6,14.477512185929925,-135.0,8,0
50981,6,14.477512185929925,-123.75,12,0
50982,6,14.477512185929925,-112.5,15,0
50983,6,14.477512185929925,-101.25,10,0
50984,6,14.477512185929925,-90.0,12,0
50985,6,14.477512185929925,-78.75000000000006,8,0
50986,6,14.477512185929925,-67.5,15,0
50987,6,14.477512185929925,-56.25,13,0
50988,6,14.477512185929925,-45.0,22,0
50989,6,14.477512185929925,-33.75000000000006,10,0
50990,6,14.477512185929925,-22.5,9,0
50991,6,14.477512185929925,-11.25,14,0
50992,6,9.594068226860458,5.625,14,0
50993,6,9.594068226860458,16.875,8,0
50994,6,9.594068226860458,28.125,10,0
50995,6,9.594068226860458,39.375,16,4
50996,6,9.594068226860458,50.625,9,0
50997,6,9.594068226860458,61.875,5,0
50998,6,9.594068226860458,73.125,12,0
50999,6,9.594068226860458,84.375,6,1
51000,6,9.594068226860458,95.625,7,0
51001,6,9.594068226860458,106.875,13,1
51002,6,9.594068226860458,118.125,9,1
51003,6,9.594068226860458,129.375,7,0
51004,6,9.594068226860458,140.625,10,0
51005,6,9.594068226860458,151.875,13,0
51006,6,9.594068226860458,163.125,8,0
51007,6,9.594068226860458,174.375,12,0
51008,6,9.594068226860458,-174.375,14,0
51009,6,9.594068226860458,-163.125,13,0
51010,6,9.594068226860458,-151.875,14,1
51011,6,9.594068226860458,-140.625,14,0
51012,6,9.594068226860458,-129.37500000000006,9,0
51013,6,9.594068226860458,-118.125,14,0
51014,6,9.594068226860458,-106.875,15,0
51015,6,9.594068226860458,-95.625,13,0
51016,6,9.594068226860458,-84.375,13,0
51017,6,9.594068226860458,-73.12500000000006,10,0
51018,6,9.594068226860458,-61.875,12,0
51019,6,9.594068226860458,-50.625,14,0
51020,6,9.594068226860458,-39.375,15,2
51021,6,9.594068226860458,-28.125,13,0
51022,6,9.594068226860458,-16.875,9,0
51023,6,9.594068226860458,-5.625,10,0
51024,6,4.780191847199163,0.0,11,2
51025,6,4.780191847199163,11.25,10,0
51026,6,4.780191847199163,22.5,10,2
51027,6,4.780191847199163,33.75,10,5
51028,6,4.780191847199163,45.0,7,4
51029,6,4.780191847199163,56.25,9,2
51030,6,4.780191847199163,67.5,14,2
51031,6,4.780191847199163,78.75,3,2
51032,6,4.780191847199163,90.0,10,3
51033,6,4.780191847199163,101.25,10,5
51034,6,4.780191847199163,112.5,12,4
51035,6,4.780191847199163,123.75,10,2
51036,6,4.780191847199163,135.0,9,3
51037,6,4.780191847199163,146.25,9,1
51038,6,4.780191847199163,157.5,7,0
51039,6,4.780191847199163,168.75,9,2
51040,6,4.780191847199163,-180.0,16,1
51041,6,4.780191847199163,-168.75,19,2
51042,6,4.780191847199163,-157.5,10,2
51043,6,4.780191847199163,-146.25,17,0
51044,6,4.780191847199163,-135.0,9,1
51045,6,4.780191847199163,-123.75,8,5
51046,6,4.780191847199163,-112.5,11,1
51047,6,4.780191847199163,-101.25,17,1
51048,6,4.780191847199163,-90.0,9,2
51049,6,4.780191847199163,-78.75000000000006,9,2
51050,6,4.780191847199163,-67.5,10,0
51051,6,4.780191847199163,-56.25,17,2
51052,6,4.780191847199163,-45.0,10,3
51053,6,4.780191847199163,-33.75000000000006,8,3
51054,6,4.780191847199163,-22.5,14,1
51055,6,4.780191847199163,-11.25,10,0
51056,6,0.0,5.625,7,3
51057,6,0.0,16.875,9,4
51058,6,0.0,28.125,8,2
51059,6,0.0,39.375,10,3
51060,6,0.0,50.625,6,3
51061,6,0.0,61.875,10,2
51062,6,0.0,73.125,10,3
51063,6,0.0,84.375,7,3
51064,6,0.0,95.625,10,3
51065,6,0.0,106.875,15,5
51066,6,0.0,118.125,10,5
51067,6,0.0,129.375,17,3
51068,6,0.0,140.625,18,3
51069,6,0.0,151.875,10,2
51070,6,0.0,163.125,6,3
51071,6,0.0,174.375,6,4
51072,6,0.0,-174.375,12,2
51073,6,0.0,-163.125,13,5
51074,6,0.0,-151.875,12,3
51075,6,0.0,-140.625,13,1
51076,6,0.0,-129.37500000000006,5,4
51077,6,0.0,-118.125,6,5
51078,6,0.0,-106.875,16,2
51079,6,0.0,-95.625,6,7
51080,6,0.0,-84.375,7,2
51081,6,0.0,-73.12500000000006,4,2
51082,6,0.0,-61.875,16,3
51083,6,0.0,-50.625,11,1
51084,6,0.0,-39.375,8,3
51085,6,0.0,-28.125,6,4
51086,6,0.0,-16.875,10,3
51087,6,0.0,-5.625,14,1
51088,6,-4.780191847199163,0.0,9,0
51089,6,-4.780191847199163,11.25,12,1
51090,6,-4.780191847199163,22.5,10,2
51091,6,-4.780191847199163,33.75,8,0
51092,6,-4.780191847199163,45.0,16,1
51093,6,-4.780191847199163,56.25,14,2
51094,6,-4.780191847199163,67.5,11,3
51095,6,-4.780191847199163,78.75,10,1
51096,6,-4.780191847199163,90.0,7,2
51097,6,-4.780191847199163,101.25,15,3
51098,6,-4.780191847199163,112.5,13,1
51099,6,-4.780191847199163,123.75,12,3
51100,6,-4.780191847199163,135.0,19,0
51101,6,-4.780191847199163,146.25,15,1
51102,6,-4.780191847199163,157.5,12,1
51103,6,-4.780191847199163,168.75,6,2
51104,6,-4.780191847199163,-180.0,10,3
51105,6,-4.780191847199163,-168.75,15,3
51106,6,-4.780191847199163,-157.5,9,2
51107,6,-4.780191847199163,-146.25,19,0
51108,6,-4.780191847199163,-135.0,7,2
51109,6,-4.780191847199163,-123.75,10,3
51110,6,-4.780191847199163,-112.5,9,3
51111,6,-4.780191847199163,-101.25,10,2
51112,6,-4.780191847199163,-90.0,8,2
51113,6,-4.780191847199163,-78.75000000000006,8,0
51114,6,-4.780191847199163,-67.5,7,2
51115,6,-4.780191847199163,-56.25,6,2
51116,6,-4.780191847199163,-45.0,12,1
51117,6,-4.780191847199163,-33.75000000000006,6,0
51118,6,-4.780191847199163,-22.5,13,3
51119,6,-4.780191847199163,-11.25,16,3
51120,6,-9.594068226860458,5.625,15,0
51121,6,-9.594068226860458,16.875,10,1
51122,6,-9.594068226860458,28.125,10,0
51123,6,-9.594068226860458,39.375,11,0
51124,6,-9.594068226860458,50.625,14,0
51125,6,-9.594068226860458,61.875,16,0
51126,6,-9.594068226860458,73.125,8,0
51127,6,-9.594068226860458,84.375,10,0
51128,6,-9.594068226860458,95.625,13,0
51129,6,-9.594068226860458,106.875,15,0
51130,6,-9.594068226860458,118.125,10,0
51131,6,-9.594068226860458,129.375,8,0
51132,6,-9.594068226860458,140.625,19,1
51133,6,-9.594068226860458,151.875,6,0
51134,6,-9.594068226860458,163.125,12,1
51135,6,-9.594068226860458,174.375,12,0
51136,6,-9.594068226860458,-174.375,9,0
51137,6,-9.594068226860458,-163.125,16,1
51138,6,-9.594068226860458,-151.875,10,0
51139,6,-9.594068226860458,-140.625,10,0
51140,6,-9.594068226860458,-129.37500000000006,10,0
51141,6,-9.594068226860458,-118.125,13,1
51142,6,-9.594068226860458,-106.875,11,0
51143,6,-9.594068226860458,-95.625,10,0
51144,6,-9.594068226860458,-84.375,12,0
51145,6,-9.594068226860458,-73.12500000000006,10,0
51146,6,-9.594068226860458,-61.875,9,0
51147,6,-9.594068226860458,-50.625,12,1
51148,6,-9.594068226860458,-39.375,8,0
51149,6,-9.594068226860458,-28.125,13,0
51150,6,-9.594068226860458,-16.875,12,3
51151,6,-9.594068226860458,-5.625,11,0
51152,6,-14.477512185929925,0.0,14,0
51153,6,-14.477512185929925,11.25,15,1
51154,6,-14.477512185929925,22.5,10,0
51155,6,-14.477512185929925,33.75,12,0
51156,6,-14.477512185929925,45.0,10,0
51157,6,-14.477512185929925,56.25,11,0
51158,6,-14.477512185929925,67.5,13,0
51159,6,-14.477512185929925,78.75,11,0
51160,6,-14.477512185929925,90.0,9,0
51161,6,-14.477512185929925,101.25,8,0
51162,6,-14.477512185929925,112.5,14,0
51163,6,-14.477512185929925,123.75,8,0
51164,6,-14.477512185929925,135.0,8,0
51165,6,-14.477512185929925,146.25,9,1
51166,6,-14.477512185929925,157.5,12,0
51167,6,-14.477512185929925,168.75,10,0
51168,6,-14.477512185929925,-180.0,11,0
51169,6,-14.477512185929925,-168.75,8,0
51170,6,-14.477512185929925,-157.5,12,0
51171,6,-14.477512185929925,-146.25,8,0
51172,6,-14.477512185929925,-135.0,9,0
51173,6,-14.477512185929925,-123.75,18,0
51174,6,-14.477512185929925,-112.5,11,0
51175,6,-14.477512185929925,-101.25,12,0
51176,6,-14.477512185929925,-90.0,11,0
51177,6,-14.477512185929925,-78.75000000000006,13,0
51178,6,-14.477512185929925,-67.5,9,0
51179,6,-14.477512185929925,-56.25,11,0
51180,6,-14.477512185929925,-45.0,15,0
51181,6,-14.477512185929925,-33.75000000000006,15,0
51182,6,-14.477512185929925,-22.5,15,0
51183,6,-14.477512185929925,-11.25,7,1
51184,6,-19.47122063449069,5.625,14,0
51185,6,-19.47122063449069,16.875,14,0
51186,6,-19.47122063449069,28.125,10,0
51187,6,-19.47122063449069,39.375,7,0
51188,6,-19.47122063449069,50.625,10,0
51189,6,-19.47122063449069,61.875,9,0
51190,6,-19.47122063449069,73.125,12,0
51191,6,-19.47122063449069,84.375,17,0
51192,6,-19.47122063449069,95.625,6,0
51193,6,-19.47122063449069,106.875,11,0
51194,6,-19.47122063449069,118.125,13,0
51195,6,-19.47122063449069,129.375,6,0
51196,6,-19.47122063449069,140.625,9,0
51197,6,-19.47122063449069,151.875,5,0
51198,6,-19.47122063449069,163.125,12,0
51199,6,-19.47122063449069,174.375,10,0
51200,6,-19.47122063449069,-174.375,16,0
51201,6,-19.47122063449069,-163.125,9,0
51202,6,-19.47122063449069,-151.875,7,0
51203,6,-19.47122063449069,-140.625,12,0
51204,6,-19.47122063449069,-129.37500000000006,4,0
51205,6,-19.47122063449069,-118.125,19,0
51206,6,-19.47122063449069,-106.875,10,0
51207,6,-19.47122063449069,-95.625,11,0
51208,6,-19.47122063449069,-84.375,9,0
51209,6,-19.47122063449069,-73.12500000000006,11,0
51210,6,-19.47122063449069,-61.875,7,0
51211,6,-19.47122063449069,-50.625,15,0
51212,6,-19.47122063449069,-39.375,13,0
51213,6,-19.47122063449069,-28.125,15,0
51214,6,-19.47122063449069,-16.875,11,0
51215,6,-19.47122063449069,-5.625,8,0
51216,6,-24.62431835216408,0.0,11,0
51217,6,-24.62431835216408,11.25,12,0
51218,6,-24.62431835216408,22.5,9,0
51219,6,-24.62431835216408,33.75,9,0
51220,6,-24.62431835216408,45.0,5,0
51221,6,-24.62431835216408,56.25,9,0
51222,6,-24.62431835216408,67.5,8,0
51223,6,-24.62431835216408,78.75,9,0
51224,6,-24.62431835216408,90.0,12,0
51225,6,-24.62431835216408,101.25,8,0
51226,6,-24.62431835216408,112.5,12,0
51227,6,-24.62431835216408,123.75,10,0
51228,6,-24.62431835216408,135.0,13,0
51229,6,-24.62431835216408,146.25,9,0
51230,6,-24.62431835216408,157.5,14,0
51231,6,-24.62431835216408,168.75,11,0
51232,6,-24.62431835216408,-180.0,12,0
51233,6,-24.62431835216408,-168.75,12,0
51234,6,-24.62431835216408,-157.5,7,0
51235,6,-24.62431835216408,-146.25,8,0
51236,6,-24.62431835216408,-135.0,10,0
51237,6,-24.62431835216408,-123.75,13,0
51238,6,-24.62431835216408,-112.5,17,0
51239,6,-24.62431835216408,-101.25,12,0
51240,6,-24.62431835216408,-90.0,12,0
51241,6,-24.62431835216408,-78.75000000000006,5,0
51242,6,-24.62431835216408,-67.5,9,0
51243,6,-24.62431835216408,-56.25,12,0
51244,6,-24.62431835216408,-45.0,6,0
51245,6,-24.62431835216408,-33.75000000000006,12,0
51246,6,-24.62431835216408,-22.5,14,0
51247,6,-24.62431835216408,-11.25,9,0
51248,6,-30.000000000000014,5.625,12,0
51249,6,-30.000000000000014,16.875,5,0
51250,6,-30.000000000000014,28.125,13,0
51251,6,-30.000000000000014,39.375,4,0
51252,6,-30.000000000000014,50.625,10,0
51253,6,-30.000000000000014,61.875,11,0
51254,6,-30.000000000000014,73.125,8,0
51255,6,-30.000000000000014,84.375,14,0
51256,6,-30.000000000000014,95.625,11,0
51257,6,-30.000000000000014,106.875,7,0
51258,6,-30.000000000000014,118.125,6,0
51259,6,-30.000000000000014,129.375,14,0
51260,6,-30.000000000000014,140.625,15,0
51261,6,-30.000000000000014,151.875,19,0
51262,6,-30.000000000000014,163.125,9,0
51263,6,-30.000000000000014,174.375,11,0
51264,6,-30.000000000000014,-174.375,5,0
51265,6,-30.000000000000014,-163.125,16,0
51266,6,-30.000000000000014,-151.875,10,0
51267,6,-30.000000000000014,-140.625,5,0
51268,6,-30.000000000000014,-129.37500000000006,9,0
51269,6,-30.000000000000014,-118.125,11,0
51270,6,-30.000000000000014,-106.875,12,0
51271,6,-30.000000000000014,-95.625,12,0
51272,6,-30.000000000000014,-84.375,8,0
51273,6,-30.000000000000014,-73.12500000000006,10,0
51274,6,-30.000000000000014,-61.875,3,0
51275,6,-30.000000000000014,-50.625,13,0
51276,6,-30.000000000000014,-39.375,3,0
51277,6,-30.000000000000014,-28.125,13,0
51278,6,-30.000000000000014,-16.875,11,0
51279,6,-30.000000000000014,-5.625,8,0
51280,6,-35.68533471265205,0.0,12,0
51281,6,-35.68533471265205,11.25,14,0
51282,6,-35.68533471265205,22.5,9,0
51283,6,-35.68533471265205,33.75,6,0
51284,6,-35.68533471265205,45.0,10,0
51285,6,-35.68533471265205,56.25,11,0
51286,6,-35.68533471265205,67.5,8,0
51287,6,-35.68533471265205,78.75,12,0
51288,6,-35.68533471265205,90.0,13,0
51289,6,-35.68533471265205,101.25,14,0
51290,6,-35.68533471265205,112.5,15,0
51291,6,-35.68533471265205,123.75,5,0
51292,6,-35.68533471265205,135.0,12,0
51293,6,-35.68533471265205,146.25,18,0
51294,6,-35.68533471265205,157.5,11,0
51295,6,-35.68533471265205,168.75,15,0
51296,6,-35.68533471265205,-180.0,9,0
51297,6,-35.68533471265205,-168.75,15,0
51298,6,-35.68533471265205,-157.5,9,0
51299,6,-35.68533471265205,-146.25,9,0
51300,6,-35.68533471265205,-135.0,6,0
51301,6,-35.68533471265205,-123.75,10,0
51302,6,-35.68533471265205,-112.5,11,0
51303,6,-35.68533471265205,-101.25,15,0
51304,6,-35.68533471265205,-90.0,14,0
51305,6,-35.68533471265205,-78.75000000000006,11,0
51306,6,-35.68533471265205,-67.5,3,0
51307,6,-35.68533471265205,-56.25,5,0
51308,6,-35.68533471265205,-45.0,10,0
51309,6,-35.68533471265205,-33.75000000000006,5,0
51310,6,-35.68533471265205,-22.5,11,0
51311,6,-35.68533471265205,-11.25,6,0
51312,6,-41.81031489577862,5.625,19,0
51313,6,-41.81031489577862,16.875,16,0
51314,6,-41.81031489577862,28.125,12,0
51315,6,-41.81031489577862,39.375,12,0
51316,6,-41.81031489577862,50.625,11,0
51317,6,-41.81031489577862,61.875,11,0
51318,6,-41.81031489577862,73.125,9,0
51319,6,-41.81031489577862,84.375,12,0
51320,6,-41.81031489577862,95.625,14,0
51321,6,-41.81031489577862,106.875,11,0
51322,6,-41.81031489577862,118.125,6,0
51323,6,-41.81031489577862,129.375,7,0
51324,6,-41.81031489577862,140.625,13,0
51325,6,-41.81031489577862,151.875,16,0
51326,6,-41.81031489577862,163.125,9,0
51327,6,-41.81031489577862,174.375,13,0
51328,6,-41.81031489577862,-174.375,12,0
51329,6,-41.81031489577862,-163.125,17,0
51330,6,-41.81031489577862,-151.875,13,0
51331,6,-41.81031489577862,-140.625,13,0
51332,6,-41.81031489577862,-129.37500000000006,17,0
51333,6,-41.81031489577862,-118.125,9,0
51334,6,-41.81031489577862,-106.875,7,0
51335,6,-41.81031489577862,-95.625,12,0
51336,6,-41.81031489577862,-84.375,8,0
51337,6,-41.81031489577862,-73.12500000000006,5,0
51338,6,-41.81031489577862,-61.875,7,0
51339,6,-41.81031489577862,-50.625,10,0
51340,6,-41.81031489577862,-39.375,12,0
51341,6,-41.81031489577862,-28.125,9,0
51342,6,-41.81031489577862,-16.875,6,0
51343,6,-41.81031489577862,-5.625,12,0
51344,6,-48.1412077943603,6.428571428571416,14,0
51345,6,-48.1412077943603,19.285714285714278,13,0
51346,6,-48.1412077943603,32.14285714285714,8,0
51347,6,-48.1412077943603,45.0,12,0
51348,6,-48.1412077943603,57.85714285714286,8,0
51349,6,-48.1412077943603,70.71428571428572,14,0
51350,6,-48.1412077943603,83.57142857142856,15,0
51351,6,-48.1412077943603,96.42857142857144,10,0
51352,6,-48.1412077943603,109.28571428571428,8,0
51353,6,-48.1412077943603,122.14285714285711,5,0
51354,6,-48.1412077943603,135.0,7,0
51355,6,-48.1412077943603,147.8571428571429,13,0
51356,6,-48.1412077943603,160.71428571428572,8,0
51357,6,-48.1412077943603,173.57142857142856,11,0
51358,6,-48.1412077943603,-173.57142857142856,15,0
51359,6,-48.1412077943603,-160.71428571428572,16,0
51360,6,-48.1412077943603,-147.8571428571429,16,0
51361,6,-48.1412077943603,-135.0,16,0
51362,6,-48.1412077943603,-122.14285714285711,10,0
51363,6,-48.1412077943603,-109.28571428571428,5,0
51364,6,-48.1412077943603,-96.42857142857144,8,0
51365,6,-48.1412077943603,-83.57142857142856,4,0
51366,6,-48.1412077943603,-70.71428571428572,13,0
51367,6,-48.1412077943603,-57.85714285714283,13,0
51368,6,-48.1412077943603,-45.0,8,0
51369,6,-48.1412077943603,-32.14285714285717,10,0
51370,6,-48.1412077943603,-19.28571428571422,12,0
51371,6,-48.1412077943603,-6.428571428571445,18,0
51372,6,-54.340912303861245,7.5,9,0
51373,6,-54.340912303861245,22.5,14,0
51374,6,-54.340912303861245,37.5,10,0
51375,6,-54.340912303861245,52.5,7,0
51376,6,-54.340912303861245,67.5,14,0
51377,6,-54.340912303861245,82.5,14,0
51378,6,-54.340912303861245,97.5,10,0
51379,6,-54.340912303861245,112.5,5,0
51380,6,-54.340912303861245,127.5,7,0
51381,6,-54.340912303861245,142.5,12,0
51382,6,-54.340912303861245,157.5,14,0
51383,6,-54.340912303861245,172.5,12,0
51384,6,-54.340912303861245,-172.5,10,0
51385,6,-54.340912303861245,-157.5,10,0
51386,6,-54.340912303861245,-142.5,10,0
51387,6,-54.340912303861245,-127.5,6,0
51388,6,-54.340912303861245,-112.5,5,0
51389,6,-54.340912303861245,-97.5,8,0
51390,6,-54.340912303861245,-82.5,12,0
51391,6,-54.340912303861245,-67.5,13,0
51392,6,-54.340912303861245,-52.50000000000006,5,0
51393,6,-54.340912303861245,-37.5,10,0
51394,6,-54.340912303861245,-22.5,8,0
51395,6,-54.340912303861245,-7.5,10,0
51396,6,-60.4344388449523,9.0,11,0
51397,6,-60.4344388449523,27.0,13,0
51398,6,-60.4344388449523,45.0,11,0
51399,6,-60.4344388449523,63.0,9,0
51400,6,-60.4344388449523,81.0,13,0
51401,6,-60.4344388449523,99.0,7,0
51402,6,-60.4344388449523,117.0,5,0
51403,6,-60.4344388449523,135.0,11,0
51404,6,-60.4344388449523,153.0,18,0
51405,6,-60.4344388449523,171.0,15,0
51406,6,-60.4344388449523,-171.0,18,0
51407,6,-60.4344388449523,-153.0,8,0
51408,6,-60.4344388449523,-135.0,8,0
51409,6,-60.4344388449523,-117.0,7,0
51410,6,-60.4344388449523,-99.0,7,0
51411,6,-60.4344388449523,-81.0,16,0
51412,6,-60.4344388449523,-63.0,17,0
51413,6,-60.4344388449523,-45.0,10,0
51414,6,-60.4344388449523,-27.0,13,0
51415,6,-60.4344388449523,-9.0,10,0
51416,6,-66.44353569089876,11.25,7,0
51417,6,-66.44353569089876,33.75,14,0
51418,6,-66.44353569089876,56.25,16,0
51419,6,-66.44353569089876,78.75,15,0
51420,6,-66.44353569089876,101.25,6,0
51421,6,-66.44353569089876,123.75,11,1
51422,6,-66.44353569089876,146.25,11,0
51423,6,-66.44353569089876,168.75,18,0
51424,6,-66.44353569089876,-168.75,12,0
51425,6,-66.44353569089876,-146.25,9,0
51426,6,-66.44353569089876,-123.75,8,0
51427,6,-66.44353569089876,-101.25,11,0
51428,6,-66.44353569089876,-78.75,12,0
51429,6,-66.44353569089876,-56.25,16,0
51430,6,-66.44353569089876,-33.75,13,0
51431,6,-66.44353569089876,-11.25,10,0
51432,6,-72.38756092964962,15.0,9,0
51433,6,-72.38756092964962,45.0,19,0
51434,6,-72.38756092964962,75.0,11,0
51435,6,-72.38756092964962,105.0,8,0
51436,6,-72.38756092964962,135.0,15,0
51437,6,-72.38756092964962,165.0,19,0
51438,6,-72.38756092964962,-165.0,8,0
51439,6,-72.38756092964962,-135.0,10,0
51440,6,-72.38756092964962,-105.0,9,0
51441,6,-72.38756092964962,-75.0,8,0
51442,6,-72.38756092964962,-45.0,11,0
51443,6,-72.38756092964962,-15.0,11,0
51444,6,-78.28414760510762,22.5,8,0
51445,6,-78.28414760510762,67.5,9,0
51446,6,-78.28414760510762,112.5,14,0
51447,6,-78.28414760510762,157.5,14,0
51448,6,-78.28414760510762,-157.5,9,0
51449,6,-78.28414760510762,-112.5,9,0
51450,6,-78.28414760510762,-67.5,16,0
51451,6,-78.28414760510762,-22.5,13,0
51452,6,-84.14973293629666,45.0,5,0
51453,6,-84.14973293629666,135.0,7,0
51454,6,-84.14973293629666,-135.0,7,0
51455,6,-84.14973293629666,-45.0,8,0
51456,6,84.14973293629666,45.0,13,0
51457,6,84.14973293629666,135.0,8,0
51458,6,84.14973293629666,-135.0,14,0
51459,6,84.14973293629666,-45.0,9,0
51460,6,78.28414760510762,22.5,12,0
51461,6,78.28414760510762,67.5,11,0
51462,6,78.28414760510762,112.5,5,0
51463,6,78.28414760510762,157.5,5,0
51464,6,78.28414760510762,-157.5,9,0
51465,6,78.28414760510762,-112.5,13,0
51466,6,78.28414760510762,-67.5,10,0
51467,6,78.28414760510762,-22.5,10,0
51468,6,72.38756092964962,15.0,7,0
51469,6,72.38756092964962,45.0,9,0
51470,6,72.38756092964962,75.0,8,0
51471,6,72.38756092964962,105.0,5,0
51472,6,72.38756092964962,135.0,12,0
51473,6,72.38756092964962,165.0,5,0
51474,6,72.38756092964962,-165.0,8,0
51475,6,72.38756092964962,-135.0,3,0
51476,6,72.38756092964962,-105.0,12,0
51477,6,72.38756092964962,-75.0,15,0
51478,6,72.38756092964962,-45.0,7,0
51479,6,72.38756092964962,-15.0,14,0
51480,6,66.44353569089877,11.25,9,0
51481,6,66.44353569089877,33.75,4,0
51482,6,66.44353569089877,56.25,10,0
51483,6,66.44353569089877,78.75,9,0
51484,6,66.44353569089877,101.25,10,0
51485,6,66.44353569089877,123.75,9,0
51486,6,66.44353569089877,146.25,8,0
51487,6,66.44353569089877,168.75,5,0
51488,6,66.44353569089877,-168.75,8,0
51489,6,66.44353569089877,-146.25,6,0
51490,6,66.44353569089877,-123.75,6,0
51491,6,66.44353569089877,-101.25,18,0
51492,6,66.44353569089877,-78.75,10,0
51493,6,66.44353569089877,-56.25,14,0
51494,6,66.44353569089877,-33.75,13,0
51495,6,66.44353569089877,-11.25,11,0
51496,6,60.43443884495228,9.0,13,0
51497,6,60.43443884495228,27.0,10,0
51498,6,60.43443884495228,45.0,14,0
51499,6,60.43443884495228,63.0,18,0
51500,6,60.43443884495228,81.0,12,0
51501,6,60.43443884495228,99.0,9,0
51502,6,60.43443884495228,117.0,6,0
51503,6,60.43443884495228,135.0,11,0
51504,6,60.43443884495228,153.0,15,0
51505,6,60.43443884495228,171.0,10,0
51506,6,60.43443884495228,-171.0,13,0
51507,6,60.43443884495228,-153.0,9,0
51508,6,60.43443884495228,-135.0,13,0
51509,6,60.43443884495228,-117.0,6,0
51510,6,60.43443884495228,-99.0,23,0
51511,6,60.43443884495228,-81.0,13,0
51512,6,60.43443884495228,-63.0,11,0
51513,6,60.43443884495228,-45.0,14,0
51514,6,60.43443884495228,-27.0,16,0
51515,6,60.43443884495228,-9.0,10,0
51516,6,54.340912303861245,7.5,10,0
51517,6,54.340912303861245,22.5,10,0
51518,6,54.340912303861245,37.5,14,0
51519,6,54.340912303861245,52.5,20,0
51520,6,54.340912303861245,67.5,18,0
51521,6,54.340912303861245,82.5,5,0
51522,6,54.340912303861245,97.5,5,0
51523,6,54.340912303861245,112.5,8,0
51524,6,54.340912303861245,127.5,7,0
51525,6,54.340912303861245,142.5,10,0
51526,6,54.340912303861245,157.5,12,0
51527,6,54.340912303861245,172.5,9,0
51528,6,54.340912303861245,-172.5,7,0
51529,6,54.340912303861245,-157.5,10,0
51530,6,54.340912303861245,-142.5,13,0
51531,6,54.340912303861245,-127.5,7,0
51532,6,54.340912303861245,-112.5,14,0
51533,6,54.340912303861245,-97.5,11,0
51534,6,54.340912303861245,-82.5,13,0
51535,6,54.340912303861245,-67.5,12,0
51536,6,54.340912303861245,-52.50000000000006,7,0
51537,6,54.340912303861245,-37.5,6,0
51538,6,54.340912303861245,-22.5,10,0
51539,6,54.340912303861245,-7.5,11,0
51540,6,48.141207794360284,6.428571428571416,8,0
51541,6,48.141207794360284,19.285714285714278,7,0
51542,6,48.141207794360284,32.14285714285714,7,0
51543,6,48.141207794360284,45.0,12,0
51544,6,48.141207794360284,57.85714285714286,11,0
51545,6,48.141207794360284,70.71428571428572,14,0
51546,6,48.141207794360284,83.57142857142856,8,0
51547,6,48.141207794360284,96.42857142857144,13,0
51548,6,48.141207794360284,109.28571428571428,10,0
51549,6,48.141207794360284,122.14285714285711,8,0
51550,6,48.141207794360284,135.0,11,0
51551,6,48.141207794360284,147.8571428571429,14,0
51552,6,48.141207794360284,160.71428571428572,2,0
51553,6,48.141207794360284,173.57142857142856,6,0
51554,6,48.141207794360284,-173.57142857142856,7,0
51555,6,48.141207794360284,-160.71428571428572,9,0
51556,6,48.141207794360284,-147.8571428571429,8,0
51557,6,48.141207794360284,-135.0,8,0
51558,6,48.141207794360284,-122.14285714285711,12,0
51559,6,48.141207794360284,-109.28571428571428,9,0
51560,6,48.141207794360284,-96.42857142857144,11,0
51561,6,48.141207794360284,-83.57142857142856,11,0
51562,6,48.141207794360284,-70.71428571428572,10,0
51563,6,48.141207794360284,-57.85714285714283,8,0
51564,6,48.141207794360284,-45.0,10,0
51565,6,48.141207794360284,-32.14285714285717,7,0
51566,6,48.141207794360284,-19.28571428571422,9,0
51567,6,48.141207794360284,-6.428571428571445,8,0
51568,6,41.81031489577859,5.625,11,0
51569,6,41.81031489577859,16.875,9,0
51570,6,41.81031489577859,28.125,6,0
51571,6,41.81031489577859,39.375,18,0
51572,6,41.81031489577859,50.625,12,0
51573,6,41.81031489577859,61.875,14,0
51574,6,41.81031489577859,73.125,13,0
51575,6,41.81031489577859,84.375,10,0
51576,6,41.81031489577859,95.625,12,0
51577,6,41.81031489577859,106.875,14,0
51578,6,41.81031489577859,118.125,14,0
51579,6,41.81031489577859,129.375,11,0
51580,6,41.81031489577859,140.625,11,0
51581,6,41.81031489577859,151.875,12,0
51582,6,41.81031489577859,163.125,8,0
51583,6,41.81031489577859,174.375,12,0
51584,6,41.81031489577859,-174.375,7,0
51585,6,41.81031489577859,-163.125,13,0
51586,6,41.81031489577859,-151.875,9,0
51587,6,41.81031489577859,-140.625,9,0
51588,6,41.81031489577859,-129.37500000000006,17,0
51589,6,41.81031489577859,-118.125,15,0
51590,6,41.81031489577859,-106.875,5,0
51591,6,41.81031489577859,-95.625,15,0
51592,6,41.81031489577859,-84.375,13,0
51593,6,41.81031489577859,-73.12500000000006,12,0
51594,6,41.81031489577859,-61.875,10,0
51595,6,41.81031489577859,-50.625,13,0
51596,6,41.81031489577859,-39.375,11,0
51597,6,41.81031489577859,-28.125,10,0
51598,6,41.81031489577859,-16.875,11,0
51599,6,41.81031489577859,-5.625,11,0
51600,6,35.68533471265204,0.0,15,0
51601,6,35.68533471265204,11.25,10,0
51602,6,35.68533471265204,22.5,10,0
51603,6,35.68533471265204,33.75,9,0
51604,6,35.68533471265204,45.0,14,0
51605,6,35.68533471265204,56.25,15,0
51606,6,35.68533471265204,67.5,14,0
51607,6,35.68533471265204,78.75,8,0
51608,6,35.68533471265204,90.0,12,0
51609,6,35.68533471265204,101.25,13,0
51610,6,35.68533471265204,112.5,9,0
51611,6,35.68533471265204,123.75,11,0
51612,6,35.68533471265204,135.0,5,0
51613,6,35.68533471265204,146.25,9,0
51614,6,35.68533471265204,157.5,12,0
51615,6,35.68533471265204,168.75,8,0
51616,6,35.68533471265204,-180.0,10,0
51617,6,35.68533471265204,-168.75,7,0
51618,6,35.68533471265204,-157.5,12,0
51619,6,35.68533471265204,-146.25,8,0
51620,6,35.68533471265204,-135.0,10,0
51621,6,35.68533471265204,-123.75,15,0
51622,6,35.68533471265204,-112.5,13,0
51623,6,35.68533471265204,-101.25,12,0
51624,6,35.68533471265204,-90.0,14,0
51625,6,35.68533471265204,-78.75000000000006,17,0
51626,6,35.68533471265204,-67.5,10,0
51627,6,35.68533471265204,-56.25,11,0
51628,6,35.68533471265204,-45.0,10,0
51629,6,35.68533471265204,-33.75000000000006,11,0
51630,6,35.68533471265204,-22.5,11,0
51631,6,35.68533471265204,-11.25,18,0
51632,6,30.000000000000007,5.625,20,0
51633,6,30.000000000000007,16.875,6,0
51634,6,30.000000000000007,28.125,8,0
51635,6,30.000000000000007,39.375,13,0
51636,6,30.000000000000007,50.625,16,0
51637,6,30.000000000000007,61.875,15,0
51638,6,30.000000000000007,73.125,7,0
51639,6,30.000000000000007,84.375,14,0
51640,6,30.000000000000007,95.625,12,0
51641,6,30.000000000000007,106.875,7,0
51642,6,30.000000000000007,118.125,8,0
51643,6,30.000000000000007,129.375,7,0
51644,6,30.000000000000007,140.625,4,0
51645,6,30.000000000000007,151.875,8,0
51646,6,30.000000000000007,163.125,8,0
51647,6,30.000000000000007,174.375,13,0
51648,6,30.000000000000007,-174.375,8,0
51649,6,30.000000000000007,-163.125,6,0
51650,6,30.000000000000007,-151.875,12,0
51651,6,30.000000000000007,-140.625,9,0
51652,6,30.000000000000007,-129.37500000000006,9,0
51653,6,30.000000000000007,-118.125,10,0
51654,6,30.000000000000007,-106.875,16,0
51655,6,30.000000000000007,-95.625,15,0
51656,6,30.000000000000007,-84.375,9,0
51657,6,30.000000000000007,-73.12500000000006,11,0
51658,6,30.000000000000007,-61.875,8,0
51659,6,30.000000000000007,-50.625,7,0
51660,6,30.000000000000007,-39.375,8,0
51661,6,30.000000000000007,-28.125,10,0
51662,6,30.000000000000007,-16.875,21,0
51663,6,30.000000000000007,-5.625,14,0
51664,6,24.62431835216408,0.0,19,0
51665,6,24.62431835216408,11.25,6,0
51666,6,24.62431835216408,22.5,10,0
51667,6,24.62431835216408,33.75,10,0
51668,6,24.62431835216408,45.0,15,0
51669,6,24.62431835216408,56.25,16,0
51670,6,24.62431835216408,67.5,13,0
51671,6,24.62431835216408,78.75,7,0
51672,6,24.62431835216408,90.0,10,0
51673,6,24.62431835216408,101.25,11,0
51674,6,24.62431835216408,112.5,5,0
51675,6,24.62431835216408,123.75,11,0
51676,6,24.62431835216408,135.0,9,1
51677,6,24.62431835216408,146.25,5,0
51678,6,24.62431835216408,157.5,9,0
51679,6,24.62431835216408,168.75,14,0
51680,6,24.62431835216408,-180.0,15,0
51681,6,24.62431835216408,-168.75,5,0
51682,6,24.62431835216408,-157.5,10,0
51683,6,24.62431835216408,-146.25,6,0
51684,6,24.62431835216408,-135.0,14,0
51685,6,24.62431835216408,-123.75,9,1
51686,6,24.62431835216408,-112.5,10,0
51687,6,24.62431835216408,-101.25,18,0
51688,6,24.62431835216408,-90.0,7,0
51689,6,24.62431835216408,-78.75000000000006,12,0
51690,6,24.62431835216408,-67.5,7,0
51691,6,24.62431835216408,-56.25,6,0
51692,6,24.62431835216408,-45.0,12,0
51693,6,24.62431835216408,-33.75000000000006,12,0
51694,6,24.62431835216408,-22.5,18,0
51695,6,24.62431835216408,-11.25,12,0
51696,6,19.47122063449069,5.625,8,0
51697,6,19.47122063449069,16.875,11,0
51698,6,19.47122063449069,28.125,7,0
51699,6,19.47122063449069,39.375,15,0
51700,6,19.47122063449069,50.625,10,0
51701,6,19.47122063449069,61.875,16,0
51702,6,19.47122063449069,73.125,10,0
51703,6,19.47122063449069,84.375,5,0
51704,6,19.47122063449069,95.625,9,0
51705,6,19.47122063449069,106.875,8,0
51706,6,19.47122063449069,118.125,11,0
51707,6,19.47122063449069,129.375,9,0
51708,6,19.47122063449069,140.625,10,1
51709,6,19.47122063449069,151.875,11,0
51710,6,19.47122063449069,163.125,6,0
51711,6,19.47122063449069,174.375,9,0
51712,6,19.47122063449069,-174.375,7,0
51713,6,19.47122063449069,-163.125,2,0
51714,6,19.47122063449069,-151.875,11,0
51715,6,19.47122063449069,-140.625,10,0
51716,6,19.47122063449069,-129.37500000000006,9,1
51717,6,19.47122063449069,-118.125,12,0
51718,6,19.47122063449069,-106.875,10,0
51719,6,19.47122063449069,-95.625,14,0
51720,6,19.47122063449069,-84.375,13,0
51721,6,19.47122063449069,-73.12500000000006,10,0
51722,6,19.47122063449069,-61.875,14,0
51723,6,19.47122063449069,-50.625,13,0
51724,6,19.47122063449069,-39.375,16,0
51725,6,19.47122063449069,-28.125,10,0
51726,6,19.47122063449069,-16.875,13,0
51727,6,19.47122063449069,-5.625,9,0
51728,6,14.477512185929925,0.0,7,0
51729,6,14.477512185929925,11.25,8,0
51730,6,14.477512185929925,22.5,14,0
51731,6,14.477512185929925,33.75,16,0
51732,6,14.477512185929925,45.0,11,0
51733,6,14.477512185929925,56.25,9,0
51734,6,14.477512185929925,67.5,16,0
51735,6,14.477512185929925,78.75,6,0
51736,6,14.477512185929925,90.0,8,0
51737,6,14.477512185929925,101.25,13,0
51738,6,14.477512185929925,112.5,9,0
51739,6,14.477512185929925,123.75,6,0
51740,6,14.477512185929925,135.0,11,0
51741,6,14.477512185929925,146.25,14,0
51742,6,14.477512185929925,157.5,12,0
51743,6,14.477512185929925,168.75,11,0
51744,6,14.477512185929925,-180.0,8,0
51745,6,14.477512185929925,-168.75,7,0
51746,6,14.477512185929925,-157.5,10,0
51747,6,14.477512185929925,-146.25,10,1
51748,6,14.477512185929925,-135.0,8,0
51749,6,14.477512185929925,-123.75,12,0
51750,6,14.477512185929925,-112.5,15,0
51751,6,14.477512185929925,-101.25,10,0
51752,6,14.477512185929925,-90.0,12,0
51753,6,14.477512185929925,-78.75000000000006,8,0
51754,6,14.477512185929925,-67.5,15,0
51755,6,14.477512185929925,-56.25,13,0
51756,6,14.477512185929925,-45.0,22,0
51757,6,14.477512185929925,-33.75000000000006,10,0
51758,6,14.477512185929925,-22.5,9,0
51759,6,14.477512185929925,-11.25,14,0
51760,6,9.594068226860458,5.625,14,0
51761,6,9.594068226860458,16.875,8,0
51762,6,9.594068226860458,28.125,10,0
51763,6,9.594068226860458,39.375,16,4
51764,6,9.594068226860458,50.625,9,0
51765,6,9.594068226860458,61.875,5,0
51766,6,9.594068226860458,73.125,12,0
51767,6,9.594068226860458,84.375,6,1
51768,6,9.594068226860458,95.625,7,0
51769,6,9.594068226860458,106.875,13,1
51770,6,9.594068226860458,118.125,9,1
51771,6,9.594068226860458,129.375,7,0
51772,6,9.594068226860458,140.625,10,0
51773,6,9.594068226860458,151.875,13,0
51774,6,9.594068226860458,163.125,8,0
51775,6,9.594068226860458,174.375,12,0
51776,6,9.594068226860458,-174.375,14,0
51777,6,9.594068226860458,-163.125,13,0
51778,6,9.594068226860458,-151.875,14,1
51779,6,9.594068226860458,-140.625,14,0
51780,6,9.594068226860458,-129.37500000000006,9,0
51781,6,9.594068226860458,-118.125,14,0
51782,6,9.594068226860458,-106.875,15,0
51783,6,9.594068226860458,-95.625,13,0
51784,6,9.594068226860458,-84.375,13,0
51785,6,9.594068226860458,-73.12500000000006,10,0
51786,6,9.594068226860458,-61.875,12,0
51787,6,9.594068226860458,-50.625,14,0
51788,6,9.594068226860458,-39.375,15,2
51789,6,9.594068226860458,-28.125,13,0
51790,6,9.594068226860458,-16.875,9,0
51791,6,9.594068226860458,-5.625,10,0
51792,6,4.780191847199163,0.0,11,2
51793,6,4.780191847199163,11.25,10,0
51794,6,4.780191847199163,22.5,10,2
51795,6,4.780191847199163,33.75,10,5
51796,6,4.780191847199163,45.0,7,4
51797,6,4.780191847199163,56.25,9,2
51798,6,4.780191847199163,67.5,14,2
51799,6,4.780191847199163,78.75,3,2
51800,6,4.780191847199163,90.0,10,3
51801,6,4.780191847199163,101.25,10,5
51802,6,4.780191847199163,112.5,12,4
51803,6,4.780191847199163,123.75,10,2
51804,6,4.780191847199163,135.0,9,3
51805,6,4.780191847199163,146.25,9,1
51806,6,4.780191847199163,157.5,7,0
51807,6,4.780191847199163,168.75,9,2
51808,6,4.780191847199163,-180.0,16,1
51809,6,4.780191847199163,-168.75,19,2
51810,6,4.780191847199163,-157.5,10,2
51811,6,4.780191847199163,-146.25,17,0
51812,6,4.780191847199163,-135.0,9,1
51813,6,4.780191847199163,-123.75,8,5
51814,6,4.780191847199163,-112.5,11,1
51815,6,4.780191847199163,-101.25,17,1
51816,6,4.780191847199163,-90.0,9,2
51817,6,4.780191847199163,-78.75000000000006,9,2
51818,6,4.780191847199163,-67.5,10,0
51819,6,4.780191847199163,-56.25,17,2
51820,6,4.780191847199163,-45.0,10,3
51821,6,4.780191847199163,-33.75000000000006,8,3
51822,6,4.780191847199163,-22.5,14,1
51823,6,4.780191847199163,-11.25,10,0
51824,6,0.0,5.625,7,3
51825,6,0.0,16.875,9,4
51826,6,0.0,28.125,8,2
51827,6,0.0,39.375,10,3
51828,6,0.0,50.625,6,3
51829,6,0.0,61.875,10,2
51830,6,0.0,73.125,10,3
51831,6,0.0,84.375,7,3
51832,6,0.0,95.625,10,3
51833,6,0.0,106.875,15,5
51834,6,0.0,118.125,10,5
51835,6,0.0,129.375,17,3
51836,6,0.0,140.625,18,3
51837,6,0.0,151.875,10,2
51838,6,0.0,163.125,6,3
51839,6,0.0,174.375,6,4
51840,6,0.0,-174.375,12,2
51841,6,0.0,-163.125,13,5
51842,6,0.0,-151.875,12,3
51843,6,0.0,-140.625,13,1
51844,6,0.0,-129.37500000000006,5,4
51845,6,0.0,-118.125,6,5
51846,6,0.0,-106.875,16,2
51847,6,0.0,-95.625,6,7
51848,6,0.0,-84.375,7,2
51849,6,0.0,-73.12500000000006,4,2
51850,6,0.0,-61.875,16,3
51851,6,0.0,-50.625,11,1
51852,6,0.0,-39.375,8,3
51853,6,0.0,-28.125,6,4
51854,6,0.0,-16.875,10,3
51855,6,0.0,-5.625,14,1
51856,6,-4.780191847199163,0.0,9,0
51857,6,-4.780191847199163,11.25,12,1
51858,6,-4.780191847199163,22.5,10,2
51859,6,-4.780191847199163,33.75,8,0
51860,6,-4.780191847199163,45.0,16,1
51861,6,-4.780191847199163,56.25,14,2
51862,6,-4.780191847199163,67.5,11,3
51863,6,-4.780191847199163,78.75,10,1
51864,6,-4.780191847199163,90.0,7,2
51865,6,-4.780191847199163,101.25,15,3
51866,6,-4.780191847199163,112.5,13,1
51867,6,-4.780191847199163,123.75,12,3
51868,6,-4.780191847199163,135.0,19,0
51869,6,-4.780191847199163,146.25,15,1
51870,6,-4.780191847199163,157.5,12,1
51871,6,-4.780191847199163,168.75,6,2
51872,6,-4.780191847199163,-180.0,10,3
51873,6,-4.780191847199163,-168.75,15,3
51874,6,-4.780191847199163,-157.5,9,2
51875,6,-4.780191847199163,-146.25,19,0
51876,6,-4.780191847199163,-135.0,7,2
51877,6,-4.780191847199163,-123.75,10,3
51878,6,-4.780191847199163,-112.5,9,3
51879,6,-4.780191847199163,-101.25,10,2
51880,6,-4.780191847199163,-90.0,8,2
51881,6,-4.780191847199163,-78.75000000000006,8,0
51882,6,-4.780191847199163,-67.5,7,2
51883,6,-4.780191847199163,-56.25,6,2
51884,6,-4.780191847199163,-45.0,12,1
51885,6,-4.780191847199163,-33.75000000000006,6,0
51886,6,-4.780191847199163,-22.5,13,3
51887,6,-4.780191847199163,-11.25,16,3
51888,6,-9.594068226860458,5.625,15,0
51889,6,-9.594068226860458,16.875,10,1
51890,6,-9.594068226860458,28.125,10,0
51891,6,-9.594068226860458,39.375,11,0
51892,6,-9.594068226860458,50.625,14,0
51893,6,-9.594068226860458,61.875,16,0
51894,6,-9.594068226860458,73.125,8,0
51895,6,-9.594068226860458,84.375,10,0
51896,6,-9.594068226860458,95.625,13,0
51897,6,-9.594068226860458,106.875,15,0
51898,6,-9.594068226860458,118.125,10,0
51899,6,-9.594068226860458,129.375,8,0
51900,6,-9.594068226860458,140.625,19,1
51901,6,-9.594068226860458,151.875,6,0
51902,6,-9.594068226860458,163.125,12,1
51903,6,-9.594068226860458,174.375,12,0
51904,6,-9.594068226860458,-174.375,9,0
51905,6,-9.594068226860458,-163.125,16,1
51906,6,-9.594068226860458,-151.875,10,0
51907,6,-9.594068226860458,-140.625,10,0
51908,6,-9.594068226860458,-129.37500000000006,10,0
51909,6,-9.594068226860458,-118.125,13,1
51910,6,-9.594068226860458,-106.875,11,0
51911,6,-9.594068226860458,-95.625,10,0
51912,6,-9.594068226860458,-84.375,12,0
51913,6,-9.594068226860458,-73.12500000000006,10,0
51914,6,-9.594068226860458,-61.875,9,0
51915,6,-9.594068226860458,-50.625,12,1
51916,6,-9.594068226860458,-39.375,8,0
51917,6,-9.594068226860458,-28.125,13,0
51918,6,-9.594068226860458,-16.875,12,3
51919,6,-9.594068226860458,-5.625,11,0
51920,6,-14.477512185929925,0.0,14,0
51921,6,-14.477512185929925,11.25,15,1
51922,6,-14.477512185929925,22.5,10,0
51923,6,-14.477512185929925,33.75,12,0
51924,6,-14.477512185929925,45.0,10,0
51925,6,-14.477512185929925,56.25,11,0
51926,6,-14.477512185929925,67.5,13,0
51927,6,-14.477512185929925,78.75,11,0
51928,6,-14.477512185929925,90.0,9,0
51929,6,-14.477512185929925,101.25,8,0
51930,6,-14.477512185929925,112.5,14,0
51931,6,-14.477512185929925,123.75,8,0
51932,6,-14.477512185929925,135.0,8,0
51933,6,-14.477512185929925,146.25,9,1
51934,6,-14.477512185929925,157.5,12,0
51935,6,-14.477512185929925,168.75,10,0
51936,6,-14.477512185929925,-180.0,11,0
51937,6,-14.477512185929925,-168.75,8,0
51938,6,-14.477512185929925,-157.5,12,0
51939,6,-14.477512185929925,-146.25,8,0
51940,6,-14.477512185929925,-135.0,9,0
51941,6,-14.477512185929925,-123.75,18,0
51942,6,-14.477512185929925,-112.5,11,0
51943,6,-14.477512185929925,-101.25,12,0
51944,6,-14.477512185929925,-90.0,11,0
51945,6,-14.477512185929925,-78.75000000000006,13,0
51946,6,-14.477512185929925,-67.5,9,0
51947,6,-14.477512185929925,-56.25,11,0
51948,6,-14.477512185929925,-45.0,15,0
51949,6,-14.477512185929925,-33.75000000000006,15,0
51950,6,-14.477512185929925,-22.5,15,0
51951,6,-14.477512185929925,-11.25,7,1
51952,6,-19.47122063449069,5.625,14,0
51953,6,-19.47122063449069,16.875,14,0
51954,6,-19.47122063449069,28.125,10,0
51955,6,-19.47122063449069,39.375,7,0
51956,6,-19.47122063449069,50.625,10,0
51957,6,-19.47122063449069,61.875,9,0
51958,6,-19.47122063449069,73.125,12,0
51959,6,-19.47122063449069,84.375,17,0
51960,6,-19.47122063449069,95.625,6,0
51961,6,-19.47122063449069,106.875,11,0
51962,6,-19.47122063449069,118.125,13,0
51963,6,-19.47122063449069,129.375,6,0
51964,6,-19.47122063449069,140.625,9,0
51965,6,-19.47122063449069,151.875,5,0
51966,6,-19.47122063449069,163.125,12,0
51967,6,-19.47122063449069,174.375,10,0
51968,6,-19.47122063449069,-174.375,16,0
51969,6,-19.47122063449069,-163.125,9,0
51970,6,-19.47122063449069,-151.875,7,0
51971,6,-19.47122063449069,-140.625,12,0
51972,6,-19.47122063449069,-129.37500000000006,4,0
51973,6,-19.47122063449069,-118.125,19,0
51974,6,-19.47122063449069,-106.875,10,0
51975,6,-19.47122063449069,-95.625,11,0
51976,6,-19.47122063449069,-84.375,9,0
51977,6,-19.47122063449069,-73.12500000000006,11,0
51978,6,-19.47122063449069,-61.875,7,0
51979,6,-19.47122063449069,-50.625,15,0
51980,6,-19.47122063449069,-39.375,13,0
51981,6,-19.47122063449069,-28.125,15,0
51982,6,-19.47122063449069,-16.875,11,0
51983,6,-19.47122063449069,-5.625,8,0
51984,6,-24.62431835216408,0.0,11,0
51985,6,-24.62431835216408,11.25,12,0
51986,6,-24.62431835216408,22.5,9,0
51987,6,-24.62431835216408,33.75,9,0
51988,6,-24.62431835216408,45.0,5,0
51989,6,-24.62431835216408,56.25,9,0
51990,6,-24.62431835216408,67.5,8,0
51991,6,-24.62431835216408,78.75,9,0
51992,6,-24.62431835216408,90.0,12,0
51993,6,-24.62431835216408,101.25,8,0
51994,6,-24.62431835216408,112.5,12,0
51995,6,-24.62431835216408,123.75,10,0
51996,6,-24.62431835216408,135.0,13,0
51997,6,-24.62431835216408,146.25,9,0
51998,6,-24.62431835216408,157.5,14,0
51999,6,-24.62431835216408,168.75,11,0
52000,6,-24.62431835216408,-180.0,12,0
52001,6,-24.62431835216408,-168.75,12,0
52002,6,-24.62431835216408,-157.5,7,0
52003,6,-24.62431835216408,-146.25,8,0
52004,6,-24.62431835216408,-135.0,10,0
52005,6,-24.62431835216408,-123.75,13,0
52006,6,-24.62431835216408,-112.5,17,0
52007,6,-24.62431835216408,-101.25,12,0
52008,6,-24.62431835216408,-90.0,12,0
52009,6,-24.62431835216408,-78.75000000000006,5,0
52010,6,-24.62431835216408,-67.5,9,0
52011,6,-24.62431835216408,-56.25,12,0
52012,6,-24.62431835216408,-45.0,6,0
52013,6,-24.62431835216408,-33.75000000000006,12,0
52014,6,-24.62431835216408,-22.5,14,0
52015,6,-24.62431835216408,-11.25,9,0
52016,6,-30.000000000000014,5.625,12,0
52017,6,-30.000000000000014,16.875,5,0
52018,6,-30.000000000000014,28.125,13,0
52019,6,-30.000000000000014,39.375,4,0
52020,6,-30.000000000000014,50.625,10,0
52021,6,-30.000000000000014,61.875,11,0
52022,6,-30.000000000000014,73.125,8,0
52023,6,-30.000000000000014,84.375,14,0
52024,6,-30.000000000000014,95.625,11,0
52025,6,-30.000000000000014,106.875,7,0
52026,6,-30.000000000000014,118.125,6,0
52027,6,-30.000000000000014,129.375,14,0
52028,6,-30.000000000000014,140.625,15,0
52029,6,-30.000000000000014,151.875,19,0
52030,6,-30.000000000000014,163.125,9,0
52031,6,-30.000000000000014,174.375,11,0
52032,6,-30.000000000000014,-174.375,5,0
52033,6,-30.000000000000014,-163.125,16,0
52034,6,-30.000000000000014,-151.875,10,0
52035,6,-30.000000000000014,-140.625,5,0
52036,6,-30.000000000000014,-129.37500000000006,9,0
52037,6,-30.000000000000014,-118.125,11,0
52038,6,-30.000000000000014,-106.875,12,0
52039,6,-30.000000000000014,-95.625,12,0
52040,6,-30.000000000000014,-84.375,8,0
52041,6,-30.000000000000014,-73.12500000000006,10,0
52042,6,-30.000000000000014,-61.875,3,0
52043,6,-30.000000000000014,-50.625,13,0
52044,6,-30.000000000000014,-39.375,3,0
52045,6,-30.000000000000014,-28.125,13,0
52046,6,-30.000000000000014,-16.875,11,0
52047,6,-30.000000000000014,-5.625,8,0
52048,6,-35.68533471265205,0.0,12,0
52049,6,-35.68533471265205,11.25,14,0
52050,6,-35.68533471265205,22.5,9,0
52051,6,-35.68533471265205,33.75,6,0
52052,6,-35.68533471265205,45.0,10,0
52053,6,-35.68533471265205,56.25,11,0
52054,6,-35.68533471265205,67.5,8,0
52055,6,-35.68533471265205,78.75,12,0
52056,6,-35.68533471265205,90.0,13,0
52057,6,-35.68533471265205,101.25,14,0
52058,6,-35.68533471265205,112.5,15,0
52059,6,-35.68533471265205,123.75,5,0
52060,6,-35.68533471265205,135.0,12,0
52061,6,-35.68533471265205,146.25,18,0
52062,6,-35.68533471265205,157.5,11,0
52063,6,-35.68533471265205,168.75,15,0
52064,6,-35.68533471265205,-180.0,9,0
52065,6,-35.68533471265205,-168.75,15,0
52066,6,-35.68533471265205,-157.5,9,0
52067,6,-35.68533471265205,-146.25,9,0
52068,6,-35.68533471265205,-135.0,6,0
52069,6,-35.68533471265205,-123.75,10,0
52070,6,-35.68533471265205,-112.5,11,0
52071,6,-35.68533471265205,-101.25,15,0
52072,6,-35.68533471265205,-90.0,14,0
52073,6,-35.68533471265205,-78.75000000000006,11,0
52074,6,-35.68533471265205,-67.5,3,0
52075,6,-35.68533471265205,-56.25,5,0
52076,6,-35.68533471265205,-45.0,10,0
52077,6,-35.68533471265205,-33.75000000000006,5,0
52078,6,-35.68533471265205,-22.5,11,0
52079,6,-35.68533471265205,-11.25,6,0
52080,6,-41.81031489577862,5.625,19,0
52081,6,-41.81031489577862,16.875,16,0
52082,6,-41.81031489577862,28.125,12,0
52083,6,-41.81031489577862,39.375,12,0
52084,6,-41.81031489577862,50.625,11,0
52085,6,-41.81031489577862,61.875,11,0
52086,6,-41.81031489577862,73.125,9,0
52087,6,-41.81031489577862,84.375,12,0
52088,6,-41.81031489577862,95.625,14,0
52089,6,-41.81031489577862,106.875,11,0
52090,6,-41.81031489577862,118.125,6,0
52091,6,-41.81031489577862,129.375,7,0
52092,6,-41.81031489577862,140.625,13,0
52093,6,-41.81031489577862,151.875,16,0
52094,6,-41.81031489577862,163.125,9,0
52095,6,-41.81031489577862,174.375,13,0
52096,6,-41.81031489577862,-174.375,12,0
52097,6,-41.81031489577862,-163.125,17,0
52098,6,-41.81031489577862,-151.875,13,0
52099,6,-41.81031489577862,-140.625,13,0
52100,6,-41.81031489577862,-129.37500000000006,17,0
52101,6,-41.81031489577862,-118.125,9,0
52102,6,-41.81031489577862,-106.875,7,0
52103,6,-41.81031489577862,-95.625,12,0
52104,6,-41.81031489577862,-84.375,8,0
52105,6,-41.81031489577862,-73.12500000000006,5,0
52106,6,-41.81031489577862,-61.875,7,0
52107,6,-41.81031489577862,-50.625,10,0
52108,6,-41.81031489577862,-39.375,12,0
52109,6,-41.81031489577862,-28.125,9,0
52110,6,-41.81031489577862,-16.875,6,0
52111,6,-41.81031489577862,-5.625,12,0
52112,6,-48.1412077943603,6.428571428571416,14,0
52113,6,-48.1412077943603,19.285714285714278,13,0
52114,6,-48.1412077943603,32.14285714285714,8,0
52115,6,-48.1412077943603,45.0,12,0
52116,6,-48.1412077943603,57.85714285714286,8,0
52117,6,-48.1412077943603,70.71428571428572,14,0
52118,6,-48.1412077943603,83.57142857142856,15,0
52119,6,-48.1412077943603,96.42857142857144,10,0
52120,6,-48.1412077943603,109.28571428571428,8,0
52121,6,-48.1412077943603,122.14285714285711,5,0
52122,6,-48.1412077943603,135.0,7,0
52123,6,-48.1412077943603,147.8571428571429,13,0
52124,6,-48.1412077943603,160.71428571428572,8,0
52125,6,-48.1412077943603,173.57142857142856,11,0
52126,6,-48.1412077943603,-173.57142857142856,15,0
52127,6,-48.1412077943603,-160.71428571428572,16,0
52128,6,-48.1412077943603,-147.8571428571429,16,0
52129,6,-48.1412077943603,-135.0,16,0
52130,6,-48.1412077943603,-122.14285714285711,10,0
52131,6,-48.1412077943603,-109.28571428571428,5,0
52132,6,-48.1412077943603,-96.42857142857144,8,0
52133,6,-48.1412077943603,-83.57142857142856,4,0
52134,6,-48.1412077943603,-70.71428571428572,13,0
52135,6,-48.1412077943603,-57.85714285714283,13,0
52136,6,-48.1412077943603,-45.0,8,0
52137,6,-48.1412077943603,-32.14285714285717,10,0
52138,6,-48.1412077943603,-19.28571428571422,12,0
52139,6,-48.1412077943603,-6.428571428571445,18,0
52140,6,-54.340912303861245,7.5,9,0
52141,6,-54.340912303861245,22.5,14,0
52142,6,-54.340912303861245,37.5,10,0
52143,6,-54.340912303861245,52.5,7,0
52144,6,-54.340912303861245,67.5,14,0
52145,6,-54.340912303861245,82.5,14,0
52146,6,-54.340912303861245,97.5,10,0
52147,6,-54.340912303861245,112.5,5,0
52148,6,-54.340912303861245,127.5,7,0
52149,6,-54.340912303861245,142.5,12,0
52150,6,-54.340912303861245,157.5,14,0
52151,6,-54.340912303861245,172.5,12,0
52152,6,-54.340912303861245,-172.5,10,0
52153,6,-54.340912303861245,-157.5,10,0
52154,6,-54.340912303861245,-142.5,10,0
52155,6,-54.340912303861245,-127.5,6,0
52156,6,-54.340912303861245,-112.5,5,0
52157,6,-54.340912303861245,-97.5,8,0
52158,6,-54.340912303861245,-82.5,12,0
52159,6,-54.340912303861245,-67.5,13,0
52160,6,-54.340912303861245,-52.50000000000006,5,0
52161,6,-54.340912303861245,-37.5,10,0
52162,6,-54.340912303861245,-22.5,8,0
52163,6,-54.340912303861245,-7.5,10,0
52164,6,-60.4344388449523,9.0,11,0
52165,6,-60.4344388449523,27.0,13,0
52166,6,-60.4344388449523,45.0,11,0
52167,6,-60.4344388449523,63.0,9,0
52168,6,-60.4344388449523,81.0,13,0
52169,6,-60.4344388449523,99.0,7,0
52170,6,-60.4344388449523,117.0,5,0
52171,6,-60.4344388449523,135.0,11,0
52172,6,-60.4344388449523,153.0,18,0
52173,6,-60.4344388449523,171.0,15,0
52174,6,-60.4344388449523,-171.0,18,0
52175,6,-60.4344388449523,-153.0,8,0
52176,6,-60.4344388449523,-135.0,8,0
52177,6,-60.4344388449523,-117.0,7,0
52178,6,-60.4344388449523,-99.0,7,0
52179,6,-60.4344388449523,-81.0,16,0
52180,6,-60.4344388449523,-63.0,17,0
52181,6,-60.4344388449523,-45.0,10,0
52182,6,-60.4344388449523,-27.0,13,0
52183,6,-60.4344388449523,-9.0,10,0
52184,6,-66.44353569089876,11.25,7,0
52185,6,-66.44353569089876,33.75,14,0
52186,6,-66.44353569089876,56.25,16,0
52187,6,-66.44353569089876,78.75,15,0
52188,6,-66.44353569089876,101.25,6,0
52189,6,-66.44353569089876,123.75,11,1
52190,6,-66.44353569089876,146.25,11,0
52191,6,-66.44353569089876,168.75,18,0
52192,6,-66.44353569089876,-168.75,12,0
52193,6,-66.44353569089876,-146.25,9,0
52194,6,-66.44353569089876,-123.75,8,0
52195,6,-66.44353569089876,-101.25,11,0
52196,6,-66.44353569089876,-78.75,12,0
52197,6,-66.44353569089876,-56.25,16,0
52198,6,-66.44353569089876,-33.75,13,0
52199,6,-66.44353569089876,-11.25,10,0
52200,6,-72.38756092964962,15.0,9,0
52201,6,-72.38756092964962,45.0,19,0
52202,6,-72.38756092964962,75.0,11,0
52203,6,-72.38756092964962,105.0,8,0
52204,6,-72.38756092964962,135.0,15,0
52205,6,-72.38756092964962,165.0,19,0
52206,6,-72.38756092964962,-165.0,8,0
52207,6,-72.38756092964962,-135.0,10,0
52208,6,-72.38756092964962,-105.0,9,0
52209,6,-72.38756092964962,-75.0,8,0
52210,6,-72.38756092964962,-45.0,11,0
52211,6,-72.38756092964962,-15.0,11,0
52212,6,-78.28414760510762,22.5,8,0
52213,6,-78.28414760510762,67.5,9,0
52214,6,-78.28414760510762,112.5,14,0
52215,6,-78.28414760510762,157.5,14,0
52216,6,-78.28414760510762,-157.5,9,0
52217,6,-78.28414760510762,-112.5,9,0
52218,6,-78.28414760510762,-67.5,16,0
52219,6,-78.28414760510762,-22.5,13,0
52220,6,-84.14973293629666,45.0,5,0
52221,6,-84.14973293629666,135.0,7,0
52222,6,-84.14973293629666,-135.0,7,0
52223,6,-84.14973293629666,-45.0,8,0
52224,6,84.14973293629666,45.0,13,0
52225,6,84.14973293629666,135.0,8,0
52226,6,84.14973293629666,-135.0,14,0
52227,6,84.14973293629666,-45.0,9,0
52228,6,78.28414760510762,22.5,12,0
52229,6,78.28414760510762,67.5,11,0
52230,6,78.28414760510762,112.5,5,0
52231,6,78.28414760510762,157.5,5,0
52232,6,78.28414760510762,-157.5,9,0
52233,6,78.28414760510762,-112.5,13,0
52234,6,78.28414760510762,-67.5,10,0
52235,6,78.28414760510762,-22.5,10,0
52236,6,72.38756092964962,15.0,7,0
52237,6,72.38756092964962,45.0,9,0
52238,6,72.38756092964962,75.0,8,0
52239,6,72.38756092964962,105.0,5,0
52240,6,72.38756092964962,135.0,12,0
52241,6,72.38756092964962,165.0,5,0
52242,6,72.38756092964962,-165.0,8,0
52243,6,72.38756092964962,-135.0,3,0
52244,6,72.38756092964962,-105.0,12,0
52245,6,72.38756092964962,-75.0,15,0
52246,6,72.38756092964962,-45.0,7,0
52247,6,72.38756092964962,-15.0,14,0
52248,6,66.44353569089877,11.25,9,0
52249,6,66.44353569089877,33.75,4,0
52250,6,66.44353569089877,56.25,10,0
52251,6,66.44353569089877,78.75,9,0
52252,6,66.44353569089877,101.25,10,0
52253,6,66.44353569089877,123.75,9,0
52254,6,66.44353569089877,146.25,8,0
52255,6,66.44353569089877,168.75,5,0
52256,6,66.44353569089877,-168.75,8,0
52257,6,66.44353569089877,-146.25,6,0
52258,6,66.44353569089877,-123.75,6,0
52259,6,66.44353569089877,-101.25,18,0
52260,6,66.44353569089877,-78.75,10,0
52261,6,66.44353569089877,-56.25,14,0
52262,6,66.44353569089877,-33.75,13,0
52263,6,66.44353569089877,-11.25,11,0
52264,6,60.43443884495228,9.0,13,0
52265,6,60.43443884495228,27.0,10,0
52266,6,60.43443884495228,45.0,14,0
52267,6,60.43443884495228,63.0,18,0
52268,6,60.43443884495228,81.0,12,0
52269,6,60.43443884495228,99.0,9,0
52270,6,60.43443884495228,117.0,6,0
52271,6,60.43443884495228,135.0,11,0
52272,6,60.43443884495228,153.0,15,0
52273,6,60.43443884495228,171.0,10,0
52274,6,60.43443884495228,-171.0,13,0
52275,6,60.43443884495228,-153.0,9,0
52276,6,60.43443884495228,-135.0,13,0
52277,6,60.43443884495228,-117.0,6,0
52278,6,60.43443884495228,-99.0,23,0
52279,6,60.43443884495228,-81.0,13,0
52280,6,60.43443884495228,-63.0,11,0
52281,6,60.43443884495228,-45.0,14,0
52282,6,60.43443884495228,-27.0,16,0
52283,6,60.43443884495228,-9.0,10,0
52284,6,54.340912303861245,7.5,10,0
52285,6,54.340912303861245,22.5,10,0
52286,6,54.340912303861245,37.5,14,0
52287,6,54.340912303861245,52.5,20,0
52288,6,54.340912303861245,67.5,18,0
52289,6,54.340912303861245,82.5,5,0
52290,6,54.340912303861245,97.5,5,0
52291,6,54.340912303861245,112.5,8,0
52292,6,54.340912303861245,127.5,7,0
52293,6,54.340912303861245,142.5,10,0
52294,6,54.340912303861245,157.5,12,0
52295,6,54.340912303861245,172.5,9,0
52296,6,54.340912303861245,-172.5,7,0
52297,6,54.340912303861245,-157.5,10,0
52298,6,54.340912303861245,-142.5,13,0
52299,6,54.340912303861245,-127.5,7,0
52300,6,54.340912303861245,-112.5,14,0
52301,6,54.340912303861245,-97.5,11,0
52302,6,54.340912303861245,-82.5,13,0
52303,6,54.340912303861245,-67.5,12,0
52304,6,54.340912303861245,-52.50000000000006,7,0
52305,6,54.340912303861245,-37.5,6,0
52306,6,54.340912303861245,-22.5,10,0
52307,6,54.340912303861245,-7.5,11,0
52308,6,48.141207794360284,6.428571428571416,8,0
52309,6,48.141207794360284,19.285714285714278,7,0
52310,6,48.141207794360284,32.14285714285714,7,0
52311,6,48.141207794360284,45.0,12,0
52312,6,48.141207794360284,57.85714285714286,11,0
52313,6,48.141207794360284,70.71428571428572,14,0
52314,6,48.141207794360284,83.57142857142856,8,0
52315,6,48.141207794360284,96.42857142857144,13,0
52316,6,48.141207794360284,109.28571428571428,10,0
52317,6,48.141207794360284,122.14285714285711,8,0
52318,6,48.141207794360284,135.0,11,0
52319,6,48.141207794360284,147.8571428571429,14,0
52320,6,48.141207794360284,160.71428571428572,2,0
52321,6,48.141207794360284,173.57142857142856,6,0
52322,6,48.141207794360284,-173.57142857142856,7,0
52323,6,48.141207794360284,-160.71428571428572,9,0
52324,6,48.141207794360284,-147.8571428571429,8,0
52325,6,48.141207794360284,-135.0,8,0
52326,6,48.141207794360284,-122.14285714285711,12,0
52327,6,48.141207794360284,-109.28571428571428,9,0
52328,6,48.141207794360284,-96.42857142857144,11,0
52329,6,48.141207794360284,-83.57142857142856,11,0
52330,6,48.141207794360284,-70.71428571428572,10,0
52331,6,48.141207794360284,-57.85714285714283,8,0
52332,6,48.141207794360284,-45.0,10,0
52333,6,48.141207794360284,-32.14285714285717,7,0
52334,6,48.141207794360284,-19.28571428571422,9,0
52335,6,48.141207794360284,-6.428571428571445,8,0
52336,6,41.81031489577859,5.625,11,0
52337,6,41.81031489577859,16.875,9,0
52338,6,41.81031489577859,28.125,6,0
52339,6,41.81031489577859,39.375,18,0
52340,6,41.81031489577859,50.625,12,0
52341,6,41.81031489577859,61.875,14,0
52342,6,41.81031489577859,73.125,13,0
52343,6,41.81031489577859,84.375,10,0
52344,6,41.81031489577859,95.625,12,0
52345,6,41.81031489577859,106.875,14,0
52346,6,41.81031489577859,118.125,14,0
52347,6,41.81031489577859,129.375,11,0
52348,6,41.81031489577859,140.625,11,0
52349,6,41.81031489577859,151.875,12,0
52350,6,41.81031489577859,163.125,8,0
52351,6,41.81031489577859,174.375,12,0
52352,6,41.81031489577859,-174.375,7,0
52353,6,41.81031489577859,-163.125,13,0
52354,6,41.81031489577859,-151.875,9,0
52355,6,41.81031489577859,-140.625,9,0
52356,6,41.81031489577859,-129.37500000000006,17,0
52357,6,41.81031489577859,-118.125,15,0
52358,6,41.81031489577859,-106.875,5,0
52359,6,41.81031489577859,-95.625,15,0
52360,6,41.81031489577859,-84.375,13,0
52361,6,41.81031489577859,-73.12500000000006,12,0
52362,6,41.81031489577859,-61.875,10,0
52363,6,41.81031489577859,-50.625,13,0
52364,6,41.81031489577859,-39.375,11,0
52365,6,41.81031489577859,-28.125,10,0
52366,6,41.81031489577859,-16.875,11,0
52367,6,41.81031489577859,-5.625,11,0
52368,6,35.68533471265204,0.0,15,0
52369,6,35.68533471265204,11.25,10,0
52370,6,35.68533471265204,22.5,10,0
52371,6,35.68533471265204,33.75,9,0
52372,6,35.68533471265204,45.0,14,0
52373,6,35.68533471265204,56.25,15,0
52374,6,35.68533471265204,67.5,14,0
52375,6,35.68533471265204,78.75,8,0
52376,6,35.68533471265204,90.0,12,0
52377,6,35.68533471265204,101.25,13,0
52378,6,35.68533471265204,112.5,9,0
52379,6,35.68533471265204,123.75,11,0
52380,6,35.68533471265204,135.0,5,0
52381,6,35.68533471265204,146.25,9,0
52382,6,35.68533471265204,157.5,12,0
52383,6,35.68533471265204,168.75,8,0
52384,6,35.68533471265204,-180.0,10,0
52385,6,35.68533471265204,-168.75,7,0
52386,6,35.68533471265204,-157.5,12,0
52387,6,35.68533471265204,-146.25,8,0
52388,6,35.68533471265204,-135.0,10,0
52389,6,35.68533471265204,-123.75,15,0
52390,6,35.68533471265204,-112.5,13,0
52391,6,35.68533471265204,-101.25,12,0
52392,6,35.68533471265204,-90.0,14,0
52393,6,35.68533471265204,-78.75000000000006,17,0
52394,6,35.68533471265204,-67.5,10,0
52395,6,35.68533471265204,-56.25,11,0
52396,6,35.68533471265204,-45.0,10,0
52397,6,35.68533471265204,-33.75000000000006,11,0
52398,6,35.68533471265204,-22.5,11,0
52399,6,35.68533471265204,-11.25,18,0
52400,6,30.000000000000007,5.625,20,0
52401,6,30.000000000000007,16.875,6,0
52402,6,30.000000000000007,28.125,8,0
52403,6,30.000000000000007,39.375,13,0
52404,6,30.000000000000007,50.625,16,0
52405,6,30.000000000000007,61.875,15,0
52406,6,30.000000000000007,73.125,7,0
52407,6,30.000000000000007,84.375,14,0
52408,6,30.000000000000007,95.625,12,0
52409,6,30.000000000000007,106.875,7,0
52410,6,30.000000000000007,118.125,8,0
52411,6,30.000000000000007,129.375,7,0
52412,6,30.000000000000007,140.625,4,0
52413,6,30.000000000000007,151.875,8,0
52414,6,30.000000000000007,163.125,8,0
52415,6,30.000000000000007,174.375,13,0
52416,6,30.000000000000007,-174.375,8,0
52417,6,30.000000000000007,-163.125,6,0
52418,6,30.000000000000007,-151.875,12,0
52419,6,30.000000000000007,-140.625,9,0
52420,6,30.000000000000007,-129.37500000000006,9,0
52421,6,30.000000000000007,-118.125,10,0
52422,6,30.000000000000007,-106.875,16,0
52423,6,30.000000000000007,-95.625,15,0
52424,6,30.000000000000007,-84.375,9,0
52425,6,30.000000000000007,-73.12500000000006,11,0
52426,6,30.000000000000007,-61.875,8,0
52427,6,30.000000000000007,-50.625,7,0
52428,6,30.000000000000007,-39.375,8,0
52429,6,30.000000000000007,-28.125,10,0
52430,6,30.000000000000007,-16.875,21,0
52431,6,30.000000000000007,-5.625,14,0
52432,6,24.62431835216408,0.0,19,0
52433,6,24.62431835216408,11.25,6,0
52434,6,24.62431835216408,22.5,10,0
52435,6,24.62431835216408,33.75,10,0
52436,6,24.62431835216408,45.0,15,0
52437,6,24.62431835216408,56.25,16,0
52438,6,24.62431835216408,67.5,13,0
52439,6,24.62431835216408,78.75,7,0
52440,6,24.62431835216408,90.0,10,0
52441,6,24.62431835216408,101.25,11,0
52442,6,24.62431835216408,112.5,5,0
52443,6,24.62431835216408,123.75,11,0
52444,6,24.62431835216408,135.0,9,1
52445,6,24.62431835216408,146.25,5,0
52446,6,24.62431835216408,157.5,9,0
52447,6,24.62431835216408,168.75,14,0
52448,6,24.62431835216408,-180.0,15,0
52449,6,24.62431835216408,-168.75,5,0
52450,6,24.62431835216408,-157.5,10,0
52451,6,24.62431835216408,-146.25,6,0
52452,6,24.62431835216408,-135.0,14,0
52453,6,24.62431835216408,-123.75,9,1
52454,6,24.62431835216408,-112.5,10,0
52455,6,24.62431835216408,-101.25,18,0
52456,6,24.62431835216408,-90.0,7,0
52457,6,24.62431835216408,-78.75000000000006,12,0
52458,6,24.62431835216408,-67.5,7,0
52459,6,24.62431835216408,-56.25,6,0
52460,6,24.62431835216408,-45.0,12,0
52461,6,24.62431835216408,-33.75000000000006,12,0
52462,6,24.62431835216408,-22.5,18,0
52463,6,24.62431835216408,-11.25,12,0
52464,6,19.47122063449069,5.625,8,0
52465,6,19.47122063449069,16.875,11,0
52466,6,19.47122063449069,28.125,7,0
52467,6,19.47122063449069,39.375,15,0
52468,6,19.47122063449069,50.625,10,0
52469,6,19.47122063449069,61.875,16,0
52470,6,19.47122063449069,73.125,10,0
52471,6,19.47122063449069,84.375,5,0
52472,6,19.47122063449069,95.625,9,0
52473,6,19.47122063449069,106.875,8,0
52474,6,19.47122063449069,118.125,11,0
52475,6,19.47122063449069,129.375,9,0
52476,6,19.47122063449069,140.625,10,1
52477,6,19.47122063449069,151.875,11,0
52478,6,19.47122063449069,163.125,6,0
52479,6,19.47122063449069,174.375,9,0
52480,6,19.47122063449069,-174.375,7,0
52481,6,19.47122063449069,-163.125,2,0
52482,6,19.47122063449069,-151.875,11,0
52483,6,19.47122063449069,-140.625,10,0
52484,6,19.47122063449069,-129.37500000000006,9,1
52485,6,19.47122063449069,-118.125,12,0
52486,6,19.47122063449069,-106.875,10,0
52487,6,19.47122063449069,-95.625,14,0
52488,6,19.47122063449069,-84.375,13,0
52489,6,19.47122063449069,-73.12500000000006,10,0
52490,6,19.47122063449069,-61.875,14,0
52491,6,19.47122063449069,-50.625,13,0
52492,6,19.47122063449069,-39.375,16,0
52493,6,19.47122063449069,-28.125,10,0
52494,6,19.47122063449069,-16.875,13,0
52495,6,19.47122063449069,-5.625,9,0
52496,6,14.477512185929925,0.0,7,0
52497,6,14.477512185929925,11.25,8,0
52498,6,14.477512185929925,22.5,14,0
52499,6,14.477512185929925,33.75,16,0
52500,6,14.477512185929925,45.0,11,0
52501,6,14.477512185929925,56.25,9,0
52502,6,14.477512185929925,67.5,16,0
52503,6,14.477512185929925,78.75,6,0
52504,6,14.477512185929925,90.0,8,0
52505,6,14.477512185929925,101.25,13,0
52506,6,14.477512185929925,112.5,9,0
52507,6,14.477512185929925,123.75,6,0
52508,6,14.477512185929925,135.0,11,0
52509,6,14.477512185929925,146.25,14,0
52510,6,14.477512185929925,157.5,12,0
52511,6,14.477512185929925,168.75,11,0
52512,6,14.477512185929925,-180.0,8,0
52513,6,14.477512185929925,-168.75,7,0
52514,6,14.477512185929925,-157.5,10,0
52515,6,14.477512185929925,-146.25,10,1
52516,6,14.477512185929925,-135.0,8,0
52517,6,14.477512185929925,-123.75,12,0
52518,6,14.477512185929925,-112.5,15,0
52519,6,14.477512185929925,-101.25,10,0
52520,6,14.477512185929925,-90.0,12,0
52521,6,14.477512185929925,-78.75000000000006,8,0
52522,6,14.477512185929925,-67.5,15,0
52523,6,14.477512185929925,-56.25,13,0
52524,6,14.477512185929925,-45.0,22,0
52525,6,14.477512185929925,-33.75000000000006,10,0
52526,6,14.477512185929925,-22.5,9,0
52527,6,14.477512185929925,-11.25,14,0
52528,6,9.594068226860458,5.625,14,0
52529,6,9.594068226860458,16.875,8,0
52530,6,9.594068226860458,28.125,10,0
52531,6,9.594068226860458,39.375,16,4
52532,6,9.594068226860458,50.625,9,0
52533,6,9.594068226860458,61.875,5,0
52534,6,9.594068226860458,73.125,12,0
52535,6,9.594068226860458,84.375,6,1
52536,6,9.594068226860458,95.625,7,0
52537,6,9.594068226860458,106.875,13,1
52538,6,9.594068226860458,118.125,9,1
52539,6,9.594068226860458,129.375,7,0
52540,6,9.594068226860458,140.625,10,0
52541,6,9.594068226860458,151.875,13,0
52542,6,9.594068226860458,163.125,8,0
52543,6,9.594068226860458,174.375,12,0
52544,6,9.594068226860458,-174.375,14,0
52545,6,9.594068226860458,-163.125,13,0
52546,6,9.594068226860458,-151.875,14,1
52547,6,9.594068226860458,-140.625,14,0
52548,6,9.594068226860458,-129.37500000000006,9,0
52549,6,9.594068226860458,-118.125,14,0
52550,6,9.594068226860458,-106.875,15,0
52551,6,9.594068226860458,-95.625,13,0
52552,6,9.594068226860458,-84.375,13,0
52553,6,9.594068226860458,-73.12500000000006,10,0
52554,6,9.594068226860458,-61.875,12,0
52555,6,9.594068226860458,-50.625,14,0
52556,6,9.594068226860458,-39.375,15,2
52557,6,9.594068226860458,-28.125,13,0
52558,6,9.594068226860458,-16.875,9,0
52559,6,9.594068226860458,-5.625,10,0
52560,6,4.780191847199163,0.0,11,2
52561,6,4.780191847199163,11.25,10,0
52562,6,4.780191847199163,22.5,10,2
52563,6,4.780191847199163,33.75,10,5
52564,6,4.780191847199163,45.0,7,4
52565,6,4.780191847199163,56.25,9,2
52566,6,4.780191847199163,67.5,14,2
52567,6,4.780191847199163,78.75,3,2
52568,6,4.780191847199163,90.0,10,3
52569,6,4.780191847199163,101.25,10,5
52570,6,4.780191847199163,112.5,12,4
52571,6,4.780191847199163,123.75,10,2
52572,6,4.780191847199163,135.0,9,3
52573,6,4.780191847199163,146.25,9,1
52574,6,4.780191847199163,157.5,7,0
52575,6,4.780191847199163,168.75,9,2
52576,6,4.780191847199163,-180.0,16,1
52577,6,4.780191847199163,-168.75,19,2
52578,6,4.780191847199163,-157.5,10,2
52579,6,4.780191847199163,-146.25,17,0
52580,6,4.780191847199163,-135.0,9,1
52581,6,4.780191847199163,-123.75,8,5
52582,6,4.780191847199163,-112.5,11,1
52583,6,4.780191847199163,-101.25,17,1
52584,6,4.780191847199163,-90.0,9,2
52585,6,4.780191847199163,-78.75000000000006,9,2
52586,6,4.780191847199163,-67.5,10,0
52587,6,4.780191847199163,-56.25,17,2
52588,6,4.780191847199163,-45.0,10,3
52589,6,4.780191847199163,-33.75000000000006,8,3
52590,6,4.780191847199163,-22.5,14,1
52591,6,4.780191847199163,-11.25,10,0
52592,6,0.0,5.625,7,3
52593,6,0.0,16.875,9,4
52594,6,0.0,28.125,8,2
52595,6,0.0,39.375,10,3
52596,6,0.0,50.625,6,3
52597,6,0.0,61.875,10,2
52598,6,0.0,73.125,10,3
52599,6,0.0,84.375,7,3
52600,6,0.0,95.625,10,3
52601,6,0.0,106.875,15,5
52602,6,0.0,118.125,10,5
52603,6,0.0,129.375,17,3
52604,6,0.0,140.625,18,3
52605,6,0.0,151.875,10,2
52606,6,0.0,163.125,6,3
52607,6,0.0,174.375,6,4
52608,6,0.0,-174.375,12,2
52609,6,0.0,-163.125,13,5
52610,6,0.0,-151.875,12,3
52611,6,0.0,-140.625,13,1
52612,6,0.0,-129.37500000000006,5,4
52613,6,0.0,-118.125,6,5
52614,6,0.0,-106.875,16,2
52615,6,0.0,-95.625,6,7
52616,6,0.0,-84.375,7,2
52617,6,0.0,-73.12500000000006,4,2
52618,6,0.0,-61.875,16,3
52619,6,0.0,-50.625,11,1
52620,6,0.0,-39.375,8,3
52621,6,0.0,-28.125,6,4
52622,6,0.0,-16.875,10,3
52623,6,0.0,-5.625,14,1
52624,6,-4.780191847199163,0.0,9,0
52625,6,-4.780191847199163,11.25,12,1
52626,6,-4.780191847199163,22.5,10,2
52627,6,-4.780191847199163,33.75,8,0
52628,6,-4.780191847199163,45.0,16,1
52629,6,-4.780191847199163,56.25,14,2
52630,6,-4.780191847199163,67.5,11,3
52631,6,-4.780191847199163,78.75,10,1
52632,6,-4.780191847199163,90.0,7,2
52633,6,-4.780191847199163,101.25,15,3
52634,6,-4.780191847199163,112.5,13,1
52635,6,-4.780191847199163,123.75,12,3
52636,6,-4.780191847199163,135.0,19,0
52637,6,-4.780191847199163,146.25,15,1
52638,6,-4.780191847199163,157.5,12,1
52639,6,-4.780191847199163,168.75,6,2
52640,6,-4.780191847199163,-180.0,10,3
52641,6,-4.780191847199163,-168.75,15,3
52642,6,-4.780191847199163,-157.5,9,2
52643,6,-4.780191847199163,-146.25,19,0
52644,6,-4.780191847199163,-135.0,7,2
52645,6,-4.780191847199163,-123.75,10,3
52646,6,-4.780191847199163,-112.5,9,3
52647,6,-4.780191847199163,-101.25,10,2
52648,6,-4.780191847199163,-90.0,8,2
52649,6,-4.780191847199163,-78.75000000000006,8,0
52650,6,-4.780191847199163,-67.5,7,2
52651,6,-4.780191847199163,-56.25,6,2
52652,6,-4.780191847199163,-45.0,12,1
52653,6,-4.780191847199163,-33.75000000000006,6,0
52654,6,-4.780191847199163,-22.5,13,3
52655,6,-4.780191847199163,-11.25,16,3
52656,6,-9.594068226860458,5.625,15,0
52657,6,-9.594068226860458,16.875,10,1
52658,6,-9.594068226860458,28.125,10,0
52659,6,-9.594068226860458,39.375,11,0
52660,6,-9.594068226860458,50.625,14,0
52661,6,-9.594068226860458,61.875,16,0
52662,6,-9.594068226860458,73.125,8,0
52663,6,-9.594068226860458,84.375,10,0
52664,6,-9.594068226860458,95.625,13,0
52665,6,-9.594068226860458,106.875,15,0
52666,6,-9.594068226860458,118.125,10,0
52667,6,-9.594068226860458,129.375,8,0
52668,6,-9.594068226860458,140.625,19,1
52669,6,-9.594068226860458,151.875,6,0
52670,6,-9.594068226860458,163.125,12,1
52671,6,-9.594068226860458,174.375,12,0
52672,6,-9.594068226860458,-174.375,9,0
52673,6,-9.594068226860458,-163.125,16,1
52674,6,-9.594068226860458,-151.875,10,0
52675,6,-9.594068226860458,-140.625,10,0
52676,6,-9.594068226860458,-129.37500000000006,10,0
52677,6,-9.594068226860458,-118.125,13,1
52678,6,-9.594068226860458,-106.875,11,0
52679,6,-9.594068226860458,-95.625,10,0
52680,6,-9.594068226860458,-84.375,12,0
52681,6,-9.594068226860458,-73.12500000000006,10,0
52682,6,-9.594068226860458,-61.875,9,0
52683,6,-9.594068226860458,-50.625,12,1
52684,6,-9.594068226860458,-39.375,8,0
52685,6,-9.594068226860458,-28.125,13,0
52686,6,-9.594068226860458,-16.875,12,3
52687,6,-9.594068226860458,-5.625,11,0
52688,6,-14.477512185929925,0.0,14,0
52689,6,-14.477512185929925,11.25,15,1
52690,6,-14.477512185929925,22.5,10,0
52691,6,-14.477512185929925,33.75,12,0
52692,6,-14.477512185929925,45.0,10,0
52693,6,-14.477512185929925,56.25,11,0
52694,6,-14.477512185929925,67.5,13,0
52695,6,-14.477512185929925,78.75,11,0
52696,6,-14.477512185929925,90.0,9,0
52697,6,-14.477512185929925,101.25,8,0
52698,6,-14.477512185929925,112.5,14,0
52699,6,-14.477512185929925,123.75,8,0
52700,6,-14.477512185929925,135.0,8,0
52701,6,-14.477512185929925,146.25,9,1
52702,6,-14.477512185929925,157.5,12,0
52703,6,-14.477512185929925,168.75,10,0
52704,6,-14.477512185929925,-180.0,11,0
52705,6,-14.477512185929925,-168.75,8,0
52706,6,-14.477512185929925,-157.5,12,0
52707,6,-14.477512185929925,-146.25,8,0
52708,6,-14.477512185929925,-135.0,9,0
52709,6,-14.477512185929925,-123.75,18,0
52710,6,-14.477512185929925,-112.5,11,0
52711,6,-14.477512185929925,-101.25,12,0
52712,6,-14.477512185929925,-90.0,11,0
52713,6,-14.477512185929925,-78.75000000000006,13,0
52714,6,-14.477512185929925,-67.5,9,0
52715,6,-14.477512185929925,-56.25,11,0
52716,6,-14.477512185929925,-45.0,15,0
52717,6,-14.477512185929925,-33.75000000000006,15,0
52718,6,-14.477512185929925,-22.5,15,0
52719,6,-14.477512185929925,-11.25,7,1
52720,6,-19.47122063449069,5.625,14,0
52721,6,-19.47122063449069,16.875,14,0
52722,6,-19.47122063449069,28.125,10,0
52723,6,-19.47122063449069,39.375,7,0
52724,6,-19.47122063449069,50.625,10,0
52725,6,-19.47122063449069,61.875,9,0
52726,6,-19.47122063449069,73.125,12,0
52727,6,-19.47122063449069,84.375,17,0
52728,6,-19.47122063449069,95.625,6,0
52729,6,-19.47122063449069,106.875,11,0
52730,6,-19.47122063449069,118.125,13,0
52731,6,-19.47122063449069,129.375,6,0
52732,6,-19.47122063449069,140.625,9,0
52733,6,-19.47122063449069,151.875,5,0
52734,6,-19.47122063449069,163.125,12,0
52735,6,-19.47122063449069,174.375,10,0
52736,6,-19.47122063449069,-174.375,16,0
52737,6,-19.47122063449069,-163.125,9,0
52738,6,-19.47122063449069,-151.875,7,0
52739,6,-19.47122063449069,-140.625,12,0
52740,6,-19.47122063449069,-129.37500000000006,4,0
52741,6,-19.47122063449069,-118.125,19,0
52742,6,-19.47122063449069,-106.875,10,0
52743,6,-19.47122063449069,-95.625,11,0
52744,6,-19.47122063449069,-84.375,9,0
52745,6,-19.47122063449069,-73.12500000000006,11,0
52746,6,-19.47122063449069,-61.875,7,0
52747,6,-19.47122063449069,-50.625,15,0
52748,6,-19.47122063449069,-39.375,13,0
52749,6,-19.47122063449069,-28.125,15,0
52750,6,-19.47122063449069,-16.875,11,0
52751,6,-19.47122063449069,-5.625,8,0
52752,6,-24.62431835216408,0.0,11,0
52753,6,-24.62431835216408,11.25,12,0
52754,6,-24.62431835216408,22.5,9,0
52755,6,-24.62431835216408,33.75,9,0
52756,6,-24.62431835216408,45.0,5,0
52757,6,-24.62431835216408,56.25,9,0
52758,6,-24.62431835216408,67.5,8,0
52759,6,-24.62431835216408,78.75,9,0
52760,6,-24.62431835216408,90.0,12,0
52761,6,-24.62431835216408,101.25,8,0
52762,6,-24.62431835216408,112.5,12,0
52763,6,-24.62431835216408,123.75,10,0
52764,6,-24.62431835216408,135.0,13,0
52765,6,-24.62431835216408,146.25,9,0
52766,6,-24.62431835216408,157.5,14,0
52767,6,-24.62431835216408,168.75,11,0
52768,6,-24.62431835216408,-180.0,12,0
52769,6,-24.62431835216408,-168.75,12,0
52770,6,-24.62431835216408,-157.5,7,0
52771,6,-24.62431835216408,-146.25,8,0
52772,6,-24.62431835216408,-135.0,10,0
52773,6,-24.62431835216408,-123.75,13,0
52774,6,-24.62431835216408,-112.5,17,0
52775,6,-24.62431835216408,-101.25,12,0
52776,6,-24.62431835216408,-90.0,12,0
52777,6,-24.62431835216408,-78.75000000000006,5,0
52778,6,-24.62431835216408,-67.5,9,0
52779,6,-24.62431835216408,-56.25,12,0
52780,6,-24.62431835216408,-45.0,6,0
52781,6,-24.62431835216408,-33.75000000000006,12,0
52782,6,-24.62431835216408,-22.5,14,0
52783,6,-24.62431835216408,-11.25,9,0
52784,6,-30.000000000000014,5.625,12,0
52785,6,-30.000000000000014,16.875,5,0
52786,6,-30.000000000000014,28.125,13,0
52787,6,-30.000000000000014,39.375,4,0
52788,6,-30.000000000000014,50.625,10,0
52789,6,-30.000000000000014,61.875,11,0
52790,6,-30.000000000000014,73.125,8,0
52791,6,-30.000000000000014,84.375,14,0
52792,6,-30.000000000000014,95.625,11,0
52793,6,-30.000000000000014,106.875,7,0
52794,6,-30.000000000000014,118.125,6,0
52795,6,-30.000000000000014,129.375,14,0
52796,6,-30.000000000000014,140.625,15,0
52797,6,-30.000000000000014,151.875,19,0
52798,6,-30.000000000000014,163.125,9,0
52799,6,-30.000000000000014,174.375,11,0
52800,6,-30.000000000000014,-174.375,5,0
52801,6,-30.000000000000014,-163.125,16,0
52802,6,-30.000000000000014,-151.875,10,0
52803,6,-30.000000000000014,-140.625,5,0
52804,6,-30.000000000000014,-129.37500000000006,9,0
52805,6,-30.000000000000014,-118.125,11,0
52806,6,-30.000000000000014,-106.875,12,0
52807,6,-30.000000000000014,-95.625,12,0
52808,6,-30.000000000000014,-84.375,8,0
52809,6,-30.000000000000014,-73.12500000000006,10,0
52810,6,-30.000000000000014,-61.875,3,0
52811,6,-30.000000000000014,-50.625,13,0
52812,6,-30.000000000000014,-39.375,3,0
52813,6,-30.000000000000014,-28.125,13,0
52814,6,-30.000000000000014,-16.875,11,0
52815,6,-30.000000000000014,-5.625,8,0
52816,6,-35.68533471265205,0.0,12,0
52817,6,-35.68533471265205,11.25,14,0
52818,6,-35.68533471265205,22.5,9,0
52819,6,-35.68533471265205,33.75,6,0
52820,6,-35.68533471265205,45.0,10,0
52821,6,-35.68533471265205,56.25,11,0
52822,6,-35.68533471265205,67.5,8,0
52823,6,-35.68533471265205,78.75,12,0
52824,6,-35.68533471265205,90.0,13,0
52825,6,-35.68533471265205,101.25,14,0
52826,6,-35.68533471265205,112.5,15,0
52827,6,-35.68533471265205,123.75,5,0
52828,6,-35.68533471265205,135.0,12,0
52829,6,-35.68533471265205,146.25,18,0
52830,6,-35.68533471265205,157.5,11,0
52831,6,-35.68533471265205,168.75,15,0
52832,6,-35.68533471265205,-180.0,9,0
52833,6,-35.68533471265205,-168.75,15,0
52834,6,-35.68533471265205,-157.5,9,0
52835,6,-35.68533471265205,-146.25,9,0
52836,6,-35.68533471265205,-135.0,6,0
52837,6,-35.68533471265205,-123.75,10,0
52838,6,-35.68533471265205,-112.5,11,0
52839,6,-35.68533471265205,-101.25,15,0
52840,6,-35.68533471265205,-90.0,14,0
52841,6,-35.68533471265205,-78.75000000000006,11,0
52842,6,-35.68533471265205,-67.5,3,0
52843,6,-35.68533471265205,-56.25,5,0
52844,6,-35.68533471265205,-45.0,10,0
52845,6,-35.68533471265205,-33.75000000000006,5,0
52846,6,-35.68533471265205,-22.5,11,0
52847,6,-35.68533471265205,-11.25,6,0
52848,6,-41.81031489577862,5.625,19,0
52849,6,-41.81031489577862,16.875,16,0
52850,6,-41.81031489577862,28.125,12,0
52851,6,-41.81031489577862,39.375,12,0
52852,6,-41.81031489577862,50.625,11,0
52853,6,-41.81031489577862,61.875,11,0
52854,6,-41.81031489577862,73.125,9,0
52855,6,-41.81031489577862,84.375,12,0
52856,6,-41.81031489577862,95.625,14,0
52857,6,-41.81031489577862,106.875,11,0
52858,6,-41.81031489577862,118.125,6,0
52859,6,-41.81031489577862,129.375,7,0
52860,6,-41.81031489577862,140.625,13,0
52861,6,-41.81031489577862,151.875,16,0
52862,6,-41.81031489577862,163.125,9,0
52863,6,-41.81031489577862,174.375,13,0
52864,6,-41.81031489577862,-174.375,12,0
52865,6,-41.81031489577862,-163.125,17,0
52866,6,-41.81031489577862,-151.875,13,0
52867,6,-41.81031489577862,-140.625,13,0
52868,6,-41.81031489577862,-129.37500000000006,17,0
52869,6,-41.81031489577862,-118.125,9,0
52870,6,-41.81031489577862,-106.875,7,0
52871,6,-41.81031489577862,-95.625,12,0
52872,6,-41.81031489577862,-84.375,8,0
52873,6,-41.81031489577862,-73.12500000000006,5,0
52874,6,-41.81031489577862,-61.875,7,0
52875,6,-41.81031489577862,-50.625,10,0
52876,6,-41.81031489577862,-39.375,12,0
52877,6,-41.81031489577862,-28.125,9,0
52878,6,-41.81031489577862,-16.875,6,0
52879,6,-41.81031489577862,-5.625,12,0
52880,6,-48.1412077943603,6.428571428571416,14,0
52881,6,-48.1412077943603,19.285714285714278,13,0
52882,6,-48.1412077943603,32.14285714285714,8,0
52883,6,-48.1412077943603,45.0,12,0
52884,6,-48.1412077943603,57.85714285714286,8,0
52885,6,-48.1412077943603,70.71428571428572,14,0
52886,6,-48.1412077943603,83.57142857142856,15,0
52887,6,-48.1412077943603,96.42857142857144,10,0
52888,6,-48.1412077943603,109.28571428571428,8,0
52889,6,-48.1412077943603,122.14285714285711,5,0
52890,6,-48.1412077943603,135.0,7,0
52891,6,-48.1412077943603,147.8571428571429,13,0
52892,6,-48.1412077943603,160.71428571428572,8,0
52893,6,-48.1412077943603,173.57142857142856,11,0
52894,6,-48.1412077943603,-173.57142857142856,15,0
52895,6,-48.1412077943603,-160.71428571428572,16,0
52896,6,-48.1412077943603,-147.8571428571429,16,0
52897,6,-48.1412077943603,-135.0,16,0
52898,6,-48.1412077943603,-122.14285714285711,10,0
52899,6,-48.1412077943603,-109.28571428571428,5,0
52900,6,-48.1412077943603,-96.42857142857144,8,0
52901,6,-48.1412077943603,-83.57142857142856,4,0
52902,6,-48.1412077943603,-70.71428571428572,13,0
52903,6,-48.1412077943603,-57.85714285714283,13,0
52904,6,-48.1412077943603,-45.0,8,0
52905,6,-48.1412077943603,-32.14285714285717,10,0
52906,6,-48.1412077943603,-19.28571428571422,12,0
52907,6,-48.1412077943603,-6.428571428571445,18,0
52908,6,-54.340912303861245,7.5,9,0
52909,6,-54.340912303861245,22.5,14,0
52910,6,-54.340912303861245,37.5,10,0
52911,6,-54.340912303861245,52.5,7,0
52912,6,-54.340912303861245,67.5,14,0
52913,6,-54.340912303861245,82.5,14,0
52914,6,-54.340912303861245,97.5,10,0
52915,6,-54.340912303861245,112.5,5,0
52916,6,-54.340912303861245,127.5,7,0
52917,6,-54.340912303861245,142.5,12,0
52918,6,-54.340912303861245,157.5,14,0
52919,6,-54.340912303861245,172.5,12,0
52920,6,-54.340912303861245,-172.5,10,0
52921,6,-54.340912303861245,-157.5,10,0
52922,6,-54.340912303861245,-142.5,10,0
52923,6,-54.340912303861245,-127.5,6,0
52924,6,-54.340912303861245,-112.5,5,0
52925,6,-54.340912303861245,-97.5,8,0
52926,6,-54.340912303861245,-82.5,12,0
52927,6,-54.340912303861245,-67.5,13,0
52928,6,-54.340912303861245,-52.50000000000006,5,0
52929,6,-54.340912303861245,-37.5,10,0
52930,6,-54.340912303861245,-22.5,8,0
52931,6,-54.340912303861245,-7.5,10,0
52932,6,-60.4344388449523,9.0,11,0
52933,6,-60.4344388449523,27.0,13,0
52934,6,-60.4344388449523,45.0,11,0
52935,6,-60.4344388449523,63.0,9,0
52936,6,-60.4344388449523,81.0,13,0
52937,6,-60.4344388449523,99.0,7,0
52938,6,-60.4344388449523,117.0,5,0
52939,6,-60.4344388449523,135.0,11,0
52940,6,-60.4344388449523,153.0,18,0
52941,6,-60.4344388449523,171.0,15,0
52942,6,-60.4344388449523,-171.0,18,0
52943,6,-60.4344388449523,-153.0,8,0
52944,6,-60.4344388449523,-135.0,8,0
52945,6,-60.4344388449523,-117.0,7,0
52946,6,-60.4344388449523,-99.0,7,0
52947,6,-60.4344388449523,-81.0,16,0
52948,6,-60.4344388449523,-63.0,17,0
52949,6,-60.4344388449523,-45.0,10,0
52950,6,-60.4344388449523,-27.0,13,0
52951,6,-60.4344388449523,-9.0,10,0
52952,6,-66.44353569089876,11.25,7,0
52953,6,-66.44353569089876,33.75,14,0
52954,6,-66.44353569089876,56.25,16,0
52955,6,-66.44353569089876,78.75,15,0
52956,6,-66.44353569089876,101.25,6,0
52957,6,-66.44353569089876,123.75,11,1
52958,6,-66.44353569089876,146.25,11,0
52959,6,-66.44353569089876,168.75,18,0
52960,6,-66.44353569089876,-168.75,12,0
52961,6,-66.44353569089876,-146.25,9,0
52962,6,-66.44353569089876,-123.75,8,0
52963,6,-66.44353569089876,-101.25,11,0
52964,6,-66.44353569089876,-78.75,12,0
52965,6,-66.44353569089876,-56.25,16,0
52966,6,-66.44353569089876,-33.75,13,0
52967,6,-66.44353569089876,-11.25,10,0
52968,6,-72.38756092964962,15.0,9,0
52969,6,-72.38756092964962,45.0,19,0
52970,6,-72.38756092964962,75.0,11,0
52971,6,-72.38756092964962,105.0,8,0
52972,6,-72.38756092964962,135.0,15,0
52973,6,-72.38756092964962,165.0,19,0
52974,6,-72.38756092964962,-165.0,8,0
52975,6,-72.38756092964962,-135.0,10,0
52976,6,-72.38756092964962,-105.0,9,0
52977,6,-72.38756092964962,-75.0,8,0
52978,6,-72.38756092964962,-45.0,11,0
52979,6,-72.38756092964962,-15.0,11,0
52980,6,-78.28414760510762,22.5,8,0
52981,6,-78.28414760510762,67.5,9,0
52982,6,-78.28414760510762,112.5,14,0
52983,6,-78.28414760510762,157.5,14,0
52984,6,-78.28414760510762,-157.5,9,0
52985,6,-78.28414760510762,-112.5,9,0
52986,6,-78.28414760510762,-67.5,16,0
52987,6,-78.28414760510762,-22.5,13,0
52988,6,-84.14973293629666,45.0,5,0
52989,6,-84.14973293629666,135.0,7,0
52990,6,-84.14973293629666,-135.0,7,0
52991,6,-84.14973293629666,-45.0,8,0
52992,6,84.14973293629666,45.0,13,0
52993,6,84.14973293629666,135.0,8,0
52994,6,84.14973293629666,-135.0,14,0
52995,6,84.14973293629666,-45.0,9,0
52996,6,78.28414760510762,22.5,12,0
52997,6,78.28414760510762,67.5,11,0
52998,6,78.28414760510762,112.5,5,0
52999,6,78.28414760510762,157.5,5,0
53000,6,78.28414760510762,-157.5,9,0
53001,6,78.28414760510762,-112.5,13,0
53002,6,78.28414760510762,-67.5,10,0
53003,6,78.28414760510762,-22.5,10,0
53004,6,72.38756092964962,15.0,7,0
53005,6,72.38756092964962,45.0,9,0
53006,6,72.38756092964962,75.0,8,0
53007,6,72.38756092964962,105.0,5,0
53008,6,72.38756092964962,135.0,12,0
53009,6,72.38756092964962,165.0,5,0
53010,6,72.38756092964962,-165.0,8,0
53011,6,72.38756092964962,-135.0,3,0
53012,6,72.38756092964962,-105.0,12,0
53013,6,72.38756092964962,-75.0,15,0
53014,6,72.38756092964962,-45.0,7,0
53015,6,72.38756092964962,-15.0,14,0
53016,6,66.44353569089877,11.25,9,0
53017,6,66.44353569089877,33.75,4,0
53018,6,66.44353569089877,56.25,10,0
53019,6,66.44353569089877,78.75,9,0
53020,6,66.44353569089877,101.25,10,0
53021,6,66.44353569089877,123.75,9,0
53022,6,66.44353569089877,146.25,8,0
53023,6,66.44353569089877,168.75,5,0
53024,6,66.44353569089877,-168.75,8,0
53025,6,66.44353569089877,-146.25,6,0
53026,6,66.44353569089877,-123.75,6,0
53027,6,66.44353569089877,-101.25,18,0
53028,6,66.44353569089877,-78.75,10,0
53029,6,66.44353569089877,-56.25,14,0
53030,6,66.44353569089877,-33.75,13,0
53031,6,66.44353569089877,-11.25,11,0
53032,6,60.43443884495228,9.0,13,0
53033,6,60.43443884495228,27.0,10,0
53034,6,60.43443884495228,45.0,14,0
53035,6,60.43443884495228,63.0,18,0
53036,6,60.43443884495228,81.0,12,0
53037,6,60.43443884495228,99.0,9,0
53038,6,60.43443884495228,117.0,6,0
53039,6,60.43443884495228,135.0,11,0
53040,6,60.43443884495228,153.0,15,0
53041,6,60.43443884495228,171.0,10,0
53042,6,60.43443884495228,-171.0,13,0
53043,6,60.43443884495228,-153.0,9,0
53044,6,60.43443884495228,-135.0,13,0
53045,6,60.43443884495228,-117.0,6,0
53046,6,60.43443884495228,-99.0,23,0
53047,6,60.43443884495228,-81.0,13,0
53048,6,60.43443884495228,-63.0,11,0
53049,6,60.43443884495228,-45.0,14,0
53050,6,60.43443884495228,-27.0,16,0
53051,6,60.43443884495228,-9.0,10,0
53052,6,54.340912303861245,7.5,10,0
53053,6,54.340912303861245,22.5,10,0
53054,6,54.340912303861245,37.5,14,0
53055,6,54.340912303861245,52.5,20,0
53056,6,54.340912303861245,67.5,18,0
53057,6,54.340912303861245,82.5,5,0
53058,6,54.340912303861245,97.5,5,0
53059,6,54.340912303861245,112.5,8,0
53060,6,54.340912303861245,127.5,7,0
53061,6,54.340912303861245,142.5,10,0
53062,6,54.340912303861245,157.5,12,0
53063,6,54.340912303861245,172.5,9,0
53064,6,54.340912303861245,-172.5,7,0
53065,6,54.340912303861245,-157.5,10,0
53066,6,54.340912303861245,-142.5,13,0
53067,6,54.340912303861245,-127.5,7,0
53068,6,54.340912303861245,-112.5,14,0
53069,6,54.340912303861245,-97.5,11,0
53070,6,54.340912303861245,-82.5,13,0
53071,6,54.340912303861245,-67.5,12,0
53072,6,54.340912303861245,-52.50000000000006,7,0
53073,6,54.340912303861245,-37.5,6,0
53074,6,54.340912303861245,-22.5,10,0
53075,6,54.340912303861245,-7.5,11,0
53076,6,48.141207794360284,6.428571428571416,8,0
53077,6,48.141207794360284,19.285714285714278,7,0
53078,6,48.141207794360284,32.14285714285714,7,0
53079,6,48.141207794360284,45.0,12,0
53080,6,48.141207794360284,57.85714285714286,11,0
53081,6,48.141207794360284,70.71428571428572,14,0
53082,6,48.141207794360284,83.57142857142856,8,0
53083,6,48.141207794360284,96.42857142857144,13,0
53084,6,48.141207794360284,109.28571428571428,10,0
53085,6,48.141207794360284,122.14285714285711,8,0
53086,6,48.141207794360284,135.0,11,0
53087,6,48.141207794360284,147.8571428571429,14,0
53088,6,48.141207794360284,160.71428571428572,2,0
53089,6,48.141207794360284,173.57142857142856,6,0
53090,6,48.141207794360284,-173.57142857142856,7,0
53091,6,48.141207794360284,-160.71428571428572,9,0
53092,6,48.141207794360284,-147.8571428571429,8,0
53093,6,48.141207794360284,-135.0,8,0
53094,6,48.141207794360284,-122.14285714285711,12,0
53095,6,48.141207794360284,-109.28571428571428,9,0
53096,6,48.141207794360284,-96.42857142857144,11,0
53097,6,48.141207794360284,-83.57142857142856,11,0
53098,6,48.141207794360284,-70.71428571428572,10,0
53099,6,48.141207794360284,-57.85714285714283,8,0
53100,6,48.141207794360284,-45.0,10,0
53101,6,48.141207794360284,-32.14285714285717,7,0
53102,6,48.141207794360284,-19.28571428571422,9,0
53103,6,48.141207794360284,-6.428571428571445,8,0
53104,6,41.81031489577859,5.625,11,0
53105,6,41.81031489577859,16.875,9,0
53106,6,41.81031489577859,28.125,6,0
53107,6,41.81031489577859,39.375,18,0
53108,6,41.81031489577859,50.625,12,0
53109,6,41.81031489577859,61.875,14,0
53110,6,41.81031489577859,73.125,13,0
53111,6,41.81031489577859,84.375,10,0
53112,6,41.81031489577859,95.625,12,0
53113,6,41.81031489577859,106.875,14,0
53114,6,41.81031489577859,118.125,14,0
53115,6,41.81031489577859,129.375,11,0
53116,6,41.81031489577859,140.625,11,0
53117,6,41.81031489577859,151.875,12,0
53118,6,41.81031489577859,163.125,8,0
53119,6,41.81031489577859,174.375,12,0
53120,6,41.81031489577859,-174.375,7,0
53121,6,41.81031489577859,-163.125,13,0
53122,6,41.81031489577859,-151.875,9,0
53123,6,41.81031489577859,-140.625,9,0
53124,6,41.81031489577859,-129.37500000000006,17,0
53125,6,41.81031489577859,-118.125,15,0
53126,6,41.81031489577859,-106.875,5,0
53127,6,41.81031489577859,-95.625,15,0
53128,6,41.81031489577859,-84.375,13,0
53129,6,41.81031489577859,-73.12500000000006,12,0
53130,6,41.81031489577859,-61.875,10,0
53131,6,41.81031489577859,-50.625,13,0
53132,6,41.81031489577859,-39.375,11,0
53133,6,41.81031489577859,-28.125,10,0
53134,6,41.81031489577859,-16.875,11,0
53135,6,41.81031489577859,-5.625,11,0
53136,6,35.68533471265204,0.0,15,0
53137,6,35.68533471265204,11.25,10,0
53138,6,35.68533471265204,22.5,10,0
53139,6,35.68533471265204,33.75,9,0
53140,6,35.68533471265204,45.0,14,0
53141,6,35.68533471265204,56.25,15,0
53142,6,35.68533471265204,67.5,14,0
53143,6,35.68533471265204,78.75,8,0
53144,6,35.68533471265204,90.0,12,0
53145,6,35.68533471265204,101.25,13,0
53146,6,35.68533471265204,112.5,9,0
53147,6,35.68533471265204,123.75,11,0
53148,6,35.68533471265204,135.0,5,0
53149,6,35.68533471265204,146.25,9,0
53150,6,35.68533471265204,157.5,12,0
53151,6,35.68533471265204,168.75,8,0
53152,6,35.68533471265204,-180.0,10,0
53153,6,35.68533471265204,-168.75,7,0
53154,6,35.68533471265204,-157.5,12,0
53155,6,35.68533471265204,-146.25,8,0
53156,6,35.68533471265204,-135.0,10,0
53157,6,35.68533471265204,-123.75,15,0
53158,6,35.68533471265204,-112.5,13,0
53159,6,35.68533471265204,-101.25,12,0
53160,6,35.68533471265204,-90.0,14,0
53161,6,35.68533471265204,-78.75000000000006,17,0
53162,6,35.68533471265204,-67.5,10,0
53163,6,35.68533471265204,-56.25,11,0
53164,6,35.68533471265204,-45.0,10,0
53165,6,35.68533471265204,-33.75000000000006,11,0
53166,6,35.68533471265204,-22.5,11,0
53167,6,35.68533471265204,-11.25,18,0
53168,6,30.000000000000007,5.625,20,0
53169,6,30.000000000000007,16.875,6,0
53170,6,30.000000000000007,28.125,8,0
53171,6,30.000000000000007,39.375,13,0
53172,6,30.000000000000007,50.625,16,0
53173,6,30.000000000000007,61.875,15,0
53174,6,30.000000000000007,73.125,7,0
53175,6,30.000000000000007,84.375,14,0
53176,6,30.000000000000007,95.625,12,0
53177,6,30.000000000000007,106.875,7,0
53178,6,30.000000000000007,118.125,8,0
53179,6,30.000000000000007,129.375,7,0
53180,6,30.000000000000007,140.625,4,0
53181,6,30.000000000000007,151.875,8,0
53182,6,30.000000000000007,163.125,8,0
53183,6,30.000000000000007,174.375,13,0
53184,6,30.000000000000007,-174.375,8,0
53185,6,30.000000000000007,-163.125,6,0
53186,6,30.000000000000007,-151.875,12,0
53187,6,30.000000000000007,-140.625,9,0
53188,6,30.000000000000007,-129.37500000000006,9,0
53189,6,30.000000000000007,-118.125,10,0
53190,6,30.000000000000007,-106.875,16,0
53191,6,30.000000000000007,-95.625,15,0
53192,6,30.000000000000007,-84.375,9,0
53193,6,30.000000000000007,-73.12500000000006,11,0
53194,6,30.000000000000007,-61.875,8,0
53195,6,30.000000000000007,-50.625,7,0
53196,6,30.000000000000007,-39.375,8,0
53197,6,30.000000000000007,-28.125,10,0
53198,6,30.000000000000007,-16.875,21,0
53199,6,30.000000000000007,-5.625,14,0
53200,6,24.62431835216408,0.0,19,0
53201,6,24.62431835216408,11.25,6,0
53202,6,24.62431835216408,22.5,10,0
53203,6,24.62431835216408,33.75,10,0
53204,6,24.62431835216408,45.0,15,0
53205,6,24.62431835216408,56.25,16,0
53206,6,24.62431835216408,67.5,13,0
53207,6,24.62431835216408,78.75,7,0
53208,6,24.62431835216408,90.0,10,0
53209,6,24.62431835216408,101.25,11,0
53210,6,24.62431835216408,112.5,5,0
53211,6,24.62431835216408,123.75,11,0
53212,6,24.62431835216408,135.0,9,1
53213,6,24.62431835216408,146.25,5,0
53214,6,24.62431835216408,157.5,9,0
53215,6,24.62431835216408,168.75,14,0
53216,6,24.62431835216408,-180.0,15,0
53217,6,24.62431835216408,-168.75,5,0
53218,6,24.62431835216408,-157.5,10,0
53219,6,24.62431835216408,-146.25,6,0
53220,6,24.62431835216408,-135.0,14,0
53221,6,24.62431835216408,-123.75,9,1
53222,6,24.62431835216408,-112.5,10,0
53223,6,24.62431835216408,-101.25,18,0
53224,6,24.62431835216408,-90.0,7,0
53225,6,24.62431835216408,-78.75000000000006,12,0
53226,6,24.62431835216408,-67.5,7,0
53227,6,24.62431835216408,-56.25,6,0
53228,6,24.62431835216408,-45.0,12,0
53229,6,24.62431835216408,-33.75000000000006,12,0
53230,6,24.62431835216408,-22.5,18,0
53231,6,24.62431835216408,-11.25,12,0
53232,6,19.47122063449069,5.625,8,0
53233,6,19.47122063449069,16.875,11,0
53234,6,19.47122063449069,28.125,7,0
53235,6,19.47122063449069,39.375,15,0
53236,6,19.47122063449069,50.625,10,0
53237,6,19.47122063449069,61.875,16,0
53238,6,19.47122063449069,73.125,10,0
53239,6,19.47122063449069,84.375,5,0
53240,6,19.47122063449069,95.625,9,0
53241,6,19.47122063449069,106.875,8,0
53242,6,19.47122063449069,118.125,11,0
53243,6,19.47122063449069,129.375,9,0
53244,6,19.47122063449069,140.625,10,1
53245,6,19.47122063449069,151.875,11,0
53246,6,19.47122063449069,163.125,6,0
53247,6,19.47122063449069,174.375,9,0
53248,6,19.47122063449069,-174.375,7,0
53249,6,19.47122063449069,-163.125,2,0
53250,6,19.47122063449069,-151.875,11,0
53251,6,19.47122063449069,-140.625,10,0
53252,6,19.47122063449069,-129.37500000000006,9,1
53253,6,19.47122063449069,-118.125,12,0
53254,6,19.47122063449069,-106.875,10,0
53255,6,19.47122063449069,-95.625,14,0
53256,6,19.47122063449069,-84.375,13,0
53257,6,19.47122063449069,-73.12500000000006,10,0
53258,6,19.47122063449069,-61.875,14,0
53259,6,19.47122063449069,-50.625,13,0
53260,6,19.47122063449069,-39.375,16,0
53261,6,19.47122063449069,-28.125,10,0
53262,6,19.47122063449069,-16.875,13,0
53263,6,19.47122063449069,-5.625,9,0
53264,6,14.477512185929925,0.0,7,0
53265,6,14.477512185929925,11.25,8,0
53266,6,14.477512185929925,22.5,14,0
53267,6,14.477512185929925,33.75,16,0
53268,6,14.477512185929925,45.0,11,0
53269,6,14.477512185929925,56.25,9,0
53270,6,14.477512185929925,67.5,16,0
53271,6,14.477512185929925,78.75,6,0
53272,6,14.477512185929925,90.0,8,0
53273,6,14.477512185929925,101.25,13,0
53274,6,14.477512185929925,112.5,9,0
53275,6,14.477512185929925,123.75,6,0
53276,6,14.477512185929925,135.0,11,0
53277,6,14.477512185929925,146.25,14,0
53278,6,14.477512185929925,157.5,12,0
53279,6,14.477512185929925,168.75,11,0
53280,6,14.477512185929925,-180.0,8,0
53281,6,14.477512185929925,-168.75,7,0
53282,6,14.477512185929925,-157.5,10,0
53283,6,14.477512185929925,-146.25,10,1
53284,6,14.477512185929925,-135.0,8,0
53285,6,14.477512185929925,-123.75,12,0
53286,6,14.477512185929925,-112.5,15,0
53287,6,14.477512185929925,-101.25,10,0
53288,6,14.477512185929925,-90.0,12,0
53289,6,14.477512185929925,-78.75000000000006,8,0
53290,6,14.477512185929925,-67.5,15,0
53291,6,14.477512185929925,-56.25,13,0
53292,6,14.477512185929925,-45.0,22,0
53293,6,14.477512185929925,-33.75000000000006,10,0
53294,6,14.477512185929925,-22.5,9,0
53295,6,14.477512185929925,-11.25,14,0
53296,6,9.594068226860458,5.625,14,0
53297,6,9.594068226860458,16.875,8,0
53298,6,9.594068226860458,28.125,10,0
53299,6,9.594068226860458,39.375,16,4
53300,6,9.594068226860458,50.625,9,0
53301,6,9.594068226860458,61.875,5,0
53302,6,9.594068226860458,73.125,12,0
53303,6,9.594068226860458,84.375,6,1
53304,6,9.594068226860458,95.625,7,0
53305,6,9.594068226860458,106.875,13,1
53306,6,9.594068226860458,118.125,9,1
53307,6,9.594068226860458,129.375,7,0
53308,6,9.594068226860458,140.625,10,0
53309,6,9.594068226860458,151.875,13,0
53310,6,9.594068226860458,163.125,8,0
53311,6,9.594068226860458,174.375,12,0
53312,6,9.594068226860458,-174.375,14,0
53313,6,9.594068226860458,-163.125,13,0
53314,6,9.594068226860458,-151.875,14,1
53315,6,9.594068226860458,-140.625,14,0
53316,6,9.594068226860458,-129.37500000000006,9,0
53317,6,9.594068226860458,-118.125,14,0
53318,6,9.594068226860458,-106.875,15,0
53319,6,9.594068226860458,-95.625,13,0
53320,6,9.594068226860458,-84.375,13,0
53321,6,9.594068226860458,-73.12500000000006,10,0
53322,6,9.594068226860458,-61.875,12,0
53323,6,9.594068226860458,-50.625,14,0
53324,6,9.594068226860458,-39.375,15,2
53325,6,9.594068226860458,-28.125,13,0
53326,6,9.594068226860458,-16.875,9,0
53327,6,9.594068226860458,-5.625,10,0
53328,6,4.780191847199163,0.0,11,2
53329,6,4.780191847199163,11.25,10,0
53330,6,4.780191847199163,22.5,10,2
53331,6,4.780191847199163,33.75,10,5
53332,6,4.780191847199163,45.0,7,4
53333,6,4.780191847199163,56.25,9,2
53334,6,4.780191847199163,67.5,14,2
53335,6,4.780191847199163,78.75,3,2
53336,6,4.780191847199163,90.0,10,3
53337,6,4.780191847199163,101.25,10,5
53338,6,4.780191847199163,112.5,12,4
53339,6,4.780191847199163,123.75,10,2
53340,6,4.780191847199163,135.0,9,3
53341,6,4.780191847199163,146.25,9,1
53342,6,4.780191847199163,157.5,7,0
53343,6,4.780191847199163,168.75,9,2
53344,6,4.780191847199163,-180.0,16,1
53345,6,4.780191847199163,-168.75,19,2
53346,6,4.780191847199163,-157.5,10,2
53347,6,4.780191847199163,-146.25,17,0
53348,6,4.780191847199163,-135.0,9,1
53349,6,4.780191847199163,-123.75,8,5
53350,6,4.780191847199163,-112.5,11,1
53351,6,4.780191847199163,-101.25,17,1
53352,6,4.780191847199163,-90.0,9,2
53353,6,4.780191847199163,-78.75000000000006,9,2
53354,6,4.780191847199163,-67.5,10,0
53355,6,4.780191847199163,-56.25,17,2
53356,6,4.780191847199163,-45.0,10,3
53357,6,4.780191847199163,-33.75000000000006,8,3
53358,6,4.780191847199163,-22.5,14,1
53359,6,4.780191847199163,-11.25,10,0
53360,6,0.0,5.625,7,3
53361,6,0.0,16.875,9,4
53362,6,0.0,28.125,8,2
53363,6,0.0,39.375,10,3
53364,6,0.0,50.625,6,3
53365,6,0.0,61.875,10,2
53366,6,0.0,73.125,10,3
53367,6,0.0,84.375,7,3
53368,6,0.0,95.625,10,3
53369,6,0.0,106.875,15,5
53370,6,0.0,118.125,10,5
53371,6,0.0,129.375,17,3
53372,6,0.0,140.625,18,3
53373,6,0.0,151.875,10,2
53374,6,0.0,163.125,6,3
53375,6,0.0,174.375,6,4
53376,6,0.0,-174.375,12,2
53377,6,0.0,-163.125,13,5
53378,6,0.0,-151.875,12,3
53379,6,0.0,-140.625,13,1
53380,6,0.0,-129.37500000000006,5,4
53381,6,0.0,-118.125,6,5
53382,6,0.0,-106.875,16,2
53383,6,0.0,-95.625,6,7
53384,6,0.0,-84.375,7,2
53385,6,0.0,-73.12500000000006,4,2
53386,6,0.0,-61.875,16,3
53387,6,0.0,-50.625,11,1
53388,6,0.0,-39.375,8,3
53389,6,0.0,-28.125,6,4
53390,6,0.0,-16.875,10,3
53391,6,0.0,-5.625,14,1
53392,6,-4.780191847199163,0.0,9,0
53393,6,-4.780191847199163,11.25,12,1
53394,6,-4.780191847199163,22.5,10,2
53395,6,-4.780191847199163,33.75,8,0
53396,6,-4.780191847199163,45.0,16,1
53397,6,-4.780191847199163,56.25,14,2
53398,6,-4.780191847199163,67.5,11,3
53399,6,-4.780191847199163,78.75,10,1
53400,6,-4.780191847199163,90.0,7,2
53401,6,-4.780191847199163,101.25,15,3
53402,6,-4.780191847199163,112.5,13,1
53403,6,-4.780191847199163,123.75,12,3
53404,6,-4.780191847199163,135.0,19,0
53405,6,-4.780191847199163,146.25,15,1
53406,6,-4.780191847199163,157.5,12,1
53407,6,-4.780191847199163,168.75,6,2
53408,6,-4.780191847199163,-180.0,10,3
53409,6,-4.780191847199163,-168.75,15,3
53410,6,-4.780191847199163,-157.5,9,2
53411,6,-4.780191847199163,-146.25,19,0
53412,6,-4.780191847199163,-135.0,7,2
53413,6,-4.780191847199163,-123.75,10,3
53414,6,-4.780191847199163,-112.5,9,3
53415,6,-4.780191847199163,-101.25,10,2
53416,6,-4.780191847199163,-90.0,8,2
53417,6,-4.780191847199163,-78.75000000000006,8,0
53418,6,-4.780191847199163,-67.5,7,2
53419,6,-4.780191847199163,-56.25,6,2
53420,6,-4.780191847199163,-45.0,12,1
53421,6,-4.780191847199163,-33.75000000000006,6,0
53422,6,-4.780191847199163,-22.5,13,3
53423,6,-4.780191847199163,-11.25,16,3
53424,6,-9.594068226860458,5.625,15,0
53425,6,-9.594068226860458,16.875,10,1
53426,6,-9.594068226860458,28.125,10,0
53427,6,-9.594068226860458,39.375,11,0
53428,6,-9.594068226860458,50.625,14,0
53429,6,-9.594068226860458,61.875,16,0
53430,6,-9.594068226860458,73.125,8,0
53431,6,-9.594068226860458,84.375,10,0
53432,6,-9.594068226860458,95.625,13,0
53433,6,-9.594068226860458,106.875,15,0
53434,6,-9.594068226860458,118.125,10,0
53435,6,-9.594068226860458,129.375,8,0
53436,6,-9.594068226860458,140.625,19,1
53437,6,-9.594068226860458,151.875,6,0
53438,6,-9.594068226860458,163.125,12,1
53439,6,-9.594068226860458,174.375,12,0
53440,6,-9.594068226860458,-174.375,9,0
53441,6,-9.594068226860458,-163.125,16,1
53442,6,-9.594068226860458,-151.875,10,0
53443,6,-9.594068226860458,-140.625,10,0
53444,6,-9.594068226860458,-129.37500000000006,10,0
53445,6,-9.594068226860458,-118.125,13,1
53446,6,-9.594068226860458,-106.875,11,0
53447,6,-9.594068226860458,-95.625,10,0
53448,6,-9.594068226860458,-84.375,12,0
53449,6,-9.594068226860458,-73.12500000000006,10,0
53450,6,-9.594068226860458,-61.875,9,0
53451,6,-9.594068226860458,-50.625,12,1
53452,6,-9.594068226860458,-39.375,8,0
53453,6,-9.594068226860458,-28.125,13,0
53454,6,-9.594068226860458,-16.875,12,3
53455,6,-9.594068226860458,-5.625,11,0
53456,6,-14.477512185929925,0.0,14,0
53457,6,-14.477512185929925,11.25,15,1
53458,6,-14.477512185929925,22.5,10,0
53459,6,-14.477512185929925,33.75,12,0
53460,6,-14.477512185929925,45.0,10,0
53461,6,-14.477512185929925,56.25,11,0
53462,6,-14.477512185929925,67.5,13,0
53463,6,-14.477512185929925,78.75,11,0
53464,6,-14.477512185929925,90.0,9,0
53465,6,-14.477512185929925,101.25,8,0
53466,6,-14.477512185929925,112.5,14,0
53467,6,-14.477512185929925,123.75,8,0
53468,6,-14.477512185929925,135.0,8,0
53469,6,-14.477512185929925,146.25,9,1
53470,6,-14.477512185929925,157.5,12,0
53471,6,-14.477512185929925,168.75,10,0
53472,6,-14.477512185929925,-180.0,11,0
53473,6,-14.477512185929925,-168.75,8,0
53474,6,-14.477512185929925,-157.5,12,0
53475,6,-14.477512185929925,-146.25,8,0
53476,6,-14.477512185929925,-135.0,9,0
53477,6,-14.477512185929925,-123.75,18,0
53478,6,-14.477512185929925,-112.5,11,0
53479,6,-14.477512185929925,-101.25,12,0
53480,6,-14.477512185929925,-90.0,11,0
53481,6,-14.477512185929925,-78.75000000000006,13,0
53482,6,-14.477512185929925,-67.5,9,0
53483,6,-14.477512185929925,-56.25,11,0
53484,6,-14.477512185929925,-45.0,15,0
53485,6,-14.477512185929925,-33.75000000000006,15,0
53486,6,-14.477512185929925,-22.5,15,0
53487,6,-14.477512185929925,-11.25,7,1
53488,6,-19.47122063449069,5.625,14,0
53489,6,-19.47122063449069,16.875,14,0
53490,6,-19.47122063449069,28.125,10,0
53491,6,-19.47122063449069,39.375,7,0
53492,6,-19.47122063449069,50.625,10,0
53493,6,-19.47122063449069,61.875,9,0
53494,6,-19.47122063449069,73.125,12,0
53495,6,-19.47122063449069,84.375,17,0
53496,6,-19.47122063449069,95.625,6,0
53497,6,-19.47122063449069,106.875,11,0
53498,6,-19.47122063449069,118.125,13,0
53499,6,-19.47122063449069,129.375,6,0
53500,6,-19.47122063449069,140.625,9,0
53501,6,-19.47122063449069,151.875,5,0
53502,6,-19.47122063449069,163.125,12,0
53503,6,-19.47122063449069,174.375,10,0
53504,6,-19.47122063449069,-174.375,16,0
53505,6,-19.47122063449069,-163.125,9,0
53506,6,-19.47122063449069,-151.875,7,0
53507,6,-19.47122063449069,-140.625,12,0
53508,6,-19.47122063449069,-129.37500000000006,4,0
53509,6,-19.47122063449069,-118.125,19,0
53510,6,-19.47122063449069,-106.875,10,0
53511,6,-19.47122063449069,-95.625,11,0
53512,6,-19.47122063449069,-84.375,9,0
53513,6,-19.47122063449069,-73.12500000000006,11,0
53514,6,-19.47122063449069,-61.875,7,0
53515,6,-19.47122063449069,-50.625,15,0
53516,6,-19.47122063449069,-39.375,13,0
53517,6,-19.47122063449069,-28.125,15,0
53518,6,-19.47122063449069,-16.875,11,0
53519,6,-19.47122063449069,-5.625,8,0
53520,6,-24.62431835216408,0.0,11,0
53521,6,-24.62431835216408,11.25,12,0
53522,6,-24.62431835216408,22.5,9,0
53523,6,-24.62431835216408,33.75,9,0
53524,6,-24.62431835216408,45.0,5,0
53525,6,-24.62431835216408,56.25,9,0
53526,6,-24.62431835216408,67.5,8,0
53527,6,-24.62431835216408,78.75,9,0
53528,6,-24.62431835216408,90.0,12,0
53529,6,-24.62431835216408,101.25,8,0
53530,6,-24.62431835216408,112.5,12,0
53531,6,-24.62431835216408,123.75,10,0
53532,6,-24.62431835216408,135.0,13,0
53533,6,-24.62431835216408,146.25,9,0
53534,6,-24.62431835216408,157.5,14,0
53535,6,-24.62431835216408,168.75,11,0
53536,6,-24.62431835216408,-180.0,12,0
53537,6,-24.62431835216408,-168.75,12,0
53538,6,-24.62431835216408,-157.5,7,0
53539,6,-24.62431835216408,-146.25,8,0
53540,6,-24.62431835216408,-135.0,10,0
53541,6,-24.62431835216408,-123.75,13,0
53542,6,-24.62431835216408,-112.5,17,0
53543,6,-24.62431835216408,-101.25,12,0
53544,6,-24.62431835216408,-90.0,12,0
53545,6,-24.62431835216408,-78.75000000000006,5,0
53546,6,-24.62431835216408,-67.5,9,0
53547,6,-24.62431835216408,-56.25,12,0
53548,6,-24.62431835216408,-45.0,6,0
53549,6,-24.62431835216408,-33.75000000000006,12,0
53550,6,-24.62431835216408,-22.5,14,0
53551,6,-24.62431835216408,-11.25,9,0
53552,6,-30.000000000000014,5.625,12,0
53553,6,-30.000000000000014,16.875,5,0
53554,6,-30.000000000000014,28.125,13,0
53555,6,-30.000000000000014,39.375,4,0
53556,6,-30.000000000000014,50.625,10,0
53557,6,-30.000000000000014,61.875,11,0
53558,6,-30.000000000000014,73.125,8,0
53559,6,-30.000000000000014,84.375,14,0
53560,6,-30.000000000000014,95.625,11,0
53561,6,-30.000000000000014,106.875,7,0
53562,6,-30.000000000000014,118.125,6,0
53563,6,-30.000000000000014,129.375,14,0
53564,6,-30.000000000000014,140.625,15,0
53565,6,-30.000000000000014,151.875,19,0
53566,6,-30.000000000000014,163.125,9,0
53567,6,-30.000000000000014,174.375,11,0
53568,6,-30.000000000000014,-174.375,5,0
53569,6,-30.000000000000014,-163.125,16,0
53570,6,-30.000000000000014,-151.875,10,0
53571,6,-30.000000000000014,-140.625,5,0
53572,6,-30.000000000000014,-129.37500000000006,9,0
53573,6,-30.000000000000014,-118.125,11,0
53574,6,-30.000000000000014,-106.875,12,0
53575,6,-30.000000000000014,-95.625,12,0
53576,6,-30.000000000000014,-84.375,8,0
53577,6,-30.000000000000014,-73.12500000000006,10,0
53578,6,-30.000000000000014,-61.875,3,0
53579,6,-30.000000000000014,-50.625,13,0
53580,6,-30.000000000000014,-39.375,3,0
53581,6,-30.000000000000014,-28.125,13,0
53582,6,-30.000000000000014,-16.875,11,0
53583,6,-30.000000000000014,-5.625,8,0
53584,6,-35.68533471265205,0.0,12,0
53585,6,-35.68533471265205,11.25,14,0
53586,6,-35.68533471265205,22.5,9,0
53587,6,-35.68533471265205,33.75,6,0
53588,6,-35.68533471265205,45.0,10,0
53589,6,-35.68533471265205,56.25,11,0
53590,6,-35.68533471265205,67.5,8,0
53591,6,-35.68533471265205,78.75,12,0
53592,6,-35.68533471265205,90.0,13,0
53593,6,-35.68533471265205,101.25,14,0
53594,6,-35.68533471265205,112.5,15,0
53595,6,-35.68533471265205,123.75,5,0
53596,6,-35.68533471265205,135.0,12,0
53597,6,-35.68533471265205,146.25,18,0
53598,6,-35.68533471265205,157.5,11,0
53599,6,-35.68533471265205,168.75,15,0
53600,6,-35.68533471265205,-180.0,9,0
53601,6,-35.68533471265205,-168.75,15,0
53602,6,-35.68533471265205,-157.5,9,0
53603,6,-35.68533471265205,-146.25,9,0
53604,6,-35.68533471265205,-135.0,6,0
53605,6,-35.68533471265205,-123.75,10,0
53606,6,-35.68533471265205,-112.5,11,0
53607,6,-35.68533471265205,-101.25,15,0
53608,6,-35.68533471265205,-90.0,14,0
53609,6,-35.68533471265205,-78.75000000000006,11,0
53610,6,-35.68533471265205,-67.5,3,0
53611,6,-35.68533471265205,-56.25,5,0
53612,6,-35.68533471265205,-45.0,10,0
53613,6,-35.68533471265205,-33.75000000000006,5,0
53614,6,-35.68533471265205,-22.5,11,0
53615,6,-35.68533471265205,-11.25,6,0
53616,6,-41.81031489577862,5.625,19,0
53617,6,-41.81031489577862,16.875,16,0
53618,6,-41.81031489577862,28.125,12,0
53619,6,-41.81031489577862,39.375,12,0
53620,6,-41.81031489577862,50.625,11,0
53621,6,-41.81031489577862,61.875,11,0
53622,6,-41.81031489577862,73.125,9,0
53623,6,-41.81031489577862,84.375,12,0
53624,6,-41.81031489577862,95.625,14,0
53625,6,-41.81031489577862,106.875,11,0
53626,6,-41.81031489577862,118.125,6,0
53627,6,-41.81031489577862,129.375,7,0
53628,6,-41.81031489577862,140.625,13,0
53629,6,-41.81031489577862,151.875,16,0
53630,6,-41.81031489577862,163.125,9,0
53631,6,-41.81031489577862,174.375,13,0
53632,6,-41.81031489577862,-174.375,12,0
53633,6,-41.81031489577862,-163.125,17,0
53634,6,-41.81031489577862,-151.875,13,0
53635,6,-41.81031489577862,-140.625,13,0
53636,6,-41.81031489577862,-129.37500000000006,17,0
53637,6,-41.81031489577862,-118.125,9,0
53638,6,-41.81031489577862,-106.875,7,0
53639,6,-41.81031489577862,-95.625,12,0
53640,6,-41.81031489577862,-84.375,8,0
53641,6,-41.81031489577862,-73.12500000000006,5,0
53642,6,-41.81031489577862,-61.875,7,0
53643,6,-41.81031489577862,-50.625,10,0
53644,6,-41.81031489577862,-39.375,12,0
53645,6,-41.81031489577862,-28.125,9,0
53646,6,-41.81031489577862,-16.875,6,0
53647,6,-41.81031489577862,-5.625,12,0
53648,6,-48.1412077943603,6.428571428571416,14,0
53649,6,-48.1412077943603,19.285714285714278,13,0
53650,6,-48.1412077943603,32.14285714285714,8,0
53651,6,-48.1412077943603,45.0,12,0
53652,6,-48.1412077943603,57.85714285714286,8,0
53653,6,-48.1412077943603,70.71428571428572,14,0
53654,6,-48.1412077943603,83.57142857142856,15,0
53655,6,-48.1412077943603,96.42857142857144,10,0
53656,6,-48.1412077943603,109.28571428571428,8,0
53657,6,-48.1412077943603,122.14285714285711,5,0
53658,6,-48.1412077943603,135.0,7,0
53659,6,-48.1412077943603,147.8571428571429,13,0
53660,6,-48.1412077943603,160.71428571428572,8,0
53661,6,-48.1412077943603,173.57142857142856,11,0
53662,6,-48.1412077943603,-173.57142857142856,15,0
53663,6,-48.1412077943603,-160.71428571428572,16,0
53664,6,-48.1412077943603,-147.8571428571429,16,0
53665,6,-48.1412077943603,-135.0,16,0
53666,6,-48.1412077943603,-122.14285714285711,10,0
53667,6,-48.1412077943603,-109.28571428571428,5,0
53668,6,-48.1412077943603,-96.42857142857144,8,0
53669,6,-48.1412077943603,-83.57142857142856,4,0
53670,6,-48.1412077943603,-70.71428571428572,13,0
53671,6,-48.1412077943603,-57.85714285714283,13,0
53672,6,-48.1412077943603,-45.0,8,0
53673,6,-48.1412077943603,-32.14285714285717,10,0
53674,6,-48.1412077943603,-19.28571428571422,12,0
53675,6,-48.1412077943603,-6.428571428571445,18,0
53676,6,-54.340912303861245,7.5,9,0
53677,6,-54.340912303861245,22.5,14,0
53678,6,-54.340912303861245,37.5,10,0
53679,6,-54.340912303861245,52.5,7,0
53680,6,-54.340912303861245,67.5,14,0
53681,6,-54.340912303861245,82.5,14,0
53682,6,-54.340912303861245,97.5,10,0
53683,6,-54.340912303861245,112.5,5,0
53684,6,-54.340912303861245,127.5,7,0
53685,6,-54.340912303861245,142.5,12,0
53686,6,-54.340912303861245,157.5,14,0
53687,6,-54.340912303861245,172.5,12,0
53688,6,-54.340912303861245,-172.5,10,0
53689,6,-54.340912303861245,-157.5,10,0
53690,6,-54.340912303861245,-142.5,10,0
53691,6,-54.340912303861245,-127.5,6,0
53692,6,-54.340912303861245,-112.5,5,0
53693,6,-54.340912303861245,-97.5,8,0
53694,6,-54.340912303861245,-82.5,12,0
53695,6,-54.340912303861245,-67.5,13,0
53696,6,-54.340912303861245,-52.50000000000006,5,0
53697,6,-54.340912303861245,-37.5,10,0
53698,6,-54.340912303861245,-22.5,8,0
53699,6,-54.340912303861245,-7.5,10,0
53700,6,-60.4344388449523,9.0,11,0
53701,6,-60.4344388449523,27.0,13,0
53702,6,-60.4344388449523,45.0,11,0
53703,6,-60.4344388449523,63.0,9,0
53704,6,-60.4344388449523,81.0,13,0
53705,6,-60.4344388449523,99.0,7,0
53706,6,-60.4344388449523,117.0,5,0
53707,6,-60.4344388449523,135.0,11,0
53708,6,-60.4344388449523,153.0,18,0
53709,6,-60.4344388449523,171.0,15,0
53710,6,-60.4344388449523,-171.0,18,0
53711,6,-60.4344388449523,-153.0,8,0
53712,6,-60.4344388449523,-135.0,8,0
53713,6,-60.4344388449523,-117.0,7,0
53714,6,-60.4344388449523,-99.0,7,0
53715,6,-60.4344388449523,-81.0,16,0
53716,6,-60.4344388449523,-63.0,17,0
53717,6,-60.4344388449523,-45.0,10,0
53718,6,-60.4344388449523,-27.0,13,0
53719,6,-60.4344388449523,-9.0,10,0
53720,6,-66.44353569089876,11.25,7,0
53721,6,-66.44353569089876,33.75,14,0
53722,6,-66.44353569089876,56.25,16,0
53723,6,-66.44353569089876,78.75,15,0
53724,6,-66.44353569089876,101.25,6,0
53725,6,-66.44353569089876,123.75,11,1
53726,6,-66.44353569089876,146.25,11,0
53727,6,-66.44353569089876,168.75,18,0
53728,6,-66.44353569089876,-168.75,12,0
53729,6,-66.44353569089876,-146.25,9,0
53730,6,-66.44353569089876,-123.75,8,0
53731,6,-66.44353569089876,-101.25,11,0
53732,6,-66.44353569089876,-78.75,12,0
53733,6,-66.44353569089876,-56.25,16,0
53734,6,-66.44353569089876,-33.75,13,0
53735,6,-66.44353569089876,-11.25,10,0
53736,6,-72.38756092964962,15.0,9,0
53737,6,-72.38756092964962,45.0,19,0
53738,6,-72.38756092964962,75.0,11,0
53739,6,-72.38756092964962,105.0,8,0
53740,6,-72.38756092964962,135.0,15,0
53741,6,-72.38756092964962,165.0,19,0
53742,6,-72.38756092964962,-165.0,8,0
53743,6,-72.38756092964962,-135.0,10,0
53744,6,-72.38756092964962,-105.0,9,0
53745,6,-72.38756092964962,-75.0,8,0
53746,6,-72.38756092964962,-45.0,11,0
53747,6,-72.38756092964962,-15.0,11,0
53748,6,-78.28414760510762,22.5,8,0
53749,6,-78.28414760510762,67.5,9,0
53750,6,-78.28414760510762,112.5,14,0
53751,6,-78.28414760510762,157.5,14,0
53752,6,-78.28414760510762,-157.5,9,0
53753,6,-78.28414760510762,-112.5,9,0
53754,6,-78.28414760510762,-67.5,16,0
53755,6,-78.28414760510762,-22.5,13,0
53756,6,-84.14973293629666,45.0,5,0
53757,6,-84.14973293629666,135.0,7,0
53758,6,-84.14973293629666,-135.0,7,0
53759,6,-84.14973293629666,-45.0,8,0
