53760,7,84.14973293629666,45.0,18,0
53761,7,84.14973293629666,135.0,11,0
53762,7,84.14973293629666,-135.0,6,0
53763,7,84.14973293629666,-45.0,10,0
53764,7,78.28414760510762,22.5,12,0
53765,7,78.28414760510762,67.5,14,0
53766,7,78.28414760510762,112.5,11,0
53767,7,78.28414760510762,157.5,9,0
53768,7,78.28414760510762,-157.5,7,0
53769,7,78.28414760510762,-112.5,11,0
53770,7,78.28414760510762,-67.5,8,0
53771,7,78.28414760510762,-22.5,7,0
53772,7,72.38756092964962,15.0,12,0
53773,7,72.38756092964962,45.0,11,0
53774,7,72.38756092964962,75.0,9,0
53775,7,72.38756092964962,105.0,7,0
53776,7,72.38756092964962,135.0,10,0
53777,7,72.38756092964962,165.0,11,0
53778,7,72.38756092964962,-165.0,9,0
53779,7,72.38756092964962,-135.0,11,0
53780,7,72.38756092964962,-105.0,9,0
53781,7,72.38756092964962,-75.0,9,1
53782,7,72.38756092964962,-45.0,7,0
53783,7,72.38756092964962,-15.0,12,0
53784,7,66.44353569089877,11.25,9,0
53785,7,66.44353569089877,33.75,7,0
53786,7,66.44353569089877,56.25,8,0
53787,7,66.44353569089877,78.75,14,0
53788,7,66.44353569089877,101.25,8,0
53789,7,66.44353569089877,123.75,13,0
53790,7,66.44353569089877,146.25,9,0
53791,7,66.44353569089877,168.75,15,0
53792,7,66.44353569089877,-168.75,9,0
53793,7,66.44353569089877,-146.25,18,0
53794,7,66.44353569089877,-123.75,9,0
53795,7,66.44353569089877,-101.25,7,1
53796,7,66.44353569089877,-78.75,5,1
53797,7,66.44353569089877,-56.25,8,0
53798,7,66.44353569089877,-33.75,9,0
53799,7,66.44353569089877,-11.25,12,0
53800,7,60.43443884495228,9.0,16,0
53801,7,60.43443884495228,27.0,8,0
53802,7,60.43443884495228,45.0,10,0
53803,7,60.43443884495228,63.0,16,0
53804,7,60.43443884495228,81.0,15,0
53805,7,60.43443884495228,99.0,6,0
53806,7,60.43443884495228,117.0,21,0
53807,7,60.43443884495228,135.0,13,0
53808,7,60.43443884495228,153.0,17,0
53809,7,60.43443884495228,171.0,10,0
53810,7,60.43443884495228,-171.0,8,0
53811,7,60.43443884495228,-153.0,8,0
53812,7,60.43443884495228,-135.0,10,0
53813,7,60.43443884495228,-117.0,6,0
53814,7,60.43443884495228,-99.0,9,0
53815,7,60.43443884495228,-81.0,4,0
53816,7,60.43443884495228,-63.0,7,0
53817,7,60.43443884495228,-45.0,11,0
53818,7,60.43443884495228,-27.0,7,0
53819,7,60.43443884495228,-9.0,12,0
53820,7,54.340912303861245,7.5,11,0
53821,7,54.340912303861245,22.5,7,0
53822,7,54.340912303861245,37.5,9,0
53823,7,54.340912303861245,52.5,14,0
53824,7,54.340912303861245,67.5,16,0
53825,7,54.340912303861245,82.5,15,0
53826,7,54.340912303861245,97.5,8,0
53827,7,54.340912303861245,112.5,16,0
53828,7,54.340912303861245,127.5,18,0
53829,7,54.340912303861245,142.5,15,0
53830,7,54.340912303861245,157.5,16,0
53831,7,54.340912303861245,172.5,6,0
53832,7,54.340912303861245,-172.5,8,0
53833,7,54.340912303861245,-157.5,9,0
53834,7,54.340912303861245,-142.5,4,0
53835,7,54.340912303861245,-127.5,8,0
53836,7,54.340912303861245,-112.5,9,0
53837,7,54.340912303861245,-97.5,8,0
53838,7,54.340912303861245,-82.5,3,0
53839,7,54.340912303861245,-67.5,6,0
53840,7,54.340912303861245,-52.50000000000006,15,0
53841,7,54.340912303861245,-37.5,11,0
53842,7,54.340912303861245,-22.5,10,0
53843,7,54.340912303861245,-7.5,5,0
53844,7,48.141207794360284,6.428571428571416,6,0
53845,7,48.141207794360284,19.285714285714278,5,0
53846,7,48.141207794360284,32.14285714285714,8,0
53847,7,48.141207794360284,45.0,11,0
53848,7,48.141207794360284,57.85714285714286,10,0
53849,7,48.141207794360284,70.71428571428572,16,0
53850,7,48.141207794360284,83.57142857142856,13,0
53851,7,48.141207794360284,96.42857142857144,14,0
53852,7,48.141207794360284,109.28571428571428,19,0
53853,7,48.141207794360284,122.14285714285711,7,0
53854,7,48.141207794360284,135.0,14,0
53855,7,48.141207794360284,147.8571428571429,13,0
53856,7,48.141207794360284,160.71428571428572,14,0
53857,7,48.141207794360284,173.57142857142856,10,0
53858,7,48.141207794360284,-173.57142857142856,7,0
53859,7,48.141207794360284,-160.71428571428572,10,0
53860,7,48.141207794360284,-147.8571428571429,10,0
53861,7,48.141207794360284,-135.0,10,0
53862,7,48.141207794360284,-122.14285714285711,10,0
53863,7,48.141207794360284,-109.28571428571428,10,0
53864,7,48.141207794360284,-96.42857142857144,7,0
53865,7,48.141207794360284,-83.57142857142856,11,0
53866,7,48.141207794360284,-70.71428571428572,9,0
53867,7,48.141207794360284,-57.85714285714283,12,0
53868,7,48.141207794360284,-45.0,11,0
53869,7,48.141207794360284,-32.14285714285717,13,0
53870,7,48.141207794360284,-19.28571428571422,12,0
53871,7,48.141207794360284,-6.428571428571445,12,0
53872,7,41.81031489577859,5.625,10,0
53873,7,41.81031489577859,16.875,12,0
53874,7,41.81031489577859,28.125,4,0
53875,7,41.81031489577859,39.375,7,0
53876,7,41.81031489577859,50.625,15,0
53877,7,41.81031489577859,61.875,13,0
53878,7,41.81031489577859,73.125,10,0
53879,7,41.81031489577859,84.375,13,0
53880,7,41.81031489577859,95.625,13,0
53881,7,41.81031489577859,106.875,18,0
53882,7,41.81031489577859,118.125,6,0
53883,7,41.81031489577859,129.375,10,0
53884,7,41.81031489577859,140.625,15,0
53885,7,41.81031489577859,151.875,9,0
53886,7,41.81031489577859,163.125,8,0
53887,7,41.81031489577859,174.375,8,0
53888,7,41.81031489577859,-174.375,6,0
53889,7,41.81031489577859,-163.125,8,0
53890,7,41.81031489577859,-151.875,16,0
53891,7,41.81031489577859,-140.625,12,0
53892,7,41.81031489577859,-129.37500000000006,10,0
53893,7,41.81031489577859,-118.125,6,0
53894,7,41.81031489577859,-106.875,10,0
53895,7,41.81031489577859,-95.625,12,0
53896,7,41.81031489577859,-84.375,13,0
53897,7,41.81031489577859,-73.12500000000006,12,0
53898,7,41.81031489577859,-61.875,7,0
53899,7,41.81031489577859,-50.625,9,0
53900,7,41.81031489577859,-39.375,10,0
53901,7,41.81031489577859,-28.125,12,0
53902,7,41.81031489577859,-16.875,12,0
53903,7,41.81031489577859,-5.625,6,0
53904,7,35.68533471265204,0.0,8,0
53905,7,35.68533471265204,11.25,13,0
53906,7,35.68533471265204,22.5,12,0
53907,7,35.68533471265204,33.75,5,0
53908,7,35.68533471265204,45.0,10,0
53909,7,35.68533471265204,56.25,11,0
53910,7,35.68533471265204,67.5,6,0
53911,7,35.68533471265204,78.75,10,0
53912,7,35.68533471265204,90.0,11,0
53913,7,35.68533471265204,101.25,11,0
53914,7,35.68533471265204,112.5,9,0
53915,7,35.68533471265204,123.75,6,0
53916,7,35.68533471265204,135.0,6,0
53917,7,35.68533471265204,146.25,7,0
53918,7,35.68533471265204,157.5,12,0
53919,7,35.68533471265204,168.75,7,0
53920,7,35.68533471265204,-180.0,3,0
53921,7,35.68533471265204,-168.75,7,0
53922,7,35.68533471265204,-157.5,9,0
53923,7,35.68533471265204,-146.25,15,0
53924,7,35.68533471265204,-135.0,11,0
53925,7,35.68533471265204,-123.75,11,0
53926,7,35.68533471265204,-112.5,8,0
53927,7,35.68533471265204,-101.25,6,0
53928,7,35.68533471265204,-90.0,9,0
53929,7,35.68533471265204,-78.75000000000006,8,0
53930,7,35.68533471265204,-67.5,10,0
53931,7,35.68533471265204,-56.25,7,0
53932,7,35.68533471265204,-45.0,13,0
53933,7,35.68533471265204,-33.75000000000006,6,0
53934,7,35.68533471265204,-22.5,12,0
53935,7,35.68533471265204,-11.25,9,0
53936,7,30.000000000000007,5.625,7,0
53937,7,30.000000000000007,16.875,11,0
53938,7,30.000000000000007,28.125,11,0
53939,7,30.000000000000007,39.375,8,0
53940,7,30.000000000000007,50.625,16,0
53941,7,30.000000000000007,61.875,3,0
53942,7,30.000000000000007,73.125,7,0
53943,7,30.000000000000007,84.375,6,0
53944,7,30.000000000000007,95.625,13,0
53945,7,30.000000000000007,106.875,11,0
53946,7,30.000000000000007,118.125,10,0
53947,7,30.000000000000007,129.375,6,0
53948,7,30.000000000000007,140.625,6,0
53949,7,30.000000000000007,151.875,9,0
53950,7,30.000000000000007,163.125,8,0
53951,7,30.000000000000007,174.375,8,0
53952,7,30.000000000000007,-174.375,8,0
53953,7,30.000000000000007,-163.125,12,0
53954,7,30.000000000000007,-151.875,9,0
53955,7,30.000000000000007,-140.625,10,0
53956,7,30.000000000000007,-129.37500000000006,10,0
53957,7,30.000000000000007,-118.125,7,0
53958,7,30.000000000000007,-106.875,11,0
53959,7,30.000000000000007,-95.625,11,0
53960,7,30.000000000000007,-84.375,9,0
53961,7,30.000000000000007,-73.12500000000006,16,0
53962,7,30.000000000000007,-61.875,14,0
53963,7,30.000000000000007,-50.625,14,0
53964,7,30.000000000000007,-39.375,6,0
53965,7,30.000000000000007,-28.125,9,0
53966,7,30.000000000000007,-16.875,9,0
53967,7,30.000000000000007,-5.625,10,0
53968,7,24.62431835216408,0.0,10,0
53969,7,24.62431835216408,11.25,6,0
53970,7,24.62431835216408,22.5,17,0
53971,7,24.62431835216408,33.75,12,0
53972,7,24.62431835216408,45.0,9,0
53973,7,24.62431835216408,56.25,8,0
53974,7,24.62431835216408,67.5,9,0
53975,7,24.62431835216408,78.75,6,0
53976,7,24.62431835216408,90.0,8,0
53977,7,24.62431835216408,101.25,13,0
53978,7,24.62431835216408,112.5,8,0
53979,7,24.62431835216408,123.75,8,0
53980,7,24.62431835216408,135.0,5,0
53981,7,24.62431835216408,146.25,6,0
53982,7,24.62431835216408,157.5,6,0
53983,7,24.62431835216408,168.75,13,0
53984,7,24.62431835216408,-180.0,12,0
53985,7,24.62431835216408,-168.75,7,0
53986,7,24.62431835216408,-157.5,12,0
53987,7,24.62431835216408,-146.25,7,0
53988,7,24.62431835216408,-135.0,11,0
53989,7,24.62431835216408,-123.75,6,0
53990,7,24.62431835216408,-112.5,11,0
53991,7,24.62431835216408,-101.25,12,0
53992,7,24.62431835216408,-90.0,9,0
53993,7,24.62431835216408,-78.75000000000006,8,0
53994,7,24.62431835216408,-67.5,12,0
53995,7,24.62431835216408,-56.25,14,0
53996,7,24.62431835216408,-45.0,12,0
53997,7,24.62431835216408,-33.75000000000006,9,0
53998,7,24.62431835216408,-22.5,6,0
53999,7,24.62431835216408,-11.25,6,0
54000,7,19.47122063449069,5.625,12,0
54001,7,19.47122063449069,16.875,7,0
54002,7,19.47122063449069,28.125,13,0
54003,7,19.47122063449069,39.375,14,0
54004,7,19.47122063449069,50.625,12,0
54005,7,19.47122063449069,61.875,13,0
54006,7,19.47122063449069,73.125,7,0
54007,7,19.47122063449069,84.375,12,0
54008,7,19.47122063449069,95.625,11,0
54009,7,19.47122063449069,106.875,11,0
54010,7,19.47122063449069,118.125,9,0
54011,7,19.47122063449069,129.375,7,0
54012,7,19.47122063449069,140.625,12,0
54013,7,19.47122063449069,151.875,6,0
54014,7,19.47122063449069,163.125,7,0
54015,7,19.47122063449069,174.375,15,0
54016,7,19.47122063449069,-174.375,8,0
54017,7,19.47122063449069,-163.125,7,0
54018,7,19.47122063449069,-151.875,6,0
54019,7,19.47122063449069,-140.625,7,0
54020,7,19.47122063449069,-129.37500000000006,10,0
54021,7,19.47122063449069,-118.125,11,0
54022,7,19.47122063449069,-106.875,8,0
54023,7,19.47122063449069,-95.625,7,0
54024,7,19.47122063449069,-84.375,10,0
54025,7,19.47122063449069,-73.12500000000006,7,1
54026,7,19.47122063449069,-61.875,15,0
54027,7,19.47122063449069,-50.625,9,0
54028,7,19.47122063449069,-39.375,8,0
54029,7,19.47122063449069,-28.125,7,0
54030,7,19.47122063449069,-16.875,8,0
54031,7,19.47122063449069,-5.625,11,0
54032,7,14.477512185929925,0.0,13,0
54033,7,14.477512185929925,11.25,4,0
54034,7,14.477512185929925,22.5,11,0
54035,7,14.477512185929925,33.75,7,0
54036,7,14.477512185929925,45.0,19,0
54037,7,14.477512185929925,56.25,12,0
54038,7,14.477512185929925,67.5,11,1
54039,7,14.477512185929925,78.75,12,0
54040,7,14.477512185929925,90.0,18,0
54041,7,14.477512185929925,101.25,11,0
54042,7,14.477512185929925,112.5,8,0
54043,7,14.477512185929925,123.75,14,0
54044,7,14.477512185929925,135.0,10,0
54045,7,14.477512185929925,146.25,9,0
54046,7,14.477512185929925,157.5,12,0
54047,7,14.477512185929925,168.75,15,1
54048,7,14.477512185929925,-180.0,7,0
54049,7,14.477512185929925,-168.75,10,0
54050,7,14.477512185929925,-157.5,8,0
54051,7,14.477512185929925,-146.25,6,0
54052,7,14.477512185929925,-135.0,8,0
54053,7,14.477512185929925,-123.75,14,0
54054,7,14.477512185929925,-112.5,14,0
54055,7,14.477512185929925,-101.25,7,0
54056,7,14.477512185929925,-90.0,7,0
54057,7,14.477512185929925,-78.75000000000006,7,1
54058,7,14.477512185929925,-67.5,7,0
54059,7,14.477512185929925,-56.25,12,0
54060,7,14.477512185929925,-45.0,9,0
54061,7,14.477512185929925,-33.75000000000006,9,0
54062,7,14.477512185929925,-22.5,6,0
54063,7,14.477512185929925,-11.25,12,0
54064,7,9.594068226860458,5.625,11,0
54065,7,9.594068226860458,16.875,10,0
54066,7,9.594068226860458,28.125,9,0
54067,7,9.594068226860458,39.375,14,0
54068,7,9.594068226860458,50.625,6,0
54069,7,9.594068226860458,61.875,12,1
54070,7,9.594068226860458,73.125,9,0
54071,7,9.594068226860458,84.375,11,0
54072,7,9.594068226860458,95.625,10,0
54073,7,9.594068226860458,106.875,8,0
54074,7,9.594068226860458,118.125,15,0
54075,7,9.594068226860458,129.375,7,1
54076,7,9.594068226860458,140.625,14,0
54077,7,9.594068226860458,151.875,7,0
54078,7,9.594068226860458,163.125,19,0
54079,7,9.594068226860458,174.375,7,1
54080,7,9.594068226860458,-174.375,9,0
54081,7,9.594068226860458,-163.125,4,0
54082,7,9.594068226860458,-151.875,16,0
54083,7,9.594068226860458,-140.625,9,0
54084,7,9.594068226860458,-129.37500000000006,8,0
54085,7,9.594068226860458,-118.125,14,0
54086,7,9.594068226860458,-106.875,12,1
54087,7,9.594068226860458,-95.625,8,0
54088,7,9.594068226860458,-84.375,14,0
54089,7,9.594068226860458,-73.12500000000006,5,1
54090,7,9.594068226860458,-61.875,3,0
54091,7,9.594068226860458,-50.625,8,0
54092,7,9.594068226860458,-39.375,12,0
54093,7,9.594068226860458,-28.125,6,1
54094,7,9.594068226860458,-16.875,13,0
54095,7,9.594068226860458,-5.625,9,0
54096,7,4.780191847199163,0.0,8,1
54097,7,4.780191847199163,11.25,9,1
54098,7,4.780191847199163,22.5,9,0
54099,7,4.780191847199163,33.75,11,1
54100,7,4.780191847199163,45.0,9,2
54101,7,4.780191847199163,56.25,7,2
54102,7,4.780191847199163,67.5,8,2
54103,7,4.780191847199163,78.75,8,1
54104,7,4.780191847199163,90.0,9,2
54105,7,4.780191847199163,101.25,6,4
54106,7,4.780191847199163,112.5,7,2
54107,7,4.780191847199163,123.75,9,2
54108,7,4.780191847199163,135.0,9,1
54109,7,4.780191847199163,146.25,13,2
54110,7,4.780191847199163,157.5,8,2
54111,7,4.780191847199163,168.75,13,2
54112,7,4.780191847199163,-180.0,10,3
54113,7,4.780191847199163,-168.75,11,2
54114,7,4.780191847199163,-157.5,7,2
54115,7,4.780191847199163,-146.25,14,0
54116,7,4.780191847199163,-135.0,7,0
54117,7,4.780191847199163,-123.75,16,4
54118,7,4.780191847199163,-112.5,10,1
54119,7,4.780191847199163,-101.25,15,3
54120,7,4.780191847199163,-90.0,17,2
54121,7,4.780191847199163,-78.75000000000006,9,0
54122,7,4.780191847199163,-67.5,6,2
54123,7,4.780191847199163,-56.25,11,1
54124,7,4.780191847199163,-45.0,12,3
54125,7,4.780191847199163,-33.75000000000006,8,4
54126,7,4.780191847199163,-22.5,11,6
54127,7,4.780191847199163,-11.25,8,3
54128,7,0.0,5.625,5,3
54129,7,0.0,16.875,7,2
54130,7,0.0,28.125,12,2
54131,7,0.0,39.375,11,6
54132,7,0.0,50.625,8,3
54133,7,0.0,61.875,8,1
54134,7,0.0,73.125,15,5
54135,7,0.0,84.375,4,3
54136,7,0.0,95.625,8,3
54137,7,0.0,106.875,6,5
54138,7,0.0,118.125,12,1
54139,7,0.0,129.375,6,6
54140,7,0.0,140.625,8,2
54141,7,0.0,151.875,7,4
54142,7,0.0,163.125,9,3
54143,7,0.0,174.375,9,5
54144,7,0.0,-174.375,13,3
54145,7,0.0,-163.125,15,2
54146,7,0.0,-151.875,6,3
54147,7,0.0,-140.625,6,1
54148,7,0.0,-129.37500000000006,15,1
54149,7,0.0,-118.125,7,4
54150,7,0.0,-106.875,16,2
54151,7,0.0,-95.625,19,5
54152,7,0.0,-84.375,10,1
54153,7,0.0,-73.12500000000006,8,2
54154,7,0.0,-61.875,9,4
54155,7,0.0,-50.625,8,1
54156,7,0.0,-39.375,10,5
54157,7,0.0,-28.125,6,4
54158,7,0.0,-16.875,12,7
54159,7,0.0,-5.625,8,7
54160,7,-4.780191847199163,0.0,7,4
54161,7,-4.780191847199163,11.25,4,2
54162,7,-4.780191847199163,22.5,10,1
54163,7,-4.780191847199163,33.75,10,3
54164,7,-4.780191847199163,45.0,11,3
54165,7,-4.780191847199163,56.25,10,2
54166,7,-4.780191847199163,67.5,12,4
54167,7,-4.780191847199163,78.75,7,2
54168,7,-4.780191847199163,90.0,6,2
54169,7,-4.780191847199163,101.25,11,2
54170,7,-4.780191847199163,112.5,19,1
54171,7,-4.780191847199163,123.75,10,0
54172,7,-4.780191847199163,135.0,9,2
54173,7,-4.780191847199163,146.25,8,1
54174,7,-4.780191847199163,157.5,8,2
54175,7,-4.780191847199163,168.75,6,3
54176,7,-4.780191847199163,-180.0,11,1
54177,7,-4.780191847199163,-168.75,20,1
54178,7,-4.780191847199163,-157.5,14,2
54179,7,-4.780191847199163,-146.25,8,2
54180,7,-4.780191847199163,-135.0,4,0
54181,7,-4.780191847199163,-123.75,7,1
54182,7,-4.780191847199163,-112.5,10,1
54183,7,-4.780191847199163,-101.25,10,2
54184,7,-4.780191847199163,-90.0,12,3
54185,7,-4.780191847199163,-78.75000000000006,7,0
54186,7,-4.780191847199163,-67.5,8,3
54187,7,-4.780191847199163,-56.25,9,0
54188,7,-4.780191847199163,-45.0,7,0
54189,7,-4.780191847199163,-33.75000000000006,10,2
54190,7,-4.780191847199163,-22.5,12,1
54191,7,-4.780191847199163,-11.25,7,3
54192,7,-9.594068226860458,5.625,3,0
54193,7,-9.594068226860458,16.875,7,0
54194,7,-9.594068226860458,28.125,6,0
54195,7,-9.594068226860458,39.375,9,0
54196,7,-9.594068226860458,50.625,9,0
54197,7,-9.594068226860458,61.875,8,1
54198,7,-9.594068226860458,73.125,6,0
54199,7,-9.594068226860458,84.375,7,1
54200,7,-9.594068226860458,95.625,11,0
54201,7,-9.594068226860458,106.875,12,0
54202,7,-9.594068226860458,118.125,11,0
54203,7,-9.594068226860458,129.375,13,0
54204,7,-9.594068226860458,140.625,11,0
54205,7,-9.594068226860458,151.875,15,0
54206,7,-9.594068226860458,163.125,7,0
54207,7,-9.594068226860458,174.375,9,0
54208,7,-9.594068226860458,-174.375,14,0
54209,7,-9.594068226860458,-163.125,13,0
54210,7,-9.594068226860458,-151.875,13,0
54211,7,-9.594068226860458,-140.625,9,0
54212,7,-9.594068226860458,-129.37500000000006,5,0
54213,7,-9.594068226860458,-118.125,9,0
54214,7,-9.594068226860458,-106.875,8,0
54215,7,-9.594068226860458,-95.625,14,0
54216,7,-9.594068226860458,-84.375,4,0
54217,7,-9.594068226860458,-73.12500000000006,9,0
54218,7,-9.594068226860458,-61.875,12,0
54219,7,-9.594068226860458,-50.625,6,0
54220,7,-9.594068226860458,-39.375,15,0
54221,7,-9.594068226860458,-28.125,10,0
54222,7,-9.594068226860458,-16.875,11,0
54223,7,-9.594068226860458,-5.625,6,0
54224,7,-14.477512185929925,0.0,8,0
54225,7,-14.477512185929925,11.25,6,0
54226,7,-14.477512185929925,22.5,5,0
54227,7,-14.477512185929925,33.75,10,0
54228,7,-14.477512185929925,45.0,11,0
54229,7,-14.477512185929925,56.25,10,1
54230,7,-14.477512185929925,67.5,9,0
54231,7,-14.477512185929925,78.75,8,0
54232,7,-14.477512185929925,90.0,8,0
54233,7,-14.477512185929925,101.25,8,0
54234,7,-14.477512185929925,112.5,7,0
54235,7,-14.477512185929925,123.75,12,0
54236,7,-14.477512185929925,135.0,13,0
54237,7,-14.477512185929925,146.25,9,0
54238,7,-14.477512185929925,157.5,8,0
54239,7,-14.477512185929925,168.75,7,0
54240,7,-14.477512185929925,-180.0,10,0
54241,7,-14.477512185929925,-168.75,11,0
54242,7,-14.477512185929925,-157.5,9,0
54243,7,-14.477512185929925,-146.25,8,0
54244,7,-14.477512185929925,-135.0,9,0
54245,7,-14.477512185929925,-123.75,9,0
54246,7,-14.477512185929925,-112.5,5,0
54247,7,-14.477512185929925,-101.25,15,0
54248,7,-14.477512185929925,-90.0,3,0
54249,7,-14.477512185929925,-78.75000000000006,8,0
54250,7,-14.477512185929925,-67.5,12,0
54251,7,-14.477512185929925,-56.25,5,0
54252,7,-14.477512185929925,-45.0,14,0
54253,7,-14.477512185929925,-33.75000000000006,13,0
54254,7,-14.477512185929925,-22.5,9,0
54255,7,-14.477512185929925,-11.25,11,0
54256,7,-19.47122063449069,5.625,11,0
54257,7,-19.47122063449069,16.875,8,0
54258,7,-19.47122063449069,28.125,14,0
54259,7,-19.47122063449069,39.375,4,0
54260,7,-19.47122063449069,50.625,12,0
54261,7,-19.47122063449069,61.875,11,0
54262,7,-19.47122063449069,73.125,7,0
54263,7,-19.47122063449069,84.375,6,0
54264,7,-19.47122063449069,95.625,15,0
54265,7,-19.47122063449069,106.875,9,0
54266,7,-19.47122063449069,118.125,9,0
54267,7,-19.47122063449069,129.375,10,0
54268,7,-19.47122063449069,140.625,12,0
54269,7,-19.47122063449069,151.875,9,0
54270,7,-19.47122063449069,163.125,9,0
54271,7,-19.47122063449069,174.375,10,0
54272,7,-19.47122063449069,-174.375,11,0
54273,7,-19.47122063449069,-163.125,7,0
54274,7,-19.47122063449069,-151.875,9,0
54275,7,-19.47122063449069,-140.625,8,0
54276,7,-19.47122063449069,-129.37500000000006,16,0
54277,7,-19.47122063449069,-118.125,5,0
54278,7,-19.47122063449069,-106.875,11,0
54279,7,-19.47122063449069,-95.625,6,0
54280,7,-19.47122063449069,-84.375,5,0
54281,7,-19.47122063449069,-73.12500000000006,11,0
54282,7,-19.47122063449069,-61.875,11,0
54283,7,-19.47122063449069,-50.625,13,0
54284,7,-19.47122063449069,-39.375,11,0
54285,7,-19.47122063449069,-28.125,9,0
54286,7,-19.47122063449069,-16.875,14,1
54287,7,-19.47122063449069,-5.625,10,0
54288,7,-24.62431835216408,0.0,16,0
54289,7,-24.62431835216408,11.25,8,0
54290,7,-24.62431835216408,22.5,12,0
54291,7,-24.62431835216408,33.75,5,0
54292,7,-24.62431835216408,45.0,3,0
54293,7,-24.62431835216408,56.25,7,0
54294,7,-24.62431835216408,67.5,10,0
54295,7,-24.62431835216408,78.75,11,0
54296,7,-24.62431835216408,90.0,9,0
54297,7,-24.62431835216408,101.25,12,0
54298,7,-24.62431835216408,112.5,9,0
54299,7,-24.62431835216408,123.75,10,0
54300,7,-24.62431835216408,135.0,12,0
54301,7,-24.62431835216408,146.25,9,0
54302,7,-24.62431835216408,157.5,10,0
54303,7,-24.62431835216408,168.75,6,0
54304,7,-24.62431835216408,-180.0,10,0
54305,7,-24.62431835216408,-168.75,9,0
54306,7,-24.62431835216408,-157.5,9,0
54307,7,-24.62431835216408,-146.25,9,0
54308,7,-24.62431835216408,-135.0,11,0
54309,7,-24.62431835216408,-123.75,8,0
54310,7,-24.62431835216408,-112.5,9,0
54311,7,-24.62431835216408,-101.25,8,0
54312,7,-24.62431835216408,-90.0,8,0
54313,7,-24.62431835216408,-78.75000000000006,10,0
54314,7,-24.62431835216408,-67.5,8,0
54315,7,-24.62431835216408,-56.25,9,0
54316,7,-24.62431835216408,-45.0,10,0
54317,7,-24.62431835216408,-33.75000000000006,12,0
54318,7,-24.62431835216408,-22.5,17,0
54319,7,-24.62431835216408,-11.25,13,1
54320,7,-30.000000000000014,5.625,7,0
54321,7,-30.000000000000014,16.875,9,0
54322,7,-30.000000000000014,28.125,11,0
54323,7,-30.000000000000014,39.375,8,0
54324,7,-30.000000000000014,50.625,10,0
54325,7,-30.000000000000014,61.875,8,0
54326,7,-30.000000000000014,73.125,12,0
54327,7,-30.000000000000014,84.375,14,0
54328,7,-30.000000000000014,95.625,7,0
54329,7,-30.000000000000014,106.875,6,0
54330,7,-30.000000000000014,118.125,13,0
54331,7,-30.000000000000014,129.375,9,0
54332,7,-30.000000000000014,140.625,10,0
54333,7,-30.000000000000014,151.875,12,0
54334,7,-30.000000000000014,163.125,20,0
54335,7,-30.000000000000014,174.375,11,0
54336,7,-30.000000000000014,-174.375,10,0
54337,7,-30.000000000000014,-163.125,12,0
54338,7,-30.000000000000014,-151.875,9,0
54339,7,-30.000000000000014,-140.625,9,0
54340,7,-30.000000000000014,-129.37500000000006,7,0
54341,7,-30.000000000000014,-118.125,5,0
54342,7,-30.000000000000014,-106.875,11,0
54343,7,-30.000000000000014,-95.625,9,0
54344,7,-30.000000000000014,-84.375,9,0
54345,7,-30.000000000000014,-73.12500000000006,6,0
54346,7,-30.000000000000014,-61.875,11,0
54347,7,-30.000000000000014,-50.625,4,0
54348,7,-30.000000000000014,-39.375,13,0
54349,7,-30.000000000000014,-28.125,13,0
54350,7,-30.000000000000014,-16.875,13,0
54351,7,-30.000000000000014,-5.625,11,0
54352,7,-35.68533471265205,0.0,4,0
54353,7,-35.68533471265205,11.25,8,0
54354,7,-35.68533471265205,22.5,11,0
54355,7,-35.68533471265205,33.75,14,0
54356,7,-35.68533471265205,45.0,16,0
54357,7,-35.68533471265205,56.25,9,0
54358,7,-35.68533471265205,67.5,12,0
54359,7,-35.68533471265205,78.75,15,0
54360,7,-35.68533471265205,90.0,10,0
54361,7,-35.68533471265205,101.25,4,0
54362,7,-35.68533471265205,112.5,10,0
54363,7,-35.68533471265205,123.75,4,0
54364,7,-35.68533471265205,135.0,9,0
54365,7,-35.68533471265205,146.25,11,0
54366,7,-35.68533471265205,157.5,15,0
54367,7,-35.68533471265205,168.75,16,0
54368,7,-35.68533471265205,-180.0,9,0
54369,7,-35.68533471265205,-168.75,7,0
54370,7,-35.68533471265205,-157.5,10,0
54371,7,-35.68533471265205,-146.25,9,0
54372,7,-35.68533471265205,-135.0,8,0
54373,7,-35.68533471265205,-123.75,7,0
54374,7,-35.68533471265205,-112.5,8,0
54375,7,-35.68533471265205,-101.25,6,0
54376,7,-35.68533471265205,-90.0,7,0
54377,7,-35.68533471265205,-78.75000000000006,8,0
54378,7,-35.68533471265205,-67.5,8,0
54379,7,-35.68533471265205,-56.25,13,0
54380,7,-35.68533471265205,-45.0,11,0
54381,7,-35.68533471265205,-33.75000000000006,17,0
54382,7,-35.68533471265205,-22.5,11,0
54383,7,-35.68533471265205,-11.25,12,0
54384,7,-41.81031489577862,5.625,15,0
54385,7,-41.81031489577862,16.875,11,0
54386,7,-41.81031489577862,28.125,10,0
54387,7,-41.81031489577862,39.375,5,0
54388,7,-41.81031489577862,50.625,8,0
54389,7,-41.81031489577862,61.875,9,0
54390,7,-41.81031489577862,73.125,11,0
54391,7,-41.81031489577862,84.375,10,0
54392,7,-41.81031489577862,95.625,6,0
54393,7,-41.81031489577862,106.875,12,0
54394,7,-41.81031489577862,118.125,9,0
54395,7,-41.81031489577862,129.375,6,0
54396,7,-41.81031489577862,140.625,8,0
54397,7,-41.81031489577862,151.875,12,0
54398,7,-41.81031489577862,163.125,9,0
54399,7,-41.81031489577862,174.375,13,0
54400,7,-41.81031489577862,-174.375,5,0
54401,7,-41.81031489577862,-163.125,11,0
54402,7,-41.81031489577862,-151.875,13,0
54403,7,-41.81031489577862,-140.625,10,0
54404,7,-41.81031489577862,-129.37500000000006,11,0
54405,7,-41.81031489577862,-118.125,6,0
54406,7,-41.81031489577862,-106.875,13,0
54407,7,-41.81031489577862,-95.625,7,0
54408,7,-41.81031489577862,-84.375,11,0
54409,7,-41.81031489577862,-73.12500000000006,8,0
54410,7,-41.81031489577862,-61.875,13,0
54411,7,-41.81031489577862,-50.625,20,0
54412,7,-41.81031489577862,-39.375,12,0
54413,7,-41.81031489577862,-28.125,9,0
54414,7,-41.81031489577862,-16.875,10,0
54415,7,-41.81031489577862,-5.625,13,0
54416,7,-48.1412077943603,6.428571428571416,8,0
54417,7,-48.1412077943603,19.285714285714278,13,0
54418,7,-48.1412077943603,32.14285714285714,11,0
54419,7,-48.1412077943603,45.0,15,0
54420,7,-48.1412077943603,57.85714285714286,16,0
54421,7,-48.1412077943603,70.71428571428572,10,0
54422,7,-48.1412077943603,83.57142857142856,10,0
54423,7,-48.1412077943603,96.42857142857144,8,0
54424,7,-48.1412077943603,109.28571428571428,9,0
54425,7,-48.1412077943603,122.14285714285711,13,0
54426,7,-48.1412077943603,135.0,12,0
54427,7,-48.1412077943603,147.8571428571429,11,0
54428,7,-48.1412077943603,160.71428571428572,7,0
54429,7,-48.1412077943603,173.57142857142856,12,0
54430,7,-48.1412077943603,-173.57142857142856,14,0
54431,7,-48.1412077943603,-160.71428571428572,10,0
54432,7,-48.1412077943603,-147.8571428571429,11,0
54433,7,-48.1412077943603,-135.0,12,0
54434,7,-48.1412077943603,-122.14285714285711,9,0
54435,7,-48.1412077943603,-109.28571428571428,13,0
54436,7,-48.1412077943603,-96.42857142857144,7,0
54437,7,-48.1412077943603,-83.57142857142856,7,0
54438,7,-48.1412077943603,-70.71428571428572,12,0
54439,7,-48.1412077943603,-57.85714285714283,10,0
54440,7,-48.1412077943603,-45.0,13,0
54441,7,-48.1412077943603,-32.14285714285717,7,0
54442,7,-48.1412077943603,-19.28571428571422,11,0
54443,7,-48.1412077943603,-6.428571428571445,15,0
54444,7,-54.340912303861245,7.5,7,0
54445,7,-54.340912303861245,22.5,10,0
54446,7,-54.340912303861245,37.5,9,0
54447,7,-54.340912303861245,52.5,14,0
54448,7,-54.340912303861245,67.5,20,0
54449,7,-54.340912303861245,82.5,11,0
54450,7,-54.340912303861245,97.5,11,0
54451,7,-54.340912303861245,112.5,4,0
54452,7,-54.340912303861245,127.5,9,0
54453,7,-54.340912303861245,142.5,13,0
54454,7,-54.340912303861245,157.5,11,0
54455,7,-54.340912303861245,172.5,6,0
54456,7,-54.340912303861245,-172.5,16,0
54457,7,-54.340912303861245,-157.5,9,0
54458,7,-54.340912303861245,-142.5,12,0
54459,7,-54.340912303861245,-127.5,9,0
54460,7,-54.340912303861245,-112.5,9,0
54461,7,-54.340912303861245,-97.5,6,0
54462,7,-54.340912303861245,-82.5,9,0
54463,7,-54.340912303861245,-67.5,15,0
54464,7,-54.340912303861245,-52.50000000000006,9,0
54465,7,-54.340912303861245,-37.5,9,0
54466,7,-54.340912303861245,-22.5,11,0
54467,7,-54.340912303861245,-7.5,14,0
54468,7,-60.4344388449523,9.0,13,0
54469,7,-60.4344388449523,27.0,8,0
54470,7,-60.4344388449523,45.0,6,0
54471,7,-60.4344388449523,63.0,14,0
54472,7,-60.4344388449523,81.0,8,0
54473,7,-60.4344388449523,99.0,11,0
54474,7,-60.4344388449523,117.0,7,0
54475,7,-60.4344388449523,135.0,7,0
54476,7,-60.4344388449523,153.0,11,0
54477,7,-60.4344388449523,171.0,5,0
54478,7,-60.4344388449523,-171.0,11,0
54479,7,-60.4344388449523,-153.0,11,0
54480,7,-60.4344388449523,-135.0,8,0
54481,7,-60.4344388449523,-117.0,7,0
54482,7,-60.4344388449523,-99.0,7,0
54483,7,-60.4344388449523,-81.0,11,0
54484,7,-60.4344388449523,-63.0,10,0
54485,7,-60.4344388449523,-45.0,13,0
54486,7,-60.4344388449523,-27.0,8,0
54487,7,-60.4344388449523,-9.0,9,0
54488,7,-66.44353569089876,11.25,8,0
54489,7,-66.44353569089876,33.75,11,0
54490,7,-66.44353569089876,56.25,14,0
54491,7,-66.44353569089876,78.75,7,0
54492,7,-66.44353569089876,101.25,7,0
54493,7,-66.44353569089876,123.75,11,0
54494,7,-66.44353569089876,146.25,7,0
54495,7,-66.44353569089876,168.75,2,0
54496,7,-66.44353569089876,-168.75,8,0
54497,7,-66.44353569089876,-146.25,11,0
54498,7,-66.44353569089876,-123.75,11,0
54499,7,-66.44353569089876,-101.25,9,1
54500,7,-66.44353569089876,-78.75,9,0
54501,7,-66.44353569089876,-56.25,15,0
54502,7,-66.44353569089876,-33.75,13,0
54503,7,-66.44353569089876,-11.25,5,0
54504,7,-72.38756092964962,15.0,11,0
54505,7,-72.38756092964962,45.0,12,0
54506,7,-72.38756092964962,75.0,12,0
54507,7,-72.38756092964962,105.0,9,0
54508,7,-72.38756092964962,135.0,4,0
54509,7,-72.38756092964962,165.0,7,0
54510,7,-72.38756092964962,-165.0,10,0
54511,7,-72.38756092964962,-135.0,9,0
54512,7,-72.38756092964962,-105.0,9,1
54513,7,-72.38756092964962,-75.0,13,0
54514,7,-72.38756092964962,-45.0,7,0
54515,7,-72.38756092964962,-15.0,9,0
54516,7,-78.28414760510762,22.5,14,0
54517,7,-78.28414760510762,67.5,9,0
54518,7,-78.28414760510762,112.5,7,0
54519,7,-78.28414760510762,157.5,8,0
54520,7,-78.28414760510762,-157.5,9,0
54521,7,-78.28414760510762,-112.5,5,0
54522,7,-78.28414760510762,-67.5,12,0
54523,7,-78.28414760510762,-22.5,7,0
54524,7,-84.14973293629666,45.0,12,0
54525,7,-84.14973293629666,135.0,9,0
54526,7,-84.14973293629666,-135.0,9,0
54527,7,-84.14973293629666,-45.0,8,0
54528,7,84.14973293629666,45.0,18,0
54529,7,84.14973293629666,135.0,11,0
54530,7,84.14973293629666,-135.0,6,0
54531,7,84.14973293629666,-45.0,10,0
54532,7,78.28414760510762,22.5,12,0
54533,7,78.28414760510762,67.5,14,0
54534,7,78.28414760510762,112.5,11,0
54535,7,78.28414760510762,157.5,9,0
54536,7,78.28414760510762,-157.5,7,0
54537,7,78.28414760510762,-112.5,11,0
54538,7,78.28414760510762,-67.5,8,0
54539,7,78.28414760510762,-22.5,7,0
54540,7,72.38756092964962,15.0,12,0
54541,7,72.38756092964962,45.0,11,0
54542,7,72.38756092964962,75.0,9,0
54543,7,72.38756092964962,105.0,7,0
54544,7,72.38756092964962,135.0,10,0
54545,7,72.38756092964962,165.0,11,0
54546,7,72.38756092964962,-165.0,9,0
54547,7,72.38756092964962,-135.0,11,0
54548,7,72.38756092964962,-105.0,9,0
54549,7,72.38756092964962,-75.0,9,1
54550,7,72.38756092964962,-45.0,7,0
54551,7,72.38756092964962,-15.0,12,0
54552,7,66.44353569089877,11.25,9,0
54553,7,66.44353569089877,33.75,7,0
54554,7,66.44353569089877,56.25,8,0
54555,7,66.44353569089877,78.75,14,0
54556,7,66.44353569089877,101.25,8,0
54557,7,66.44353569089877,123.75,13,0
54558,7,66.44353569089877,146.25,9,0
54559,7,66.44353569089877,168.75,15,0
54560,7,66.44353569089877,-168.75,9,0
54561,7,66.44353569089877,-146.25,18,0
54562,7,66.44353569089877,-123.75,9,0
54563,7,66.44353569089877,-101.25,7,1
54564,7,66.44353569089877,-78.75,5,1
54565,7,66.44353569089877,-56.25,8,0
54566,7,66.44353569089877,-33.75,9,0
54567,7,66.44353569089877,-11.25,12,0
54568,7,60.43443884495228,9.0,16,0
54569,7,60.43443884495228,27.0,8,0
54570,7,60.43443884495228,45.0,10,0
54571,7,60.43443884495228,63.0,16,0
54572,7,60.43443884495228,81.0,15,0
54573,7,60.43443884495228,99.0,6,0
54574,7,60.43443884495228,117.0,21,0
54575,7,60.43443884495228,135.0,13,0
54576,7,60.43443884495228,153.0,17,0
54577,7,60.43443884495228,171.0,10,0
54578,7,60.43443884495228,-171.0,8,0
54579,7,60.43443884495228,-153.0,8,0
54580,7,60.43443884495228,-135.0,10,0
54581,7,60.43443884495228,-117.0,6,0
54582,7,60.43443884495228,-99.0,9,0
54583,7,60.43443884495228,-81.0,4,0
54584,7,60.43443884495228,-63.0,7,0
54585,7,60.43443884495228,-45.0,11,0
54586,7,60.43443884495228,-27.0,7,0
54587,7,60.43443884495228,-9.0,12,0
54588,7,54.340912303861245,7.5,11,0
54589,7,54.340912303861245,22.5,7,0
54590,7,54.340912303861245,37.5,9,0
54591,7,54.340912303861245,52.5,14,0
54592,7,54.340912303861245,67.5,16,0
54593,7,54.340912303861245,82.5,15,0
54594,7,54.340912303861245,97.5,8,0
54595,7,54.340912303861245,112.5,16,0
54596,7,54.340912303861245,127.5,18,0
54597,7,54.340912303861245,142.5,15,0
54598,7,54.340912303861245,157.5,16,0
54599,7,54.340912303861245,172.5,6,0
54600,7,54.340912303861245,-172.5,8,0
54601,7,54.340912303861245,-157.5,9,0
54602,7,54.340912303861245,-142.5,4,0
54603,7,54.340912303861245,-127.5,8,0
54604,7,54.340912303861245,-112.5,9,0
54605,7,54.340912303861245,-97.5,8,0
54606,7,54.340912303861245,-82.5,3,0
54607,7,54.340912303861245,-67.5,6,0
54608,7,54.340912303861245,-52.50000000000006,15,0
54609,7,54.340912303861245,-37.5,11,0
54610,7,54.340912303861245,-22.5,10,0
54611,7,54.340912303861245,-7.5,5,0
54612,7,48.141207794360284,6.428571428571416,6,0
54613,7,48.141207794360284,19.285714285714278,5,0
54614,7,48.141207794360284,32.14285714285714,8,0
54615,7,48.141207794360284,45.0,11,0
54616,7,48.141207794360284,57.85714285714286,10,0
54617,7,48.141207794360284,70.71428571428572,16,0
54618,7,48.141207794360284,83.57142857142856,13,0
54619,7,48.141207794360284,96.42857142857144,14,0
54620,7,48.141207794360284,109.28571428571428,19,0
54621,7,48.141207794360284,122.14285714285711,7,0
54622,7,48.141207794360284,135.0,14,0
54623,7,48.141207794360284,147.8571428571429,13,0
54624,7,48.141207794360284,160.71428571428572,14,0
54625,7,48.141207794360284,173.57142857142856,10,0
54626,7,48.141207794360284,-173.57142857142856,7,0
54627,7,48.141207794360284,-160.71428571428572,10,0
54628,7,48.141207794360284,-147.8571428571429,10,0
54629,7,48.141207794360284,-135.0,10,0
54630,7,48.141207794360284,-122.14285714285711,10,0
54631,7,48.141207794360284,-109.28571428571428,10,0
54632,7,48.141207794360284,-96.42857142857144,7,0
54633,7,48.141207794360284,-83.57142857142856,11,0
54634,7,48.141207794360284,-70.71428571428572,9,0
54635,7,48.141207794360284,-57.85714285714283,12,0
54636,7,48.141207794360284,-45.0,11,0
54637,7,48.141207794360284,-32.14285714285717,13,0
54638,7,48.141207794360284,-19.28571428571422,12,0
54639,7,48.141207794360284,-6.428571428571445,12,0
54640,7,41.81031489577859,5.625,10,0
54641,7,41.81031489577859,16.875,12,0
54642,7,41.81031489577859,28.125,4,0
54643,7,41.81031489577859,39.375,7,0
54644,7,41.81031489577859,50.625,15,0
54645,7,41.81031489577859,61.875,13,0
54646,7,41.81031489577859,73.125,10,0
54647,7,41.81031489577859,84.375,13,0
54648,7,41.81031489577859,95.625,13,0
54649,7,41.81031489577859,106.875,18,0
54650,7,41.81031489577859,118.125,6,0
54651,7,41.81031489577859,129.375,10,0
54652,7,41.81031489577859,140.625,15,0
54653,7,41.81031489577859,151.875,9,0
54654,7,41.81031489577859,163.125,8,0
54655,7,41.81031489577859,174.375,8,0
54656,7,41.81031489577859,-174.375,6,0
54657,7,41.81031489577859,-163.125,8,0
54658,7,41.81031489577859,-151.875,16,0
54659,7,41.81031489577859,-140.625,12,0
54660,7,41.81031489577859,-129.37500000000006,10,0
54661,7,41.81031489577859,-118.125,6,0
54662,7,41.81031489577859,-106.875,10,0
54663,7,41.81031489577859,-95.625,12,0
54664,7,41.81031489577859,-84.375,13,0
54665,7,41.81031489577859,-73.12500000000006,12,0
54666,7,41.81031489577859,-61.875,7,0
54667,7,41.81031489577859,-50.625,9,0
54668,7,41.81031489577859,-39.375,10,0
54669,7,41.81031489577859,-28.125,12,0
54670,7,41.81031489577859,-16.875,12,0
54671,7,41.81031489577859,-5.625,6,0
54672,7,35.68533471265204,0.0,8,0
54673,7,35.68533471265204,11.25,13,0
54674,7,35.68533471265204,22.5,12,0
54675,7,35.68533471265204,33.75,5,0
54676,7,35.68533471265204,45.0,10,0
54677,7,35.68533471265204,56.25,11,0
54678,7,35.68533471265204,67.5,6,0
54679,7,35.68533471265204,78.75,10,0
54680,7,35.68533471265204,90.0,11,0
54681,7,35.68533471265204,101.25,11,0
54682,7,35.68533471265204,112.5,9,0
54683,7,35.68533471265204,123.75,6,0
54684,7,35.68533471265204,135.0,6,0
54685,7,35.68533471265204,146.25,7,0
54686,7,35.68533471265204,157.5,12,0
54687,7,35.68533471265204,168.75,7,0
54688,7,35.68533471265204,-180.0,3,0
54689,7,35.68533471265204,-168.75,7,0
54690,7,35.68533471265204,-157.5,9,0
54691,7,35.68533471265204,-146.25,15,0
54692,7,35.68533471265204,-135.0,11,0
54693,7,35.68533471265204,-123.75,11,0
54694,7,35.68533471265204,-112.5,8,0
54695,7,35.68533471265204,-101.25,6,0
54696,7,35.68533471265204,-90.0,9,0
54697,7,35.68533471265204,-78.75000000000006,8,0
54698,7,35.68533471265204,-67.5,10,0
54699,7,35.68533471265204,-56.25,7,0
54700,7,35.68533471265204,-45.0,13,0
54701,7,35.68533471265204,-33.75000000000006,6,0
54702,7,35.68533471265204,-22.5,12,0
54703,7,35.68533471265204,-11.25,9,0
54704,7,30.000000000000007,5.625,7,0
54705,7,30.000000000000007,16.875,11,0
54706,7,30.000000000000007,28.125,11,0
54707,7,30.000000000000007,39.375,8,0
54708,7,30.000000000000007,50.625,16,0
54709,7,30.000000000000007,61.875,3,0
54710,7,30.000000000000007,73.125,7,0
54711,7,30.000000000000007,84.375,6,0
54712,7,30.000000000000007,95.625,13,0
54713,7,30.000000000000007,106.875,11,0
54714,7,30.000000000000007,118.125,10,0
54715,7,30.000000000000007,129.375,6,0
54716,7,30.000000000000007,140.625,6,0
54717,7,30.000000000000007,151.875,9,0
54718,7,30.000000000000007,163.125,8,0
54719,7,30.000000000000007,174.375,8,0
54720,7,30.000000000000007,-174.375,8,0
54721,7,30.000000000000007,-163.125,12,0
54722,7,30.000000000000007,-151.875,9,0
54723,7,30.000000000000007,-140.625,10,0
54724,7,30.000000000000007,-129.37500000000006,10,0
54725,7,30.000000000000007,-118.125,7,0
54726,7,30.000000000000007,-106.875,11,0
54727,7,30.000000000000007,-95.625,11,0
54728,7,30.000000000000007,-84.375,9,0
54729,7,30.000000000000007,-73.12500000000006,16,0
54730,7,30.000000000000007,-61.875,14,0
54731,7,30.000000000000007,-50.625,14,0
54732,7,30.000000000000007,-39.375,6,0
54733,7,30.000000000000007,-28.125,9,0
54734,7,30.000000000000007,-16.875,9,0
54735,7,30.000000000000007,-5.625,10,0
54736,7,24.62431835216408,0.0,10,0
54737,7,24.62431835216408,11.25,6,0
54738,7,24.62431835216408,22.5,17,0
54739,7,24.62431835216408,33.75,12,0
54740,7,24.62431835216408,45.0,9,0
54741,7,24.62431835216408,56.25,8,0
54742,7,24.62431835216408,67.5,9,0
54743,7,24.62431835216408,78.75,6,0
54744,7,24.62431835216408,90.0,8,0
54745,7,24.62431835216408,101.25,13,0
54746,7,24.62431835216408,112.5,8,0
54747,7,24.62431835216408,123.75,8,0
54748,7,24.62431835216408,135.0,5,0
54749,7,24.62431835216408,146.25,6,0
54750,7,24.62431835216408,157.5,6,0
54751,7,24.62431835216408,168.75,13,0
54752,7,24.62431835216408,-180.0,12,0
54753,7,24.62431835216408,-168.75,7,0
54754,7,24.62431835216408,-157.5,12,0
54755,7,24.62431835216408,-146.25,7,0
54756,7,24.62431835216408,-135.0,11,0
54757,7,24.62431835216408,-123.75,6,0
54758,7,24.62431835216408,-112.5,11,0
54759,7,24.62431835216408,-101.25,12,0
54760,7,24.62431835216408,-90.0,9,0
54761,7,24.62431835216408,-78.75000000000006,8,0
54762,7,24.62431835216408,-67.5,12,0
54763,7,24.62431835216408,-56.25,14,0
54764,7,24.62431835216408,-45.0,12,0
54765,7,24.62431835216408,-33.75000000000006,9,0
54766,7,24.62431835216408,-22.5,6,0
54767,7,24.62431835216408,-11.25,6,0
54768,7,19.47122063449069,5.625,12,0
54769,7,19.47122063449069,16.875,7,0
54770,7,19.47122063449069,28.125,13,0
54771,7,19.47122063449069,39.375,14,0
54772,7,19.47122063449069,50.625,12,0
54773,7,19.47122063449069,61.875,13,0
54774,7,19.47122063449069,73.125,7,0
54775,7,19.47122063449069,84.375,12,0
54776,7,19.47122063449069,95.625,11,0
54777,7,19.47122063449069,106.875,11,0
54778,7,19.47122063449069,118.125,9,0
54779,7,19.47122063449069,129.375,7,0
54780,7,19.47122063449069,140.625,12,0
54781,7,19.47122063449069,151.875,6,0
54782,7,19.47122063449069,163.125,7,0
54783,7,19.47122063449069,174.375,15,0
54784,7,19.47122063449069,-174.375,8,0
54785,7,19.47122063449069,-163.125,7,0
54786,7,19.47122063449069,-151.875,6,0
54787,7,19.47122063449069,-140.625,7,0
54788,7,19.47122063449069,-129.37500000000006,10,0
54789,7,19.47122063449069,-118.125,11,0
54790,7,19.47122063449069,-106.875,8,0
54791,7,19.47122063449069,-95.625,7,0
54792,7,19.47122063449069,-84.375,10,0
54793,7,19.47122063449069,-73.12500000000006,7,1
54794,7,19.47122063449069,-61.875,15,0
54795,7,19.47122063449069,-50.625,9,0
54796,7,19.47122063449069,-39.375,8,0
54797,7,19.47122063449069,-28.125,7,0
54798,7,19.47122063449069,-16.875,8,0
54799,7,19.47122063449069,-5.625,11,0
54800,7,14.477512185929925,0.0,13,0
54801,7,14.477512185929925,11.25,4,0
54802,7,14.477512185929925,22.5,11,0
54803,7,14.477512185929925,33.75,7,0
54804,7,14.477512185929925,45.0,19,0
54805,7,14.477512185929925,56.25,12,0
54806,7,14.477512185929925,67.5,11,1
54807,7,14.477512185929925,78.75,12,0
54808,7,14.477512185929925,90.0,18,0
54809,7,14.477512185929925,101.25,11,0
54810,7,14.477512185929925,112.5,8,0
54811,7,14.477512185929925,123.75,14,0
54812,7,14.477512185929925,135.0,10,0
54813,7,14.477512185929925,146.25,9,0
54814,7,14.477512185929925,157.5,12,0
54815,7,14.477512185929925,168.75,15,1
54816,7,14.477512185929925,-180.0,7,0
54817,7,14.477512185929925,-168.75,10,0
54818,7,14.477512185929925,-157.5,8,0
54819,7,14.477512185929925,-146.25,6,0
54820,7,14.477512185929925,-135.0,8,0
54821,7,14.477512185929925,-123.75,14,0
54822,7,14.477512185929925,-112.5,14,0
54823,7,14.477512185929925,-101.25,7,0
54824,7,14.477512185929925,-90.0,7,0
54825,7,14.477512185929925,-78.75000000000006,7,1
54826,7,14.477512185929925,-67.5,7,0
54827,7,14.477512185929925,-56.25,12,0
54828,7,14.477512185929925,-45.0,9,0
54829,7,14.477512185929925,-33.75000000000006,9,0
54830,7,14.477512185929925,-22.5,6,0
54831,7,14.477512185929925,-11.25,12,0
54832,7,9.594068226860458,5.625,11,0
54833,7,9.594068226860458,16.875,10,0
54834,7,9.594068226860458,28.125,9,0
54835,7,9.594068226860458,39.375,14,0
54836,7,9.594068226860458,50.625,6,0
54837,7,9.594068226860458,61.875,12,1
54838,7,9.594068226860458,73.125,9,0
54839,7,9.594068226860458,84.375,11,0
54840,7,9.594068226860458,95.625,10,0
54841,7,9.594068226860458,106.875,8,0
54842,7,9.594068226860458,118.125,15,0
54843,7,9.594068226860458,129.375,7,1
54844,7,9.594068226860458,140.625,14,0
54845,7,9.594068226860458,151.875,7,0
54846,7,9.594068226860458,163.125,19,0
54847,7,9.594068226860458,174.375,7,1
54848,7,9.594068226860458,-174.375,9,0
54849,7,9.594068226860458,-163.125,4,0
54850,7,9.594068226860458,-151.875,16,0
54851,7,9.594068226860458,-140.625,9,0
54852,7,9.594068226860458,-129.37500000000006,8,0
54853,7,9.594068226860458,-118.125,14,0
54854,7,9.594068226860458,-106.875,12,1
54855,7,9.594068226860458,-95.625,8,0
54856,7,9.594068226860458,-84.375,14,0
54857,7,9.594068226860458,-73.12500000000006,5,1
54858,7,9.594068226860458,-61.875,3,0
54859,7,9.594068226860458,-50.625,8,0
54860,7,9.594068226860458,-39.375,12,0
54861,7,9.594068226860458,-28.125,6,1
54862,7,9.594068226860458,-16.875,13,0
54863,7,9.594068226860458,-5.625,9,0
54864,7,4.780191847199163,0.0,8,1
54865,7,4.780191847199163,11.25,9,1
54866,7,4.780191847199163,22.5,9,0
54867,7,4.780191847199163,33.75,11,1
54868,7,4.780191847199163,45.0,9,2
54869,7,4.780191847199163,56.25,7,2
54870,7,4.780191847199163,67.5,8,2
54871,7,4.780191847199163,78.75,8,1
54872,7,4.780191847199163,90.0,9,2
54873,7,4.780191847199163,101.25,6,4
54874,7,4.780191847199163,112.5,7,2
54875,7,4.780191847199163,123.75,9,2
54876,7,4.780191847199163,135.0,9,1
54877,7,4.780191847199163,146.25,13,2
54878,7,4.780191847199163,157.5,8,2
54879,7,4.780191847199163,168.75,13,2
54880,7,4.780191847199163,-180.0,10,3
54881,7,4.780191847199163,-168.75,11,2
54882,7,4.780191847199163,-157.5,7,2
54883,7,4.780191847199163,-146.25,14,0
54884,7,4.780191847199163,-135.0,7,0
54885,7,4.780191847199163,-123.75,16,4
54886,7,4.780191847199163,-112.5,10,1
54887,7,4.780191847199163,-101.25,15,3
54888,7,4.780191847199163,-90.0,17,2
54889,7,4.780191847199163,-78.75000000000006,9,0
54890,7,4.780191847199163,-67.5,6,2
54891,7,4.780191847199163,-56.25,11,1
54892,7,4.780191847199163,-45.0,12,3
54893,7,4.780191847199163,-33.75000000000006,8,4
54894,7,4.780191847199163,-22.5,11,6
54895,7,4.780191847199163,-11.25,8,3
54896,7,0.0,5.625,5,3
54897,7,0.0,16.875,7,2
54898,7,0.0,28.125,12,2
54899,7,0.0,39.375,11,6
54900,7,0.0,50.625,8,3
54901,7,0.0,61.875,8,1
54902,7,0.0,73.125,15,5
54903,7,0.0,84.375,4,3
54904,7,0.0,95.625,8,3
54905,7,0.0,106.875,6,5
54906,7,0.0,118.125,12,1
54907,7,0.0,129.375,6,6
54908,7,0.0,140.625,8,2
54909,7,0.0,151.875,7,4
54910,7,0.0,163.125,9,3
54911,7,0.0,174.375,9,5
54912,7,0.0,-174.375,13,3
54913,7,0.0,-163.125,15,2
54914,7,0.0,-151.875,6,3
54915,7,0.0,-140.625,6,1
54916,7,0.0,-129.37500000000006,15,1
54917,7,0.0,-118.125,7,4
54918,7,0.0,-106.875,16,2
54919,7,0.0,-95.625,19,5
54920,7,0.0,-84.375,10,1
54921,7,0.0,-73.12500000000006,8,2
54922,7,0.0,-61.875,9,4
54923,7,0.0,-50.625,8,1
54924,7,0.0,-39.375,10,5
54925,7,0.0,-28.125,6,4
54926,7,0.0,-16.875,12,7
54927,7,0.0,-5.625,8,7
54928,7,-4.780191847199163,0.0,7,4
54929,7,-4.780191847199163,11.25,4,2
54930,7,-4.780191847199163,22.5,10,1
54931,7,-4.780191847199163,33.75,10,3
54932,7,-4.780191847199163,45.0,11,3
54933,7,-4.780191847199163,56.25,10,2
54934,7,-4.780191847199163,67.5,12,4
54935,7,-4.780191847199163,78.75,7,2
54936,7,-4.780191847199163,90.0,6,2
54937,7,-4.780191847199163,101.25,11,2
54938,7,-4.780191847199163,112.5,19,1
54939,7,-4.780191847199163,123.75,10,0
54940,7,-4.780191847199163,135.0,9,2
54941,7,-4.780191847199163,146.25,8,1
54942,7,-4.780191847199163,157.5,8,2
54943,7,-4.780191847199163,168.75,6,3
54944,7,-4.780191847199163,-180.0,11,1
54945,7,-4.780191847199163,-168.75,20,1
54946,7,-4.780191847199163,-157.5,14,2
54947,7,-4.780191847199163,-146.25,8,2
54948,7,-4.780191847199163,-135.0,4,0
54949,7,-4.780191847199163,-123.75,7,1
54950,7,-4.780191847199163,-112.5,10,1
54951,7,-4.780191847199163,-101.25,10,2
54952,7,-4.780191847199163,-90.0,12,3
54953,7,-4.780191847199163,-78.75000000000006,7,0
54954,7,-4.780191847199163,-67.5,8,3
54955,7,-4.780191847199163,-56.25,9,0
54956,7,-4.780191847199163,-45.0,7,0
54957,7,-4.780191847199163,-33.75000000000006,10,2
54958,7,-4.780191847199163,-22.5,12,1
54959,7,-4.780191847199163,-11.25,7,3
54960,7,-9.594068226860458,5.625,3,0
54961,7,-9.594068226860458,16.875,7,0
54962,7,-9.594068226860458,28.125,6,0
54963,7,-9.594068226860458,39.375,9,0
54964,7,-9.594068226860458,50.625,9,0
54965,7,-9.594068226860458,61.875,8,1
54966,7,-9.594068226860458,73.125,6,0
54967,7,-9.594068226860458,84.375,7,1
54968,7,-9.594068226860458,95.625,11,0
54969,7,-9.594068226860458,106.875,12,0
54970,7,-9.594068226860458,118.125,11,0
54971,7,-9.594068226860458,129.375,13,0
54972,7,-9.594068226860458,140.625,11,0
54973,7,-9.594068226860458,151.875,15,0
54974,7,-9.594068226860458,163.125,7,0
54975,7,-9.594068226860458,174.375,9,0
54976,7,-9.594068226860458,-174.375,14,0
54977,7,-9.594068226860458,-163.125,13,0
54978,7,-9.594068226860458,-151.875,13,0
54979,7,-9.594068226860458,-140.625,9,0
54980,7,-9.594068226860458,-129.37500000000006,5,0
54981,7,-9.594068226860458,-118.125,9,0
54982,7,-9.594068226860458,-106.875,8,0
54983,7,-9.594068226860458,-95.625,14,0
54984,7,-9.594068226860458,-84.375,4,0
54985,7,-9.594068226860458,-73.12500000000006,9,0
54986,7,-9.594068226860458,-61.875,12,0
54987,7,-9.594068226860458,-50.625,6,0
54988,7,-9.594068226860458,-39.375,15,0
54989,7,-9.594068226860458,-28.125,10,0
54990,7,-9.594068226860458,-16.875,11,0
54991,7,-9.594068226860458,-5.625,6,0
54992,7,-14.477512185929925,0.0,8,0
54993,7,-14.477512185929925,11.25,6,0
54994,7,-14.477512185929925,22.5,5,0
54995,7,-14.477512185929925,33.75,10,0
54996,7,-14.477512185929925,45.0,11,0
54997,7,-14.477512185929925,56.25,10,1
54998,7,-14.477512185929925,67.5,9,0
54999,7,-14.477512185929925,78.75,8,0
55000,7,-14.477512185929925,90.0,8,0
55001,7,-14.477512185929925,101.25,8,0
55002,7,-14.477512185929925,112.5,7,0
55003,7,-14.477512185929925,123.75,12,0
55004,7,-14.477512185929925,135.0,13,0
55005,7,-14.477512185929925,146.25,9,0
55006,7,-14.477512185929925,157.5,8,0
55007,7,-14.477512185929925,168.75,7,0
55008,7,-14.477512185929925,-180.0,10,0
55009,7,-14.477512185929925,-168.75,11,0
55010,7,-14.477512185929925,-157.5,9,0
55011,7,-14.477512185929925,-146.25,8,0
55012,7,-14.477512185929925,-135.0,9,0
55013,7,-14.477512185929925,-123.75,9,0
55014,7,-14.477512185929925,-112.5,5,0
55015,7,-14.477512185929925,-101.25,15,0
55016,7,-14.477512185929925,-90.0,3,0
55017,7,-14.477512185929925,-78.75000000000006,8,0
55018,7,-14.477512185929925,-67.5,12,0
55019,7,-14.477512185929925,-56.25,5,0
55020,7,-14.477512185929925,-45.0,14,0
55021,7,-14.477512185929925,-33.75000000000006,13,0
55022,7,-14.477512185929925,-22.5,9,0
55023,7,-14.477512185929925,-11.25,11,0
55024,7,-19.47122063449069,5.625,11,0
55025,7,-19.47122063449069,16.875,8,0
55026,7,-19.47122063449069,28.125,14,0
55027,7,-19.47122063449069,39.375,4,0
55028,7,-19.47122063449069,50.625,12,0
55029,7,-19.47122063449069,61.875,11,0
55030,7,-19.47122063449069,73.125,7,0
55031,7,-19.47122063449069,84.375,6,0
55032,7,-19.47122063449069,95.625,15,0
55033,7,-19.47122063449069,106.875,9,0
55034,7,-19.47122063449069,118.125,9,0
55035,7,-19.47122063449069,129.375,10,0
55036,7,-19.47122063449069,140.625,12,0
55037,7,-19.47122063449069,151.875,9,0
55038,7,-19.47122063449069,163.125,9,0
55039,7,-19.47122063449069,174.375,10,0
55040,7,-19.47122063449069,-174.375,11,0
55041,7,-19.47122063449069,-163.125,7,0
55042,7,-19.47122063449069,-151.875,9,0
55043,7,-19.47122063449069,-140.625,8,0
55044,7,-19.47122063449069,-129.37500000000006,16,0
55045,7,-19.47122063449069,-118.125,5,0
55046,7,-19.47122063449069,-106.875,11,0
55047,7,-19.47122063449069,-95.625,6,0
55048,7,-19.47122063449069,-84.375,5,0
55049,7,-19.47122063449069,-73.12500000000006,11,0
55050,7,-19.47122063449069,-61.875,11,0
55051,7,-19.47122063449069,-50.625,13,0
55052,7,-19.47122063449069,-39.375,11,0
55053,7,-19.47122063449069,-28.125,9,0
55054,7,-19.47122063449069,-16.875,14,1
55055,7,-19.47122063449069,-5.625,10,0
55056,7,-24.62431835216408,0.0,16,0
55057,7,-24.62431835216408,11.25,8,0
55058,7,-24.62431835216408,22.5,12,0
55059,7,-24.62431835216408,33.75,5,0
55060,7,-24.62431835216408,45.0,3,0
55061,7,-24.62431835216408,56.25,7,0
55062,7,-24.62431835216408,67.5,10,0
55063,7,-24.62431835216408,78.75,11,0
55064,7,-24.62431835216408,90.0,9,0
55065,7,-24.62431835216408,101.25,12,0
55066,7,-24.62431835216408,112.5,9,0
55067,7,-24.62431835216408,123.75,10,0
55068,7,-24.62431835216408,135.0,12,0
55069,7,-24.62431835216408,146.25,9,0
55070,7,-24.62431835216408,157.5,10,0
55071,7,-24.62431835216408,168.75,6,0
55072,7,-24.62431835216408,-180.0,10,0
55073,7,-24.62431835216408,-168.75,9,0
55074,7,-24.62431835216408,-157.5,9,0
55075,7,-24.62431835216408,-146.25,9,0
55076,7,-24.62431835216408,-135.0,11,0
55077,7,-24.62431835216408,-123.75,8,0
55078,7,-24.62431835216408,-112.5,9,0
55079,7,-24.62431835216408,-101.25,8,0
55080,7,-24.62431835216408,-90.0,8,0
55081,7,-24.62431835216408,-78.75000000000006,10,0
55082,7,-24.62431835216408,-67.5,8,0
55083,7,-24.62431835216408,-56.25,9,0
55084,7,-24.62431835216408,-45.0,10,0
55085,7,-24.62431835216408,-33.75000000000006,12,0
55086,7,-24.62431835216408,-22.5,17,0
55087,7,-24.62431835216408,-11.25,13,1
55088,7,-30.000000000000014,5.625,7,0
55089,7,-30.000000000000014,16.875,9,0
55090,7,-30.000000000000014,28.125,11,0
55091,7,-30.000000000000014,39.375,8,0
55092,7,-30.000000000000014,50.625,10,0
55093,7,-30.000000000000014,61.875,8,0
55094,7,-30.000000000000014,73.125,12,0
55095,7,-30.000000000000014,84.375,14,0
55096,7,-30.000000000000014,95.625,7,0
55097,7,-30.000000000000014,106.875,6,0
55098,7,-30.000000000000014,118.125,13,0
55099,7,-30.000000000000014,129.375,9,0
55100,7,-30.000000000000014,140.625,10,0
55101,7,-30.000000000000014,151.875,12,0
55102,7,-30.000000000000014,163.125,20,0
55103,7,-30.000000000000014,174.375,11,0
55104,7,-30.000000000000014,-174.375,10,0
55105,7,-30.000000000000014,-163.125,12,0
55106,7,-30.000000000000014,-151.875,9,0
55107,7,-30.000000000000014,-140.625,9,0
55108,7,-30.000000000000014,-129.37500000000006,7,0
55109,7,-30.000000000000014,-118.125,5,0
55110,7,-30.000000000000014,-106.875,11,0
55111,7,-30.000000000000014,-95.625,9,0
55112,7,-30.000000000000014,-84.375,9,0
55113,7,-30.000000000000014,-73.12500000000006,6,0
55114,7,-30.000000000000014,-61.875,11,0
55115,7,-30.000000000000014,-50.625,4,0
55116,7,-30.000000000000014,-39.375,13,0
55117,7,-30.000000000000014,-28.125,13,0
55118,7,-30.000000000000014,-16.875,13,0
55119,7,-30.000000000000014,-5.625,11,0
55120,7,-35.68533471265205,0.0,4,0
55121,7,-35.68533471265205,11.25,8,0
55122,7,-35.68533471265205,22.5,11,0
55123,7,-35.68533471265205,33.75,14,0
55124,7,-35.68533471265205,45.0,16,0
55125,7,-35.68533471265205,56.25,9,0
55126,7,-35.68533471265205,67.5,12,0
55127,7,-35.68533471265205,78.75,15,0
55128,7,-35.68533471265205,90.0,10,0
55129,7,-35.68533471265205,101.25,4,0
55130,7,-35.68533471265205,112.5,10,0
55131,7,-35.68533471265205,123.75,4,0
55132,7,-35.68533471265205,135.0,9,0
55133,7,-35.68533471265205,146.25,11,0
55134,7,-35.68533471265205,157.5,15,0
55135,7,-35.68533471265205,168.75,16,0
55136,7,-35.68533471265205,-180.0,9,0
55137,7,-35.68533471265205,-168.75,7,0
55138,7,-35.68533471265205,-157.5,10,0
55139,7,-35.68533471265205,-146.25,9,0
55140,7,-35.68533471265205,-135.0,8,0
55141,7,-35.68533471265205,-123.75,7,0
55142,7,-35.68533471265205,-112.5,8,0
55143,7,-35.68533471265205,-101.25,6,0
55144,7,-35.68533471265205,-90.0,7,0
55145,7,-35.68533471265205,-78.75000000000006,8,0
55146,7,-35.68533471265205,-67.5,8,0
55147,7,-35.68533471265205,-56.25,13,0
55148,7,-35.68533471265205,-45.0,11,0
55149,7,-35.68533471265205,-33.75000000000006,17,0
55150,7,-35.68533471265205,-22.5,11,0
55151,7,-35.68533471265205,-11.25,12,0
55152,7,-41.81031489577862,5.625,15,0
55153,7,-41.81031489577862,16.875,11,0
55154,7,-41.81031489577862,28.125,10,0
55155,7,-41.81031489577862,39.375,5,0
55156,7,-41.81031489577862,50.625,8,0
55157,7,-41.81031489577862,61.875,9,0
55158,7,-41.81031489577862,73.125,11,0
55159,7,-41.81031489577862,84.375,10,0
55160,7,-41.81031489577862,95.625,6,0
55161,7,-41.81031489577862,106.875,12,0
55162,7,-41.81031489577862,118.125,9,0
55163,7,-41.81031489577862,129.375,6,0
55164,7,-41.81031489577862,140.625,8,0
55165,7,-41.81031489577862,151.875,12,0
55166,7,-41.81031489577862,163.125,9,0
55167,7,-41.81031489577862,174.375,13,0
55168,7,-41.81031489577862,-174.375,5,0
55169,7,-41.81031489577862,-163.125,11,0
55170,7,-41.81031489577862,-151.875,13,0
55171,7,-41.81031489577862,-140.625,10,0
55172,7,-41.81031489577862,-129.37500000000006,11,0
55173,7,-41.81031489577862,-118.125,6,0
55174,7,-41.81031489577862,-106.875,13,0
55175,7,-41.81031489577862,-95.625,7,0
55176,7,-41.81031489577862,-84.375,11,0
55177,7,-41.81031489577862,-73.12500000000006,8,0
55178,7,-41.81031489577862,-61.875,13,0
55179,7,-41.81031489577862,-50.625,20,0
55180,7,-41.81031489577862,-39.375,12,0
55181,7,-41.81031489577862,-28.125,9,0
55182,7,-41.81031489577862,-16.875,10,0
55183,7,-41.81031489577862,-5.625,13,0
55184,7,-48.1412077943603,6.428571428571416,8,0
55185,7,-48.1412077943603,19.285714285714278,13,0
55186,7,-48.1412077943603,32.14285714285714,11,0
55187,7,-48.1412077943603,45.0,15,0
55188,7,-48.1412077943603,57.85714285714286,16,0
55189,7,-48.1412077943603,70.71428571428572,10,0
55190,7,-48.1412077943603,83.57142857142856,10,0
55191,7,-48.1412077943603,96.42857142857144,8,0
55192,7,-48.1412077943603,109.28571428571428,9,0
55193,7,-48.1412077943603,122.14285714285711,13,0
55194,7,-48.1412077943603,135.0,12,0
55195,7,-48.1412077943603,147.8571428571429,11,0
55196,7,-48.1412077943603,160.71428571428572,7,0
55197,7,-48.1412077943603,173.57142857142856,12,0
55198,7,-48.1412077943603,-173.57142857142856,14,0
55199,7,-48.1412077943603,-160.71428571428572,10,0
55200,7,-48.1412077943603,-147.8571428571429,11,0
55201,7,-48.1412077943603,-135.0,12,0
55202,7,-48.1412077943603,-122.14285714285711,9,0
55203,7,-48.1412077943603,-109.28571428571428,13,0
55204,7,-48.1412077943603,-96.42857142857144,7,0
55205,7,-48.1412077943603,-83.57142857142856,7,0
55206,7,-48.1412077943603,-70.71428571428572,12,0
55207,7,-48.1412077943603,-57.85714285714283,10,0
55208,7,-48.1412077943603,-45.0,13,0
55209,7,-48.1412077943603,-32.14285714285717,7,0
55210,7,-48.1412077943603,-19.28571428571422,11,0
55211,7,-48.1412077943603,-6.428571428571445,15,0
55212,7,-54.340912303861245,7.5,7,0
55213,7,-54.340912303861245,22.5,10,0
55214,7,-54.340912303861245,37.5,9,0
55215,7,-54.340912303861245,52.5,14,0
55216,7,-54.340912303861245,67.5,20,0
55217,7,-54.340912303861245,82.5,11,0
55218,7,-54.340912303861245,97.5,11,0
55219,7,-54.340912303861245,112.5,4,0
55220,7,-54.340912303861245,127.5,9,0
55221,7,-54.340912303861245,142.5,13,0
55222,7,-54.340912303861245,157.5,11,0
55223,7,-54.340912303861245,172.5,6,0
55224,7,-54.340912303861245,-172.5,16,0
55225,7,-54.340912303861245,-157.5,9,0
55226,7,-54.340912303861245,-142.5,12,0
55227,7,-54.340912303861245,-127.5,9,0
55228,7,-54.340912303861245,-112.5,9,0
55229,7,-54.340912303861245,-97.5,6,0
55230,7,-54.340912303861245,-82.5,9,0
55231,7,-54.340912303861245,-67.5,15,0
55232,7,-54.340912303861245,-52.50000000000006,9,0
55233,7,-54.340912303861245,-37.5,9,0
55234,7,-54.340912303861245,-22.5,11,0
55235,7,-54.340912303861245,-7.5,14,0
55236,7,-60.4344388449523,9.0,13,0
55237,7,-60.4344388449523,27.0,8,0
55238,7,-60.4344388449523,45.0,6,0
55239,7,-60.4344388449523,63.0,14,0
55240,7,-60.4344388449523,81.0,8,0
55241,7,-60.4344388449523,99.0,11,0
55242,7,-60.4344388449523,117.0,7,0
55243,7,-60.4344388449523,135.0,7,0
55244,7,-60.4344388449523,153.0,11,0
55245,7,-60.4344388449523,171.0,5,0
55246,7,-60.4344388449523,-171.0,11,0
55247,7,-60.4344388449523,-153.0,11,0
55248,7,-60.4344388449523,-135.0,8,0
55249,7,-60.4344388449523,-117.0,7,0
55250,7,-60.4344388449523,-99.0,7,0
55251,7,-60.4344388449523,-81.0,11,0
55252,7,-60.4344388449523,-63.0,10,0
55253,7,-60.4344388449523,-45.0,13,0
55254,7,-60.4344388449523,-27.0,8,0
55255,7,-60.4344388449523,-9.0,9,0
55256,7,-66.44353569089876,11.25,8,0
55257,7,-66.44353569089876,33.75,11,0
55258,7,-66.44353569089876,56.25,14,0
55259,7,-66.44353569089876,78.75,7,0
55260,7,-66.44353569089876,101.25,7,0
55261,7,-66.44353569089876,123.75,11,0
55262,7,-66.44353569089876,146.25,7,0
55263,7,-66.44353569089876,168.75,2,0
55264,7,-66.44353569089876,-168.75,8,0
55265,7,-66.44353569089876,-146.25,11,0
55266,7,-66.44353569089876,-123.75,11,0
55267,7,-66.44353569089876,-101.25,9,1
55268,7,-66.44353569089876,-78.75,9,0
55269,7,-66.44353569089876,-56.25,15,0
55270,7,-66.44353569089876,-33.75,13,0
55271,7,-66.44353569089876,-11.25,5,0
55272,7,-72.38756092964962,15.0,11,0
55273,7,-72.38756092964962,45.0,12,0
55274,7,-72.38756092964962,75.0,12,0
55275,7,-72.38756092964962,105.0,9,0
55276,7,-72.38756092964962,135.0,4,0
55277,7,-72.38756092964962,165.0,7,0
55278,7,-72.38756092964962,-165.0,10,0
55279,7,-72.38756092964962,-135.0,9,0
55280,7,-72.38756092964962,-105.0,9,1
55281,7,-72.38756092964962,-75.0,13,0
55282,7,-72.38756092964962,-45.0,7,0
55283,7,-72.38756092964962,-15.0,9,0
55284,7,-78.28414760510762,22.5,14,0
55285,7,-78.28414760510762,67.5,9,0
55286,7,-78.28414760510762,112.5,7,0
55287,7,-78.28414760510762,157.5,8,0
55288,7,-78.28414760510762,-157.5,9,0
55289,7,-78.28414760510762,-112.5,5,0
55290,7,-78.28414760510762,-67.5,12,0
55291,7,-78.28414760510762,-22.5,7,0
55292,7,-84.14973293629666,45.0,12,0
55293,7,-84.14973293629666,135.0,9,0
55294,7,-84.14973293629666,-135.0,9,0
55295,7,-84.14973293629666,-45.0,8,0
55296,7,84.14973293629666,45.0,18,0
55297,7,84.14973293629666,135.0,11,0
55298,7,84.14973293629666,-135.0,6,0
55299,7,84.14973293629666,-45.0,10,0
55300,7,78.28414760510762,22.5,12,0
55301,7,78.28414760510762,67.5,14,0
55302,7,78.28414760510762,112.5,11,0
55303,7,78.28414760510762,157.5,9,0
55304,7,78.28414760510762,-157.5,7,0
55305,7,78.28414760510762,-112.5,11,0
55306,7,78.28414760510762,-67.5,8,0
55307,7,78.28414760510762,-22.5,7,0
55308,7,72.38756092964962,15.0,12,0
55309,7,72.38756092964962,45.0,11,0
55310,7,72.38756092964962,75.0,9,0
55311,7,72.38756092964962,105.0,7,0
55312,7,72.38756092964962,135.0,10,0
55313,7,72.38756092964962,165.0,11,0
55314,7,72.38756092964962,-165.0,9,0
55315,7,72.38756092964962,-135.0,11,0
55316,7,72.38756092964962,-105.0,9,0
55317,7,72.38756092964962,-75.0,9,1
55318,7,72.38756092964962,-45.0,7,0
55319,7,72.38756092964962,-15.0,12,0
55320,7,66.44353569089877,11.25,9,0
55321,7,66.44353569089877,33.75,7,0
55322,7,66.44353569089877,56.25,8,0
55323,7,66.44353569089877,78.75,14,0
55324,7,66.44353569089877,101.25,8,0
55325,7,66.44353569089877,123.75,13,0
55326,7,66.44353569089877,146.25,9,0
55327,7,66.44353569089877,168.75,15,0
55328,7,66.44353569089877,-168.75,9,0
55329,7,66.44353569089877,-146.25,18,0
55330,7,66.44353569089877,-123.75,9,0
55331,7,66.44353569089877,-101.25,7,1
55332,7,66.44353569089877,-78.75,5,1
55333,7,66.44353569089877,-56.25,8,0
55334,7,66.44353569089877,-33.75,9,0
55335,7,66.44353569089877,-11.25,12,0
55336,7,60.43443884495228,9.0,16,0
55337,7,60.43443884495228,27.0,8,0
55338,7,60.43443884495228,45.0,10,0
55339,7,60.43443884495228,63.0,16,0
55340,7,60.43443884495228,81.0,15,0
55341,7,60.43443884495228,99.0,6,0
55342,7,60.43443884495228,117.0,21,0
55343,7,60.43443884495228,135.0,13,0
55344,7,60.43443884495228,153.0,17,0
55345,7,60.43443884495228,171.0,10,0
55346,7,60.43443884495228,-171.0,8,0
55347,7,60.43443884495228,-153.0,8,0
55348,7,60.43443884495228,-135.0,10,0
55349,7,60.43443884495228,-117.0,6,0
55350,7,60.43443884495228,-99.0,9,0
55351,7,60.43443884495228,-81.0,4,0
55352,7,60.43443884495228,-63.0,7,0
55353,7,60.43443884495228,-45.0,11,0
55354,7,60.43443884495228,-27.0,7,0
55355,7,60.43443884495228,-9.0,12,0
55356,7,54.340912303861245,7.5,11,0
55357,7,54.340912303861245,22.5,7,0
55358,7,54.340912303861245,37.5,9,0
55359,7,54.340912303861245,52.5,14,0
55360,7,54.340912303861245,67.5,16,0
55361,7,54.340912303861245,82.5,15,0
55362,7,54.340912303861245,97.5,8,0
55363,7,54.340912303861245,112.5,16,0
55364,7,54.340912303861245,127.5,18,0
55365,7,54.340912303861245,142.5,15,0
55366,7,54.340912303861245,157.5,16,0
55367,7,54.340912303861245,172.5,6,0
55368,7,54.340912303861245,-172.5,8,0
55369,7,54.340912303861245,-157.5,9,0
55370,7,54.340912303861245,-142.5,4,0
55371,7,54.340912303861245,-127.5,8,0
55372,7,54.340912303861245,-112.5,9,0
55373,7,54.340912303861245,-97.5,8,0
55374,7,54.340912303861245,-82.5,3,0
55375,7,54.340912303861245,-67.5,6,0
55376,7,54.340912303861245,-52.50000000000006,15,0
55377,7,54.340912303861245,-37.5,11,0
55378,7,54.340912303861245,-22.5,10,0
55379,7,54.340912303861245,-7.5,5,0
55380,7,48.141207794360284,6.428571428571416,6,0
55381,7,48.141207794360284,19.285714285714278,5,0
55382,7,48.141207794360284,32.14285714285714,8,0
55383,7,48.141207794360284,45.0,11,0
55384,7,48.141207794360284,57.85714285714286,10,0
55385,7,48.141207794360284,70.71428571428572,16,0
55386,7,48.141207794360284,83.57142857142856,13,0
55387,7,48.141207794360284,96.42857142857144,14,0
55388,7,48.141207794360284,109.28571428571428,19,0
55389,7,48.141207794360284,122.14285714285711,7,0
55390,7,48.141207794360284,135.0,14,0
55391,7,48.141207794360284,147.8571428571429,13,0
55392,7,48.141207794360284,160.71428571428572,14,0
55393,7,48.141207794360284,173.57142857142856,10,0
55394,7,48.141207794360284,-173.57142857142856,7,0
55395,7,48.141207794360284,-160.71428571428572,10,0
55396,7,48.141207794360284,-147.8571428571429,10,0
55397,7,48.141207794360284,-135.0,10,0
55398,7,48.141207794360284,-122.14285714285711,10,0
55399,7,48.141207794360284,-109.28571428571428,10,0
55400,7,48.141207794360284,-96.42857142857144,7,0
55401,7,48.141207794360284,-83.57142857142856,11,0
55402,7,48.141207794360284,-70.71428571428572,9,0
55403,7,48.141207794360284,-57.85714285714283,12,0
55404,7,48.141207794360284,-45.0,11,0
55405,7,48.141207794360284,-32.14285714285717,13,0
55406,7,48.141207794360284,-19.28571428571422,12,0
55407,7,48.141207794360284,-6.428571428571445,12,0
55408,7,41.81031489577859,5.625,10,0
55409,7,41.81031489577859,16.875,12,0
55410,7,41.81031489577859,28.125,4,0
55411,7,41.81031489577859,39.375,7,0
55412,7,41.81031489577859,50.625,15,0
55413,7,41.81031489577859,61.875,13,0
55414,7,41.81031489577859,73.125,10,0
55415,7,41.81031489577859,84.375,13,0
55416,7,41.81031489577859,95.625,13,0
55417,7,41.81031489577859,106.875,18,0
55418,7,41.81031489577859,118.125,6,0
55419,7,41.81031489577859,129.375,10,0
55420,7,41.81031489577859,140.625,15,0
55421,7,41.81031489577859,151.875,9,0
55422,7,41.81031489577859,163.125,8,0
55423,7,41.81031489577859,174.375,8,0
55424,7,41.81031489577859,-174.375,6,0
55425,7,41.81031489577859,-163.125,8,0
55426,7,41.81031489577859,-151.875,16,0
55427,7,41.81031489577859,-140.625,12,0
55428,7,41.81031489577859,-129.37500000000006,10,0
55429,7,41.81031489577859,-118.125,6,0
55430,7,41.81031489577859,-106.875,10,0
55431,7,41.81031489577859,-95.625,12,0
55432,7,41.81031489577859,-84.375,13,0
55433,7,41.81031489577859,-73.12500000000006,12,0
55434,7,41.81031489577859,-61.875,7,0
55435,7,41.81031489577859,-50.625,9,0
55436,7,41.81031489577859,-39.375,10,0
55437,7,41.81031489577859,-28.125,12,0
55438,7,41.81031489577859,-16.875,12,0
55439,7,41.81031489577859,-5.625,6,0
55440,7,35.68533471265204,0.0,8,0
55441,7,35.68533471265204,11.25,13,0
55442,7,35.68533471265204,22.5,12,0
55443,7,35.68533471265204,33.75,5,0
55444,7,35.68533471265204,45.0,10,0
55445,7,35.68533471265204,56.25,11,0
55446,7,35.68533471265204,67.5,6,0
55447,7,35.68533471265204,78.75,10,0
55448,7,35.68533471265204,90.0,11,0
55449,7,35.68533471265204,101.25,11,0
55450,7,35.68533471265204,112.5,9,0
55451,7,35.68533471265204,123.75,6,0
55452,7,35.68533471265204,135.0,6,0
55453,7,35.68533471265204,146.25,7,0
55454,7,35.68533471265204,157.5,12,0
55455,7,35.68533471265204,168.75,7,0
55456,7,35.68533471265204,-180.0,3,0
55457,7,35.68533471265204,-168.75,7,0
55458,7,35.68533471265204,-157.5,9,0
55459,7,35.68533471265204,-146.25,15,0
55460,7,35.68533471265204,-135.0,11,0
55461,7,35.68533471265204,-123.75,11,0
55462,7,35.68533471265204,-112.5,8,0
55463,7,35.68533471265204,-101.25,6,0
55464,7,35.68533471265204,-90.0,9,0
55465,7,35.68533471265204,-78.75000000000006,8,0
55466,7,35.68533471265204,-67.5,10,0
55467,7,35.68533471265204,-56.25,7,0
55468,7,35.68533471265204,-45.0,13,0
55469,7,35.68533471265204,-33.75000000000006,6,0
55470,7,35.68533471265204,-22.5,12,0
55471,7,35.68533471265204,-11.25,9,0
55472,7,30.000000000000007,5.625,7,0
55473,7,30.000000000000007,16.875,11,0
55474,7,30.000000000000007,28.125,11,0
55475,7,30.000000000000007,39.375,8,0
55476,7,30.000000000000007,50.625,16,0
55477,7,30.000000000000007,61.875,3,0
55478,7,30.000000000000007,73.125,7,0
55479,7,30.000000000000007,84.375,6,0
55480,7,30.000000000000007,95.625,13,0
55481,7,30.000000000000007,106.875,11,0
55482,7,30.000000000000007,118.125,10,0
55483,7,30.000000000000007,129.375,6,0
55484,7,30.000000000000007,140.625,6,0
55485,7,30.000000000000007,151.875,9,0
55486,7,30.000000000000007,163.125,8,0
55487,7,30.000000000000007,174.375,8,0
55488,7,30.000000000000007,-174.375,8,0
55489,7,30.000000000000007,-163.125,12,0
55490,7,30.000000000000007,-151.875,9,0
55491,7,30.000000000000007,-140.625,10,0
55492,7,30.000000000000007,-129.37500000000006,10,0
55493,7,30.000000000000007,-118.125,7,0
55494,7,30.000000000000007,-106.875,11,0
55495,7,30.000000000000007,-95.625,11,0
55496,7,30.000000000000007,-84.375,9,0
55497,7,30.000000000000007,-73.12500000000006,16,0
55498,7,30.000000000000007,-61.875,14,0
55499,7,30.000000000000007,-50.625,14,0
55500,7,30.000000000000007,-39.375,6,0
55501,7,30.000000000000007,-28.125,9,0
55502,7,30.000000000000007,-16.875,9,0
55503,7,30.000000000000007,-5.625,10,0
55504,7,24.62431835216408,0.0,10,0
55505,7,24.62431835216408,11.25,6,0
55506,7,24.62431835216408,22.5,17,0
55507,7,24.62431835216408,33.75,12,0
55508,7,24.62431835216408,45.0,9,0
55509,7,24.62431835216408,56.25,8,0
55510,7,24.62431835216408,67.5,9,0
55511,7,24.62431835216408,78.75,6,0
55512,7,24.62431835216408,90.0,8,0
55513,7,24.62431835216408,101.25,13,0
55514,7,24.62431835216408,112.5,8,0
55515,7,24.62431835216408,123.75,8,0
55516,7,24.62431835216408,135.0,5,0
55517,7,24.62431835216408,146.25,6,0
55518,7,24.62431835216408,157.5,6,0
55519,7,24.62431835216408,168.75,13,0
55520,7,24.62431835216408,-180.0,12,0
55521,7,24.62431835216408,-168.75,7,0
55522,7,24.62431835216408,-157.5,12,0
55523,7,24.62431835216408,-146.25,7,0
55524,7,24.62431835216408,-135.0,11,0
55525,7,24.62431835216408,-123.75,6,0
55526,7,24.62431835216408,-112.5,11,0
55527,7,24.62431835216408,-101.25,12,0
55528,7,24.62431835216408,-90.0,9,0
55529,7,24.62431835216408,-78.75000000000006,8,0
55530,7,24.62431835216408,-67.5,12,0
55531,7,24.62431835216408,-56.25,14,0
55532,7,24.62431835216408,-45.0,12,0
55533,7,24.62431835216408,-33.75000000000006,9,0
55534,7,24.62431835216408,-22.5,6,0
55535,7,24.62431835216408,-11.25,6,0
55536,7,19.47122063449069,5.625,12,0
55537,7,19.47122063449069,16.875,7,0
55538,7,19.47122063449069,28.125,13,0
55539,7,19.47122063449069,39.375,14,0
55540,7,19.47122063449069,50.625,12,0
55541,7,19.47122063449069,61.875,13,0
55542,7,19.47122063449069,73.125,7,0
55543,7,19.47122063449069,84.375,12,0
55544,7,19.47122063449069,95.625,11,0
55545,7,19.47122063449069,106.875,11,0
55546,7,19.47122063449069,118.125,9,0
55547,7,19.47122063449069,129.375,7,0
55548,7,19.47122063449069,140.625,12,0
55549,7,19.47122063449069,151.875,6,0
55550,7,19.47122063449069,163.125,7,0
55551,7,19.47122063449069,174.375,15,0
55552,7,19.47122063449069,-174.375,8,0
55553,7,19.47122063449069,-163.125,7,0
55554,7,19.47122063449069,-151.875,6,0
55555,7,19.47122063449069,-140.625,7,0
55556,7,19.47122063449069,-129.37500000000006,10,0
55557,7,19.47122063449069,-118.125,11,0
55558,7,19.47122063449069,-106.875,8,0
55559,7,19.47122063449069,-95.625,7,0
55560,7,19.47122063449069,-84.375,10,0
55561,7,19.47122063449069,-73.12500000000006,7,1
55562,7,19.47122063449069,-61.875,15,0
55563,7,19.47122063449069,-50.625,9,0
55564,7,19.47122063449069,-39.375,8,0
55565,7,19.47122063449069,-28.125,7,0
55566,7,19.47122063449069,-16.875,8,0
55567,7,19.47122063449069,-5.625,11,0
55568,7,14.477512185929925,0.0,13,0
55569,7,14.477512185929925,11.25,4,0
55570,7,14.477512185929925,22.5,11,0
55571,7,14.477512185929925,33.75,7,0
55572,7,14.477512185929925,45.0,19,0
55573,7,14.477512185929925,56.25,12,0
55574,7,14.477512185929925,67.5,11,1
55575,7,14.477512185929925,78.75,12,0
55576,7,14.477512185929925,90.0,18,0
55577,7,14.477512185929925,101.25,11,0
55578,7,14.477512185929925,112.5,8,0
55579,7,14.477512185929925,123.75,14,0
55580,7,14.477512185929925,135.0,10,0
55581,7,14.477512185929925,146.25,9,0
55582,7,14.477512185929925,157.5,12,0
55583,7,14.477512185929925,168.75,15,1
55584,7,14.477512185929925,-180.0,7,0
55585,7,14.477512185929925,-168.75,10,0
55586,7,14.477512185929925,-157.5,8,0
55587,7,14.477512185929925,-146.25,6,0
55588,7,14.477512185929925,-135.0,8,0
55589,7,14.477512185929925,-123.75,14,0
55590,7,14.477512185929925,-112.5,14,0
55591,7,14.477512185929925,-101.25,7,0
55592,7,14.477512185929925,-90.0,7,0
55593,7,14.477512185929925,-78.75000000000006,7,1
55594,7,14.477512185929925,-67.5,7,0
55595,7,14.477512185929925,-56.25,12,0
55596,7,14.477512185929925,-45.0,9,0
55597,7,14.477512185929925,-33.75000000000006,9,0
55598,7,14.477512185929925,-22.5,6,0
55599,7,14.477512185929925,-11.25,12,0
55600,7,9.594068226860458,5.625,11,0
55601,7,9.594068226860458,16.875,10,0
55602,7,9.594068226860458,28.125,9,0
55603,7,9.594068226860458,39.375,14,0
55604,7,9.594068226860458,50.625,6,0
55605,7,9.594068226860458,61.875,12,1
55606,7,9.594068226860458,73.125,9,0
55607,7,9.594068226860458,84.375,11,0
55608,7,9.594068226860458,95.625,10,0
55609,7,9.594068226860458,106.875,8,0
55610,7,9.594068226860458,118.125,15,0
55611,7,9.594068226860458,129.375,7,1
55612,7,9.594068226860458,140.625,14,0
55613,7,9.594068226860458,151.875,7,0
55614,7,9.594068226860458,163.125,19,0
55615,7,9.594068226860458,174.375,7,1
55616,7,9.594068226860458,-174.375,9,0
55617,7,9.594068226860458,-163.125,4,0
55618,7,9.594068226860458,-151.875,16,0
55619,7,9.594068226860458,-140.625,9,0
55620,7,9.594068226860458,-129.37500000000006,8,0
55621,7,9.594068226860458,-118.125,14,0
55622,7,9.594068226860458,-106.875,12,1
55623,7,9.594068226860458,-95.625,8,0
55624,7,9.594068226860458,-84.375,14,0
55625,7,9.594068226860458,-73.12500000000006,5,1
55626,7,9.594068226860458,-61.875,3,0
55627,7,9.594068226860458,-50.625,8,0
55628,7,9.594068226860458,-39.375,12,0
55629,7,9.594068226860458,-28.125,6,1
55630,7,9.594068226860458,-16.875,13,0
55631,7,9.594068226860458,-5.625,9,0
55632,7,4.780191847199163,0.0,8,1
55633,7,4.780191847199163,11.25,9,1
55634,7,4.780191847199163,22.5,9,0
55635,7,4.780191847199163,33.75,11,1
55636,7,4.780191847199163,45.0,9,2
55637,7,4.780191847199163,56.25,7,2
55638,7,4.780191847199163,67.5,8,2
55639,7,4.780191847199163,78.75,8,1
55640,7,4.780191847199163,90.0,9,2
55641,7,4.780191847199163,101.25,6,4
55642,7,4.780191847199163,112.5,7,2
55643,7,4.780191847199163,123.75,9,2
55644,7,4.780191847199163,135.0,9,1
55645,7,4.780191847199163,146.25,13,2
55646,7,4.780191847199163,157.5,8,2
55647,7,4.780191847199163,168.75,13,2
55648,7,4.780191847199163,-180.0,10,3
55649,7,4.780191847199163,-168.75,11,2
55650,7,4.780191847199163,-157.5,7,2
55651,7,4.780191847199163,-146.25,14,0
55652,7,4.780191847199163,-135.0,7,0
55653,7,4.780191847199163,-123.75,16,4
55654,7,4.780191847199163,-112.5,10,1
55655,7,4.780191847199163,-101.25,15,3
55656,7,4.780191847199163,-90.0,17,2
55657,7,4.780191847199163,-78.75000000000006,9,0
55658,7,4.780191847199163,-67.5,6,2
55659,7,4.780191847199163,-56.25,11,1
55660,7,4.780191847199163,-45.0,12,3
55661,7,4.780191847199163,-33.75000000000006,8,4
55662,7,4.780191847199163,-22.5,11,6
55663,7,4.780191847199163,-11.25,8,3
55664,7,0.0,5.625,5,3
55665,7,0.0,16.875,7,2
55666,7,0.0,28.125,12,2
55667,7,0.0,39.375,11,6
55668,7,0.0,50.625,8,3
55669,7,0.0,61.875,8,1
55670,7,0.0,73.125,15,5
55671,7,0.0,84.375,4,3
55672,7,0.0,95.625,8,3
55673,7,0.0,106.875,6,5
55674,7,0.0,118.125,12,1
55675,7,0.0,129.375,6,6
55676,7,0.0,140.625,8,2
55677,7,0.0,151.875,7,4
55678,7,0.0,163.125,9,3
55679,7,0.0,174.375,9,5
55680,7,0.0,-174.375,13,3
55681,7,0.0,-163.125,15,2
55682,7,0.0,-151.875,6,3
55683,7,0.0,-140.625,6,1
55684,7,0.0,-129.37500000000006,15,1
55685,7,0.0,-118.125,7,4
55686,7,0.0,-106.875,16,2
55687,7,0.0,-95.625,19,5
55688,7,0.0,-84.375,10,1
55689,7,0.0,-73.12500000000006,8,2
55690,7,0.0,-61.875,9,4
55691,7,0.0,-50.625,8,1
55692,7,0.0,-39.375,10,5
55693,7,0.0,-28.125,6,4
55694,7,0.0,-16.875,12,7
55695,7,0.0,-5.625,8,7
55696,7,-4.780191847199163,0.0,7,4
55697,7,-4.780191847199163,11.25,4,2
55698,7,-4.780191847199163,22.5,10,1
55699,7,-4.780191847199163,33.75,10,3
55700,7,-4.780191847199163,45.0,11,3
55701,7,-4.780191847199163,56.25,10,2
55702,7,-4.780191847199163,67.5,12,4
55703,7,-4.780191847199163,78.75,7,2
55704,7,-4.780191847199163,90.0,6,2
55705,7,-4.780191847199163,101.25,11,2
55706,7,-4.780191847199163,112.5,19,1
55707,7,-4.780191847199163,123.75,10,0
55708,7,-4.780191847199163,135.0,9,2
55709,7,-4.780191847199163,146.25,8,1
55710,7,-4.780191847199163,157.5,8,2
55711,7,-4.780191847199163,168.75,6,3
55712,7,-4.780191847199163,-180.0,11,1
55713,7,-4.780191847199163,-168.75,20,1
55714,7,-4.780191847199163,-157.5,14,2
55715,7,-4.780191847199163,-146.25,8,2
55716,7,-4.780191847199163,-135.0,4,0
55717,7,-4.780191847199163,-123.75,7,1
55718,7,-4.780191847199163,-112.5,10,1
55719,7,-4.780191847199163,-101.25,10,2
55720,7,-4.780191847199163,-90.0,12,3
55721,7,-4.780191847199163,-78.75000000000006,7,0
55722,7,-4.780191847199163,-67.5,8,3
55723,7,-4.780191847199163,-56.25,9,0
55724,7,-4.780191847199163,-45.0,7,0
55725,7,-4.780191847199163,-33.75000000000006,10,2
55726,7,-4.780191847199163,-22.5,12,1
55727,7,-4.780191847199163,-11.25,7,3
55728,7,-9.594068226860458,5.625,3,0
55729,7,-9.594068226860458,16.875,7,0
55730,7,-9.594068226860458,28.125,6,0
55731,7,-9.594068226860458,39.375,9,0
55732,7,-9.594068226860458,50.625,9,0
55733,7,-9.594068226860458,61.875,8,1
55734,7,-9.594068226860458,73.125,6,0
55735,7,-9.594068226860458,84.375,7,1
55736,7,-9.594068226860458,95.625,11,0
55737,7,-9.594068226860458,106.875,12,0
55738,7,-9.594068226860458,118.125,11,0
55739,7,-9.594068226860458,129.375,13,0
55740,7,-9.594068226860458,140.625,11,0
55741,7,-9.594068226860458,151.875,15,0
55742,7,-9.594068226860458,163.125,7,0
55743,7,-9.594068226860458,174.375,9,0
55744,7,-9.594068226860458,-174.375,14,0
55745,7,-9.594068226860458,-163.125,13,0
55746,7,-9.594068226860458,-151.875,13,0
55747,7,-9.594068226860458,-140.625,9,0
55748,7,-9.594068226860458,-129.37500000000006,5,0
55749,7,-9.594068226860458,-118.125,9,0
55750,7,-9.594068226860458,-106.875,8,0
55751,7,-9.594068226860458,-95.625,14,0
55752,7,-9.594068226860458,-84.375,4,0
55753,7,-9.594068226860458,-73.12500000000006,9,0
55754,7,-9.594068226860458,-61.875,12,0
55755,7,-9.594068226860458,-50.625,6,0
55756,7,-9.594068226860458,-39.375,15,0
55757,7,-9.594068226860458,-28.125,10,0
55758,7,-9.594068226860458,-16.875,11,0
55759,7,-9.594068226860458,-5.625,6,0
55760,7,-14.477512185929925,0.0,8,0
55761,7,-14.477512185929925,11.25,6,0
55762,7,-14.477512185929925,22.5,5,0
55763,7,-14.477512185929925,33.75,10,0
55764,7,-14.477512185929925,45.0,11,0
55765,7,-14.477512185929925,56.25,10,1
55766,7,-14.477512185929925,67.5,9,0
55767,7,-14.477512185929925,78.75,8,0
55768,7,-14.477512185929925,90.0,8,0
55769,7,-14.477512185929925,101.25,8,0
55770,7,-14.477512185929925,112.5,7,0
55771,7,-14.477512185929925,123.75,12,0
55772,7,-14.477512185929925,135.0,13,0
55773,7,-14.477512185929925,146.25,9,0
55774,7,-14.477512185929925,157.5,8,0
55775,7,-14.477512185929925,168.75,7,0
55776,7,-14.477512185929925,-180.0,10,0
55777,7,-14.477512185929925,-168.75,11,0
55778,7,-14.477512185929925,-157.5,9,0
55779,7,-14.477512185929925,-146.25,8,0
55780,7,-14.477512185929925,-135.0,9,0
55781,7,-14.477512185929925,-123.75,9,0
55782,7,-14.477512185929925,-112.5,5,0
55783,7,-14.477512185929925,-101.25,15,0
55784,7,-14.477512185929925,-90.0,3,0
55785,7,-14.477512185929925,-78.75000000000006,8,0
55786,7,-14.477512185929925,-67.5,12,0
55787,7,-14.477512185929925,-56.25,5,0
55788,7,-14.477512185929925,-45.0,14,0
55789,7,-14.477512185929925,-33.75000000000006,13,0
55790,7,-14.477512185929925,-22.5,9,0
55791,7,-14.477512185929925,-11.25,11,0
55792,7,-19.47122063449069,5.625,11,0
55793,7,-19.47122063449069,16.875,8,0
55794,7,-19.47122063449069,28.125,14,0
55795,7,-19.47122063449069,39.375,4,0
55796,7,-19.47122063449069,50.625,12,0
55797,7,-19.47122063449069,61.875,11,0
55798,7,-19.47122063449069,73.125,7,0
55799,7,-19.47122063449069,84.375,6,0
55800,7,-19.47122063449069,95.625,15,0
55801,7,-19.47122063449069,106.875,9,0
55802,7,-19.47122063449069,118.125,9,0
55803,7,-19.47122063449069,129.375,10,0
55804,7,-19.47122063449069,140.625,12,0
55805,7,-19.47122063449069,151.875,9,0
55806,7,-19.47122063449069,163.125,9,0
55807,7,-19.47122063449069,174.375,10,0
55808,7,-19.47122063449069,-174.375,11,0
55809,7,-19.47122063449069,-163.125,7,0
55810,7,-19.47122063449069,-151.875,9,0
55811,7,-19.47122063449069,-140.625,8,0
55812,7,-19.47122063449069,-129.37500000000006,16,0
55813,7,-19.47122063449069,-118.125,5,0
55814,7,-19.47122063449069,-106.875,11,0
55815,7,-19.47122063449069,-95.625,6,0
55816,7,-19.47122063449069,-84.375,5,0
55817,7,-19.47122063449069,-73.12500000000006,11,0
55818,7,-19.47122063449069,-61.875,11,0
55819,7,-19.47122063449069,-50.625,13,0
55820,7,-19.47122063449069,-39.375,11,0
55821,7,-19.47122063449069,-28.125,9,0
55822,7,-19.47122063449069,-16.875,14,1
55823,7,-19.47122063449069,-5.625,10,0
55824,7,-24.62431835216408,0.0,16,0
55825,7,-24.62431835216408,11.25,8,0
55826,7,-24.62431835216408,22.5,12,0
55827,7,-24.62431835216408,33.75,5,0
55828,7,-24.62431835216408,45.0,3,0
55829,7,-24.62431835216408,56.25,7,0
55830,7,-24.62431835216408,67.5,10,0
55831,7,-24.62431835216408,78.75,11,0
55832,7,-24.62431835216408,90.0,9,0
55833,7,-24.62431835216408,101.25,12,0
55834,7,-24.62431835216408,112.5,9,0
55835,7,-24.62431835216408,123.75,10,0
55836,7,-24.62431835216408,135.0,12,0
55837,7,-24.62431835216408,146.25,9,0
55838,7,-24.62431835216408,157.5,10,0
55839,7,-24.62431835216408,168.75,6,0
55840,7,-24.62431835216408,-180.0,10,0
55841,7,-24.62431835216408,-168.75,9,0
55842,7,-24.62431835216408,-157.5,9,0
55843,7,-24.62431835216408,-146.25,9,0
55844,7,-24.62431835216408,-135.0,11,0
55845,7,-24.62431835216408,-123.75,8,0
55846,7,-24.62431835216408,-112.5,9,0
55847,7,-24.62431835216408,-101.25,8,0
55848,7,-24.62431835216408,-90.0,8,0
55849,7,-24.62431835216408,-78.75000000000006,10,0
55850,7,-24.62431835216408,-67.5,8,0
55851,7,-24.62431835216408,-56.25,9,0
55852,7,-24.62431835216408,-45.0,10,0
55853,7,-24.62431835216408,-33.75000000000006,12,0
55854,7,-24.62431835216408,-22.5,17,0
55855,7,-24.62431835216408,-11.25,13,1
55856,7,-30.000000000000014,5.625,7,0
55857,7,-30.000000000000014,16.875,9,0
55858,7,-30.000000000000014,28.125,11,0
55859,7,-30.000000000000014,39.375,8,0
55860,7,-30.000000000000014,50.625,10,0
55861,7,-30.000000000000014,61.875,8,0
55862,7,-30.000000000000014,73.125,12,0
55863,7,-30.000000000000014,84.375,14,0
55864,7,-30.000000000000014,95.625,7,0
55865,7,-30.000000000000014,106.875,6,0
55866,7,-30.000000000000014,118.125,13,0
55867,7,-30.000000000000014,129.375,9,0
55868,7,-30.000000000000014,140.625,10,0
55869,7,-30.000000000000014,151.875,12,0
55870,7,-30.000000000000014,163.125,20,0
55871,7,-30.000000000000014,174.375,11,0
55872,7,-30.000000000000014,-174.375,10,0
55873,7,-30.000000000000014,-163.125,12,0
55874,7,-30.000000000000014,-151.875,9,0
55875,7,-30.000000000000014,-140.625,9,0
55876,7,-30.000000000000014,-129.37500000000006,7,0
55877,7,-30.000000000000014,-118.125,5,0
55878,7,-30.000000000000014,-106.875,11,0
55879,7,-30.000000000000014,-95.625,9,0
55880,7,-30.000000000000014,-84.375,9,0
55881,7,-30.000000000000014,-73.12500000000006,6,0
55882,7,-30.000000000000014,-61.875,11,0
55883,7,-30.000000000000014,-50.625,4,0
55884,7,-30.000000000000014,-39.375,13,0
55885,7,-30.000000000000014,-28.125,13,0
55886,7,-30.000000000000014,-16.875,13,0
55887,7,-30.000000000000014,-5.625,11,0
55888,7,-35.68533471265205,0.0,4,0
55889,7,-35.68533471265205,11.25,8,0
55890,7,-35.68533471265205,22.5,11,0
55891,7,-35.68533471265205,33.75,14,0
55892,7,-35.68533471265205,45.0,16,0
55893,7,-35.68533471265205,56.25,9,0
55894,7,-35.68533471265205,67.5,12,0
55895,7,-35.68533471265205,78.75,15,0
55896,7,-35.68533471265205,90.0,10,0
55897,7,-35.68533471265205,101.25,4,0
55898,7,-35.68533471265205,112.5,10,0
55899,7,-35.68533471265205,123.75,4,0
55900,7,-35.68533471265205,135.0,9,0
55901,7,-35.68533471265205,146.25,11,0
55902,7,-35.68533471265205,157.5,15,0
55903,7,-35.68533471265205,168.75,16,0
55904,7,-35.68533471265205,-180.0,9,0
55905,7,-35.68533471265205,-168.75,7,0
55906,7,-35.68533471265205,-157.5,10,0
55907,7,-35.68533471265205,-146.25,9,0
55908,7,-35.68533471265205,-135.0,8,0
55909,7,-35.68533471265205,-123.75,7,0
55910,7,-35.68533471265205,-112.5,8,0
55911,7,-35.68533471265205,-101.25,6,0
55912,7,-35.68533471265205,-90.0,7,0
55913,7,-35.68533471265205,-78.75000000000006,8,0
55914,7,-35.68533471265205,-67.5,8,0
55915,7,-35.68533471265205,-56.25,13,0
55916,7,-35.68533471265205,-45.0,11,0
55917,7,-35.68533471265205,-33.75000000000006,17,0
55918,7,-35.68533471265205,-22.5,11,0
55919,7,-35.68533471265205,-11.25,12,0
55920,7,-41.81031489577862,5.625,15,0
55921,7,-41.81031489577862,16.875,11,0
55922,7,-41.81031489577862,28.125,10,0
55923,7,-41.81031489577862,39.375,5,0
55924,7,-41.81031489577862,50.625,8,0
55925,7,-41.81031489577862,61.875,9,0
55926,7,-41.81031489577862,73.125,11,0
55927,7,-41.81031489577862,84.375,10,0
55928,7,-41.81031489577862,95.625,6,0
55929,7,-41.81031489577862,106.875,12,0
55930,7,-41.81031489577862,118.125,9,0
55931,7,-41.81031489577862,129.375,6,0
55932,7,-41.81031489577862,140.625,8,0
55933,7,-41.81031489577862,151.875,12,0
55934,7,-41.81031489577862,163.125,9,0
55935,7,-41.81031489577862,174.375,13,0
55936,7,-41.81031489577862,-174.375,5,0
55937,7,-41.81031489577862,-163.125,11,0
55938,7,-41.81031489577862,-151.875,13,0
55939,7,-41.81031489577862,-140.625,10,0
55940,7,-41.81031489577862,-129.37500000000006,11,0
55941,7,-41.81031489577862,-118.125,6,0
55942,7,-41.81031489577862,-106.875,13,0
55943,7,-41.81031489577862,-95.625,7,0
55944,7,-41.81031489577862,-84.375,11,0
55945,7,-41.81031489577862,-73.12500000000006,8,0
55946,7,-41.81031489577862,-61.875,13,0
55947,7,-41.81031489577862,-50.625,20,0
55948,7,-41.81031489577862,-39.375,12,0
55949,7,-41.81031489577862,-28.125,9,0
55950,7,-41.81031489577862,-16.875,10,0
55951,7,-41.81031489577862,-5.625,13,0
55952,7,-48.1412077943603,6.428571428571416,8,0
55953,7,-48.1412077943603,19.285714285714278,13,0
55954,7,-48.1412077943603,32.14285714285714,11,0
55955,7,-48.1412077943603,45.0,15,0
55956,7,-48.1412077943603,57.85714285714286,16,0
55957,7,-48.1412077943603,70.71428571428572,10,0
55958,7,-48.1412077943603,83.57142857142856,10,0
55959,7,-48.1412077943603,96.42857142857144,8,0
55960,7,-48.1412077943603,109.28571428571428,9,0
55961,7,-48.1412077943603,122.14285714285711,13,0
55962,7,-48.1412077943603,135.0,12,0
55963,7,-48.1412077943603,147.8571428571429,11,0
55964,7,-48.1412077943603,160.71428571428572,7,0
55965,7,-48.1412077943603,173.57142857142856,12,0
55966,7,-48.1412077943603,-173.57142857142856,14,0
55967,7,-48.1412077943603,-160.71428571428572,10,0
55968,7,-48.1412077943603,-147.8571428571429,11,0
55969,7,-48.1412077943603,-135.0,12,0
55970,7,-48.1412077943603,-122.14285714285711,9,0
55971,7,-48.1412077943603,-109.28571428571428,13,0
55972,7,-48.1412077943603,-96.42857142857144,7,0
55973,7,-48.1412077943603,-83.57142857142856,7,0
55974,7,-48.1412077943603,-70.71428571428572,12,0
55975,7,-48.1412077943603,-57.85714285714283,10,0
55976,7,-48.1412077943603,-45.0,13,0
55977,7,-48.1412077943603,-32.14285714285717,7,0
55978,7,-48.1412077943603,-19.28571428571422,11,0
55979,7,-48.1412077943603,-6.428571428571445,15,0
55980,7,-54.340912303861245,7.5,7,0
55981,7,-54.340912303861245,22.5,10,0
55982,7,-54.340912303861245,37.5,9,0
55983,7,-54.340912303861245,52.5,14,0
55984,7,-54.340912303861245,67.5,20,0
55985,7,-54.340912303861245,82.5,11,0
55986,7,-54.340912303861245,97.5,11,0
55987,7,-54.340912303861245,112.5,4,0
55988,7,-54.340912303861245,127.5,9,0
55989,7,-54.340912303861245,142.5,13,0
55990,7,-54.340912303861245,157.5,11,0
55991,7,-54.340912303861245,172.5,6,0
55992,7,-54.340912303861245,-172.5,16,0
55993,7,-54.340912303861245,-157.5,9,0
55994,7,-54.340912303861245,-142.5,12,0
55995,7,-54.340912303861245,-127.5,9,0
55996,7,-54.340912303861245,-112.5,9,0
55997,7,-54.340912303861245,-97.5,6,0
55998,7,-54.340912303861245,-82.5,9,0
55999,7,-54.340912303861245,-67.5,15,0
56000,7,-54.340912303861245,-52.50000000000006,9,0
56001,7,-54.340912303861245,-37.5,9,0
56002,7,-54.340912303861245,-22.5,11,0
56003,7,-54.340912303861245,-7.5,14,0
56004,7,-60.4344388449523,9.0,13,0
56005,7,-60.4344388449523,27.0,8,0
56006,7,-60.4344388449523,45.0,6,0
56007,7,-60.4344388449523,63.0,14,0
56008,7,-60.4344388449523,81.0,8,0
56009,7,-60.4344388449523,99.0,11,0
56010,7,-60.4344388449523,117.0,7,0
56011,7,-60.4344388449523,135.0,7,0
56012,7,-60.4344388449523,153.0,11,0
56013,7,-60.4344388449523,171.0,5,0
56014,7,-60.4344388449523,-171.0,11,0
56015,7,-60.4344388449523,-153.0,11,0
56016,7,-60.4344388449523,-135.0,8,0
56017,7,-60.4344388449523,-117.0,7,0
56018,7,-60.4344388449523,-99.0,7,0
56019,7,-60.4344388449523,-81.0,11,0
56020,7,-60.4344388449523,-63.0,10,0
56021,7,-60.4344388449523,-45.0,13,0
56022,7,-60.4344388449523,-27.0,8,0
56023,7,-60.4344388449523,-9.0,9,0
56024,7,-66.44353569089876,11.25,8,0
56025,7,-66.44353569089876,33.75,11,0
56026,7,-66.44353569089876,56.25,14,0
56027,7,-66.44353569089876,78.75,7,0
56028,7,-66.44353569089876,101.25,7,0
56029,7,-66.44353569089876,123.75,11,0
56030,7,-66.44353569089876,146.25,7,0
56031,7,-66.44353569089876,168.75,2,0
56032,7,-66.44353569089876,-168.75,8,0
56033,7,-66.44353569089876,-146.25,11,0
56034,7,-66.44353569089876,-123.75,11,0
56035,7,-66.44353569089876,-101.25,9,1
56036,7,-66.44353569089876,-78.75,9,0
56037,7,-66.44353569089876,-56.25,15,0
56038,7,-66.44353569089876,-33.75,13,0
56039,7,-66.44353569089876,-11.25,5,0
56040,7,-72.38756092964962,15.0,11,0
56041,7,-72.38756092964962,45.0,12,0
56042,7,-72.38756092964962,75.0,12,0
56043,7,-72.38756092964962,105.0,9,0
56044,7,-72.38756092964962,135.0,4,0
56045,7,-72.38756092964962,165.0,7,0
56046,7,-72.38756092964962,-165.0,10,0
56047,7,-72.38756092964962,-135.0,9,0
56048,7,-72.38756092964962,-105.0,9,1
56049,7,-72.38756092964962,-75.0,13,0
56050,7,-72.38756092964962,-45.0,7,0
56051,7,-72.38756092964962,-15.0,9,0
56052,7,-78.28414760510762,22.5,14,0
56053,7,-78.28414760510762,67.5,9,0
56054,7,-78.28414760510762,112.5,7,0
56055,7,-78.28414760510762,157.5,8,0
56056,7,-78.28414760510762,-157.5,9,0
56057,7,-78.28414760510762,-112.5,5,0
56058,7,-78.28414760510762,-67.5,12,0
56059,7,-78.28414760510762,-22.5,7,0
56060,7,-84.14973293629666,45.0,12,0
56061,7,-84.14973293629666,135.0,9,0
56062,7,-84.14973293629666,-135.0,9,0
56063,7,-84.14973293629666,-45.0,8,0
56064,7,84.14973293629666,45.0,18,0
56065,7,84.14973293629666,135.0,11,0
56066,7,84.14973293629666,-135.0,6,0
56067,7,84.14973293629666,-45.0,10,0
56068,7,78.28414760510762,22.5,12,0
56069,7,78.28414760510762,67.5,14,0
56070,7,78.28414760510762,112.5,11,0
56071,7,78.28414760510762,157.5,9,0
56072,7,78.28414760510762,-157.5,7,0
56073,7,78.28414760510762,-112.5,11,0
56074,7,78.28414760510762,-67.5,8,0
56075,7,78.28414760510762,-22.5,7,0
56076,7,72.38756092964962,15.0,12,0
56077,7,72.38756092964962,45.0,11,0
56078,7,72.38756092964962,75.0,9,0
56079,7,72.38756092964962,105.0,7,0
56080,7,72.38756092964962,135.0,10,0
56081,7,72.38756092964962,165.0,11,0
56082,7,72.38756092964962,-165.0,9,0
56083,7,72.38756092964962,-135.0,11,0
56084,7,72.38756092964962,-105.0,9,0
56085,7,72.38756092964962,-75.0,9,1
56086,7,72.38756092964962,-45.0,7,0
56087,7,72.38756092964962,-15.0,12,0
56088,7,66.44353569089877,11.25,9,0
56089,7,66.44353569089877,33.75,7,0
56090,7,66.44353569089877,56.25,8,0
56091,7,66.44353569089877,78.75,14,0
56092,7,66.44353569089877,101.25,8,0
56093,7,66.44353569089877,123.75,13,0
56094,7,66.44353569089877,146.25,9,0
56095,7,66.44353569089877,168.75,15,0
56096,7,66.44353569089877,-168.75,9,0
56097,7,66.44353569089877,-146.25,18,0
56098,7,66.44353569089877,-123.75,9,0
56099,7,66.44353569089877,-101.25,7,1
56100,7,66.44353569089877,-78.75,5,1
56101,7,66.44353569089877,-56.25,8,0
56102,7,66.44353569089877,-33.75,9,0
56103,7,66.44353569089877,-11.25,12,0
56104,7,60.43443884495228,9.0,16,0
56105,7,60.43443884495228,27.0,8,0
56106,7,60.43443884495228,45.0,10,0
56107,7,60.43443884495228,63.0,16,0
56108,7,60.43443884495228,81.0,15,0
56109,7,60.43443884495228,99.0,6,0
56110,7,60.43443884495228,117.0,21,0
56111,7,60.43443884495228,135.0,13,0
56112,7,60.43443884495228,153.0,17,0
56113,7,60.43443884495228,171.0,10,0
56114,7,60.43443884495228,-171.0,8,0
56115,7,60.43443884495228,-153.0,8,0
56116,7,60.43443884495228,-135.0,10,0
56117,7,60.43443884495228,-117.0,6,0
56118,7,60.43443884495228,-99.0,9,0
56119,7,60.43443884495228,-81.0,4,0
56120,7,60.43443884495228,-63.0,7,0
56121,7,60.43443884495228,-45.0,11,0
56122,7,60.43443884495228,-27.0,7,0
56123,7,60.43443884495228,-9.0,12,0
56124,7,54.340912303861245,7.5,11,0
56125,7,54.340912303861245,22.5,7,0
56126,7,54.340912303861245,37.5,9,0
56127,7,54.340912303861245,52.5,14,0
56128,7,54.340912303861245,67.5,16,0
56129,7,54.340912303861245,82.5,15,0
56130,7,54.340912303861245,97.5,8,0
56131,7,54.340912303861245,112.5,16,0
56132,7,54.340912303861245,127.5,18,0
56133,7,54.340912303861245,142.5,15,0
56134,7,54.340912303861245,157.5,16,0
56135,7,54.340912303861245,172.5,6,0
56136,7,54.340912303861245,-172.5,8,0
56137,7,54.340912303861245,-157.5,9,0
56138,7,54.340912303861245,-142.5,4,0
56139,7,54.340912303861245,-127.5,8,0
56140,7,54.340912303861245,-112.5,9,0
56141,7,54.340912303861245,-97.5,8,0
56142,7,54.340912303861245,-82.5,3,0
56143,7,54.340912303861245,-67.5,6,0
56144,7,54.340912303861245,-52.50000000000006,15,0
56145,7,54.340912303861245,-37.5,11,0
56146,7,54.340912303861245,-22.5,10,0
56147,7,54.340912303861245,-7.5,5,0
56148,7,48.141207794360284,6.428571428571416,6,0
56149,7,48.141207794360284,19.285714285714278,5,0
56150,7,48.141207794360284,32.14285714285714,8,0
56151,7,48.141207794360284,45.0,11,0
56152,7,48.141207794360284,57.85714285714286,10,0
56153,7,48.141207794360284,70.71428571428572,16,0
56154,7,48.141207794360284,83.57142857142856,13,0
56155,7,48.141207794360284,96.42857142857144,14,0
56156,7,48.141207794360284,109.28571428571428,19,0
56157,7,48.141207794360284,122.14285714285711,7,0
56158,7,48.141207794360284,135.0,14,0
56159,7,48.141207794360284,147.8571428571429,13,0
56160,7,48.141207794360284,160.71428571428572,14,0
56161,7,48.141207794360284,173.57142857142856,10,0
56162,7,48.141207794360284,-173.57142857142856,7,0
56163,7,48.141207794360284,-160.71428571428572,10,0
56164,7,48.141207794360284,-147.8571428571429,10,0
56165,7,48.141207794360284,-135.0,10,0
56166,7,48.141207794360284,-122.14285714285711,10,0
56167,7,48.141207794360284,-109.28571428571428,10,0
56168,7,48.141207794360284,-96.42857142857144,7,0
56169,7,48.141207794360284,-83.57142857142856,11,0
56170,7,48.141207794360284,-70.71428571428572,9,0
56171,7,48.141207794360284,-57.85714285714283,12,0
56172,7,48.141207794360284,-45.0,11,0
56173,7,48.141207794360284,-32.14285714285717,13,0
56174,7,48.141207794360284,-19.28571428571422,12,0
56175,7,48.141207794360284,-6.428571428571445,12,0
56176,7,41.81031489577859,5.625,10,0
56177,7,41.81031489577859,16.875,12,0
56178,7,41.81031489577859,28.125,4,0
56179,7,41.81031489577859,39.375,7,0
56180,7,41.81031489577859,50.625,15,0
56181,7,41.81031489577859,61.875,13,0
56182,7,41.81031489577859,73.125,10,0
56183,7,41.81031489577859,84.375,13,0
56184,7,41.81031489577859,95.625,13,0
56185,7,41.81031489577859,106.875,18,0
56186,7,41.81031489577859,118.125,6,0
56187,7,41.81031489577859,129.375,10,0
56188,7,41.81031489577859,140.625,15,0
56189,7,41.81031489577859,151.875,9,0
56190,7,41.81031489577859,163.125,8,0
56191,7,41.81031489577859,174.375,8,0
56192,7,41.81031489577859,-174.375,6,0
56193,7,41.81031489577859,-163.125,8,0
56194,7,41.81031489577859,-151.875,16,0
56195,7,41.81031489577859,-140.625,12,0
56196,7,41.81031489577859,-129.37500000000006,10,0
56197,7,41.81031489577859,-118.125,6,0
56198,7,41.81031489577859,-106.875,10,0
56199,7,41.81031489577859,-95.625,12,0
56200,7,41.81031489577859,-84.375,13,0
56201,7,41.81031489577859,-73.12500000000006,12,0
56202,7,41.81031489577859,-61.875,7,0
56203,7,41.81031489577859,-50.625,9,0
56204,7,41.81031489577859,-39.375,10,0
56205,7,41.81031489577859,-28.125,12,0
56206,7,41.81031489577859,-16.875,12,0
56207,7,41.81031489577859,-5.625,6,0
56208,7,35.68533471265204,0.0,8,0
56209,7,35.68533471265204,11.25,13,0
56210,7,35.68533471265204,22.5,12,0
56211,7,35.68533471265204,33.75,5,0
56212,7,35.68533471265204,45.0,10,0
56213,7,35.68533471265204,56.25,11,0
56214,7,35.68533471265204,67.5,6,0
56215,7,35.68533471265204,78.75,10,0
56216,7,35.68533471265204,90.0,11,0
56217,7,35.68533471265204,101.25,11,0
56218,7,35.68533471265204,112.5,9,0
56219,7,35.68533471265204,123.75,6,0
56220,7,35.68533471265204,135.0,6,0
56221,7,35.68533471265204,146.25,7,0
56222,7,35.68533471265204,157.5,12,0
56223,7,35.68533471265204,168.75,7,0
56224,7,35.68533471265204,-180.0,3,0
56225,7,35.68533471265204,-168.75,7,0
56226,7,35.68533471265204,-157.5,9,0
56227,7,35.68533471265204,-146.25,15,0
56228,7,35.68533471265204,-135.0,11,0
56229,7,35.68533471265204,-123.75,11,0
56230,7,35.68533471265204,-112.5,8,0
56231,7,35.68533471265204,-101.25,6,0
56232,7,35.68533471265204,-90.0,9,0
56233,7,35.68533471265204,-78.75000000000006,8,0
56234,7,35.68533471265204,-67.5,10,0
56235,7,35.68533471265204,-56.25,7,0
56236,7,35.68533471265204,-45.0,13,0
56237,7,35.68533471265204,-33.75000000000006,6,0
56238,7,35.68533471265204,-22.5,12,0
56239,7,35.68533471265204,-11.25,9,0
56240,7,30.000000000000007,5.625,7,0
56241,7,30.000000000000007,16.875,11,0
56242,7,30.000000000000007,28.125,11,0
56243,7,30.000000000000007,39.375,8,0
56244,7,30.000000000000007,50.625,16,0
56245,7,30.000000000000007,61.875,3,0
56246,7,30.000000000000007,73.125,7,0
56247,7,30.000000000000007,84.375,6,0
56248,7,30.000000000000007,95.625,13,0
56249,7,30.000000000000007,106.875,11,0
56250,7,30.000000000000007,118.125,10,0
56251,7,30.000000000000007,129.375,6,0
56252,7,30.000000000000007,140.625,6,0
56253,7,30.000000000000007,151.875,9,0
56254,7,30.000000000000007,163.125,8,0
56255,7,30.000000000000007,174.375,8,0
56256,7,30.000000000000007,-174.375,8,0
56257,7,30.000000000000007,-163.125,12,0
56258,7,30.000000000000007,-151.875,9,0
56259,7,30.000000000000007,-140.625,10,0
56260,7,30.000000000000007,-129.37500000000006,10,0
56261,7,30.000000000000007,-118.125,7,0
56262,7,30.000000000000007,-106.875,11,0
56263,7,30.000000000000007,-95.625,11,0
56264,7,30.000000000000007,-84.375,9,0
56265,7,30.000000000000007,-73.12500000000006,16,0
56266,7,30.000000000000007,-61.875,14,0
56267,7,30.000000000000007,-50.625,14,0
56268,7,30.000000000000007,-39.375,6,0
56269,7,30.000000000000007,-28.125,9,0
56270,7,30.000000000000007,-16.875,9,0
56271,7,30.000000000000007,-5.625,10,0
56272,7,24.62431835216408,0.0,10,0
56273,7,24.62431835216408,11.25,6,0
56274,7,24.62431835216408,22.5,17,0
56275,7,24.62431835216408,33.75,12,0
56276,7,24.62431835216408,45.0,9,0
56277,7,24.62431835216408,56.25,8,0
56278,7,24.62431835216408,67.5,9,0
56279,7,24.62431835216408,78.75,6,0
56280,7,24.62431835216408,90.0,8,0
56281,7,24.62431835216408,101.25,13,0
56282,7,24.62431835216408,112.5,8,0
56283,7,24.62431835216408,123.75,8,0
56284,7,24.62431835216408,135.0,5,0
56285,7,24.62431835216408,146.25,6,0
56286,7,24.62431835216408,157.5,6,0
56287,7,24.62431835216408,168.75,13,0
56288,7,24.62431835216408,-180.0,12,0
56289,7,24.62431835216408,-168.75,7,0
56290,7,24.62431835216408,-157.5,12,0
56291,7,24.62431835216408,-146.25,7,0
56292,7,24.62431835216408,-135.0,11,0
56293,7,24.62431835216408,-123.75,6,0
56294,7,24.62431835216408,-112.5,11,0
56295,7,24.62431835216408,-101.25,12,0
56296,7,24.62431835216408,-90.0,9,0
56297,7,24.62431835216408,-78.75000000000006,8,0
56298,7,24.62431835216408,-67.5,12,0
56299,7,24.62431835216408,-56.25,14,0
56300,7,24.62431835216408,-45.0,12,0
56301,7,24.62431835216408,-33.75000000000006,9,0
56302,7,24.62431835216408,-22.5,6,0
56303,7,24.62431835216408,-11.25,6,0
56304,7,19.47122063449069,5.625,12,0
56305,7,19.47122063449069,16.875,7,0
56306,7,19.47122063449069,28.125,13,0
56307,7,19.47122063449069,39.375,14,0
56308,7,19.47122063449069,50.625,12,0
56309,7,19.47122063449069,61.875,13,0
56310,7,19.47122063449069,73.125,7,0
56311,7,19.47122063449069,84.375,12,0
56312,7,19.47122063449069,95.625,11,0
56313,7,19.47122063449069,106.875,11,0
56314,7,19.47122063449069,118.125,9,0
56315,7,19.47122063449069,129.375,7,0
56316,7,19.47122063449069,140.625,12,0
56317,7,19.47122063449069,151.875,6,0
56318,7,19.47122063449069,163.125,7,0
56319,7,19.47122063449069,174.375,15,0
56320,7,19.47122063449069,-174.375,8,0
56321,7,19.47122063449069,-163.125,7,0
56322,7,19.47122063449069,-151.875,6,0
56323,7,19.47122063449069,-140.625,7,0
56324,7,19.47122063449069,-129.37500000000006,10,0
56325,7,19.47122063449069,-118.125,11,0
56326,7,19.47122063449069,-106.875,8,0
56327,7,19.47122063449069,-95.625,7,0
56328,7,19.47122063449069,-84.375,10,0
56329,7,19.47122063449069,-73.12500000000006,7,1
56330,7,19.47122063449069,-61.875,15,0
56331,7,19.47122063449069,-50.625,9,0
56332,7,19.47122063449069,-39.375,8,0
56333,7,19.47122063449069,-28.125,7,0
56334,7,19.47122063449069,-16.875,8,0
56335,7,19.47122063449069,-5.625,11,0
56336,7,14.477512185929925,0.0,13,0
56337,7,14.477512185929925,11.25,4,0
56338,7,14.477512185929925,22.5,11,0
56339,7,14.477512185929925,33.75,7,0
56340,7,14.477512185929925,45.0,19,0
56341,7,14.477512185929925,56.25,12,0
56342,7,14.477512185929925,67.5,11,1
56343,7,14.477512185929925,78.75,12,0
56344,7,14.477512185929925,90.0,18,0
56345,7,14.477512185929925,101.25,11,0
56346,7,14.477512185929925,112.5,8,0
56347,7,14.477512185929925,123.75,14,0
56348,7,14.477512185929925,135.0,10,0
56349,7,14.477512185929925,146.25,9,0
56350,7,14.477512185929925,157.5,12,0
56351,7,14.477512185929925,168.75,15,1
56352,7,14.477512185929925,-180.0,7,0
56353,7,14.477512185929925,-168.75,10,0
56354,7,14.477512185929925,-157.5,8,0
56355,7,14.477512185929925,-146.25,6,0
56356,7,14.477512185929925,-135.0,8,0
56357,7,14.477512185929925,-123.75,14,0
56358,7,14.477512185929925,-112.5,14,0
56359,7,14.477512185929925,-101.25,7,0
56360,7,14.477512185929925,-90.0,7,0
56361,7,14.477512185929925,-78.75000000000006,7,1
56362,7,14.477512185929925,-67.5,7,0
56363,7,14.477512185929925,-56.25,12,0
56364,7,14.477512185929925,-45.0,9,0
56365,7,14.477512185929925,-33.75000000000006,9,0
56366,7,14.477512185929925,-22.5,6,0
56367,7,14.477512185929925,-11.25,12,0
56368,7,9.594068226860458,5.625,11,0
56369,7,9.594068226860458,16.875,10,0
56370,7,9.594068226860458,28.125,9,0
56371,7,9.594068226860458,39.375,14,0
56372,7,9.594068226860458,50.625,6,0
56373,7,9.594068226860458,61.875,12,1
56374,7,9.594068226860458,73.125,9,0
56375,7,9.594068226860458,84.375,11,0
56376,7,9.594068226860458,95.625,10,0
56377,7,9.594068226860458,106.875,8,0
56378,7,9.594068226860458,118.125,15,0
56379,7,9.594068226860458,129.375,7,1
56380,7,9.594068226860458,140.625,14,0
56381,7,9.594068226860458,151.875,7,0
56382,7,9.594068226860458,163.125,19,0
56383,7,9.594068226860458,174.375,7,1
56384,7,9.594068226860458,-174.375,9,0
56385,7,9.594068226860458,-163.125,4,0
56386,7,9.594068226860458,-151.875,16,0
56387,7,9.594068226860458,-140.625,9,0
56388,7,9.594068226860458,-129.37500000000006,8,0
56389,7,9.594068226860458,-118.125,14,0
56390,7,9.594068226860458,-106.875,12,1
56391,7,9.594068226860458,-95.625,8,0
56392,7,9.594068226860458,-84.375,14,0
56393,7,9.594068226860458,-73.12500000000006,5,1
56394,7,9.594068226860458,-61.875,3,0
56395,7,9.594068226860458,-50.625,8,0
56396,7,9.594068226860458,-39.375,12,0
56397,7,9.594068226860458,-28.125,6,1
56398,7,9.594068226860458,-16.875,13,0
56399,7,9.594068226860458,-5.625,9,0
56400,7,4.780191847199163,0.0,8,1
56401,7,4.780191847199163,11.25,9,1
56402,7,4.780191847199163,22.5,9,0
56403,7,4.780191847199163,33.75,11,1
56404,7,4.780191847199163,45.0,9,2
56405,7,4.780191847199163,56.25,7,2
56406,7,4.780191847199163,67.5,8,2
56407,7,4.780191847199163,78.75,8,1
56408,7,4.780191847199163,90.0,9,2
56409,7,4.780191847199163,101.25,6,4
56410,7,4.780191847199163,112.5,7,2
56411,7,4.780191847199163,123.75,9,2
56412,7,4.780191847199163,135.0,9,1
56413,7,4.780191847199163,146.25,13,2
56414,7,4.780191847199163,157.5,8,2
56415,7,4.780191847199163,168.75,13,2
56416,7,4.780191847199163,-180.0,10,3
56417,7,4.780191847199163,-168.75,11,2
56418,7,4.780191847199163,-157.5,7,2
56419,7,4.780191847199163,-146.25,14,0
56420,7,4.780191847199163,-135.0,7,0
56421,7,4.780191847199163,-123.75,16,4
56422,7,4.780191847199163,-112.5,10,1
56423,7,4.780191847199163,-101.25,15,3
56424,7,4.780191847199163,-90.0,17,2
56425,7,4.780191847199163,-78.75000000000006,9,0
56426,7,4.780191847199163,-67.5,6,2
56427,7,4.780191847199163,-56.25,11,1
56428,7,4.780191847199163,-45.0,12,3
56429,7,4.780191847199163,-33.75000000000006,8,4
56430,7,4.780191847199163,-22.5,11,6
56431,7,4.780191847199163,-11.25,8,3
56432,7,0.0,5.625,5,3
56433,7,0.0,16.875,7,2
56434,7,0.0,28.125,12,2
56435,7,0.0,39.375,11,6
56436,7,0.0,50.625,8,3
56437,7,0.0,61.875,8,1
56438,7,0.0,73.125,15,5
56439,7,0.0,84.375,4,3
56440,7,0.0,95.625,8,3
56441,7,0.0,106.875,6,5
56442,7,0.0,118.125,12,1
56443,7,0.0,129.375,6,6
56444,7,0.0,140.625,8,2
56445,7,0.0,151.875,7,4
56446,7,0.0,163.125,9,3
56447,7,0.0,174.375,9,5
56448,7,0.0,-174.375,13,3
56449,7,0.0,-163.125,15,2
56450,7,0.0,-151.875,6,3
56451,7,0.0,-140.625,6,1
56452,7,0.0,-129.37500000000006,15,1
56453,7,0.0,-118.125,7,4
56454,7,0.0,-106.875,16,2
56455,7,0.0,-95.625,19,5
56456,7,0.0,-84.375,10,1
56457,7,0.0,-73.12500000000006,8,2
56458,7,0.0,-61.875,9,4
56459,7,0.0,-50.625,8,1
56460,7,0.0,-39.375,10,5
56461,7,0.0,-28.125,6,4
56462,7,0.0,-16.875,12,7
56463,7,0.0,-5.625,8,7
56464,7,-4.780191847199163,0.0,7,4
56465,7,-4.780191847199163,11.25,4,2
56466,7,-4.780191847199163,22.5,10,1
56467,7,-4.780191847199163,33.75,10,3
56468,7,-4.780191847199163,45.0,11,3
56469,7,-4.780191847199163,56.25,10,2
56470,7,-4.780191847199163,67.5,12,4
56471,7,-4.780191847199163,78.75,7,2
56472,7,-4.780191847199163,90.0,6,2
56473,7,-4.780191847199163,101.25,11,2
56474,7,-4.780191847199163,112.5,19,1
56475,7,-4.780191847199163,123.75,10,0
56476,7,-4.780191847199163,135.0,9,2
56477,7,-4.780191847199163,146.25,8,1
56478,7,-4.780191847199163,157.5,8,2
56479,7,-4.780191847199163,168.75,6,3
56480,7,-4.780191847199163,-180.0,11,1
56481,7,-4.780191847199163,-168.75,20,1
56482,7,-4.780191847199163,-157.5,14,2
56483,7,-4.780191847199163,-146.25,8,2
56484,7,-4.780191847199163,-135.0,4,0
56485,7,-4.780191847199163,-123.75,7,1
56486,7,-4.780191847199163,-112.5,10,1
56487,7,-4.780191847199163,-101.25,10,2
56488,7,-4.780191847199163,-90.0,12,3
56489,7,-4.780191847199163,-78.75000000000006,7,0
56490,7,-4.780191847199163,-67.5,8,3
56491,7,-4.780191847199163,-56.25,9,0
56492,7,-4.780191847199163,-45.0,7,0
56493,7,-4.780191847199163,-33.75000000000006,10,2
56494,7,-4.780191847199163,-22.5,12,1
56495,7,-4.780191847199163,-11.25,7,3
56496,7,-9.594068226860458,5.625,3,0
56497,7,-9.594068226860458,16.875,7,0
56498,7,-9.594068226860458,28.125,6,0
56499,7,-9.594068226860458,39.375,9,0
56500,7,-9.594068226860458,50.625,9,0
56501,7,-9.594068226860458,61.875,8,1
56502,7,-9.594068226860458,73.125,6,0
56503,7,-9.594068226860458,84.375,7,1
56504,7,-9.594068226860458,95.625,11,0
56505,7,-9.594068226860458,106.875,12,0
56506,7,-9.594068226860458,118.125,11,0
56507,7,-9.594068226860458,129.375,13,0
56508,7,-9.594068226860458,140.625,11,0
56509,7,-9.594068226860458,151.875,15,0
56510,7,-9.594068226860458,163.125,7,0
56511,7,-9.594068226860458,174.375,9,0
56512,7,-9.594068226860458,-174.375,14,0
56513,7,-9.594068226860458,-163.125,13,0
56514,7,-9.594068226860458,-151.875,13,0
56515,7,-9.594068226860458,-140.625,9,0
56516,7,-9.594068226860458,-129.37500000000006,5,0
56517,7,-9.594068226860458,-118.125,9,0
56518,7,-9.594068226860458,-106.875,8,0
56519,7,-9.594068226860458,-95.625,14,0
56520,7,-9.594068226860458,-84.375,4,0
56521,7,-9.594068226860458,-73.12500000000006,9,0
56522,7,-9.594068226860458,-61.875,12,0
56523,7,-9.594068226860458,-50.625,6,0
56524,7,-9.594068226860458,-39.375,15,0
56525,7,-9.594068226860458,-28.125,10,0
56526,7,-9.594068226860458,-16.875,11,0
56527,7,-9.594068226860458,-5.625,6,0
56528,7,-14.477512185929925,0.0,8,0
56529,7,-14.477512185929925,11.25,6,0
56530,7,-14.477512185929925,22.5,5,0
56531,7,-14.477512185929925,33.75,10,0
56532,7,-14.477512185929925,45.0,11,0
56533,7,-14.477512185929925,56.25,10,1
56534,7,-14.477512185929925,67.5,9,0
56535,7,-14.477512185929925,78.75,8,0
56536,7,-14.477512185929925,90.0,8,0
56537,7,-14.477512185929925,101.25,8,0
56538,7,-14.477512185929925,112.5,7,0
56539,7,-14.477512185929925,123.75,12,0
56540,7,-14.477512185929925,135.0,13,0
56541,7,-14.477512185929925,146.25,9,0
56542,7,-14.477512185929925,157.5,8,0
56543,7,-14.477512185929925,168.75,7,0
56544,7,-14.477512185929925,-180.0,10,0
56545,7,-14.477512185929925,-168.75,11,0
56546,7,-14.477512185929925,-157.5,9,0
56547,7,-14.477512185929925,-146.25,8,0
56548,7,-14.477512185929925,-135.0,9,0
56549,7,-14.477512185929925,-123.75,9,0
56550,7,-14.477512185929925,-112.5,5,0
56551,7,-14.477512185929925,-101.25,15,0
56552,7,-14.477512185929925,-90.0,3,0
56553,7,-14.477512185929925,-78.75000000000006,8,0
56554,7,-14.477512185929925,-67.5,12,0
56555,7,-14.477512185929925,-56.25,5,0
56556,7,-14.477512185929925,-45.0,14,0
56557,7,-14.477512185929925,-33.75000000000006,13,0
56558,7,-14.477512185929925,-22.5,9,0
56559,7,-14.477512185929925,-11.25,11,0
56560,7,-19.47122063449069,5.625,11,0
56561,7,-19.47122063449069,16.875,8,0
56562,7,-19.47122063449069,28.125,14,0
56563,7,-19.47122063449069,39.375,4,0
56564,7,-19.47122063449069,50.625,12,0
56565,7,-19.47122063449069,61.875,11,0
56566,7,-19.47122063449069,73.125,7,0
56567,7,-19.47122063449069,84.375,6,0
56568,7,-19.47122063449069,95.625,15,0
56569,7,-19.47122063449069,106.875,9,0
56570,7,-19.47122063449069,118.125,9,0
56571,7,-19.47122063449069,129.375,10,0
56572,7,-19.47122063449069,140.625,12,0
56573,7,-19.47122063449069,151.875,9,0
56574,7,-19.47122063449069,163.125,9,0
56575,7,-19.47122063449069,174.375,10,0
56576,7,-19.47122063449069,-174.375,11,0
56577,7,-19.47122063449069,-163.125,7,0
56578,7,-19.47122063449069,-151.875,9,0
56579,7,-19.47122063449069,-140.625,8,0
56580,7,-19.47122063449069,-129.37500000000006,16,0
56581,7,-19.47122063449069,-118.125,5,0
56582,7,-19.47122063449069,-106.875,11,0
56583,7,-19.47122063449069,-95.625,6,0
56584,7,-19.47122063449069,-84.375,5,0
56585,7,-19.47122063449069,-73.12500000000006,11,0
56586,7,-19.47122063449069,-61.875,11,0
56587,7,-19.47122063449069,-50.625,13,0
56588,7,-19.47122063449069,-39.375,11,0
56589,7,-19.47122063449069,-28.125,9,0
56590,7,-19.47122063449069,-16.875,14,1
56591,7,-19.47122063449069,-5.625,10,0
56592,7,-24.62431835216408,0.0,16,0
56593,7,-24.62431835216408,11.25,8,0
56594,7,-24.62431835216408,22.5,12,0
56595,7,-24.62431835216408,33.75,5,0
56596,7,-24.62431835216408,45.0,3,0
56597,7,-24.62431835216408,56.25,7,0
56598,7,-24.62431835216408,67.5,10,0
56599,7,-24.62431835216408,78.75,11,0
56600,7,-24.62431835216408,90.0,9,0
56601,7,-24.62431835216408,101.25,12,0
56602,7,-24.62431835216408,112.5,9,0
56603,7,-24.62431835216408,123.75,10,0
56604,7,-24.62431835216408,135.0,12,0
56605,7,-24.62431835216408,146.25,9,0
56606,7,-24.62431835216408,157.5,10,0
56607,7,-24.62431835216408,168.75,6,0
56608,7,-24.62431835216408,-180.0,10,0
56609,7,-24.62431835216408,-168.75,9,0
56610,7,-24.62431835216408,-157.5,9,0
56611,7,-24.62431835216408,-146.25,9,0
56612,7,-24.62431835216408,-135.0,11,0
56613,7,-24.62431835216408,-123.75,8,0
56614,7,-24.62431835216408,-112.5,9,0
56615,7,-24.62431835216408,-101.25,8,0
56616,7,-24.62431835216408,-90.0,8,0
56617,7,-24.62431835216408,-78.75000000000006,10,0
56618,7,-24.62431835216408,-67.5,8,0
56619,7,-24.62431835216408,-56.25,9,0
56620,7,-24.62431835216408,-45.0,10,0
56621,7,-24.62431835216408,-33.75000000000006,12,0
56622,7,-24.62431835216408,-22.5,17,0
56623,7,-24.62431835216408,-11.25,13,1
56624,7,-30.000000000000014,5.625,7,0
56625,7,-30.000000000000014,16.875,9,0
56626,7,-30.000000000000014,28.125,11,0
56627,7,-30.000000000000014,39.375,8,0
56628,7,-30.000000000000014,50.625,10,0
56629,7,-30.000000000000014,61.875,8,0
56630,7,-30.000000000000014,73.125,12,0
56631,7,-30.000000000000014,84.375,14,0
56632,7,-30.000000000000014,95.625,7,0
56633,7,-30.000000000000014,106.875,6,0
56634,7,-30.000000000000014,118.125,13,0
56635,7,-30.000000000000014,129.375,9,0
56636,7,-30.000000000000014,140.625,10,0
56637,7,-30.000000000000014,151.875,12,0
56638,7,-30.000000000000014,163.125,20,0
56639,7,-30.000000000000014,174.375,11,0
56640,7,-30.000000000000014,-174.375,10,0
56641,7,-30.000000000000014,-163.125,12,0
56642,7,-30.000000000000014,-151.875,9,0
56643,7,-30.000000000000014,-140.625,9,0
56644,7,-30.000000000000014,-129.37500000000006,7,0
56645,7,-30.000000000000014,-118.125,5,0
56646,7,-30.000000000000014,-106.875,11,0
56647,7,-30.000000000000014,-95.625,9,0
56648,7,-30.000000000000014,-84.375,9,0
56649,7,-30.000000000000014,-73.12500000000006,6,0
56650,7,-30.000000000000014,-61.875,11,0
56651,7,-30.000000000000014,-50.625,4,0
56652,7,-30.000000000000014,-39.375,13,0
56653,7,-30.000000000000014,-28.125,13,0
56654,7,-30.000000000000014,-16.875,13,0
56655,7,-30.000000000000014,-5.625,11,0
56656,7,-35.68533471265205,0.0,4,0
56657,7,-35.68533471265205,11.25,8,0
56658,7,-35.68533471265205,22.5,11,0
56659,7,-35.68533471265205,33.75,14,0
56660,7,-35.68533471265205,45.0,16,0
56661,7,-35.68533471265205,56.25,9,0
56662,7,-35.68533471265205,67.5,12,0
56663,7,-35.68533471265205,78.75,15,0
56664,7,-35.68533471265205,90.0,10,0
56665,7,-35.68533471265205,101.25,4,0
56666,7,-35.68533471265205,112.5,10,0
56667,7,-35.68533471265205,123.75,4,0
56668,7,-35.68533471265205,135.0,9,0
56669,7,-35.68533471265205,146.25,11,0
56670,7,-35.68533471265205,157.5,15,0
56671,7,-35.68533471265205,168.75,16,0
56672,7,-35.68533471265205,-180.0,9,0
56673,7,-35.68533471265205,-168.75,7,0
56674,7,-35.68533471265205,-157.5,10,0
56675,7,-35.68533471265205,-146.25,9,0
56676,7,-35.68533471265205,-135.0,8,0
56677,7,-35.68533471265205,-123.75,7,0
56678,7,-35.68533471265205,-112.5,8,0
56679,7,-35.68533471265205,-101.25,6,0
56680,7,-35.68533471265205,-90.0,7,0
56681,7,-35.68533471265205,-78.75000000000006,8,0
56682,7,-35.68533471265205,-67.5,8,0
56683,7,-35.68533471265205,-56.25,13,0
56684,7,-35.68533471265205,-45.0,11,0
56685,7,-35.68533471265205,-33.75000000000006,17,0
56686,7,-35.68533471265205,-22.5,11,0
56687,7,-35.68533471265205,-11.25,12,0
56688,7,-41.81031489577862,5.625,15,0
56689,7,-41.81031489577862,16.875,11,0
56690,7,-41.81031489577862,28.125,10,0
56691,7,-41.81031489577862,39.375,5,0
56692,7,-41.81031489577862,50.625,8,0
56693,7,-41.81031489577862,61.875,9,0
56694,7,-41.81031489577862,73.125,11,0
56695,7,-41.81031489577862,84.375,10,0
56696,7,-41.81031489577862,95.625,6,0
56697,7,-41.81031489577862,106.875,12,0
56698,7,-41.81031489577862,118.125,9,0
56699,7,-41.81031489577862,129.375,6,0
56700,7,-41.81031489577862,140.625,8,0
56701,7,-41.81031489577862,151.875,12,0
56702,7,-41.81031489577862,163.125,9,0
56703,7,-41.81031489577862,174.375,13,0
56704,7,-41.81031489577862,-174.375,5,0
56705,7,-41.81031489577862,-163.125,11,0
56706,7,-41.81031489577862,-151.875,13,0
56707,7,-41.81031489577862,-140.625,10,0
56708,7,-41.81031489577862,-129.37500000000006,11,0
56709,7,-41.81031489577862,-118.125,6,0
56710,7,-41.81031489577862,-106.875,13,0
56711,7,-41.81031489577862,-95.625,7,0
56712,7,-41.81031489577862,-84.375,11,0
56713,7,-41.81031489577862,-73.12500000000006,8,0
56714,7,-41.81031489577862,-61.875,13,0
56715,7,-41.81031489577862,-50.625,20,0
56716,7,-41.81031489577862,-39.375,12,0
56717,7,-41.81031489577862,-28.125,9,0
56718,7,-41.81031489577862,-16.875,10,0
56719,7,-41.81031489577862,-5.625,13,0
56720,7,-48.1412077943603,6.428571428571416,8,0
56721,7,-48.1412077943603,19.285714285714278,13,0
56722,7,-48.1412077943603,32.14285714285714,11,0
56723,7,-48.1412077943603,45.0,15,0
56724,7,-48.1412077943603,57.85714285714286,16,0
56725,7,-48.1412077943603,70.71428571428572,10,0
56726,7,-48.1412077943603,83.57142857142856,10,0
56727,7,-48.1412077943603,96.42857142857144,8,0
56728,7,-48.1412077943603,109.28571428571428,9,0
56729,7,-48.1412077943603,122.14285714285711,13,0
56730,7,-48.1412077943603,135.0,12,0
56731,7,-48.1412077943603,147.8571428571429,11,0
56732,7,-48.1412077943603,160.71428571428572,7,0
56733,7,-48.1412077943603,173.57142857142856,12,0
56734,7,-48.1412077943603,-173.57142857142856,14,0
56735,7,-48.1412077943603,-160.71428571428572,10,0
56736,7,-48.1412077943603,-147.8571428571429,11,0
56737,7,-48.1412077943603,-135.0,12,0
56738,7,-48.1412077943603,-122.14285714285711,9,0
56739,7,-48.1412077943603,-109.28571428571428,13,0
56740,7,-48.1412077943603,-96.42857142857144,7,0
56741,7,-48.1412077943603,-83.57142857142856,7,0
56742,7,-48.1412077943603,-70.71428571428572,12,0
56743,7,-48.1412077943603,-57.85714285714283,10,0
56744,7,-48.1412077943603,-45.0,13,0
56745,7,-48.1412077943603,-32.14285714285717,7,0
56746,7,-48.1412077943603,-19.28571428571422,11,0
56747,7,-48.1412077943603,-6.428571428571445,15,0
56748,7,-54.340912303861245,7.5,7,0
56749,7,-54.340912303861245,22.5,10,0
56750,7,-54.340912303861245,37.5,9,0
56751,7,-54.340912303861245,52.5,14,0
56752,7,-54.340912303861245,67.5,20,0
56753,7,-54.340912303861245,82.5,11,0
56754,7,-54.340912303861245,97.5,11,0
56755,7,-54.340912303861245,112.5,4,0
56756,7,-54.340912303861245,127.5,9,0
56757,7,-54.340912303861245,142.5,13,0
56758,7,-54.340912303861245,157.5,11,0
56759,7,-54.340912303861245,172.5,6,0
56760,7,-54.340912303861245,-172.5,16,0
56761,7,-54.340912303861245,-157.5,9,0
56762,7,-54.340912303861245,-142.5,12,0
56763,7,-54.340912303861245,-127.5,9,0
56764,7,-54.340912303861245,-112.5,9,0
56765,7,-54.340912303861245,-97.5,6,0
56766,7,-54.340912303861245,-82.5,9,0
56767,7,-54.340912303861245,-67.5,15,0
56768,7,-54.340912303861245,-52.50000000000006,9,0
56769,7,-54.340912303861245,-37.5,9,0
56770,7,-54.340912303861245,-22.5,11,0
56771,7,-54.340912303861245,-7.5,14,0
56772,7,-60.4344388449523,9.0,13,0
56773,7,-60.4344388449523,27.0,8,0
56774,7,-60.4344388449523,45.0,6,0
56775,7,-60.4344388449523,63.0,14,0
56776,7,-60.4344388449523,81.0,8,0
56777,7,-60.4344388449523,99.0,11,0
56778,7,-60.4344388449523,117.0,7,0
56779,7,-60.4344388449523,135.0,7,0
56780,7,-60.4344388449523,153.0,11,0
56781,7,-60.4344388449523,171.0,5,0
56782,7,-60.4344388449523,-171.0,11,0
56783,7,-60.4344388449523,-153.0,11,0
56784,7,-60.4344388449523,-135.0,8,0
56785,7,-60.4344388449523,-117.0,7,0
56786,7,-60.4344388449523,-99.0,7,0
56787,7,-60.4344388449523,-81.0,11,0
56788,7,-60.4344388449523,-63.0,10,0
56789,7,-60.4344388449523,-45.0,13,0
56790,7,-60.4344388449523,-27.0,8,0
56791,7,-60.4344388449523,-9.0,9,0
56792,7,-66.44353569089876,11.25,8,0
56793,7,-66.44353569089876,33.75,11,0
56794,7,-66.44353569089876,56.25,14,0
56795,7,-66.44353569089876,78.75,7,0
56796,7,-66.44353569089876,101.25,7,0
56797,7,-66.44353569089876,123.75,11,0
56798,7,-66.44353569089876,146.25,7,0
56799,7,-66.44353569089876,168.75,2,0
56800,7,-66.44353569089876,-168.75,8,0
56801,7,-66.44353569089876,-146.25,11,0
56802,7,-66.44353569089876,-123.75,11,0
56803,7,-66.44353569089876,-101.25,9,1
56804,7,-66.44353569089876,-78.75,9,0
56805,7,-66.44353569089876,-56.25,15,0
56806,7,-66.44353569089876,-33.75,13,0
56807,7,-66.44353569089876,-11.25,5,0
56808,7,-72.38756092964962,15.0,11,0
56809,7,-72.38756092964962,45.0,12,0
56810,7,-72.38756092964962,75.0,12,0
56811,7,-72.38756092964962,105.0,9,0
56812,7,-72.38756092964962,135.0,4,0
56813,7,-72.38756092964962,165.0,7,0
56814,7,-72.38756092964962,-165.0,10,0
56815,7,-72.38756092964962,-135.0,9,0
56816,7,-72.38756092964962,-105.0,9,1
56817,7,-72.38756092964962,-75.0,13,0
56818,7,-72.38756092964962,-45.0,7,0
56819,7,-72.38756092964962,-15.0,9,0
56820,7,-78.28414760510762,22.5,14,0
56821,7,-78.28414760510762,67.5,9,0
56822,7,-78.28414760510762,112.5,7,0
56823,7,-78.28414760510762,157.5,8,0
56824,7,-78.28414760510762,-157.5,9,0
56825,7,-78.28414760510762,-112.5,5,0
56826,7,-78.28414760510762,-67.5,12,0
56827,7,-78.28414760510762,-22.5,7,0
56828,7,-84.14973293629666,45.0,12,0
56829,7,-84.14973293629666,135.0,9,0
56830,7,-84.14973293629666,-135.0,9,0
56831,7,-84.14973293629666,-45.0,8,0
56832,7,84.14973293629666,45.0,18,0
56833,7,84.14973293629666,135.0,11,0
56834,7,84.14973293629666,-135.0,6,0
56835,7,84.14973293629666,-45.0,10,0
56836,7,78.28414760510762,22.5,12,0
56837,7,78.28414760510762,67.5,14,0
56838,7,78.28414760510762,112.5,11,0
56839,7,78.28414760510762,157.5,9,0
56840,7,78.28414760510762,-157.5,7,0
56841,7,78.28414760510762,-112.5,11,0
56842,7,78.28414760510762,-67.5,8,0
56843,7,78.28414760510762,-22.5,7,0
56844,7,72.38756092964962,15.0,12,0
56845,7,72.38756092964962,45.0,11,0
56846,7,72.38756092964962,75.0,9,0
56847,7,72.38756092964962,105.0,7,0
56848,7,72.38756092964962,135.0,10,0
56849,7,72.38756092964962,165.0,11,0
56850,7,72.38756092964962,-165.0,9,0
56851,7,72.38756092964962,-135.0,11,0
56852,7,72.38756092964962,-105.0,9,0
56853,7,72.38756092964962,-75.0,9,1
56854,7,72.38756092964962,-45.0,7,0
56855,7,72.38756092964962,-15.0,12,0
56856,7,66.44353569089877,11.25,9,0
56857,7,66.44353569089877,33.75,7,0
56858,7,66.44353569089877,56.25,8,0
56859,7,66.44353569089877,78.75,14,0
56860,7,66.44353569089877,101.25,8,0
56861,7,66.44353569089877,123.75,13,0
56862,7,66.44353569089877,146.25,9,0
56863,7,66.44353569089877,168.75,15,0
56864,7,66.44353569089877,-168.75,9,0
56865,7,66.44353569089877,-146.25,18,0
56866,7,66.44353569089877,-123.75,9,0
56867,7,66.44353569089877,-101.25,7,1
56868,7,66.44353569089877,-78.75,5,1
56869,7,66.44353569089877,-56.25,8,0
56870,7,66.44353569089877,-33.75,9,0
56871,7,66.44353569089877,-11.25,12,0
56872,7,60.43443884495228,9.0,16,0
56873,7,60.43443884495228,27.0,8,0
56874,7,60.43443884495228,45.0,10,0
56875,7,60.43443884495228,63.0,16,0
56876,7,60.43443884495228,81.0,15,0
56877,7,60.43443884495228,99.0,6,0
56878,7,60.43443884495228,117.0,21,0
56879,7,60.43443884495228,135.0,13,0
56880,7,60.43443884495228,153.0,17,0
56881,7,60.43443884495228,171.0,10,0
56882,7,60.43443884495228,-171.0,8,0
56883,7,60.43443884495228,-153.0,8,0
56884,7,60.43443884495228,-135.0,10,0
56885,7,60.43443884495228,-117.0,6,0
56886,7,60.43443884495228,-99.0,9,0
56887,7,60.43443884495228,-81.0,4,0
56888,7,60.43443884495228,-63.0,7,0
56889,7,60.43443884495228,-45.0,11,0
56890,7,60.43443884495228,-27.0,7,0
56891,7,60.43443884495228,-9.0,12,0
56892,7,54.340912303861245,7.5,11,0
56893,7,54.340912303861245,22.5,7,0
56894,7,54.340912303861245,37.5,9,0
56895,7,54.340912303861245,52.5,14,0
56896,7,54.340912303861245,67.5,16,0
56897,7,54.340912303861245,82.5,15,0
56898,7,54.340912303861245,97.5,8,0
56899,7,54.340912303861245,112.5,16,0
56900,7,54.340912303861245,127.5,18,0
56901,7,54.340912303861245,142.5,15,0
56902,7,54.340912303861245,157.5,16,0
56903,7,54.340912303861245,172.5,6,0
56904,7,54.340912303861245,-172.5,8,0
56905,7,54.340912303861245,-157.5,9,0
56906,7,54.340912303861245,-142.5,4,0
56907,7,54.340912303861245,-127.5,8,0
56908,7,54.340912303861245,-112.5,9,0
56909,7,54.340912303861245,-97.5,8,0
56910,7,54.340912303861245,-82.5,3,0
56911,7,54.340912303861245,-67.5,6,0
56912,7,54.340912303861245,-52.50000000000006,15,0
56913,7,54.340912303861245,-37.5,11,0
56914,7,54.340912303861245,-22.5,10,0
56915,7,54.340912303861245,-7.5,5,0
56916,7,48.141207794360284,6.428571428571416,6,0
56917,7,48.141207794360284,19.285714285714278,5,0
56918,7,48.141207794360284,32.14285714285714,8,0
56919,7,48.141207794360284,45.0,11,0
56920,7,48.141207794360284,57.85714285714286,10,0
56921,7,48.141207794360284,70.71428571428572,16,0
56922,7,48.141207794360284,83.57142857142856,13,0
56923,7,48.141207794360284,96.42857142857144,14,0
56924,7,48.141207794360284,109.28571428571428,19,0
56925,7,48.141207794360284,122.14285714285711,7,0
56926,7,48.141207794360284,135.0,14,0
56927,7,48.141207794360284,147.8571428571429,13,0
56928,7,48.141207794360284,160.71428571428572,14,0
56929,7,48.141207794360284,173.57142857142856,10,0
56930,7,48.141207794360284,-173.57142857142856,7,0
56931,7,48.141207794360284,-160.71428571428572,10,0
56932,7,48.141207794360284,-147.8571428571429,10,0
56933,7,48.141207794360284,-135.0,10,0
56934,7,48.141207794360284,-122.14285714285711,10,0
56935,7,48.141207794360284,-109.28571428571428,10,0
56936,7,48.141207794360284,-96.42857142857144,7,0
56937,7,48.141207794360284,-83.57142857142856,11,0
56938,7,48.141207794360284,-70.71428571428572,9,0
56939,7,48.141207794360284,-57.85714285714283,12,0
56940,7,48.141207794360284,-45.0,11,0
56941,7,48.141207794360284,-32.14285714285717,13,0
56942,7,48.141207794360284,-19.28571428571422,12,0
56943,7,48.141207794360284,-6.428571428571445,12,0
56944,7,41.81031489577859,5.625,10,0
56945,7,41.81031489577859,16.875,12,0
56946,7,41.81031489577859,28.125,4,0
56947,7,41.81031489577859,39.375,7,0
56948,7,41.81031489577859,50.625,15,0
56949,7,41.81031489577859,61.875,13,0
56950,7,41.81031489577859,73.125,10,0
56951,7,41.81031489577859,84.375,13,0
56952,7,41.81031489577859,95.625,13,0
56953,7,41.81031489577859,106.875,18,0
56954,7,41.81031489577859,118.125,6,0
56955,7,41.81031489577859,129.375,10,0
56956,7,41.81031489577859,140.625,15,0
56957,7,41.81031489577859,151.875,9,0
56958,7,41.81031489577859,163.125,8,0
56959,7,41.81031489577859,174.375,8,0
56960,7,41.81031489577859,-174.375,6,0
56961,7,41.81031489577859,-163.125,8,0
56962,7,41.81031489577859,-151.875,16,0
56963,7,41.81031489577859,-140.625,12,0
56964,7,41.81031489577859,-129.37500000000006,10,0
56965,7,41.81031489577859,-118.125,6,0
56966,7,41.81031489577859,-106.875,10,0
56967,7,41.81031489577859,-95.625,12,0
56968,7,41.81031489577859,-84.375,13,0
56969,7,41.81031489577859,-73.12500000000006,12,0
56970,7,41.81031489577859,-61.875,7,0
56971,7,41.81031489577859,-50.625,9,0
56972,7,41.81031489577859,-39.375,10,0
56973,7,41.81031489577859,-28.125,12,0
56974,7,41.81031489577859,-16.875,12,0
56975,7,41.81031489577859,-5.625,6,0
56976,7,35.68533471265204,0.0,8,0
56977,7,35.68533471265204,11.25,13,0
56978,7,35.68533471265204,22.5,12,0
56979,7,35.68533471265204,33.75,5,0
56980,7,35.68533471265204,45.0,10,0
56981,7,35.68533471265204,56.25,11,0
56982,7,35.68533471265204,67.5,6,0
56983,7,35.68533471265204,78.75,10,0
56984,7,35.68533471265204,90.0,11,0
56985,7,35.68533471265204,101.25,11,0
56986,7,35.68533471265204,112.5,9,0
56987,7,35.68533471265204,123.75,6,0
56988,7,35.68533471265204,135.0,6,0
56989,7,35.68533471265204,146.25,7,0
56990,7,35.68533471265204,157.5,12,0
56991,7,35.68533471265204,168.75,7,0
56992,7,35.68533471265204,-180.0,3,0
56993,7,35.68533471265204,-168.75,7,0
56994,7,35.68533471265204,-157.5,9,0
56995,7,35.68533471265204,-146.25,15,0
56996,7,35.68533471265204,-135.0,11,0
56997,7,35.68533471265204,-123.75,11,0
56998,7,35.68533471265204,-112.5,8,0
56999,7,35.68533471265204,-101.25,6,0
57000,7,35.68533471265204,-90.0,9,0
57001,7,35.68533471265204,-78.75000000000006,8,0
57002,7,35.68533471265204,-67.5,10,0
57003,7,35.68533471265204,-56.25,7,0
57004,7,35.68533471265204,-45.0,13,0
57005,7,35.68533471265204,-33.75000000000006,6,0
57006,7,35.68533471265204,-22.5,12,0
57007,7,35.68533471265204,-11.25,9,0
57008,7,30.000000000000007,5.625,7,0
57009,7,30.000000000000007,16.875,11,0
57010,7,30.000000000000007,28.125,11,0
57011,7,30.000000000000007,39.375,8,0
57012,7,30.000000000000007,50.625,16,0
57013,7,30.000000000000007,61.875,3,0
57014,7,30.000000000000007,73.125,7,0
57015,7,30.000000000000007,84.375,6,0
57016,7,30.000000000000007,95.625,13,0
57017,7,30.000000000000007,106.875,11,0
57018,7,30.000000000000007,118.125,10,0
57019,7,30.000000000000007,129.375,6,0
57020,7,30.000000000000007,140.625,6,0
57021,7,30.000000000000007,151.875,9,0
57022,7,30.000000000000007,163.125,8,0
57023,7,30.000000000000007,174.375,8,0
57024,7,30.000000000000007,-174.375,8,0
57025,7,30.000000000000007,-163.125,12,0
57026,7,30.000000000000007,-151.875,9,0
57027,7,30.000000000000007,-140.625,10,0
57028,7,30.000000000000007,-129.37500000000006,10,0
57029,7,30.000000000000007,-118.125,7,0
57030,7,30.000000000000007,-106.875,11,0
57031,7,30.000000000000007,-95.625,11,0
57032,7,30.000000000000007,-84.375,9,0
57033,7,30.000000000000007,-73.12500000000006,16,0
57034,7,30.000000000000007,-61.875,14,0
57035,7,30.000000000000007,-50.625,14,0
57036,7,30.000000000000007,-39.375,6,0
57037,7,30.000000000000007,-28.125,9,0
57038,7,30.000000000000007,-16.875,9,0
57039,7,30.000000000000007,-5.625,10,0
57040,7,24.62431835216408,0.0,10,0
57041,7,24.62431835216408,11.25,6,0
57042,7,24.62431835216408,22.5,17,0
57043,7,24.62431835216408,33.75,12,0
57044,7,24.62431835216408,45.0,9,0
57045,7,24.62431835216408,56.25,8,0
57046,7,24.62431835216408,67.5,9,0
57047,7,24.62431835216408,78.75,6,0
57048,7,24.62431835216408,90.0,8,0
57049,7,24.62431835216408,101.25,13,0
57050,7,24.62431835216408,112.5,8,0
57051,7,24.62431835216408,123.75,8,0
57052,7,24.62431835216408,135.0,5,0
57053,7,24.62431835216408,146.25,6,0
57054,7,24.62431835216408,157.5,6,0
57055,7,24.62431835216408,168.75,13,0
57056,7,24.62431835216408,-180.0,12,0
57057,7,24.62431835216408,-168.75,7,0
57058,7,24.62431835216408,-157.5,12,0
57059,7,24.62431835216408,-146.25,7,0
57060,7,24.62431835216408,-135.0,11,0
57061,7,24.62431835216408,-123.75,6,0
57062,7,24.62431835216408,-112.5,11,0
57063,7,24.62431835216408,-101.25,12,0
57064,7,24.62431835216408,-90.0,9,0
57065,7,24.62431835216408,-78.75000000000006,8,0
57066,7,24.62431835216408,-67.5,12,0
57067,7,24.62431835216408,-56.25,14,0
57068,7,24.62431835216408,-45.0,12,0
57069,7,24.62431835216408,-33.75000000000006,9,0
57070,7,24.62431835216408,-22.5,6,0
57071,7,24.62431835216408,-11.25,6,0
57072,7,19.47122063449069,5.625,12,0
57073,7,19.47122063449069,16.875,7,0
57074,7,19.47122063449069,28.125,13,0
57075,7,19.47122063449069,39.375,14,0
57076,7,19.47122063449069,50.625,12,0
57077,7,19.47122063449069,61.875,13,0
57078,7,19.47122063449069,73.125,7,0
57079,7,19.47122063449069,84.375,12,0
57080,7,19.47122063449069,95.625,11,0
57081,7,19.47122063449069,106.875,11,0
57082,7,19.47122063449069,118.125,9,0
57083,7,19.47122063449069,129.375,7,0
57084,7,19.47122063449069,140.625,12,0
57085,7,19.47122063449069,151.875,6,0
57086,7,19.47122063449069,163.125,7,0
57087,7,19.47122063449069,174.375,15,0
57088,7,19.47122063449069,-174.375,8,0
57089,7,19.47122063449069,-163.125,7,0
57090,7,19.47122063449069,-151.875,6,0
57091,7,19.47122063449069,-140.625,7,0
57092,7,19.47122063449069,-129.37500000000006,10,0
57093,7,19.47122063449069,-118.125,11,0
57094,7,19.47122063449069,-106.875,8,0
57095,7,19.47122063449069,-95.625,7,0
57096,7,19.47122063449069,-84.375,10,0
57097,7,19.47122063449069,-73.12500000000006,7,1
57098,7,19.47122063449069,-61.875,15,0
57099,7,19.47122063449069,-50.625,9,0
57100,7,19.47122063449069,-39.375,8,0
57101,7,19.47122063449069,-28.125,7,0
57102,7,19.47122063449069,-16.875,8,0
57103,7,19.47122063449069,-5.625,11,0
57104,7,14.477512185929925,0.0,13,0
57105,7,14.477512185929925,11.25,4,0
57106,7,14.477512185929925,22.5,11,0
57107,7,14.477512185929925,33.75,7,0
57108,7,14.477512185929925,45.0,19,0
57109,7,14.477512185929925,56.25,12,0
57110,7,14.477512185929925,67.5,11,1
57111,7,14.477512185929925,78.75,12,0
57112,7,14.477512185929925,90.0,18,0
57113,7,14.477512185929925,101.25,11,0
57114,7,14.477512185929925,112.5,8,0
57115,7,14.477512185929925,123.75,14,0
57116,7,14.477512185929925,135.0,10,0
57117,7,14.477512185929925,146.25,9,0
57118,7,14.477512185929925,157.5,12,0
57119,7,14.477512185929925,168.75,15,1
57120,7,14.477512185929925,-180.0,7,0
57121,7,14.477512185929925,-168.75,10,0
57122,7,14.477512185929925,-157.5,8,0
57123,7,14.477512185929925,-146.25,6,0
57124,7,14.477512185929925,-135.0,8,0
57125,7,14.477512185929925,-123.75,14,0
57126,7,14.477512185929925,-112.5,14,0
57127,7,14.477512185929925,-101.25,7,0
57128,7,14.477512185929925,-90.0,7,0
57129,7,14.477512185929925,-78.75000000000006,7,1
57130,7,14.477512185929925,-67.5,7,0
57131,7,14.477512185929925,-56.25,12,0
57132,7,14.477512185929925,-45.0,9,0
57133,7,14.477512185929925,-33.75000000000006,9,0
57134,7,14.477512185929925,-22.5,6,0
57135,7,14.477512185929925,-11.25,12,0
57136,7,9.594068226860458,5.625,11,0
57137,7,9.594068226860458,16.875,10,0
57138,7,9.594068226860458,28.125,9,0
57139,7,9.594068226860458,39.375,14,0
57140,7,9.594068226860458,50.625,6,0
57141,7,9.594068226860458,61.875,12,1
57142,7,9.594068226860458,73.125,9,0
57143,7,9.594068226860458,84.375,11,0
57144,7,9.594068226860458,95.625,10,0
57145,7,9.594068226860458,106.875,8,0
57146,7,9.594068226860458,118.125,15,0
57147,7,9.594068226860458,129.375,7,1
57148,7,9.594068226860458,140.625,14,0
57149,7,9.594068226860458,151.875,7,0
57150,7,9.594068226860458,163.125,19,0
57151,7,9.594068226860458,174.375,7,1
57152,7,9.594068226860458,-174.375,9,0
57153,7,9.594068226860458,-163.125,4,0
57154,7,9.594068226860458,-151.875,16,0
57155,7,9.594068226860458,-140.625,9,0
57156,7,9.594068226860458,-129.37500000000006,8,0
57157,7,9.594068226860458,-118.125,14,0
57158,7,9.594068226860458,-106.875,12,1
57159,7,9.594068226860458,-95.625,8,0
57160,7,9.594068226860458,-84.375,14,0
57161,7,9.594068226860458,-73.12500000000006,5,1
57162,7,9.594068226860458,-61.875,3,0
57163,7,9.594068226860458,-50.625,8,0
57164,7,9.594068226860458,-39.375,12,0
57165,7,9.594068226860458,-28.125,6,1
57166,7,9.594068226860458,-16.875,13,0
57167,7,9.594068226860458,-5.625,9,0
57168,7,4.780191847199163,0.0,8,1
57169,7,4.780191847199163,11.25,9,1
57170,7,4.780191847199163,22.5,9,0
57171,7,4.780191847199163,33.75,11,1
57172,7,4.780191847199163,45.0,9,2
57173,7,4.780191847199163,56.25,7,2
57174,7,4.780191847199163,67.5,8,2
57175,7,4.780191847199163,78.75,8,1
57176,7,4.780191847199163,90.0,9,2
57177,7,4.780191847199163,101.25,6,4
57178,7,4.780191847199163,112.5,7,2
57179,7,4.780191847199163,123.75,9,2
57180,7,4.780191847199163,135.0,9,1
57181,7,4.780191847199163,146.25,13,2
57182,7,4.780191847199163,157.5,8,2
57183,7,4.780191847199163,168.75,13,2
57184,7,4.780191847199163,-180.0,10,3
57185,7,4.780191847199163,-168.75,11,2
57186,7,4.780191847199163,-157.5,7,2
57187,7,4.780191847199163,-146.25,14,0
57188,7,4.780191847199163,-135.0,7,0
57189,7,4.780191847199163,-123.75,16,4
57190,7,4.780191847199163,-112.5,10,1
57191,7,4.780191847199163,-101.25,15,3
57192,7,4.780191847199163,-90.0,17,2
57193,7,4.780191847199163,-78.75000000000006,9,0
57194,7,4.780191847199163,-67.5,6,2
57195,7,4.780191847199163,-56.25,11,1
57196,7,4.780191847199163,-45.0,12,3
57197,7,4.780191847199163,-33.75000000000006,8,4
57198,7,4.780191847199163,-22.5,11,6
57199,7,4.780191847199163,-11.25,8,3
57200,7,0.0,5.625,5,3
57201,7,0.0,16.875,7,2
57202,7,0.0,28.125,12,2
57203,7,0.0,39.375,11,6
57204,7,0.0,50.625,8,3
57205,7,0.0,61.875,8,1
57206,7,0.0,73.125,15,5
57207,7,0.0,84.375,4,3
57208,7,0.0,95.625,8,3
57209,7,0.0,106.875,6,5
57210,7,0.0,118.125,12,1
57211,7,0.0,129.375,6,6
57212,7,0.0,140.625,8,2
57213,7,0.0,151.875,7,4
57214,7,0.0,163.125,9,3
57215,7,0.0,174.375,9,5
57216,7,0.0,-174.375,13,3
57217,7,0.0,-163.125,15,2
57218,7,0.0,-151.875,6,3
57219,7,0.0,-140.625,6,1
57220,7,0.0,-129.37500000000006,15,1
57221,7,0.0,-118.125,7,4
57222,7,0.0,-106.875,16,2
57223,7,0.0,-95.625,19,5
57224,7,0.0,-84.375,10,1
57225,7,0.0,-73.12500000000006,8,2
57226,7,0.0,-61.875,9,4
57227,7,0.0,-50.625,8,1
57228,7,0.0,-39.375,10,5
57229,7,0.0,-28.125,6,4
57230,7,0.0,-16.875,12,7
57231,7,0.0,-5.625,8,7
57232,7,-4.780191847199163,0.0,7,4
57233,7,-4.780191847199163,11.25,4,2
57234,7,-4.780191847199163,22.5,10,1
57235,7,-4.780191847199163,33.75,10,3
57236,7,-4.780191847199163,45.0,11,3
57237,7,-4.780191847199163,56.25,10,2
57238,7,-4.780191847199163,67.5,12,4
57239,7,-4.780191847199163,78.75,7,2
57240,7,-4.780191847199163,90.0,6,2
57241,7,-4.780191847199163,101.25,11,2
57242,7,-4.780191847199163,112.5,19,1
57243,7,-4.780191847199163,123.75,10,0
57244,7,-4.780191847199163,135.0,9,2
57245,7,-4.780191847199163,146.25,8,1
57246,7,-4.780191847199163,157.5,8,2
57247,7,-4.780191847199163,168.75,6,3
57248,7,-4.780191847199163,-180.0,11,1
57249,7,-4.780191847199163,-168.75,20,1
57250,7,-4.780191847199163,-157.5,14,2
57251,7,-4.780191847199163,-146.25,8,2
57252,7,-4.780191847199163,-135.0,4,0
57253,7,-4.780191847199163,-123.75,7,1
57254,7,-4.780191847199163,-112.5,10,1
57255,7,-4.780191847199163,-101.25,10,2
57256,7,-4.780191847199163,-90.0,12,3
57257,7,-4.780191847199163,-78.75000000000006,7,0
57258,7,-4.780191847199163,-67.5,8,3
57259,7,-4.780191847199163,-56.25,9,0
57260,7,-4.780191847199163,-45.0,7,0
57261,7,-4.780191847199163,-33.75000000000006,10,2
57262,7,-4.780191847199163,-22.5,12,1
57263,7,-4.780191847199163,-11.25,7,3
57264,7,-9.594068226860458,5.625,3,0
57265,7,-9.594068226860458,16.875,7,0
57266,7,-9.594068226860458,28.125,6,0
57267,7,-9.594068226860458,39.375,9,0
57268,7,-9.594068226860458,50.625,9,0
57269,7,-9.594068226860458,61.875,8,1
57270,7,-9.594068226860458,73.125,6,0
57271,7,-9.594068226860458,84.375,7,1
57272,7,-9.594068226860458,95.625,11,0
57273,7,-9.594068226860458,106.875,12,0
57274,7,-9.594068226860458,118.125,11,0
57275,7,-9.594068226860458,129.375,13,0
57276,7,-9.594068226860458,140.625,11,0
57277,7,-9.594068226860458,151.875,15,0
57278,7,-9.594068226860458,163.125,7,0
57279,7,-9.594068226860458,174.375,9,0
57280,7,-9.594068226860458,-174.375,14,0
57281,7,-9.594068226860458,-163.125,13,0
57282,7,-9.594068226860458,-151.875,13,0
57283,7,-9.594068226860458,-140.625,9,0
57284,7,-9.594068226860458,-129.37500000000006,5,0
57285,7,-9.594068226860458,-118.125,9,0
57286,7,-9.594068226860458,-106.875,8,0
57287,7,-9.594068226860458,-95.625,14,0
57288,7,-9.594068226860458,-84.375,4,0
57289,7,-9.594068226860458,-73.12500000000006,9,0
57290,7,-9.594068226860458,-61.875,12,0
57291,7,-9.594068226860458,-50.625,6,0
57292,7,-9.594068226860458,-39.375,15,0
57293,7,-9.594068226860458,-28.125,10,0
57294,7,-9.594068226860458,-16.875,11,0
57295,7,-9.594068226860458,-5.625,6,0
57296,7,-14.477512185929925,0.0,8,0
57297,7,-14.477512185929925,11.25,6,0
57298,7,-14.477512185929925,22.5,5,0
57299,7,-14.477512185929925,33.75,10,0
57300,7,-14.477512185929925,45.0,11,0
57301,7,-14.477512185929925,56.25,10,1
57302,7,-14.477512185929925,67.5,9,0
57303,7,-14.477512185929925,78.75,8,0
57304,7,-14.477512185929925,90.0,8,0
57305,7,-14.477512185929925,101.25,8,0
57306,7,-14.477512185929925,112.5,7,0
57307,7,-14.477512185929925,123.75,12,0
57308,7,-14.477512185929925,135.0,13,0
57309,7,-14.477512185929925,146.25,9,0
57310,7,-14.477512185929925,157.5,8,0
57311,7,-14.477512185929925,168.75,7,0
57312,7,-14.477512185929925,-180.0,10,0
57313,7,-14.477512185929925,-168.75,11,0
57314,7,-14.477512185929925,-157.5,9,0
57315,7,-14.477512185929925,-146.25,8,0
57316,7,-14.477512185929925,-135.0,9,0
57317,7,-14.477512185929925,-123.75,9,0
57318,7,-14.477512185929925,-112.5,5,0
57319,7,-14.477512185929925,-101.25,15,0
57320,7,-14.477512185929925,-90.0,3,0
57321,7,-14.477512185929925,-78.75000000000006,8,0
57322,7,-14.477512185929925,-67.5,12,0
57323,7,-14.477512185929925,-56.25,5,0
57324,7,-14.477512185929925,-45.0,14,0
57325,7,-14.477512185929925,-33.75000000000006,13,0
57326,7,-14.477512185929925,-22.5,9,0
57327,7,-14.477512185929925,-11.25,11,0
57328,7,-19.47122063449069,5.625,11,0
57329,7,-19.47122063449069,16.875,8,0
57330,7,-19.47122063449069,28.125,14,0
57331,7,-19.47122063449069,39.375,4,0
57332,7,-19.47122063449069,50.625,12,0
57333,7,-19.47122063449069,61.875,11,0
57334,7,-19.47122063449069,73.125,7,0
57335,7,-19.47122063449069,84.375,6,0
57336,7,-19.47122063449069,95.625,15,0
57337,7,-19.47122063449069,106.875,9,0
57338,7,-19.47122063449069,118.125,9,0
57339,7,-19.47122063449069,129.375,10,0
57340,7,-19.47122063449069,140.625,12,0
57341,7,-19.47122063449069,151.875,9,0
57342,7,-19.47122063449069,163.125,9,0
57343,7,-19.47122063449069,174.375,10,0
57344,7,-19.47122063449069,-174.375,11,0
57345,7,-19.47122063449069,-163.125,7,0
57346,7,-19.47122063449069,-151.875,9,0
57347,7,-19.47122063449069,-140.625,8,0
57348,7,-19.47122063449069,-129.37500000000006,16,0
57349,7,-19.47122063449069,-118.125,5,0
57350,7,-19.47122063449069,-106.875,11,0
57351,7,-19.47122063449069,-95.625,6,0
57352,7,-19.47122063449069,-84.375,5,0
57353,7,-19.47122063449069,-73.12500000000006,11,0
57354,7,-19.47122063449069,-61.875,11,0
57355,7,-19.47122063449069,-50.625,13,0
57356,7,-19.47122063449069,-39.375,11,0
57357,7,-19.47122063449069,-28.125,9,0
57358,7,-19.47122063449069,-16.875,14,1
57359,7,-19.47122063449069,-5.625,10,0
57360,7,-24.62431835216408,0.0,16,0
57361,7,-24.62431835216408,11.25,8,0
57362,7,-24.62431835216408,22.5,12,0
57363,7,-24.62431835216408,33.75,5,0
57364,7,-24.62431835216408,45.0,3,0
57365,7,-24.62431835216408,56.25,7,0
57366,7,-24.62431835216408,67.5,10,0
57367,7,-24.62431835216408,78.75,11,0
57368,7,-24.62431835216408,90.0,9,0
57369,7,-24.62431835216408,101.25,12,0
57370,7,-24.62431835216408,112.5,9,0
57371,7,-24.62431835216408,123.75,10,0
57372,7,-24.62431835216408,135.0,12,0
57373,7,-24.62431835216408,146.25,9,0
57374,7,-24.62431835216408,157.5,10,0
57375,7,-24.62431835216408,168.75,6,0
57376,7,-24.62431835216408,-180.0,10,0
57377,7,-24.62431835216408,-168.75,9,0
57378,7,-24.62431835216408,-157.5,9,0
57379,7,-24.62431835216408,-146.25,9,0
57380,7,-24.62431835216408,-135.0,11,0
57381,7,-24.62431835216408,-123.75,8,0
57382,7,-24.62431835216408,-112.5,9,0
57383,7,-24.62431835216408,-101.25,8,0
57384,7,-24.62431835216408,-90.0,8,0
57385,7,-24.62431835216408,-78.75000000000006,10,0
57386,7,-24.62431835216408,-67.5,8,0
57387,7,-24.62431835216408,-56.25,9,0
57388,7,-24.62431835216408,-45.0,10,0
57389,7,-24.62431835216408,-33.75000000000006,12,0
57390,7,-24.62431835216408,-22.5,17,0
57391,7,-24.62431835216408,-11.25,13,1
57392,7,-30.000000000000014,5.625,7,0
57393,7,-30.000000000000014,16.875,9,0
57394,7,-30.000000000000014,28.125,11,0
57395,7,-30.000000000000014,39.375,8,0
57396,7,-30.000000000000014,50.625,10,0
57397,7,-30.000000000000014,61.875,8,0
57398,7,-30.000000000000014,73.125,12,0
57399,7,-30.000000000000014,84.375,14,0
57400,7,-30.000000000000014,95.625,7,0
57401,7,-30.000000000000014,106.875,6,0
57402,7,-30.000000000000014,118.125,13,0
57403,7,-30.000000000000014,129.375,9,0
57404,7,-30.000000000000014,140.625,10,0
57405,7,-30.000000000000014,151.875,12,0
57406,7,-30.000000000000014,163.125,20,0
57407,7,-30.000000000000014,174.375,11,0
57408,7,-30.000000000000014,-174.375,10,0
57409,7,-30.000000000000014,-163.125,12,0
57410,7,-30.000000000000014,-151.875,9,0
57411,7,-30.000000000000014,-140.625,9,0
57412,7,-30.000000000000014,-129.37500000000006,7,0
57413,7,-30.000000000000014,-118.125,5,0
57414,7,-30.000000000000014,-106.875,11,0
57415,7,-30.000000000000014,-95.625,9,0
57416,7,-30.000000000000014,-84.375,9,0
57417,7,-30.000000000000014,-73.12500000000006,6,0
57418,7,-30.000000000000014,-61.875,11,0
57419,7,-30.000000000000014,-50.625,4,0
57420,7,-30.000000000000014,-39.375,13,0
57421,7,-30.000000000000014,-28.125,13,0
57422,7,-30.000000000000014,-16.875,13,0
57423,7,-30.000000000000014,-5.625,11,0
57424,7,-35.68533471265205,0.0,4,0
57425,7,-35.68533471265205,11.25,8,0
57426,7,-35.68533471265205,22.5,11,0
57427,7,-35.68533471265205,33.75,14,0
57428,7,-35.68533471265205,45.0,16,0
57429,7,-35.68533471265205,56.25,9,0
57430,7,-35.68533471265205,67.5,12,0
57431,7,-35.68533471265205,78.75,15,0
57432,7,-35.68533471265205,90.0,10,0
57433,7,-35.68533471265205,101.25,4,0
57434,7,-35.68533471265205,112.5,10,0
57435,7,-35.68533471265205,123.75,4,0
57436,7,-35.68533471265205,135.0,9,0
57437,7,-35.68533471265205,146.25,11,0
57438,7,-35.68533471265205,157.5,15,0
57439,7,-35.68533471265205,168.75,16,0
57440,7,-35.68533471265205,-180.0,9,0
57441,7,-35.68533471265205,-168.75,7,0
57442,7,-35.68533471265205,-157.5,10,0
57443,7,-35.68533471265205,-146.25,9,0
57444,7,-35.68533471265205,-135.0,8,0
57445,7,-35.68533471265205,-123.75,7,0
57446,7,-35.68533471265205,-112.5,8,0
57447,7,-35.68533471265205,-101.25,6,0
57448,7,-35.68533471265205,-90.0,7,0
57449,7,-35.68533471265205,-78.75000000000006,8,0
57450,7,-35.68533471265205,-67.5,8,0
57451,7,-35.68533471265205,-56.25,13,0
57452,7,-35.68533471265205,-45.0,11,0
57453,7,-35.68533471265205,-33.75000000000006,17,0
57454,7,-35.68533471265205,-22.5,11,0
57455,7,-35.68533471265205,-11.25,12,0
57456,7,-41.81031489577862,5.625,15,0
57457,7,-41.81031489577862,16.875,11,0
57458,7,-41.81031489577862,28.125,10,0
57459,7,-41.81031489577862,39.375,5,0
57460,7,-41.81031489577862,50.625,8,0
57461,7,-41.81031489577862,61.875,9,0
57462,7,-41.81031489577862,73.125,11,0
57463,7,-41.81031489577862,84.375,10,0
57464,7,-41.81031489577862,95.625,6,0
57465,7,-41.81031489577862,106.875,12,0
57466,7,-41.81031489577862,118.125,9,0
57467,7,-41.81031489577862,129.375,6,0
57468,7,-41.81031489577862,140.625,8,0
57469,7,-41.81031489577862,151.875,12,0
57470,7,-41.81031489577862,163.125,9,0
57471,7,-41.81031489577862,174.375,13,0
57472,7,-41.81031489577862,-174.375,5,0
57473,7,-41.81031489577862,-163.125,11,0
57474,7,-41.81031489577862,-151.875,13,0
57475,7,-41.81031489577862,-140.625,10,0
57476,7,-41.81031489577862,-129.37500000000006,11,0
57477,7,-41.81031489577862,-118.125,6,0
57478,7,-41.81031489577862,-106.875,13,0
57479,7,-41.81031489577862,-95.625,7,0
57480,7,-41.81031489577862,-84.375,11,0
57481,7,-41.81031489577862,-73.12500000000006,8,0
57482,7,-41.81031489577862,-61.875,13,0
57483,7,-41.81031489577862,-50.625,20,0
57484,7,-41.81031489577862,-39.375,12,0
57485,7,-41.81031489577862,-28.125,9,0
57486,7,-41.81031489577862,-16.875,10,0
57487,7,-41.81031489577862,-5.625,13,0
57488,7,-48.1412077943603,6.428571428571416,8,0
57489,7,-48.1412077943603,19.285714285714278,13,0
57490,7,-48.1412077943603,32.14285714285714,11,0
57491,7,-48.1412077943603,45.0,15,0
57492,7,-48.1412077943603,57.85714285714286,16,0
57493,7,-48.1412077943603,70.71428571428572,10,0
57494,7,-48.1412077943603,83.57142857142856,10,0
57495,7,-48.1412077943603,96.42857142857144,8,0
57496,7,-48.1412077943603,109.28571428571428,9,0
57497,7,-48.1412077943603,122.14285714285711,13,0
57498,7,-48.1412077943603,135.0,12,0
57499,7,-48.1412077943603,147.8571428571429,11,0
57500,7,-48.1412077943603,160.71428571428572,7,0
57501,7,-48.1412077943603,173.57142857142856,12,0
57502,7,-48.1412077943603,-173.57142857142856,14,0
57503,7,-48.1412077943603,-160.71428571428572,10,0
57504,7,-48.1412077943603,-147.8571428571429,11,0
57505,7,-48.1412077943603,-135.0,12,0
57506,7,-48.1412077943603,-122.14285714285711,9,0
57507,7,-48.1412077943603,-109.28571428571428,13,0
57508,7,-48.1412077943603,-96.42857142857144,7,0
57509,7,-48.1412077943603,-83.57142857142856,7,0
57510,7,-48.1412077943603,-70.71428571428572,12,0
57511,7,-48.1412077943603,-57.85714285714283,10,0
57512,7,-48.1412077943603,-45.0,13,0
57513,7,-48.1412077943603,-32.14285714285717,7,0
57514,7,-48.1412077943603,-19.28571428571422,11,0
57515,7,-48.1412077943603,-6.428571428571445,15,0
57516,7,-54.340912303861245,7.5,7,0
57517,7,-54.340912303861245,22.5,10,0
57518,7,-54.340912303861245,37.5,9,0
57519,7,-54.340912303861245,52.5,14,0
57520,7,-54.340912303861245,67.5,20,0
57521,7,-54.340912303861245,82.5,11,0
57522,7,-54.340912303861245,97.5,11,0
57523,7,-54.340912303861245,112.5,4,0
57524,7,-54.340912303861245,127.5,9,0
57525,7,-54.340912303861245,142.5,13,0
57526,7,-54.340912303861245,157.5,11,0
57527,7,-54.340912303861245,172.5,6,0
57528,7,-54.340912303861245,-172.5,16,0
57529,7,-54.340912303861245,-157.5,9,0
57530,7,-54.340912303861245,-142.5,12,0
57531,7,-54.340912303861245,-127.5,9,0
57532,7,-54.340912303861245,-112.5,9,0
57533,7,-54.340912303861245,-97.5,6,0
57534,7,-54.340912303861245,-82.5,9,0
57535,7,-54.340912303861245,-67.5,15,0
57536,7,-54.340912303861245,-52.50000000000006,9,0
57537,7,-54.340912303861245,-37.5,9,0
57538,7,-54.340912303861245,-22.5,11,0
57539,7,-54.340912303861245,-7.5,14,0
57540,7,-60.4344388449523,9.0,13,0
57541,7,-60.4344388449523,27.0,8,0
57542,7,-60.4344388449523,45.0,6,0
57543,7,-60.4344388449523,63.0,14,0
57544,7,-60.4344388449523,81.0,8,0
57545,7,-60.4344388449523,99.0,11,0
57546,7,-60.4344388449523,117.0,7,0
57547,7,-60.4344388449523,135.0,7,0
57548,7,-60.4344388449523,153.0,11,0
57549,7,-60.4344388449523,171.0,5,0
57550,7,-60.4344388449523,-171.0,11,0
57551,7,-60.4344388449523,-153.0,11,0
57552,7,-60.4344388449523,-135.0,8,0
57553,7,-60.4344388449523,-117.0,7,0
57554,7,-60.4344388449523,-99.0,7,0
57555,7,-60.4344388449523,-81.0,11,0
57556,7,-60.4344388449523,-63.0,10,0
57557,7,-60.4344388449523,-45.0,13,0
57558,7,-60.4344388449523,-27.0,8,0
57559,7,-60.4344388449523,-9.0,9,0
57560,7,-66.44353569089876,11.25,8,0
57561,7,-66.44353569089876,33.75,11,0
57562,7,-66.44353569089876,56.25,14,0
57563,7,-66.44353569089876,78.75,7,0
57564,7,-66.44353569089876,101.25,7,0
57565,7,-66.44353569089876,123.75,11,0
57566,7,-66.44353569089876,146.25,7,0
57567,7,-66.44353569089876,168.75,2,0
57568,7,-66.44353569089876,-168.75,8,0
57569,7,-66.44353569089876,-146.25,11,0
57570,7,-66.44353569089876,-123.75,11,0
57571,7,-66.44353569089876,-101.25,9,1
57572,7,-66.44353569089876,-78.75,9,0
57573,7,-66.44353569089876,-56.25,15,0
57574,7,-66.44353569089876,-33.75,13,0
57575,7,-66.44353569089876,-11.25,5,0
57576,7,-72.38756092964962,15.0,11,0
57577,7,-72.38756092964962,45.0,12,0
57578,7,-72.38756092964962,75.0,12,0
57579,7,-72.38756092964962,105.0,9,0
57580,7,-72.38756092964962,135.0,4,0
57581,7,-72.38756092964962,165.0,7,0
57582,7,-72.38756092964962,-165.0,10,0
57583,7,-72.38756092964962,-135.0,9,0
57584,7,-72.38756092964962,-105.0,9,1
57585,7,-72.38756092964962,-75.0,13,0
57586,7,-72.38756092964962,-45.0,7,0
57587,7,-72.38756092964962,-15.0,9,0
57588,7,-78.28414760510762,22.5,14,0
57589,7,-78.28414760510762,67.5,9,0
57590,7,-78.28414760510762,112.5,7,0
57591,7,-78.28414760510762,157.5,8,0
57592,7,-78.28414760510762,-157.5,9,0
57593,7,-78.28414760510762,-112.5,5,0
57594,7,-78.28414760510762,-67.5,12,0
57595,7,-78.28414760510762,-22.5,7,0
57596,7,-84.14973293629666,45.0,12,0
57597,7,-84.14973293629666,135.0,9,0
57598,7,-84.14973293629666,-135.0,9,0
57599,7,-84.14973293629666,-45.0,8,0
57600,7,84.14973293629666,45.0,18,0
57601,7,84.14973293629666,135.0,11,0
57602,7,84.14973293629666,-135.0,6,0
57603,7,84.14973293629666,-45.0,10,0
57604,7,78.28414760510762,22.5,12,0
57605,7,78.28414760510762,67.5,14,0
57606,7,78.28414760510762,112.5,11,0
57607,7,78.28414760510762,157.5,9,0
57608,7,78.28414760510762,-157.5,7,0
57609,7,78.28414760510762,-112.5,11,0
57610,7,78.28414760510762,-67.5,8,0
57611,7,78.28414760510762,-22.5,7,0
57612,7,72.38756092964962,15.0,12,0
57613,7,72.38756092964962,45.0,11,0
57614,7,72.38756092964962,75.0,9,0
57615,7,72.38756092964962,105.0,7,0
57616,7,72.38756092964962,135.0,10,0
57617,7,72.38756092964962,165.0,11,0
57618,7,72.38756092964962,-165.0,9,0
57619,7,72.38756092964962,-135.0,11,0
57620,7,72.38756092964962,-105.0,9,0
57621,7,72.38756092964962,-75.0,9,1
57622,7,72.38756092964962,-45.0,7,0
57623,7,72.38756092964962,-15.0,12,0
57624,7,66.44353569089877,11.25,9,0
57625,7,66.44353569089877,33.75,7,0
57626,7,66.44353569089877,56.25,8,0
57627,7,66.44353569089877,78.75,14,0
57628,7,66.44353569089877,101.25,8,0
57629,7,66.44353569089877,123.75,13,0
57630,7,66.44353569089877,146.25,9,0
57631,7,66.44353569089877,168.75,15,0
57632,7,66.44353569089877,-168.75,9,0
57633,7,66.44353569089877,-146.25,18,0
57634,7,66.44353569089877,-123.75,9,0
57635,7,66.44353569089877,-101.25,7,1
57636,7,66.44353569089877,-78.75,5,1
57637,7,66.44353569089877,-56.25,8,0
57638,7,66.44353569089877,-33.75,9,0
57639,7,66.44353569089877,-11.25,12,0
57640,7,60.43443884495228,9.0,16,0
57641,7,60.43443884495228,27.0,8,0
57642,7,60.43443884495228,45.0,10,0
57643,7,60.43443884495228,63.0,16,0
57644,7,60.43443884495228,81.0,15,0
57645,7,60.43443884495228,99.0,6,0
57646,7,60.43443884495228,117.0,21,0
57647,7,60.43443884495228,135.0,13,0
57648,7,60.43443884495228,153.0,17,0
57649,7,60.43443884495228,171.0,10,0
57650,7,60.43443884495228,-171.0,8,0
57651,7,60.43443884495228,-153.0,8,0
57652,7,60.43443884495228,-135.0,10,0
57653,7,60.43443884495228,-117.0,6,0
57654,7,60.43443884495228,-99.0,9,0
57655,7,60.43443884495228,-81.0,4,0
57656,7,60.43443884495228,-63.0,7,0
57657,7,60.43443884495228,-45.0,11,0
57658,7,60.43443884495228,-27.0,7,0
57659,7,60.43443884495228,-9.0,12,0
57660,7,54.340912303861245,7.5,11,0
57661,7,54.340912303861245,22.5,7,0
57662,7,54.340912303861245,37.5,9,0
57663,7,54.340912303861245,52.5,14,0
57664,7,54.340912303861245,67.5,16,0
57665,7,54.340912303861245,82.5,15,0
57666,7,54.340912303861245,97.5,8,0
57667,7,54.340912303861245,112.5,16,0
57668,7,54.340912303861245,127.5,18,0
57669,7,54.340912303861245,142.5,15,0
57670,7,54.340912303861245,157.5,16,0
57671,7,54.340912303861245,172.5,6,0
57672,7,54.340912303861245,-172.5,8,0
57673,7,54.340912303861245,-157.5,9,0
57674,7,54.340912303861245,-142.5,4,0
57675,7,54.340912303861245,-127.5,8,0
57676,7,54.340912303861245,-112.5,9,0
57677,7,54.340912303861245,-97.5,8,0
57678,7,54.340912303861245,-82.5,3,0
57679,7,54.340912303861245,-67.5,6,0
57680,7,54.340912303861245,-52.50000000000006,15,0
57681,7,54.340912303861245,-37.5,11,0
57682,7,54.340912303861245,-22.5,10,0
57683,7,54.340912303861245,-7.5,5,0
57684,7,48.141207794360284,6.428571428571416,6,0
57685,7,48.141207794360284,19.285714285714278,5,0
57686,7,48.141207794360284,32.14285714285714,8,0
57687,7,48.141207794360284,45.0,11,0
57688,7,48.141207794360284,57.85714285714286,10,0
57689,7,48.141207794360284,70.71428571428572,16,0
57690,7,48.141207794360284,83.57142857142856,13,0
57691,7,48.141207794360284,96.42857142857144,14,0
57692,7,48.141207794360284,109.28571428571428,19,0
57693,7,48.141207794360284,122.14285714285711,7,0
57694,7,48.141207794360284,135.0,14,0
57695,7,48.141207794360284,147.8571428571429,13,0
57696,7,48.141207794360284,160.71428571428572,14,0
57697,7,48.141207794360284,173.57142857142856,10,0
57698,7,48.141207794360284,-173.57142857142856,7,0
57699,7,48.141207794360284,-160.71428571428572,10,0
57700,7,48.141207794360284,-147.8571428571429,10,0
57701,7,48.141207794360284,-135.0,10,0
57702,7,48.141207794360284,-122.14285714285711,10,0
57703,7,48.141207794360284,-109.28571428571428,10,0
57704,7,48.141207794360284,-96.42857142857144,7,0
57705,7,48.141207794360284,-83.57142857142856,11,0
57706,7,48.141207794360284,-70.71428571428572,9,0
57707,7,48.141207794360284,-57.85714285714283,12,0
57708,7,48.141207794360284,-45.0,11,0
57709,7,48.141207794360284,-32.14285714285717,13,0
57710,7,48.141207794360284,-19.28571428571422,12,0
57711,7,48.141207794360284,-6.428571428571445,12,0
57712,7,41.81031489577859,5.625,10,0
57713,7,41.81031489577859,16.875,12,0
57714,7,41.81031489577859,28.125,4,0
57715,7,41.81031489577859,39.375,7,0
57716,7,41.81031489577859,50.625,15,0
57717,7,41.81031489577859,61.875,13,0
57718,7,41.81031489577859,73.125,10,0
57719,7,41.81031489577859,84.375,13,0
57720,7,41.81031489577859,95.625,13,0
57721,7,41.81031489577859,106.875,18,0
57722,7,41.81031489577859,118.125,6,0
57723,7,41.81031489577859,129.375,10,0
57724,7,41.81031489577859,140.625,15,0
57725,7,41.81031489577859,151.875,9,0
57726,7,41.81031489577859,163.125,8,0
57727,7,41.81031489577859,174.375,8,0
57728,7,41.81031489577859,-174.375,6,0
57729,7,41.81031489577859,-163.125,8,0
57730,7,41.81031489577859,-151.875,16,0
57731,7,41.81031489577859,-140.625,12,0
57732,7,41.81031489577859,-129.37500000000006,10,0
57733,7,41.81031489577859,-118.125,6,0
57734,7,41.81031489577859,-106.875,10,0
57735,7,41.81031489577859,-95.625,12,0
57736,7,41.81031489577859,-84.375,13,0
57737,7,41.81031489577859,-73.12500000000006,12,0
57738,7,41.81031489577859,-61.875,7,0
57739,7,41.81031489577859,-50.625,9,0
57740,7,41.81031489577859,-39.375,10,0
57741,7,41.81031489577859,-28.125,12,0
57742,7,41.81031489577859,-16.875,12,0
57743,7,41.81031489577859,-5.625,6,0
57744,7,35.68533471265204,0.0,8,0
57745,7,35.68533471265204,11.25,13,0
57746,7,35.68533471265204,22.5,12,0
57747,7,35.68533471265204,33.75,5,0
57748,7,35.68533471265204,45.0,10,0
57749,7,35.68533471265204,56.25,11,0
57750,7,35.68533471265204,67.5,6,0
57751,7,35.68533471265204,78.75,10,0
57752,7,35.68533471265204,90.0,11,0
57753,7,35.68533471265204,101.25,11,0
57754,7,35.68533471265204,112.5,9,0
57755,7,35.68533471265204,123.75,6,0
57756,7,35.68533471265204,135.0,6,0
57757,7,35.68533471265204,146.25,7,0
57758,7,35.68533471265204,157.5,12,0
57759,7,35.68533471265204,168.75,7,0
57760,7,35.68533471265204,-180.0,3,0
57761,7,35.68533471265204,-168.75,7,0
57762,7,35.68533471265204,-157.5,9,0
57763,7,35.68533471265204,-146.25,15,0
57764,7,35.68533471265204,-135.0,11,0
57765,7,35.68533471265204,-123.75,11,0
57766,7,35.68533471265204,-112.5,8,0
57767,7,35.68533471265204,-101.25,6,0
57768,7,35.68533471265204,-90.0,9,0
57769,7,35.68533471265204,-78.75000000000006,8,0
57770,7,35.68533471265204,-67.5,10,0
57771,7,35.68533471265204,-56.25,7,0
57772,7,35.68533471265204,-45.0,13,0
57773,7,35.68533471265204,-33.75000000000006,6,0
57774,7,35.68533471265204,-22.5,12,0
57775,7,35.68533471265204,-11.25,9,0
57776,7,30.000000000000007,5.625,7,0
57777,7,30.000000000000007,16.875,11,0
57778,7,30.000000000000007,28.125,11,0
57779,7,30.000000000000007,39.375,8,0
57780,7,30.000000000000007,50.625,16,0
57781,7,30.000000000000007,61.875,3,0
57782,7,30.000000000000007,73.125,7,0
57783,7,30.000000000000007,84.375,6,0
57784,7,30.000000000000007,95.625,13,0
57785,7,30.000000000000007,106.875,11,0
57786,7,30.000000000000007,118.125,10,0
57787,7,30.000000000000007,129.375,6,0
57788,7,30.000000000000007,140.625,6,0
57789,7,30.000000000000007,151.875,9,0
57790,7,30.000000000000007,163.125,8,0
57791,7,30.000000000000007,174.375,8,0
57792,7,30.000000000000007,-174.375,8,0
57793,7,30.000000000000007,-163.125,12,0
57794,7,30.000000000000007,-151.875,9,0
57795,7,30.000000000000007,-140.625,10,0
57796,7,30.000000000000007,-129.37500000000006,10,0
57797,7,30.000000000000007,-118.125,7,0
57798,7,30.000000000000007,-106.875,11,0
57799,7,30.000000000000007,-95.625,11,0
57800,7,30.000000000000007,-84.375,9,0
57801,7,30.000000000000007,-73.12500000000006,16,0
57802,7,30.000000000000007,-61.875,14,0
57803,7,30.000000000000007,-50.625,14,0
57804,7,30.000000000000007,-39.375,6,0
57805,7,30.000000000000007,-28.125,9,0
57806,7,30.000000000000007,-16.875,9,0
57807,7,30.000000000000007,-5.625,10,0
57808,7,24.62431835216408,0.0,10,0
57809,7,24.62431835216408,11.25,6,0
57810,7,24.62431835216408,22.5,17,0
57811,7,24.62431835216408,33.75,12,0
57812,7,24.62431835216408,45.0,9,0
57813,7,24.62431835216408,56.25,8,0
57814,7,24.62431835216408,67.5,9,0
57815,7,24.62431835216408,78.75,6,0
57816,7,24.62431835216408,90.0,8,0
57817,7,24.62431835216408,101.25,13,0
57818,7,24.62431835216408,112.5,8,0
57819,7,24.62431835216408,123.75,8,0
57820,7,24.62431835216408,135.0,5,0
57821,7,24.62431835216408,146.25,6,0
57822,7,24.62431835216408,157.5,6,0
57823,7,24.62431835216408,168.75,13,0
57824,7,24.62431835216408,-180.0,12,0
57825,7,24.62431835216408,-168.75,7,0
57826,7,24.62431835216408,-157.5,12,0
57827,7,24.62431835216408,-146.25,7,0
57828,7,24.62431835216408,-135.0,11,0
57829,7,24.62431835216408,-123.75,6,0
57830,7,24.62431835216408,-112.5,11,0
57831,7,24.62431835216408,-101.25,12,0
57832,7,24.62431835216408,-90.0,9,0
57833,7,24.62431835216408,-78.75000000000006,8,0
57834,7,24.62431835216408,-67.5,12,0
57835,7,24.62431835216408,-56.25,14,0
57836,7,24.62431835216408,-45.0,12,0
57837,7,24.62431835216408,-33.75000000000006,9,0
57838,7,24.62431835216408,-22.5,6,0
57839,7,24.62431835216408,-11.25,6,0
57840,7,19.47122063449069,5.625,12,0
57841,7,19.47122063449069,16.875,7,0
57842,7,19.47122063449069,28.125,13,0
57843,7,19.47122063449069,39.375,14,0
57844,7,19.47122063449069,50.625,12,0
57845,7,19.47122063449069,61.875,13,0
57846,7,19.47122063449069,73.125,7,0
57847,7,19.47122063449069,84.375,12,0
57848,7,19.47122063449069,95.625,11,0
57849,7,19.47122063449069,106.875,11,0
57850,7,19.47122063449069,118.125,9,0
57851,7,19.47122063449069,129.375,7,0
57852,7,19.47122063449069,140.625,12,0
57853,7,19.47122063449069,151.875,6,0
57854,7,19.47122063449069,163.125,7,0
57855,7,19.47122063449069,174.375,15,0
57856,7,19.47122063449069,-174.375,8,0
57857,7,19.47122063449069,-163.125,7,0
57858,7,19.47122063449069,-151.875,6,0
57859,7,19.47122063449069,-140.625,7,0
57860,7,19.47122063449069,-129.37500000000006,10,0
57861,7,19.47122063449069,-118.125,11,0
57862,7,19.47122063449069,-106.875,8,0
57863,7,19.47122063449069,-95.625,7,0
57864,7,19.47122063449069,-84.375,10,0
57865,7,19.47122063449069,-73.12500000000006,7,1
57866,7,19.47122063449069,-61.875,15,0
57867,7,19.47122063449069,-50.625,9,0
57868,7,19.47122063449069,-39.375,8,0
57869,7,19.47122063449069,-28.125,7,0
57870,7,19.47122063449069,-16.875,8,0
57871,7,19.47122063449069,-5.625,11,0
57872,7,14.477512185929925,0.0,13,0
57873,7,14.477512185929925,11.25,4,0
57874,7,14.477512185929925,22.5,11,0
57875,7,14.477512185929925,33.75,7,0
57876,7,14.477512185929925,45.0,19,0
57877,7,14.477512185929925,56.25,12,0
57878,7,14.477512185929925,67.5,11,1
57879,7,14.477512185929925,78.75,12,0
57880,7,14.477512185929925,90.0,18,0
57881,7,14.477512185929925,101.25,11,0
57882,7,14.477512185929925,112.5,8,0
57883,7,14.477512185929925,123.75,14,0
57884,7,14.477512185929925,135.0,10,0
57885,7,14.477512185929925,146.25,9,0
57886,7,14.477512185929925,157.5,12,0
57887,7,14.477512185929925,168.75,15,1
57888,7,14.477512185929925,-180.0,7,0
57889,7,14.477512185929925,-168.75,10,0
57890,7,14.477512185929925,-157.5,8,0
57891,7,14.477512185929925,-146.25,6,0
57892,7,14.477512185929925,-135.0,8,0
57893,7,14.477512185929925,-123.75,14,0
57894,7,14.477512185929925,-112.5,14,0
57895,7,14.477512185929925,-101.25,7,0
57896,7,14.477512185929925,-90.0,7,0
57897,7,14.477512185929925,-78.75000000000006,7,1
57898,7,14.477512185929925,-67.5,7,0
57899,7,14.477512185929925,-56.25,12,0
57900,7,14.477512185929925,-45.0,9,0
57901,7,14.477512185929925,-33.75000000000006,9,0
57902,7,14.477512185929925,-22.5,6,0
57903,7,14.477512185929925,-11.25,12,0
57904,7,9.594068226860458,5.625,11,0
57905,7,9.594068226860458,16.875,10,0
57906,7,9.594068226860458,28.125,9,0
57907,7,9.594068226860458,39.375,14,0
57908,7,9.594068226860458,50.625,6,0
57909,7,9.594068226860458,61.875,12,1
57910,7,9.594068226860458,73.125,9,0
57911,7,9.594068226860458,84.375,11,0
57912,7,9.594068226860458,95.625,10,0
57913,7,9.594068226860458,106.875,8,0
57914,7,9.594068226860458,118.125,15,0
57915,7,9.594068226860458,129.375,7,1
57916,7,9.594068226860458,140.625,14,0
57917,7,9.594068226860458,151.875,7,0
57918,7,9.594068226860458,163.125,19,0
57919,7,9.594068226860458,174.375,7,1
57920,7,9.594068226860458,-174.375,9,0
57921,7,9.594068226860458,-163.125,4,0
57922,7,9.594068226860458,-151.875,16,0
57923,7,9.594068226860458,-140.625,9,0
57924,7,9.594068226860458,-129.37500000000006,8,0
57925,7,9.594068226860458,-118.125,14,0
57926,7,9.594068226860458,-106.875,12,1
57927,7,9.594068226860458,-95.625,8,0
57928,7,9.594068226860458,-84.375,14,0
57929,7,9.594068226860458,-73.12500000000006,5,1
57930,7,9.594068226860458,-61.875,3,0
57931,7,9.594068226860458,-50.625,8,0
57932,7,9.594068226860458,-39.375,12,0
57933,7,9.594068226860458,-28.125,6,1
57934,7,9.594068226860458,-16.875,13,0
57935,7,9.594068226860458,-5.625,9,0
57936,7,4.780191847199163,0.0,8,1
57937,7,4.780191847199163,11.25,9,1
57938,7,4.780191847199163,22.5,9,0
57939,7,4.780191847199163,33.75,11,1
57940,7,4.780191847199163,45.0,9,2
57941,7,4.780191847199163,56.25,7,2
57942,7,4.780191847199163,67.5,8,2
57943,7,4.780191847199163,78.75,8,1
57944,7,4.780191847199163,90.0,9,2
57945,7,4.780191847199163,101.25,6,4
57946,7,4.780191847199163,112.5,7,2
57947,7,4.780191847199163,123.75,9,2
57948,7,4.780191847199163,135.0,9,1
57949,7,4.780191847199163,146.25,13,2
57950,7,4.780191847199163,157.5,8,2
57951,7,4.780191847199163,168.75,13,2
57952,7,4.780191847199163,-180.0,10,3
57953,7,4.780191847199163,-168.75,11,2
57954,7,4.780191847199163,-157.5,7,2
57955,7,4.780191847199163,-146.25,14,0
57956,7,4.780191847199163,-135.0,7,0
57957,7,4.780191847199163,-123.75,16,4
57958,7,4.780191847199163,-112.5,10,1
57959,7,4.780191847199163,-101.25,15,3
57960,7,4.780191847199163,-90.0,17,2
57961,7,4.780191847199163,-78.75000000000006,9,0
57962,7,4.780191847199163,-67.5,6,2
57963,7,4.780191847199163,-56.25,11,1
57964,7,4.780191847199163,-45.0,12,3
57965,7,4.780191847199163,-33.75000000000006,8,4
57966,7,4.780191847199163,-22.5,11,6
57967,7,4.780191847199163,-11.25,8,3
57968,7,0.0,5.625,5,3
57969,7,0.0,16.875,7,2
57970,7,0.0,28.125,12,2
57971,7,0.0,39.375,11,6
57972,7,0.0,50.625,8,3
57973,7,0.0,61.875,8,1
57974,7,0.0,73.125,15,5
57975,7,0.0,84.375,4,3
57976,7,0.0,95.625,8,3
57977,7,0.0,106.875,6,5
57978,7,0.0,118.125,12,1
57979,7,0.0,129.375,6,6
57980,7,0.0,140.625,8,2
57981,7,0.0,151.875,7,4
57982,7,0.0,163.125,9,3
57983,7,0.0,174.375,9,5
57984,7,0.0,-174.375,13,3
57985,7,0.0,-163.125,15,2
57986,7,0.0,-151.875,6,3
57987,7,0.0,-140.625,6,1
57988,7,0.0,-129.37500000000006,15,1
57989,7,0.0,-118.125,7,4
57990,7,0.0,-106.875,16,2
57991,7,0.0,-95.625,19,5
57992,7,0.0,-84.375,10,1
57993,7,0.0,-73.12500000000006,8,2
57994,7,0.0,-61.875,9,4
57995,7,0.0,-50.625,8,1
57996,7,0.0,-39.375,10,5
57997,7,0.0,-28.125,6,4
57998,7,0.0,-16.875,12,7
57999,7,0.0,-5.625,8,7
58000,7,-4.780191847199163,0.0,7,4
58001,7,-4.780191847199163,11.25,4,2
58002,7,-4.780191847199163,22.5,10,1
58003,7,-4.780191847199163,33.75,10,3
58004,7,-4.780191847199163,45.0,11,3
58005,7,-4.780191847199163,56.25,10,2
58006,7,-4.780191847199163,67.5,12,4
58007,7,-4.780191847199163,78.75,7,2
58008,7,-4.780191847199163,90.0,6,2
58009,7,-4.780191847199163,101.25,11,2
58010,7,-4.780191847199163,112.5,19,1
58011,7,-4.780191847199163,123.75,10,0
58012,7,-4.780191847199163,135.0,9,2
58013,7,-4.780191847199163,146.25,8,1
58014,7,-4.780191847199163,157.5,8,2
58015,7,-4.780191847199163,168.75,6,3
58016,7,-4.780191847199163,-180.0,11,1
58017,7,-4.780191847199163,-168.75,20,1
58018,7,-4.780191847199163,-157.5,14,2
58019,7,-4.780191847199163,-146.25,8,2
58020,7,-4.780191847199163,-135.0,4,0
58021,7,-4.780191847199163,-123.75,7,1
58022,7,-4.780191847199163,-112.5,10,1
58023,7,-4.780191847199163,-101.25,10,2
58024,7,-4.780191847199163,-90.0,12,3
58025,7,-4.780191847199163,-78.75000000000006,7,0
58026,7,-4.780191847199163,-67.5,8,3
58027,7,-4.780191847199163,-56.25,9,0
58028,7,-4.780191847199163,-45.0,7,0
58029,7,-4.780191847199163,-33.75000000000006,10,2
58030,7,-4.780191847199163,-22.5,12,1
58031,7,-4.780191847199163,-11.25,7,3
58032,7,-9.594068226860458,5.625,3,0
58033,7,-9.594068226860458,16.875,7,0
58034,7,-9.594068226860458,28.125,6,0
58035,7,-9.594068226860458,39.375,9,0
58036,7,-9.594068226860458,50.625,9,0
58037,7,-9.594068226860458,61.875,8,1
58038,7,-9.594068226860458,73.125,6,0
58039,7,-9.594068226860458,84.375,7,1
58040,7,-9.594068226860458,95.625,11,0
58041,7,-9.594068226860458,106.875,12,0
58042,7,-9.594068226860458,118.125,11,0
58043,7,-9.594068226860458,129.375,13,0
58044,7,-9.594068226860458,140.625,11,0
58045,7,-9.594068226860458,151.875,15,0
58046,7,-9.594068226860458,163.125,7,0
58047,7,-9.594068226860458,174.375,9,0
58048,7,-9.594068226860458,-174.375,14,0
58049,7,-9.594068226860458,-163.125,13,0
58050,7,-9.594068226860458,-151.875,13,0
58051,7,-9.594068226860458,-140.625,9,0
58052,7,-9.594068226860458,-129.37500000000006,5,0
58053,7,-9.594068226860458,-118.125,9,0
58054,7,-9.594068226860458,-106.875,8,0
58055,7,-9.594068226860458,-95.625,14,0
58056,7,-9.594068226860458,-84.375,4,0
58057,7,-9.594068226860458,-73.12500000000006,9,0
58058,7,-9.594068226860458,-61.875,12,0
58059,7,-9.594068226860458,-50.625,6,0
58060,7,-9.594068226860458,-39.375,15,0
58061,7,-9.594068226860458,-28.125,10,0
58062,7,-9.594068226860458,-16.875,11,0
58063,7,-9.594068226860458,-5.625,6,0
58064,7,-14.477512185929925,0.0,8,0
58065,7,-14.477512185929925,11.25,6,0
58066,7,-14.477512185929925,22.5,5,0
58067,7,-14.477512185929925,33.75,10,0
58068,7,-14.477512185929925,45.0,11,0
58069,7,-14.477512185929925,56.25,10,1
58070,7,-14.477512185929925,67.5,9,0
58071,7,-14.477512185929925,78.75,8,0
58072,7,-14.477512185929925,90.0,8,0
58073,7,-14.477512185929925,101.25,8,0
58074,7,-14.477512185929925,112.5,7,0
58075,7,-14.477512185929925,123.75,12,0
58076,7,-14.477512185929925,135.0,13,0
58077,7,-14.477512185929925,146.25,9,0
58078,7,-14.477512185929925,157.5,8,0
58079,7,-14.477512185929925,168.75,7,0
58080,7,-14.477512185929925,-180.0,10,0
58081,7,-14.477512185929925,-168.75,11,0
58082,7,-14.477512185929925,-157.5,9,0
58083,7,-14.477512185929925,-146.25,8,0
58084,7,-14.477512185929925,-135.0,9,0
58085,7,-14.477512185929925,-123.75,9,0
58086,7,-14.477512185929925,-112.5,5,0
58087,7,-14.477512185929925,-101.25,15,0
58088,7,-14.477512185929925,-90.0,3,0
58089,7,-14.477512185929925,-78.75000000000006,8,0
58090,7,-14.477512185929925,-67.5,12,0
58091,7,-14.477512185929925,-56.25,5,0
58092,7,-14.477512185929925,-45.0,14,0
58093,7,-14.477512185929925,-33.75000000000006,13,0
58094,7,-14.477512185929925,-22.5,9,0
58095,7,-14.477512185929925,-11.25,11,0
58096,7,-19.47122063449069,5.625,11,0
58097,7,-19.47122063449069,16.875,8,0
58098,7,-19.47122063449069,28.125,14,0
58099,7,-19.47122063449069,39.375,4,0
58100,7,-19.47122063449069,50.625,12,0
58101,7,-19.47122063449069,61.875,11,0
58102,7,-19.47122063449069,73.125,7,0
58103,7,-19.47122063449069,84.375,6,0
58104,7,-19.47122063449069,95.625,15,0
58105,7,-19.47122063449069,106.875,9,0
58106,7,-19.47122063449069,118.125,9,0
58107,7,-19.47122063449069,129.375,10,0
58108,7,-19.47122063449069,140.625,12,0
58109,7,-19.47122063449069,151.875,9,0
58110,7,-19.47122063449069,163.125,9,0
58111,7,-19.47122063449069,174.375,10,0
58112,7,-19.47122063449069,-174.375,11,0
58113,7,-19.47122063449069,-163.125,7,0
58114,7,-19.47122063449069,-151.875,9,0
58115,7,-19.47122063449069,-140.625,8,0
58116,7,-19.47122063449069,-129.37500000000006,16,0
58117,7,-19.47122063449069,-118.125,5,0
58118,7,-19.47122063449069,-106.875,11,0
58119,7,-19.47122063449069,-95.625,6,0
58120,7,-19.47122063449069,-84.375,5,0
58121,7,-19.47122063449069,-73.12500000000006,11,0
58122,7,-19.47122063449069,-61.875,11,0
58123,7,-19.47122063449069,-50.625,13,0
58124,7,-19.47122063449069,-39.375,11,0
58125,7,-19.47122063449069,-28.125,9,0
58126,7,-19.47122063449069,-16.875,14,1
58127,7,-19.47122063449069,-5.625,10,0
58128,7,-24.62431835216408,0.0,16,0
58129,7,-24.62431835216408,11.25,8,0
58130,7,-24.62431835216408,22.5,12,0
58131,7,-24.62431835216408,33.75,5,0
58132,7,-24.62431835216408,45.0,3,0
58133,7,-24.62431835216408,56.25,7,0
58134,7,-24.62431835216408,67.5,10,0
58135,7,-24.62431835216408,78.75,11,0
58136,7,-24.62431835216408,90.0,9,0
58137,7,-24.62431835216408,101.25,12,0
58138,7,-24.62431835216408,112.5,9,0
58139,7,-24.62431835216408,123.75,10,0
58140,7,-24.62431835216408,135.0,12,0
58141,7,-24.62431835216408,146.25,9,0
58142,7,-24.62431835216408,157.5,10,0
58143,7,-24.62431835216408,168.75,6,0
58144,7,-24.62431835216408,-180.0,10,0
58145,7,-24.62431835216408,-168.75,9,0
58146,7,-24.62431835216408,-157.5,9,0
58147,7,-24.62431835216408,-146.25,9,0
58148,7,-24.62431835216408,-135.0,11,0
58149,7,-24.62431835216408,-123.75,8,0
58150,7,-24.62431835216408,-112.5,9,0
58151,7,-24.62431835216408,-101.25,8,0
58152,7,-24.62431835216408,-90.0,8,0
58153,7,-24.62431835216408,-78.75000000000006,10,0
58154,7,-24.62431835216408,-67.5,8,0
58155,7,-24.62431835216408,-56.25,9,0
58156,7,-24.62431835216408,-45.0,10,0
58157,7,-24.62431835216408,-33.75000000000006,12,0
58158,7,-24.62431835216408,-22.5,17,0
58159,7,-24.62431835216408,-11.25,13,1
58160,7,-30.000000000000014,5.625,7,0
58161,7,-30.000000000000014,16.875,9,0
58162,7,-30.000000000000014,28.125,11,0
58163,7,-30.000000000000014,39.375,8,0
58164,7,-30.000000000000014,50.625,10,0
58165,7,-30.000000000000014,61.875,8,0
58166,7,-30.000000000000014,73.125,12,0
58167,7,-30.000000000000014,84.375,14,0
58168,7,-30.000000000000014,95.625,7,0
58169,7,-30.000000000000014,106.875,6,0
58170,7,-30.000000000000014,118.125,13,0
58171,7,-30.000000000000014,129.375,9,0
58172,7,-30.000000000000014,140.625,10,0
58173,7,-30.000000000000014,151.875,12,0
58174,7,-30.000000000000014,163.125,20,0
58175,7,-30.000000000000014,174.375,11,0
58176,7,-30.000000000000014,-174.375,10,0
58177,7,-30.000000000000014,-163.125,12,0
58178,7,-30.000000000000014,-151.875,9,0
58179,7,-30.000000000000014,-140.625,9,0
58180,7,-30.000000000000014,-129.37500000000006,7,0
58181,7,-30.000000000000014,-118.125,5,0
58182,7,-30.000000000000014,-106.875,11,0
58183,7,-30.000000000000014,-95.625,9,0
58184,7,-30.000000000000014,-84.375,9,0
58185,7,-30.000000000000014,-73.12500000000006,6,0
58186,7,-30.000000000000014,-61.875,11,0
58187,7,-30.000000000000014,-50.625,4,0
58188,7,-30.000000000000014,-39.375,13,0
58189,7,-30.000000000000014,-28.125,13,0
58190,7,-30.000000000000014,-16.875,13,0
58191,7,-30.000000000000014,-5.625,11,0
58192,7,-35.68533471265205,0.0,4,0
58193,7,-35.68533471265205,11.25,8,0
58194,7,-35.68533471265205,22.5,11,0
58195,7,-35.68533471265205,33.75,14,0
58196,7,-35.68533471265205,45.0,16,0
58197,7,-35.68533471265205,56.25,9,0
58198,7,-35.68533471265205,67.5,12,0
58199,7,-35.68533471265205,78.75,15,0
58200,7,-35.68533471265205,90.0,10,0
58201,7,-35.68533471265205,101.25,4,0
58202,7,-35.68533471265205,112.5,10,0
58203,7,-35.68533471265205,123.75,4,0
58204,7,-35.68533471265205,135.0,9,0
58205,7,-35.68533471265205,146.25,11,0
58206,7,-35.68533471265205,157.5,15,0
58207,7,-35.68533471265205,168.75,16,0
58208,7,-35.68533471265205,-180.0,9,0
58209,7,-35.68533471265205,-168.75,7,0
58210,7,-35.68533471265205,-157.5,10,0
58211,7,-35.68533471265205,-146.25,9,0
58212,7,-35.68533471265205,-135.0,8,0
58213,7,-35.68533471265205,-123.75,7,0
58214,7,-35.68533471265205,-112.5,8,0
58215,7,-35.68533471265205,-101.25,6,0
58216,7,-35.68533471265205,-90.0,7,0
58217,7,-35.68533471265205,-78.75000000000006,8,0
58218,7,-35.68533471265205,-67.5,8,0
58219,7,-35.68533471265205,-56.25,13,0
58220,7,-35.68533471265205,-45.0,11,0
58221,7,-35.68533471265205,-33.75000000000006,17,0
58222,7,-35.68533471265205,-22.5,11,0
58223,7,-35.68533471265205,-11.25,12,0
58224,7,-41.81031489577862,5.625,15,0
58225,7,-41.81031489577862,16.875,11,0
58226,7,-41.81031489577862,28.125,10,0
58227,7,-41.81031489577862,39.375,5,0
58228,7,-41.81031489577862,50.625,8,0
58229,7,-41.81031489577862,61.875,9,0
58230,7,-41.81031489577862,73.125,11,0
58231,7,-41.81031489577862,84.375,10,0
58232,7,-41.81031489577862,95.625,6,0
58233,7,-41.81031489577862,106.875,12,0
58234,7,-41.81031489577862,118.125,9,0
58235,7,-41.81031489577862,129.375,6,0
58236,7,-41.81031489577862,140.625,8,0
58237,7,-41.81031489577862,151.875,12,0
58238,7,-41.81031489577862,163.125,9,0
58239,7,-41.81031489577862,174.375,13,0
58240,7,-41.81031489577862,-174.375,5,0
58241,7,-41.81031489577862,-163.125,11,0
58242,7,-41.81031489577862,-151.875,13,0
58243,7,-41.81031489577862,-140.625,10,0
58244,7,-41.81031489577862,-129.37500000000006,11,0
58245,7,-41.81031489577862,-118.125,6,0
58246,7,-41.81031489577862,-106.875,13,0
58247,7,-41.81031489577862,-95.625,7,0
58248,7,-41.81031489577862,-84.375,11,0
58249,7,-41.81031489577862,-73.12500000000006,8,0
58250,7,-41.81031489577862,-61.875,13,0
58251,7,-41.81031489577862,-50.625,20,0
58252,7,-41.81031489577862,-39.375,12,0
58253,7,-41.81031489577862,-28.125,9,0
58254,7,-41.81031489577862,-16.875,10,0
58255,7,-41.81031489577862,-5.625,13,0
58256,7,-48.1412077943603,6.428571428571416,8,0
58257,7,-48.1412077943603,19.285714285714278,13,0
58258,7,-48.1412077943603,32.14285714285714,11,0
58259,7,-48.1412077943603,45.0,15,0
58260,7,-48.1412077943603,57.85714285714286,16,0
58261,7,-48.1412077943603,70.71428571428572,10,0
58262,7,-48.1412077943603,83.57142857142856,10,0
58263,7,-48.1412077943603,96.42857142857144,8,0
58264,7,-48.1412077943603,109.28571428571428,9,0
58265,7,-48.1412077943603,122.14285714285711,13,0
58266,7,-48.1412077943603,135.0,12,0
58267,7,-48.1412077943603,147.8571428571429,11,0
58268,7,-48.1412077943603,160.71428571428572,7,0
58269,7,-48.1412077943603,173.57142857142856,12,0
58270,7,-48.1412077943603,-173.57142857142856,14,0
58271,7,-48.1412077943603,-160.71428571428572,10,0
58272,7,-48.1412077943603,-147.8571428571429,11,0
58273,7,-48.1412077943603,-135.0,12,0
58274,7,-48.1412077943603,-122.14285714285711,9,0
58275,7,-48.1412077943603,-109.28571428571428,13,0
58276,7,-48.1412077943603,-96.42857142857144,7,0
58277,7,-48.1412077943603,-83.57142857142856,7,0
58278,7,-48.1412077943603,-70.71428571428572,12,0
58279,7,-48.1412077943603,-57.85714285714283,10,0
58280,7,-48.1412077943603,-45.0,13,0
58281,7,-48.1412077943603,-32.14285714285717,7,0
58282,7,-48.1412077943603,-19.28571428571422,11,0
58283,7,-48.1412077943603,-6.428571428571445,15,0
58284,7,-54.340912303861245,7.5,7,0
58285,7,-54.340912303861245,22.5,10,0
58286,7,-54.340912303861245,37.5,9,0
58287,7,-54.340912303861245,52.5,14,0
58288,7,-54.340912303861245,67.5,20,0
58289,7,-54.340912303861245,82.5,11,0
58290,7,-54.340912303861245,97.5,11,0
58291,7,-54.340912303861245,112.5,4,0
58292,7,-54.340912303861245,127.5,9,0
58293,7,-54.340912303861245,142.5,13,0
58294,7,-54.340912303861245,157.5,11,0
58295,7,-54.340912303861245,172.5,6,0
58296,7,-54.340912303861245,-172.5,16,0
58297,7,-54.340912303861245,-157.5,9,0
58298,7,-54.340912303861245,-142.5,12,0
58299,7,-54.340912303861245,-127.5,9,0
58300,7,-54.340912303861245,-112.5,9,0
58301,7,-54.340912303861245,-97.5,6,0
58302,7,-54.340912303861245,-82.5,9,0
58303,7,-54.340912303861245,-67.5,15,0
58304,7,-54.340912303861245,-52.50000000000006,9,0
58305,7,-54.340912303861245,-37.5,9,0
58306,7,-54.340912303861245,-22.5,11,0
58307,7,-54.340912303861245,-7.5,14,0
58308,7,-60.4344388449523,9.0,13,0
58309,7,-60.4344388449523,27.0,8,0
58310,7,-60.4344388449523,45.0,6,0
58311,7,-60.4344388449523,63.0,14,0
58312,7,-60.4344388449523,81.0,8,0
58313,7,-60.4344388449523,99.0,11,0
58314,7,-60.4344388449523,117.0,7,0
58315,7,-60.4344388449523,135.0,7,0
58316,7,-60.4344388449523,153.0,11,0
58317,7,-60.4344388449523,171.0,5,0
58318,7,-60.4344388449523,-171.0,11,0
58319,7,-60.4344388449523,-153.0,11,0
58320,7,-60.4344388449523,-135.0,8,0
58321,7,-60.4344388449523,-117.0,7,0
58322,7,-60.4344388449523,-99.0,7,0
58323,7,-60.4344388449523,-81.0,11,0
58324,7,-60.4344388449523,-63.0,10,0
58325,7,-60.4344388449523,-45.0,13,0
58326,7,-60.4344388449523,-27.0,8,0
58327,7,-60.4344388449523,-9.0,9,0
58328,7,-66.44353569089876,11.25,8,0
58329,7,-66.44353569089876,33.75,11,0
58330,7,-66.44353569089876,56.25,14,0
58331,7,-66.44353569089876,78.75,7,0
58332,7,-66.44353569089876,101.25,7,0
58333,7,-66.44353569089876,123.75,11,0
58334,7,-66.44353569089876,146.25,7,0
58335,7,-66.44353569089876,168.75,2,0
58336,7,-66.44353569089876,-168.75,8,0
58337,7,-66.44353569089876,-146.25,11,0
58338,7,-66.44353569089876,-123.75,11,0
58339,7,-66.44353569089876,-101.25,9,1
58340,7,-66.44353569089876,-78.75,9,0
58341,7,-66.44353569089876,-56.25,15,0
58342,7,-66.44353569089876,-33.75,13,0
58343,7,-66.44353569089876,-11.25,5,0
58344,7,-72.38756092964962,15.0,11,0
58345,7,-72.38756092964962,45.0,12,0
58346,7,-72.38756092964962,75.0,12,0
58347,7,-72.38756092964962,105.0,9,0
58348,7,-72.38756092964962,135.0,4,0
58349,7,-72.38756092964962,165.0,7,0
58350,7,-72.38756092964962,-165.0,10,0
58351,7,-72.38756092964962,-135.0,9,0
58352,7,-72.38756092964962,-105.0,9,1
58353,7,-72.38756092964962,-75.0,13,0
58354,7,-72.38756092964962,-45.0,7,0
58355,7,-72.38756092964962,-15.0,9,0
58356,7,-78.28414760510762,22.5,14,0
58357,7,-78.28414760510762,67.5,9,0
58358,7,-78.28414760510762,112.5,7,0
58359,7,-78.28414760510762,157.5,8,0
58360,7,-78.28414760510762,-157.5,9,0
58361,7,-78.28414760510762,-112.5,5,0
58362,7,-78.28414760510762,-67.5,12,0
58363,7,-78.28414760510762,-22.5,7,0
58364,7,-84.14973293629666,45.0,12,0
58365,7,-84.14973293629666,135.0,9,0
58366,7,-84.14973293629666,-135.0,9,0
58367,7,-84.14973293629666,-45.0,8,0
58368,7,84.14973293629666,45.0,18,0
58369,7,84.14973293629666,135.0,11,0
58370,7,84.14973293629666,-135.0,6,0
58371,7,84.14973293629666,-45.0,10,0
58372,7,78.28414760510762,22.5,12,0
58373,7,78.28414760510762,67.5,14,0
58374,7,78.28414760510762,112.5,11,0
58375,7,78.28414760510762,157.5,9,0
58376,7,78.28414760510762,-157.5,7,0
58377,7,78.28414760510762,-112.5,11,0
58378,7,78.28414760510762,-67.5,8,0
58379,7,78.28414760510762,-22.5,7,0
58380,7,72.38756092964962,15.0,12,0
58381,7,72.38756092964962,45.0,11,0
58382,7,72.38756092964962,75.0,9,0
58383,7,72.38756092964962,105.0,7,0
58384,7,72.38756092964962,135.0,10,0
58385,7,72.38756092964962,165.0,11,0
58386,7,72.38756092964962,-165.0,9,0
58387,7,72.38756092964962,-135.0,11,0
58388,7,72.38756092964962,-105.0,9,0
58389,7,72.38756092964962,-75.0,9,1
58390,7,72.38756092964962,-45.0,7,0
58391,7,72.38756092964962,-15.0,12,0
58392,7,66.44353569089877,11.25,9,0
58393,7,66.44353569089877,33.75,7,0
58394,7,66.44353569089877,56.25,8,0
58395,7,66.44353569089877,78.75,14,0
58396,7,66.44353569089877,101.25,8,0
58397,7,66.44353569089877,123.75,13,0
58398,7,66.44353569089877,146.25,9,0
58399,7,66.44353569089877,168.75,15,0
58400,7,66.44353569089877,-168.75,9,0
58401,7,66.44353569089877,-146.25,18,0
58402,7,66.44353569089877,-123.75,9,0
58403,7,66.44353569089877,-101.25,7,1
58404,7,66.44353569089877,-78.75,5,1
58405,7,66.44353569089877,-56.25,8,0
58406,7,66.44353569089877,-33.75,9,0
58407,7,66.44353569089877,-11.25,12,0
58408,7,60.43443884495228,9.0,16,0
58409,7,60.43443884495228,27.0,8,0
58410,7,60.43443884495228,45.0,10,0
58411,7,60.43443884495228,63.0,16,0
58412,7,60.43443884495228,81.0,15,0
58413,7,60.43443884495228,99.0,6,0
58414,7,60.43443884495228,117.0,21,0
58415,7,60.43443884495228,135.0,13,0
58416,7,60.43443884495228,153.0,17,0
58417,7,60.43443884495228,171.0,10,0
58418,7,60.43443884495228,-171.0,8,0
58419,7,60.43443884495228,-153.0,8,0
58420,7,60.43443884495228,-135.0,10,0
58421,7,60.43443884495228,-117.0,6,0
58422,7,60.43443884495228,-99.0,9,0
58423,7,60.43443884495228,-81.0,4,0
58424,7,60.43443884495228,-63.0,7,0
58425,7,60.43443884495228,-45.0,11,0
58426,7,60.43443884495228,-27.0,7,0
58427,7,60.43443884495228,-9.0,12,0
58428,7,54.340912303861245,7.5,11,0
58429,7,54.340912303861245,22.5,7,0
58430,7,54.340912303861245,37.5,9,0
58431,7,54.340912303861245,52.5,14,0
58432,7,54.340912303861245,67.5,16,0
58433,7,54.340912303861245,82.5,15,0
58434,7,54.340912303861245,97.5,8,0
58435,7,54.340912303861245,112.5,16,0
58436,7,54.340912303861245,127.5,18,0
58437,7,54.340912303861245,142.5,15,0
58438,7,54.340912303861245,157.5,16,0
58439,7,54.340912303861245,172.5,6,0
58440,7,54.340912303861245,-172.5,8,0
58441,7,54.340912303861245,-157.5,9,0
58442,7,54.340912303861245,-142.5,4,0
58443,7,54.340912303861245,-127.5,8,0
58444,7,54.340912303861245,-112.5,9,0
58445,7,54.340912303861245,-97.5,8,0
58446,7,54.340912303861245,-82.5,3,0
58447,7,54.340912303861245,-67.5,6,0
58448,7,54.340912303861245,-52.50000000000006,15,0
58449,7,54.340912303861245,-37.5,11,0
58450,7,54.340912303861245,-22.5,10,0
58451,7,54.340912303861245,-7.5,5,0
58452,7,48.141207794360284,6.428571428571416,6,0
58453,7,48.141207794360284,19.285714285714278,5,0
58454,7,48.141207794360284,32.14285714285714,8,0
58455,7,48.141207794360284,45.0,11,0
58456,7,48.141207794360284,57.85714285714286,10,0
58457,7,48.141207794360284,70.71428571428572,16,0
58458,7,48.141207794360284,83.57142857142856,13,0
58459,7,48.141207794360284,96.42857142857144,14,0
58460,7,48.141207794360284,109.28571428571428,19,0
58461,7,48.141207794360284,122.14285714285711,7,0
58462,7,48.141207794360284,135.0,14,0
58463,7,48.141207794360284,147.8571428571429,13,0
58464,7,48.141207794360284,160.71428571428572,14,0
58465,7,48.141207794360284,173.57142857142856,10,0
58466,7,48.141207794360284,-173.57142857142856,7,0
58467,7,48.141207794360284,-160.71428571428572,10,0
58468,7,48.141207794360284,-147.8571428571429,10,0
58469,7,48.141207794360284,-135.0,10,0
58470,7,48.141207794360284,-122.14285714285711,10,0
58471,7,48.141207794360284,-109.28571428571428,10,0
58472,7,48.141207794360284,-96.42857142857144,7,0
58473,7,48.141207794360284,-83.57142857142856,11,0
58474,7,48.141207794360284,-70.71428571428572,9,0
58475,7,48.141207794360284,-57.85714285714283,12,0
58476,7,48.141207794360284,-45.0,11,0
58477,7,48.141207794360284,-32.14285714285717,13,0
58478,7,48.141207794360284,-19.28571428571422,12,0
58479,7,48.141207794360284,-6.428571428571445,12,0
58480,7,41.81031489577859,5.625,10,0
58481,7,41.81031489577859,16.875,12,0
58482,7,41.81031489577859,28.125,4,0
58483,7,41.81031489577859,39.375,7,0
58484,7,41.81031489577859,50.625,15,0
58485,7,41.81031489577859,61.875,13,0
58486,7,41.81031489577859,73.125,10,0
58487,7,41.81031489577859,84.375,13,0
58488,7,41.81031489577859,95.625,13,0
58489,7,41.81031489577859,106.875,18,0
58490,7,41.81031489577859,118.125,6,0
58491,7,41.81031489577859,129.375,10,0
58492,7,41.81031489577859,140.625,15,0
58493,7,41.81031489577859,151.875,9,0
58494,7,41.81031489577859,163.125,8,0
58495,7,41.81031489577859,174.375,8,0
58496,7,41.81031489577859,-174.375,6,0
58497,7,41.81031489577859,-163.125,8,0
58498,7,41.81031489577859,-151.875,16,0
58499,7,41.81031489577859,-140.625,12,0
58500,7,41.81031489577859,-129.37500000000006,10,0
58501,7,41.81031489577859,-118.125,6,0
58502,7,41.81031489577859,-106.875,10,0
58503,7,41.81031489577859,-95.625,12,0
58504,7,41.81031489577859,-84.375,13,0
58505,7,41.81031489577859,-73.12500000000006,12,0
58506,7,41.81031489577859,-61.875,7,0
58507,7,41.81031489577859,-50.625,9,0
58508,7,41.81031489577859,-39.375,10,0
58509,7,41.81031489577859,-28.125,12,0
58510,7,41.81031489577859,-16.875,12,0
58511,7,41.81031489577859,-5.625,6,0
58512,7,35.68533471265204,0.0,8,0
58513,7,35.68533471265204,11.25,13,0
58514,7,35.68533471265204,22.5,12,0
58515,7,35.68533471265204,33.75,5,0
58516,7,35.68533471265204,45.0,10,0
58517,7,35.68533471265204,56.25,11,0
58518,7,35.68533471265204,67.5,6,0
58519,7,35.68533471265204,78.75,10,0
58520,7,35.68533471265204,90.0,11,0
58521,7,35.68533471265204,101.25,11,0
58522,7,35.68533471265204,112.5,9,0
58523,7,35.68533471265204,123.75,6,0
58524,7,35.68533471265204,135.0,6,0
58525,7,35.68533471265204,146.25,7,0
58526,7,35.68533471265204,157.5,12,0
58527,7,35.68533471265204,168.75,7,0
58528,7,35.68533471265204,-180.0,3,0
58529,7,35.68533471265204,-168.75,7,0
58530,7,35.68533471265204,-157.5,9,0
58531,7,35.68533471265204,-146.25,15,0
58532,7,35.68533471265204,-135.0,11,0
58533,7,35.68533471265204,-123.75,11,0
58534,7,35.68533471265204,-112.5,8,0
58535,7,35.68533471265204,-101.25,6,0
58536,7,35.68533471265204,-90.0,9,0
58537,7,35.68533471265204,-78.75000000000006,8,0
58538,7,35.68533471265204,-67.5,10,0
58539,7,35.68533471265204,-56.25,7,0
58540,7,35.68533471265204,-45.0,13,0
58541,7,35.68533471265204,-33.75000000000006,6,0
58542,7,35.68533471265204,-22.5,12,0
58543,7,35.68533471265204,-11.25,9,0
58544,7,30.000000000000007,5.625,7,0
58545,7,30.000000000000007,16.875,11,0
58546,7,30.000000000000007,28.125,11,0
58547,7,30.000000000000007,39.375,8,0
58548,7,30.000000000000007,50.625,16,0
58549,7,30.000000000000007,61.875,3,0
58550,7,30.000000000000007,73.125,7,0
58551,7,30.000000000000007,84.375,6,0
58552,7,30.000000000000007,95.625,13,0
58553,7,30.000000000000007,106.875,11,0
58554,7,30.000000000000007,118.125,10,0
58555,7,30.000000000000007,129.375,6,0
58556,7,30.000000000000007,140.625,6,0
58557,7,30.000000000000007,151.875,9,0
58558,7,30.000000000000007,163.125,8,0
58559,7,30.000000000000007,174.375,8,0
58560,7,30.000000000000007,-174.375,8,0
58561,7,30.000000000000007,-163.125,12,0
58562,7,30.000000000000007,-151.875,9,0
58563,7,30.000000000000007,-140.625,10,0
58564,7,30.000000000000007,-129.37500000000006,10,0
58565,7,30.000000000000007,-118.125,7,0
58566,7,30.000000000000007,-106.875,11,0
58567,7,30.000000000000007,-95.625,11,0
58568,7,30.000000000000007,-84.375,9,0
58569,7,30.000000000000007,-73.12500000000006,16,0
58570,7,30.000000000000007,-61.875,14,0
58571,7,30.000000000000007,-50.625,14,0
58572,7,30.000000000000007,-39.375,6,0
58573,7,30.000000000000007,-28.125,9,0
58574,7,30.000000000000007,-16.875,9,0
58575,7,30.000000000000007,-5.625,10,0
58576,7,24.62431835216408,0.0,10,0
58577,7,24.62431835216408,11.25,6,0
58578,7,24.62431835216408,22.5,17,0
58579,7,24.62431835216408,33.75,12,0
58580,7,24.62431835216408,45.0,9,0
58581,7,24.62431835216408,56.25,8,0
58582,7,24.62431835216408,67.5,9,0
58583,7,24.62431835216408,78.75,6,0
58584,7,24.62431835216408,90.0,8,0
58585,7,24.62431835216408,101.25,13,0
58586,7,24.62431835216408,112.5,8,0
58587,7,24.62431835216408,123.75,8,0
58588,7,24.62431835216408,135.0,5,0
58589,7,24.62431835216408,146.25,6,0
58590,7,24.62431835216408,157.5,6,0
58591,7,24.62431835216408,168.75,13,0
58592,7,24.62431835216408,-180.0,12,0
58593,7,24.62431835216408,-168.75,7,0
58594,7,24.62431835216408,-157.5,12,0
58595,7,24.62431835216408,-146.25,7,0
58596,7,24.62431835216408,-135.0,11,0
58597,7,24.62431835216408,-123.75,6,0
58598,7,24.62431835216408,-112.5,11,0
58599,7,24.62431835216408,-101.25,12,0
58600,7,24.62431835216408,-90.0,9,0
58601,7,24.62431835216408,-78.75000000000006,8,0
58602,7,24.62431835216408,-67.5,12,0
58603,7,24.62431835216408,-56.25,14,0
58604,7,24.62431835216408,-45.0,12,0
58605,7,24.62431835216408,-33.75000000000006,9,0
58606,7,24.62431835216408,-22.5,6,0
58607,7,24.62431835216408,-11.25,6,0
58608,7,19.47122063449069,5.625,12,0
58609,7,19.47122063449069,16.875,7,0
58610,7,19.47122063449069,28.125,13,0
58611,7,19.47122063449069,39.375,14,0
58612,7,19.47122063449069,50.625,12,0
58613,7,19.47122063449069,61.875,13,0
58614,7,19.47122063449069,73.125,7,0
58615,7,19.47122063449069,84.375,12,0
58616,7,19.47122063449069,95.625,11,0
58617,7,19.47122063449069,106.875,11,0
58618,7,19.47122063449069,118.125,9,0
58619,7,19.47122063449069,129.375,7,0
58620,7,19.47122063449069,140.625,12,0
58621,7,19.47122063449069,151.875,6,0
58622,7,19.47122063449069,163.125,7,0
58623,7,19.47122063449069,174.375,15,0
58624,7,19.47122063449069,-174.375,8,0
58625,7,19.47122063449069,-163.125,7,0
58626,7,19.47122063449069,-151.875,6,0
58627,7,19.47122063449069,-140.625,7,0
58628,7,19.47122063449069,-129.37500000000006,10,0
58629,7,19.47122063449069,-118.125,11,0
58630,7,19.47122063449069,-106.875,8,0
58631,7,19.47122063449069,-95.625,7,0
58632,7,19.47122063449069,-84.375,10,0
58633,7,19.47122063449069,-73.12500000000006,7,1
58634,7,19.47122063449069,-61.875,15,0
58635,7,19.47122063449069,-50.625,9,0
58636,7,19.47122063449069,-39.375,8,0
58637,7,19.47122063449069,-28.125,7,0
58638,7,19.47122063449069,-16.875,8,0
58639,7,19.47122063449069,-5.625,11,0
58640,7,14.477512185929925,0.0,13,0
58641,7,14.477512185929925,11.25,4,0
58642,7,14.477512185929925,22.5,11,0
58643,7,14.477512185929925,33.75,7,0
58644,7,14.477512185929925,45.0,19,0
58645,7,14.477512185929925,56.25,12,0
58646,7,14.477512185929925,67.5,11,1
58647,7,14.477512185929925,78.75,12,0
58648,7,14.477512185929925,90.0,18,0
58649,7,14.477512185929925,101.25,11,0
58650,7,14.477512185929925,112.5,8,0
58651,7,14.477512185929925,123.75,14,0
58652,7,14.477512185929925,135.0,10,0
58653,7,14.477512185929925,146.25,9,0
58654,7,14.477512185929925,157.5,12,0
58655,7,14.477512185929925,168.75,15,1
58656,7,14.477512185929925,-180.0,7,0
58657,7,14.477512185929925,-168.75,10,0
58658,7,14.477512185929925,-157.5,8,0
58659,7,14.477512185929925,-146.25,6,0
58660,7,14.477512185929925,-135.0,8,0
58661,7,14.477512185929925,-123.75,14,0
58662,7,14.477512185929925,-112.5,14,0
58663,7,14.477512185929925,-101.25,7,0
58664,7,14.477512185929925,-90.0,7,0
58665,7,14.477512185929925,-78.75000000000006,7,1
58666,7,14.477512185929925,-67.5,7,0
58667,7,14.477512185929925,-56.25,12,0
58668,7,14.477512185929925,-45.0,9,0
58669,7,14.477512185929925,-33.75000000000006,9,0
58670,7,14.477512185929925,-22.5,6,0
58671,7,14.477512185929925,-11.25,12,0
58672,7,9.594068226860458,5.625,11,0
58673,7,9.594068226860458,16.875,10,0
58674,7,9.594068226860458,28.125,9,0
58675,7,9.594068226860458,39.375,14,0
58676,7,9.594068226860458,50.625,6,0
58677,7,9.594068226860458,61.875,12,1
58678,7,9.594068226860458,73.125,9,0
58679,7,9.594068226860458,84.375,11,0
58680,7,9.594068226860458,95.625,10,0
58681,7,9.594068226860458,106.875,8,0
58682,7,9.594068226860458,118.125,15,0
58683,7,9.594068226860458,129.375,7,1
58684,7,9.594068226860458,140.625,14,0
58685,7,9.594068226860458,151.875,7,0
58686,7,9.594068226860458,163.125,19,0
58687,7,9.594068226860458,174.375,7,1
58688,7,9.594068226860458,-174.375,9,0
58689,7,9.594068226860458,-163.125,4,0
58690,7,9.594068226860458,-151.875,16,0
58691,7,9.594068226860458,-140.625,9,0
58692,7,9.594068226860458,-129.37500000000006,8,0
58693,7,9.594068226860458,-118.125,14,0
58694,7,9.594068226860458,-106.875,12,1
58695,7,9.594068226860458,-95.625,8,0
58696,7,9.594068226860458,-84.375,14,0
58697,7,9.594068226860458,-73.12500000000006,5,1
58698,7,9.594068226860458,-61.875,3,0
58699,7,9.594068226860458,-50.625,8,0
58700,7,9.594068226860458,-39.375,12,0
58701,7,9.594068226860458,-28.125,6,1
58702,7,9.594068226860458,-16.875,13,0
58703,7,9.594068226860458,-5.625,9,0
58704,7,4.780191847199163,0.0,8,1
58705,7,4.780191847199163,11.25,9,1
58706,7,4.780191847199163,22.5,9,0
58707,7,4.780191847199163,33.75,11,1
58708,7,4.780191847199163,45.0,9,2
58709,7,4.780191847199163,56.25,7,2
58710,7,4.780191847199163,67.5,8,2
58711,7,4.780191847199163,78.75,8,1
58712,7,4.780191847199163,90.0,9,2
58713,7,4.780191847199163,101.25,6,4
58714,7,4.780191847199163,112.5,7,2
58715,7,4.780191847199163,123.75,9,2
58716,7,4.780191847199163,135.0,9,1
58717,7,4.780191847199163,146.25,13,2
58718,7,4.780191847199163,157.5,8,2
58719,7,4.780191847199163,168.75,13,2
58720,7,4.780191847199163,-180.0,10,3
58721,7,4.780191847199163,-168.75,11,2
58722,7,4.780191847199163,-157.5,7,2
58723,7,4.780191847199163,-146.25,14,0
58724,7,4.780191847199163,-135.0,7,0
58725,7,4.780191847199163,-123.75,16,4
58726,7,4.780191847199163,-112.5,10,1
58727,7,4.780191847199163,-101.25,15,3
58728,7,4.780191847199163,-90.0,17,2
58729,7,4.780191847199163,-78.75000000000006,9,0
58730,7,4.780191847199163,-67.5,6,2
58731,7,4.780191847199163,-56.25,11,1
58732,7,4.780191847199163,-45.0,12,3
58733,7,4.780191847199163,-33.75000000000006,8,4
58734,7,4.780191847199163,-22.5,11,6
58735,7,4.780191847199163,-11.25,8,3
58736,7,0.0,5.625,5,3
58737,7,0.0,16.875,7,2
58738,7,0.0,28.125,12,2
58739,7,0.0,39.375,11,6
58740,7,0.0,50.625,8,3
58741,7,0.0,61.875,8,1
58742,7,0.0,73.125,15,5
58743,7,0.0,84.375,4,3
58744,7,0.0,95.625,8,3
58745,7,0.0,106.875,6,5
58746,7,0.0,118.125,12,1
58747,7,0.0,129.375,6,6
58748,7,0.0,140.625,8,2
58749,7,0.0,151.875,7,4
58750,7,0.0,163.125,9,3
58751,7,0.0,174.375,9,5
58752,7,0.0,-174.375,13,3
58753,7,0.0,-163.125,15,2
58754,7,0.0,-151.875,6,3
58755,7,0.0,-140.625,6,1
58756,7,0.0,-129.37500000000006,15,1
58757,7,0.0,-118.125,7,4
58758,7,0.0,-106.875,16,2
58759,7,0.0,-95.625,19,5
58760,7,0.0,-84.375,10,1
58761,7,0.0,-73.12500000000006,8,2
58762,7,0.0,-61.875,9,4
58763,7,0.0,-50.625,8,1
58764,7,0.0,-39.375,10,5
58765,7,0.0,-28.125,6,4
58766,7,0.0,-16.875,12,7
58767,7,0.0,-5.625,8,7
58768,7,-4.780191847199163,0.0,7,4
58769,7,-4.780191847199163,11.25,4,2
58770,7,-4.780191847199163,22.5,10,1
58771,7,-4.780191847199163,33.75,10,3
58772,7,-4.780191847199163,45.0,11,3
58773,7,-4.780191847199163,56.25,10,2
58774,7,-4.780191847199163,67.5,12,4
58775,7,-4.780191847199163,78.75,7,2
58776,7,-4.780191847199163,90.0,6,2
58777,7,-4.780191847199163,101.25,11,2
58778,7,-4.780191847199163,112.5,19,1
58779,7,-4.780191847199163,123.75,10,0
58780,7,-4.780191847199163,135.0,9,2
58781,7,-4.780191847199163,146.25,8,1
58782,7,-4.780191847199163,157.5,8,2
58783,7,-4.780191847199163,168.75,6,3
58784,7,-4.780191847199163,-180.0,11,1
58785,7,-4.780191847199163,-168.75,20,1
58786,7,-4.780191847199163,-157.5,14,2
58787,7,-4.780191847199163,-146.25,8,2
58788,7,-4.780191847199163,-135.0,4,0
58789,7,-4.780191847199163,-123.75,7,1
58790,7,-4.780191847199163,-112.5,10,1
58791,7,-4.780191847199163,-101.25,10,2
58792,7,-4.780191847199163,-90.0,12,3
58793,7,-4.780191847199163,-78.75000000000006,7,0
58794,7,-4.780191847199163,-67.5,8,3
58795,7,-4.780191847199163,-56.25,9,0
58796,7,-4.780191847199163,-45.0,7,0
58797,7,-4.780191847199163,-33.75000000000006,10,2
58798,7,-4.780191847199163,-22.5,12,1
58799,7,-4.780191847199163,-11.25,7,3
58800,7,-9.594068226860458,5.625,3,0
58801,7,-9.594068226860458,16.875,7,0
58802,7,-9.594068226860458,28.125,6,0
58803,7,-9.594068226860458,39.375,9,0
58804,7,-9.594068226860458,50.625,9,0
58805,7,-9.594068226860458,61.875,8,1
58806,7,-9.594068226860458,73.125,6,0
58807,7,-9.594068226860458,84.375,7,1
58808,7,-9.594068226860458,95.625,11,0
58809,7,-9.594068226860458,106.875,12,0
58810,7,-9.594068226860458,118.125,11,0
58811,7,-9.594068226860458,129.375,13,0
58812,7,-9.594068226860458,140.625,11,0
58813,7,-9.594068226860458,151.875,15,0
58814,7,-9.594068226860458,163.125,7,0
58815,7,-9.594068226860458,174.375,9,0
58816,7,-9.594068226860458,-174.375,14,0
58817,7,-9.594068226860458,-163.125,13,0
58818,7,-9.594068226860458,-151.875,13,0
58819,7,-9.594068226860458,-140.625,9,0
58820,7,-9.594068226860458,-129.37500000000006,5,0
58821,7,-9.594068226860458,-118.125,9,0
58822,7,-9.594068226860458,-106.875,8,0
58823,7,-9.594068226860458,-95.625,14,0
58824,7,-9.594068226860458,-84.375,4,0
58825,7,-9.594068226860458,-73.12500000000006,9,0
58826,7,-9.594068226860458,-61.875,12,0
58827,7,-9.594068226860458,-50.625,6,0
58828,7,-9.594068226860458,-39.375,15,0
58829,7,-9.594068226860458,-28.125,10,0
58830,7,-9.594068226860458,-16.875,11,0
58831,7,-9.594068226860458,-5.625,6,0
58832,7,-14.477512185929925,0.0,8,0
58833,7,-14.477512185929925,11.25,6,0
58834,7,-14.477512185929925,22.5,5,0
58835,7,-14.477512185929925,33.75,10,0
58836,7,-14.477512185929925,45.0,11,0
58837,7,-14.477512185929925,56.25,10,1
58838,7,-14.477512185929925,67.5,9,0
58839,7,-14.477512185929925,78.75,8,0
58840,7,-14.477512185929925,90.0,8,0
58841,7,-14.477512185929925,101.25,8,0
58842,7,-14.477512185929925,112.5,7,0
58843,7,-14.477512185929925,123.75,12,0
58844,7,-14.477512185929925,135.0,13,0
58845,7,-14.477512185929925,146.25,9,0
58846,7,-14.477512185929925,157.5,8,0
58847,7,-14.477512185929925,168.75,7,0
58848,7,-14.477512185929925,-180.0,10,0
58849,7,-14.477512185929925,-168.75,11,0
58850,7,-14.477512185929925,-157.5,9,0
58851,7,-14.477512185929925,-146.25,8,0
58852,7,-14.477512185929925,-135.0,9,0
58853,7,-14.477512185929925,-123.75,9,0
58854,7,-14.477512185929925,-112.5,5,0
58855,7,-14.477512185929925,-101.25,15,0
58856,7,-14.477512185929925,-90.0,3,0
58857,7,-14.477512185929925,-78.75000000000006,8,0
58858,7,-14.477512185929925,-67.5,12,0
58859,7,-14.477512185929925,-56.25,5,0
58860,7,-14.477512185929925,-45.0,14,0
58861,7,-14.477512185929925,-33.75000000000006,13,0
58862,7,-14.477512185929925,-22.5,9,0
58863,7,-14.477512185929925,-11.25,11,0
58864,7,-19.47122063449069,5.625,11,0
58865,7,-19.47122063449069,16.875,8,0
58866,7,-19.47122063449069,28.125,14,0
58867,7,-19.47122063449069,39.375,4,0
58868,7,-19.47122063449069,50.625,12,0
58869,7,-19.47122063449069,61.875,11,0
58870,7,-19.47122063449069,73.125,7,0
58871,7,-19.47122063449069,84.375,6,0
58872,7,-19.47122063449069,95.625,15,0
58873,7,-19.47122063449069,106.875,9,0
58874,7,-19.47122063449069,118.125,9,0
58875,7,-19.47122063449069,129.375,10,0
58876,7,-19.47122063449069,140.625,12,0
58877,7,-19.47122063449069,151.875,9,0
58878,7,-19.47122063449069,163.125,9,0
58879,7,-19.47122063449069,174.375,10,0
58880,7,-19.47122063449069,-174.375,11,0
58881,7,-19.47122063449069,-163.125,7,0
58882,7,-19.47122063449069,-151.875,9,0
58883,7,-19.47122063449069,-140.625,8,0
58884,7,-19.47122063449069,-129.37500000000006,16,0
58885,7,-19.47122063449069,-118.125,5,0
58886,7,-19.47122063449069,-106.875,11,0
58887,7,-19.47122063449069,-95.625,6,0
58888,7,-19.47122063449069,-84.375,5,0
58889,7,-19.47122063449069,-73.12500000000006,11,0
58890,7,-19.47122063449069,-61.875,11,0
58891,7,-19.47122063449069,-50.625,13,0
58892,7,-19.47122063449069,-39.375,11,0
58893,7,-19.47122063449069,-28.125,9,0
58894,7,-19.47122063449069,-16.875,14,1
58895,7,-19.47122063449069,-5.625,10,0
58896,7,-24.62431835216408,0.0,16,0
58897,7,-24.62431835216408,11.25,8,0
58898,7,-24.62431835216408,22.5,12,0
58899,7,-24.62431835216408,33.75,5,0
58900,7,-24.62431835216408,45.0,3,0
58901,7,-24.62431835216408,56.25,7,0
58902,7,-24.62431835216408,67.5,10,0
58903,7,-24.62431835216408,78.75,11,0
58904,7,-24.62431835216408,90.0,9,0
58905,7,-24.62431835216408,101.25,12,0
58906,7,-24.62431835216408,112.5,9,0
58907,7,-24.62431835216408,123.75,10,0
58908,7,-24.62431835216408,135.0,12,0
58909,7,-24.62431835216408,146.25,9,0
58910,7,-24.62431835216408,157.5,10,0
58911,7,-24.62431835216408,168.75,6,0
58912,7,-24.62431835216408,-180.0,10,0
58913,7,-24.62431835216408,-168.75,9,0
58914,7,-24.62431835216408,-157.5,9,0
58915,7,-24.62431835216408,-146.25,9,0
58916,7,-24.62431835216408,-135.0,11,0
58917,7,-24.62431835216408,-123.75,8,0
58918,7,-24.62431835216408,-112.5,9,0
58919,7,-24.62431835216408,-101.25,8,0
58920,7,-24.62431835216408,-90.0,8,0
58921,7,-24.62431835216408,-78.75000000000006,10,0
58922,7,-24.62431835216408,-67.5,8,0
58923,7,-24.62431835216408,-56.25,9,0
58924,7,-24.62431835216408,-45.0,10,0
58925,7,-24.62431835216408,-33.75000000000006,12,0
58926,7,-24.62431835216408,-22.5,17,0
58927,7,-24.62431835216408,-11.25,13,1
58928,7,-30.000000000000014,5.625,7,0
58929,7,-30.000000000000014,16.875,9,0
58930,7,-30.000000000000014,28.125,11,0
58931,7,-30.000000000000014,39.375,8,0
58932,7,-30.000000000000014,50.625,10,0
58933,7,-30.000000000000014,61.875,8,0
58934,7,-30.000000000000014,73.125,12,0
58935,7,-30.000000000000014,84.375,14,0
58936,7,-30.000000000000014,95.625,7,0
58937,7,-30.000000000000014,106.875,6,0
58938,7,-30.000000000000014,118.125,13,0
58939,7,-30.000000000000014,129.375,9,0
58940,7,-30.000000000000014,140.625,10,0
58941,7,-30.000000000000014,151.875,12,0
58942,7,-30.000000000000014,163.125,20,0
58943,7,-30.000000000000014,174.375,11,0
58944,7,-30.000000000000014,-174.375,10,0
58945,7,-30.000000000000014,-163.125,12,0
58946,7,-30.000000000000014,-151.875,9,0
58947,7,-30.000000000000014,-140.625,9,0
58948,7,-30.000000000000014,-129.37500000000006,7,0
58949,7,-30.000000000000014,-118.125,5,0
58950,7,-30.000000000000014,-106.875,11,0
58951,7,-30.000000000000014,-95.625,9,0
58952,7,-30.000000000000014,-84.375,9,0
58953,7,-30.000000000000014,-73.12500000000006,6,0
58954,7,-30.000000000000014,-61.875,11,0
58955,7,-30.000000000000014,-50.625,4,0
58956,7,-30.000000000000014,-39.375,13,0
58957,7,-30.000000000000014,-28.125,13,0
58958,7,-30.000000000000014,-16.875,13,0
58959,7,-30.000000000000014,-5.625,11,0
58960,7,-35.68533471265205,0.0,4,0
58961,7,-35.68533471265205,11.25,8,0
58962,7,-35.68533471265205,22.5,11,0
58963,7,-35.68533471265205,33.75,14,0
58964,7,-35.68533471265205,45.0,16,0
58965,7,-35.68533471265205,56.25,9,0
58966,7,-35.68533471265205,67.5,12,0
58967,7,-35.68533471265205,78.75,15,0
58968,7,-35.68533471265205,90.0,10,0
58969,7,-35.68533471265205,101.25,4,0
58970,7,-35.68533471265205,112.5,10,0
58971,7,-35.68533471265205,123.75,4,0
58972,7,-35.68533471265205,135.0,9,0
58973,7,-35.68533471265205,146.25,11,0
58974,7,-35.68533471265205,157.5,15,0
58975,7,-35.68533471265205,168.75,16,0
58976,7,-35.68533471265205,-180.0,9,0
58977,7,-35.68533471265205,-168.75,7,0
58978,7,-35.68533471265205,-157.5,10,0
58979,7,-35.68533471265205,-146.25,9,0
58980,7,-35.68533471265205,-135.0,8,0
58981,7,-35.68533471265205,-123.75,7,0
58982,7,-35.68533471265205,-112.5,8,0
58983,7,-35.68533471265205,-101.25,6,0
58984,7,-35.68533471265205,-90.0,7,0
58985,7,-35.68533471265205,-78.75000000000006,8,0
58986,7,-35.68533471265205,-67.5,8,0
58987,7,-35.68533471265205,-56.25,13,0
58988,7,-35.68533471265205,-45.0,11,0
58989,7,-35.68533471265205,-33.75000000000006,17,0
58990,7,-35.68533471265205,-22.5,11,0
58991,7,-35.68533471265205,-11.25,12,0
58992,7,-41.81031489577862,5.625,15,0
58993,7,-41.81031489577862,16.875,11,0
58994,7,-41.81031489577862,28.125,10,0
58995,7,-41.81031489577862,39.375,5,0
58996,7,-41.81031489577862,50.625,8,0
58997,7,-41.81031489577862,61.875,9,0
58998,7,-41.81031489577862,73.125,11,0
58999,7,-41.81031489577862,84.375,10,0
59000,7,-41.81031489577862,95.625,6,0
59001,7,-41.81031489577862,106.875,12,0
59002,7,-41.81031489577862,118.125,9,0
59003,7,-41.81031489577862,129.375,6,0
59004,7,-41.81031489577862,140.625,8,0
59005,7,-41.81031489577862,151.875,12,0
59006,7,-41.81031489577862,163.125,9,0
59007,7,-41.81031489577862,174.375,13,0
59008,7,-41.81031489577862,-174.375,5,0
59009,7,-41.81031489577862,-163.125,11,0
59010,7,-41.81031489577862,-151.875,13,0
59011,7,-41.81031489577862,-140.625,10,0
59012,7,-41.81031489577862,-129.37500000000006,11,0
59013,7,-41.81031489577862,-118.125,6,0
59014,7,-41.81031489577862,-106.875,13,0
59015,7,-41.81031489577862,-95.625,7,0
59016,7,-41.81031489577862,-84.375,11,0
59017,7,-41.81031489577862,-73.12500000000006,8,0
59018,7,-41.81031489577862,-61.875,13,0
59019,7,-41.81031489577862,-50.625,20,0
59020,7,-41.81031489577862,-39.375,12,0
59021,7,-41.81031489577862,-28.125,9,0
59022,7,-41.81031489577862,-16.875,10,0
59023,7,-41.81031489577862,-5.625,13,0
59024,7,-48.1412077943603,6.428571428571416,8,0
59025,7,-48.1412077943603,19.285714285714278,13,0
59026,7,-48.1412077943603,32.14285714285714,11,0
59027,7,-48.1412077943603,45.0,15,0
59028,7,-48.1412077943603,57.85714285714286,16,0
59029,7,-48.1412077943603,70.71428571428572,10,0
59030,7,-48.1412077943603,83.57142857142856,10,0
59031,7,-48.1412077943603,96.42857142857144,8,0
59032,7,-48.1412077943603,109.28571428571428,9,0
59033,7,-48.1412077943603,122.14285714285711,13,0
59034,7,-48.1412077943603,135.0,12,0
59035,7,-48.1412077943603,147.8571428571429,11,0
59036,7,-48.1412077943603,160.71428571428572,7,0
59037,7,-48.1412077943603,173.57142857142856,12,0
59038,7,-48.1412077943603,-173.57142857142856,14,0
59039,7,-48.1412077943603,-160.71428571428572,10,0
59040,7,-48.1412077943603,-147.8571428571429,11,0
59041,7,-48.1412077943603,-135.0,12,0
59042,7,-48.1412077943603,-122.14285714285711,9,0
59043,7,-48.1412077943603,-109.28571428571428,13,0
59044,7,-48.1412077943603,-96.42857142857144,7,0
59045,7,-48.1412077943603,-83.57142857142856,7,0
59046,7,-48.1412077943603,-70.71428571428572,12,0
59047,7,-48.1412077943603,-57.85714285714283,10,0
59048,7,-48.1412077943603,-45.0,13,0
59049,7,-48.1412077943603,-32.14285714285717,7,0
59050,7,-48.1412077943603,-19.28571428571422,11,0
59051,7,-48.1412077943603,-6.428571428571445,15,0
59052,7,-54.340912303861245,7.5,7,0
59053,7,-54.340912303861245,22.5,10,0
59054,7,-54.340912303861245,37.5,9,0
59055,7,-54.340912303861245,52.5,14,0
59056,7,-54.340912303861245,67.5,20,0
59057,7,-54.340912303861245,82.5,11,0
59058,7,-54.340912303861245,97.5,11,0
59059,7,-54.340912303861245,112.5,4,0
59060,7,-54.340912303861245,127.5,9,0
59061,7,-54.340912303861245,142.5,13,0
59062,7,-54.340912303861245,157.5,11,0
59063,7,-54.340912303861245,172.5,6,0
59064,7,-54.340912303861245,-172.5,16,0
59065,7,-54.340912303861245,-157.5,9,0
59066,7,-54.340912303861245,-142.5,12,0
59067,7,-54.340912303861245,-127.5,9,0
59068,7,-54.340912303861245,-112.5,9,0
59069,7,-54.340912303861245,-97.5,6,0
59070,7,-54.340912303861245,-82.5,9,0
59071,7,-54.340912303861245,-67.5,15,0
59072,7,-54.340912303861245,-52.50000000000006,9,0
59073,7,-54.340912303861245,-37.5,9,0
59074,7,-54.340912303861245,-22.5,11,0
59075,7,-54.340912303861245,-7.5,14,0
59076,7,-60.4344388449523,9.0,13,0
59077,7,-60.4344388449523,27.0,8,0
59078,7,-60.4344388449523,45.0,6,0
59079,7,-60.4344388449523,63.0,14,0
59080,7,-60.4344388449523,81.0,8,0
59081,7,-60.4344388449523,99.0,11,0
59082,7,-60.4344388449523,117.0,7,0
59083,7,-60.4344388449523,135.0,7,0
59084,7,-60.4344388449523,153.0,11,0
59085,7,-60.4344388449523,171.0,5,0
59086,7,-60.4344388449523,-171.0,11,0
59087,7,-60.4344388449523,-153.0,11,0
59088,7,-60.4344388449523,-135.0,8,0
59089,7,-60.4344388449523,-117.0,7,0
59090,7,-60.4344388449523,-99.0,7,0
59091,7,-60.4344388449523,-81.0,11,0
59092,7,-60.4344388449523,-63.0,10,0
59093,7,-60.4344388449523,-45.0,13,0
59094,7,-60.4344388449523,-27.0,8,0
59095,7,-60.4344388449523,-9.0,9,0
59096,7,-66.44353569089876,11.25,8,0
59097,7,-66.44353569089876,33.75,11,0
59098,7,-66.44353569089876,56.25,14,0
59099,7,-66.44353569089876,78.75,7,0
59100,7,-66.44353569089876,101.25,7,0
59101,7,-66.44353569089876,123.75,11,0
59102,7,-66.44353569089876,146.25,7,0
59103,7,-66.44353569089876,168.75,2,0
59104,7,-66.44353569089876,-168.75,8,0
59105,7,-66.44353569089876,-146.25,11,0
59106,7,-66.44353569089876,-123.75,11,0
59107,7,-66.44353569089876,-101.25,9,1
59108,7,-66.44353569089876,-78.75,9,0
59109,7,-66.44353569089876,-56.25,15,0
59110,7,-66.44353569089876,-33.75,13,0
59111,7,-66.44353569089876,-11.25,5,0
59112,7,-72.38756092964962,15.0,11,0
59113,7,-72.38756092964962,45.0,12,0
59114,7,-72.38756092964962,75.0,12,0
59115,7,-72.38756092964962,105.0,9,0
59116,7,-72.38756092964962,135.0,4,0
59117,7,-72.38756092964962,165.0,7,0
59118,7,-72.38756092964962,-165.0,10,0
59119,7,-72.38756092964962,-135.0,9,0
59120,7,-72.38756092964962,-105.0,9,1
59121,7,-72.38756092964962,-75.0,13,0
59122,7,-72.38756092964962,-45.0,7,0
59123,7,-72.38756092964962,-15.0,9,0
59124,7,-78.28414760510762,22.5,14,0
59125,7,-78.28414760510762,67.5,9,0
59126,7,-78.28414760510762,112.5,7,0
59127,7,-78.28414760510762,157.5,8,0
59128,7,-78.28414760510762,-157.5,9,0
59129,7,-78.28414760510762,-112.5,5,0
59130,7,-78.28414760510762,-67.5,12,0
59131,7,-78.28414760510762,-22.5,7,0
59132,7,-84.14973293629666,45.0,12,0
59133,7,-84.14973293629666,135.0,9,0
59134,7,-84.14973293629666,-135.0,9,0
59135,7,-84.14973293629666,-45.0,8,0
59136,7,84.14973293629666,45.0,18,0
59137,7,84.14973293629666,135.0,11,0
59138,7,84.14973293629666,-135.0,6,0
59139,7,84.14973293629666,-45.0,10,0
59140,7,78.28414760510762,22.5,12,0
59141,7,78.28414760510762,67.5,14,0
59142,7,78.28414760510762,112.5,11,0
59143,7,78.28414760510762,157.5,9,0
59144,7,78.28414760510762,-157.5,7,0
59145,7,78.28414760510762,-112.5,11,0
59146,7,78.28414760510762,-67.5,8,0
59147,7,78.28414760510762,-22.5,7,0
59148,7,72.38756092964962,15.0,12,0
59149,7,72.38756092964962,45.0,11,0
59150,7,72.38756092964962,75.0,9,0
59151,7,72.38756092964962,105.0,7,0
59152,7,72.38756092964962,135.0,10,0
59153,7,72.38756092964962,165.0,11,0
59154,7,72.38756092964962,-165.0,9,0
59155,7,72.38756092964962,-135.0,11,0
59156,7,72.38756092964962,-105.0,9,0
59157,7,72.38756092964962,-75.0,9,1
59158,7,72.38756092964962,-45.0,7,0
59159,7,72.38756092964962,-15.0,12,0
59160,7,66.44353569089877,11.25,9,0
59161,7,66.44353569089877,33.75,7,0
59162,7,66.44353569089877,56.25,8,0
59163,7,66.44353569089877,78.75,14,0
59164,7,66.44353569089877,101.25,8,0
59165,7,66.44353569089877,123.75,13,0
59166,7,66.44353569089877,146.25,9,0
59167,7,66.44353569089877,168.75,15,0
59168,7,66.44353569089877,-168.75,9,0
59169,7,66.44353569089877,-146.25,18,0
59170,7,66.44353569089877,-123.75,9,0
59171,7,66.44353569089877,-101.25,7,1
59172,7,66.44353569089877,-78.75,5,1
59173,7,66.44353569089877,-56.25,8,0
59174,7,66.44353569089877,-33.75,9,0
59175,7,66.44353569089877,-11.25,12,0
59176,7,60.43443884495228,9.0,16,0
59177,7,60.43443884495228,27.0,8,0
59178,7,60.43443884495228,45.0,10,0
59179,7,60.43443884495228,63.0,16,0
59180,7,60.43443884495228,81.0,15,0
59181,7,60.43443884495228,99.0,6,0
59182,7,60.43443884495228,117.0,21,0
59183,7,60.43443884495228,135.0,13,0
59184,7,60.43443884495228,153.0,17,0
59185,7,60.43443884495228,171.0,10,0
59186,7,60.43443884495228,-171.0,8,0
59187,7,60.43443884495228,-153.0,8,0
59188,7,60.43443884495228,-135.0,10,0
59189,7,60.43443884495228,-117.0,6,0
59190,7,60.43443884495228,-99.0,9,0
59191,7,60.43443884495228,-81.0,4,0
59192,7,60.43443884495228,-63.0,7,0
59193,7,60.43443884495228,-45.0,11,0
59194,7,60.43443884495228,-27.0,7,0
59195,7,60.43443884495228,-9.0,12,0
59196,7,54.340912303861245,7.5,11,0
59197,7,54.340912303861245,22.5,7,0
59198,7,54.340912303861245,37.5,9,0
59199,7,54.340912303861245,52.5,14,0
59200,7,54.340912303861245,67.5,16,0
59201,7,54.340912303861245,82.5,15,0
59202,7,54.340912303861245,97.5,8,0
59203,7,54.340912303861245,112.5,16,0
59204,7,54.340912303861245,127.5,18,0
59205,7,54.340912303861245,142.5,15,0
59206,7,54.340912303861245,157.5,16,0
59207,7,54.340912303861245,172.5,6,0
59208,7,54.340912303861245,-172.5,8,0
59209,7,54.340912303861245,-157.5,9,0
59210,7,54.340912303861245,-142.5,4,0
59211,7,54.340912303861245,-127.5,8,0
59212,7,54.340912303861245,-112.5,9,0
59213,7,54.340912303861245,-97.5,8,0
59214,7,54.340912303861245,-82.5,3,0
59215,7,54.340912303861245,-67.5,6,0
59216,7,54.340912303861245,-52.50000000000006,15,0
59217,7,54.340912303861245,-37.5,11,0
59218,7,54.340912303861245,-22.5,10,0
59219,7,54.340912303861245,-7.5,5,0
59220,7,48.141207794360284,6.428571428571416,6,0
59221,7,48.141207794360284,19.285714285714278,5,0
59222,7,48.141207794360284,32.14285714285714,8,0
59223,7,48.141207794360284,45.0,11,0
59224,7,48.141207794360284,57.85714285714286,10,0
59225,7,48.141207794360284,70.71428571428572,16,0
59226,7,48.141207794360284,83.57142857142856,13,0
59227,7,48.141207794360284,96.42857142857144,14,0
59228,7,48.141207794360284,109.28571428571428,19,0
59229,7,48.141207794360284,122.14285714285711,7,0
59230,7,48.141207794360284,135.0,14,0
59231,7,48.141207794360284,147.8571428571429,13,0
59232,7,48.141207794360284,160.71428571428572,14,0
59233,7,48.141207794360284,173.57142857142856,10,0
59234,7,48.141207794360284,-173.57142857142856,7,0
59235,7,48.141207794360284,-160.71428571428572,10,0
59236,7,48.141207794360284,-147.8571428571429,10,0
59237,7,48.141207794360284,-135.0,10,0
59238,7,48.141207794360284,-122.14285714285711,10,0
59239,7,48.141207794360284,-109.28571428571428,10,0
59240,7,48.141207794360284,-96.42857142857144,7,0
59241,7,48.141207794360284,-83.57142857142856,11,0
59242,7,48.141207794360284,-70.71428571428572,9,0
59243,7,48.141207794360284,-57.85714285714283,12,0
59244,7,48.141207794360284,-45.0,11,0
59245,7,48.141207794360284,-32.14285714285717,13,0
59246,7,48.141207794360284,-19.28571428571422,12,0
59247,7,48.141207794360284,-6.428571428571445,12,0
59248,7,41.81031489577859,5.625,10,0
59249,7,41.81031489577859,16.875,12,0
59250,7,41.81031489577859,28.125,4,0
59251,7,41.81031489577859,39.375,7,0
59252,7,41.81031489577859,50.625,15,0
59253,7,41.81031489577859,61.875,13,0
59254,7,41.81031489577859,73.125,10,0
59255,7,41.81031489577859,84.375,13,0
59256,7,41.81031489577859,95.625,13,0
59257,7,41.81031489577859,106.875,18,0
59258,7,41.81031489577859,118.125,6,0
59259,7,41.81031489577859,129.375,10,0
59260,7,41.81031489577859,140.625,15,0
59261,7,41.81031489577859,151.875,9,0
59262,7,41.81031489577859,163.125,8,0
59263,7,41.81031489577859,174.375,8,0
59264,7,41.81031489577859,-174.375,6,0
59265,7,41.81031489577859,-163.125,8,0
59266,7,41.81031489577859,-151.875,16,0
59267,7,41.81031489577859,-140.625,12,0
59268,7,41.81031489577859,-129.37500000000006,10,0
59269,7,41.81031489577859,-118.125,6,0
59270,7,41.81031489577859,-106.875,10,0
59271,7,41.81031489577859,-95.625,12,0
59272,7,41.81031489577859,-84.375,13,0
59273,7,41.81031489577859,-73.12500000000006,12,0
59274,7,41.81031489577859,-61.875,7,0
59275,7,41.81031489577859,-50.625,9,0
59276,7,41.81031489577859,-39.375,10,0
59277,7,41.81031489577859,-28.125,12,0
59278,7,41.81031489577859,-16.875,12,0
59279,7,41.81031489577859,-5.625,6,0
59280,7,35.68533471265204,0.0,8,0
59281,7,35.68533471265204,11.25,13,0
59282,7,35.68533471265204,22.5,12,0
59283,7,35.68533471265204,33.75,5,0
59284,7,35.68533471265204,45.0,10,0
59285,7,35.68533471265204,56.25,11,0
59286,7,35.68533471265204,67.5,6,0
59287,7,35.68533471265204,78.75,10,0
59288,7,35.68533471265204,90.0,11,0
59289,7,35.68533471265204,101.25,11,0
59290,7,35.68533471265204,112.5,9,0
59291,7,35.68533471265204,123.75,6,0
59292,7,35.68533471265204,135.0,6,0
59293,7,35.68533471265204,146.25,7,0
59294,7,35.68533471265204,157.5,12,0
59295,7,35.68533471265204,168.75,7,0
59296,7,35.68533471265204,-180.0,3,0
59297,7,35.68533471265204,-168.75,7,0
59298,7,35.68533471265204,-157.5,9,0
59299,7,35.68533471265204,-146.25,15,0
59300,7,35.68533471265204,-135.0,11,0
59301,7,35.68533471265204,-123.75,11,0
59302,7,35.68533471265204,-112.5,8,0
59303,7,35.68533471265204,-101.25,6,0
59304,7,35.68533471265204,-90.0,9,0
59305,7,35.68533471265204,-78.75000000000006,8,0
59306,7,35.68533471265204,-67.5,10,0
59307,7,35.68533471265204,-56.25,7,0
59308,7,35.68533471265204,-45.0,13,0
59309,7,35.68533471265204,-33.75000000000006,6,0
59310,7,35.68533471265204,-22.5,12,0
59311,7,35.68533471265204,-11.25,9,0
59312,7,30.000000000000007,5.625,7,0
59313,7,30.000000000000007,16.875,11,0
59314,7,30.000000000000007,28.125,11,0
59315,7,30.000000000000007,39.375,8,0
59316,7,30.000000000000007,50.625,16,0
59317,7,30.000000000000007,61.875,3,0
59318,7,30.000000000000007,73.125,7,0
59319,7,30.000000000000007,84.375,6,0
59320,7,30.000000000000007,95.625,13,0
59321,7,30.000000000000007,106.875,11,0
59322,7,30.000000000000007,118.125,10,0
59323,7,30.000000000000007,129.375,6,0
59324,7,30.000000000000007,140.625,6,0
59325,7,30.000000000000007,151.875,9,0
59326,7,30.000000000000007,163.125,8,0
59327,7,30.000000000000007,174.375,8,0
59328,7,30.000000000000007,-174.375,8,0
59329,7,30.000000000000007,-163.125,12,0
59330,7,30.000000000000007,-151.875,9,0
59331,7,30.000000000000007,-140.625,10,0
59332,7,30.000000000000007,-129.37500000000006,10,0
59333,7,30.000000000000007,-118.125,7,0
59334,7,30.000000000000007,-106.875,11,0
59335,7,30.000000000000007,-95.625,11,0
59336,7,30.000000000000007,-84.375,9,0
59337,7,30.000000000000007,-73.12500000000006,16,0
59338,7,30.000000000000007,-61.875,14,0
59339,7,30.000000000000007,-50.625,14,0
59340,7,30.000000000000007,-39.375,6,0
59341,7,30.000000000000007,-28.125,9,0
59342,7,30.000000000000007,-16.875,9,0
59343,7,30.000000000000007,-5.625,10,0
59344,7,24.62431835216408,0.0,10,0
59345,7,24.62431835216408,11.25,6,0
59346,7,24.62431835216408,22.5,17,0
59347,7,24.62431835216408,33.75,12,0
59348,7,24.62431835216408,45.0,9,0
59349,7,24.62431835216408,56.25,8,0
59350,7,24.62431835216408,67.5,9,0
59351,7,24.62431835216408,78.75,6,0
59352,7,24.62431835216408,90.0,8,0
59353,7,24.62431835216408,101.25,13,0
59354,7,24.62431835216408,112.5,8,0
59355,7,24.62431835216408,123.75,8,0
59356,7,24.62431835216408,135.0,5,0
59357,7,24.62431835216408,146.25,6,0
59358,7,24.62431835216408,157.5,6,0
59359,7,24.62431835216408,168.75,13,0
59360,7,24.62431835216408,-180.0,12,0
59361,7,24.62431835216408,-168.75,7,0
59362,7,24.62431835216408,-157.5,12,0
59363,7,24.62431835216408,-146.25,7,0
59364,7,24.62431835216408,-135.0,11,0
59365,7,24.62431835216408,-123.75,6,0
59366,7,24.62431835216408,-112.5,11,0
59367,7,24.62431835216408,-101.25,12,0
59368,7,24.62431835216408,-90.0,9,0
59369,7,24.62431835216408,-78.75000000000006,8,0
59370,7,24.62431835216408,-67.5,12,0
59371,7,24.62431835216408,-56.25,14,0
59372,7,24.62431835216408,-45.0,12,0
59373,7,24.62431835216408,-33.75000000000006,9,0
59374,7,24.62431835216408,-22.5,6,0
59375,7,24.62431835216408,-11.25,6,0
59376,7,19.47122063449069,5.625,12,0
59377,7,19.47122063449069,16.875,7,0
59378,7,19.47122063449069,28.125,13,0
59379,7,19.47122063449069,39.375,14,0
59380,7,19.47122063449069,50.625,12,0
59381,7,19.47122063449069,61.875,13,0
59382,7,19.47122063449069,73.125,7,0
59383,7,19.47122063449069,84.375,12,0
59384,7,19.47122063449069,95.625,11,0
59385,7,19.47122063449069,106.875,11,0
59386,7,19.47122063449069,118.125,9,0
59387,7,19.47122063449069,129.375,7,0
59388,7,19.47122063449069,140.625,12,0
59389,7,19.47122063449069,151.875,6,0
59390,7,19.47122063449069,163.125,7,0
59391,7,19.47122063449069,174.375,15,0
59392,7,19.47122063449069,-174.375,8,0
59393,7,19.47122063449069,-163.125,7,0
59394,7,19.47122063449069,-151.875,6,0
59395,7,19.47122063449069,-140.625,7,0
59396,7,19.47122063449069,-129.37500000000006,10,0
59397,7,19.47122063449069,-118.125,11,0
59398,7,19.47122063449069,-106.875,8,0
59399,7,19.47122063449069,-95.625,7,0
59400,7,19.47122063449069,-84.375,10,0
59401,7,19.47122063449069,-73.12500000000006,7,1
59402,7,19.47122063449069,-61.875,15,0
59403,7,19.47122063449069,-50.625,9,0
59404,7,19.47122063449069,-39.375,8,0
59405,7,19.47122063449069,-28.125,7,0
59406,7,19.47122063449069,-16.875,8,0
59407,7,19.47122063449069,-5.625,11,0
59408,7,14.477512185929925,0.0,13,0
59409,7,14.477512185929925,11.25,4,0
59410,7,14.477512185929925,22.5,11,0
59411,7,14.477512185929925,33.75,7,0
59412,7,14.477512185929925,45.0,19,0
59413,7,14.477512185929925,56.25,12,0
59414,7,14.477512185929925,67.5,11,1
59415,7,14.477512185929925,78.75,12,0
59416,7,14.477512185929925,90.0,18,0
59417,7,14.477512185929925,101.25,11,0
59418,7,14.477512185929925,112.5,8,0
59419,7,14.477512185929925,123.75,14,0
59420,7,14.477512185929925,135.0,10,0
59421,7,14.477512185929925,146.25,9,0
59422,7,14.477512185929925,157.5,12,0
59423,7,14.477512185929925,168.75,15,1
59424,7,14.477512185929925,-180.0,7,0
59425,7,14.477512185929925,-168.75,10,0
59426,7,14.477512185929925,-157.5,8,0
59427,7,14.477512185929925,-146.25,6,0
59428,7,14.477512185929925,-135.0,8,0
59429,7,14.477512185929925,-123.75,14,0
59430,7,14.477512185929925,-112.5,14,0
59431,7,14.477512185929925,-101.25,7,0
59432,7,14.477512185929925,-90.0,7,0
59433,7,14.477512185929925,-78.75000000000006,7,1
59434,7,14.477512185929925,-67.5,7,0
59435,7,14.477512185929925,-56.25,12,0
59436,7,14.477512185929925,-45.0,9,0
59437,7,14.477512185929925,-33.75000000000006,9,0
59438,7,14.477512185929925,-22.5,6,0
59439,7,14.477512185929925,-11.25,12,0
59440,7,9.594068226860458,5.625,11,0
59441,7,9.594068226860458,16.875,10,0
59442,7,9.594068226860458,28.125,9,0
59443,7,9.594068226860458,39.375,14,0
59444,7,9.594068226860458,50.625,6,0
59445,7,9.594068226860458,61.875,12,1
59446,7,9.594068226860458,73.125,9,0
59447,7,9.594068226860458,84.375,11,0
59448,7,9.594068226860458,95.625,10,0
59449,7,9.594068226860458,106.875,8,0
59450,7,9.594068226860458,118.125,15,0
59451,7,9.594068226860458,129.375,7,1
59452,7,9.594068226860458,140.625,14,0
59453,7,9.594068226860458,151.875,7,0
59454,7,9.594068226860458,163.125,19,0
59455,7,9.594068226860458,174.375,7,1
59456,7,9.594068226860458,-174.375,9,0
59457,7,9.594068226860458,-163.125,4,0
59458,7,9.594068226860458,-151.875,16,0
59459,7,9.594068226860458,-140.625,9,0
59460,7,9.594068226860458,-129.37500000000006,8,0
59461,7,9.594068226860458,-118.125,14,0
59462,7,9.594068226860458,-106.875,12,1
59463,7,9.594068226860458,-95.625,8,0
59464,7,9.594068226860458,-84.375,14,0
59465,7,9.594068226860458,-73.12500000000006,5,1
59466,7,9.594068226860458,-61.875,3,0
59467,7,9.594068226860458,-50.625,8,0
59468,7,9.594068226860458,-39.375,12,0
59469,7,9.594068226860458,-28.125,6,1
59470,7,9.594068226860458,-16.875,13,0
59471,7,9.594068226860458,-5.625,9,0
59472,7,4.780191847199163,0.0,8,1
59473,7,4.780191847199163,11.25,9,1
59474,7,4.780191847199163,22.5,9,0
59475,7,4.780191847199163,33.75,11,1
59476,7,4.780191847199163,45.0,9,2
59477,7,4.780191847199163,56.25,7,2
59478,7,4.780191847199163,67.5,8,2
59479,7,4.780191847199163,78.75,8,1
59480,7,4.780191847199163,90.0,9,2
59481,7,4.780191847199163,101.25,6,4
59482,7,4.780191847199163,112.5,7,2
59483,7,4.780191847199163,123.75,9,2
59484,7,4.780191847199163,135.0,9,1
59485,7,4.780191847199163,146.25,13,2
59486,7,4.780191847199163,157.5,8,2
59487,7,4.780191847199163,168.75,13,2
59488,7,4.780191847199163,-180.0,10,3
59489,7,4.780191847199163,-168.75,11,2
59490,7,4.780191847199163,-157.5,7,2
59491,7,4.780191847199163,-146.25,14,0
59492,7,4.780191847199163,-135.0,7,0
59493,7,4.780191847199163,-123.75,16,4
59494,7,4.780191847199163,-112.5,10,1
59495,7,4.780191847199163,-101.25,15,3
59496,7,4.780191847199163,-90.0,17,2
59497,7,4.780191847199163,-78.75000000000006,9,0
59498,7,4.780191847199163,-67.5,6,2
59499,7,4.780191847199163,-56.25,11,1
59500,7,4.780191847199163,-45.0,12,3
59501,7,4.780191847199163,-33.75000000000006,8,4
59502,7,4.780191847199163,-22.5,11,6
59503,7,4.780191847199163,-11.25,8,3
59504,7,0.0,5.625,5,3
59505,7,0.0,16.875,7,2
59506,7,0.0,28.125,12,2
59507,7,0.0,39.375,11,6
59508,7,0.0,50.625,8,3
59509,7,0.0,61.875,8,1
59510,7,0.0,73.125,15,5
59511,7,0.0,84.375,4,3
59512,7,0.0,95.625,8,3
59513,7,0.0,106.875,6,5
59514,7,0.0,118.125,12,1
59515,7,0.0,129.375,6,6
59516,7,0.0,140.625,8,2
59517,7,0.0,151.875,7,4
59518,7,0.0,163.125,9,3
59519,7,0.0,174.375,9,5
59520,7,0.0,-174.375,13,3
59521,7,0.0,-163.125,15,2
59522,7,0.0,-151.875,6,3
59523,7,0.0,-140.625,6,1
59524,7,0.0,-129.37500000000006,15,1
59525,7,0.0,-118.125,7,4
59526,7,0.0,-106.875,16,2
59527,7,0.0,-95.625,19,5
59528,7,0.0,-84.375,10,1
59529,7,0.0,-73.12500000000006,8,2
59530,7,0.0,-61.875,9,4
59531,7,0.0,-50.625,8,1
59532,7,0.0,-39.375,10,5
59533,7,0.0,-28.125,6,4
59534,7,0.0,-16.875,12,7
59535,7,0.0,-5.625,8,7
59536,7,-4.780191847199163,0.0,7,4
59537,7,-4.780191847199163,11.25,4,2
59538,7,-4.780191847199163,22.5,10,1
59539,7,-4.780191847199163,33.75,10,3
59540,7,-4.780191847199163,45.0,11,3
59541,7,-4.780191847199163,56.25,10,2
59542,7,-4.780191847199163,67.5,12,4
59543,7,-4.780191847199163,78.75,7,2
59544,7,-4.780191847199163,90.0,6,2
59545,7,-4.780191847199163,101.25,11,2
59546,7,-4.780191847199163,112.5,19,1
59547,7,-4.780191847199163,123.75,10,0
59548,7,-4.780191847199163,135.0,9,2
59549,7,-4.780191847199163,146.25,8,1
59550,7,-4.780191847199163,157.5,8,2
59551,7,-4.780191847199163,168.75,6,3
59552,7,-4.780191847199163,-180.0,11,1
59553,7,-4.780191847199163,-168.75,20,1
59554,7,-4.780191847199163,-157.5,14,2
59555,7,-4.780191847199163,-146.25,8,2
59556,7,-4.780191847199163,-135.0,4,0
59557,7,-4.780191847199163,-123.75,7,1
59558,7,-4.780191847199163,-112.5,10,1
59559,7,-4.780191847199163,-101.25,10,2
59560,7,-4.780191847199163,-90.0,12,3
59561,7,-4.780191847199163,-78.75000000000006,7,0
59562,7,-4.780191847199163,-67.5,8,3
59563,7,-4.780191847199163,-56.25,9,0
59564,7,-4.780191847199163,-45.0,7,0
59565,7,-4.780191847199163,-33.75000000000006,10,2
59566,7,-4.780191847199163,-22.5,12,1
59567,7,-4.780191847199163,-11.25,7,3
59568,7,-9.594068226860458,5.625,3,0
59569,7,-9.594068226860458,16.875,7,0
59570,7,-9.594068226860458,28.125,6,0
59571,7,-9.594068226860458,39.375,9,0
59572,7,-9.594068226860458,50.625,9,0
59573,7,-9.594068226860458,61.875,8,1
59574,7,-9.594068226860458,73.125,6,0
59575,7,-9.594068226860458,84.375,7,1
59576,7,-9.594068226860458,95.625,11,0
59577,7,-9.594068226860458,106.875,12,0
59578,7,-9.594068226860458,118.125,11,0
59579,7,-9.594068226860458,129.375,13,0
59580,7,-9.594068226860458,140.625,11,0
59581,7,-9.594068226860458,151.875,15,0
59582,7,-9.594068226860458,163.125,7,0
59583,7,-9.594068226860458,174.375,9,0
59584,7,-9.594068226860458,-174.375,14,0
59585,7,-9.594068226860458,-163.125,13,0
59586,7,-9.594068226860458,-151.875,13,0
59587,7,-9.594068226860458,-140.625,9,0
59588,7,-9.594068226860458,-129.37500000000006,5,0
59589,7,-9.594068226860458,-118.125,9,0
59590,7,-9.594068226860458,-106.875,8,0
59591,7,-9.594068226860458,-95.625,14,0
59592,7,-9.594068226860458,-84.375,4,0
59593,7,-9.594068226860458,-73.12500000000006,9,0
59594,7,-9.594068226860458,-61.875,12,0
59595,7,-9.594068226860458,-50.625,6,0
59596,7,-9.594068226860458,-39.375,15,0
59597,7,-9.594068226860458,-28.125,10,0
59598,7,-9.594068226860458,-16.875,11,0
59599,7,-9.594068226860458,-5.625,6,0
59600,7,-14.477512185929925,0.0,8,0
59601,7,-14.477512185929925,11.25,6,0
59602,7,-14.477512185929925,22.5,5,0
59603,7,-14.477512185929925,33.75,10,0
59604,7,-14.477512185929925,45.0,11,0
59605,7,-14.477512185929925,56.25,10,1
59606,7,-14.477512185929925,67.5,9,0
59607,7,-14.477512185929925,78.75,8,0
59608,7,-14.477512185929925,90.0,8,0
59609,7,-14.477512185929925,101.25,8,0
59610,7,-14.477512185929925,112.5,7,0
59611,7,-14.477512185929925,123.75,12,0
59612,7,-14.477512185929925,135.0,13,0
59613,7,-14.477512185929925,146.25,9,0
59614,7,-14.477512185929925,157.5,8,0
59615,7,-14.477512185929925,168.75,7,0
59616,7,-14.477512185929925,-180.0,10,0
59617,7,-14.477512185929925,-168.75,11,0
59618,7,-14.477512185929925,-157.5,9,0
59619,7,-14.477512185929925,-146.25,8,0
59620,7,-14.477512185929925,-135.0,9,0
59621,7,-14.477512185929925,-123.75,9,0
59622,7,-14.477512185929925,-112.5,5,0
59623,7,-14.477512185929925,-101.25,15,0
59624,7,-14.477512185929925,-90.0,3,0
59625,7,-14.477512185929925,-78.75000000000006,8,0
59626,7,-14.477512185929925,-67.5,12,0
59627,7,-14.477512185929925,-56.25,5,0
59628,7,-14.477512185929925,-45.0,14,0
59629,7,-14.477512185929925,-33.75000000000006,13,0
59630,7,-14.477512185929925,-22.5,9,0
59631,7,-14.477512185929925,-11.25,11,0
59632,7,-19.47122063449069,5.625,11,0
59633,7,-19.47122063449069,16.875,8,0
59634,7,-19.47122063449069,28.125,14,0
59635,7,-19.47122063449069,39.375,4,0
59636,7,-19.47122063449069,50.625,12,0
59637,7,-19.47122063449069,61.875,11,0
59638,7,-19.47122063449069,73.125,7,0
59639,7,-19.47122063449069,84.375,6,0
59640,7,-19.47122063449069,95.625,15,0
59641,7,-19.47122063449069,106.875,9,0
59642,7,-19.47122063449069,118.125,9,0
59643,7,-19.47122063449069,129.375,10,0
59644,7,-19.47122063449069,140.625,12,0
59645,7,-19.47122063449069,151.875,9,0
59646,7,-19.47122063449069,163.125,9,0
59647,7,-19.47122063449069,174.375,10,0
59648,7,-19.47122063449069,-174.375,11,0
59649,7,-19.47122063449069,-163.125,7,0
59650,7,-19.47122063449069,-151.875,9,0
59651,7,-19.47122063449069,-140.625,8,0
59652,7,-19.47122063449069,-129.37500000000006,16,0
59653,7,-19.47122063449069,-118.125,5,0
59654,7,-19.47122063449069,-106.875,11,0
59655,7,-19.47122063449069,-95.625,6,0
59656,7,-19.47122063449069,-84.375,5,0
59657,7,-19.47122063449069,-73.12500000000006,11,0
59658,7,-19.47122063449069,-61.875,11,0
59659,7,-19.47122063449069,-50.625,13,0
59660,7,-19.47122063449069,-39.375,11,0
59661,7,-19.47122063449069,-28.125,9,0
59662,7,-19.47122063449069,-16.875,14,1
59663,7,-19.47122063449069,-5.625,10,0
59664,7,-24.62431835216408,0.0,16,0
59665,7,-24.62431835216408,11.25,8,0
59666,7,-24.62431835216408,22.5,12,0
59667,7,-24.62431835216408,33.75,5,0
59668,7,-24.62431835216408,45.0,3,0
59669,7,-24.62431835216408,56.25,7,0
59670,7,-24.62431835216408,67.5,10,0
59671,7,-24.62431835216408,78.75,11,0
59672,7,-24.62431835216408,90.0,9,0
59673,7,-24.62431835216408,101.25,12,0
59674,7,-24.62431835216408,112.5,9,0
59675,7,-24.62431835216408,123.75,10,0
59676,7,-24.62431835216408,135.0,12,0
59677,7,-24.62431835216408,146.25,9,0
59678,7,-24.62431835216408,157.5,10,0
59679,7,-24.62431835216408,168.75,6,0
59680,7,-24.62431835216408,-180.0,10,0
59681,7,-24.62431835216408,-168.75,9,0
59682,7,-24.62431835216408,-157.5,9,0
59683,7,-24.62431835216408,-146.25,9,0
59684,7,-24.62431835216408,-135.0,11,0
59685,7,-24.62431835216408,-123.75,8,0
59686,7,-24.62431835216408,-112.5,9,0
59687,7,-24.62431835216408,-101.25,8,0
59688,7,-24.62431835216408,-90.0,8,0
59689,7,-24.62431835216408,-78.75000000000006,10,0
59690,7,-24.62431835216408,-67.5,8,0
59691,7,-24.62431835216408,-56.25,9,0
59692,7,-24.62431835216408,-45.0,10,0
59693,7,-24.62431835216408,-33.75000000000006,12,0
59694,7,-24.62431835216408,-22.5,17,0
59695,7,-24.62431835216408,-11.25,13,1
59696,7,-30.000000000000014,5.625,7,0
59697,7,-30.000000000000014,16.875,9,0
59698,7,-30.000000000000014,28.125,11,0
59699,7,-30.000000000000014,39.375,8,0
59700,7,-30.000000000000014,50.625,10,0
59701,7,-30.000000000000014,61.875,8,0
59702,7,-30.000000000000014,73.125,12,0
59703,7,-30.000000000000014,84.375,14,0
59704,7,-30.000000000000014,95.625,7,0
59705,7,-30.000000000000014,106.875,6,0
59706,7,-30.000000000000014,118.125,13,0
59707,7,-30.000000000000014,129.375,9,0
59708,7,-30.000000000000014,140.625,10,0
59709,7,-30.000000000000014,151.875,12,0
59710,7,-30.000000000000014,163.125,20,0
59711,7,-30.000000000000014,174.375,11,0
59712,7,-30.000000000000014,-174.375,10,0
59713,7,-30.000000000000014,-163.125,12,0
59714,7,-30.000000000000014,-151.875,9,0
59715,7,-30.000000000000014,-140.625,9,0
59716,7,-30.000000000000014,-129.37500000000006,7,0
59717,7,-30.000000000000014,-118.125,5,0
59718,7,-30.000000000000014,-106.875,11,0
59719,7,-30.000000000000014,-95.625,9,0
59720,7,-30.000000000000014,-84.375,9,0
59721,7,-30.000000000000014,-73.12500000000006,6,0
59722,7,-30.000000000000014,-61.875,11,0
59723,7,-30.000000000000014,-50.625,4,0
59724,7,-30.000000000000014,-39.375,13,0
59725,7,-30.000000000000014,-28.125,13,0
59726,7,-30.000000000000014,-16.875,13,0
59727,7,-30.000000000000014,-5.625,11,0
59728,7,-35.68533471265205,0.0,4,0
59729,7,-35.68533471265205,11.25,8,0
59730,7,-35.68533471265205,22.5,11,0
59731,7,-35.68533471265205,33.75,14,0
59732,7,-35.68533471265205,45.0,16,0
59733,7,-35.68533471265205,56.25,9,0
59734,7,-35.68533471265205,67.5,12,0
59735,7,-35.68533471265205,78.75,15,0
59736,7,-35.68533471265205,90.0,10,0
59737,7,-35.68533471265205,101.25,4,0
59738,7,-35.68533471265205,112.5,10,0
59739,7,-35.68533471265205,123.75,4,0
59740,7,-35.68533471265205,135.0,9,0
59741,7,-35.68533471265205,146.25,11,0
59742,7,-35.68533471265205,157.5,15,0
59743,7,-35.68533471265205,168.75,16,0
59744,7,-35.68533471265205,-180.0,9,0
59745,7,-35.68533471265205,-168.75,7,0
59746,7,-35.68533471265205,-157.5,10,0
59747,7,-35.68533471265205,-146.25,9,0
59748,7,-35.68533471265205,-135.0,8,0
59749,7,-35.68533471265205,-123.75,7,0
59750,7,-35.68533471265205,-112.5,8,0
59751,7,-35.68533471265205,-101.25,6,0
59752,7,-35.68533471265205,-90.0,7,0
59753,7,-35.68533471265205,-78.75000000000006,8,0
59754,7,-35.68533471265205,-67.5,8,0
59755,7,-35.68533471265205,-56.25,13,0
59756,7,-35.68533471265205,-45.0,11,0
59757,7,-35.68533471265205,-33.75000000000006,17,0
59758,7,-35.68533471265205,-22.5,11,0
59759,7,-35.68533471265205,-11.25,12,0
59760,7,-41.81031489577862,5.625,15,0
59761,7,-41.81031489577862,16.875,11,0
59762,7,-41.81031489577862,28.125,10,0
59763,7,-41.81031489577862,39.375,5,0
59764,7,-41.81031489577862,50.625,8,0
59765,7,-41.81031489577862,61.875,9,0
59766,7,-41.81031489577862,73.125,11,0
59767,7,-41.81031489577862,84.375,10,0
59768,7,-41.81031489577862,95.625,6,0
59769,7,-41.81031489577862,106.875,12,0
59770,7,-41.81031489577862,118.125,9,0
59771,7,-41.81031489577862,129.375,6,0
59772,7,-41.81031489577862,140.625,8,0
59773,7,-41.81031489577862,151.875,12,0
59774,7,-41.81031489577862,163.125,9,0
59775,7,-41.81031489577862,174.375,13,0
59776,7,-41.81031489577862,-174.375,5,0
59777,7,-41.81031489577862,-163.125,11,0
59778,7,-41.81031489577862,-151.875,13,0
59779,7,-41.81031489577862,-140.625,10,0
59780,7,-41.81031489577862,-129.37500000000006,11,0
59781,7,-41.81031489577862,-118.125,6,0
59782,7,-41.81031489577862,-106.875,13,0
59783,7,-41.81031489577862,-95.625,7,0
59784,7,-41.81031489577862,-84.375,11,0
59785,7,-41.81031489577862,-73.12500000000006,8,0
59786,7,-41.81031489577862,-61.875,13,0
59787,7,-41.81031489577862,-50.625,20,0
59788,7,-41.81031489577862,-39.375,12,0
59789,7,-41.81031489577862,-28.125,9,0
59790,7,-41.81031489577862,-16.875,10,0
59791,7,-41.81031489577862,-5.625,13,0
59792,7,-48.1412077943603,6.428571428571416,8,0
59793,7,-48.1412077943603,19.285714285714278,13,0
59794,7,-48.1412077943603,32.14285714285714,11,0
59795,7,-48.1412077943603,45.0,15,0
59796,7,-48.1412077943603,57.85714285714286,16,0
59797,7,-48.1412077943603,70.71428571428572,10,0
59798,7,-48.1412077943603,83.57142857142856,10,0
59799,7,-48.1412077943603,96.42857142857144,8,0
59800,7,-48.1412077943603,109.28571428571428,9,0
59801,7,-48.1412077943603,122.14285714285711,13,0
59802,7,-48.1412077943603,135.0,12,0
59803,7,-48.1412077943603,147.8571428571429,11,0
59804,7,-48.1412077943603,160.71428571428572,7,0
59805,7,-48.1412077943603,173.57142857142856,12,0
59806,7,-48.1412077943603,-173.57142857142856,14,0
59807,7,-48.1412077943603,-160.71428571428572,10,0
59808,7,-48.1412077943603,-147.8571428571429,11,0
59809,7,-48.1412077943603,-135.0,12,0
59810,7,-48.1412077943603,-122.14285714285711,9,0
59811,7,-48.1412077943603,-109.28571428571428,13,0
59812,7,-48.1412077943603,-96.42857142857144,7,0
59813,7,-48.1412077943603,-83.57142857142856,7,0
59814,7,-48.1412077943603,-70.71428571428572,12,0
59815,7,-48.1412077943603,-57.85714285714283,10,0
59816,7,-48.1412077943603,-45.0,13,0
59817,7,-48.1412077943603,-32.14285714285717,7,0
59818,7,-48.1412077943603,-19.28571428571422,11,0
59819,7,-48.1412077943603,-6.428571428571445,15,0
59820,7,-54.340912303861245,7.5,7,0
59821,7,-54.340912303861245,22.5,10,0
59822,7,-54.340912303861245,37.5,9,0
59823,7,-54.340912303861245,52.5,14,0
59824,7,-54.340912303861245,67.5,20,0
59825,7,-54.340912303861245,82.5,11,0
59826,7,-54.340912303861245,97.5,11,0
59827,7,-54.340912303861245,112.5,4,0
59828,7,-54.340912303861245,127.5,9,0
59829,7,-54.340912303861245,142.5,13,0
59830,7,-54.340912303861245,157.5,11,0
59831,7,-54.340912303861245,172.5,6,0
59832,7,-54.340912303861245,-172.5,16,0
59833,7,-54.340912303861245,-157.5,9,0
59834,7,-54.340912303861245,-142.5,12,0
59835,7,-54.340912303861245,-127.5,9,0
59836,7,-54.340912303861245,-112.5,9,0
59837,7,-54.340912303861245,-97.5,6,0
59838,7,-54.340912303861245,-82.5,9,0
59839,7,-54.340912303861245,-67.5,15,0
59840,7,-54.340912303861245,-52.50000000000006,9,0
59841,7,-54.340912303861245,-37.5,9,0
59842,7,-54.340912303861245,-22.5,11,0
59843,7,-54.340912303861245,-7.5,14,0
59844,7,-60.4344388449523,9.0,13,0
59845,7,-60.4344388449523,27.0,8,0
59846,7,-60.4344388449523,45.0,6,0
59847,7,-60.4344388449523,63.0,14,0
59848,7,-60.4344388449523,81.0,8,0
59849,7,-60.4344388449523,99.0,11,0
59850,7,-60.4344388449523,117.0,7,0
59851,7,-60.4344388449523,135.0,7,0
59852,7,-60.4344388449523,153.0,11,0
59853,7,-60.4344388449523,171.0,5,0
59854,7,-60.4344388449523,-171.0,11,0
59855,7,-60.4344388449523,-153.0,11,0
59856,7,-60.4344388449523,-135.0,8,0
59857,7,-60.4344388449523,-117.0,7,0
59858,7,-60.4344388449523,-99.0,7,0
59859,7,-60.4344388449523,-81.0,11,0
59860,7,-60.4344388449523,-63.0,10,0
59861,7,-60.4344388449523,-45.0,13,0
59862,7,-60.4344388449523,-27.0,8,0
59863,7,-60.4344388449523,-9.0,9,0
59864,7,-66.44353569089876,11.25,8,0
59865,7,-66.44353569089876,33.75,11,0
59866,7,-66.44353569089876,56.25,14,0
59867,7,-66.44353569089876,78.75,7,0
59868,7,-66.44353569089876,101.25,7,0
59869,7,-66.44353569089876,123.75,11,0
59870,7,-66.44353569089876,146.25,7,0
59871,7,-66.44353569089876,168.75,2,0
59872,7,-66.44353569089876,-168.75,8,0
59873,7,-66.44353569089876,-146.25,11,0
59874,7,-66.44353569089876,-123.75,11,0
59875,7,-66.44353569089876,-101.25,9,1
59876,7,-66.44353569089876,-78.75,9,0
59877,7,-66.44353569089876,-56.25,15,0
59878,7,-66.44353569089876,-33.75,13,0
59879,7,-66.44353569089876,-11.25,5,0
59880,7,-72.38756092964962,15.0,11,0
59881,7,-72.38756092964962,45.0,12,0
59882,7,-72.38756092964962,75.0,12,0
59883,7,-72.38756092964962,105.0,9,0
59884,7,-72.38756092964962,135.0,4,0
59885,7,-72.38756092964962,165.0,7,0
59886,7,-72.38756092964962,-165.0,10,0
59887,7,-72.38756092964962,-135.0,9,0
59888,7,-72.38756092964962,-105.0,9,1
59889,7,-72.38756092964962,-75.0,13,0
59890,7,-72.38756092964962,-45.0,7,0
59891,7,-72.38756092964962,-15.0,9,0
59892,7,-78.28414760510762,22.5,14,0
59893,7,-78.28414760510762,67.5,9,0
59894,7,-78.28414760510762,112.5,7,0
59895,7,-78.28414760510762,157.5,8,0
59896,7,-78.28414760510762,-157.5,9,0
59897,7,-78.28414760510762,-112.5,5,0
59898,7,-78.28414760510762,-67.5,12,0
59899,7,-78.28414760510762,-22.5,7,0
59900,7,-84.14973293629666,45.0,12,0
59901,7,-84.14973293629666,135.0,9,0
59902,7,-84.14973293629666,-135.0,9,0
59903,7,-84.14973293629666,-45.0,8,0
59904,7,84.14973293629666,45.0,18,0
59905,7,84.14973293629666,135.0,11,0
59906,7,84.14973293629666,-135.0,6,0
59907,7,84.14973293629666,-45.0,10,0
59908,7,78.28414760510762,22.5,12,0
59909,7,78.28414760510762,67.5,14,0
59910,7,78.28414760510762,112.5,11,0
59911,7,78.28414760510762,157.5,9,0
59912,7,78.28414760510762,-157.5,7,0
59913,7,78.28414760510762,-112.5,11,0
59914,7,78.28414760510762,-67.5,8,0
59915,7,78.28414760510762,-22.5,7,0
59916,7,72.38756092964962,15.0,12,0
59917,7,72.38756092964962,45.0,11,0
59918,7,72.38756092964962,75.0,9,0
59919,7,72.38756092964962,105.0,7,0
59920,7,72.38756092964962,135.0,10,0
59921,7,72.38756092964962,165.0,11,0
59922,7,72.38756092964962,-165.0,9,0
59923,7,72.38756092964962,-135.0,11,0
59924,7,72.38756092964962,-105.0,9,0
59925,7,72.38756092964962,-75.0,9,1
59926,7,72.38756092964962,-45.0,7,0
59927,7,72.38756092964962,-15.0,12,0
59928,7,66.44353569089877,11.25,9,0
59929,7,66.44353569089877,33.75,7,0
59930,7,66.44353569089877,56.25,8,0
59931,7,66.44353569089877,78.75,14,0
59932,7,66.44353569089877,101.25,8,0
59933,7,66.44353569089877,123.75,13,0
59934,7,66.44353569089877,146.25,9,0
59935,7,66.44353569089877,168.75,15,0
59936,7,66.44353569089877,-168.75,9,0
59937,7,66.44353569089877,-146.25,18,0
59938,7,66.44353569089877,-123.75,9,0
59939,7,66.44353569089877,-101.25,7,1
59940,7,66.44353569089877,-78.75,5,1
59941,7,66.44353569089877,-56.25,8,0
59942,7,66.44353569089877,-33.75,9,0
59943,7,66.44353569089877,-11.25,12,0
59944,7,60.43443884495228,9.0,16,0
59945,7,60.43443884495228,27.0,8,0
59946,7,60.43443884495228,45.0,10,0
59947,7,60.43443884495228,63.0,16,0
59948,7,60.43443884495228,81.0,15,0
59949,7,60.43443884495228,99.0,6,0
59950,7,60.43443884495228,117.0,21,0
59951,7,60.43443884495228,135.0,13,0
59952,7,60.43443884495228,153.0,17,0
59953,7,60.43443884495228,171.0,10,0
59954,7,60.43443884495228,-171.0,8,0
59955,7,60.43443884495228,-153.0,8,0
59956,7,60.43443884495228,-135.0,10,0
59957,7,60.43443884495228,-117.0,6,0
59958,7,60.43443884495228,-99.0,9,0
59959,7,60.43443884495228,-81.0,4,0
59960,7,60.43443884495228,-63.0,7,0
59961,7,60.43443884495228,-45.0,11,0
59962,7,60.43443884495228,-27.0,7,0
59963,7,60.43443884495228,-9.0,12,0
59964,7,54.340912303861245,7.5,11,0
59965,7,54.340912303861245,22.5,7,0
59966,7,54.340912303861245,37.5,9,0
59967,7,54.340912303861245,52.5,14,0
59968,7,54.340912303861245,67.5,16,0
59969,7,54.340912303861245,82.5,15,0
59970,7,54.340912303861245,97.5,8,0
59971,7,54.340912303861245,112.5,16,0
59972,7,54.340912303861245,127.5,18,0
59973,7,54.340912303861245,142.5,15,0
59974,7,54.340912303861245,157.5,16,0
59975,7,54.340912303861245,172.5,6,0
59976,7,54.340912303861245,-172.5,8,0
59977,7,54.340912303861245,-157.5,9,0
59978,7,54.340912303861245,-142.5,4,0
59979,7,54.340912303861245,-127.5,8,0
59980,7,54.340912303861245,-112.5,9,0
59981,7,54.340912303861245,-97.5,8,0
59982,7,54.340912303861245,-82.5,3,0
59983,7,54.340912303861245,-67.5,6,0
59984,7,54.340912303861245,-52.50000000000006,15,0
59985,7,54.340912303861245,-37.5,11,0
59986,7,54.340912303861245,-22.5,10,0
59987,7,54.340912303861245,-7.5,5,0
59988,7,48.141207794360284,6.428571428571416,6,0
59989,7,48.141207794360284,19.285714285714278,5,0
59990,7,48.141207794360284,32.14285714285714,8,0
59991,7,48.141207794360284,45.0,11,0
59992,7,48.141207794360284,57.85714285714286,10,0
59993,7,48.141207794360284,70.71428571428572,16,0
59994,7,48.141207794360284,83.57142857142856,13,0
59995,7,48.141207794360284,96.42857142857144,14,0
59996,7,48.141207794360284,109.28571428571428,19,0
59997,7,48.141207794360284,122.14285714285711,7,0
59998,7,48.141207794360284,135.0,14,0
59999,7,48.141207794360284,147.8571428571429,13,0
60000,7,48.141207794360284,160.71428571428572,14,0
60001,7,48.141207794360284,173.57142857142856,10,0
60002,7,48.141207794360284,-173.57142857142856,7,0
60003,7,48.141207794360284,-160.71428571428572,10,0
60004,7,48.141207794360284,-147.8571428571429,10,0
60005,7,48.141207794360284,-135.0,10,0
60006,7,48.141207794360284,-122.14285714285711,10,0
60007,7,48.141207794360284,-109.28571428571428,10,0
60008,7,48.141207794360284,-96.42857142857144,7,0
60009,7,48.141207794360284,-83.57142857142856,11,0
60010,7,48.141207794360284,-70.71428571428572,9,0
60011,7,48.141207794360284,-57.85714285714283,12,0
60012,7,48.141207794360284,-45.0,11,0
60013,7,48.141207794360284,-32.14285714285717,13,0
60014,7,48.141207794360284,-19.28571428571422,12,0
60015,7,48.141207794360284,-6.428571428571445,12,0
60016,7,41.81031489577859,5.625,10,0
60017,7,41.81031489577859,16.875,12,0
60018,7,41.81031489577859,28.125,4,0
60019,7,41.81031489577859,39.375,7,0
60020,7,41.81031489577859,50.625,15,0
60021,7,41.81031489577859,61.875,13,0
60022,7,41.81031489577859,73.125,10,0
60023,7,41.81031489577859,84.375,13,0
60024,7,41.81031489577859,95.625,13,0
60025,7,41.81031489577859,106.875,18,0
60026,7,41.81031489577859,118.125,6,0
60027,7,41.81031489577859,129.375,10,0
60028,7,41.81031489577859,140.625,15,0
60029,7,41.81031489577859,151.875,9,0
60030,7,41.81031489577859,163.125,8,0
60031,7,41.81031489577859,174.375,8,0
60032,7,41.81031489577859,-174.375,6,0
60033,7,41.81031489577859,-163.125,8,0
60034,7,41.81031489577859,-151.875,16,0
60035,7,41.81031489577859,-140.625,12,0
60036,7,41.81031489577859,-129.37500000000006,10,0
60037,7,41.81031489577859,-118.125,6,0
60038,7,41.81031489577859,-106.875,10,0
60039,7,41.81031489577859,-95.625,12,0
60040,7,41.81031489577859,-84.375,13,0
60041,7,41.81031489577859,-73.12500000000006,12,0
60042,7,41.81031489577859,-61.875,7,0
60043,7,41.81031489577859,-50.625,9,0
60044,7,41.81031489577859,-39.375,10,0
60045,7,41.81031489577859,-28.125,12,0
60046,7,41.81031489577859,-16.875,12,0
60047,7,41.81031489577859,-5.625,6,0
60048,7,35.68533471265204,0.0,8,0
60049,7,35.68533471265204,11.25,13,0
60050,7,35.68533471265204,22.5,12,0
60051,7,35.68533471265204,33.75,5,0
60052,7,35.68533471265204,45.0,10,0
60053,7,35.68533471265204,56.25,11,0
60054,7,35.68533471265204,67.5,6,0
60055,7,35.68533471265204,78.75,10,0
60056,7,35.68533471265204,90.0,11,0
60057,7,35.68533471265204,101.25,11,0
60058,7,35.68533471265204,112.5,9,0
60059,7,35.68533471265204,123.75,6,0
60060,7,35.68533471265204,135.0,6,0
60061,7,35.68533471265204,146.25,7,0
60062,7,35.68533471265204,157.5,12,0
60063,7,35.68533471265204,168.75,7,0
60064,7,35.68533471265204,-180.0,3,0
60065,7,35.68533471265204,-168.75,7,0
60066,7,35.68533471265204,-157.5,9,0
60067,7,35.68533471265204,-146.25,15,0
60068,7,35.68533471265204,-135.0,11,0
60069,7,35.68533471265204,-123.75,11,0
60070,7,35.68533471265204,-112.5,8,0
60071,7,35.68533471265204,-101.25,6,0
60072,7,35.68533471265204,-90.0,9,0
60073,7,35.68533471265204,-78.75000000000006,8,0
60074,7,35.68533471265204,-67.5,10,0
60075,7,35.68533471265204,-56.25,7,0
60076,7,35.68533471265204,-45.0,13,0
60077,7,35.68533471265204,-33.75000000000006,6,0
60078,7,35.68533471265204,-22.5,12,0
60079,7,35.68533471265204,-11.25,9,0
60080,7,30.000000000000007,5.625,7,0
60081,7,30.000000000000007,16.875,11,0
60082,7,30.000000000000007,28.125,11,0
60083,7,30.000000000000007,39.375,8,0
60084,7,30.000000000000007,50.625,16,0
60085,7,30.000000000000007,61.875,3,0
60086,7,30.000000000000007,73.125,7,0
60087,7,30.000000000000007,84.375,6,0
60088,7,30.000000000000007,95.625,13,0
60089,7,30.000000000000007,106.875,11,0
60090,7,30.000000000000007,118.125,10,0
60091,7,30.000000000000007,129.375,6,0
60092,7,30.000000000000007,140.625,6,0
60093,7,30.000000000000007,151.875,9,0
60094,7,30.000000000000007,163.125,8,0
60095,7,30.000000000000007,174.375,8,0
60096,7,30.000000000000007,-174.375,8,0
60097,7,30.000000000000007,-163.125,12,0
60098,7,30.000000000000007,-151.875,9,0
60099,7,30.000000000000007,-140.625,10,0
60100,7,30.000000000000007,-129.37500000000006,10,0
60101,7,30.000000000000007,-118.125,7,0
60102,7,30.000000000000007,-106.875,11,0
60103,7,30.000000000000007,-95.625,11,0
60104,7,30.000000000000007,-84.375,9,0
60105,7,30.000000000000007,-73.12500000000006,16,0
60106,7,30.000000000000007,-61.875,14,0
60107,7,30.000000000000007,-50.625,14,0
60108,7,30.000000000000007,-39.375,6,0
60109,7,30.000000000000007,-28.125,9,0
60110,7,30.000000000000007,-16.875,9,0
60111,7,30.000000000000007,-5.625,10,0
60112,7,24.62431835216408,0.0,10,0
60113,7,24.62431835216408,11.25,6,0
60114,7,24.62431835216408,22.5,17,0
60115,7,24.62431835216408,33.75,12,0
60116,7,24.62431835216408,45.0,9,0
60117,7,24.62431835216408,56.25,8,0
60118,7,24.62431835216408,67.5,9,0
60119,7,24.62431835216408,78.75,6,0
60120,7,24.62431835216408,90.0,8,0
60121,7,24.62431835216408,101.25,13,0
60122,7,24.62431835216408,112.5,8,0
60123,7,24.62431835216408,123.75,8,0
60124,7,24.62431835216408,135.0,5,0
60125,7,24.62431835216408,146.25,6,0
60126,7,24.62431835216408,157.5,6,0
60127,7,24.62431835216408,168.75,13,0
60128,7,24.62431835216408,-180.0,12,0
60129,7,24.62431835216408,-168.75,7,0
60130,7,24.62431835216408,-157.5,12,0
60131,7,24.62431835216408,-146.25,7,0
60132,7,24.62431835216408,-135.0,11,0
60133,7,24.62431835216408,-123.75,6,0
60134,7,24.62431835216408,-112.5,11,0
60135,7,24.62431835216408,-101.25,12,0
60136,7,24.62431835216408,-90.0,9,0
60137,7,24.62431835216408,-78.75000000000006,8,0
60138,7,24.62431835216408,-67.5,12,0
60139,7,24.62431835216408,-56.25,14,0
60140,7,24.62431835216408,-45.0,12,0
60141,7,24.62431835216408,-33.75000000000006,9,0
60142,7,24.62431835216408,-22.5,6,0
60143,7,24.62431835216408,-11.25,6,0
60144,7,19.47122063449069,5.625,12,0
60145,7,19.47122063449069,16.875,7,0
60146,7,19.47122063449069,28.125,13,0
60147,7,19.47122063449069,39.375,14,0
60148,7,19.47122063449069,50.625,12,0
60149,7,19.47122063449069,61.875,13,0
60150,7,19.47122063449069,73.125,7,0
60151,7,19.47122063449069,84.375,12,0
60152,7,19.47122063449069,95.625,11,0
60153,7,19.47122063449069,106.875,11,0
60154,7,19.47122063449069,118.125,9,0
60155,7,19.47122063449069,129.375,7,0
60156,7,19.47122063449069,140.625,12,0
60157,7,19.47122063449069,151.875,6,0
60158,7,19.47122063449069,163.125,7,0
60159,7,19.47122063449069,174.375,15,0
60160,7,19.47122063449069,-174.375,8,0
60161,7,19.47122063449069,-163.125,7,0
60162,7,19.47122063449069,-151.875,6,0
60163,7,19.47122063449069,-140.625,7,0
60164,7,19.47122063449069,-129.37500000000006,10,0
60165,7,19.47122063449069,-118.125,11,0
60166,7,19.47122063449069,-106.875,8,0
60167,7,19.47122063449069,-95.625,7,0
60168,7,19.47122063449069,-84.375,10,0
60169,7,19.47122063449069,-73.12500000000006,7,1
60170,7,19.47122063449069,-61.875,15,0
60171,7,19.47122063449069,-50.625,9,0
60172,7,19.47122063449069,-39.375,8,0
60173,7,19.47122063449069,-28.125,7,0
60174,7,19.47122063449069,-16.875,8,0
60175,7,19.47122063449069,-5.625,11,0
60176,7,14.477512185929925,0.0,13,0
60177,7,14.477512185929925,11.25,4,0
60178,7,14.477512185929925,22.5,11,0
60179,7,14.477512185929925,33.75,7,0
60180,7,14.477512185929925,45.0,19,0
60181,7,14.477512185929925,56.25,12,0
60182,7,14.477512185929925,67.5,11,1
60183,7,14.477512185929925,78.75,12,0
60184,7,14.477512185929925,90.0,18,0
60185,7,14.477512185929925,101.25,11,0
60186,7,14.477512185929925,112.5,8,0
60187,7,14.477512185929925,123.75,14,0
60188,7,14.477512185929925,135.0,10,0
60189,7,14.477512185929925,146.25,9,0
60190,7,14.477512185929925,157.5,12,0
60191,7,14.477512185929925,168.75,15,1
60192,7,14.477512185929925,-180.0,7,0
60193,7,14.477512185929925,-168.75,10,0
60194,7,14.477512185929925,-157.5,8,0
60195,7,14.477512185929925,-146.25,6,0
60196,7,14.477512185929925,-135.0,8,0
60197,7,14.477512185929925,-123.75,14,0
60198,7,14.477512185929925,-112.5,14,0
60199,7,14.477512185929925,-101.25,7,0
60200,7,14.477512185929925,-90.0,7,0
60201,7,14.477512185929925,-78.75000000000006,7,1
60202,7,14.477512185929925,-67.5,7,0
60203,7,14.477512185929925,-56.25,12,0
60204,7,14.477512185929925,-45.0,9,0
60205,7,14.477512185929925,-33.75000000000006,9,0
60206,7,14.477512185929925,-22.5,6,0
60207,7,14.477512185929925,-11.25,12,0
60208,7,9.594068226860458,5.625,11,0
60209,7,9.594068226860458,16.875,10,0
60210,7,9.594068226860458,28.125,9,0
60211,7,9.594068226860458,39.375,14,0
60212,7,9.594068226860458,50.625,6,0
60213,7,9.594068226860458,61.875,12,1
60214,7,9.594068226860458,73.125,9,0
60215,7,9.594068226860458,84.375,11,0
60216,7,9.594068226860458,95.625,10,0
60217,7,9.594068226860458,106.875,8,0
60218,7,9.594068226860458,118.125,15,0
60219,7,9.594068226860458,129.375,7,1
60220,7,9.594068226860458,140.625,14,0
60221,7,9.594068226860458,151.875,7,0
60222,7,9.594068226860458,163.125,19,0
60223,7,9.594068226860458,174.375,7,1
60224,7,9.594068226860458,-174.375,9,0
60225,7,9.594068226860458,-163.125,4,0
60226,7,9.594068226860458,-151.875,16,0
60227,7,9.594068226860458,-140.625,9,0
60228,7,9.594068226860458,-129.37500000000006,8,0
60229,7,9.594068226860458,-118.125,14,0
60230,7,9.594068226860458,-106.875,12,1
60231,7,9.594068226860458,-95.625,8,0
60232,7,9.594068226860458,-84.375,14,0
60233,7,9.594068226860458,-73.12500000000006,5,1
60234,7,9.594068226860458,-61.875,3,0
60235,7,9.594068226860458,-50.625,8,0
60236,7,9.594068226860458,-39.375,12,0
60237,7,9.594068226860458,-28.125,6,1
60238,7,9.594068226860458,-16.875,13,0
60239,7,9.594068226860458,-5.625,9,0
60240,7,4.780191847199163,0.0,8,1
60241,7,4.780191847199163,11.25,9,1
60242,7,4.780191847199163,22.5,9,0
60243,7,4.780191847199163,33.75,11,1
60244,7,4.780191847199163,45.0,9,2
60245,7,4.780191847199163,56.25,7,2
60246,7,4.780191847199163,67.5,8,2
60247,7,4.780191847199163,78.75,8,1
60248,7,4.780191847199163,90.0,9,2
60249,7,4.780191847199163,101.25,6,4
60250,7,4.780191847199163,112.5,7,2
60251,7,4.780191847199163,123.75,9,2
60252,7,4.780191847199163,135.0,9,1
60253,7,4.780191847199163,146.25,13,2
60254,7,4.780191847199163,157.5,8,2
60255,7,4.780191847199163,168.75,13,2
60256,7,4.780191847199163,-180.0,10,3
60257,7,4.780191847199163,-168.75,11,2
60258,7,4.780191847199163,-157.5,7,2
60259,7,4.780191847199163,-146.25,14,0
60260,7,4.780191847199163,-135.0,7,0
60261,7,4.780191847199163,-123.75,16,4
60262,7,4.780191847199163,-112.5,10,1
60263,7,4.780191847199163,-101.25,15,3
60264,7,4.780191847199163,-90.0,17,2
60265,7,4.780191847199163,-78.75000000000006,9,0
60266,7,4.780191847199163,-67.5,6,2
60267,7,4.780191847199163,-56.25,11,1
60268,7,4.780191847199163,-45.0,12,3
60269,7,4.780191847199163,-33.75000000000006,8,4
60270,7,4.780191847199163,-22.5,11,6
60271,7,4.780191847199163,-11.25,8,3
60272,7,0.0,5.625,5,3
60273,7,0.0,16.875,7,2
60274,7,0.0,28.125,12,2
60275,7,0.0,39.375,11,6
60276,7,0.0,50.625,8,3
60277,7,0.0,61.875,8,1
60278,7,0.0,73.125,15,5
60279,7,0.0,84.375,4,3
60280,7,0.0,95.625,8,3
60281,7,0.0,106.875,6,5
60282,7,0.0,118.125,12,1
60283,7,0.0,129.375,6,6
60284,7,0.0,140.625,8,2
60285,7,0.0,151.875,7,4
60286,7,0.0,163.125,9,3
60287,7,0.0,174.375,9,5
60288,7,0.0,-174.375,13,3
60289,7,0.0,-163.125,15,2
60290,7,0.0,-151.875,6,3
60291,7,0.0,-140.625,6,1
60292,7,0.0,-129.37500000000006,15,1
60293,7,0.0,-118.125,7,4
60294,7,0.0,-106.875,16,2
60295,7,0.0,-95.625,19,5
60296,7,0.0,-84.375,10,1
60297,7,0.0,-73.12500000000006,8,2
60298,7,0.0,-61.875,9,4
60299,7,0.0,-50.625,8,1
60300,7,0.0,-39.375,10,5
60301,7,0.0,-28.125,6,4
60302,7,0.0,-16.875,12,7
60303,7,0.0,-5.625,8,7
60304,7,-4.780191847199163,0.0,7,4
60305,7,-4.780191847199163,11.25,4,2
60306,7,-4.780191847199163,22.5,10,1
60307,7,-4.780191847199163,33.75,10,3
60308,7,-4.780191847199163,45.0,11,3
60309,7,-4.780191847199163,56.25,10,2
60310,7,-4.780191847199163,67.5,12,4
60311,7,-4.780191847199163,78.75,7,2
60312,7,-4.780191847199163,90.0,6,2
60313,7,-4.780191847199163,101.25,11,2
60314,7,-4.780191847199163,112.5,19,1
60315,7,-4.780191847199163,123.75,10,0
60316,7,-4.780191847199163,135.0,9,2
60317,7,-4.780191847199163,146.25,8,1
60318,7,-4.780191847199163,157.5,8,2
60319,7,-4.780191847199163,168.75,6,3
60320,7,-4.780191847199163,-180.0,11,1
60321,7,-4.780191847199163,-168.75,20,1
60322,7,-4.780191847199163,-157.5,14,2
60323,7,-4.780191847199163,-146.25,8,2
60324,7,-4.780191847199163,-135.0,4,0
60325,7,-4.780191847199163,-123.75,7,1
60326,7,-4.780191847199163,-112.5,10,1
60327,7,-4.780191847199163,-101.25,10,2
60328,7,-4.780191847199163,-90.0,12,3
60329,7,-4.780191847199163,-78.75000000000006,7,0
60330,7,-4.780191847199163,-67.5,8,3
60331,7,-4.780191847199163,-56.25,9,0
60332,7,-4.780191847199163,-45.0,7,0
60333,7,-4.780191847199163,-33.75000000000006,10,2
60334,7,-4.780191847199163,-22.5,12,1
60335,7,-4.780191847199163,-11.25,7,3
60336,7,-9.594068226860458,5.625,3,0
60337,7,-9.594068226860458,16.875,7,0
60338,7,-9.594068226860458,28.125,6,0
60339,7,-9.594068226860458,39.375,9,0
60340,7,-9.594068226860458,50.625,9,0
60341,7,-9.594068226860458,61.875,8,1
60342,7,-9.594068226860458,73.125,6,0
60343,7,-9.594068226860458,84.375,7,1
60344,7,-9.594068226860458,95.625,11,0
60345,7,-9.594068226860458,106.875,12,0
60346,7,-9.594068226860458,118.125,11,0
60347,7,-9.594068226860458,129.375,13,0
60348,7,-9.594068226860458,140.625,11,0
60349,7,-9.594068226860458,151.875,15,0
60350,7,-9.594068226860458,163.125,7,0
60351,7,-9.594068226860458,174.375,9,0
60352,7,-9.594068226860458,-174.375,14,0
60353,7,-9.594068226860458,-163.125,13,0
60354,7,-9.594068226860458,-151.875,13,0
60355,7,-9.594068226860458,-140.625,9,0
60356,7,-9.594068226860458,-129.37500000000006,5,0
60357,7,-9.594068226860458,-118.125,9,0
60358,7,-9.594068226860458,-106.875,8,0
60359,7,-9.594068226860458,-95.625,14,0
60360,7,-9.594068226860458,-84.375,4,0
60361,7,-9.594068226860458,-73.12500000000006,9,0
60362,7,-9.594068226860458,-61.875,12,0
60363,7,-9.594068226860458,-50.625,6,0
60364,7,-9.594068226860458,-39.375,15,0
60365,7,-9.594068226860458,-28.125,10,0
60366,7,-9.594068226860458,-16.875,11,0
60367,7,-9.594068226860458,-5.625,6,0
60368,7,-14.477512185929925,0.0,8,0
60369,7,-14.477512185929925,11.25,6,0
60370,7,-14.477512185929925,22.5,5,0
60371,7,-14.477512185929925,33.75,10,0
60372,7,-14.477512185929925,45.0,11,0
60373,7,-14.477512185929925,56.25,10,1
60374,7,-14.477512185929925,67.5,9,0
60375,7,-14.477512185929925,78.75,8,0
60376,7,-14.477512185929925,90.0,8,0
60377,7,-14.477512185929925,101.25,8,0
60378,7,-14.477512185929925,112.5,7,0
60379,7,-14.477512185929925,123.75,12,0
60380,7,-14.477512185929925,135.0,13,0
60381,7,-14.477512185929925,146.25,9,0
60382,7,-14.477512185929925,157.5,8,0
60383,7,-14.477512185929925,168.75,7,0
60384,7,-14.477512185929925,-180.0,10,0
60385,7,-14.477512185929925,-168.75,11,0
60386,7,-14.477512185929925,-157.5,9,0
60387,7,-14.477512185929925,-146.25,8,0
60388,7,-14.477512185929925,-135.0,9,0
60389,7,-14.477512185929925,-123.75,9,0
60390,7,-14.477512185929925,-112.5,5,0
60391,7,-14.477512185929925,-101.25,15,0
60392,7,-14.477512185929925,-90.0,3,0
60393,7,-14.477512185929925,-78.75000000000006,8,0
60394,7,-14.477512185929925,-67.5,12,0
60395,7,-14.477512185929925,-56.25,5,0
60396,7,-14.477512185929925,-45.0,14,0
60397,7,-14.477512185929925,-33.75000000000006,13,0
60398,7,-14.477512185929925,-22.5,9,0
60399,7,-14.477512185929925,-11.25,11,0
60400,7,-19.47122063449069,5.625,11,0
60401,7,-19.47122063449069,16.875,8,0
60402,7,-19.47122063449069,28.125,14,0
60403,7,-19.47122063449069,39.375,4,0
60404,7,-19.47122063449069,50.625,12,0
60405,7,-19.47122063449069,61.875,11,0
60406,7,-19.47122063449069,73.125,7,0
60407,7,-19.47122063449069,84.375,6,0
60408,7,-19.47122063449069,95.625,15,0
60409,7,-19.47122063449069,106.875,9,0
60410,7,-19.47122063449069,118.125,9,0
60411,7,-19.47122063449069,129.375,10,0
60412,7,-19.47122063449069,140.625,12,0
60413,7,-19.47122063449069,151.875,9,0
60414,7,-19.47122063449069,163.125,9,0
60415,7,-19.47122063449069,174.375,10,0
60416,7,-19.47122063449069,-174.375,11,0
60417,7,-19.47122063449069,-163.125,7,0
60418,7,-19.47122063449069,-151.875,9,0
60419,7,-19.47122063449069,-140.625,8,0
60420,7,-19.47122063449069,-129.37500000000006,16,0
60421,7,-19.47122063449069,-118.125,5,0
60422,7,-19.47122063449069,-106.875,11,0
60423,7,-19.47122063449069,-95.625,6,0
60424,7,-19.47122063449069,-84.375,5,0
60425,7,-19.47122063449069,-73.12500000000006,11,0
60426,7,-19.47122063449069,-61.875,11,0
60427,7,-19.47122063449069,-50.625,13,0
60428,7,-19.47122063449069,-39.375,11,0
60429,7,-19.47122063449069,-28.125,9,0
60430,7,-19.47122063449069,-16.875,14,1
60431,7,-19.47122063449069,-5.625,10,0
60432,7,-24.62431835216408,0.0,16,0
60433,7,-24.62431835216408,11.25,8,0
60434,7,-24.62431835216408,22.5,12,0
60435,7,-24.62431835216408,33.75,5,0
60436,7,-24.62431835216408,45.0,3,0
60437,7,-24.62431835216408,56.25,7,0
60438,7,-24.62431835216408,67.5,10,0
60439,7,-24.62431835216408,78.75,11,0
60440,7,-24.62431835216408,90.0,9,0
60441,7,-24.62431835216408,101.25,12,0
60442,7,-24.62431835216408,112.5,9,0
60443,7,-24.62431835216408,123.75,10,0
60444,7,-24.62431835216408,135.0,12,0
60445,7,-24.62431835216408,146.25,9,0
60446,7,-24.62431835216408,157.5,10,0
60447,7,-24.62431835216408,168.75,6,0
60448,7,-24.62431835216408,-180.0,10,0
60449,7,-24.62431835216408,-168.75,9,0
60450,7,-24.62431835216408,-157.5,9,0
60451,7,-24.62431835216408,-146.25,9,0
60452,7,-24.62431835216408,-135.0,11,0
60453,7,-24.62431835216408,-123.75,8,0
60454,7,-24.62431835216408,-112.5,9,0
60455,7,-24.62431835216408,-101.25,8,0
60456,7,-24.62431835216408,-90.0,8,0
60457,7,-24.62431835216408,-78.75000000000006,10,0
60458,7,-24.62431835216408,-67.5,8,0
60459,7,-24.62431835216408,-56.25,9,0
60460,7,-24.62431835216408,-45.0,10,0
60461,7,-24.62431835216408,-33.75000000000006,12,0
60462,7,-24.62431835216408,-22.5,17,0
60463,7,-24.62431835216408,-11.25,13,1
60464,7,-30.000000000000014,5.625,7,0
60465,7,-30.000000000000014,16.875,9,0
60466,7,-30.000000000000014,28.125,11,0
60467,7,-30.000000000000014,39.375,8,0
60468,7,-30.000000000000014,50.625,10,0
60469,7,-30.000000000000014,61.875,8,0
60470,7,-30.000000000000014,73.125,12,0
60471,7,-30.000000000000014,84.375,14,0
60472,7,-30.000000000000014,95.625,7,0
60473,7,-30.000000000000014,106.875,6,0
60474,7,-30.000000000000014,118.125,13,0
60475,7,-30.000000000000014,129.375,9,0
60476,7,-30.000000000000014,140.625,10,0
60477,7,-30.000000000000014,151.875,12,0
60478,7,-30.000000000000014,163.125,20,0
60479,7,-30.000000000000014,174.375,11,0
60480,7,-30.000000000000014,-174.375,10,0
60481,7,-30.000000000000014,-163.125,12,0
60482,7,-30.000000000000014,-151.875,9,0
60483,7,-30.000000000000014,-140.625,9,0
60484,7,-30.000000000000014,-129.37500000000006,7,0
60485,7,-30.000000000000014,-118.125,5,0
60486,7,-30.000000000000014,-106.875,11,0
60487,7,-30.000000000000014,-95.625,9,0
60488,7,-30.000000000000014,-84.375,9,0
60489,7,-30.000000000000014,-73.12500000000006,6,0
60490,7,-30.000000000000014,-61.875,11,0
60491,7,-30.000000000000014,-50.625,4,0
60492,7,-30.000000000000014,-39.375,13,0
60493,7,-30.000000000000014,-28.125,13,0
60494,7,-30.000000000000014,-16.875,13,0
60495,7,-30.000000000000014,-5.625,11,0
60496,7,-35.68533471265205,0.0,4,0
60497,7,-35.68533471265205,11.25,8,0
60498,7,-35.68533471265205,22.5,11,0
60499,7,-35.68533471265205,33.75,14,0
60500,7,-35.68533471265205,45.0,16,0
60501,7,-35.68533471265205,56.25,9,0
60502,7,-35.68533471265205,67.5,12,0
60503,7,-35.68533471265205,78.75,15,0
60504,7,-35.68533471265205,90.0,10,0
60505,7,-35.68533471265205,101.25,4,0
60506,7,-35.68533471265205,112.5,10,0
60507,7,-35.68533471265205,123.75,4,0
60508,7,-35.68533471265205,135.0,9,0
60509,7,-35.68533471265205,146.25,11,0
60510,7,-35.68533471265205,157.5,15,0
60511,7,-35.68533471265205,168.75,16,0
60512,7,-35.68533471265205,-180.0,9,0
60513,7,-35.68533471265205,-168.75,7,0
60514,7,-35.68533471265205,-157.5,10,0
60515,7,-35.68533471265205,-146.25,9,0
60516,7,-35.68533471265205,-135.0,8,0
60517,7,-35.68533471265205,-123.75,7,0
60518,7,-35.68533471265205,-112.5,8,0
60519,7,-35.68533471265205,-101.25,6,0
60520,7,-35.68533471265205,-90.0,7,0
60521,7,-35.68533471265205,-78.75000000000006,8,0
60522,7,-35.68533471265205,-67.5,8,0
60523,7,-35.68533471265205,-56.25,13,0
60524,7,-35.68533471265205,-45.0,11,0
60525,7,-35.68533471265205,-33.75000000000006,17,0
60526,7,-35.68533471265205,-22.5,11,0
60527,7,-35.68533471265205,-11.25,12,0
60528,7,-41.81031489577862,5.625,15,0
60529,7,-41.81031489577862,16.875,11,0
60530,7,-41.81031489577862,28.125,10,0
60531,7,-41.81031489577862,39.375,5,0
60532,7,-41.81031489577862,50.625,8,0
60533,7,-41.81031489577862,61.875,9,0
60534,7,-41.81031489577862,73.125,11,0
60535,7,-41.81031489577862,84.375,10,0
60536,7,-41.81031489577862,95.625,6,0
60537,7,-41.81031489577862,106.875,12,0
60538,7,-41.81031489577862,118.125,9,0
60539,7,-41.81031489577862,129.375,6,0
60540,7,-41.81031489577862,140.625,8,0
60541,7,-41.81031489577862,151.875,12,0
60542,7,-41.81031489577862,163.125,9,0
60543,7,-41.81031489577862,174.375,13,0
60544,7,-41.81031489577862,-174.375,5,0
60545,7,-41.81031489577862,-163.125,11,0
60546,7,-41.81031489577862,-151.875,13,0
60547,7,-41.81031489577862,-140.625,10,0
60548,7,-41.81031489577862,-129.37500000000006,11,0
60549,7,-41.81031489577862,-118.125,6,0
60550,7,-41.81031489577862,-106.875,13,0
60551,7,-41.81031489577862,-95.625,7,0
60552,7,-41.81031489577862,-84.375,11,0
60553,7,-41.81031489577862,-73.12500000000006,8,0
60554,7,-41.81031489577862,-61.875,13,0
60555,7,-41.81031489577862,-50.625,20,0
60556,7,-41.81031489577862,-39.375,12,0
60557,7,-41.81031489577862,-28.125,9,0
60558,7,-41.81031489577862,-16.875,10,0
60559,7,-41.81031489577862,-5.625,13,0
60560,7,-48.1412077943603,6.428571428571416,8,0
60561,7,-48.1412077943603,19.285714285714278,13,0
60562,7,-48.1412077943603,32.14285714285714,11,0
60563,7,-48.1412077943603,45.0,15,0
60564,7,-48.1412077943603,57.85714285714286,16,0
60565,7,-48.1412077943603,70.71428571428572,10,0
60566,7,-48.1412077943603,83.57142857142856,10,0
60567,7,-48.1412077943603,96.42857142857144,8,0
60568,7,-48.1412077943603,109.28571428571428,9,0
60569,7,-48.1412077943603,122.14285714285711,13,0
60570,7,-48.1412077943603,135.0,12,0
60571,7,-48.1412077943603,147.8571428571429,11,0
60572,7,-48.1412077943603,160.71428571428572,7,0
60573,7,-48.1412077943603,173.57142857142856,12,0
60574,7,-48.1412077943603,-173.57142857142856,14,0
60575,7,-48.1412077943603,-160.71428571428572,10,0
60576,7,-48.1412077943603,-147.8571428571429,11,0
60577,7,-48.1412077943603,-135.0,12,0
60578,7,-48.1412077943603,-122.14285714285711,9,0
60579,7,-48.1412077943603,-109.28571428571428,13,0
60580,7,-48.1412077943603,-96.42857142857144,7,0
60581,7,-48.1412077943603,-83.57142857142856,7,0
60582,7,-48.1412077943603,-70.71428571428572,12,0
60583,7,-48.1412077943603,-57.85714285714283,10,0
60584,7,-48.1412077943603,-45.0,13,0
60585,7,-48.1412077943603,-32.14285714285717,7,0
60586,7,-48.1412077943603,-19.28571428571422,11,0
60587,7,-48.1412077943603,-6.428571428571445,15,0
60588,7,-54.340912303861245,7.5,7,0
60589,7,-54.340912303861245,22.5,10,0
60590,7,-54.340912303861245,37.5,9,0
60591,7,-54.340912303861245,52.5,14,0
60592,7,-54.340912303861245,67.5,20,0
60593,7,-54.340912303861245,82.5,11,0
60594,7,-54.340912303861245,97.5,11,0
60595,7,-54.340912303861245,112.5,4,0
60596,7,-54.340912303861245,127.5,9,0
60597,7,-54.340912303861245,142.5,13,0
60598,7,-54.340912303861245,157.5,11,0
60599,7,-54.340912303861245,172.5,6,0
60600,7,-54.340912303861245,-172.5,16,0
60601,7,-54.340912303861245,-157.5,9,0
60602,7,-54.340912303861245,-142.5,12,0
60603,7,-54.340912303861245,-127.5,9,0
60604,7,-54.340912303861245,-112.5,9,0
60605,7,-54.340912303861245,-97.5,6,0
60606,7,-54.340912303861245,-82.5,9,0
60607,7,-54.340912303861245,-67.5,15,0
60608,7,-54.340912303861245,-52.50000000000006,9,0
60609,7,-54.340912303861245,-37.5,9,0
60610,7,-54.340912303861245,-22.5,11,0
60611,7,-54.340912303861245,-7.5,14,0
60612,7,-60.4344388449523,9.0,13,0
60613,7,-60.4344388449523,27.0,8,0
60614,7,-60.4344388449523,45.0,6,0
60615,7,-60.4344388449523,63.0,14,0
60616,7,-60.4344388449523,81.0,8,0
60617,7,-60.4344388449523,99.0,11,0
60618,7,-60.4344388449523,117.0,7,0
60619,7,-60.4344388449523,135.0,7,0
60620,7,-60.4344388449523,153.0,11,0
60621,7,-60.4344388449523,171.0,5,0
60622,7,-60.4344388449523,-171.0,11,0
60623,7,-60.4344388449523,-153.0,11,0
60624,7,-60.4344388449523,-135.0,8,0
60625,7,-60.4344388449523,-117.0,7,0
60626,7,-60.4344388449523,-99.0,7,0
60627,7,-60.4344388449523,-81.0,11,0
60628,7,-60.4344388449523,-63.0,10,0
60629,7,-60.4344388449523,-45.0,13,0
60630,7,-60.4344388449523,-27.0,8,0
60631,7,-60.4344388449523,-9.0,9,0
60632,7,-66.44353569089876,11.25,8,0
60633,7,-66.44353569089876,33.75,11,0
60634,7,-66.44353569089876,56.25,14,0
60635,7,-66.44353569089876,78.75,7,0
60636,7,-66.44353569089876,101.25,7,0
60637,7,-66.44353569089876,123.75,11,0
60638,7,-66.44353569089876,146.25,7,0
60639,7,-66.44353569089876,168.75,2,0
60640,7,-66.44353569089876,-168.75,8,0
60641,7,-66.44353569089876,-146.25,11,0
60642,7,-66.44353569089876,-123.75,11,0
60643,7,-66.44353569089876,-101.25,9,1
60644,7,-66.44353569089876,-78.75,9,0
60645,7,-66.44353569089876,-56.25,15,0
60646,7,-66.44353569089876,-33.75,13,0
60647,7,-66.44353569089876,-11.25,5,0
60648,7,-72.38756092964962,15.0,11,0
60649,7,-72.38756092964962,45.0,12,0
60650,7,-72.38756092964962,75.0,12,0
60651,7,-72.38756092964962,105.0,9,0
60652,7,-72.38756092964962,135.0,4,0
60653,7,-72.38756092964962,165.0,7,0
60654,7,-72.38756092964962,-165.0,10,0
60655,7,-72.38756092964962,-135.0,9,0
60656,7,-72.38756092964962,-105.0,9,1
60657,7,-72.38756092964962,-75.0,13,0
60658,7,-72.38756092964962,-45.0,7,0
60659,7,-72.38756092964962,-15.0,9,0
60660,7,-78.28414760510762,22.5,14,0
60661,7,-78.28414760510762,67.5,9,0
60662,7,-78.28414760510762,112.5,7,0
60663,7,-78.28414760510762,157.5,8,0
60664,7,-78.28414760510762,-157.5,9,0
60665,7,-78.28414760510762,-112.5,5,0
60666,7,-78.28414760510762,-67.5,12,0
60667,7,-78.28414760510762,-22.5,7,0
60668,7,-84.14973293629666,45.0,12,0
60669,7,-84.14973293629666,135.0,9,0
60670,7,-84.14973293629666,-135.0,9,0
60671,7,-84.14973293629666,-45.0,8,0
60672,7,84.14973293629666,45.0,18,0
60673,7,84.14973293629666,135.0,11,0
60674,7,84.14973293629666,-135.0,6,0
60675,7,84.14973293629666,-45.0,10,0
60676,7,78.28414760510762,22.5,12,0
60677,7,78.28414760510762,67.5,14,0
60678,7,78.28414760510762,112.5,11,0
60679,7,78.28414760510762,157.5,9,0
60680,7,78.28414760510762,-157.5,7,0
60681,7,78.28414760510762,-112.5,11,0
60682,7,78.28414760510762,-67.5,8,0
60683,7,78.28414760510762,-22.5,7,0
60684,7,72.38756092964962,15.0,12,0
60685,7,72.38756092964962,45.0,11,0
60686,7,72.38756092964962,75.0,9,0
60687,7,72.38756092964962,105.0,7,0
60688,7,72.38756092964962,135.0,10,0
60689,7,72.38756092964962,165.0,11,0
60690,7,72.38756092964962,-165.0,9,0
60691,7,72.38756092964962,-135.0,11,0
60692,7,72.38756092964962,-105.0,9,0
60693,7,72.38756092964962,-75.0,9,1
60694,7,72.38756092964962,-45.0,7,0
60695,7,72.38756092964962,-15.0,12,0
60696,7,66.44353569089877,11.25,9,0
60697,7,66.44353569089877,33.75,7,0
60698,7,66.44353569089877,56.25,8,0
60699,7,66.44353569089877,78.75,14,0
60700,7,66.44353569089877,101.25,8,0
60701,7,66.44353569089877,123.75,13,0
60702,7,66.44353569089877,146.25,9,0
60703,7,66.44353569089877,168.75,15,0
60704,7,66.44353569089877,-168.75,9,0
60705,7,66.44353569089877,-146.25,18,0
60706,7,66.44353569089877,-123.75,9,0
60707,7,66.44353569089877,-101.25,7,1
60708,7,66.44353569089877,-78.75,5,1
60709,7,66.44353569089877,-56.25,8,0
60710,7,66.44353569089877,-33.75,9,0
60711,7,66.44353569089877,-11.25,12,0
60712,7,60.43443884495228,9.0,16,0
60713,7,60.43443884495228,27.0,8,0
60714,7,60.43443884495228,45.0,10,0
60715,7,60.43443884495228,63.0,16,0
60716,7,60.43443884495228,81.0,15,0
60717,7,60.43443884495228,99.0,6,0
60718,7,60.43443884495228,117.0,21,0
60719,7,60.43443884495228,135.0,13,0
60720,7,60.43443884495228,153.0,17,0
60721,7,60.43443884495228,171.0,10,0
60722,7,60.43443884495228,-171.0,8,0
60723,7,60.43443884495228,-153.0,8,0
60724,7,60.43443884495228,-135.0,10,0
60725,7,60.43443884495228,-117.0,6,0
60726,7,60.43443884495228,-99.0,9,0
60727,7,60.43443884495228,-81.0,4,0
60728,7,60.43443884495228,-63.0,7,0
60729,7,60.43443884495228,-45.0,11,0
60730,7,60.43443884495228,-27.0,7,0
60731,7,60.43443884495228,-9.0,12,0
60732,7,54.340912303861245,7.5,11,0
60733,7,54.340912303861245,22.5,7,0
60734,7,54.340912303861245,37.5,9,0
60735,7,54.340912303861245,52.5,14,0
60736,7,54.340912303861245,67.5,16,0
60737,7,54.340912303861245,82.5,15,0
60738,7,54.340912303861245,97.5,8,0
60739,7,54.340912303861245,112.5,16,0
60740,7,54.340912303861245,127.5,18,0
60741,7,54.340912303861245,142.5,15,0
60742,7,54.340912303861245,157.5,16,0
60743,7,54.340912303861245,172.5,6,0
60744,7,54.340912303861245,-172.5,8,0
60745,7,54.340912303861245,-157.5,9,0
60746,7,54.340912303861245,-142.5,4,0
60747,7,54.340912303861245,-127.5,8,0
60748,7,54.340912303861245,-112.5,9,0
60749,7,54.340912303861245,-97.5,8,0
60750,7,54.340912303861245,-82.5,3,0
60751,7,54.340912303861245,-67.5,6,0
60752,7,54.340912303861245,-52.50000000000006,15,0
60753,7,54.340912303861245,-37.5,11,0
60754,7,54.340912303861245,-22.5,10,0
60755,7,54.340912303861245,-7.5,5,0
60756,7,48.141207794360284,6.428571428571416,6,0
60757,7,48.141207794360284,19.285714285714278,5,0
60758,7,48.141207794360284,32.14285714285714,8,0
60759,7,48.141207794360284,45.0,11,0
60760,7,48.141207794360284,57.85714285714286,10,0
60761,7,48.141207794360284,70.71428571428572,16,0
60762,7,48.141207794360284,83.57142857142856,13,0
60763,7,48.141207794360284,96.42857142857144,14,0
60764,7,48.141207794360284,109.28571428571428,19,0
60765,7,48.141207794360284,122.14285714285711,7,0
60766,7,48.141207794360284,135.0,14,0
60767,7,48.141207794360284,147.8571428571429,13,0
60768,7,48.141207794360284,160.71428571428572,14,0
60769,7,48.141207794360284,173.57142857142856,10,0
60770,7,48.141207794360284,-173.57142857142856,7,0
60771,7,48.141207794360284,-160.71428571428572,10,0
60772,7,48.141207794360284,-147.8571428571429,10,0
60773,7,48.141207794360284,-135.0,10,0
60774,7,48.141207794360284,-122.14285714285711,10,0
60775,7,48.141207794360284,-109.28571428571428,10,0
60776,7,48.141207794360284,-96.42857142857144,7,0
60777,7,48.141207794360284,-83.57142857142856,11,0
60778,7,48.141207794360284,-70.71428571428572,9,0
60779,7,48.141207794360284,-57.85714285714283,12,0
60780,7,48.141207794360284,-45.0,11,0
60781,7,48.141207794360284,-32.14285714285717,13,0
60782,7,48.141207794360284,-19.28571428571422,12,0
60783,7,48.141207794360284,-6.428571428571445,12,0
60784,7,41.81031489577859,5.625,10,0
60785,7,41.81031489577859,16.875,12,0
60786,7,41.81031489577859,28.125,4,0
60787,7,41.81031489577859,39.375,7,0
60788,7,41.81031489577859,50.625,15,0
60789,7,41.81031489577859,61.875,13,0
60790,7,41.81031489577859,73.125,10,0
60791,7,41.81031489577859,84.375,13,0
60792,7,41.81031489577859,95.625,13,0
60793,7,41.81031489577859,106.875,18,0
60794,7,41.81031489577859,118.125,6,0
60795,7,41.81031489577859,129.375,10,0
60796,7,41.81031489577859,140.625,15,0
60797,7,41.81031489577859,151.875,9,0
60798,7,41.81031489577859,163.125,8,0
60799,7,41.81031489577859,174.375,8,0
60800,7,41.81031489577859,-174.375,6,0
60801,7,41.81031489577859,-163.125,8,0
60802,7,41.81031489577859,-151.875,16,0
60803,7,41.81031489577859,-140.625,12,0
60804,7,41.81031489577859,-129.37500000000006,10,0
60805,7,41.81031489577859,-118.125,6,0
60806,7,41.81031489577859,-106.875,10,0
60807,7,41.81031489577859,-95.625,12,0
60808,7,41.81031489577859,-84.375,13,0
60809,7,41.81031489577859,-73.12500000000006,12,0
60810,7,41.81031489577859,-61.875,7,0
60811,7,41.81031489577859,-50.625,9,0
60812,7,41.81031489577859,-39.375,10,0
60813,7,41.81031489577859,-28.125,12,0
60814,7,41.81031489577859,-16.875,12,0
60815,7,41.81031489577859,-5.625,6,0
60816,7,35.68533471265204,0.0,8,0
60817,7,35.68533471265204,11.25,13,0
60818,7,35.68533471265204,22.5,12,0
60819,7,35.68533471265204,33.75,5,0
60820,7,35.68533471265204,45.0,10,0
60821,7,35.68533471265204,56.25,11,0
60822,7,35.68533471265204,67.5,6,0
60823,7,35.68533471265204,78.75,10,0
60824,7,35.68533471265204,90.0,11,0
60825,7,35.68533471265204,101.25,11,0
60826,7,35.68533471265204,112.5,9,0
60827,7,35.68533471265204,123.75,6,0
60828,7,35.68533471265204,135.0,6,0
60829,7,35.68533471265204,146.25,7,0
60830,7,35.68533471265204,157.5,12,0
60831,7,35.68533471265204,168.75,7,0
60832,7,35.68533471265204,-180.0,3,0
60833,7,35.68533471265204,-168.75,7,0
60834,7,35.68533471265204,-157.5,9,0
60835,7,35.68533471265204,-146.25,15,0
60836,7,35.68533471265204,-135.0,11,0
60837,7,35.68533471265204,-123.75,11,0
60838,7,35.68533471265204,-112.5,8,0
60839,7,35.68533471265204,-101.25,6,0
60840,7,35.68533471265204,-90.0,9,0
60841,7,35.68533471265204,-78.75000000000006,8,0
60842,7,35.68533471265204,-67.5,10,0
60843,7,35.68533471265204,-56.25,7,0
60844,7,35.68533471265204,-45.0,13,0
60845,7,35.68533471265204,-33.75000000000006,6,0
60846,7,35.68533471265204,-22.5,12,0
60847,7,35.68533471265204,-11.25,9,0
60848,7,30.000000000000007,5.625,7,0
60849,7,30.000000000000007,16.875,11,0
60850,7,30.000000000000007,28.125,11,0
60851,7,30.000000000000007,39.375,8,0
60852,7,30.000000000000007,50.625,16,0
60853,7,30.000000000000007,61.875,3,0
60854,7,30.000000000000007,73.125,7,0
60855,7,30.000000000000007,84.375,6,0
60856,7,30.000000000000007,95.625,13,0
60857,7,30.000000000000007,106.875,11,0
60858,7,30.000000000000007,118.125,10,0
60859,7,30.000000000000007,129.375,6,0
60860,7,30.000000000000007,140.625,6,0
60861,7,30.000000000000007,151.875,9,0
60862,7,30.000000000000007,163.125,8,0
60863,7,30.000000000000007,174.375,8,0
60864,7,30.000000000000007,-174.375,8,0
60865,7,30.000000000000007,-163.125,12,0
60866,7,30.000000000000007,-151.875,9,0
60867,7,30.000000000000007,-140.625,10,0
60868,7,30.000000000000007,-129.37500000000006,10,0
60869,7,30.000000000000007,-118.125,7,0
60870,7,30.000000000000007,-106.875,11,0
60871,7,30.000000000000007,-95.625,11,0
60872,7,30.000000000000007,-84.375,9,0
60873,7,30.000000000000007,-73.12500000000006,16,0
60874,7,30.000000000000007,-61.875,14,0
60875,7,30.000000000000007,-50.625,14,0
60876,7,30.000000000000007,-39.375,6,0
60877,7,30.000000000000007,-28.125,9,0
60878,7,30.000000000000007,-16.875,9,0
60879,7,30.000000000000007,-5.625,10,0
60880,7,24.62431835216408,0.0,10,0
60881,7,24.62431835216408,11.25,6,0
60882,7,24.62431835216408,22.5,17,0
60883,7,24.62431835216408,33.75,12,0
60884,7,24.62431835216408,45.0,9,0
60885,7,24.62431835216408,56.25,8,0
60886,7,24.62431835216408,67.5,9,0
60887,7,24.62431835216408,78.75,6,0
60888,7,24.62431835216408,90.0,8,0
60889,7,24.62431835216408,101.25,13,0
60890,7,24.62431835216408,112.5,8,0
60891,7,24.62431835216408,123.75,8,0
60892,7,24.62431835216408,135.0,5,0
60893,7,24.62431835216408,146.25,6,0
60894,7,24.62431835216408,157.5,6,0
60895,7,24.62431835216408,168.75,13,0
60896,7,24.62431835216408,-180.0,12,0
60897,7,24.62431835216408,-168.75,7,0
60898,7,24.62431835216408,-157.5,12,0
60899,7,24.62431835216408,-146.25,7,0
60900,7,24.62431835216408,-135.0,11,0
60901,7,24.62431835216408,-123.75,6,0
60902,7,24.62431835216408,-112.5,11,0
60903,7,24.62431835216408,-101.25,12,0
60904,7,24.62431835216408,-90.0,9,0
60905,7,24.62431835216408,-78.75000000000006,8,0
60906,7,24.62431835216408,-67.5,12,0
60907,7,24.62431835216408,-56.25,14,0
60908,7,24.62431835216408,-45.0,12,0
60909,7,24.62431835216408,-33.75000000000006,9,0
60910,7,24.62431835216408,-22.5,6,0
60911,7,24.62431835216408,-11.25,6,0
60912,7,19.47122063449069,5.625,12,0
60913,7,19.47122063449069,16.875,7,0
60914,7,19.47122063449069,28.125,13,0
60915,7,19.47122063449069,39.375,14,0
60916,7,19.47122063449069,50.625,12,0
60917,7,19.47122063449069,61.875,13,0
60918,7,19.47122063449069,73.125,7,0
60919,7,19.47122063449069,84.375,12,0
60920,7,19.47122063449069,95.625,11,0
60921,7,19.47122063449069,106.875,11,0
60922,7,19.47122063449069,118.125,9,0
60923,7,19.47122063449069,129.375,7,0
60924,7,19.47122063449069,140.625,12,0
60925,7,19.47122063449069,151.875,6,0
60926,7,19.47122063449069,163.125,7,0
60927,7,19.47122063449069,174.375,15,0
60928,7,19.47122063449069,-174.375,8,0
60929,7,19.47122063449069,-163.125,7,0
60930,7,19.47122063449069,-151.875,6,0
60931,7,19.47122063449069,-140.625,7,0
60932,7,19.47122063449069,-129.37500000000006,10,0
60933,7,19.47122063449069,-118.125,11,0
60934,7,19.47122063449069,-106.875,8,0
60935,7,19.47122063449069,-95.625,7,0
60936,7,19.47122063449069,-84.375,10,0
60937,7,19.47122063449069,-73.12500000000006,7,1
60938,7,19.47122063449069,-61.875,15,0
60939,7,19.47122063449069,-50.625,9,0
60940,7,19.47122063449069,-39.375,8,0
60941,7,19.47122063449069,-28.125,7,0
60942,7,19.47122063449069,-16.875,8,0
60943,7,19.47122063449069,-5.625,11,0
60944,7,14.477512185929925,0.0,13,0
60945,7,14.477512185929925,11.25,4,0
60946,7,14.477512185929925,22.5,11,0
60947,7,14.477512185929925,33.75,7,0
60948,7,14.477512185929925,45.0,19,0
60949,7,14.477512185929925,56.25,12,0
60950,7,14.477512185929925,67.5,11,1
60951,7,14.477512185929925,78.75,12,0
60952,7,14.477512185929925,90.0,18,0
60953,7,14.477512185929925,101.25,11,0
60954,7,14.477512185929925,112.5,8,0
60955,7,14.477512185929925,123.75,14,0
60956,7,14.477512185929925,135.0,10,0
60957,7,14.477512185929925,146.25,9,0
60958,7,14.477512185929925,157.5,12,0
60959,7,14.477512185929925,168.75,15,1
60960,7,14.477512185929925,-180.0,7,0
60961,7,14.477512185929925,-168.75,10,0
60962,7,14.477512185929925,-157.5,8,0
60963,7,14.477512185929925,-146.25,6,0
60964,7,14.477512185929925,-135.0,8,0
60965,7,14.477512185929925,-123.75,14,0
60966,7,14.477512185929925,-112.5,14,0
60967,7,14.477512185929925,-101.25,7,0
60968,7,14.477512185929925,-90.0,7,0
60969,7,14.477512185929925,-78.75000000000006,7,1
60970,7,14.477512185929925,-67.5,7,0
60971,7,14.477512185929925,-56.25,12,0
60972,7,14.477512185929925,-45.0,9,0
60973,7,14.477512185929925,-33.75000000000006,9,0
60974,7,14.477512185929925,-22.5,6,0
60975,7,14.477512185929925,-11.25,12,0
60976,7,9.594068226860458,5.625,11,0
60977,7,9.594068226860458,16.875,10,0
60978,7,9.594068226860458,28.125,9,0
60979,7,9.594068226860458,39.375,14,0
60980,7,9.594068226860458,50.625,6,0
60981,7,9.594068226860458,61.875,12,1
60982,7,9.594068226860458,73.125,9,0
60983,7,9.594068226860458,84.375,11,0
60984,7,9.594068226860458,95.625,10,0
60985,7,9.594068226860458,106.875,8,0
60986,7,9.594068226860458,118.125,15,0
60987,7,9.594068226860458,129.375,7,1
60988,7,9.594068226860458,140.625,14,0
60989,7,9.594068226860458,151.875,7,0
60990,7,9.594068226860458,163.125,19,0
60991,7,9.594068226860458,174.375,7,1
60992,7,9.594068226860458,-174.375,9,0
60993,7,9.594068226860458,-163.125,4,0
60994,7,9.594068226860458,-151.875,16,0
60995,7,9.594068226860458,-140.625,9,0
60996,7,9.594068226860458,-129.37500000000006,8,0
60997,7,9.594068226860458,-118.125,14,0
60998,7,9.594068226860458,-106.875,12,1
60999,7,9.594068226860458,-95.625,8,0
61000,7,9.594068226860458,-84.375,14,0
61001,7,9.594068226860458,-73.12500000000006,5,1
61002,7,9.594068226860458,-61.875,3,0
61003,7,9.594068226860458,-50.625,8,0
61004,7,9.594068226860458,-39.375,12,0
61005,7,9.594068226860458,-28.125,6,1
61006,7,9.594068226860458,-16.875,13,0
61007,7,9.594068226860458,-5.625,9,0
61008,7,4.780191847199163,0.0,8,1
61009,7,4.780191847199163,11.25,9,1
61010,7,4.780191847199163,22.5,9,0
61011,7,4.780191847199163,33.75,11,1
61012,7,4.780191847199163,45.0,9,2
61013,7,4.780191847199163,56.25,7,2
61014,7,4.780191847199163,67.5,8,2
61015,7,4.780191847199163,78.75,8,1
61016,7,4.780191847199163,90.0,9,2
61017,7,4.780191847199163,101.25,6,4
61018,7,4.780191847199163,112.5,7,2
61019,7,4.780191847199163,123.75,9,2
61020,7,4.780191847199163,135.0,9,1
61021,7,4.780191847199163,146.25,13,2
61022,7,4.780191847199163,157.5,8,2
61023,7,4.780191847199163,168.75,13,2
61024,7,4.780191847199163,-180.0,10,3
61025,7,4.780191847199163,-168.75,11,2
61026,7,4.780191847199163,-157.5,7,2
61027,7,4.780191847199163,-146.25,14,0
61028,7,4.780191847199163,-135.0,7,0
61029,7,4.780191847199163,-123.75,16,4
61030,7,4.780191847199163,-112.5,10,1
61031,7,4.780191847199163,-101.25,15,3
61032,7,4.780191847199163,-90.0,17,2
61033,7,4.780191847199163,-78.75000000000006,9,0
61034,7,4.780191847199163,-67.5,6,2
61035,7,4.780191847199163,-56.25,11,1
61036,7,4.780191847199163,-45.0,12,3
61037,7,4.780191847199163,-33.75000000000006,8,4
61038,7,4.780191847199163,-22.5,11,6
61039,7,4.780191847199163,-11.25,8,3
61040,7,0.0,5.625,5,3
61041,7,0.0,16.875,7,2
61042,7,0.0,28.125,12,2
61043,7,0.0,39.375,11,6
61044,7,0.0,50.625,8,3
61045,7,0.0,61.875,8,1
61046,7,0.0,73.125,15,5
61047,7,0.0,84.375,4,3
61048,7,0.0,95.625,8,3
61049,7,0.0,106.875,6,5
61050,7,0.0,118.125,12,1
61051,7,0.0,129.375,6,6
61052,7,0.0,140.625,8,2
61053,7,0.0,151.875,7,4
61054,7,0.0,163.125,9,3
61055,7,0.0,174.375,9,5
61056,7,0.0,-174.375,13,3
61057,7,0.0,-163.125,15,2
61058,7,0.0,-151.875,6,3
61059,7,0.0,-140.625,6,1
61060,7,0.0,-129.37500000000006,15,1
61061,7,0.0,-118.125,7,4
61062,7,0.0,-106.875,16,2
61063,7,0.0,-95.625,19,5
61064,7,0.0,-84.375,10,1
61065,7,0.0,-73.12500000000006,8,2
61066,7,0.0,-61.875,9,4
61067,7,0.0,-50.625,8,1
61068,7,0.0,-39.375,10,5
61069,7,0.0,-28.125,6,4
61070,7,0.0,-16.875,12,7
61071,7,0.0,-5.625,8,7
61072,7,-4.780191847199163,0.0,7,4
61073,7,-4.780191847199163,11.25,4,2
61074,7,-4.780191847199163,22.5,10,1
61075,7,-4.780191847199163,33.75,10,3
61076,7,-4.780191847199163,45.0,11,3
61077,7,-4.780191847199163,56.25,10,2
61078,7,-4.780191847199163,67.5,12,4
61079,7,-4.780191847199163,78.75,7,2
61080,7,-4.780191847199163,90.0,6,2
61081,7,-4.780191847199163,101.25,11,2
61082,7,-4.780191847199163,112.5,19,1
61083,7,-4.780191847199163,123.75,10,0
61084,7,-4.780191847199163,135.0,9,2
61085,7,-4.780191847199163,146.25,8,1
61086,7,-4.780191847199163,157.5,8,2
61087,7,-4.780191847199163,168.75,6,3
61088,7,-4.780191847199163,-180.0,11,1
61089,7,-4.780191847199163,-168.75,20,1
61090,7,-4.780191847199163,-157.5,14,2
61091,7,-4.780191847199163,-146.25,8,2
61092,7,-4.780191847199163,-135.0,4,0
61093,7,-4.780191847199163,-123.75,7,1
61094,7,-4.780191847199163,-112.5,10,1
61095,7,-4.780191847199163,-101.25,10,2
61096,7,-4.780191847199163,-90.0,12,3
61097,7,-4.780191847199163,-78.75000000000006,7,0
61098,7,-4.780191847199163,-67.5,8,3
61099,7,-4.780191847199163,-56.25,9,0
61100,7,-4.780191847199163,-45.0,7,0
61101,7,-4.780191847199163,-33.75000000000006,10,2
61102,7,-4.780191847199163,-22.5,12,1
61103,7,-4.780191847199163,-11.25,7,3
61104,7,-9.594068226860458,5.625,3,0
61105,7,-9.594068226860458,16.875,7,0
61106,7,-9.594068226860458,28.125,6,0
61107,7,-9.594068226860458,39.375,9,0
61108,7,-9.594068226860458,50.625,9,0
61109,7,-9.594068226860458,61.875,8,1
61110,7,-9.594068226860458,73.125,6,0
61111,7,-9.594068226860458,84.375,7,1
61112,7,-9.594068226860458,95.625,11,0
61113,7,-9.594068226860458,106.875,12,0
61114,7,-9.594068226860458,118.125,11,0
61115,7,-9.594068226860458,129.375,13,0
61116,7,-9.594068226860458,140.625,11,0
61117,7,-9.594068226860458,151.875,15,0
61118,7,-9.594068226860458,163.125,7,0
61119,7,-9.594068226860458,174.375,9,0
61120,7,-9.594068226860458,-174.375,14,0
61121,7,-9.594068226860458,-163.125,13,0
61122,7,-9.594068226860458,-151.875,13,0
61123,7,-9.594068226860458,-140.625,9,0
61124,7,-9.594068226860458,-129.37500000000006,5,0
61125,7,-9.594068226860458,-118.125,9,0
61126,7,-9.594068226860458,-106.875,8,0
61127,7,-9.594068226860458,-95.625,14,0
61128,7,-9.594068226860458,-84.375,4,0
61129,7,-9.594068226860458,-73.12500000000006,9,0
61130,7,-9.594068226860458,-61.875,12,0
61131,7,-9.594068226860458,-50.625,6,0
61132,7,-9.594068226860458,-39.375,15,0
61133,7,-9.594068226860458,-28.125,10,0
61134,7,-9.594068226860458,-16.875,11,0
61135,7,-9.594068226860458,-5.625,6,0
61136,7,-14.477512185929925,0.0,8,0
61137,7,-14.477512185929925,11.25,6,0
61138,7,-14.477512185929925,22.5,5,0
61139,7,-14.477512185929925,33.75,10,0
61140,7,-14.477512185929925,45.0,11,0
61141,7,-14.477512185929925,56.25,10,1
61142,7,-14.477512185929925,67.5,9,0
61143,7,-14.477512185929925,78.75,8,0
61144,7,-14.477512185929925,90.0,8,0
61145,7,-14.477512185929925,101.25,8,0
61146,7,-14.477512185929925,112.5,7,0
61147,7,-14.477512185929925,123.75,12,0
61148,7,-14.477512185929925,135.0,13,0
61149,7,-14.477512185929925,146.25,9,0
61150,7,-14.477512185929925,157.5,8,0
61151,7,-14.477512185929925,168.75,7,0
61152,7,-14.477512185929925,-180.0,10,0
61153,7,-14.477512185929925,-168.75,11,0
61154,7,-14.477512185929925,-157.5,9,0
61155,7,-14.477512185929925,-146.25,8,0
61156,7,-14.477512185929925,-135.0,9,0
61157,7,-14.477512185929925,-123.75,9,0
61158,7,-14.477512185929925,-112.5,5,0
61159,7,-14.477512185929925,-101.25,15,0
61160,7,-14.477512185929925,-90.0,3,0
61161,7,-14.477512185929925,-78.75000000000006,8,0
61162,7,-14.477512185929925,-67.5,12,0
61163,7,-14.477512185929925,-56.25,5,0
61164,7,-14.477512185929925,-45.0,14,0
61165,7,-14.477512185929925,-33.75000000000006,13,0
61166,7,-14.477512185929925,-22.5,9,0
61167,7,-14.477512185929925,-11.25,11,0
61168,7,-19.47122063449069,5.625,11,0
61169,7,-19.47122063449069,16.875,8,0
61170,7,-19.47122063449069,28.125,14,0
61171,7,-19.47122063449069,39.375,4,0
61172,7,-19.47122063449069,50.625,12,0
61173,7,-19.47122063449069,61.875,11,0
61174,7,-19.47122063449069,73.125,7,0
61175,7,-19.47122063449069,84.375,6,0
61176,7,-19.47122063449069,95.625,15,0
61177,7,-19.47122063449069,106.875,9,0
61178,7,-19.47122063449069,118.125,9,0
61179,7,-19.47122063449069,129.375,10,0
61180,7,-19.47122063449069,140.625,12,0
61181,7,-19.47122063449069,151.875,9,0
61182,7,-19.47122063449069,163.125,9,0
61183,7,-19.47122063449069,174.375,10,0
61184,7,-19.47122063449069,-174.375,11,0
61185,7,-19.47122063449069,-163.125,7,0
61186,7,-19.47122063449069,-151.875,9,0
61187,7,-19.47122063449069,-140.625,8,0
61188,7,-19.47122063449069,-129.37500000000006,16,0
61189,7,-19.47122063449069,-118.125,5,0
61190,7,-19.47122063449069,-106.875,11,0
61191,7,-19.47122063449069,-95.625,6,0
61192,7,-19.47122063449069,-84.375,5,0
61193,7,-19.47122063449069,-73.12500000000006,11,0
61194,7,-19.47122063449069,-61.875,11,0
61195,7,-19.47122063449069,-50.625,13,0
61196,7,-19.47122063449069,-39.375,11,0
61197,7,-19.47122063449069,-28.125,9,0
61198,7,-19.47122063449069,-16.875,14,1
61199,7,-19.47122063449069,-5.625,10,0
61200,7,-24.62431835216408,0.0,16,0
61201,7,-24.62431835216408,11.25,8,0
61202,7,-24.62431835216408,22.5,12,0
61203,7,-24.62431835216408,33.75,5,0
61204,7,-24.62431835216408,45.0,3,0
61205,7,-24.62431835216408,56.25,7,0
61206,7,-24.62431835216408,67.5,10,0
61207,7,-24.62431835216408,78.75,11,0
61208,7,-24.62431835216408,90.0,9,0
61209,7,-24.62431835216408,101.25,12,0
61210,7,-24.62431835216408,112.5,9,0
61211,7,-24.62431835216408,123.75,10,0
61212,7,-24.62431835216408,135.0,12,0
61213,7,-24.62431835216408,146.25,9,0
61214,7,-24.62431835216408,157.5,10,0
61215,7,-24.62431835216408,168.75,6,0
61216,7,-24.62431835216408,-180.0,10,0
61217,7,-24.62431835216408,-168.75,9,0
61218,7,-24.62431835216408,-157.5,9,0
61219,7,-24.62431835216408,-146.25,9,0
61220,7,-24.62431835216408,-135.0,11,0
61221,7,-24.62431835216408,-123.75,8,0
61222,7,-24.62431835216408,-112.5,9,0
61223,7,-24.62431835216408,-101.25,8,0
61224,7,-24.62431835216408,-90.0,8,0
61225,7,-24.62431835216408,-78.75000000000006,10,0
61226,7,-24.62431835216408,-67.5,8,0
61227,7,-24.62431835216408,-56.25,9,0
61228,7,-24.62431835216408,-45.0,10,0
61229,7,-24.62431835216408,-33.75000000000006,12,0
61230,7,-24.62431835216408,-22.5,17,0
61231,7,-24.62431835216408,-11.25,13,1
61232,7,-30.000000000000014,5.625,7,0
61233,7,-30.000000000000014,16.875,9,0
61234,7,-30.000000000000014,28.125,11,0
61235,7,-30.000000000000014,39.375,8,0
61236,7,-30.000000000000014,50.625,10,0
61237,7,-30.000000000000014,61.875,8,0
61238,7,-30.000000000000014,73.125,12,0
61239,7,-30.000000000000014,84.375,14,0
61240,7,-30.000000000000014,95.625,7,0
61241,7,-30.000000000000014,106.875,6,0
61242,7,-30.000000000000014,118.125,13,0
61243,7,-30.000000000000014,129.375,9,0
61244,7,-30.000000000000014,140.625,10,0
61245,7,-30.000000000000014,151.875,12,0
61246,7,-30.000000000000014,163.125,20,0
61247,7,-30.000000000000014,174.375,11,0
61248,7,-30.000000000000014,-174.375,10,0
61249,7,-30.000000000000014,-163.125,12,0
61250,7,-30.000000000000014,-151.875,9,0
61251,7,-30.000000000000014,-140.625,9,0
61252,7,-30.000000000000014,-129.37500000000006,7,0
61253,7,-30.000000000000014,-118.125,5,0
61254,7,-30.000000000000014,-106.875,11,0
61255,7,-30.000000000000014,-95.625,9,0
61256,7,-30.000000000000014,-84.375,9,0
61257,7,-30.000000000000014,-73.12500000000006,6,0
61258,7,-30.000000000000014,-61.875,11,0
61259,7,-30.000000000000014,-50.625,4,0
61260,7,-30.000000000000014,-39.375,13,0
61261,7,-30.000000000000014,-28.125,13,0
61262,7,-30.000000000000014,-16.875,13,0
61263,7,-30.000000000000014,-5.625,11,0
61264,7,-35.68533471265205,0.0,4,0
61265,7,-35.68533471265205,11.25,8,0
61266,7,-35.68533471265205,22.5,11,0
61267,7,-35.68533471265205,33.75,14,0
61268,7,-35.68533471265205,45.0,16,0
61269,7,-35.68533471265205,56.25,9,0
61270,7,-35.68533471265205,67.5,12,0
61271,7,-35.68533471265205,78.75,15,0
61272,7,-35.68533471265205,90.0,10,0
61273,7,-35.68533471265205,101.25,4,0
61274,7,-35.68533471265205,112.5,10,0
61275,7,-35.68533471265205,123.75,4,0
61276,7,-35.68533471265205,135.0,9,0
61277,7,-35.68533471265205,146.25,11,0
61278,7,-35.68533471265205,157.5,15,0
61279,7,-35.68533471265205,168.75,16,0
61280,7,-35.68533471265205,-180.0,9,0
61281,7,-35.68533471265205,-168.75,7,0
61282,7,-35.68533471265205,-157.5,10,0
61283,7,-35.68533471265205,-146.25,9,0
61284,7,-35.68533471265205,-135.0,8,0
61285,7,-35.68533471265205,-123.75,7,0
61286,7,-35.68533471265205,-112.5,8,0
61287,7,-35.68533471265205,-101.25,6,0
61288,7,-35.68533471265205,-90.0,7,0
61289,7,-35.68533471265205,-78.75000000000006,8,0
61290,7,-35.68533471265205,-67.5,8,0
61291,7,-35.68533471265205,-56.25,13,0
61292,7,-35.68533471265205,-45.0,11,0
61293,7,-35.68533471265205,-33.75000000000006,17,0
61294,7,-35.68533471265205,-22.5,11,0
61295,7,-35.68533471265205,-11.25,12,0
61296,7,-41.81031489577862,5.625,15,0
61297,7,-41.81031489577862,16.875,11,0
61298,7,-41.81031489577862,28.125,10,0
61299,7,-41.81031489577862,39.375,5,0
61300,7,-41.81031489577862,50.625,8,0
61301,7,-41.81031489577862,61.875,9,0
61302,7,-41.81031489577862,73.125,11,0
61303,7,-41.81031489577862,84.375,10,0
61304,7,-41.81031489577862,95.625,6,0
61305,7,-41.81031489577862,106.875,12,0
61306,7,-41.81031489577862,118.125,9,0
61307,7,-41.81031489577862,129.375,6,0
61308,7,-41.81031489577862,140.625,8,0
61309,7,-41.81031489577862,151.875,12,0
61310,7,-41.81031489577862,163.125,9,0
61311,7,-41.81031489577862,174.375,13,0
61312,7,-41.81031489577862,-174.375,5,0
61313,7,-41.81031489577862,-163.125,11,0
61314,7,-41.81031489577862,-151.875,13,0
61315,7,-41.81031489577862,-140.625,10,0
61316,7,-41.81031489577862,-129.37500000000006,11,0
61317,7,-41.81031489577862,-118.125,6,0
61318,7,-41.81031489577862,-106.875,13,0
61319,7,-41.81031489577862,-95.625,7,0
61320,7,-41.81031489577862,-84.375,11,0
61321,7,-41.81031489577862,-73.12500000000006,8,0
61322,7,-41.81031489577862,-61.875,13,0
61323,7,-41.81031489577862,-50.625,20,0
61324,7,-41.81031489577862,-39.375,12,0
61325,7,-41.81031489577862,-28.125,9,0
61326,7,-41.81031489577862,-16.875,10,0
61327,7,-41.81031489577862,-5.625,13,0
61328,7,-48.1412077943603,6.428571428571416,8,0
61329,7,-48.1412077943603,19.285714285714278,13,0
61330,7,-48.1412077943603,32.14285714285714,11,0
61331,7,-48.1412077943603,45.0,15,0
61332,7,-48.1412077943603,57.85714285714286,16,0
61333,7,-48.1412077943603,70.71428571428572,10,0
61334,7,-48.1412077943603,83.57142857142856,10,0
61335,7,-48.1412077943603,96.42857142857144,8,0
61336,7,-48.1412077943603,109.28571428571428,9,0
61337,7,-48.1412077943603,122.14285714285711,13,0
61338,7,-48.1412077943603,135.0,12,0
61339,7,-48.1412077943603,147.8571428571429,11,0
61340,7,-48.1412077943603,160.71428571428572,7,0
61341,7,-48.1412077943603,173.57142857142856,12,0
61342,7,-48.1412077943603,-173.57142857142856,14,0
61343,7,-48.1412077943603,-160.71428571428572,10,0
61344,7,-48.1412077943603,-147.8571428571429,11,0
61345,7,-48.1412077943603,-135.0,12,0
61346,7,-48.1412077943603,-122.14285714285711,9,0
61347,7,-48.1412077943603,-109.28571428571428,13,0
61348,7,-48.1412077943603,-96.42857142857144,7,0
61349,7,-48.1412077943603,-83.57142857142856,7,0
61350,7,-48.1412077943603,-70.71428571428572,12,0
61351,7,-48.1412077943603,-57.85714285714283,10,0
61352,7,-48.1412077943603,-45.0,13,0
61353,7,-48.1412077943603,-32.14285714285717,7,0
61354,7,-48.1412077943603,-19.28571428571422,11,0
61355,7,-48.1412077943603,-6.428571428571445,15,0
61356,7,-54.340912303861245,7.5,7,0
61357,7,-54.340912303861245,22.5,10,0
61358,7,-54.340912303861245,37.5,9,0
61359,7,-54.340912303861245,52.5,14,0
61360,7,-54.340912303861245,67.5,20,0
61361,7,-54.340912303861245,82.5,11,0
61362,7,-54.340912303861245,97.5,11,0
61363,7,-54.340912303861245,112.5,4,0
61364,7,-54.340912303861245,127.5,9,0
61365,7,-54.340912303861245,142.5,13,0
61366,7,-54.340912303861245,157.5,11,0
61367,7,-54.340912303861245,172.5,6,0
61368,7,-54.340912303861245,-172.5,16,0
61369,7,-54.340912303861245,-157.5,9,0
61370,7,-54.340912303861245,-142.5,12,0
61371,7,-54.340912303861245,-127.5,9,0
61372,7,-54.340912303861245,-112.5,9,0
61373,7,-54.340912303861245,-97.5,6,0
61374,7,-54.340912303861245,-82.5,9,0
61375,7,-54.340912303861245,-67.5,15,0
61376,7,-54.340912303861245,-52.50000000000006,9,0
61377,7,-54.340912303861245,-37.5,9,0
61378,7,-54.340912303861245,-22.5,11,0
61379,7,-54.340912303861245,-7.5,14,0
61380,7,-60.4344388449523,9.0,13,0
61381,7,-60.4344388449523,27.0,8,0
61382,7,-60.4344388449523,45.0,6,0
61383,7,-60.4344388449523,63.0,14,0
61384,7,-60.4344388449523,81.0,8,0
61385,7,-60.4344388449523,99.0,11,0
61386,7,-60.4344388449523,117.0,7,0
61387,7,-60.4344388449523,135.0,7,0
61388,7,-60.4344388449523,153.0,11,0
61389,7,-60.4344388449523,171.0,5,0
61390,7,-60.4344388449523,-171.0,11,0
61391,7,-60.4344388449523,-153.0,11,0
61392,7,-60.4344388449523,-135.0,8,0
61393,7,-60.4344388449523,-117.0,7,0
61394,7,-60.4344388449523,-99.0,7,0
61395,7,-60.4344388449523,-81.0,11,0
61396,7,-60.4344388449523,-63.0,10,0
61397,7,-60.4344388449523,-45.0,13,0
61398,7,-60.4344388449523,-27.0,8,0
61399,7,-60.4344388449523,-9.0,9,0
61400,7,-66.44353569089876,11.25,8,0
61401,7,-66.44353569089876,33.75,11,0
61402,7,-66.44353569089876,56.25,14,0
61403,7,-66.44353569089876,78.75,7,0
61404,7,-66.44353569089876,101.25,7,0
61405,7,-66.44353569089876,123.75,11,0
61406,7,-66.44353569089876,146.25,7,0
61407,7,-66.44353569089876,168.75,2,0
61408,7,-66.44353569089876,-168.75,8,0
61409,7,-66.44353569089876,-146.25,11,0
61410,7,-66.44353569089876,-123.75,11,0
61411,7,-66.44353569089876,-101.25,9,1
61412,7,-66.44353569089876,-78.75,9,0
61413,7,-66.44353569089876,-56.25,15,0
61414,7,-66.44353569089876,-33.75,13,0
61415,7,-66.44353569089876,-11.25,5,0
61416,7,-72.38756092964962,15.0,11,0
61417,7,-72.38756092964962,45.0,12,0
61418,7,-72.38756092964962,75.0,12,0
61419,7,-72.38756092964962,105.0,9,0
61420,7,-72.38756092964962,135.0,4,0
61421,7,-72.38756092964962,165.0,7,0
61422,7,-72.38756092964962,-165.0,10,0
61423,7,-72.38756092964962,-135.0,9,0
61424,7,-72.38756092964962,-105.0,9,1
61425,7,-72.38756092964962,-75.0,13,0
61426,7,-72.38756092964962,-45.0,7,0
61427,7,-72.38756092964962,-15.0,9,0
61428,7,-78.28414760510762,22.5,14,0
61429,7,-78.28414760510762,67.5,9,0
61430,7,-78.28414760510762,112.5,7,0
61431,7,-78.28414760510762,157.5,8,0
61432,7,-78.28414760510762,-157.5,9,0
61433,7,-78.28414760510762,-112.5,5,0
61434,7,-78.28414760510762,-67.5,12,0
61435,7,-78.28414760510762,-22.5,7,0
61436,7,-84.14973293629666,45.0,12,0
61437,7,-84.14973293629666,135.0,9,0
61438,7,-84.14973293629666,-135.0,9,0
61439,7,-84.14973293629666,-45.0,8,0
