15360,2,84.14973293629666,45.0,16,0
15361,2,84.14973293629666,135.0,9,0
15362,2,84.14973293629666,-135.0,11,0
15363,2,84.14973293629666,-45.0,12,0
15364,2,78.28414760510762,22.5,10,0
15365,2,78.28414760510762,67.5,9,0
15366,2,78.28414760510762,112.5,13,0
15367,2,78.28414760510762,157.5,11,0
15368,2,78.28414760510762,-157.5,4,0
15369,2,78.28414760510762,-112.5,18,0
15370,2,78.28414760510762,-67.5,8,0
15371,2,78.28414760510762,-22.5,16,0
15372,2,72.38756092964962,15.0,9,0
15373,2,72.38756092964962,45.0,10,0
15374,2,72.38756092964962,75.0,11,0
15375,2,72.38756092964962,105.0,9,0
15376,2,72.38756092964962,135.0,5,0
15377,2,72.38756092964962,165.0,7,0
15378,2,72.38756092964962,-165.0,3,0
15379,2,72.38756092964962,-135.0,12,0
15380,2,72.38756092964962,-105.0,15,0
15381,2,72.38756092964962,-75.0,8,0
15382,2,72.38756092964962,-45.0,14,0
15383,2,72.38756092964962,-15.0,18,0
15384,2,66.44353569089877,11.25,9,0
15385,2,66.44353569089877,33.75,14,0
15386,2,66.44353569089877,56.25,10,0
15387,2,66.44353569089877,78.75,9,0
15388,2,66.44353569089877,101.25,9,0
15389,2,66.44353569089877,123.75,8,0
15390,2,66.44353569089877,146.25,8,0
15391,2,66.44353569089877,168.75,5,0
15392,2,66.44353569089877,-168.75,10,0
15393,2,66.44353569089877,-146.25,8,0
15394,2,66.44353569089877,-123.75,7,0
15395,2,66.44353569089877,-101.25,12,0
15396,2,66.44353569089877,-78.75,12,0
15397,2,66.44353569089877,-56.25,14,0
15398,2,66.44353569089877,-33.75,11,0
15399,2,66.44353569089877,-11.25,13,0
15400,2,60.43443884495228,9.0,10,0
15401,2,60.43443884495228,27.0,15,0
15402,2,60.43443884495228,45.0,7,0
15403,2,60.43443884495228,63.0,10,0
15404,2,60.43443884495228,81.0,16,0
15405,2,60.43443884495228,99.0,9,0
15406,2,60.43443884495228,117.0,8,0
15407,2,60.43443884495228,135.0,14,0
15408,2,60.43443884495228,153.0,13,0
15409,2,60.43443884495228,171.0,9,0
15410,2,60.43443884495228,-171.0,12,0
15411,2,60.43443884495228,-153.0,10,0
15412,2,60.43443884495228,-135.0,14,0
15413,2,60.43443884495228,-117.0,7,0
15414,2,60.43443884495228,-99.0,11,0
15415,2,60.43443884495228,-81.0,13,0
15416,2,60.43443884495228,-63.0,11,0
15417,2,60.43443884495228,-45.0,10,0
15418,2,60.43443884495228,-27.0,12,0
15419,2,60.43443884495228,-9.0,13,0
15420,2,54.340912303861245,7.5,12,0
15421,2,54.340912303861245,22.5,14,0
15422,2,54.340912303861245,37.5,14,0
15423,2,54.340912303861245,52.5,10,0
15424,2,54.340912303861245,67.5,13,0
15425,2,54.340912303861245,82.5,8,0
15426,2,54.340912303861245,97.5,13,0
15427,2,54.340912303861245,112.5,6,0
15428,2,54.340912303861245,127.5,14,0
15429,2,54.340912303861245,142.5,17,0
15430,2,54.340912303861245,157.5,11,0
15431,2,54.340912303861245,172.5,8,0
15432,2,54.340912303861245,-172.5,7,0
15433,2,54.340912303861245,-157.5,9,0
15434,2,54.340912303861245,-142.5,12,0
15435,2,54.340912303861245,-127.5,16,0
15436,2,54.340912303861245,-112.5,8,0
15437,2,54.340912303861245,-97.5,10,0
15438,2,54.340912303861245,-82.5,17,0
15439,2,54.340912303861245,-67.5,10,0
15440,2,54.340912303861245,-52.50000000000006,14,0
15441,2,54.340912303861245,-37.5,6,0
15442,2,54.340912303861245,-22.5,5,0
15443,2,54.340912303861245,-7.5,13,0
15444,2,48.141207794360284,6.428571428571416,13,0
15445,2,48.141207794360284,19.285714285714278,16,0
15446,2,48.141207794360284,32.14285714285714,9,0
15447,2,48.141207794360284,45.0,11,0
15448,2,48.141207794360284,57.85714285714286,12,0
15449,2,48.141207794360284,70.71428571428572,12,0
15450,2,48.141207794360284,83.57142857142856,15,0
15451,2,48.141207794360284,96.42857142857144,18,0
15452,2,48.141207794360284,109.28571428571428,11,0
15453,2,48.141207794360284,122.14285714285711,7,0
15454,2,48.141207794360284,135.0,8,0
15455,2,48.141207794360284,147.8571428571429,15,0
15456,2,48.141207794360284,160.71428571428572,12,0
15457,2,48.141207794360284,173.57142857142856,9,0
15458,2,48.141207794360284,-173.57142857142856,10,0
15459,2,48.141207794360284,-160.71428571428572,12,0
15460,2,48.141207794360284,-147.8571428571429,11,0
15461,2,48.141207794360284,-135.0,8,0
15462,2,48.141207794360284,-122.14285714285711,17,0
15463,2,48.141207794360284,-109.28571428571428,10,0
15464,2,48.141207794360284,-96.42857142857144,11,0
15465,2,48.141207794360284,-83.57142857142856,13,0
15466,2,48.141207794360284,-70.71428571428572,9,0
15467,2,48.141207794360284,-57.85714285714283,12,0
15468,2,48.141207794360284,-45.0,17,0
15469,2,48.141207794360284,-32.14285714285717,13,0
15470,2,48.141207794360284,-19.28571428571422,13,0
15471,2,48.141207794360284,-6.428571428571445,12,0
15472,2,41.81031489577859,5.625,12,0
15473,2,41.81031489577859,16.875,16,0
15474,2,41.81031489577859,28.125,13,0
15475,2,41.81031489577859,39.375,5,0
15476,2,41.81031489577859,50.625,13,0
15477,2,41.81031489577859,61.875,12,0
15478,2,41.81031489577859,73.125,13,0
15479,2,41.81031489577859,84.375,19,0
15480,2,41.81031489577859,95.625,16,0
15481,2,41.81031489577859,106.875,12,0
15482,2,41.81031489577859,118.125,8,0
15483,2,41.81031489577859,129.375,6,0
15484,2,41.81031489577859,140.625,12,0
15485,2,41.81031489577859,151.875,9,0
15486,2,41.81031489577859,163.125,12,0
15487,2,41.81031489577859,174.375,20,0
15488,2,41.81031489577859,-174.375,4,0
15489,2,41.81031489577859,-163.125,11,0
15490,2,41.81031489577859,-151.875,14,0
15491,2,41.81031489577859,-140.625,10,0
15492,2,41.81031489577859,-129.37500000000006,6,0
15493,2,41.81031489577859,-118.125,16,0
15494,2,41.81031489577859,-106.875,11,0
15495,2,41.81031489577859,-95.625,9,0
15496,2,41.81031489577859,-84.375,17,0
15497,2,41.81031489577859,-73.12500000000006,13,0
15498,2,41.81031489577859,-61.875,10,0
15499,2,41.81031489577859,-50.625,13,0
15500,2,41.81031489577859,-39.375,14,0
15501,2,41.81031489577859,-28.125,9,0
15502,2,41.81031489577859,-16.875,10,0
15503,2,41.81031489577859,-5.625,14,0
15504,2,35.68533471265204,0.0,13,0
15505,2,35.68533471265204,11.25,15,0
15506,2,35.68533471265204,22.5,5,0
15507,2,35.68533471265204,33.75,10,0
15508,2,35.68533471265204,45.0,11,0
15509,2,35.68533471265204,56.25,12,0
15510,2,35.68533471265204,67.5,12,0
15511,2,35.68533471265204,78.75,6,0
15512,2,35.68533471265204,90.0,10,0
15513,2,35.68533471265204,101.25,10,0
15514,2,35.68533471265204,112.5,12,0
15515,2,35.68533471265204,123.75,5,0
15516,2,35.68533471265204,135.0,10,0
15517,2,35.68533471265204,146.25,10,0
15518,2,35.68533471265204,157.5,15,0
15519,2,35.68533471265204,168.75,11,0
15520,2,35.68533471265204,-180.0,11,0
15521,2,35.68533471265204,-168.75,8,0
15522,2,35.68533471265204,-157.5,16,0
15523,2,35.68533471265204,-146.25,11,0
15524,2,35.68533471265204,-135.0,6,0
15525,2,35.68533471265204,-123.75,9,0
15526,2,35.68533471265204,-112.5,12,0
15527,2,35.68533471265204,-101.25,9,0
15528,2,35.68533471265204,-90.0,10,0
15529,2,35.68533471265204,-78.75000000000006,14,0
15530,2,35.68533471265204,-67.5,7,0
15531,2,35.68533471265204,-56.25,8,0
15532,2,35.68533471265204,-45.0,16,0
15533,2,35.68533471265204,-33.75000000000006,11,0
15534,2,35.68533471265204,-22.5,9,0
15535,2,35.68533471265204,-11.25,7,0
15536,2,30.000000000000007,5.625,8,0
15537,2,30.000000000000007,16.875,8,0
15538,2,30.000000000000007,28.125,9,0
15539,2,30.000000000000007,39.375,11,0
15540,2,30.000000000000007,50.625,9,0
15541,2,30.000000000000007,61.875,9,0
15542,2,30.000000000000007,73.125,6,0
15543,2,30.000000000000007,84.375,6,0
15544,2,30.000000000000007,95.625,15,0
15545,2,30.000000000000007,106.875,17,0
15546,2,30.000000000000007,118.125,7,0
15547,2,30.000000000000007,129.375,12,0
15548,2,30.000000000000007,140.625,13,0
15549,2,30.000000000000007,151.875,14,0
15550,2,30.000000000000007,163.125,13,0
15551,2,30.000000000000007,174.375,11,0
15552,2,30.000000000000007,-174.375,8,0
15553,2,30.000000000000007,-163.125,13,0
15554,2,30.000000000000007,-151.875,16,0
15555,2,30.000000000000007,-140.625,12,0
15556,2,30.000000000000007,-129.37500000000006,12,0
15557,2,30.000000000000007,-118.125,10,0
15558,2,30.000000000000007,-106.875,11,0
15559,2,30.000000000000007,-95.625,9,0
15560,2,30.000000000000007,-84.375,14,0
15561,2,30.000000000000007,-73.12500000000006,12,0
15562,2,30.000000000000007,-61.875,6,0
15563,2,30.000000000000007,-50.625,12,0
15564,2,30.000000000000007,-39.375,10,0
15565,2,30.000000000000007,-28.125,11,0
15566,2,30.000000000000007,-16.875,9,0
15567,2,30.000000000000007,-5.625,6,0
15568,2,24.62431835216408,0.0,11,0
15569,2,24.62431835216408,11.25,12,0
15570,2,24.62431835216408,22.5,6,0
15571,2,24.62431835216408,33.75,11,0
15572,2,24.62431835216408,45.0,21,0
15573,2,24.62431835216408,56.25,9,0
15574,2,24.62431835216408,67.5,8,0
15575,2,24.62431835216408,78.75,14,0
15576,2,24.62431835216408,90.0,7,0
15577,2,24.62431835216408,101.25,15,0
15578,2,24.62431835216408,112.5,8,0
15579,2,24.62431835216408,123.75,12,0
15580,2,24.62431835216408,135.0,11,0
15581,2,24.62431835216408,146.25,11,0
15582,2,24.62431835216408,157.5,11,0
15583,2,24.62431835216408,168.75,16,0
15584,2,24.62431835216408,-180.0,10,1
15585,2,24.62431835216408,-168.75,15,0
15586,2,24.62431835216408,-157.5,11,0
15587,2,24.62431835216408,-146.25,11,0
15588,2,24.62431835216408,-135.0,11,0
15589,2,24.62431835216408,-123.75,7,0
15590,2,24.62431835216408,-112.5,15,0
15591,2,24.62431835216408,-101.25,8,0
15592,2,24.62431835216408,-90.0,16,0
15593,2,24.62431835216408,-78.75000000000006,16,0
15594,2,24.62431835216408,-67.5,11,0
15595,2,24.62431835216408,-56.25,7,0
15596,2,24.62431835216408,-45.0,15,0
15597,2,24.62431835216408,-33.75000000000006,9,0
15598,2,24.62431835216408,-22.5,11,0
15599,2,24.62431835216408,-11.25,4,0
15600,2,19.47122063449069,5.625,13,0
15601,2,19.47122063449069,16.875,12,0
15602,2,19.47122063449069,28.125,8,0
15603,2,19.47122063449069,39.375,18,0
15604,2,19.47122063449069,50.625,14,0
15605,2,19.47122063449069,61.875,8,0
15606,2,19.47122063449069,73.125,16,0
15607,2,19.47122063449069,84.375,10,0
15608,2,19.47122063449069,95.625,15,0
15609,2,19.47122063449069,106.875,5,0
15610,2,19.47122063449069,118.125,9,0
15611,2,19.47122063449069,129.375,15,0
15612,2,19.47122063449069,140.625,13,0
15613,2,19.47122063449069,151.875,10,0
15614,2,19.47122063449069,163.125,23,0
15615,2,19.47122063449069,174.375,9,0
15616,2,19.47122063449069,-174.375,12,0
15617,2,19.47122063449069,-163.125,8,0
15618,2,19.47122063449069,-151.875,9,0
15619,2,19.47122063449069,-140.625,8,0
15620,2,19.47122063449069,-129.37500000000006,11,0
15621,2,19.47122063449069,-118.125,13,0
15622,2,19.47122063449069,-106.875,8,0
15623,2,19.47122063449069,-95.625,13,0
15624,2,19.47122063449069,-84.375,14,0
15625,2,19.47122063449069,-73.12500000000006,7,0
15626,2,19.47122063449069,-61.875,10,0
15627,2,19.47122063449069,-50.625,16,0
15628,2,19.47122063449069,-39.375,11,0
15629,2,19.47122063449069,-28.125,14,0
15630,2,19.47122063449069,-16.875,9,0
15631,2,19.47122063449069,-5.625,9,0
15632,2,14.477512185929925,0.0,12,0
15633,2,14.477512185929925,11.25,13,0
15634,2,14.477512185929925,22.5,13,0
15635,2,14.477512185929925,33.75,7,0
15636,2,14.477512185929925,45.0,15,0
15637,2,14.477512185929925,56.25,10,0
15638,2,14.477512185929925,67.5,13,0
15639,2,14.477512185929925,78.75,13,0
15640,2,14.477512185929925,90.0,11,0
15641,2,14.477512185929925,101.25,12,0
15642,2,14.477512185929925,112.5,14,0
15643,2,14.477512185929925,123.75,14,0
15644,2,14.477512185929925,135.0,12,0
15645,2,14.477512185929925,146.25,13,0
15646,2,14.477512185929925,157.5,14,0
15647,2,14.477512185929925,168.75,13,0
15648,2,14.477512185929925,-180.0,11,0
15649,2,14.477512185929925,-168.75,11,0
15650,2,14.477512185929925,-157.5,13,0
15651,2,14.477512185929925,-146.25,10,0
15652,2,14.477512185929925,-135.0,11,0
15653,2,14.477512185929925,-123.75,9,0
15654,2,14.477512185929925,-112.5,12,0
15655,2,14.477512185929925,-101.25,9,0
15656,2,14.477512185929925,-90.0,10,0
15657,2,14.477512185929925,-78.75000000000006,12,0
15658,2,14.477512185929925,-67.5,13,0
15659,2,14.477512185929925,-56.25,14,0
15660,2,14.477512185929925,-45.0,9,0
15661,2,14.477512185929925,-33.75000000000006,12,0
15662,2,14.477512185929925,-22.5,10,0
15663,2,14.477512185929925,-11.25,9,0
15664,2,9.594068226860458,5.625,10,0
15665,2,9.594068226860458,16.875,12,1
15666,2,9.594068226860458,28.125,12,0
15667,2,9.594068226860458,39.375,13,0
15668,2,9.594068226860458,50.625,6,1
15669,2,9.594068226860458,61.875,11,0
15670,2,9.594068226860458,73.125,7,2
15671,2,9.594068226860458,84.375,11,0
15672,2,9.594068226860458,95.625,11,0
15673,2,9.594068226860458,106.875,20,1
15674,2,9.594068226860458,118.125,10,0
15675,2,9.594068226860458,129.375,14,0
15676,2,9.594068226860458,140.625,15,0
15677,2,9.594068226860458,151.875,12,1
15678,2,9.594068226860458,163.125,16,0
15679,2,9.594068226860458,174.375,8,0
15680,2,9.594068226860458,-174.375,15,0
15681,2,9.594068226860458,-163.125,13,0
15682,2,9.594068226860458,-151.875,14,0
15683,2,9.594068226860458,-140.625,8,0
15684,2,9.594068226860458,-129.37500000000006,13,0
15685,2,9.594068226860458,-118.125,8,0
15686,2,9.594068226860458,-106.875,15,0
15687,2,9.594068226860458,-95.625,12,0
15688,2,9.594068226860458,-84.375,11,0
15689,2,9.594068226860458,-73.12500000000006,14,1
15690,2,9.594068226860458,-61.875,11,0
15691,2,9.594068226860458,-50.625,13,0
15692,2,9.594068226860458,-39.375,12,0
15693,2,9.594068226860458,-28.125,8,1
15694,2,9.594068226860458,-16.875,5,0
15695,2,9.594068226860458,-5.625,9,0
15696,2,4.780191847199163,0.0,8,4
15697,2,4.780191847199163,11.25,6,2
15698,2,4.780191847199163,22.5,16,1
15699,2,4.780191847199163,33.75,8,3
15700,2,4.780191847199163,45.0,11,3
15701,2,4.780191847199163,56.25,11,0
15702,2,4.780191847199163,67.5,17,4
15703,2,4.780191847199163,78.75,14,1
15704,2,4.780191847199163,90.0,11,1
15705,2,4.780191847199163,101.25,18,4
15706,2,4.780191847199163,112.5,14,2
15707,2,4.780191847199163,123.75,13,1
15708,2,4.780191847199163,135.0,5,4
15709,2,4.780191847199163,146.25,13,2
15710,2,4.780191847199163,157.5,13,1
15711,2,4.780191847199163,168.75,14,1
15712,2,4.780191847199163,-180.0,7,3
15713,2,4.780191847199163,-168.75,18,3
15714,2,4.780191847199163,-157.5,10,4
15715,2,4.780191847199163,-146.25,15,2
15716,2,4.780191847199163,-135.0,15,5
15717,2,4.780191847199163,-123.75,6,3
15718,2,4.780191847199163,-112.5,20,1
15719,2,4.780191847199163,-101.25,13,3
15720,2,4.780191847199163,-90.0,15,2
15721,2,4.780191847199163,-78.75000000000006,9,2
15722,2,4.780191847199163,-67.5,17,3
15723,2,4.780191847199163,-56.25,7,2
15724,2,4.780191847199163,-45.0,15,1
15725,2,4.780191847199163,-33.75000000000006,12,4
15726,2,4.780191847199163,-22.5,8,2
15727,2,4.780191847199163,-11.25,14,3
15728,2,0.0,5.625,9,4
15729,2,0.0,16.875,11,3
15730,2,0.0,28.125,10,2
15731,2,0.0,39.375,12,3
15732,2,0.0,50.625,15,5
15733,2,0.0,61.875,19,1
15734,2,0.0,73.125,14,4
15735,2,0.0,84.375,12,1
15736,2,0.0,95.625,10,3
15737,2,0.0,106.875,14,4
15738,2,0.0,118.125,14,3
15739,2,0.0,129.375,14,2
15740,2,0.0,140.625,10,3
15741,2,0.0,151.875,10,7
15742,2,0.0,163.125,11,2
15743,2,0.0,174.375,11,3
15744,2,0.0,-174.375,14,4
15745,2,0.0,-163.125,16,5
15746,2,0.0,-151.875,18,1
15747,2,0.0,-140.625,14,8
15748,2,0.0,-129.37500000000006,11,3
15749,2,0.0,-118.125,9,2
15750,2,0.0,-106.875,14,1
15751,2,0.0,-95.625,14,3
15752,2,0.0,-84.375,13,3
15753,2,0.0,-73.12500000000006,10,3
15754,2,0.0,-61.875,12,1
15755,2,0.0,-50.625,11,5
15756,2,0.0,-39.375,9,1
15757,2,0.0,-28.125,12,5
15758,2,0.0,-16.875,12,3
15759,2,0.0,-5.625,17,5
15760,2,-4.780191847199163,0.0,12,0
15761,2,-4.780191847199163,11.25,12,3
15762,2,-4.780191847199163,22.5,8,2
15763,2,-4.780191847199163,33.75,6,2
15764,2,-4.780191847199163,45.0,11,2
15765,2,-4.780191847199163,56.25,11,2
15766,2,-4.780191847199163,67.5,6,3
15767,2,-4.780191847199163,78.75,15,0
15768,2,-4.780191847199163,90.0,6,0
15769,2,-4.780191847199163,101.25,11,3
15770,2,-4.780191847199163,112.5,9,1
15771,2,-4.780191847199163,123.75,10,1
15772,2,-4.780191847199163,135.0,8,0
15773,2,-4.780191847199163,146.25,10,1
15774,2,-4.780191847199163,157.5,9,5
15775,2,-4.780191847199163,168.75,13,0
15776,2,-4.780191847199163,-180.0,8,3
15777,2,-4.780191847199163,-168.75,19,0
15778,2,-4.780191847199163,-157.5,15,0
15779,2,-4.780191847199163,-146.25,12,0
15780,2,-4.780191847199163,-135.0,15,5
15781,2,-4.780191847199163,-123.75,11,1
15782,2,-4.780191847199163,-112.5,9,0
15783,2,-4.780191847199163,-101.25,9,0
15784,2,-4.780191847199163,-90.0,12,1
15785,2,-4.780191847199163,-78.75000000000006,10,4
15786,2,-4.780191847199163,-67.5,9,0
15787,2,-4.780191847199163,-56.25,15,3
15788,2,-4.780191847199163,-45.0,12,2
15789,2,-4.780191847199163,-33.75000000000006,12,5
15790,2,-4.780191847199163,-22.5,15,1
15791,2,-4.780191847199163,-11.25,12,3
15792,2,-9.594068226860458,5.625,12,1
15793,2,-9.594068226860458,16.875,14,1
15794,2,-9.594068226860458,28.125,7,0
15795,2,-9.594068226860458,39.375,9,0
15796,2,-9.594068226860458,50.625,5,0
15797,2,-9.594068226860458,61.875,10,0
15798,2,-9.594068226860458,73.125,9,0
15799,2,-9.594068226860458,84.375,11,0
15800,2,-9.594068226860458,95.625,6,0
15801,2,-9.594068226860458,106.875,10,1
15802,2,-9.594068226860458,118.125,12,0
15803,2,-9.594068226860458,129.375,8,0
15804,2,-9.594068226860458,140.625,10,1
15805,2,-9.594068226860458,151.875,10,0
15806,2,-9.594068226860458,163.125,14,0
15807,2,-9.594068226860458,174.375,7,0
15808,2,-9.594068226860458,-174.375,18,0
15809,2,-9.594068226860458,-163.125,16,0
15810,2,-9.594068226860458,-151.875,11,0
15811,2,-9.594068226860458,-140.625,17,0
15812,2,-9.594068226860458,-129.37500000000006,11,0
15813,2,-9.594068226860458,-118.125,8,0
15814,2,-9.594068226860458,-106.875,10,0
15815,2,-9.594068226860458,-95.625,4,0
15816,2,-9.594068226860458,-84.375,9,1
15817,2,-9.594068226860458,-73.12500000000006,13,0
15818,2,-9.594068226860458,-61.875,19,0
15819,2,-9.594068226860458,-50.625,9,0
15820,2,-9.594068226860458,-39.375,9,1
15821,2,-9.594068226860458,-28.125,12,0
15822,2,-9.594068226860458,-16.875,5,0
15823,2,-9.594068226860458,-5.625,11,0
15824,2,-14.477512185929925,0.0,11,0
15825,2,-14.477512185929925,11.25,8,1
15826,2,-14.477512185929925,22.5,7,0
15827,2,-14.477512185929925,33.75,10,0
15828,2,-14.477512185929925,45.0,7,0
15829,2,-14.477512185929925,56.25,9,0
15830,2,-14.477512185929925,67.5,4,0
15831,2,-14.477512185929925,78.75,18,0
15832,2,-14.477512185929925,90.0,12,0
15833,2,-14.477512185929925,101.25,11,0
15834,2,-14.477512185929925,112.5,11,1
15835,2,-14.477512185929925,123.75,10,0
15836,2,-14.477512185929925,135.0,14,1
15837,2,-14.477512185929925,146.25,10,0
15838,2,-14.477512185929925,157.5,14,0
15839,2,-14.477512185929925,168.75,9,0
15840,2,-14.477512185929925,-180.0,16,0
15841,2,-14.477512185929925,-168.75,13,0
15842,2,-14.477512185929925,-157.5,7,0
15843,2,-14.477512185929925,-146.25,16,0
15844,2,-14.477512185929925,-135.0,15,0
15845,2,-14.477512185929925,-123.75,7,0
15846,2,-14.477512185929925,-112.5,13,0
15847,2,-14.477512185929925,-101.25,10,0
15848,2,-14.477512185929925,-90.0,11,0
15849,2,-14.477512185929925,-78.75000000000006,6,0
15850,2,-14.477512185929925,-67.5,10,0
15851,2,-14.477512185929925,-56.25,11,0
15852,2,-14.477512185929925,-45.0,8,0
15853,2,-14.477512185929925,-33.75000000000006,11,0
15854,2,-14.477512185929925,-22.5,13,0
15855,2,-14.477512185929925,-11.25,11,0
15856,2,-19.47122063449069,5.625,12,0
15857,2,-19.47122063449069,16.875,6,0
15858,2,-19.47122063449069,28.125,7,0
15859,2,-19.47122063449069,39.375,14,0
15860,2,-19.47122063449069,50.625,11,0
15861,2,-19.47122063449069,61.875,9,0
15862,2,-19.47122063449069,73.125,8,0
15863,2,-19.47122063449069,84.375,21,0
15864,2,-19.47122063449069,95.625,7,0
15865,2,-19.47122063449069,106.875,8,0
15866,2,-19.47122063449069,118.125,6,0
15867,2,-19.47122063449069,129.375,19,0
15868,2,-19.47122063449069,140.625,17,0
15869,2,-19.47122063449069,151.875,12,0
15870,2,-19.47122063449069,163.125,15,0
15871,2,-19.47122063449069,174.375,13,0
15872,2,-19.47122063449069,-174.375,14,0
15873,2,-19.47122063449069,-163.125,13,0
15874,2,-19.47122063449069,-151.875,10,0
15875,2,-19.47122063449069,-140.625,13,0
15876,2,-19.47122063449069,-129.37500000000006,8,0
15877,2,-19.47122063449069,-118.125,14,0
15878,2,-19.47122063449069,-106.875,17,0
15879,2,-19.47122063449069,-95.625,10,0
15880,2,-19.47122063449069,-84.375,7,0
15881,2,-19.47122063449069,-73.12500000000006,9,0
15882,2,-19.47122063449069,-61.875,5,0
15883,2,-19.47122063449069,-50.625,8,0
15884,2,-19.47122063449069,-39.375,10,0
15885,2,-19.47122063449069,-28.125,12,0
15886,2,-19.47122063449069,-16.875,9,0
15887,2,-19.47122063449069,-5.625,9,0
15888,2,-24.62431835216408,0.0,19,0
15889,2,-24.62431835216408,11.25,10,0
15890,2,-24.62431835216408,22.5,12,0
15891,2,-24.62431835216408,33.75,9,0
15892,2,-24.62431835216408,45.0,15,0
15893,2,-24.62431835216408,56.25,10,0
15894,2,-24.62431835216408,67.5,16,0
15895,2,-24.62431835216408,78.75,12,0
15896,2,-24.62431835216408,90.0,8,0
15897,2,-24.62431835216408,101.25,13,0
15898,2,-24.62431835216408,112.5,8,0
15899,2,-24.62431835216408,123.75,7,0
15900,2,-24.62431835216408,135.0,17,0
15901,2,-24.62431835216408,146.25,19,0
15902,2,-24.62431835216408,157.5,8,0
15903,2,-24.62431835216408,168.75,7,0
15904,2,-24.62431835216408,-180.0,10,0
15905,2,-24.62431835216408,-168.75,17,0
15906,2,-24.62431835216408,-157.5,8,0
15907,2,-24.62431835216408,-146.25,15,0
15908,2,-24.62431835216408,-135.0,10,0
15909,2,-24.62431835216408,-123.75,6,0
15910,2,-24.62431835216408,-112.5,14,0
15911,2,-24.62431835216408,-101.25,14,0
15912,2,-24.62431835216408,-90.0,15,0
15913,2,-24.62431835216408,-78.75000000000006,5,0
15914,2,-24.62431835216408,-67.5,13,0
15915,2,-24.62431835216408,-56.25,7,0
15916,2,-24.62431835216408,-45.0,14,0
15917,2,-24.62431835216408,-33.75000000000006,7,0
15918,2,-24.62431835216408,-22.5,12,0
15919,2,-24.62431835216408,-11.25,13,0
15920,2,-30.000000000000014,5.625,10,0
15921,2,-30.000000000000014,16.875,6,0
15922,2,-30.000000000000014,28.125,13,0
15923,2,-30.000000000000014,39.375,9,0
15924,2,-30.000000000000014,50.625,10,0
15925,2,-30.000000000000014,61.875,16,0
15926,2,-30.000000000000014,73.125,15,0
15927,2,-30.000000000000014,84.375,10,0
15928,2,-30.000000000000014,95.625,9,0
15929,2,-30.000000000000014,106.875,10,0
15930,2,-30.000000000000014,118.125,9,0
15931,2,-30.000000000000014,129.375,12,0
15932,2,-30.000000000000014,140.625,11,0
15933,2,-30.000000000000014,151.875,12,0
15934,2,-30.000000000000014,163.125,6,0
15935,2,-30.000000000000014,174.375,10,0
15936,2,-30.000000000000014,-174.375,14,0
15937,2,-30.000000000000014,-163.125,8,0
15938,2,-30.000000000000014,-151.875,16,0
15939,2,-30.000000000000014,-140.625,14,0
15940,2,-30.000000000000014,-129.37500000000006,8,0
15941,2,-30.000000000000014,-118.125,11,0
15942,2,-30.000000000000014,-106.875,12,0
15943,2,-30.000000000000014,-95.625,13,0
15944,2,-30.000000000000014,-84.375,13,0
15945,2,-30.000000000000014,-73.12500000000006,10,0
15946,2,-30.000000000000014,-61.875,12,0
15947,2,-30.000000000000014,-50.625,10,0
15948,2,-30.000000000000014,-39.375,9,0
15949,2,-30.000000000000014,-28.125,6,0
15950,2,-30.000000000000014,-16.875,9,0
15951,2,-30.000000000000014,-5.625,10,0
15952,2,-35.68533471265205,0.0,11,0
15953,2,-35.68533471265205,11.25,13,0
15954,2,-35.68533471265205,22.5,10,0
15955,2,-35.68533471265205,33.75,8,0
15956,2,-35.68533471265205,45.0,16,0
15957,2,-35.68533471265205,56.25,9,0
15958,2,-35.68533471265205,67.5,17,0
15959,2,-35.68533471265205,78.75,11,0
15960,2,-35.68533471265205,90.0,5,0
15961,2,-35.68533471265205,101.25,10,0
15962,2,-35.68533471265205,112.5,13,0
15963,2,-35.68533471265205,123.75,16,0
15964,2,-35.68533471265205,135.0,16,0
15965,2,-35.68533471265205,146.25,6,0
15966,2,-35.68533471265205,157.5,12,0
15967,2,-35.68533471265205,168.75,12,0
15968,2,-35.68533471265205,-180.0,16,0
15969,2,-35.68533471265205,-168.75,12,0
15970,2,-35.68533471265205,-157.5,10,0
15971,2,-35.68533471265205,-146.25,9,0
15972,2,-35.68533471265205,-135.0,7,0
15973,2,-35.68533471265205,-123.75,10,0
15974,2,-35.68533471265205,-112.5,6,0
15975,2,-35.68533471265205,-101.25,11,0
15976,2,-35.68533471265205,-90.0,7,0
15977,2,-35.68533471265205,-78.75000000000006,9,0
15978,2,-35.68533471265205,-67.5,8,0
15979,2,-35.68533471265205,-56.25,14,0
15980,2,-35.68533471265205,-45.0,10,0
15981,2,-35.68533471265205,-33.75000000000006,10,1
15982,2,-35.68533471265205,-22.5,7,0
15983,2,-35.68533471265205,-11.25,5,0
15984,2,-41.81031489577862,5.625,10,0
15985,2,-41.81031489577862,16.875,10,0
15986,2,-41.81031489577862,28.125,11,0
15987,2,-41.81031489577862,39.375,15,0
15988,2,-41.81031489577862,50.625,15,0
15989,2,-41.81031489577862,61.875,7,0
15990,2,-41.81031489577862,73.125,8,0
15991,2,-41.81031489577862,84.375,9,0
15992,2,-41.81031489577862,95.625,9,0
15993,2,-41.81031489577862,106.875,21,0
15994,2,-41.81031489577862,118.125,17,0
15995,2,-41.81031489577862,129.375,12,0
15996,2,-41.81031489577862,140.625,8,0
15997,2,-41.81031489577862,151.875,10,0
15998,2,-41.81031489577862,163.125,9,0
15999,2,-41.81031489577862,174.375,10,0
16000,2,-41.81031489577862,-174.375,10,0
16001,2,-41.81031489577862,-163.125,15,0
16002,2,-41.81031489577862,-151.875,14,0
16003,2,-41.81031489577862,-140.625,5,0
16004,2,-41.81031489577862,-129.37500000000006,12,0
16005,2,-41.81031489577862,-118.125,15,0
16006,2,-41.81031489577862,-106.875,14,0
16007,2,-41.81031489577862,-95.625,12,0
16008,2,-41.81031489577862,-84.375,11,0
16009,2,-41.81031489577862,-73.12500000000006,6,0
16010,2,-41.81031489577862,-61.875,6,0
16011,2,-41.81031489577862,-50.625,11,0
16012,2,-41.81031489577862,-39.375,12,1
16013,2,-41.81031489577862,-28.125,15,0
16014,2,-41.81031489577862,-16.875,11,0
16015,2,-41.81031489577862,-5.625,9,0
16016,2,-48.1412077943603,6.428571428571416,13,0
16017,2,-48.1412077943603,19.285714285714278,15,0
16018,2,-48.1412077943603,32.14285714285714,11,0
16019,2,-48.1412077943603,45.0,20,0
16020,2,-48.1412077943603,57.85714285714286,9,0
16021,2,-48.1412077943603,70.71428571428572,8,0
16022,2,-48.1412077943603,83.57142857142856,12,0
16023,2,-48.1412077943603,96.42857142857144,12,0
16024,2,-48.1412077943603,109.28571428571428,16,0
16025,2,-48.1412077943603,122.14285714285711,15,0
16026,2,-48.1412077943603,135.0,13,0
16027,2,-48.1412077943603,147.8571428571429,15,0
16028,2,-48.1412077943603,160.71428571428572,7,0
16029,2,-48.1412077943603,173.57142857142856,11,0
16030,2,-48.1412077943603,-173.57142857142856,10,0
16031,2,-48.1412077943603,-160.71428571428572,7,0
16032,2,-48.1412077943603,-147.8571428571429,5,0
16033,2,-48.1412077943603,-135.0,6,0
16034,2,-48.1412077943603,-122.14285714285711,9,0
16035,2,-48.1412077943603,-109.28571428571428,11,0
16036,2,-48.1412077943603,-96.42857142857144,11,0
16037,2,-48.1412077943603,-83.57142857142856,11,0
16038,2,-48.1412077943603,-70.71428571428572,4,0
16039,2,-48.1412077943603,-57.85714285714283,5,0
16040,2,-48.1412077943603,-45.0,15,0
16041,2,-48.1412077943603,-32.14285714285717,12,0
16042,2,-48.1412077943603,-19.28571428571422,15,0
16043,2,-48.1412077943603,-6.428571428571445,14,0
16044,2,-54.340912303861245,7.5,10,0
16045,2,-54.340912303861245,22.5,11,0
16046,2,-54.340912303861245,37.5,20,0
16047,2,-54.340912303861245,52.5,13,0
16048,2,-54.340912303861245,67.5,8,0
16049,2,-54.340912303861245,82.5,17,0
16050,2,-54.340912303861245,97.5,12,0
16051,2,-54.340912303861245,112.5,8,0
16052,2,-54.340912303861245,127.5,24,0
16053,2,-54.340912303861245,142.5,13,0
16054,2,-54.340912303861245,157.5,9,0
16055,2,-54.340912303861245,172.5,12,0
16056,2,-54.340912303861245,-172.5,14,0
16057,2,-54.340912303861245,-157.5,8,0
16058,2,-54.340912303861245,-142.5,9,0
16059,2,-54.340912303861245,-127.5,8,0
16060,2,-54.340912303861245,-112.5,14,0
16061,2,-54.340912303861245,-97.5,11,0
16062,2,-54.340912303861245,-82.5,9,0
16063,2,-54.340912303861245,-67.5,11,0
16064,2,-54.340912303861245,-52.50000000000006,15,0
16065,2,-54.340912303861245,-37.5,11,0
16066,2,-54.340912303861245,-22.5,11,0
16067,2,-54.340912303861245,-7.5,12,0
16068,2,-60.4344388449523,9.0,12,0
16069,2,-60.4344388449523,27.0,11,0
16070,2,-60.4344388449523,45.0,14,0
16071,2,-60.4344388449523,63.0,9,0
16072,2,-60.4344388449523,81.0,16,0
16073,2,-60.4344388449523,99.0,9,0
16074,2,-60.4344388449523,117.0,10,0
16075,2,-60.4344388449523,135.0,16,0
16076,2,-60.4344388449523,153.0,6,0
16077,2,-60.4344388449523,171.0,8,0
16078,2,-60.4344388449523,-171.0,12,0
16079,2,-60.4344388449523,-153.0,10,0
16080,2,-60.4344388449523,-135.0,8,0
16081,2,-60.4344388449523,-117.0,11,0
16082,2,-60.4344388449523,-99.0,10,0
16083,2,-60.4344388449523,-81.0,7,0
16084,2,-60.4344388449523,-63.0,11,0
16085,2,-60.4344388449523,-45.0,14,0
16086,2,-60.4344388449523,-27.0,9,0
16087,2,-60.4344388449523,-9.0,11,0
16088,2,-66.44353569089876,11.25,17,0
16089,2,-66.44353569089876,33.75,10,0
16090,2,-66.44353569089876,56.25,17,0
16091,2,-66.44353569089876,78.75,16,0
16092,2,-66.44353569089876,101.25,12,0
16093,2,-66.44353569089876,123.75,13,0
16094,2,-66.44353569089876,146.25,9,0
16095,2,-66.44353569089876,168.75,9,0
16096,2,-66.44353569089876,-168.75,10,0
16097,2,-66.44353569089876,-146.25,10,0
16098,2,-66.44353569089876,-123.75,9,0
16099,2,-66.44353569089876,-101.25,12,0
16100,2,-66.44353569089876,-78.75,17,0
16101,2,-66.44353569089876,-56.25,15,0
16102,2,-66.44353569089876,-33.75,9,0
16103,2,-66.44353569089876,-11.25,11,0
16104,2,-72.38756092964962,15.0,12,0
16105,2,-72.38756092964962,45.0,15,0
16106,2,-72.38756092964962,75.0,15,0
16107,2,-72.38756092964962,105.0,10,0
16108,2,-72.38756092964962,135.0,12,0
16109,2,-72.38756092964962,165.0,7,0
16110,2,-72.38756092964962,-165.0,10,0
16111,2,-72.38756092964962,-135.0,9,0
16112,2,-72.38756092964962,-105.0,15,0
16113,2,-72.38756092964962,-75.0,11,0
16114,2,-72.38756092964962,-45.0,10,0
16115,2,-72.38756092964962,-15.0,8,0
16116,2,-78.28414760510762,22.5,16,0
16117,2,-78.28414760510762,67.5,8,0
16118,2,-78.28414760510762,112.5,11,0
16119,2,-78.28414760510762,157.5,8,0
16120,2,-78.28414760510762,-157.5,12,0
16121,2,-78.28414760510762,-112.5,15,0
16122,2,-78.28414760510762,-67.5,9,0
16123,2,-78.28414760510762,-22.5,13,0
16124,2,-84.14973293629666,45.0,12,0
16125,2,-84.14973293629666,135.0,8,0
16126,2,-84.14973293629666,-135.0,11,0
16127,2,-84.14973293629666,-45.0,15,0
16128,2,84.14973293629666,45.0,16,0
16129,2,84.14973293629666,135.0,9,0
16130,2,84.14973293629666,-135.0,11,0
16131,2,84.14973293629666,-45.0,12,0
16132,2,78.28414760510762,22.5,10,0
16133,2,78.28414760510762,67.5,9,0
16134,2,78.28414760510762,112.5,13,0
16135,2,78.28414760510762,157.5,11,0
16136,2,78.28414760510762,-157.5,4,0
16137,2,78.28414760510762,-112.5,18,0
16138,2,78.28414760510762,-67.5,8,0
16139,2,78.28414760510762,-22.5,16,0
16140,2,72.38756092964962,15.0,9,0
16141,2,72.38756092964962,45.0,10,0
16142,2,72.38756092964962,75.0,11,0
16143,2,72.38756092964962,105.0,9,0
16144,2,72.38756092964962,135.0,5,0
16145,2,72.38756092964962,165.0,7,0
16146,2,72.38756092964962,-165.0,3,0
16147,2,72.38756092964962,-135.0,12,0
16148,2,72.38756092964962,-105.0,15,0
16149,2,72.38756092964962,-75.0,8,0
16150,2,72.38756092964962,-45.0,14,0
16151,2,72.38756092964962,-15.0,18,0
16152,2,66.44353569089877,11.25,9,0
16153,2,66.44353569089877,33.75,14,0
16154,2,66.44353569089877,56.25,10,0
16155,2,66.44353569089877,78.75,9,0
16156,2,66.44353569089877,101.25,9,0
16157,2,66.44353569089877,123.75,8,0
16158,2,66.44353569089877,146.25,8,0
16159,2,66.44353569089877,168.75,5,0
16160,2,66.44353569089877,-168.75,10,0
16161,2,66.44353569089877,-146.25,8,0
16162,2,66.44353569089877,-123.75,7,0
16163,2,66.44353569089877,-101.25,12,0
16164,2,66.44353569089877,-78.75,12,0
16165,2,66.44353569089877,-56.25,14,0
16166,2,66.44353569089877,-33.75,11,0
16167,2,66.44353569089877,-11.25,13,0
16168,2,60.43443884495228,9.0,10,0
16169,2,60.43443884495228,27.0,15,0
16170,2,60.43443884495228,45.0,7,0
16171,2,60.43443884495228,63.0,10,0
16172,2,60.43443884495228,81.0,16,0
16173,2,60.43443884495228,99.0,9,0
16174,2,60.43443884495228,117.0,8,0
16175,2,60.43443884495228,135.0,14,0
16176,2,60.43443884495228,153.0,13,0
16177,2,60.43443884495228,171.0,9,0
16178,2,60.43443884495228,-171.0,12,0
16179,2,60.43443884495228,-153.0,10,0
16180,2,60.43443884495228,-135.0,14,0
16181,2,60.43443884495228,-117.0,7,0
16182,2,60.43443884495228,-99.0,11,0
16183,2,60.43443884495228,-81.0,13,0
16184,2,60.43443884495228,-63.0,11,0
16185,2,60.43443884495228,-45.0,10,0
16186,2,60.43443884495228,-27.0,12,0
16187,2,60.43443884495228,-9.0,13,0
16188,2,54.340912303861245,7.5,12,0
16189,2,54.340912303861245,22.5,14,0
16190,2,54.340912303861245,37.5,14,0
16191,2,54.340912303861245,52.5,10,0
16192,2,54.340912303861245,67.5,13,0
16193,2,54.340912303861245,82.5,8,0
16194,2,54.340912303861245,97.5,13,0
16195,2,54.340912303861245,112.5,6,0
16196,2,54.340912303861245,127.5,14,0
16197,2,54.340912303861245,142.5,17,0
16198,2,54.340912303861245,157.5,11,0
16199,2,54.340912303861245,172.5,8,0
16200,2,54.340912303861245,-172.5,7,0
16201,2,54.340912303861245,-157.5,9,0
16202,2,54.340912303861245,-142.5,12,0
16203,2,54.340912303861245,-127.5,16,0
16204,2,54.340912303861245,-112.5,8,0
16205,2,54.340912303861245,-97.5,10,0
16206,2,54.340912303861245,-82.5,17,0
16207,2,54.340912303861245,-67.5,10,0
16208,2,54.340912303861245,-52.50000000000006,14,0
16209,2,54.340912303861245,-37.5,6,0
16210,2,54.340912303861245,-22.5,5,0
16211,2,54.340912303861245,-7.5,13,0
16212,2,48.141207794360284,6.428571428571416,13,0
16213,2,48.141207794360284,19.285714285714278,16,0
16214,2,48.141207794360284,32.14285714285714,9,0
16215,2,48.141207794360284,45.0,11,0
16216,2,48.141207794360284,57.85714285714286,12,0
16217,2,48.141207794360284,70.71428571428572,12,0
16218,2,48.141207794360284,83.57142857142856,15,0
16219,2,48.141207794360284,96.42857142857144,18,0
16220,2,48.141207794360284,109.28571428571428,11,0
16221,2,48.141207794360284,122.14285714285711,7,0
16222,2,48.141207794360284,135.0,8,0
16223,2,48.141207794360284,147.8571428571429,15,0
16224,2,48.141207794360284,160.71428571428572,12,0
16225,2,48.141207794360284,173.57142857142856,9,0
16226,2,48.141207794360284,-173.57142857142856,10,0
16227,2,48.141207794360284,-160.71428571428572,12,0
16228,2,48.141207794360284,-147.8571428571429,11,0
16229,2,48.141207794360284,-135.0,8,0
16230,2,48.141207794360284,-122.14285714285711,17,0
16231,2,48.141207794360284,-109.28571428571428,10,0
16232,2,48.141207794360284,-96.42857142857144,11,0
16233,2,48.141207794360284,-83.57142857142856,13,0
16234,2,48.141207794360284,-70.71428571428572,9,0
16235,2,48.141207794360284,-57.85714285714283,12,0
16236,2,48.141207794360284,-45.0,17,0
16237,2,48.141207794360284,-32.14285714285717,13,0
16238,2,48.141207794360284,-19.28571428571422,13,0
16239,2,48.141207794360284,-6.428571428571445,12,0
16240,2,41.81031489577859,5.625,12,0
16241,2,41.81031489577859,16.875,16,0
16242,2,41.81031489577859,28.125,13,0
16243,2,41.81031489577859,39.375,5,0
16244,2,41.81031489577859,50.625,13,0
16245,2,41.81031489577859,61.875,12,0
16246,2,41.81031489577859,73.125,13,0
16247,2,41.81031489577859,84.375,19,0
16248,2,41.81031489577859,95.625,16,0
16249,2,41.81031489577859,106.875,12,0
16250,2,41.81031489577859,118.125,8,0
16251,2,41.81031489577859,129.375,6,0
16252,2,41.81031489577859,140.625,12,0
16253,2,41.81031489577859,151.875,9,0
16254,2,41.81031489577859,163.125,12,0
16255,2,41.81031489577859,174.375,20,0
16256,2,41.81031489577859,-174.375,4,0
16257,2,41.81031489577859,-163.125,11,0
16258,2,41.81031489577859,-151.875,14,0
16259,2,41.81031489577859,-140.625,10,0
16260,2,41.81031489577859,-129.37500000000006,6,0
16261,2,41.81031489577859,-118.125,16,0
16262,2,41.81031489577859,-106.875,11,0
16263,2,41.81031489577859,-95.625,9,0
16264,2,41.81031489577859,-84.375,17,0
16265,2,41.81031489577859,-73.12500000000006,13,0
16266,2,41.81031489577859,-61.875,10,0
16267,2,41.81031489577859,-50.625,13,0
16268,2,41.81031489577859,-39.375,14,0
16269,2,41.81031489577859,-28.125,9,0
16270,2,41.81031489577859,-16.875,10,0
16271,2,41.81031489577859,-5.625,14,0
16272,2,35.68533471265204,0.0,13,0
16273,2,35.68533471265204,11.25,15,0
16274,2,35.68533471265204,22.5,5,0
16275,2,35.68533471265204,33.75,10,0
16276,2,35.68533471265204,45.0,11,0
16277,2,35.68533471265204,56.25,12,0
16278,2,35.68533471265204,67.5,12,0
16279,2,35.68533471265204,78.75,6,0
16280,2,35.68533471265204,90.0,10,0
16281,2,35.68533471265204,101.25,10,0
16282,2,35.68533471265204,112.5,12,0
16283,2,35.68533471265204,123.75,5,0
16284,2,35.68533471265204,135.0,10,0
16285,2,35.68533471265204,146.25,10,0
16286,2,35.68533471265204,157.5,15,0
16287,2,35.68533471265204,168.75,11,0
16288,2,35.68533471265204,-180.0,11,0
16289,2,35.68533471265204,-168.75,8,0
16290,2,35.68533471265204,-157.5,16,0
16291,2,35.68533471265204,-146.25,11,0
16292,2,35.68533471265204,-135.0,6,0
16293,2,35.68533471265204,-123.75,9,0
16294,2,35.68533471265204,-112.5,12,0
16295,2,35.68533471265204,-101.25,9,0
16296,2,35.68533471265204,-90.0,10,0
16297,2,35.68533471265204,-78.75000000000006,14,0
16298,2,35.68533471265204,-67.5,7,0
16299,2,35.68533471265204,-56.25,8,0
16300,2,35.68533471265204,-45.0,16,0
16301,2,35.68533471265204,-33.75000000000006,11,0
16302,2,35.68533471265204,-22.5,9,0
16303,2,35.68533471265204,-11.25,7,0
16304,2,30.000000000000007,5.625,8,0
16305,2,30.000000000000007,16.875,8,0
16306,2,30.000000000000007,28.125,9,0
16307,2,30.000000000000007,39.375,11,0
16308,2,30.000000000000007,50.625,9,0
16309,2,30.000000000000007,61.875,9,0
16310,2,30.000000000000007,73.125,6,0
16311,2,30.000000000000007,84.375,6,0
16312,2,30.000000000000007,95.625,15,0
16313,2,30.000000000000007,106.875,17,0
16314,2,30.000000000000007,118.125,7,0
16315,2,30.000000000000007,129.375,12,0
16316,2,30.000000000000007,140.625,13,0
16317,2,30.000000000000007,151.875,14,0
16318,2,30.000000000000007,163.125,13,0
16319,2,30.000000000000007,174.375,11,0
16320,2,30.000000000000007,-174.375,8,0
16321,2,30.000000000000007,-163.125,13,0
16322,2,30.000000000000007,-151.875,16,0
16323,2,30.000000000000007,-140.625,12,0
16324,2,30.000000000000007,-129.37500000000006,12,0
16325,2,30.000000000000007,-118.125,10,0
16326,2,30.000000000000007,-106.875,11,0
16327,2,30.000000000000007,-95.625,9,0
16328,2,30.000000000000007,-84.375,14,0
16329,2,30.000000000000007,-73.12500000000006,12,0
16330,2,30.000000000000007,-61.875,6,0
16331,2,30.000000000000007,-50.625,12,0
16332,2,30.000000000000007,-39.375,10,0
16333,2,30.000000000000007,-28.125,11,0
16334,2,30.000000000000007,-16.875,9,0
16335,2,30.000000000000007,-5.625,6,0
16336,2,24.62431835216408,0.0,11,0
16337,2,24.62431835216408,11.25,12,0
16338,2,24.62431835216408,22.5,6,0
16339,2,24.62431835216408,33.75,11,0
16340,2,24.62431835216408,45.0,21,0
16341,2,24.62431835216408,56.25,9,0
16342,2,24.62431835216408,67.5,8,0
16343,2,24.62431835216408,78.75,14,0
16344,2,24.62431835216408,90.0,7,0
16345,2,24.62431835216408,101.25,15,0
16346,2,24.62431835216408,112.5,8,0
16347,2,24.62431835216408,123.75,12,0
16348,2,24.62431835216408,135.0,11,0
16349,2,24.62431835216408,146.25,11,0
16350,2,24.62431835216408,157.5,11,0
16351,2,24.62431835216408,168.75,16,0
16352,2,24.62431835216408,-180.0,10,1
16353,2,24.62431835216408,-168.75,15,0
16354,2,24.62431835216408,-157.5,11,0
16355,2,24.62431835216408,-146.25,11,0
16356,2,24.62431835216408,-135.0,11,0
16357,2,24.62431835216408,-123.75,7,0
16358,2,24.62431835216408,-112.5,15,0
16359,2,24.62431835216408,-101.25,8,0
16360,2,24.62431835216408,-90.0,16,0
16361,2,24.62431835216408,-78.75000000000006,16,0
16362,2,24.62431835216408,-67.5,11,0
16363,2,24.62431835216408,-56.25,7,0
16364,2,24.62431835216408,-45.0,15,0
16365,2,24.62431835216408,-33.75000000000006,9,0
16366,2,24.62431835216408,-22.5,11,0
16367,2,24.62431835216408,-11.25,4,0
16368,2,19.47122063449069,5.625,13,0
16369,2,19.47122063449069,16.875,12,0
16370,2,19.47122063449069,28.125,8,0
16371,2,19.47122063449069,39.375,18,0
16372,2,19.47122063449069,50.625,14,0
16373,2,19.47122063449069,61.875,8,0
16374,2,19.47122063449069,73.125,16,0
16375,2,19.47122063449069,84.375,10,0
16376,2,19.47122063449069,95.625,15,0
16377,2,19.47122063449069,106.875,5,0
16378,2,19.47122063449069,118.125,9,0
16379,2,19.47122063449069,129.375,15,0
16380,2,19.47122063449069,140.625,13,0
16381,2,19.47122063449069,151.875,10,0
16382,2,19.47122063449069,163.125,23,0
16383,2,19.47122063449069,174.375,9,0
16384,2,19.47122063449069,-174.375,12,0
16385,2,19.47122063449069,-163.125,8,0
16386,2,19.47122063449069,-151.875,9,0
16387,2,19.47122063449069,-140.625,8,0
16388,2,19.47122063449069,-129.37500000000006,11,0
16389,2,19.47122063449069,-118.125,13,0
16390,2,19.47122063449069,-106.875,8,0
16391,2,19.47122063449069,-95.625,13,0
16392,2,19.47122063449069,-84.375,14,0
16393,2,19.47122063449069,-73.12500000000006,7,0
16394,2,19.47122063449069,-61.875,10,0
16395,2,19.47122063449069,-50.625,16,0
16396,2,19.47122063449069,-39.375,11,0
16397,2,19.47122063449069,-28.125,14,0
16398,2,19.47122063449069,-16.875,9,0
16399,2,19.47122063449069,-5.625,9,0
16400,2,14.477512185929925,0.0,12,0
16401,2,14.477512185929925,11.25,13,0
16402,2,14.477512185929925,22.5,13,0
16403,2,14.477512185929925,33.75,7,0
16404,2,14.477512185929925,45.0,15,0
16405,2,14.477512185929925,56.25,10,0
16406,2,14.477512185929925,67.5,13,0
16407,2,14.477512185929925,78.75,13,0
16408,2,14.477512185929925,90.0,11,0
16409,2,14.477512185929925,101.25,12,0
16410,2,14.477512185929925,112.5,14,0
16411,2,14.477512185929925,123.75,14,0
16412,2,14.477512185929925,135.0,12,0
16413,2,14.477512185929925,146.25,13,0
16414,2,14.477512185929925,157.5,14,0
16415,2,14.477512185929925,168.75,13,0
16416,2,14.477512185929925,-180.0,11,0
16417,2,14.477512185929925,-168.75,11,0
16418,2,14.477512185929925,-157.5,13,0
16419,2,14.477512185929925,-146.25,10,0
16420,2,14.477512185929925,-135.0,11,0
16421,2,14.477512185929925,-123.75,9,0
16422,2,14.477512185929925,-112.5,12,0
16423,2,14.477512185929925,-101.25,9,0
16424,2,14.477512185929925,-90.0,10,0
16425,2,14.477512185929925,-78.75000000000006,12,0
16426,2,14.477512185929925,-67.5,13,0
16427,2,14.477512185929925,-56.25,14,0
16428,2,14.477512185929925,-45.0,9,0
16429,2,14.477512185929925,-33.75000000000006,12,0
16430,2,14.477512185929925,-22.5,10,0
16431,2,14.477512185929925,-11.25,9,0
16432,2,9.594068226860458,5.625,10,0
16433,2,9.594068226860458,16.875,12,1
16434,2,9.594068226860458,28.125,12,0
16435,2,9.594068226860458,39.375,13,0
16436,2,9.594068226860458,50.625,6,1
16437,2,9.594068226860458,61.875,11,0
16438,2,9.594068226860458,73.125,7,2
16439,2,9.594068226860458,84.375,11,0
16440,2,9.594068226860458,95.625,11,0
16441,2,9.594068226860458,106.875,20,1
16442,2,9.594068226860458,118.125,10,0
16443,2,9.594068226860458,129.375,14,0
16444,2,9.594068226860458,140.625,15,0
16445,2,9.594068226860458,151.875,12,1
16446,2,9.594068226860458,163.125,16,0
16447,2,9.594068226860458,174.375,8,0
16448,2,9.594068226860458,-174.375,15,0
16449,2,9.594068226860458,-163.125,13,0
16450,2,9.594068226860458,-151.875,14,0
16451,2,9.594068226860458,-140.625,8,0
16452,2,9.594068226860458,-129.37500000000006,13,0
16453,2,9.594068226860458,-118.125,8,0
16454,2,9.594068226860458,-106.875,15,0
16455,2,9.594068226860458,-95.625,12,0
16456,2,9.594068226860458,-84.375,11,0
16457,2,9.594068226860458,-73.12500000000006,14,1
16458,2,9.594068226860458,-61.875,11,0
16459,2,9.594068226860458,-50.625,13,0
16460,2,9.594068226860458,-39.375,12,0
16461,2,9.594068226860458,-28.125,8,1
16462,2,9.594068226860458,-16.875,5,0
16463,2,9.594068226860458,-5.625,9,0
16464,2,4.780191847199163,0.0,8,4
16465,2,4.780191847199163,11.25,6,2
16466,2,4.780191847199163,22.5,16,1
16467,2,4.780191847199163,33.75,8,3
16468,2,4.780191847199163,45.0,11,3
16469,2,4.780191847199163,56.25,11,0
16470,2,4.780191847199163,67.5,17,4
16471,2,4.780191847199163,78.75,14,1
16472,2,4.780191847199163,90.0,11,1
16473,2,4.780191847199163,101.25,18,4
16474,2,4.780191847199163,112.5,14,2
16475,2,4.780191847199163,123.75,13,1
16476,2,4.780191847199163,135.0,5,4
16477,2,4.780191847199163,146.25,13,2
16478,2,4.780191847199163,157.5,13,1
16479,2,4.780191847199163,168.75,14,1
16480,2,4.780191847199163,-180.0,7,3
16481,2,4.780191847199163,-168.75,18,3
16482,2,4.780191847199163,-157.5,10,4
16483,2,4.780191847199163,-146.25,15,2
16484,2,4.780191847199163,-135.0,15,5
16485,2,4.780191847199163,-123.75,6,3
16486,2,4.780191847199163,-112.5,20,1
16487,2,4.780191847199163,-101.25,13,3
16488,2,4.780191847199163,-90.0,15,2
16489,2,4.780191847199163,-78.75000000000006,9,2
16490,2,4.780191847199163,-67.5,17,3
16491,2,4.780191847199163,-56.25,7,2
16492,2,4.780191847199163,-45.0,15,1
16493,2,4.780191847199163,-33.75000000000006,12,4
16494,2,4.780191847199163,-22.5,8,2
16495,2,4.780191847199163,-11.25,14,3
16496,2,0.0,5.625,9,4
16497,2,0.0,16.875,11,3
16498,2,0.0,28.125,10,2
16499,2,0.0,39.375,12,3
16500,2,0.0,50.625,15,5
16501,2,0.0,61.875,19,1
16502,2,0.0,73.125,14,4
16503,2,0.0,84.375,12,1
16504,2,0.0,95.625,10,3
16505,2,0.0,106.875,14,4
16506,2,0.0,118.125,14,3
16507,2,0.0,129.375,14,2
16508,2,0.0,140.625,10,3
16509,2,0.0,151.875,10,7
16510,2,0.0,163.125,11,2
16511,2,0.0,174.375,11,3
16512,2,0.0,-174.375,14,4
16513,2,0.0,-163.125,16,5
16514,2,0.0,-151.875,18,1
16515,2,0.0,-140.625,14,8
16516,2,0.0,-129.37500000000006,11,3
16517,2,0.0,-118.125,9,2
16518,2,0.0,-106.875,14,1
16519,2,0.0,-95.625,14,3
16520,2,0.0,-84.375,13,3
16521,2,0.0,-73.12500000000006,10,3
16522,2,0.0,-61.875,12,1
16523,2,0.0,-50.625,11,5
16524,2,0.0,-39.375,9,1
16525,2,0.0,-28.125,12,5
16526,2,0.0,-16.875,12,3
16527,2,0.0,-5.625,17,5
16528,2,-4.780191847199163,0.0,12,0
16529,2,-4.780191847199163,11.25,12,3
16530,2,-4.780191847199163,22.5,8,2
16531,2,-4.780191847199163,33.75,6,2
16532,2,-4.780191847199163,45.0,11,2
16533,2,-4.780191847199163,56.25,11,2
16534,2,-4.780191847199163,67.5,6,3
16535,2,-4.780191847199163,78.75,15,0
16536,2,-4.780191847199163,90.0,6,0
16537,2,-4.780191847199163,101.25,11,3
16538,2,-4.780191847199163,112.5,9,1
16539,2,-4.780191847199163,123.75,10,1
16540,2,-4.780191847199163,135.0,8,0
16541,2,-4.780191847199163,146.25,10,1
16542,2,-4.780191847199163,157.5,9,5
16543,2,-4.780191847199163,168.75,13,0
16544,2,-4.780191847199163,-180.0,8,3
16545,2,-4.780191847199163,-168.75,19,0
16546,2,-4.780191847199163,-157.5,15,0
16547,2,-4.780191847199163,-146.25,12,0
16548,2,-4.780191847199163,-135.0,15,5
16549,2,-4.780191847199163,-123.75,11,1
16550,2,-4.780191847199163,-112.5,9,0
16551,2,-4.780191847199163,-101.25,9,0
16552,2,-4.780191847199163,-90.0,12,1
16553,2,-4.780191847199163,-78.75000000000006,10,4
16554,2,-4.780191847199163,-67.5,9,0
16555,2,-4.780191847199163,-56.25,15,3
16556,2,-4.780191847199163,-45.0,12,2
16557,2,-4.780191847199163,-33.75000000000006,12,5
16558,2,-4.780191847199163,-22.5,15,1
16559,2,-4.780191847199163,-11.25,12,3
16560,2,-9.594068226860458,5.625,12,1
16561,2,-9.594068226860458,16.875,14,1
16562,2,-9.594068226860458,28.125,7,0
16563,2,-9.594068226860458,39.375,9,0
16564,2,-9.594068226860458,50.625,5,0
16565,2,-9.594068226860458,61.875,10,0
16566,2,-9.594068226860458,73.125,9,0
16567,2,-9.594068226860458,84.375,11,0
16568,2,-9.594068226860458,95.625,6,0
16569,2,-9.594068226860458,106.875,10,1
16570,2,-9.594068226860458,118.125,12,0
16571,2,-9.594068226860458,129.375,8,0
16572,2,-9.594068226860458,140.625,10,1
16573,2,-9.594068226860458,151.875,10,0
16574,2,-9.594068226860458,163.125,14,0
16575,2,-9.594068226860458,174.375,7,0
16576,2,-9.594068226860458,-174.375,18,0
16577,2,-9.594068226860458,-163.125,16,0
16578,2,-9.594068226860458,-151.875,11,0
16579,2,-9.594068226860458,-140.625,17,0
16580,2,-9.594068226860458,-129.37500000000006,11,0
16581,2,-9.594068226860458,-118.125,8,0
16582,2,-9.594068226860458,-106.875,10,0
16583,2,-9.594068226860458,-95.625,4,0
16584,2,-9.594068226860458,-84.375,9,1
16585,2,-9.594068226860458,-73.12500000000006,13,0
16586,2,-9.594068226860458,-61.875,19,0
16587,2,-9.594068226860458,-50.625,9,0
16588,2,-9.594068226860458,-39.375,9,1
16589,2,-9.594068226860458,-28.125,12,0
16590,2,-9.594068226860458,-16.875,5,0
16591,2,-9.594068226860458,-5.625,11,0
16592,2,-14.477512185929925,0.0,11,0
16593,2,-14.477512185929925,11.25,8,1
16594,2,-14.477512185929925,22.5,7,0
16595,2,-14.477512185929925,33.75,10,0
16596,2,-14.477512185929925,45.0,7,0
16597,2,-14.477512185929925,56.25,9,0
16598,2,-14.477512185929925,67.5,4,0
16599,2,-14.477512185929925,78.75,18,0
16600,2,-14.477512185929925,90.0,12,0
16601,2,-14.477512185929925,101.25,11,0
16602,2,-14.477512185929925,112.5,11,1
16603,2,-14.477512185929925,123.75,10,0
16604,2,-14.477512185929925,135.0,14,1
16605,2,-14.477512185929925,146.25,10,0
16606,2,-14.477512185929925,157.5,14,0
16607,2,-14.477512185929925,168.75,9,0
16608,2,-14.477512185929925,-180.0,16,0
16609,2,-14.477512185929925,-168.75,13,0
16610,2,-14.477512185929925,-157.5,7,0
16611,2,-14.477512185929925,-146.25,16,0
16612,2,-14.477512185929925,-135.0,15,0
16613,2,-14.477512185929925,-123.75,7,0
16614,2,-14.477512185929925,-112.5,13,0
16615,2,-14.477512185929925,-101.25,10,0
16616,2,-14.477512185929925,-90.0,11,0
16617,2,-14.477512185929925,-78.75000000000006,6,0
16618,2,-14.477512185929925,-67.5,10,0
16619,2,-14.477512185929925,-56.25,11,0
16620,2,-14.477512185929925,-45.0,8,0
16621,2,-14.477512185929925,-33.75000000000006,11,0
16622,2,-14.477512185929925,-22.5,13,0
16623,2,-14.477512185929925,-11.25,11,0
16624,2,-19.47122063449069,5.625,12,0
16625,2,-19.47122063449069,16.875,6,0
16626,2,-19.47122063449069,28.125,7,0
16627,2,-19.47122063449069,39.375,14,0
16628,2,-19.47122063449069,50.625,11,0
16629,2,-19.47122063449069,61.875,9,0
16630,2,-19.47122063449069,73.125,8,0
16631,2,-19.47122063449069,84.375,21,0
16632,2,-19.47122063449069,95.625,7,0
16633,2,-19.47122063449069,106.875,8,0
16634,2,-19.47122063449069,118.125,6,0
16635,2,-19.47122063449069,129.375,19,0
16636,2,-19.47122063449069,140.625,17,0
16637,2,-19.47122063449069,151.875,12,0
16638,2,-19.47122063449069,163.125,15,0
16639,2,-19.47122063449069,174.375,13,0
16640,2,-19.47122063449069,-174.375,14,0
16641,2,-19.47122063449069,-163.125,13,0
16642,2,-19.47122063449069,-151.875,10,0
16643,2,-19.47122063449069,-140.625,13,0
16644,2,-19.47122063449069,-129.37500000000006,8,0
16645,2,-19.47122063449069,-118.125,14,0
16646,2,-19.47122063449069,-106.875,17,0
16647,2,-19.47122063449069,-95.625,10,0
16648,2,-19.47122063449069,-84.375,7,0
16649,2,-19.47122063449069,-73.12500000000006,9,0
16650,2,-19.47122063449069,-61.875,5,0
16651,2,-19.47122063449069,-50.625,8,0
16652,2,-19.47122063449069,-39.375,10,0
16653,2,-19.47122063449069,-28.125,12,0
16654,2,-19.47122063449069,-16.875,9,0
16655,2,-19.47122063449069,-5.625,9,0
16656,2,-24.62431835216408,0.0,19,0
16657,2,-24.62431835216408,11.25,10,0
16658,2,-24.62431835216408,22.5,12,0
16659,2,-24.62431835216408,33.75,9,0
16660,2,-24.62431835216408,45.0,15,0
16661,2,-24.62431835216408,56.25,10,0
16662,2,-24.62431835216408,67.5,16,0
16663,2,-24.62431835216408,78.75,12,0
16664,2,-24.62431835216408,90.0,8,0
16665,2,-24.62431835216408,101.25,13,0
16666,2,-24.62431835216408,112.5,8,0
16667,2,-24.62431835216408,123.75,7,0
16668,2,-24.62431835216408,135.0,17,0
16669,2,-24.62431835216408,146.25,19,0
16670,2,-24.62431835216408,157.5,8,0
16671,2,-24.62431835216408,168.75,7,0
16672,2,-24.62431835216408,-180.0,10,0
16673,2,-24.62431835216408,-168.75,17,0
16674,2,-24.62431835216408,-157.5,8,0
16675,2,-24.62431835216408,-146.25,15,0
16676,2,-24.62431835216408,-135.0,10,0
16677,2,-24.62431835216408,-123.75,6,0
16678,2,-24.62431835216408,-112.5,14,0
16679,2,-24.62431835216408,-101.25,14,0
16680,2,-24.62431835216408,-90.0,15,0
16681,2,-24.62431835216408,-78.75000000000006,5,0
16682,2,-24.62431835216408,-67.5,13,0
16683,2,-24.62431835216408,-56.25,7,0
16684,2,-24.62431835216408,-45.0,14,0
16685,2,-24.62431835216408,-33.75000000000006,7,0
16686,2,-24.62431835216408,-22.5,12,0
16687,2,-24.62431835216408,-11.25,13,0
16688,2,-30.000000000000014,5.625,10,0
16689,2,-30.000000000000014,16.875,6,0
16690,2,-30.000000000000014,28.125,13,0
16691,2,-30.000000000000014,39.375,9,0
16692,2,-30.000000000000014,50.625,10,0
16693,2,-30.000000000000014,61.875,16,0
16694,2,-30.000000000000014,73.125,15,0
16695,2,-30.000000000000014,84.375,10,0
16696,2,-30.000000000000014,95.625,9,0
16697,2,-30.000000000000014,106.875,10,0
16698,2,-30.000000000000014,118.125,9,0
16699,2,-30.000000000000014,129.375,12,0
16700,2,-30.000000000000014,140.625,11,0
16701,2,-30.000000000000014,151.875,12,0
16702,2,-30.000000000000014,163.125,6,0
16703,2,-30.000000000000014,174.375,10,0
16704,2,-30.000000000000014,-174.375,14,0
16705,2,-30.000000000000014,-163.125,8,0
16706,2,-30.000000000000014,-151.875,16,0
16707,2,-30.000000000000014,-140.625,14,0
16708,2,-30.000000000000014,-129.37500000000006,8,0
16709,2,-30.000000000000014,-118.125,11,0
16710,2,-30.000000000000014,-106.875,12,0
16711,2,-30.000000000000014,-95.625,13,0
16712,2,-30.000000000000014,-84.375,13,0
16713,2,-30.000000000000014,-73.12500000000006,10,0
16714,2,-30.000000000000014,-61.875,12,0
16715,2,-30.000000000000014,-50.625,10,0
16716,2,-30.000000000000014,-39.375,9,0
16717,2,-30.000000000000014,-28.125,6,0
16718,2,-30.000000000000014,-16.875,9,0
16719,2,-30.000000000000014,-5.625,10,0
16720,2,-35.68533471265205,0.0,11,0
16721,2,-35.68533471265205,11.25,13,0
16722,2,-35.68533471265205,22.5,10,0
16723,2,-35.68533471265205,33.75,8,0
16724,2,-35.68533471265205,45.0,16,0
16725,2,-35.68533471265205,56.25,9,0
16726,2,-35.68533471265205,67.5,17,0
16727,2,-35.68533471265205,78.75,11,0
16728,2,-35.68533471265205,90.0,5,0
16729,2,-35.68533471265205,101.25,10,0
16730,2,-35.68533471265205,112.5,13,0
16731,2,-35.68533471265205,123.75,16,0
16732,2,-35.68533471265205,135.0,16,0
16733,2,-35.68533471265205,146.25,6,0
16734,2,-35.68533471265205,157.5,12,0
16735,2,-35.68533471265205,168.75,12,0
16736,2,-35.68533471265205,-180.0,16,0
16737,2,-35.68533471265205,-168.75,12,0
16738,2,-35.68533471265205,-157.5,10,0
16739,2,-35.68533471265205,-146.25,9,0
16740,2,-35.68533471265205,-135.0,7,0
16741,2,-35.68533471265205,-123.75,10,0
16742,2,-35.68533471265205,-112.5,6,0
16743,2,-35.68533471265205,-101.25,11,0
16744,2,-35.68533471265205,-90.0,7,0
16745,2,-35.68533471265205,-78.75000000000006,9,0
16746,2,-35.68533471265205,-67.5,8,0
16747,2,-35.68533471265205,-56.25,14,0
16748,2,-35.68533471265205,-45.0,10,0
16749,2,-35.68533471265205,-33.75000000000006,10,1
16750,2,-35.68533471265205,-22.5,7,0
16751,2,-35.68533471265205,-11.25,5,0
16752,2,-41.81031489577862,5.625,10,0
16753,2,-41.81031489577862,16.875,10,0
16754,2,-41.81031489577862,28.125,11,0
16755,2,-41.81031489577862,39.375,15,0
16756,2,-41.81031489577862,50.625,15,0
16757,2,-41.81031489577862,61.875,7,0
16758,2,-41.81031489577862,73.125,8,0
16759,2,-41.81031489577862,84.375,9,0
16760,2,-41.81031489577862,95.625,9,0
16761,2,-41.81031489577862,106.875,21,0
16762,2,-41.81031489577862,118.125,17,0
16763,2,-41.81031489577862,129.375,12,0
16764,2,-41.81031489577862,140.625,8,0
16765,2,-41.81031489577862,151.875,10,0
16766,2,-41.81031489577862,163.125,9,0
16767,2,-41.81031489577862,174.375,10,0
16768,2,-41.81031489577862,-174.375,10,0
16769,2,-41.81031489577862,-163.125,15,0
16770,2,-41.81031489577862,-151.875,14,0
16771,2,-41.81031489577862,-140.625,5,0
16772,2,-41.81031489577862,-129.37500000000006,12,0
16773,2,-41.81031489577862,-118.125,15,0
16774,2,-41.81031489577862,-106.875,14,0
16775,2,-41.81031489577862,-95.625,12,0
16776,2,-41.81031489577862,-84.375,11,0
16777,2,-41.81031489577862,-73.12500000000006,6,0
16778,2,-41.81031489577862,-61.875,6,0
16779,2,-41.81031489577862,-50.625,11,0
16780,2,-41.81031489577862,-39.375,12,1
16781,2,-41.81031489577862,-28.125,15,0
16782,2,-41.81031489577862,-16.875,11,0
16783,2,-41.81031489577862,-5.625,9,0
16784,2,-48.1412077943603,6.428571428571416,13,0
16785,2,-48.1412077943603,19.285714285714278,15,0
16786,2,-48.1412077943603,32.14285714285714,11,0
16787,2,-48.1412077943603,45.0,20,0
16788,2,-48.1412077943603,57.85714285714286,9,0
16789,2,-48.1412077943603,70.71428571428572,8,0
16790,2,-48.1412077943603,83.57142857142856,12,0
16791,2,-48.1412077943603,96.42857142857144,12,0
16792,2,-48.1412077943603,109.28571428571428,16,0
16793,2,-48.1412077943603,122.14285714285711,15,0
16794,2,-48.1412077943603,135.0,13,0
16795,2,-48.1412077943603,147.8571428571429,15,0
16796,2,-48.1412077943603,160.71428571428572,7,0
16797,2,-48.1412077943603,173.57142857142856,11,0
16798,2,-48.1412077943603,-173.57142857142856,10,0
16799,2,-48.1412077943603,-160.71428571428572,7,0
16800,2,-48.1412077943603,-147.8571428571429,5,0
16801,2,-48.1412077943603,-135.0,6,0
16802,2,-48.1412077943603,-122.14285714285711,9,0
16803,2,-48.1412077943603,-109.28571428571428,11,0
16804,2,-48.1412077943603,-96.42857142857144,11,0
16805,2,-48.1412077943603,-83.57142857142856,11,0
16806,2,-48.1412077943603,-70.71428571428572,4,0
16807,2,-48.1412077943603,-57.85714285714283,5,0
16808,2,-48.1412077943603,-45.0,15,0
16809,2,-48.1412077943603,-32.14285714285717,12,0
16810,2,-48.1412077943603,-19.28571428571422,15,0
16811,2,-48.1412077943603,-6.428571428571445,14,0
16812,2,-54.340912303861245,7.5,10,0
16813,2,-54.340912303861245,22.5,11,0
16814,2,-54.340912303861245,37.5,20,0
16815,2,-54.340912303861245,52.5,13,0
16816,2,-54.340912303861245,67.5,8,0
16817,2,-54.340912303861245,82.5,17,0
16818,2,-54.340912303861245,97.5,12,0
16819,2,-54.340912303861245,112.5,8,0
16820,2,-54.340912303861245,127.5,24,0
16821,2,-54.340912303861245,142.5,13,0
16822,2,-54.340912303861245,157.5,9,0
16823,2,-54.340912303861245,172.5,12,0
16824,2,-54.340912303861245,-172.5,14,0
16825,2,-54.340912303861245,-157.5,8,0
16826,2,-54.340912303861245,-142.5,9,0
16827,2,-54.340912303861245,-127.5,8,0
16828,2,-54.340912303861245,-112.5,14,0
16829,2,-54.340912303861245,-97.5,11,0
16830,2,-54.340912303861245,-82.5,9,0
16831,2,-54.340912303861245,-67.5,11,0
16832,2,-54.340912303861245,-52.50000000000006,15,0
16833,2,-54.340912303861245,-37.5,11,0
16834,2,-54.340912303861245,-22.5,11,0
16835,2,-54.340912303861245,-7.5,12,0
16836,2,-60.4344388449523,9.0,12,0
16837,2,-60.4344388449523,27.0,11,0
16838,2,-60.4344388449523,45.0,14,0
16839,2,-60.4344388449523,63.0,9,0
16840,2,-60.4344388449523,81.0,16,0
16841,2,-60.4344388449523,99.0,9,0
16842,2,-60.4344388449523,117.0,10,0
16843,2,-60.4344388449523,135.0,16,0
16844,2,-60.4344388449523,153.0,6,0
16845,2,-60.4344388449523,171.0,8,0
16846,2,-60.4344388449523,-171.0,12,0
16847,2,-60.4344388449523,-153.0,10,0
16848,2,-60.4344388449523,-135.0,8,0
16849,2,-60.4344388449523,-117.0,11,0
16850,2,-60.4344388449523,-99.0,10,0
16851,2,-60.4344388449523,-81.0,7,0
16852,2,-60.4344388449523,-63.0,11,0
16853,2,-60.4344388449523,-45.0,14,0
16854,2,-60.4344388449523,-27.0,9,0
16855,2,-60.4344388449523,-9.0,11,0
16856,2,-66.44353569089876,11.25,17,0
16857,2,-66.44353569089876,33.75,10,0
16858,2,-66.44353569089876,56.25,17,0
16859,2,-66.44353569089876,78.75,16,0
16860,2,-66.44353569089876,101.25,12,0
16861,2,-66.44353569089876,123.75,13,0
16862,2,-66.44353569089876,146.25,9,0
16863,2,-66.44353569089876,168.75,9,0
16864,2,-66.44353569089876,-168.75,10,0
16865,2,-66.44353569089876,-146.25,10,0
16866,2,-66.44353569089876,-123.75,9,0
16867,2,-66.44353569089876,-101.25,12,0
16868,2,-66.44353569089876,-78.75,17,0
16869,2,-66.44353569089876,-56.25,15,0
16870,2,-66.44353569089876,-33.75,9,0
16871,2,-66.44353569089876,-11.25,11,0
16872,2,-72.38756092964962,15.0,12,0
16873,2,-72.38756092964962,45.0,15,0
16874,2,-72.38756092964962,75.0,15,0
16875,2,-72.38756092964962,105.0,10,0
16876,2,-72.38756092964962,135.0,12,0
16877,2,-72.38756092964962,165.0,7,0
16878,2,-72.38756092964962,-165.0,10,0
16879,2,-72.38756092964962,-135.0,9,0
16880,2,-72.38756092964962,-105.0,15,0
16881,2,-72.38756092964962,-75.0,11,0
16882,2,-72.38756092964962,-45.0,10,0
16883,2,-72.38756092964962,-15.0,8,0
16884,2,-78.28414760510762,22.5,16,0
16885,2,-78.28414760510762,67.5,8,0
16886,2,-78.28414760510762,112.5,11,0
16887,2,-78.28414760510762,157.5,8,0
16888,2,-78.28414760510762,-157.5,12,0
16889,2,-78.28414760510762,-112.5,15,0
16890,2,-78.28414760510762,-67.5,9,0
16891,2,-78.28414760510762,-22.5,13,0
16892,2,-84.14973293629666,45.0,12,0
16893,2,-84.14973293629666,135.0,8,0
16894,2,-84.14973293629666,-135.0,11,0
16895,2,-84.14973293629666,-45.0,15,0
16896,2,84.14973293629666,45.0,16,0
16897,2,84.14973293629666,135.0,9,0
16898,2,84.14973293629666,-135.0,11,0
16899,2,84.14973293629666,-45.0,12,0
16900,2,78.28414760510762,22.5,10,0
16901,2,78.28414760510762,67.5,9,0
16902,2,78.28414760510762,112.5,13,0
16903,2,78.28414760510762,157.5,11,0
16904,2,78.28414760510762,-157.5,4,0
16905,2,78.28414760510762,-112.5,18,0
16906,2,78.28414760510762,-67.5,8,0
16907,2,78.28414760510762,-22.5,16,0
16908,2,72.38756092964962,15.0,9,0
16909,2,72.38756092964962,45.0,10,0
16910,2,72.38756092964962,75.0,11,0
16911,2,72.38756092964962,105.0,9,0
16912,2,72.38756092964962,135.0,5,0
16913,2,72.38756092964962,165.0,7,0
16914,2,72.38756092964962,-165.0,3,0
16915,2,72.38756092964962,-135.0,12,0
16916,2,72.38756092964962,-105.0,15,0
16917,2,72.38756092964962,-75.0,8,0
16918,2,72.38756092964962,-45.0,14,0
16919,2,72.38756092964962,-15.0,18,0
16920,2,66.44353569089877,11.25,9,0
16921,2,66.44353569089877,33.75,14,0
16922,2,66.44353569089877,56.25,10,0
16923,2,66.44353569089877,78.75,9,0
16924,2,66.44353569089877,101.25,9,0
16925,2,66.44353569089877,123.75,8,0
16926,2,66.44353569089877,146.25,8,0
16927,2,66.44353569089877,168.75,5,0
16928,2,66.44353569089877,-168.75,10,0
16929,2,66.44353569089877,-146.25,8,0
16930,2,66.44353569089877,-123.75,7,0
16931,2,66.44353569089877,-101.25,12,0
16932,2,66.44353569089877,-78.75,12,0
16933,2,66.44353569089877,-56.25,14,0
16934,2,66.44353569089877,-33.75,11,0
16935,2,66.44353569089877,-11.25,13,0
16936,2,60.43443884495228,9.0,10,0
16937,2,60.43443884495228,27.0,15,0
16938,2,60.43443884495228,45.0,7,0
16939,2,60.43443884495228,63.0,10,0
16940,2,60.43443884495228,81.0,16,0
16941,2,60.43443884495228,99.0,9,0
16942,2,60.43443884495228,117.0,8,0
16943,2,60.43443884495228,135.0,14,0
16944,2,60.43443884495228,153.0,13,0
16945,2,60.43443884495228,171.0,9,0
16946,2,60.43443884495228,-171.0,12,0
16947,2,60.43443884495228,-153.0,10,0
16948,2,60.43443884495228,-135.0,14,0
16949,2,60.43443884495228,-117.0,7,0
16950,2,60.43443884495228,-99.0,11,0
16951,2,60.43443884495228,-81.0,13,0
16952,2,60.43443884495228,-63.0,11,0
16953,2,60.43443884495228,-45.0,10,0
16954,2,60.43443884495228,-27.0,12,0
16955,2,60.43443884495228,-9.0,13,0
16956,2,54.340912303861245,7.5,12,0
16957,2,54.340912303861245,22.5,14,0
16958,2,54.340912303861245,37.5,14,0
16959,2,54.340912303861245,52.5,10,0
16960,2,54.340912303861245,67.5,13,0
16961,2,54.340912303861245,82.5,8,0
16962,2,54.340912303861245,97.5,13,0
16963,2,54.340912303861245,112.5,6,0
16964,2,54.340912303861245,127.5,14,0
16965,2,54.340912303861245,142.5,17,0
16966,2,54.340912303861245,157.5,11,0
16967,2,54.340912303861245,172.5,8,0
16968,2,54.340912303861245,-172.5,7,0
16969,2,54.340912303861245,-157.5,9,0
16970,2,54.340912303861245,-142.5,12,0
16971,2,54.340912303861245,-127.5,16,0
16972,2,54.340912303861245,-112.5,8,0
16973,2,54.340912303861245,-97.5,10,0
16974,2,54.340912303861245,-82.5,17,0
16975,2,54.340912303861245,-67.5,10,0
16976,2,54.340912303861245,-52.50000000000006,14,0
16977,2,54.340912303861245,-37.5,6,0
16978,2,54.340912303861245,-22.5,5,0
16979,2,54.340912303861245,-7.5,13,0
16980,2,48.141207794360284,6.428571428571416,13,0
16981,2,48.141207794360284,19.285714285714278,16,0
16982,2,48.141207794360284,32.14285714285714,9,0
16983,2,48.141207794360284,45.0,11,0
16984,2,48.141207794360284,57.85714285714286,12,0
16985,2,48.141207794360284,70.71428571428572,12,0
16986,2,48.141207794360284,83.57142857142856,15,0
16987,2,48.141207794360284,96.42857142857144,18,0
16988,2,48.141207794360284,109.28571428571428,11,0
16989,2,48.141207794360284,122.14285714285711,7,0
16990,2,48.141207794360284,135.0,8,0
16991,2,48.141207794360284,147.8571428571429,15,0
16992,2,48.141207794360284,160.71428571428572,12,0
16993,2,48.141207794360284,173.57142857142856,9,0
16994,2,48.141207794360284,-173.57142857142856,10,0
16995,2,48.141207794360284,-160.71428571428572,12,0
16996,2,48.141207794360284,-147.8571428571429,11,0
16997,2,48.141207794360284,-135.0,8,0
16998,2,48.141207794360284,-122.14285714285711,17,0
16999,2,48.141207794360284,-109.28571428571428,10,0
17000,2,48.141207794360284,-96.42857142857144,11,0
17001,2,48.141207794360284,-83.57142857142856,13,0
17002,2,48.141207794360284,-70.71428571428572,9,0
17003,2,48.141207794360284,-57.85714285714283,12,0
17004,2,48.141207794360284,-45.0,17,0
17005,2,48.141207794360284,-32.14285714285717,13,0
17006,2,48.141207794360284,-19.28571428571422,13,0
17007,2,48.141207794360284,-6.428571428571445,12,0
17008,2,41.81031489577859,5.625,12,0
17009,2,41.81031489577859,16.875,16,0
17010,2,41.81031489577859,28.125,13,0
17011,2,41.81031489577859,39.375,5,0
17012,2,41.81031489577859,50.625,13,0
17013,2,41.81031489577859,61.875,12,0
17014,2,41.81031489577859,73.125,13,0
17015,2,41.81031489577859,84.375,19,0
17016,2,41.81031489577859,95.625,16,0
17017,2,41.81031489577859,106.875,12,0
17018,2,41.81031489577859,118.125,8,0
17019,2,41.81031489577859,129.375,6,0
17020,2,41.81031489577859,140.625,12,0
17021,2,41.81031489577859,151.875,9,0
17022,2,41.81031489577859,163.125,12,0
17023,2,41.81031489577859,174.375,20,0
17024,2,41.81031489577859,-174.375,4,0
17025,2,41.81031489577859,-163.125,11,0
17026,2,41.81031489577859,-151.875,14,0
17027,2,41.81031489577859,-140.625,10,0
17028,2,41.81031489577859,-129.37500000000006,6,0
17029,2,41.81031489577859,-118.125,16,0
17030,2,41.81031489577859,-106.875,11,0
17031,2,41.81031489577859,-95.625,9,0
17032,2,41.81031489577859,-84.375,17,0
17033,2,41.81031489577859,-73.12500000000006,13,0
17034,2,41.81031489577859,-61.875,10,0
17035,2,41.81031489577859,-50.625,13,0
17036,2,41.81031489577859,-39.375,14,0
17037,2,41.81031489577859,-28.125,9,0
17038,2,41.81031489577859,-16.875,10,0
17039,2,41.81031489577859,-5.625,14,0
17040,2,35.68533471265204,0.0,13,0
17041,2,35.68533471265204,11.25,15,0
17042,2,35.68533471265204,22.5,5,0
17043,2,35.68533471265204,33.75,10,0
17044,2,35.68533471265204,45.0,11,0
17045,2,35.68533471265204,56.25,12,0
17046,2,35.68533471265204,67.5,12,0
17047,2,35.68533471265204,78.75,6,0
17048,2,35.68533471265204,90.0,10,0
17049,2,35.68533471265204,101.25,10,0
17050,2,35.68533471265204,112.5,12,0
17051,2,35.68533471265204,123.75,5,0
17052,2,35.68533471265204,135.0,10,0
17053,2,35.68533471265204,146.25,10,0
17054,2,35.68533471265204,157.5,15,0
17055,2,35.68533471265204,168.75,11,0
17056,2,35.68533471265204,-180.0,11,0
17057,2,35.68533471265204,-168.75,8,0
17058,2,35.68533471265204,-157.5,16,0
17059,2,35.68533471265204,-146.25,11,0
17060,2,35.68533471265204,-135.0,6,0
17061,2,35.68533471265204,-123.75,9,0
17062,2,35.68533471265204,-112.5,12,0
17063,2,35.68533471265204,-101.25,9,0
17064,2,35.68533471265204,-90.0,10,0
17065,2,35.68533471265204,-78.75000000000006,14,0
17066,2,35.68533471265204,-67.5,7,0
17067,2,35.68533471265204,-56.25,8,0
17068,2,35.68533471265204,-45.0,16,0
17069,2,35.68533471265204,-33.75000000000006,11,0
17070,2,35.68533471265204,-22.5,9,0
17071,2,35.68533471265204,-11.25,7,0
17072,2,30.000000000000007,5.625,8,0
17073,2,30.000000000000007,16.875,8,0
17074,2,30.000000000000007,28.125,9,0
17075,2,30.000000000000007,39.375,11,0
17076,2,30.000000000000007,50.625,9,0
17077,2,30.000000000000007,61.875,9,0
17078,2,30.000000000000007,73.125,6,0
17079,2,30.000000000000007,84.375,6,0
17080,2,30.000000000000007,95.625,15,0
17081,2,30.000000000000007,106.875,17,0
17082,2,30.000000000000007,118.125,7,0
17083,2,30.000000000000007,129.375,12,0
17084,2,30.000000000000007,140.625,13,0
17085,2,30.000000000000007,151.875,14,0
17086,2,30.000000000000007,163.125,13,0
17087,2,30.000000000000007,174.375,11,0
17088,2,30.000000000000007,-174.375,8,0
17089,2,30.000000000000007,-163.125,13,0
17090,2,30.000000000000007,-151.875,16,0
17091,2,30.000000000000007,-140.625,12,0
17092,2,30.000000000000007,-129.37500000000006,12,0
17093,2,30.000000000000007,-118.125,10,0
17094,2,30.000000000000007,-106.875,11,0
17095,2,30.000000000000007,-95.625,9,0
17096,2,30.000000000000007,-84.375,14,0
17097,2,30.000000000000007,-73.12500000000006,12,0
17098,2,30.000000000000007,-61.875,6,0
17099,2,30.000000000000007,-50.625,12,0
17100,2,30.000000000000007,-39.375,10,0
17101,2,30.000000000000007,-28.125,11,0
17102,2,30.000000000000007,-16.875,9,0
17103,2,30.000000000000007,-5.625,6,0
17104,2,24.62431835216408,0.0,11,0
17105,2,24.62431835216408,11.25,12,0
17106,2,24.62431835216408,22.5,6,0
17107,2,24.62431835216408,33.75,11,0
17108,2,24.62431835216408,45.0,21,0
17109,2,24.62431835216408,56.25,9,0
17110,2,24.62431835216408,67.5,8,0
17111,2,24.62431835216408,78.75,14,0
17112,2,24.62431835216408,90.0,7,0
17113,2,24.62431835216408,101.25,15,0
17114,2,24.62431835216408,112.5,8,0
17115,2,24.62431835216408,123.75,12,0
17116,2,24.62431835216408,135.0,11,0
17117,2,24.62431835216408,146.25,11,0
17118,2,24.62431835216408,157.5,11,0
17119,2,24.62431835216408,168.75,16,0
17120,2,24.62431835216408,-180.0,10,1
17121,2,24.62431835216408,-168.75,15,0
17122,2,24.62431835216408,-157.5,11,0
17123,2,24.62431835216408,-146.25,11,0
17124,2,24.62431835216408,-135.0,11,0
17125,2,24.62431835216408,-123.75,7,0
17126,2,24.62431835216408,-112.5,15,0
17127,2,24.62431835216408,-101.25,8,0
17128,2,24.62431835216408,-90.0,16,0
17129,2,24.62431835216408,-78.75000000000006,16,0
17130,2,24.62431835216408,-67.5,11,0
17131,2,24.62431835216408,-56.25,7,0
17132,2,24.62431835216408,-45.0,15,0
17133,2,24.62431835216408,-33.75000000000006,9,0
17134,2,24.62431835216408,-22.5,11,0
17135,2,24.62431835216408,-11.25,4,0
17136,2,19.47122063449069,5.625,13,0
17137,2,19.47122063449069,16.875,12,0
17138,2,19.47122063449069,28.125,8,0
17139,2,19.47122063449069,39.375,18,0
17140,2,19.47122063449069,50.625,14,0
17141,2,19.47122063449069,61.875,8,0
17142,2,19.47122063449069,73.125,16,0
17143,2,19.47122063449069,84.375,10,0
17144,2,19.47122063449069,95.625,15,0
17145,2,19.47122063449069,106.875,5,0
17146,2,19.47122063449069,118.125,9,0
17147,2,19.47122063449069,129.375,15,0
17148,2,19.47122063449069,140.625,13,0
17149,2,19.47122063449069,151.875,10,0
17150,2,19.47122063449069,163.125,23,0
17151,2,19.47122063449069,174.375,9,0
17152,2,19.47122063449069,-174.375,12,0
17153,2,19.47122063449069,-163.125,8,0
17154,2,19.47122063449069,-151.875,9,0
17155,2,19.47122063449069,-140.625,8,0
17156,2,19.47122063449069,-129.37500000000006,11,0
17157,2,19.47122063449069,-118.125,13,0
17158,2,19.47122063449069,-106.875,8,0
17159,2,19.47122063449069,-95.625,13,0
17160,2,19.47122063449069,-84.375,14,0
17161,2,19.47122063449069,-73.12500000000006,7,0
17162,2,19.47122063449069,-61.875,10,0
17163,2,19.47122063449069,-50.625,16,0
17164,2,19.47122063449069,-39.375,11,0
17165,2,19.47122063449069,-28.125,14,0
17166,2,19.47122063449069,-16.875,9,0
17167,2,19.47122063449069,-5.625,9,0
17168,2,14.477512185929925,0.0,12,0
17169,2,14.477512185929925,11.25,13,0
17170,2,14.477512185929925,22.5,13,0
17171,2,14.477512185929925,33.75,7,0
17172,2,14.477512185929925,45.0,15,0
17173,2,14.477512185929925,56.25,10,0
17174,2,14.477512185929925,67.5,13,0
17175,2,14.477512185929925,78.75,13,0
17176,2,14.477512185929925,90.0,11,0
17177,2,14.477512185929925,101.25,12,0
17178,2,14.477512185929925,112.5,14,0
17179,2,14.477512185929925,123.75,14,0
17180,2,14.477512185929925,135.0,12,0
17181,2,14.477512185929925,146.25,13,0
17182,2,14.477512185929925,157.5,14,0
17183,2,14.477512185929925,168.75,13,0
17184,2,14.477512185929925,-180.0,11,0
17185,2,14.477512185929925,-168.75,11,0
17186,2,14.477512185929925,-157.5,13,0
17187,2,14.477512185929925,-146.25,10,0
17188,2,14.477512185929925,-135.0,11,0
17189,2,14.477512185929925,-123.75,9,0
17190,2,14.477512185929925,-112.5,12,0
17191,2,14.477512185929925,-101.25,9,0
17192,2,14.477512185929925,-90.0,10,0
17193,2,14.477512185929925,-78.75000000000006,12,0
17194,2,14.477512185929925,-67.5,13,0
17195,2,14.477512185929925,-56.25,14,0
17196,2,14.477512185929925,-45.0,9,0
17197,2,14.477512185929925,-33.75000000000006,12,0
17198,2,14.477512185929925,-22.5,10,0
17199,2,14.477512185929925,-11.25,9,0
17200,2,9.594068226860458,5.625,10,0
17201,2,9.594068226860458,16.875,12,1
17202,2,9.594068226860458,28.125,12,0
17203,2,9.594068226860458,39.375,13,0
17204,2,9.594068226860458,50.625,6,1
17205,2,9.594068226860458,61.875,11,0
17206,2,9.594068226860458,73.125,7,2
17207,2,9.594068226860458,84.375,11,0
17208,2,9.594068226860458,95.625,11,0
17209,2,9.594068226860458,106.875,20,1
17210,2,9.594068226860458,118.125,10,0
17211,2,9.594068226860458,129.375,14,0
17212,2,9.594068226860458,140.625,15,0
17213,2,9.594068226860458,151.875,12,1
17214,2,9.594068226860458,163.125,16,0
17215,2,9.594068226860458,174.375,8,0
17216,2,9.594068226860458,-174.375,15,0
17217,2,9.594068226860458,-163.125,13,0
17218,2,9.594068226860458,-151.875,14,0
17219,2,9.594068226860458,-140.625,8,0
17220,2,9.594068226860458,-129.37500000000006,13,0
17221,2,9.594068226860458,-118.125,8,0
17222,2,9.594068226860458,-106.875,15,0
17223,2,9.594068226860458,-95.625,12,0
17224,2,9.594068226860458,-84.375,11,0
17225,2,9.594068226860458,-73.12500000000006,14,1
17226,2,9.594068226860458,-61.875,11,0
17227,2,9.594068226860458,-50.625,13,0
17228,2,9.594068226860458,-39.375,12,0
17229,2,9.594068226860458,-28.125,8,1
17230,2,9.594068226860458,-16.875,5,0
17231,2,9.594068226860458,-5.625,9,0
17232,2,4.780191847199163,0.0,8,4
17233,2,4.780191847199163,11.25,6,2
17234,2,4.780191847199163,22.5,16,1
17235,2,4.780191847199163,33.75,8,3
17236,2,4.780191847199163,45.0,11,3
17237,2,4.780191847199163,56.25,11,0
17238,2,4.780191847199163,67.5,17,4
17239,2,4.780191847199163,78.75,14,1
17240,2,4.780191847199163,90.0,11,1
17241,2,4.780191847199163,101.25,18,4
17242,2,4.780191847199163,112.5,14,2
17243,2,4.780191847199163,123.75,13,1
17244,2,4.780191847199163,135.0,5,4
17245,2,4.780191847199163,146.25,13,2
17246,2,4.780191847199163,157.5,13,1
17247,2,4.780191847199163,168.75,14,1
17248,2,4.780191847199163,-180.0,7,3
17249,2,4.780191847199163,-168.75,18,3
17250,2,4.780191847199163,-157.5,10,4
17251,2,4.780191847199163,-146.25,15,2
17252,2,4.780191847199163,-135.0,15,5
17253,2,4.780191847199163,-123.75,6,3
17254,2,4.780191847199163,-112.5,20,1
17255,2,4.780191847199163,-101.25,13,3
17256,2,4.780191847199163,-90.0,15,2
17257,2,4.780191847199163,-78.75000000000006,9,2
17258,2,4.780191847199163,-67.5,17,3
17259,2,4.780191847199163,-56.25,7,2
17260,2,4.780191847199163,-45.0,15,1
17261,2,4.780191847199163,-33.75000000000006,12,4
17262,2,4.780191847199163,-22.5,8,2
17263,2,4.780191847199163,-11.25,14,3
17264,2,0.0,5.625,9,4
17265,2,0.0,16.875,11,3
17266,2,0.0,28.125,10,2
17267,2,0.0,39.375,12,3
17268,2,0.0,50.625,15,5
17269,2,0.0,61.875,19,1
17270,2,0.0,73.125,14,4
17271,2,0.0,84.375,12,1
17272,2,0.0,95.625,10,3
17273,2,0.0,106.875,14,4
17274,2,0.0,118.125,14,3
17275,2,0.0,129.375,14,2
17276,2,0.0,140.625,10,3
17277,2,0.0,151.875,10,7
17278,2,0.0,163.125,11,2
17279,2,0.0,174.375,11,3
17280,2,0.0,-174.375,14,4
17281,2,0.0,-163.125,16,5
17282,2,0.0,-151.875,18,1
17283,2,0.0,-140.625,14,8
17284,2,0.0,-129.37500000000006,11,3
17285,2,0.0,-118.125,9,2
17286,2,0.0,-106.875,14,1
17287,2,0.0,-95.625,14,3
17288,2,0.0,-84.375,13,3
17289,2,0.0,-73.12500000000006,10,3
17290,2,0.0,-61.875,12,1
17291,2,0.0,-50.625,11,5
17292,2,0.0,-39.375,9,1
17293,2,0.0,-28.125,12,5
17294,2,0.0,-16.875,12,3
17295,2,0.0,-5.625,17,5
17296,2,-4.780191847199163,0.0,12,0
17297,2,-4.780191847199163,11.25,12,3
17298,2,-4.780191847199163,22.5,8,2
17299,2,-4.780191847199163,33.75,6,2
17300,2,-4.780191847199163,45.0,11,2
17301,2,-4.780191847199163,56.25,11,2
17302,2,-4.780191847199163,67.5,6,3
17303,2,-4.780191847199163,78.75,15,0
17304,2,-4.780191847199163,90.0,6,0
17305,2,-4.780191847199163,101.25,11,3
17306,2,-4.780191847199163,112.5,9,1
17307,2,-4.780191847199163,123.75,10,1
17308,2,-4.780191847199163,135.0,8,0
17309,2,-4.780191847199163,146.25,10,1
17310,2,-4.780191847199163,157.5,9,5
17311,2,-4.780191847199163,168.75,13,0
17312,2,-4.780191847199163,-180.0,8,3
17313,2,-4.780191847199163,-168.75,19,0
17314,2,-4.780191847199163,-157.5,15,0
17315,2,-4.780191847199163,-146.25,12,0
17316,2,-4.780191847199163,-135.0,15,5
17317,2,-4.780191847199163,-123.75,11,1
17318,2,-4.780191847199163,-112.5,9,0
17319,2,-4.780191847199163,-101.25,9,0
17320,2,-4.780191847199163,-90.0,12,1
17321,2,-4.780191847199163,-78.75000000000006,10,4
17322,2,-4.780191847199163,-67.5,9,0
17323,2,-4.780191847199163,-56.25,15,3
17324,2,-4.780191847199163,-45.0,12,2
17325,2,-4.780191847199163,-33.75000000000006,12,5
17326,2,-4.780191847199163,-22.5,15,1
17327,2,-4.780191847199163,-11.25,12,3
17328,2,-9.594068226860458,5.625,12,1
17329,2,-9.594068226860458,16.875,14,1
17330,2,-9.594068226860458,28.125,7,0
17331,2,-9.594068226860458,39.375,9,0
17332,2,-9.594068226860458,50.625,5,0
17333,2,-9.594068226860458,61.875,10,0
17334,2,-9.594068226860458,73.125,9,0
17335,2,-9.594068226860458,84.375,11,0
17336,2,-9.594068226860458,95.625,6,0
17337,2,-9.594068226860458,106.875,10,1
17338,2,-9.594068226860458,118.125,12,0
17339,2,-9.594068226860458,129.375,8,0
17340,2,-9.594068226860458,140.625,10,1
17341,2,-9.594068226860458,151.875,10,0
17342,2,-9.594068226860458,163.125,14,0
17343,2,-9.594068226860458,174.375,7,0
17344,2,-9.594068226860458,-174.375,18,0
17345,2,-9.594068226860458,-163.125,16,0
17346,2,-9.594068226860458,-151.875,11,0
17347,2,-9.594068226860458,-140.625,17,0
17348,2,-9.594068226860458,-129.37500000000006,11,0
17349,2,-9.594068226860458,-118.125,8,0
17350,2,-9.594068226860458,-106.875,10,0
17351,2,-9.594068226860458,-95.625,4,0
17352,2,-9.594068226860458,-84.375,9,1
17353,2,-9.594068226860458,-73.12500000000006,13,0
17354,2,-9.594068226860458,-61.875,19,0
17355,2,-9.594068226860458,-50.625,9,0
17356,2,-9.594068226860458,-39.375,9,1
17357,2,-9.594068226860458,-28.125,12,0
17358,2,-9.594068226860458,-16.875,5,0
17359,2,-9.594068226860458,-5.625,11,0
17360,2,-14.477512185929925,0.0,11,0
17361,2,-14.477512185929925,11.25,8,1
17362,2,-14.477512185929925,22.5,7,0
17363,2,-14.477512185929925,33.75,10,0
17364,2,-14.477512185929925,45.0,7,0
17365,2,-14.477512185929925,56.25,9,0
17366,2,-14.477512185929925,67.5,4,0
17367,2,-14.477512185929925,78.75,18,0
17368,2,-14.477512185929925,90.0,12,0
17369,2,-14.477512185929925,101.25,11,0
17370,2,-14.477512185929925,112.5,11,1
17371,2,-14.477512185929925,123.75,10,0
17372,2,-14.477512185929925,135.0,14,1
17373,2,-14.477512185929925,146.25,10,0
17374,2,-14.477512185929925,157.5,14,0
17375,2,-14.477512185929925,168.75,9,0
17376,2,-14.477512185929925,-180.0,16,0
17377,2,-14.477512185929925,-168.75,13,0
17378,2,-14.477512185929925,-157.5,7,0
17379,2,-14.477512185929925,-146.25,16,0
17380,2,-14.477512185929925,-135.0,15,0
17381,2,-14.477512185929925,-123.75,7,0
17382,2,-14.477512185929925,-112.5,13,0
17383,2,-14.477512185929925,-101.25,10,0
17384,2,-14.477512185929925,-90.0,11,0
17385,2,-14.477512185929925,-78.75000000000006,6,0
17386,2,-14.477512185929925,-67.5,10,0
17387,2,-14.477512185929925,-56.25,11,0
17388,2,-14.477512185929925,-45.0,8,0
17389,2,-14.477512185929925,-33.75000000000006,11,0
17390,2,-14.477512185929925,-22.5,13,0
17391,2,-14.477512185929925,-11.25,11,0
17392,2,-19.47122063449069,5.625,12,0
17393,2,-19.47122063449069,16.875,6,0
17394,2,-19.47122063449069,28.125,7,0
17395,2,-19.47122063449069,39.375,14,0
17396,2,-19.47122063449069,50.625,11,0
17397,2,-19.47122063449069,61.875,9,0
17398,2,-19.47122063449069,73.125,8,0
17399,2,-19.47122063449069,84.375,21,0
17400,2,-19.47122063449069,95.625,7,0
17401,2,-19.47122063449069,106.875,8,0
17402,2,-19.47122063449069,118.125,6,0
17403,2,-19.47122063449069,129.375,19,0
17404,2,-19.47122063449069,140.625,17,0
17405,2,-19.47122063449069,151.875,12,0
17406,2,-19.47122063449069,163.125,15,0
17407,2,-19.47122063449069,174.375,13,0
17408,2,-19.47122063449069,-174.375,14,0
17409,2,-19.47122063449069,-163.125,13,0
17410,2,-19.47122063449069,-151.875,10,0
17411,2,-19.47122063449069,-140.625,13,0
17412,2,-19.47122063449069,-129.37500000000006,8,0
17413,2,-19.47122063449069,-118.125,14,0
17414,2,-19.47122063449069,-106.875,17,0
17415,2,-19.47122063449069,-95.625,10,0
17416,2,-19.47122063449069,-84.375,7,0
17417,2,-19.47122063449069,-73.12500000000006,9,0
17418,2,-19.47122063449069,-61.875,5,0
17419,2,-19.47122063449069,-50.625,8,0
17420,2,-19.47122063449069,-39.375,10,0
17421,2,-19.47122063449069,-28.125,12,0
17422,2,-19.47122063449069,-16.875,9,0
17423,2,-19.47122063449069,-5.625,9,0
17424,2,-24.62431835216408,0.0,19,0
17425,2,-24.62431835216408,11.25,10,0
17426,2,-24.62431835216408,22.5,12,0
17427,2,-24.62431835216408,33.75,9,0
17428,2,-24.62431835216408,45.0,15,0
17429,2,-24.62431835216408,56.25,10,0
17430,2,-24.62431835216408,67.5,16,0
17431,2,-24.62431835216408,78.75,12,0
17432,2,-24.62431835216408,90.0,8,0
17433,2,-24.62431835216408,101.25,13,0
17434,2,-24.62431835216408,112.5,8,0
17435,2,-24.62431835216408,123.75,7,0
17436,2,-24.62431835216408,135.0,17,0
17437,2,-24.62431835216408,146.25,19,0
17438,2,-24.62431835216408,157.5,8,0
17439,2,-24.62431835216408,168.75,7,0
17440,2,-24.62431835216408,-180.0,10,0
17441,2,-24.62431835216408,-168.75,17,0
17442,2,-24.62431835216408,-157.5,8,0
17443,2,-24.62431835216408,-146.25,15,0
17444,2,-24.62431835216408,-135.0,10,0
17445,2,-24.62431835216408,-123.75,6,0
17446,2,-24.62431835216408,-112.5,14,0
17447,2,-24.62431835216408,-101.25,14,0
17448,2,-24.62431835216408,-90.0,15,0
17449,2,-24.62431835216408,-78.75000000000006,5,0
17450,2,-24.62431835216408,-67.5,13,0
17451,2,-24.62431835216408,-56.25,7,0
17452,2,-24.62431835216408,-45.0,14,0
17453,2,-24.62431835216408,-33.75000000000006,7,0
17454,2,-24.62431835216408,-22.5,12,0
17455,2,-24.62431835216408,-11.25,13,0
17456,2,-30.000000000000014,5.625,10,0
17457,2,-30.000000000000014,16.875,6,0
17458,2,-30.000000000000014,28.125,13,0
17459,2,-30.000000000000014,39.375,9,0
17460,2,-30.000000000000014,50.625,10,0
17461,2,-30.000000000000014,61.875,16,0
17462,2,-30.000000000000014,73.125,15,0
17463,2,-30.000000000000014,84.375,10,0
17464,2,-30.000000000000014,95.625,9,0
17465,2,-30.000000000000014,106.875,10,0
17466,2,-30.000000000000014,118.125,9,0
17467,2,-30.000000000000014,129.375,12,0
17468,2,-30.000000000000014,140.625,11,0
17469,2,-30.000000000000014,151.875,12,0
17470,2,-30.000000000000014,163.125,6,0
17471,2,-30.000000000000014,174.375,10,0
17472,2,-30.000000000000014,-174.375,14,0
17473,2,-30.000000000000014,-163.125,8,0
17474,2,-30.000000000000014,-151.875,16,0
17475,2,-30.000000000000014,-140.625,14,0
17476,2,-30.000000000000014,-129.37500000000006,8,0
17477,2,-30.000000000000014,-118.125,11,0
17478,2,-30.000000000000014,-106.875,12,0
17479,2,-30.000000000000014,-95.625,13,0
17480,2,-30.000000000000014,-84.375,13,0
17481,2,-30.000000000000014,-73.12500000000006,10,0
17482,2,-30.000000000000014,-61.875,12,0
17483,2,-30.000000000000014,-50.625,10,0
17484,2,-30.000000000000014,-39.375,9,0
17485,2,-30.000000000000014,-28.125,6,0
17486,2,-30.000000000000014,-16.875,9,0
17487,2,-30.000000000000014,-5.625,10,0
17488,2,-35.68533471265205,0.0,11,0
17489,2,-35.68533471265205,11.25,13,0
17490,2,-35.68533471265205,22.5,10,0
17491,2,-35.68533471265205,33.75,8,0
17492,2,-35.68533471265205,45.0,16,0
17493,2,-35.68533471265205,56.25,9,0
17494,2,-35.68533471265205,67.5,17,0
17495,2,-35.68533471265205,78.75,11,0
17496,2,-35.68533471265205,90.0,5,0
17497,2,-35.68533471265205,101.25,10,0
17498,2,-35.68533471265205,112.5,13,0
17499,2,-35.68533471265205,123.75,16,0
17500,2,-35.68533471265205,135.0,16,0
17501,2,-35.68533471265205,146.25,6,0
17502,2,-35.68533471265205,157.5,12,0
17503,2,-35.68533471265205,168.75,12,0
17504,2,-35.68533471265205,-180.0,16,0
17505,2,-35.68533471265205,-168.75,12,0
17506,2,-35.68533471265205,-157.5,10,0
17507,2,-35.68533471265205,-146.25,9,0
17508,2,-35.68533471265205,-135.0,7,0
17509,2,-35.68533471265205,-123.75,10,0
17510,2,-35.68533471265205,-112.5,6,0
17511,2,-35.68533471265205,-101.25,11,0
17512,2,-35.68533471265205,-90.0,7,0
17513,2,-35.68533471265205,-78.75000000000006,9,0
17514,2,-35.68533471265205,-67.5,8,0
17515,2,-35.68533471265205,-56.25,14,0
17516,2,-35.68533471265205,-45.0,10,0
17517,2,-35.68533471265205,-33.75000000000006,10,1
17518,2,-35.68533471265205,-22.5,7,0
17519,2,-35.68533471265205,-11.25,5,0
17520,2,-41.81031489577862,5.625,10,0
17521,2,-41.81031489577862,16.875,10,0
17522,2,-41.81031489577862,28.125,11,0
17523,2,-41.81031489577862,39.375,15,0
17524,2,-41.81031489577862,50.625,15,0
17525,2,-41.81031489577862,61.875,7,0
17526,2,-41.81031489577862,73.125,8,0
17527,2,-41.81031489577862,84.375,9,0
17528,2,-41.81031489577862,95.625,9,0
17529,2,-41.81031489577862,106.875,21,0
17530,2,-41.81031489577862,118.125,17,0
17531,2,-41.81031489577862,129.375,12,0
17532,2,-41.81031489577862,140.625,8,0
17533,2,-41.81031489577862,151.875,10,0
17534,2,-41.81031489577862,163.125,9,0
17535,2,-41.81031489577862,174.375,10,0
17536,2,-41.81031489577862,-174.375,10,0
17537,2,-41.81031489577862,-163.125,15,0
17538,2,-41.81031489577862,-151.875,14,0
17539,2,-41.81031489577862,-140.625,5,0
17540,2,-41.81031489577862,-129.37500000000006,12,0
17541,2,-41.81031489577862,-118.125,15,0
17542,2,-41.81031489577862,-106.875,14,0
17543,2,-41.81031489577862,-95.625,12,0
17544,2,-41.81031489577862,-84.375,11,0
17545,2,-41.81031489577862,-73.12500000000006,6,0
17546,2,-41.81031489577862,-61.875,6,0
17547,2,-41.81031489577862,-50.625,11,0
17548,2,-41.81031489577862,-39.375,12,1
17549,2,-41.81031489577862,-28.125,15,0
17550,2,-41.81031489577862,-16.875,11,0
17551,2,-41.81031489577862,-5.625,9,0
17552,2,-48.1412077943603,6.428571428571416,13,0
17553,2,-48.1412077943603,19.285714285714278,15,0
17554,2,-48.1412077943603,32.14285714285714,11,0
17555,2,-48.1412077943603,45.0,20,0
17556,2,-48.1412077943603,57.85714285714286,9,0
17557,2,-48.1412077943603,70.71428571428572,8,0
17558,2,-48.1412077943603,83.57142857142856,12,0
17559,2,-48.1412077943603,96.42857142857144,12,0
17560,2,-48.1412077943603,109.28571428571428,16,0
17561,2,-48.1412077943603,122.14285714285711,15,0
17562,2,-48.1412077943603,135.0,13,0
17563,2,-48.1412077943603,147.8571428571429,15,0
17564,2,-48.1412077943603,160.71428571428572,7,0
17565,2,-48.1412077943603,173.57142857142856,11,0
17566,2,-48.1412077943603,-173.57142857142856,10,0
17567,2,-48.1412077943603,-160.71428571428572,7,0
17568,2,-48.1412077943603,-147.8571428571429,5,0
17569,2,-48.1412077943603,-135.0,6,0
17570,2,-48.1412077943603,-122.14285714285711,9,0
17571,2,-48.1412077943603,-109.28571428571428,11,0
17572,2,-48.1412077943603,-96.42857142857144,11,0
17573,2,-48.1412077943603,-83.57142857142856,11,0
17574,2,-48.1412077943603,-70.71428571428572,4,0
17575,2,-48.1412077943603,-57.85714285714283,5,0
17576,2,-48.1412077943603,-45.0,15,0
17577,2,-48.1412077943603,-32.14285714285717,12,0
17578,2,-48.1412077943603,-19.28571428571422,15,0
17579,2,-48.1412077943603,-6.428571428571445,14,0
17580,2,-54.340912303861245,7.5,10,0
17581,2,-54.340912303861245,22.5,11,0
17582,2,-54.340912303861245,37.5,20,0
17583,2,-54.340912303861245,52.5,13,0
17584,2,-54.340912303861245,67.5,8,0
17585,2,-54.340912303861245,82.5,17,0
17586,2,-54.340912303861245,97.5,12,0
17587,2,-54.340912303861245,112.5,8,0
17588,2,-54.340912303861245,127.5,24,0
17589,2,-54.340912303861245,142.5,13,0
17590,2,-54.340912303861245,157.5,9,0
17591,2,-54.340912303861245,172.5,12,0
17592,2,-54.340912303861245,-172.5,14,0
17593,2,-54.340912303861245,-157.5,8,0
17594,2,-54.340912303861245,-142.5,9,0
17595,2,-54.340912303861245,-127.5,8,0
17596,2,-54.340912303861245,-112.5,14,0
17597,2,-54.340912303861245,-97.5,11,0
17598,2,-54.340912303861245,-82.5,9,0
17599,2,-54.340912303861245,-67.5,11,0
17600,2,-54.340912303861245,-52.50000000000006,15,0
17601,2,-54.340912303861245,-37.5,11,0
17602,2,-54.340912303861245,-22.5,11,0
17603,2,-54.340912303861245,-7.5,12,0
17604,2,-60.4344388449523,9.0,12,0
17605,2,-60.4344388449523,27.0,11,0
17606,2,-60.4344388449523,45.0,14,0
17607,2,-60.4344388449523,63.0,9,0
17608,2,-60.4344388449523,81.0,16,0
17609,2,-60.4344388449523,99.0,9,0
17610,2,-60.4344388449523,117.0,10,0
17611,2,-60.4344388449523,135.0,16,0
17612,2,-60.4344388449523,153.0,6,0
17613,2,-60.4344388449523,171.0,8,0
17614,2,-60.4344388449523,-171.0,12,0
17615,2,-60.4344388449523,-153.0,10,0
17616,2,-60.4344388449523,-135.0,8,0
17617,2,-60.4344388449523,-117.0,11,0
17618,2,-60.4344388449523,-99.0,10,0
17619,2,-60.4344388449523,-81.0,7,0
17620,2,-60.4344388449523,-63.0,11,0
17621,2,-60.4344388449523,-45.0,14,0
17622,2,-60.4344388449523,-27.0,9,0
17623,2,-60.4344388449523,-9.0,11,0
17624,2,-66.44353569089876,11.25,17,0
17625,2,-66.44353569089876,33.75,10,0
17626,2,-66.44353569089876,56.25,17,0
17627,2,-66.44353569089876,78.75,16,0
17628,2,-66.44353569089876,101.25,12,0
17629,2,-66.44353569089876,123.75,13,0
17630,2,-66.44353569089876,146.25,9,0
17631,2,-66.44353569089876,168.75,9,0
17632,2,-66.44353569089876,-168.75,10,0
17633,2,-66.44353569089876,-146.25,10,0
17634,2,-66.44353569089876,-123.75,9,0
17635,2,-66.44353569089876,-101.25,12,0
17636,2,-66.44353569089876,-78.75,17,0
17637,2,-66.44353569089876,-56.25,15,0
17638,2,-66.44353569089876,-33.75,9,0
17639,2,-66.44353569089876,-11.25,11,0
17640,2,-72.38756092964962,15.0,12,0
17641,2,-72.38756092964962,45.0,15,0
17642,2,-72.38756092964962,75.0,15,0
17643,2,-72.38756092964962,105.0,10,0
17644,2,-72.38756092964962,135.0,12,0
17645,2,-72.38756092964962,165.0,7,0
17646,2,-72.38756092964962,-165.0,10,0
17647,2,-72.38756092964962,-135.0,9,0
17648,2,-72.38756092964962,-105.0,15,0
17649,2,-72.38756092964962,-75.0,11,0
17650,2,-72.38756092964962,-45.0,10,0
17651,2,-72.38756092964962,-15.0,8,0
17652,2,-78.28414760510762,22.5,16,0
17653,2,-78.28414760510762,67.5,8,0
17654,2,-78.28414760510762,112.5,11,0
17655,2,-78.28414760510762,157.5,8,0
17656,2,-78.28414760510762,-157.5,12,0
17657,2,-78.28414760510762,-112.5,15,0
17658,2,-78.28414760510762,-67.5,9,0
17659,2,-78.28414760510762,-22.5,13,0
17660,2,-84.14973293629666,45.0,12,0
17661,2,-84.14973293629666,135.0,8,0
17662,2,-84.14973293629666,-135.0,11,0
17663,2,-84.14973293629666,-45.0,15,0
17664,2,84.14973293629666,45.0,16,0
17665,2,84.14973293629666,135.0,9,0
17666,2,84.14973293629666,-135.0,11,0
17667,2,84.14973293629666,-45.0,12,0
17668,2,78.28414760510762,22.5,10,0
17669,2,78.28414760510762,67.5,9,0
17670,2,78.28414760510762,112.5,13,0
17671,2,78.28414760510762,157.5,11,0
17672,2,78.28414760510762,-157.5,4,0
17673,2,78.28414760510762,-112.5,18,0
17674,2,78.28414760510762,-67.5,8,0
17675,2,78.28414760510762,-22.5,16,0
17676,2,72.38756092964962,15.0,9,0
17677,2,72.38756092964962,45.0,10,0
17678,2,72.38756092964962,75.0,11,0
17679,2,72.38756092964962,105.0,9,0
17680,2,72.38756092964962,135.0,5,0
17681,2,72.38756092964962,165.0,7,0
17682,2,72.38756092964962,-165.0,3,0
17683,2,72.38756092964962,-135.0,12,0
17684,2,72.38756092964962,-105.0,15,0
17685,2,72.38756092964962,-75.0,8,0
17686,2,72.38756092964962,-45.0,14,0
17687,2,72.38756092964962,-15.0,18,0
17688,2,66.44353569089877,11.25,9,0
17689,2,66.44353569089877,33.75,14,0
17690,2,66.44353569089877,56.25,10,0
17691,2,66.44353569089877,78.75,9,0
17692,2,66.44353569089877,101.25,9,0
17693,2,66.44353569089877,123.75,8,0
17694,2,66.44353569089877,146.25,8,0
17695,2,66.44353569089877,168.75,5,0
17696,2,66.44353569089877,-168.75,10,0
17697,2,66.44353569089877,-146.25,8,0
17698,2,66.44353569089877,-123.75,7,0
17699,2,66.44353569089877,-101.25,12,0
17700,2,66.44353569089877,-78.75,12,0
17701,2,66.44353569089877,-56.25,14,0
17702,2,66.44353569089877,-33.75,11,0
17703,2,66.44353569089877,-11.25,13,0
17704,2,60.43443884495228,9.0,10,0
17705,2,60.43443884495228,27.0,15,0
17706,2,60.43443884495228,45.0,7,0
17707,2,60.43443884495228,63.0,10,0
17708,2,60.43443884495228,81.0,16,0
17709,2,60.43443884495228,99.0,9,0
17710,2,60.43443884495228,117.0,8,0
17711,2,60.43443884495228,135.0,14,0
17712,2,60.43443884495228,153.0,13,0
17713,2,60.43443884495228,171.0,9,0
17714,2,60.43443884495228,-171.0,12,0
17715,2,60.43443884495228,-153.0,10,0
17716,2,60.43443884495228,-135.0,14,0
17717,2,60.43443884495228,-117.0,7,0
17718,2,60.43443884495228,-99.0,11,0
17719,2,60.43443884495228,-81.0,13,0
17720,2,60.43443884495228,-63.0,11,0
17721,2,60.43443884495228,-45.0,10,0
17722,2,60.43443884495228,-27.0,12,0
17723,2,60.43443884495228,-9.0,13,0
17724,2,54.340912303861245,7.5,12,0
17725,2,54.340912303861245,22.5,14,0
17726,2,54.340912303861245,37.5,14,0
17727,2,54.340912303861245,52.5,10,0
17728,2,54.340912303861245,67.5,13,0
17729,2,54.340912303861245,82.5,8,0
17730,2,54.340912303861245,97.5,13,0
17731,2,54.340912303861245,112.5,6,0
17732,2,54.340912303861245,127.5,14,0
17733,2,54.340912303861245,142.5,17,0
17734,2,54.340912303861245,157.5,11,0
17735,2,54.340912303861245,172.5,8,0
17736,2,54.340912303861245,-172.5,7,0
17737,2,54.340912303861245,-157.5,9,0
17738,2,54.340912303861245,-142.5,12,0
17739,2,54.340912303861245,-127.5,16,0
17740,2,54.340912303861245,-112.5,8,0
17741,2,54.340912303861245,-97.5,10,0
17742,2,54.340912303861245,-82.5,17,0
17743,2,54.340912303861245,-67.5,10,0
17744,2,54.340912303861245,-52.50000000000006,14,0
17745,2,54.340912303861245,-37.5,6,0
17746,2,54.340912303861245,-22.5,5,0
17747,2,54.340912303861245,-7.5,13,0
17748,2,48.141207794360284,6.428571428571416,13,0
17749,2,48.141207794360284,19.285714285714278,16,0
17750,2,48.141207794360284,32.14285714285714,9,0
17751,2,48.141207794360284,45.0,11,0
17752,2,48.141207794360284,57.85714285714286,12,0
17753,2,48.141207794360284,70.71428571428572,12,0
17754,2,48.141207794360284,83.57142857142856,15,0
17755,2,48.141207794360284,96.42857142857144,18,0
17756,2,48.141207794360284,109.28571428571428,11,0
17757,2,48.141207794360284,122.14285714285711,7,0
17758,2,48.141207794360284,135.0,8,0
17759,2,48.141207794360284,147.8571428571429,15,0
17760,2,48.141207794360284,160.71428571428572,12,0
17761,2,48.141207794360284,173.57142857142856,9,0
17762,2,48.141207794360284,-173.57142857142856,10,0
17763,2,48.141207794360284,-160.71428571428572,12,0
17764,2,48.141207794360284,-147.8571428571429,11,0
17765,2,48.141207794360284,-135.0,8,0
17766,2,48.141207794360284,-122.14285714285711,17,0
17767,2,48.141207794360284,-109.28571428571428,10,0
17768,2,48.141207794360284,-96.42857142857144,11,0
17769,2,48.141207794360284,-83.57142857142856,13,0
17770,2,48.141207794360284,-70.71428571428572,9,0
17771,2,48.141207794360284,-57.85714285714283,12,0
17772,2,48.141207794360284,-45.0,17,0
17773,2,48.141207794360284,-32.14285714285717,13,0
17774,2,48.141207794360284,-19.28571428571422,13,0
17775,2,48.141207794360284,-6.428571428571445,12,0
17776,2,41.81031489577859,5.625,12,0
17777,2,41.81031489577859,16.875,16,0
17778,2,41.81031489577859,28.125,13,0
17779,2,41.81031489577859,39.375,5,0
17780,2,41.81031489577859,50.625,13,0
17781,2,41.81031489577859,61.875,12,0
17782,2,41.81031489577859,73.125,13,0
17783,2,41.81031489577859,84.375,19,0
17784,2,41.81031489577859,95.625,16,0
17785,2,41.81031489577859,106.875,12,0
17786,2,41.81031489577859,118.125,8,0
17787,2,41.81031489577859,129.375,6,0
17788,2,41.81031489577859,140.625,12,0
17789,2,41.81031489577859,151.875,9,0
17790,2,41.81031489577859,163.125,12,0
17791,2,41.81031489577859,174.375,20,0
17792,2,41.81031489577859,-174.375,4,0
17793,2,41.81031489577859,-163.125,11,0
17794,2,41.81031489577859,-151.875,14,0
17795,2,41.81031489577859,-140.625,10,0
17796,2,41.81031489577859,-129.37500000000006,6,0
17797,2,41.81031489577859,-118.125,16,0
17798,2,41.81031489577859,-106.875,11,0
17799,2,41.81031489577859,-95.625,9,0
17800,2,41.81031489577859,-84.375,17,0
17801,2,41.81031489577859,-73.12500000000006,13,0
17802,2,41.81031489577859,-61.875,10,0
17803,2,41.81031489577859,-50.625,13,0
17804,2,41.81031489577859,-39.375,14,0
17805,2,41.81031489577859,-28.125,9,0
17806,2,41.81031489577859,-16.875,10,0
17807,2,41.81031489577859,-5.625,14,0
17808,2,35.68533471265204,0.0,13,0
17809,2,35.68533471265204,11.25,15,0
17810,2,35.68533471265204,22.5,5,0
17811,2,35.68533471265204,33.75,10,0
17812,2,35.68533471265204,45.0,11,0
17813,2,35.68533471265204,56.25,12,0
17814,2,35.68533471265204,67.5,12,0
17815,2,35.68533471265204,78.75,6,0
17816,2,35.68533471265204,90.0,10,0
17817,2,35.68533471265204,101.25,10,0
17818,2,35.68533471265204,112.5,12,0
17819,2,35.68533471265204,123.75,5,0
17820,2,35.68533471265204,135.0,10,0
17821,2,35.68533471265204,146.25,10,0
17822,2,35.68533471265204,157.5,15,0
17823,2,35.68533471265204,168.75,11,0
17824,2,35.68533471265204,-180.0,11,0
17825,2,35.68533471265204,-168.75,8,0
17826,2,35.68533471265204,-157.5,16,0
17827,2,35.68533471265204,-146.25,11,0
17828,2,35.68533471265204,-135.0,6,0
17829,2,35.68533471265204,-123.75,9,0
17830,2,35.68533471265204,-112.5,12,0
17831,2,35.68533471265204,-101.25,9,0
17832,2,35.68533471265204,-90.0,10,0
17833,2,35.68533471265204,-78.75000000000006,14,0
17834,2,35.68533471265204,-67.5,7,0
17835,2,35.68533471265204,-56.25,8,0
17836,2,35.68533471265204,-45.0,16,0
17837,2,35.68533471265204,-33.75000000000006,11,0
17838,2,35.68533471265204,-22.5,9,0
17839,2,35.68533471265204,-11.25,7,0
17840,2,30.000000000000007,5.625,8,0
17841,2,30.000000000000007,16.875,8,0
17842,2,30.000000000000007,28.125,9,0
17843,2,30.000000000000007,39.375,11,0
17844,2,30.000000000000007,50.625,9,0
17845,2,30.000000000000007,61.875,9,0
17846,2,30.000000000000007,73.125,6,0
17847,2,30.000000000000007,84.375,6,0
17848,2,30.000000000000007,95.625,15,0
17849,2,30.000000000000007,106.875,17,0
17850,2,30.000000000000007,118.125,7,0
17851,2,30.000000000000007,129.375,12,0
17852,2,30.000000000000007,140.625,13,0
17853,2,30.000000000000007,151.875,14,0
17854,2,30.000000000000007,163.125,13,0
17855,2,30.000000000000007,174.375,11,0
17856,2,30.000000000000007,-174.375,8,0
17857,2,30.000000000000007,-163.125,13,0
17858,2,30.000000000000007,-151.875,16,0
17859,2,30.000000000000007,-140.625,12,0
17860,2,30.000000000000007,-129.37500000000006,12,0
17861,2,30.000000000000007,-118.125,10,0
17862,2,30.000000000000007,-106.875,11,0
17863,2,30.000000000000007,-95.625,9,0
17864,2,30.000000000000007,-84.375,14,0
17865,2,30.000000000000007,-73.12500000000006,12,0
17866,2,30.000000000000007,-61.875,6,0
17867,2,30.000000000000007,-50.625,12,0
17868,2,30.000000000000007,-39.375,10,0
17869,2,30.000000000000007,-28.125,11,0
17870,2,30.000000000000007,-16.875,9,0
17871,2,30.000000000000007,-5.625,6,0
17872,2,24.62431835216408,0.0,11,0
17873,2,24.62431835216408,11.25,12,0
17874,2,24.62431835216408,22.5,6,0
17875,2,24.62431835216408,33.75,11,0
17876,2,24.62431835216408,45.0,21,0
17877,2,24.62431835216408,56.25,9,0
17878,2,24.62431835216408,67.5,8,0
17879,2,24.62431835216408,78.75,14,0
17880,2,24.62431835216408,90.0,7,0
17881,2,24.62431835216408,101.25,15,0
17882,2,24.62431835216408,112.5,8,0
17883,2,24.62431835216408,123.75,12,0
17884,2,24.62431835216408,135.0,11,0
17885,2,24.62431835216408,146.25,11,0
17886,2,24.62431835216408,157.5,11,0
17887,2,24.62431835216408,168.75,16,0
17888,2,24.62431835216408,-180.0,10,1
17889,2,24.62431835216408,-168.75,15,0
17890,2,24.62431835216408,-157.5,11,0
17891,2,24.62431835216408,-146.25,11,0
17892,2,24.62431835216408,-135.0,11,0
17893,2,24.62431835216408,-123.75,7,0
17894,2,24.62431835216408,-112.5,15,0
17895,2,24.62431835216408,-101.25,8,0
17896,2,24.62431835216408,-90.0,16,0
17897,2,24.62431835216408,-78.75000000000006,16,0
17898,2,24.62431835216408,-67.5,11,0
17899,2,24.62431835216408,-56.25,7,0
17900,2,24.62431835216408,-45.0,15,0
17901,2,24.62431835216408,-33.75000000000006,9,0
17902,2,24.62431835216408,-22.5,11,0
17903,2,24.62431835216408,-11.25,4,0
17904,2,19.47122063449069,5.625,13,0
17905,2,19.47122063449069,16.875,12,0
17906,2,19.47122063449069,28.125,8,0
17907,2,19.47122063449069,39.375,18,0
17908,2,19.47122063449069,50.625,14,0
17909,2,19.47122063449069,61.875,8,0
17910,2,19.47122063449069,73.125,16,0
17911,2,19.47122063449069,84.375,10,0
17912,2,19.47122063449069,95.625,15,0
17913,2,19.47122063449069,106.875,5,0
17914,2,19.47122063449069,118.125,9,0
17915,2,19.47122063449069,129.375,15,0
17916,2,19.47122063449069,140.625,13,0
17917,2,19.47122063449069,151.875,10,0
17918,2,19.47122063449069,163.125,23,0
17919,2,19.47122063449069,174.375,9,0
17920,2,19.47122063449069,-174.375,12,0
17921,2,19.47122063449069,-163.125,8,0
17922,2,19.47122063449069,-151.875,9,0
17923,2,19.47122063449069,-140.625,8,0
17924,2,19.47122063449069,-129.37500000000006,11,0
17925,2,19.47122063449069,-118.125,13,0
17926,2,19.47122063449069,-106.875,8,0
17927,2,19.47122063449069,-95.625,13,0
17928,2,19.47122063449069,-84.375,14,0
17929,2,19.47122063449069,-73.12500000000006,7,0
17930,2,19.47122063449069,-61.875,10,0
17931,2,19.47122063449069,-50.625,16,0
17932,2,19.47122063449069,-39.375,11,0
17933,2,19.47122063449069,-28.125,14,0
17934,2,19.47122063449069,-16.875,9,0
17935,2,19.47122063449069,-5.625,9,0
17936,2,14.477512185929925,0.0,12,0
17937,2,14.477512185929925,11.25,13,0
17938,2,14.477512185929925,22.5,13,0
17939,2,14.477512185929925,33.75,7,0
17940,2,14.477512185929925,45.0,15,0
17941,2,14.477512185929925,56.25,10,0
17942,2,14.477512185929925,67.5,13,0
17943,2,14.477512185929925,78.75,13,0
17944,2,14.477512185929925,90.0,11,0
17945,2,14.477512185929925,101.25,12,0
17946,2,14.477512185929925,112.5,14,0
17947,2,14.477512185929925,123.75,14,0
17948,2,14.477512185929925,135.0,12,0
17949,2,14.477512185929925,146.25,13,0
17950,2,14.477512185929925,157.5,14,0
17951,2,14.477512185929925,168.75,13,0
17952,2,14.477512185929925,-180.0,11,0
17953,2,14.477512185929925,-168.75,11,0
17954,2,14.477512185929925,-157.5,13,0
17955,2,14.477512185929925,-146.25,10,0
17956,2,14.477512185929925,-135.0,11,0
17957,2,14.477512185929925,-123.75,9,0
17958,2,14.477512185929925,-112.5,12,0
17959,2,14.477512185929925,-101.25,9,0
17960,2,14.477512185929925,-90.0,10,0
17961,2,14.477512185929925,-78.75000000000006,12,0
17962,2,14.477512185929925,-67.5,13,0
17963,2,14.477512185929925,-56.25,14,0
17964,2,14.477512185929925,-45.0,9,0
17965,2,14.477512185929925,-33.75000000000006,12,0
17966,2,14.477512185929925,-22.5,10,0
17967,2,14.477512185929925,-11.25,9,0
17968,2,9.594068226860458,5.625,10,0
17969,2,9.594068226860458,16.875,12,1
17970,2,9.594068226860458,28.125,12,0
17971,2,9.594068226860458,39.375,13,0
17972,2,9.594068226860458,50.625,6,1
17973,2,9.594068226860458,61.875,11,0
17974,2,9.594068226860458,73.125,7,2
17975,2,9.594068226860458,84.375,11,0
17976,2,9.594068226860458,95.625,11,0
17977,2,9.594068226860458,106.875,20,1
17978,2,9.594068226860458,118.125,10,0
17979,2,9.594068226860458,129.375,14,0
17980,2,9.594068226860458,140.625,15,0
17981,2,9.594068226860458,151.875,12,1
17982,2,9.594068226860458,163.125,16,0
17983,2,9.594068226860458,174.375,8,0
17984,2,9.594068226860458,-174.375,15,0
17985,2,9.594068226860458,-163.125,13,0
17986,2,9.594068226860458,-151.875,14,0
17987,2,9.594068226860458,-140.625,8,0
17988,2,9.594068226860458,-129.37500000000006,13,0
17989,2,9.594068226860458,-118.125,8,0
17990,2,9.594068226860458,-106.875,15,0
17991,2,9.594068226860458,-95.625,12,0
17992,2,9.594068226860458,-84.375,11,0
17993,2,9.594068226860458,-73.12500000000006,14,1
17994,2,9.594068226860458,-61.875,11,0
17995,2,9.594068226860458,-50.625,13,0
17996,2,9.594068226860458,-39.375,12,0
17997,2,9.594068226860458,-28.125,8,1
17998,2,9.594068226860458,-16.875,5,0
17999,2,9.594068226860458,-5.625,9,0
18000,2,4.780191847199163,0.0,8,4
18001,2,4.780191847199163,11.25,6,2
18002,2,4.780191847199163,22.5,16,1
18003,2,4.780191847199163,33.75,8,3
18004,2,4.780191847199163,45.0,11,3
18005,2,4.780191847199163,56.25,11,0
18006,2,4.780191847199163,67.5,17,4
18007,2,4.780191847199163,78.75,14,1
18008,2,4.780191847199163,90.0,11,1
18009,2,4.780191847199163,101.25,18,4
18010,2,4.780191847199163,112.5,14,2
18011,2,4.780191847199163,123.75,13,1
18012,2,4.780191847199163,135.0,5,4
18013,2,4.780191847199163,146.25,13,2
18014,2,4.780191847199163,157.5,13,1
18015,2,4.780191847199163,168.75,14,1
18016,2,4.780191847199163,-180.0,7,3
18017,2,4.780191847199163,-168.75,18,3
18018,2,4.780191847199163,-157.5,10,4
18019,2,4.780191847199163,-146.25,15,2
18020,2,4.780191847199163,-135.0,15,5
18021,2,4.780191847199163,-123.75,6,3
18022,2,4.780191847199163,-112.5,20,1
18023,2,4.780191847199163,-101.25,13,3
18024,2,4.780191847199163,-90.0,15,2
18025,2,4.780191847199163,-78.75000000000006,9,2
18026,2,4.780191847199163,-67.5,17,3
18027,2,4.780191847199163,-56.25,7,2
18028,2,4.780191847199163,-45.0,15,1
18029,2,4.780191847199163,-33.75000000000006,12,4
18030,2,4.780191847199163,-22.5,8,2
18031,2,4.780191847199163,-11.25,14,3
18032,2,0.0,5.625,9,4
18033,2,0.0,16.875,11,3
18034,2,0.0,28.125,10,2
18035,2,0.0,39.375,12,3
18036,2,0.0,50.625,15,5
18037,2,0.0,61.875,19,1
18038,2,0.0,73.125,14,4
18039,2,0.0,84.375,12,1
18040,2,0.0,95.625,10,3
18041,2,0.0,106.875,14,4
18042,2,0.0,118.125,14,3
18043,2,0.0,129.375,14,2
18044,2,0.0,140.625,10,3
18045,2,0.0,151.875,10,7
18046,2,0.0,163.125,11,2
18047,2,0.0,174.375,11,3
18048,2,0.0,-174.375,14,4
18049,2,0.0,-163.125,16,5
18050,2,0.0,-151.875,18,1
18051,2,0.0,-140.625,14,8
18052,2,0.0,-129.37500000000006,11,3
18053,2,0.0,-118.125,9,2
18054,2,0.0,-106.875,14,1
18055,2,0.0,-95.625,14,3
18056,2,0.0,-84.375,13,3
18057,2,0.0,-73.12500000000006,10,3
18058,2,0.0,-61.875,12,1
18059,2,0.0,-50.625,11,5
18060,2,0.0,-39.375,9,1
18061,2,0.0,-28.125,12,5
18062,2,0.0,-16.875,12,3
18063,2,0.0,-5.625,17,5
18064,2,-4.780191847199163,0.0,12,0
18065,2,-4.780191847199163,11.25,12,3
18066,2,-4.780191847199163,22.5,8,2
18067,2,-4.780191847199163,33.75,6,2
18068,2,-4.780191847199163,45.0,11,2
18069,2,-4.780191847199163,56.25,11,2
18070,2,-4.780191847199163,67.5,6,3
18071,2,-4.780191847199163,78.75,15,0
18072,2,-4.780191847199163,90.0,6,0
18073,2,-4.780191847199163,101.25,11,3
18074,2,-4.780191847199163,112.5,9,1
18075,2,-4.780191847199163,123.75,10,1
18076,2,-4.780191847199163,135.0,8,0
18077,2,-4.780191847199163,146.25,10,1
18078,2,-4.780191847199163,157.5,9,5
18079,2,-4.780191847199163,168.75,13,0
18080,2,-4.780191847199163,-180.0,8,3
18081,2,-4.780191847199163,-168.75,19,0
18082,2,-4.780191847199163,-157.5,15,0
18083,2,-4.780191847199163,-146.25,12,0
18084,2,-4.780191847199163,-135.0,15,5
18085,2,-4.780191847199163,-123.75,11,1
18086,2,-4.780191847199163,-112.5,9,0
18087,2,-4.780191847199163,-101.25,9,0
18088,2,-4.780191847199163,-90.0,12,1
18089,2,-4.780191847199163,-78.75000000000006,10,4
18090,2,-4.780191847199163,-67.5,9,0
18091,2,-4.780191847199163,-56.25,15,3
18092,2,-4.780191847199163,-45.0,12,2
18093,2,-4.780191847199163,-33.75000000000006,12,5
18094,2,-4.780191847199163,-22.5,15,1
18095,2,-4.780191847199163,-11.25,12,3
18096,2,-9.594068226860458,5.625,12,1
18097,2,-9.594068226860458,16.875,14,1
18098,2,-9.594068226860458,28.125,7,0
18099,2,-9.594068226860458,39.375,9,0
18100,2,-9.594068226860458,50.625,5,0
18101,2,-9.594068226860458,61.875,10,0
18102,2,-9.594068226860458,73.125,9,0
18103,2,-9.594068226860458,84.375,11,0
18104,2,-9.594068226860458,95.625,6,0
18105,2,-9.594068226860458,106.875,10,1
18106,2,-9.594068226860458,118.125,12,0
18107,2,-9.594068226860458,129.375,8,0
18108,2,-9.594068226860458,140.625,10,1
18109,2,-9.594068226860458,151.875,10,0
18110,2,-9.594068226860458,163.125,14,0
18111,2,-9.594068226860458,174.375,7,0
18112,2,-9.594068226860458,-174.375,18,0
18113,2,-9.594068226860458,-163.125,16,0
18114,2,-9.594068226860458,-151.875,11,0
18115,2,-9.594068226860458,-140.625,17,0
18116,2,-9.594068226860458,-129.37500000000006,11,0
18117,2,-9.594068226860458,-118.125,8,0
18118,2,-9.594068226860458,-106.875,10,0
18119,2,-9.594068226860458,-95.625,4,0
18120,2,-9.594068226860458,-84.375,9,1
18121,2,-9.594068226860458,-73.12500000000006,13,0
18122,2,-9.594068226860458,-61.875,19,0
18123,2,-9.594068226860458,-50.625,9,0
18124,2,-9.594068226860458,-39.375,9,1
18125,2,-9.594068226860458,-28.125,12,0
18126,2,-9.594068226860458,-16.875,5,0
18127,2,-9.594068226860458,-5.625,11,0
18128,2,-14.477512185929925,0.0,11,0
18129,2,-14.477512185929925,11.25,8,1
18130,2,-14.477512185929925,22.5,7,0
18131,2,-14.477512185929925,33.75,10,0
18132,2,-14.477512185929925,45.0,7,0
18133,2,-14.477512185929925,56.25,9,0
18134,2,-14.477512185929925,67.5,4,0
18135,2,-14.477512185929925,78.75,18,0
18136,2,-14.477512185929925,90.0,12,0
18137,2,-14.477512185929925,101.25,11,0
18138,2,-14.477512185929925,112.5,11,1
18139,2,-14.477512185929925,123.75,10,0
18140,2,-14.477512185929925,135.0,14,1
18141,2,-14.477512185929925,146.25,10,0
18142,2,-14.477512185929925,157.5,14,0
18143,2,-14.477512185929925,168.75,9,0
18144,2,-14.477512185929925,-180.0,16,0
18145,2,-14.477512185929925,-168.75,13,0
18146,2,-14.477512185929925,-157.5,7,0
18147,2,-14.477512185929925,-146.25,16,0
18148,2,-14.477512185929925,-135.0,15,0
18149,2,-14.477512185929925,-123.75,7,0
18150,2,-14.477512185929925,-112.5,13,0
18151,2,-14.477512185929925,-101.25,10,0
18152,2,-14.477512185929925,-90.0,11,0
18153,2,-14.477512185929925,-78.75000000000006,6,0
18154,2,-14.477512185929925,-67.5,10,0
18155,2,-14.477512185929925,-56.25,11,0
18156,2,-14.477512185929925,-45.0,8,0
18157,2,-14.477512185929925,-33.75000000000006,11,0
18158,2,-14.477512185929925,-22.5,13,0
18159,2,-14.477512185929925,-11.25,11,0
18160,2,-19.47122063449069,5.625,12,0
18161,2,-19.47122063449069,16.875,6,0
18162,2,-19.47122063449069,28.125,7,0
18163,2,-19.47122063449069,39.375,14,0
18164,2,-19.47122063449069,50.625,11,0
18165,2,-19.47122063449069,61.875,9,0
18166,2,-19.47122063449069,73.125,8,0
18167,2,-19.47122063449069,84.375,21,0
18168,2,-19.47122063449069,95.625,7,0
18169,2,-19.47122063449069,106.875,8,0
18170,2,-19.47122063449069,118.125,6,0
18171,2,-19.47122063449069,129.375,19,0
18172,2,-19.47122063449069,140.625,17,0
18173,2,-19.47122063449069,151.875,12,0
18174,2,-19.47122063449069,163.125,15,0
18175,2,-19.47122063449069,174.375,13,0
18176,2,-19.47122063449069,-174.375,14,0
18177,2,-19.47122063449069,-163.125,13,0
18178,2,-19.47122063449069,-151.875,10,0
18179,2,-19.47122063449069,-140.625,13,0
18180,2,-19.47122063449069,-129.37500000000006,8,0
18181,2,-19.47122063449069,-118.125,14,0
18182,2,-19.47122063449069,-106.875,17,0
18183,2,-19.47122063449069,-95.625,10,0
18184,2,-19.47122063449069,-84.375,7,0
18185,2,-19.47122063449069,-73.12500000000006,9,0
18186,2,-19.47122063449069,-61.875,5,0
18187,2,-19.47122063449069,-50.625,8,0
18188,2,-19.47122063449069,-39.375,10,0
18189,2,-19.47122063449069,-28.125,12,0
18190,2,-19.47122063449069,-16.875,9,0
18191,2,-19.47122063449069,-5.625,9,0
18192,2,-24.62431835216408,0.0,19,0
18193,2,-24.62431835216408,11.25,10,0
18194,2,-24.62431835216408,22.5,12,0
18195,2,-24.62431835216408,33.75,9,0
18196,2,-24.62431835216408,45.0,15,0
18197,2,-24.62431835216408,56.25,10,0
18198,2,-24.62431835216408,67.5,16,0
18199,2,-24.62431835216408,78.75,12,0
18200,2,-24.62431835216408,90.0,8,0
18201,2,-24.62431835216408,101.25,13,0
18202,2,-24.62431835216408,112.5,8,0
18203,2,-24.62431835216408,123.75,7,0
18204,2,-24.62431835216408,135.0,17,0
18205,2,-24.62431835216408,146.25,19,0
18206,2,-24.62431835216408,157.5,8,0
18207,2,-24.62431835216408,168.75,7,0
18208,2,-24.62431835216408,-180.0,10,0
18209,2,-24.62431835216408,-168.75,17,0
18210,2,-24.62431835216408,-157.5,8,0
18211,2,-24.62431835216408,-146.25,15,0
18212,2,-24.62431835216408,-135.0,10,0
18213,2,-24.62431835216408,-123.75,6,0
18214,2,-24.62431835216408,-112.5,14,0
18215,2,-24.62431835216408,-101.25,14,0
18216,2,-24.62431835216408,-90.0,15,0
18217,2,-24.62431835216408,-78.75000000000006,5,0
18218,2,-24.62431835216408,-67.5,13,0
18219,2,-24.62431835216408,-56.25,7,0
18220,2,-24.62431835216408,-45.0,14,0
18221,2,-24.62431835216408,-33.75000000000006,7,0
18222,2,-24.62431835216408,-22.5,12,0
18223,2,-24.62431835216408,-11.25,13,0
18224,2,-30.000000000000014,5.625,10,0
18225,2,-30.000000000000014,16.875,6,0
18226,2,-30.000000000000014,28.125,13,0
18227,2,-30.000000000000014,39.375,9,0
18228,2,-30.000000000000014,50.625,10,0
18229,2,-30.000000000000014,61.875,16,0
18230,2,-30.000000000000014,73.125,15,0
18231,2,-30.000000000000014,84.375,10,0
18232,2,-30.000000000000014,95.625,9,0
18233,2,-30.000000000000014,106.875,10,0
18234,2,-30.000000000000014,118.125,9,0
18235,2,-30.000000000000014,129.375,12,0
18236,2,-30.000000000000014,140.625,11,0
18237,2,-30.000000000000014,151.875,12,0
18238,2,-30.000000000000014,163.125,6,0
18239,2,-30.000000000000014,174.375,10,0
18240,2,-30.000000000000014,-174.375,14,0
18241,2,-30.000000000000014,-163.125,8,0
18242,2,-30.000000000000014,-151.875,16,0
18243,2,-30.000000000000014,-140.625,14,0
18244,2,-30.000000000000014,-129.37500000000006,8,0
18245,2,-30.000000000000014,-118.125,11,0
18246,2,-30.000000000000014,-106.875,12,0
18247,2,-30.000000000000014,-95.625,13,0
18248,2,-30.000000000000014,-84.375,13,0
18249,2,-30.000000000000014,-73.12500000000006,10,0
18250,2,-30.000000000000014,-61.875,12,0
18251,2,-30.000000000000014,-50.625,10,0
18252,2,-30.000000000000014,-39.375,9,0
18253,2,-30.000000000000014,-28.125,6,0
18254,2,-30.000000000000014,-16.875,9,0
18255,2,-30.000000000000014,-5.625,10,0
18256,2,-35.68533471265205,0.0,11,0
18257,2,-35.68533471265205,11.25,13,0
18258,2,-35.68533471265205,22.5,10,0
18259,2,-35.68533471265205,33.75,8,0
18260,2,-35.68533471265205,45.0,16,0
18261,2,-35.68533471265205,56.25,9,0
18262,2,-35.68533471265205,67.5,17,0
18263,2,-35.68533471265205,78.75,11,0
18264,2,-35.68533471265205,90.0,5,0
18265,2,-35.68533471265205,101.25,10,0
18266,2,-35.68533471265205,112.5,13,0
18267,2,-35.68533471265205,123.75,16,0
18268,2,-35.68533471265205,135.0,16,0
18269,2,-35.68533471265205,146.25,6,0
18270,2,-35.68533471265205,157.5,12,0
18271,2,-35.68533471265205,168.75,12,0
18272,2,-35.68533471265205,-180.0,16,0
18273,2,-35.68533471265205,-168.75,12,0
18274,2,-35.68533471265205,-157.5,10,0
18275,2,-35.68533471265205,-146.25,9,0
18276,2,-35.68533471265205,-135.0,7,0
18277,2,-35.68533471265205,-123.75,10,0
18278,2,-35.68533471265205,-112.5,6,0
18279,2,-35.68533471265205,-101.25,11,0
18280,2,-35.68533471265205,-90.0,7,0
18281,2,-35.68533471265205,-78.75000000000006,9,0
18282,2,-35.68533471265205,-67.5,8,0
18283,2,-35.68533471265205,-56.25,14,0
18284,2,-35.68533471265205,-45.0,10,0
18285,2,-35.68533471265205,-33.75000000000006,10,1
18286,2,-35.68533471265205,-22.5,7,0
18287,2,-35.68533471265205,-11.25,5,0
18288,2,-41.81031489577862,5.625,10,0
18289,2,-41.81031489577862,16.875,10,0
18290,2,-41.81031489577862,28.125,11,0
18291,2,-41.81031489577862,39.375,15,0
18292,2,-41.81031489577862,50.625,15,0
18293,2,-41.81031489577862,61.875,7,0
18294,2,-41.81031489577862,73.125,8,0
18295,2,-41.81031489577862,84.375,9,0
18296,2,-41.81031489577862,95.625,9,0
18297,2,-41.81031489577862,106.875,21,0
18298,2,-41.81031489577862,118.125,17,0
18299,2,-41.81031489577862,129.375,12,0
18300,2,-41.81031489577862,140.625,8,0
18301,2,-41.81031489577862,151.875,10,0
18302,2,-41.81031489577862,163.125,9,0
18303,2,-41.81031489577862,174.375,10,0
18304,2,-41.81031489577862,-174.375,10,0
18305,2,-41.81031489577862,-163.125,15,0
18306,2,-41.81031489577862,-151.875,14,0
18307,2,-41.81031489577862,-140.625,5,0
18308,2,-41.81031489577862,-129.37500000000006,12,0
18309,2,-41.81031489577862,-118.125,15,0
18310,2,-41.81031489577862,-106.875,14,0
18311,2,-41.81031489577862,-95.625,12,0
18312,2,-41.81031489577862,-84.375,11,0
18313,2,-41.81031489577862,-73.12500000000006,6,0
18314,2,-41.81031489577862,-61.875,6,0
18315,2,-41.81031489577862,-50.625,11,0
18316,2,-41.81031489577862,-39.375,12,1
18317,2,-41.81031489577862,-28.125,15,0
18318,2,-41.81031489577862,-16.875,11,0
18319,2,-41.81031489577862,-5.625,9,0
18320,2,-48.1412077943603,6.428571428571416,13,0
18321,2,-48.1412077943603,19.285714285714278,15,0
18322,2,-48.1412077943603,32.14285714285714,11,0
18323,2,-48.1412077943603,45.0,20,0
18324,2,-48.1412077943603,57.85714285714286,9,0
18325,2,-48.1412077943603,70.71428571428572,8,0
18326,2,-48.1412077943603,83.57142857142856,12,0
18327,2,-48.1412077943603,96.42857142857144,12,0
18328,2,-48.1412077943603,109.28571428571428,16,0
18329,2,-48.1412077943603,122.14285714285711,15,0
18330,2,-48.1412077943603,135.0,13,0
18331,2,-48.1412077943603,147.8571428571429,15,0
18332,2,-48.1412077943603,160.71428571428572,7,0
18333,2,-48.1412077943603,173.57142857142856,11,0
18334,2,-48.1412077943603,-173.57142857142856,10,0
18335,2,-48.1412077943603,-160.71428571428572,7,0
18336,2,-48.1412077943603,-147.8571428571429,5,0
18337,2,-48.1412077943603,-135.0,6,0
18338,2,-48.1412077943603,-122.14285714285711,9,0
18339,2,-48.1412077943603,-109.28571428571428,11,0
18340,2,-48.1412077943603,-96.42857142857144,11,0
18341,2,-48.1412077943603,-83.57142857142856,11,0
18342,2,-48.1412077943603,-70.71428571428572,4,0
18343,2,-48.1412077943603,-57.85714285714283,5,0
18344,2,-48.1412077943603,-45.0,15,0
18345,2,-48.1412077943603,-32.14285714285717,12,0
18346,2,-48.1412077943603,-19.28571428571422,15,0
18347,2,-48.1412077943603,-6.428571428571445,14,0
18348,2,-54.340912303861245,7.5,10,0
18349,2,-54.340912303861245,22.5,11,0
18350,2,-54.340912303861245,37.5,20,0
18351,2,-54.340912303861245,52.5,13,0
18352,2,-54.340912303861245,67.5,8,0
18353,2,-54.340912303861245,82.5,17,0
18354,2,-54.340912303861245,97.5,12,0
18355,2,-54.340912303861245,112.5,8,0
18356,2,-54.340912303861245,127.5,24,0
18357,2,-54.340912303861245,142.5,13,0
18358,2,-54.340912303861245,157.5,9,0
18359,2,-54.340912303861245,172.5,12,0
18360,2,-54.340912303861245,-172.5,14,0
18361,2,-54.340912303861245,-157.5,8,0
18362,2,-54.340912303861245,-142.5,9,0
18363,2,-54.340912303861245,-127.5,8,0
18364,2,-54.340912303861245,-112.5,14,0
18365,2,-54.340912303861245,-97.5,11,0
18366,2,-54.340912303861245,-82.5,9,0
18367,2,-54.340912303861245,-67.5,11,0
18368,2,-54.340912303861245,-52.50000000000006,15,0
18369,2,-54.340912303861245,-37.5,11,0
18370,2,-54.340912303861245,-22.5,11,0
18371,2,-54.340912303861245,-7.5,12,0
18372,2,-60.4344388449523,9.0,12,0
18373,2,-60.4344388449523,27.0,11,0
18374,2,-60.4344388449523,45.0,14,0
18375,2,-60.4344388449523,63.0,9,0
18376,2,-60.4344388449523,81.0,16,0
18377,2,-60.4344388449523,99.0,9,0
18378,2,-60.4344388449523,117.0,10,0
18379,2,-60.4344388449523,135.0,16,0
18380,2,-60.4344388449523,153.0,6,0
18381,2,-60.4344388449523,171.0,8,0
18382,2,-60.4344388449523,-171.0,12,0
18383,2,-60.4344388449523,-153.0,10,0
18384,2,-60.4344388449523,-135.0,8,0
18385,2,-60.4344388449523,-117.0,11,0
18386,2,-60.4344388449523,-99.0,10,0
18387,2,-60.4344388449523,-81.0,7,0
18388,2,-60.4344388449523,-63.0,11,0
18389,2,-60.4344388449523,-45.0,14,0
18390,2,-60.4344388449523,-27.0,9,0
18391,2,-60.4344388449523,-9.0,11,0
18392,2,-66.44353569089876,11.25,17,0
18393,2,-66.44353569089876,33.75,10,0
18394,2,-66.44353569089876,56.25,17,0
18395,2,-66.44353569089876,78.75,16,0
18396,2,-66.44353569089876,101.25,12,0
18397,2,-66.44353569089876,123.75,13,0
18398,2,-66.44353569089876,146.25,9,0
18399,2,-66.44353569089876,168.75,9,0
18400,2,-66.44353569089876,-168.75,10,0
18401,2,-66.44353569089876,-146.25,10,0
18402,2,-66.44353569089876,-123.75,9,0
18403,2,-66.44353569089876,-101.25,12,0
18404,2,-66.44353569089876,-78.75,17,0
18405,2,-66.44353569089876,-56.25,15,0
18406,2,-66.44353569089876,-33.75,9,0
18407,2,-66.44353569089876,-11.25,11,0
18408,2,-72.38756092964962,15.0,12,0
18409,2,-72.38756092964962,45.0,15,0
18410,2,-72.38756092964962,75.0,15,0
18411,2,-72.38756092964962,105.0,10,0
18412,2,-72.38756092964962,135.0,12,0
18413,2,-72.38756092964962,165.0,7,0
18414,2,-72.38756092964962,-165.0,10,0
18415,2,-72.38756092964962,-135.0,9,0
18416,2,-72.38756092964962,-105.0,15,0
18417,2,-72.38756092964962,-75.0,11,0
18418,2,-72.38756092964962,-45.0,10,0
18419,2,-72.38756092964962,-15.0,8,0
18420,2,-78.28414760510762,22.5,16,0
18421,2,-78.28414760510762,67.5,8,0
18422,2,-78.28414760510762,112.5,11,0
18423,2,-78.28414760510762,157.5,8,0
18424,2,-78.28414760510762,-157.5,12,0
18425,2,-78.28414760510762,-112.5,15,0
18426,2,-78.28414760510762,-67.5,9,0
18427,2,-78.28414760510762,-22.5,13,0
18428,2,-84.14973293629666,45.0,12,0
18429,2,-84.14973293629666,135.0,8,0
18430,2,-84.14973293629666,-135.0,11,0
18431,2,-84.14973293629666,-45.0,15,0
18432,2,84.14973293629666,45.0,16,0
18433,2,84.14973293629666,135.0,9,0
18434,2,84.14973293629666,-135.0,11,0
18435,2,84.14973293629666,-45.0,12,0
18436,2,78.28414760510762,22.5,10,0
18437,2,78.28414760510762,67.5,9,0
18438,2,78.28414760510762,112.5,13,0
18439,2,78.28414760510762,157.5,11,0
18440,2,78.28414760510762,-157.5,4,0
18441,2,78.28414760510762,-112.5,18,0
18442,2,78.28414760510762,-67.5,8,0
18443,2,78.28414760510762,-22.5,16,0
18444,2,72.38756092964962,15.0,9,0
18445,2,72.38756092964962,45.0,10,0
18446,2,72.38756092964962,75.0,11,0
18447,2,72.38756092964962,105.0,9,0
18448,2,72.38756092964962,135.0,5,0
18449,2,72.38756092964962,165.0,7,0
18450,2,72.38756092964962,-165.0,3,0
18451,2,72.38756092964962,-135.0,12,0
18452,2,72.38756092964962,-105.0,15,0
18453,2,72.38756092964962,-75.0,8,0
18454,2,72.38756092964962,-45.0,14,0
18455,2,72.38756092964962,-15.0,18,0
18456,2,66.44353569089877,11.25,9,0
18457,2,66.44353569089877,33.75,14,0
18458,2,66.44353569089877,56.25,10,0
18459,2,66.44353569089877,78.75,9,0
18460,2,66.44353569089877,101.25,9,0
18461,2,66.44353569089877,123.75,8,0
18462,2,66.44353569089877,146.25,8,0
18463,2,66.44353569089877,168.75,5,0
18464,2,66.44353569089877,-168.75,10,0
18465,2,66.44353569089877,-146.25,8,0
18466,2,66.44353569089877,-123.75,7,0
18467,2,66.44353569089877,-101.25,12,0
18468,2,66.44353569089877,-78.75,12,0
18469,2,66.44353569089877,-56.25,14,0
18470,2,66.44353569089877,-33.75,11,0
18471,2,66.44353569089877,-11.25,13,0
18472,2,60.43443884495228,9.0,10,0
18473,2,60.43443884495228,27.0,15,0
18474,2,60.43443884495228,45.0,7,0
18475,2,60.43443884495228,63.0,10,0
18476,2,60.43443884495228,81.0,16,0
18477,2,60.43443884495228,99.0,9,0
18478,2,60.43443884495228,117.0,8,0
18479,2,60.43443884495228,135.0,14,0
18480,2,60.43443884495228,153.0,13,0
18481,2,60.43443884495228,171.0,9,0
18482,2,60.43443884495228,-171.0,12,0
18483,2,60.43443884495228,-153.0,10,0
18484,2,60.43443884495228,-135.0,14,0
18485,2,60.43443884495228,-117.0,7,0
18486,2,60.43443884495228,-99.0,11,0
18487,2,60.43443884495228,-81.0,13,0
18488,2,60.43443884495228,-63.0,11,0
18489,2,60.43443884495228,-45.0,10,0
18490,2,60.43443884495228,-27.0,12,0
18491,2,60.43443884495228,-9.0,13,0
18492,2,54.340912303861245,7.5,12,0
18493,2,54.340912303861245,22.5,14,0
18494,2,54.340912303861245,37.5,14,0
18495,2,54.340912303861245,52.5,10,0
18496,2,54.340912303861245,67.5,13,0
18497,2,54.340912303861245,82.5,8,0
18498,2,54.340912303861245,97.5,13,0
18499,2,54.340912303861245,112.5,6,0
18500,2,54.340912303861245,127.5,14,0
18501,2,54.340912303861245,142.5,17,0
18502,2,54.340912303861245,157.5,11,0
18503,2,54.340912303861245,172.5,8,0
18504,2,54.340912303861245,-172.5,7,0
18505,2,54.340912303861245,-157.5,9,0
18506,2,54.340912303861245,-142.5,12,0
18507,2,54.340912303861245,-127.5,16,0
18508,2,54.340912303861245,-112.5,8,0
18509,2,54.340912303861245,-97.5,10,0
18510,2,54.340912303861245,-82.5,17,0
18511,2,54.340912303861245,-67.5,10,0
18512,2,54.340912303861245,-52.50000000000006,14,0
18513,2,54.340912303861245,-37.5,6,0
18514,2,54.340912303861245,-22.5,5,0
18515,2,54.340912303861245,-7.5,13,0
18516,2,48.141207794360284,6.428571428571416,13,0
18517,2,48.141207794360284,19.285714285714278,16,0
18518,2,48.141207794360284,32.14285714285714,9,0
18519,2,48.141207794360284,45.0,11,0
18520,2,48.141207794360284,57.85714285714286,12,0
18521,2,48.141207794360284,70.71428571428572,12,0
18522,2,48.141207794360284,83.57142857142856,15,0
18523,2,48.141207794360284,96.42857142857144,18,0
18524,2,48.141207794360284,109.28571428571428,11,0
18525,2,48.141207794360284,122.14285714285711,7,0
18526,2,48.141207794360284,135.0,8,0
18527,2,48.141207794360284,147.8571428571429,15,0
18528,2,48.141207794360284,160.71428571428572,12,0
18529,2,48.141207794360284,173.57142857142856,9,0
18530,2,48.141207794360284,-173.57142857142856,10,0
18531,2,48.141207794360284,-160.71428571428572,12,0
18532,2,48.141207794360284,-147.8571428571429,11,0
18533,2,48.141207794360284,-135.0,8,0
18534,2,48.141207794360284,-122.14285714285711,17,0
18535,2,48.141207794360284,-109.28571428571428,10,0
18536,2,48.141207794360284,-96.42857142857144,11,0
18537,2,48.141207794360284,-83.57142857142856,13,0
18538,2,48.141207794360284,-70.71428571428572,9,0
18539,2,48.141207794360284,-57.85714285714283,12,0
18540,2,48.141207794360284,-45.0,17,0
18541,2,48.141207794360284,-32.14285714285717,13,0
18542,2,48.141207794360284,-19.28571428571422,13,0
18543,2,48.141207794360284,-6.428571428571445,12,0
18544,2,41.81031489577859,5.625,12,0
18545,2,41.81031489577859,16.875,16,0
18546,2,41.81031489577859,28.125,13,0
18547,2,41.81031489577859,39.375,5,0
18548,2,41.81031489577859,50.625,13,0
18549,2,41.81031489577859,61.875,12,0
18550,2,41.81031489577859,73.125,13,0
18551,2,41.81031489577859,84.375,19,0
18552,2,41.81031489577859,95.625,16,0
18553,2,41.81031489577859,106.875,12,0
18554,2,41.81031489577859,118.125,8,0
18555,2,41.81031489577859,129.375,6,0
18556,2,41.81031489577859,140.625,12,0
18557,2,41.81031489577859,151.875,9,0
18558,2,41.81031489577859,163.125,12,0
18559,2,41.81031489577859,174.375,20,0
18560,2,41.81031489577859,-174.375,4,0
18561,2,41.81031489577859,-163.125,11,0
18562,2,41.81031489577859,-151.875,14,0
18563,2,41.81031489577859,-140.625,10,0
18564,2,41.81031489577859,-129.37500000000006,6,0
18565,2,41.81031489577859,-118.125,16,0
18566,2,41.81031489577859,-106.875,11,0
18567,2,41.81031489577859,-95.625,9,0
18568,2,41.81031489577859,-84.375,17,0
18569,2,41.81031489577859,-73.12500000000006,13,0
18570,2,41.81031489577859,-61.875,10,0
18571,2,41.81031489577859,-50.625,13,0
18572,2,41.81031489577859,-39.375,14,0
18573,2,41.81031489577859,-28.125,9,0
18574,2,41.81031489577859,-16.875,10,0
18575,2,41.81031489577859,-5.625,14,0
18576,2,35.68533471265204,0.0,13,0
18577,2,35.68533471265204,11.25,15,0
18578,2,35.68533471265204,22.5,5,0
18579,2,35.68533471265204,33.75,10,0
18580,2,35.68533471265204,45.0,11,0
18581,2,35.68533471265204,56.25,12,0
18582,2,35.68533471265204,67.5,12,0
18583,2,35.68533471265204,78.75,6,0
18584,2,35.68533471265204,90.0,10,0
18585,2,35.68533471265204,101.25,10,0
18586,2,35.68533471265204,112.5,12,0
18587,2,35.68533471265204,123.75,5,0
18588,2,35.68533471265204,135.0,10,0
18589,2,35.68533471265204,146.25,10,0
18590,2,35.68533471265204,157.5,15,0
18591,2,35.68533471265204,168.75,11,0
18592,2,35.68533471265204,-180.0,11,0
18593,2,35.68533471265204,-168.75,8,0
18594,2,35.68533471265204,-157.5,16,0
18595,2,35.68533471265204,-146.25,11,0
18596,2,35.68533471265204,-135.0,6,0
18597,2,35.68533471265204,-123.75,9,0
18598,2,35.68533471265204,-112.5,12,0
18599,2,35.68533471265204,-101.25,9,0
18600,2,35.68533471265204,-90.0,10,0
18601,2,35.68533471265204,-78.75000000000006,14,0
18602,2,35.68533471265204,-67.5,7,0
18603,2,35.68533471265204,-56.25,8,0
18604,2,35.68533471265204,-45.0,16,0
18605,2,35.68533471265204,-33.75000000000006,11,0
18606,2,35.68533471265204,-22.5,9,0
18607,2,35.68533471265204,-11.25,7,0
18608,2,30.000000000000007,5.625,8,0
18609,2,30.000000000000007,16.875,8,0
18610,2,30.000000000000007,28.125,9,0
18611,2,30.000000000000007,39.375,11,0
18612,2,30.000000000000007,50.625,9,0
18613,2,30.000000000000007,61.875,9,0
18614,2,30.000000000000007,73.125,6,0
18615,2,30.000000000000007,84.375,6,0
18616,2,30.000000000000007,95.625,15,0
18617,2,30.000000000000007,106.875,17,0
18618,2,30.000000000000007,118.125,7,0
18619,2,30.000000000000007,129.375,12,0
18620,2,30.000000000000007,140.625,13,0
18621,2,30.000000000000007,151.875,14,0
18622,2,30.000000000000007,163.125,13,0
18623,2,30.000000000000007,174.375,11,0
18624,2,30.000000000000007,-174.375,8,0
18625,2,30.000000000000007,-163.125,13,0
18626,2,30.000000000000007,-151.875,16,0
18627,2,30.000000000000007,-140.625,12,0
18628,2,30.000000000000007,-129.37500000000006,12,0
18629,2,30.000000000000007,-118.125,10,0
18630,2,30.000000000000007,-106.875,11,0
18631,2,30.000000000000007,-95.625,9,0
18632,2,30.000000000000007,-84.375,14,0
18633,2,30.000000000000007,-73.12500000000006,12,0
18634,2,30.000000000000007,-61.875,6,0
18635,2,30.000000000000007,-50.625,12,0
18636,2,30.000000000000007,-39.375,10,0
18637,2,30.000000000000007,-28.125,11,0
18638,2,30.000000000000007,-16.875,9,0
18639,2,30.000000000000007,-5.625,6,0
18640,2,24.62431835216408,0.0,11,0
18641,2,24.62431835216408,11.25,12,0
18642,2,24.62431835216408,22.5,6,0
18643,2,24.62431835216408,33.75,11,0
18644,2,24.62431835216408,45.0,21,0
18645,2,24.62431835216408,56.25,9,0
18646,2,24.62431835216408,67.5,8,0
18647,2,24.62431835216408,78.75,14,0
18648,2,24.62431835216408,90.0,7,0
18649,2,24.62431835216408,101.25,15,0
18650,2,24.62431835216408,112.5,8,0
18651,2,24.62431835216408,123.75,12,0
18652,2,24.62431835216408,135.0,11,0
18653,2,24.62431835216408,146.25,11,0
18654,2,24.62431835216408,157.5,11,0
18655,2,24.62431835216408,168.75,16,0
18656,2,24.62431835216408,-180.0,10,1
18657,2,24.62431835216408,-168.75,15,0
18658,2,24.62431835216408,-157.5,11,0
18659,2,24.62431835216408,-146.25,11,0
18660,2,24.62431835216408,-135.0,11,0
18661,2,24.62431835216408,-123.75,7,0
18662,2,24.62431835216408,-112.5,15,0
18663,2,24.62431835216408,-101.25,8,0
18664,2,24.62431835216408,-90.0,16,0
18665,2,24.62431835216408,-78.75000000000006,16,0
18666,2,24.62431835216408,-67.5,11,0
18667,2,24.62431835216408,-56.25,7,0
18668,2,24.62431835216408,-45.0,15,0
18669,2,24.62431835216408,-33.75000000000006,9,0
18670,2,24.62431835216408,-22.5,11,0
18671,2,24.62431835216408,-11.25,4,0
18672,2,19.47122063449069,5.625,13,0
18673,2,19.47122063449069,16.875,12,0
18674,2,19.47122063449069,28.125,8,0
18675,2,19.47122063449069,39.375,18,0
18676,2,19.47122063449069,50.625,14,0
18677,2,19.47122063449069,61.875,8,0
18678,2,19.47122063449069,73.125,16,0
18679,2,19.47122063449069,84.375,10,0
18680,2,19.47122063449069,95.625,15,0
18681,2,19.47122063449069,106.875,5,0
18682,2,19.47122063449069,118.125,9,0
18683,2,19.47122063449069,129.375,15,0
18684,2,19.47122063449069,140.625,13,0
18685,2,19.47122063449069,151.875,10,0
18686,2,19.47122063449069,163.125,23,0
18687,2,19.47122063449069,174.375,9,0
18688,2,19.47122063449069,-174.375,12,0
18689,2,19.47122063449069,-163.125,8,0
18690,2,19.47122063449069,-151.875,9,0
18691,2,19.47122063449069,-140.625,8,0
18692,2,19.47122063449069,-129.37500000000006,11,0
18693,2,19.47122063449069,-118.125,13,0
18694,2,19.47122063449069,-106.875,8,0
18695,2,19.47122063449069,-95.625,13,0
18696,2,19.47122063449069,-84.375,14,0
18697,2,19.47122063449069,-73.12500000000006,7,0
18698,2,19.47122063449069,-61.875,10,0
18699,2,19.47122063449069,-50.625,16,0
18700,2,19.47122063449069,-39.375,11,0
18701,2,19.47122063449069,-28.125,14,0
18702,2,19.47122063449069,-16.875,9,0
18703,2,19.47122063449069,-5.625,9,0
18704,2,14.477512185929925,0.0,12,0
18705,2,14.477512185929925,11.25,13,0
18706,2,14.477512185929925,22.5,13,0
18707,2,14.477512185929925,33.75,7,0
18708,2,14.477512185929925,45.0,15,0
18709,2,14.477512185929925,56.25,10,0
18710,2,14.477512185929925,67.5,13,0
18711,2,14.477512185929925,78.75,13,0
18712,2,14.477512185929925,90.0,11,0
18713,2,14.477512185929925,101.25,12,0
18714,2,14.477512185929925,112.5,14,0
18715,2,14.477512185929925,123.75,14,0
18716,2,14.477512185929925,135.0,12,0
18717,2,14.477512185929925,146.25,13,0
18718,2,14.477512185929925,157.5,14,0
18719,2,14.477512185929925,168.75,13,0
18720,2,14.477512185929925,-180.0,11,0
18721,2,14.477512185929925,-168.75,11,0
18722,2,14.477512185929925,-157.5,13,0
18723,2,14.477512185929925,-146.25,10,0
18724,2,14.477512185929925,-135.0,11,0
18725,2,14.477512185929925,-123.75,9,0
18726,2,14.477512185929925,-112.5,12,0
18727,2,14.477512185929925,-101.25,9,0
18728,2,14.477512185929925,-90.0,10,0
18729,2,14.477512185929925,-78.75000000000006,12,0
18730,2,14.477512185929925,-67.5,13,0
18731,2,14.477512185929925,-56.25,14,0
18732,2,14.477512185929925,-45.0,9,0
18733,2,14.477512185929925,-33.75000000000006,12,0
18734,2,14.477512185929925,-22.5,10,0
18735,2,14.477512185929925,-11.25,9,0
18736,2,9.594068226860458,5.625,10,0
18737,2,9.594068226860458,16.875,12,1
18738,2,9.594068226860458,28.125,12,0
18739,2,9.594068226860458,39.375,13,0
18740,2,9.594068226860458,50.625,6,1
18741,2,9.594068226860458,61.875,11,0
18742,2,9.594068226860458,73.125,7,2
18743,2,9.594068226860458,84.375,11,0
18744,2,9.594068226860458,95.625,11,0
18745,2,9.594068226860458,106.875,20,1
18746,2,9.594068226860458,118.125,10,0
18747,2,9.594068226860458,129.375,14,0
18748,2,9.594068226860458,140.625,15,0
18749,2,9.594068226860458,151.875,12,1
18750,2,9.594068226860458,163.125,16,0
18751,2,9.594068226860458,174.375,8,0
18752,2,9.594068226860458,-174.375,15,0
18753,2,9.594068226860458,-163.125,13,0
18754,2,9.594068226860458,-151.875,14,0
18755,2,9.594068226860458,-140.625,8,0
18756,2,9.594068226860458,-129.37500000000006,13,0
18757,2,9.594068226860458,-118.125,8,0
18758,2,9.594068226860458,-106.875,15,0
18759,2,9.594068226860458,-95.625,12,0
18760,2,9.594068226860458,-84.375,11,0
18761,2,9.594068226860458,-73.12500000000006,14,1
18762,2,9.594068226860458,-61.875,11,0
18763,2,9.594068226860458,-50.625,13,0
18764,2,9.594068226860458,-39.375,12,0
18765,2,9.594068226860458,-28.125,8,1
18766,2,9.594068226860458,-16.875,5,0
18767,2,9.594068226860458,-5.625,9,0
18768,2,4.780191847199163,0.0,8,4
18769,2,4.780191847199163,11.25,6,2
18770,2,4.780191847199163,22.5,16,1
18771,2,4.780191847199163,33.75,8,3
18772,2,4.780191847199163,45.0,11,3
18773,2,4.780191847199163,56.25,11,0
18774,2,4.780191847199163,67.5,17,4
18775,2,4.780191847199163,78.75,14,1
18776,2,4.780191847199163,90.0,11,1
18777,2,4.780191847199163,101.25,18,4
18778,2,4.780191847199163,112.5,14,2
18779,2,4.780191847199163,123.75,13,1
18780,2,4.780191847199163,135.0,5,4
18781,2,4.780191847199163,146.25,13,2
18782,2,4.780191847199163,157.5,13,1
18783,2,4.780191847199163,168.75,14,1
18784,2,4.780191847199163,-180.0,7,3
18785,2,4.780191847199163,-168.75,18,3
18786,2,4.780191847199163,-157.5,10,4
18787,2,4.780191847199163,-146.25,15,2
18788,2,4.780191847199163,-135.0,15,5
18789,2,4.780191847199163,-123.75,6,3
18790,2,4.780191847199163,-112.5,20,1
18791,2,4.780191847199163,-101.25,13,3
18792,2,4.780191847199163,-90.0,15,2
18793,2,4.780191847199163,-78.75000000000006,9,2
18794,2,4.780191847199163,-67.5,17,3
18795,2,4.780191847199163,-56.25,7,2
18796,2,4.780191847199163,-45.0,15,1
18797,2,4.780191847199163,-33.75000000000006,12,4
18798,2,4.780191847199163,-22.5,8,2
18799,2,4.780191847199163,-11.25,14,3
18800,2,0.0,5.625,9,4
18801,2,0.0,16.875,11,3
18802,2,0.0,28.125,10,2
18803,2,0.0,39.375,12,3
18804,2,0.0,50.625,15,5
18805,2,0.0,61.875,19,1
18806,2,0.0,73.125,14,4
18807,2,0.0,84.375,12,1
18808,2,0.0,95.625,10,3
18809,2,0.0,106.875,14,4
18810,2,0.0,118.125,14,3
18811,2,0.0,129.375,14,2
18812,2,0.0,140.625,10,3
18813,2,0.0,151.875,10,7
18814,2,0.0,163.125,11,2
18815,2,0.0,174.375,11,3
18816,2,0.0,-174.375,14,4
18817,2,0.0,-163.125,16,5
18818,2,0.0,-151.875,18,1
18819,2,0.0,-140.625,14,8
18820,2,0.0,-129.37500000000006,11,3
18821,2,0.0,-118.125,9,2
18822,2,0.0,-106.875,14,1
18823,2,0.0,-95.625,14,3
18824,2,0.0,-84.375,13,3
18825,2,0.0,-73.12500000000006,10,3
18826,2,0.0,-61.875,12,1
18827,2,0.0,-50.625,11,5
18828,2,0.0,-39.375,9,1
18829,2,0.0,-28.125,12,5
18830,2,0.0,-16.875,12,3
18831,2,0.0,-5.625,17,5
18832,2,-4.780191847199163,0.0,12,0
18833,2,-4.780191847199163,11.25,12,3
18834,2,-4.780191847199163,22.5,8,2
18835,2,-4.780191847199163,33.75,6,2
18836,2,-4.780191847199163,45.0,11,2
18837,2,-4.780191847199163,56.25,11,2
18838,2,-4.780191847199163,67.5,6,3
18839,2,-4.780191847199163,78.75,15,0
18840,2,-4.780191847199163,90.0,6,0
18841,2,-4.780191847199163,101.25,11,3
18842,2,-4.780191847199163,112.5,9,1
18843,2,-4.780191847199163,123.75,10,1
18844,2,-4.780191847199163,135.0,8,0
18845,2,-4.780191847199163,146.25,10,1
18846,2,-4.780191847199163,157.5,9,5
18847,2,-4.780191847199163,168.75,13,0
18848,2,-4.780191847199163,-180.0,8,3
18849,2,-4.780191847199163,-168.75,19,0
18850,2,-4.780191847199163,-157.5,15,0
18851,2,-4.780191847199163,-146.25,12,0
18852,2,-4.780191847199163,-135.0,15,5
18853,2,-4.780191847199163,-123.75,11,1
18854,2,-4.780191847199163,-112.5,9,0
18855,2,-4.780191847199163,-101.25,9,0
18856,2,-4.780191847199163,-90.0,12,1
18857,2,-4.780191847199163,-78.75000000000006,10,4
18858,2,-4.780191847199163,-67.5,9,0
18859,2,-4.780191847199163,-56.25,15,3
18860,2,-4.780191847199163,-45.0,12,2
18861,2,-4.780191847199163,-33.75000000000006,12,5
18862,2,-4.780191847199163,-22.5,15,1
18863,2,-4.780191847199163,-11.25,12,3
18864,2,-9.594068226860458,5.625,12,1
18865,2,-9.594068226860458,16.875,14,1
18866,2,-9.594068226860458,28.125,7,0
18867,2,-9.594068226860458,39.375,9,0
18868,2,-9.594068226860458,50.625,5,0
18869,2,-9.594068226860458,61.875,10,0
18870,2,-9.594068226860458,73.125,9,0
18871,2,-9.594068226860458,84.375,11,0
18872,2,-9.594068226860458,95.625,6,0
18873,2,-9.594068226860458,106.875,10,1
18874,2,-9.594068226860458,118.125,12,0
18875,2,-9.594068226860458,129.375,8,0
18876,2,-9.594068226860458,140.625,10,1
18877,2,-9.594068226860458,151.875,10,0
18878,2,-9.594068226860458,163.125,14,0
18879,2,-9.594068226860458,174.375,7,0
18880,2,-9.594068226860458,-174.375,18,0
18881,2,-9.594068226860458,-163.125,16,0
18882,2,-9.594068226860458,-151.875,11,0
18883,2,-9.594068226860458,-140.625,17,0
18884,2,-9.594068226860458,-129.37500000000006,11,0
18885,2,-9.594068226860458,-118.125,8,0
18886,2,-9.594068226860458,-106.875,10,0
18887,2,-9.594068226860458,-95.625,4,0
18888,2,-9.594068226860458,-84.375,9,1
18889,2,-9.594068226860458,-73.12500000000006,13,0
18890,2,-9.594068226860458,-61.875,19,0
18891,2,-9.594068226860458,-50.625,9,0
18892,2,-9.594068226860458,-39.375,9,1
18893,2,-9.594068226860458,-28.125,12,0
18894,2,-9.594068226860458,-16.875,5,0
18895,2,-9.594068226860458,-5.625,11,0
18896,2,-14.477512185929925,0.0,11,0
18897,2,-14.477512185929925,11.25,8,1
18898,2,-14.477512185929925,22.5,7,0
18899,2,-14.477512185929925,33.75,10,0
18900,2,-14.477512185929925,45.0,7,0
18901,2,-14.477512185929925,56.25,9,0
18902,2,-14.477512185929925,67.5,4,0
18903,2,-14.477512185929925,78.75,18,0
18904,2,-14.477512185929925,90.0,12,0
18905,2,-14.477512185929925,101.25,11,0
18906,2,-14.477512185929925,112.5,11,1
18907,2,-14.477512185929925,123.75,10,0
18908,2,-14.477512185929925,135.0,14,1
18909,2,-14.477512185929925,146.25,10,0
18910,2,-14.477512185929925,157.5,14,0
18911,2,-14.477512185929925,168.75,9,0
18912,2,-14.477512185929925,-180.0,16,0
18913,2,-14.477512185929925,-168.75,13,0
18914,2,-14.477512185929925,-157.5,7,0
18915,2,-14.477512185929925,-146.25,16,0
18916,2,-14.477512185929925,-135.0,15,0
18917,2,-14.477512185929925,-123.75,7,0
18918,2,-14.477512185929925,-112.5,13,0
18919,2,-14.477512185929925,-101.25,10,0
18920,2,-14.477512185929925,-90.0,11,0
18921,2,-14.477512185929925,-78.75000000000006,6,0
18922,2,-14.477512185929925,-67.5,10,0
18923,2,-14.477512185929925,-56.25,11,0
18924,2,-14.477512185929925,-45.0,8,0
18925,2,-14.477512185929925,-33.75000000000006,11,0
18926,2,-14.477512185929925,-22.5,13,0
18927,2,-14.477512185929925,-11.25,11,0
18928,2,-19.47122063449069,5.625,12,0
18929,2,-19.47122063449069,16.875,6,0
18930,2,-19.47122063449069,28.125,7,0
18931,2,-19.47122063449069,39.375,14,0
18932,2,-19.47122063449069,50.625,11,0
18933,2,-19.47122063449069,61.875,9,0
18934,2,-19.47122063449069,73.125,8,0
18935,2,-19.47122063449069,84.375,21,0
18936,2,-19.47122063449069,95.625,7,0
18937,2,-19.47122063449069,106.875,8,0
18938,2,-19.47122063449069,118.125,6,0
18939,2,-19.47122063449069,129.375,19,0
18940,2,-19.47122063449069,140.625,17,0
18941,2,-19.47122063449069,151.875,12,0
18942,2,-19.47122063449069,163.125,15,0
18943,2,-19.47122063449069,174.375,13,0
18944,2,-19.47122063449069,-174.375,14,0
18945,2,-19.47122063449069,-163.125,13,0
18946,2,-19.47122063449069,-151.875,10,0
18947,2,-19.47122063449069,-140.625,13,0
18948,2,-19.47122063449069,-129.37500000000006,8,0
18949,2,-19.47122063449069,-118.125,14,0
18950,2,-19.47122063449069,-106.875,17,0
18951,2,-19.47122063449069,-95.625,10,0
18952,2,-19.47122063449069,-84.375,7,0
18953,2,-19.47122063449069,-73.12500000000006,9,0
18954,2,-19.47122063449069,-61.875,5,0
18955,2,-19.47122063449069,-50.625,8,0
18956,2,-19.47122063449069,-39.375,10,0
18957,2,-19.47122063449069,-28.125,12,0
18958,2,-19.47122063449069,-16.875,9,0
18959,2,-19.47122063449069,-5.625,9,0
18960,2,-24.62431835216408,0.0,19,0
18961,2,-24.62431835216408,11.25,10,0
18962,2,-24.62431835216408,22.5,12,0
18963,2,-24.62431835216408,33.75,9,0
18964,2,-24.62431835216408,45.0,15,0
18965,2,-24.62431835216408,56.25,10,0
18966,2,-24.62431835216408,67.5,16,0
18967,2,-24.62431835216408,78.75,12,0
18968,2,-24.62431835216408,90.0,8,0
18969,2,-24.62431835216408,101.25,13,0
18970,2,-24.62431835216408,112.5,8,0
18971,2,-24.62431835216408,123.75,7,0
18972,2,-24.62431835216408,135.0,17,0
18973,2,-24.62431835216408,146.25,19,0
18974,2,-24.62431835216408,157.5,8,0
18975,2,-24.62431835216408,168.75,7,0
18976,2,-24.62431835216408,-180.0,10,0
18977,2,-24.62431835216408,-168.75,17,0
18978,2,-24.62431835216408,-157.5,8,0
18979,2,-24.62431835216408,-146.25,15,0
18980,2,-24.62431835216408,-135.0,10,0
18981,2,-24.62431835216408,-123.75,6,0
18982,2,-24.62431835216408,-112.5,14,0
18983,2,-24.62431835216408,-101.25,14,0
18984,2,-24.62431835216408,-90.0,15,0
18985,2,-24.62431835216408,-78.75000000000006,5,0
18986,2,-24.62431835216408,-67.5,13,0
18987,2,-24.62431835216408,-56.25,7,0
18988,2,-24.62431835216408,-45.0,14,0
18989,2,-24.62431835216408,-33.75000000000006,7,0
18990,2,-24.62431835216408,-22.5,12,0
18991,2,-24.62431835216408,-11.25,13,0
18992,2,-30.000000000000014,5.625,10,0
18993,2,-30.000000000000014,16.875,6,0
18994,2,-30.000000000000014,28.125,13,0
18995,2,-30.000000000000014,39.375,9,0
18996,2,-30.000000000000014,50.625,10,0
18997,2,-30.000000000000014,61.875,16,0
18998,2,-30.000000000000014,73.125,15,0
18999,2,-30.000000000000014,84.375,10,0
19000,2,-30.000000000000014,95.625,9,0
19001,2,-30.000000000000014,106.875,10,0
19002,2,-30.000000000000014,118.125,9,0
19003,2,-30.000000000000014,129.375,12,0
19004,2,-30.000000000000014,140.625,11,0
19005,2,-30.000000000000014,151.875,12,0
19006,2,-30.000000000000014,163.125,6,0
19007,2,-30.000000000000014,174.375,10,0
19008,2,-30.000000000000014,-174.375,14,0
19009,2,-30.000000000000014,-163.125,8,0
19010,2,-30.000000000000014,-151.875,16,0
19011,2,-30.000000000000014,-140.625,14,0
19012,2,-30.000000000000014,-129.37500000000006,8,0
19013,2,-30.000000000000014,-118.125,11,0
19014,2,-30.000000000000014,-106.875,12,0
19015,2,-30.000000000000014,-95.625,13,0
19016,2,-30.000000000000014,-84.375,13,0
19017,2,-30.000000000000014,-73.12500000000006,10,0
19018,2,-30.000000000000014,-61.875,12,0
19019,2,-30.000000000000014,-50.625,10,0
19020,2,-30.000000000000014,-39.375,9,0
19021,2,-30.000000000000014,-28.125,6,0
19022,2,-30.000000000000014,-16.875,9,0
19023,2,-30.000000000000014,-5.625,10,0
19024,2,-35.68533471265205,0.0,11,0
19025,2,-35.68533471265205,11.25,13,0
19026,2,-35.68533471265205,22.5,10,0
19027,2,-35.68533471265205,33.75,8,0
19028,2,-35.68533471265205,45.0,16,0
19029,2,-35.68533471265205,56.25,9,0
19030,2,-35.68533471265205,67.5,17,0
19031,2,-35.68533471265205,78.75,11,0
19032,2,-35.68533471265205,90.0,5,0
19033,2,-35.68533471265205,101.25,10,0
19034,2,-35.68533471265205,112.5,13,0
19035,2,-35.68533471265205,123.75,16,0
19036,2,-35.68533471265205,135.0,16,0
19037,2,-35.68533471265205,146.25,6,0
19038,2,-35.68533471265205,157.5,12,0
19039,2,-35.68533471265205,168.75,12,0
19040,2,-35.68533471265205,-180.0,16,0
19041,2,-35.68533471265205,-168.75,12,0
19042,2,-35.68533471265205,-157.5,10,0
19043,2,-35.68533471265205,-146.25,9,0
19044,2,-35.68533471265205,-135.0,7,0
19045,2,-35.68533471265205,-123.75,10,0
19046,2,-35.68533471265205,-112.5,6,0
19047,2,-35.68533471265205,-101.25,11,0
19048,2,-35.68533471265205,-90.0,7,0
19049,2,-35.68533471265205,-78.75000000000006,9,0
19050,2,-35.68533471265205,-67.5,8,0
19051,2,-35.68533471265205,-56.25,14,0
19052,2,-35.68533471265205,-45.0,10,0
19053,2,-35.68533471265205,-33.75000000000006,10,1
19054,2,-35.68533471265205,-22.5,7,0
19055,2,-35.68533471265205,-11.25,5,0
19056,2,-41.81031489577862,5.625,10,0
19057,2,-41.81031489577862,16.875,10,0
19058,2,-41.81031489577862,28.125,11,0
19059,2,-41.81031489577862,39.375,15,0
19060,2,-41.81031489577862,50.625,15,0
19061,2,-41.81031489577862,61.875,7,0
19062,2,-41.81031489577862,73.125,8,0
19063,2,-41.81031489577862,84.375,9,0
19064,2,-41.81031489577862,95.625,9,0
19065,2,-41.81031489577862,106.875,21,0
19066,2,-41.81031489577862,118.125,17,0
19067,2,-41.81031489577862,129.375,12,0
19068,2,-41.81031489577862,140.625,8,0
19069,2,-41.81031489577862,151.875,10,0
19070,2,-41.81031489577862,163.125,9,0
19071,2,-41.81031489577862,174.375,10,0
19072,2,-41.81031489577862,-174.375,10,0
19073,2,-41.81031489577862,-163.125,15,0
19074,2,-41.81031489577862,-151.875,14,0
19075,2,-41.81031489577862,-140.625,5,0
19076,2,-41.81031489577862,-129.37500000000006,12,0
19077,2,-41.81031489577862,-118.125,15,0
19078,2,-41.81031489577862,-106.875,14,0
19079,2,-41.81031489577862,-95.625,12,0
19080,2,-41.81031489577862,-84.375,11,0
19081,2,-41.81031489577862,-73.12500000000006,6,0
19082,2,-41.81031489577862,-61.875,6,0
19083,2,-41.81031489577862,-50.625,11,0
19084,2,-41.81031489577862,-39.375,12,1
19085,2,-41.81031489577862,-28.125,15,0
19086,2,-41.81031489577862,-16.875,11,0
19087,2,-41.81031489577862,-5.625,9,0
19088,2,-48.1412077943603,6.428571428571416,13,0
19089,2,-48.1412077943603,19.285714285714278,15,0
19090,2,-48.1412077943603,32.14285714285714,11,0
19091,2,-48.1412077943603,45.0,20,0
19092,2,-48.1412077943603,57.85714285714286,9,0
19093,2,-48.1412077943603,70.71428571428572,8,0
19094,2,-48.1412077943603,83.57142857142856,12,0
19095,2,-48.1412077943603,96.42857142857144,12,0
19096,2,-48.1412077943603,109.28571428571428,16,0
19097,2,-48.1412077943603,122.14285714285711,15,0
19098,2,-48.1412077943603,135.0,13,0
19099,2,-48.1412077943603,147.8571428571429,15,0
19100,2,-48.1412077943603,160.71428571428572,7,0
19101,2,-48.1412077943603,173.57142857142856,11,0
19102,2,-48.1412077943603,-173.57142857142856,10,0
19103,2,-48.1412077943603,-160.71428571428572,7,0
19104,2,-48.1412077943603,-147.8571428571429,5,0
19105,2,-48.1412077943603,-135.0,6,0
19106,2,-48.1412077943603,-122.14285714285711,9,0
19107,2,-48.1412077943603,-109.28571428571428,11,0
19108,2,-48.1412077943603,-96.42857142857144,11,0
19109,2,-48.1412077943603,-83.57142857142856,11,0
19110,2,-48.1412077943603,-70.71428571428572,4,0
19111,2,-48.1412077943603,-57.85714285714283,5,0
19112,2,-48.1412077943603,-45.0,15,0
19113,2,-48.1412077943603,-32.14285714285717,12,0
19114,2,-48.1412077943603,-19.28571428571422,15,0
19115,2,-48.1412077943603,-6.428571428571445,14,0
19116,2,-54.340912303861245,7.5,10,0
19117,2,-54.340912303861245,22.5,11,0
19118,2,-54.340912303861245,37.5,20,0
19119,2,-54.340912303861245,52.5,13,0
19120,2,-54.340912303861245,67.5,8,0
19121,2,-54.340912303861245,82.5,17,0
19122,2,-54.340912303861245,97.5,12,0
19123,2,-54.340912303861245,112.5,8,0
19124,2,-54.340912303861245,127.5,24,0
19125,2,-54.340912303861245,142.5,13,0
19126,2,-54.340912303861245,157.5,9,0
19127,2,-54.340912303861245,172.5,12,0
19128,2,-54.340912303861245,-172.5,14,0
19129,2,-54.340912303861245,-157.5,8,0
19130,2,-54.340912303861245,-142.5,9,0
19131,2,-54.340912303861245,-127.5,8,0
19132,2,-54.340912303861245,-112.5,14,0
19133,2,-54.340912303861245,-97.5,11,0
19134,2,-54.340912303861245,-82.5,9,0
19135,2,-54.340912303861245,-67.5,11,0
19136,2,-54.340912303861245,-52.50000000000006,15,0
19137,2,-54.340912303861245,-37.5,11,0
19138,2,-54.340912303861245,-22.5,11,0
19139,2,-54.340912303861245,-7.5,12,0
19140,2,-60.4344388449523,9.0,12,0
19141,2,-60.4344388449523,27.0,11,0
19142,2,-60.4344388449523,45.0,14,0
19143,2,-60.4344388449523,63.0,9,0
19144,2,-60.4344388449523,81.0,16,0
19145,2,-60.4344388449523,99.0,9,0
19146,2,-60.4344388449523,117.0,10,0
19147,2,-60.4344388449523,135.0,16,0
19148,2,-60.4344388449523,153.0,6,0
19149,2,-60.4344388449523,171.0,8,0
19150,2,-60.4344388449523,-171.0,12,0
19151,2,-60.4344388449523,-153.0,10,0
19152,2,-60.4344388449523,-135.0,8,0
19153,2,-60.4344388449523,-117.0,11,0
19154,2,-60.4344388449523,-99.0,10,0
19155,2,-60.4344388449523,-81.0,7,0
19156,2,-60.4344388449523,-63.0,11,0
19157,2,-60.4344388449523,-45.0,14,0
19158,2,-60.4344388449523,-27.0,9,0
19159,2,-60.4344388449523,-9.0,11,0
19160,2,-66.44353569089876,11.25,17,0
19161,2,-66.44353569089876,33.75,10,0
19162,2,-66.44353569089876,56.25,17,0
19163,2,-66.44353569089876,78.75,16,0
19164,2,-66.44353569089876,101.25,12,0
19165,2,-66.44353569089876,123.75,13,0
19166,2,-66.44353569089876,146.25,9,0
19167,2,-66.44353569089876,168.75,9,0
19168,2,-66.44353569089876,-168.75,10,0
19169,2,-66.44353569089876,-146.25,10,0
19170,2,-66.44353569089876,-123.75,9,0
19171,2,-66.44353569089876,-101.25,12,0
19172,2,-66.44353569089876,-78.75,17,0
19173,2,-66.44353569089876,-56.25,15,0
19174,2,-66.44353569089876,-33.75,9,0
19175,2,-66.44353569089876,-11.25,11,0
19176,2,-72.38756092964962,15.0,12,0
19177,2,-72.38756092964962,45.0,15,0
19178,2,-72.38756092964962,75.0,15,0
19179,2,-72.38756092964962,105.0,10,0
19180,2,-72.38756092964962,135.0,12,0
19181,2,-72.38756092964962,165.0,7,0
19182,2,-72.38756092964962,-165.0,10,0
19183,2,-72.38756092964962,-135.0,9,0
19184,2,-72.38756092964962,-105.0,15,0
19185,2,-72.38756092964962,-75.0,11,0
19186,2,-72.38756092964962,-45.0,10,0
19187,2,-72.38756092964962,-15.0,8,0
19188,2,-78.28414760510762,22.5,16,0
19189,2,-78.28414760510762,67.5,8,0
19190,2,-78.28414760510762,112.5,11,0
19191,2,-78.28414760510762,157.5,8,0
19192,2,-78.28414760510762,-157.5,12,0
19193,2,-78.28414760510762,-112.5,15,0
19194,2,-78.28414760510762,-67.5,9,0
19195,2,-78.28414760510762,-22.5,13,0
19196,2,-84.14973293629666,45.0,12,0
19197,2,-84.14973293629666,135.0,8,0
19198,2,-84.14973293629666,-135.0,11,0
19199,2,-84.14973293629666,-45.0,15,0
19200,2,84.14973293629666,45.0,16,0
19201,2,84.14973293629666,135.0,9,0
19202,2,84.14973293629666,-135.0,11,0
19203,2,84.14973293629666,-45.0,12,0
19204,2,78.28414760510762,22.5,10,0
19205,2,78.28414760510762,67.5,9,0
19206,2,78.28414760510762,112.5,13,0
19207,2,78.28414760510762,157.5,11,0
19208,2,78.28414760510762,-157.5,4,0
19209,2,78.28414760510762,-112.5,18,0
19210,2,78.28414760510762,-67.5,8,0
19211,2,78.28414760510762,-22.5,16,0
19212,2,72.38756092964962,15.0,9,0
19213,2,72.38756092964962,45.0,10,0
19214,2,72.38756092964962,75.0,11,0
19215,2,72.38756092964962,105.0,9,0
19216,2,72.38756092964962,135.0,5,0
19217,2,72.38756092964962,165.0,7,0
19218,2,72.38756092964962,-165.0,3,0
19219,2,72.38756092964962,-135.0,12,0
19220,2,72.38756092964962,-105.0,15,0
19221,2,72.38756092964962,-75.0,8,0
19222,2,72.38756092964962,-45.0,14,0
19223,2,72.38756092964962,-15.0,18,0
19224,2,66.44353569089877,11.25,9,0
19225,2,66.44353569089877,33.75,14,0
19226,2,66.44353569089877,56.25,10,0
19227,2,66.44353569089877,78.75,9,0
19228,2,66.44353569089877,101.25,9,0
19229,2,66.44353569089877,123.75,8,0
19230,2,66.44353569089877,146.25,8,0
19231,2,66.44353569089877,168.75,5,0
19232,2,66.44353569089877,-168.75,10,0
19233,2,66.44353569089877,-146.25,8,0
19234,2,66.44353569089877,-123.75,7,0
19235,2,66.44353569089877,-101.25,12,0
19236,2,66.44353569089877,-78.75,12,0
19237,2,66.44353569089877,-56.25,14,0
19238,2,66.44353569089877,-33.75,11,0
19239,2,66.44353569089877,-11.25,13,0
19240,2,60.43443884495228,9.0,10,0
19241,2,60.43443884495228,27.0,15,0
19242,2,60.43443884495228,45.0,7,0
19243,2,60.43443884495228,63.0,10,0
19244,2,60.43443884495228,81.0,16,0
19245,2,60.43443884495228,99.0,9,0
19246,2,60.43443884495228,117.0,8,0
19247,2,60.43443884495228,135.0,14,0
19248,2,60.43443884495228,153.0,13,0
19249,2,60.43443884495228,171.0,9,0
19250,2,60.43443884495228,-171.0,12,0
19251,2,60.43443884495228,-153.0,10,0
19252,2,60.43443884495228,-135.0,14,0
19253,2,60.43443884495228,-117.0,7,0
19254,2,60.43443884495228,-99.0,11,0
19255,2,60.43443884495228,-81.0,13,0
19256,2,60.43443884495228,-63.0,11,0
19257,2,60.43443884495228,-45.0,10,0
19258,2,60.43443884495228,-27.0,12,0
19259,2,60.43443884495228,-9.0,13,0
19260,2,54.340912303861245,7.5,12,0
19261,2,54.340912303861245,22.5,14,0
19262,2,54.340912303861245,37.5,14,0
19263,2,54.340912303861245,52.5,10,0
19264,2,54.340912303861245,67.5,13,0
19265,2,54.340912303861245,82.5,8,0
19266,2,54.340912303861245,97.5,13,0
19267,2,54.340912303861245,112.5,6,0
19268,2,54.340912303861245,127.5,14,0
19269,2,54.340912303861245,142.5,17,0
19270,2,54.340912303861245,157.5,11,0
19271,2,54.340912303861245,172.5,8,0
19272,2,54.340912303861245,-172.5,7,0
19273,2,54.340912303861245,-157.5,9,0
19274,2,54.340912303861245,-142.5,12,0
19275,2,54.340912303861245,-127.5,16,0
19276,2,54.340912303861245,-112.5,8,0
19277,2,54.340912303861245,-97.5,10,0
19278,2,54.340912303861245,-82.5,17,0
19279,2,54.340912303861245,-67.5,10,0
19280,2,54.340912303861245,-52.50000000000006,14,0
19281,2,54.340912303861245,-37.5,6,0
19282,2,54.340912303861245,-22.5,5,0
19283,2,54.340912303861245,-7.5,13,0
19284,2,48.141207794360284,6.428571428571416,13,0
19285,2,48.141207794360284,19.285714285714278,16,0
19286,2,48.141207794360284,32.14285714285714,9,0
19287,2,48.141207794360284,45.0,11,0
19288,2,48.141207794360284,57.85714285714286,12,0
19289,2,48.141207794360284,70.71428571428572,12,0
19290,2,48.141207794360284,83.57142857142856,15,0
19291,2,48.141207794360284,96.42857142857144,18,0
19292,2,48.141207794360284,109.28571428571428,11,0
19293,2,48.141207794360284,122.14285714285711,7,0
19294,2,48.141207794360284,135.0,8,0
19295,2,48.141207794360284,147.8571428571429,15,0
19296,2,48.141207794360284,160.71428571428572,12,0
19297,2,48.141207794360284,173.57142857142856,9,0
19298,2,48.141207794360284,-173.57142857142856,10,0
19299,2,48.141207794360284,-160.71428571428572,12,0
19300,2,48.141207794360284,-147.8571428571429,11,0
19301,2,48.141207794360284,-135.0,8,0
19302,2,48.141207794360284,-122.14285714285711,17,0
19303,2,48.141207794360284,-109.28571428571428,10,0
19304,2,48.141207794360284,-96.42857142857144,11,0
19305,2,48.141207794360284,-83.57142857142856,13,0
19306,2,48.141207794360284,-70.71428571428572,9,0
19307,2,48.141207794360284,-57.85714285714283,12,0
19308,2,48.141207794360284,-45.0,17,0
19309,2,48.141207794360284,-32.14285714285717,13,0
19310,2,48.141207794360284,-19.28571428571422,13,0
19311,2,48.141207794360284,-6.428571428571445,12,0
19312,2,41.81031489577859,5.625,12,0
19313,2,41.81031489577859,16.875,16,0
19314,2,41.81031489577859,28.125,13,0
19315,2,41.81031489577859,39.375,5,0
19316,2,41.81031489577859,50.625,13,0
19317,2,41.81031489577859,61.875,12,0
19318,2,41.81031489577859,73.125,13,0
19319,2,41.81031489577859,84.375,19,0
19320,2,41.81031489577859,95.625,16,0
19321,2,41.81031489577859,106.875,12,0
19322,2,41.81031489577859,118.125,8,0
19323,2,41.81031489577859,129.375,6,0
19324,2,41.81031489577859,140.625,12,0
19325,2,41.81031489577859,151.875,9,0
19326,2,41.81031489577859,163.125,12,0
19327,2,41.81031489577859,174.375,20,0
19328,2,41.81031489577859,-174.375,4,0
19329,2,41.81031489577859,-163.125,11,0
19330,2,41.81031489577859,-151.875,14,0
19331,2,41.81031489577859,-140.625,10,0
19332,2,41.81031489577859,-129.37500000000006,6,0
19333,2,41.81031489577859,-118.125,16,0
19334,2,41.81031489577859,-106.875,11,0
19335,2,41.81031489577859,-95.625,9,0
19336,2,41.81031489577859,-84.375,17,0
19337,2,41.81031489577859,-73.12500000000006,13,0
19338,2,41.81031489577859,-61.875,10,0
19339,2,41.81031489577859,-50.625,13,0
19340,2,41.81031489577859,-39.375,14,0
19341,2,41.81031489577859,-28.125,9,0
19342,2,41.81031489577859,-16.875,10,0
19343,2,41.81031489577859,-5.625,14,0
19344,2,35.68533471265204,0.0,13,0
19345,2,35.68533471265204,11.25,15,0
19346,2,35.68533471265204,22.5,5,0
19347,2,35.68533471265204,33.75,10,0
19348,2,35.68533471265204,45.0,11,0
19349,2,35.68533471265204,56.25,12,0
19350,2,35.68533471265204,67.5,12,0
19351,2,35.68533471265204,78.75,6,0
19352,2,35.68533471265204,90.0,10,0
19353,2,35.68533471265204,101.25,10,0
19354,2,35.68533471265204,112.5,12,0
19355,2,35.68533471265204,123.75,5,0
19356,2,35.68533471265204,135.0,10,0
19357,2,35.68533471265204,146.25,10,0
19358,2,35.68533471265204,157.5,15,0
19359,2,35.68533471265204,168.75,11,0
19360,2,35.68533471265204,-180.0,11,0
19361,2,35.68533471265204,-168.75,8,0
19362,2,35.68533471265204,-157.5,16,0
19363,2,35.68533471265204,-146.25,11,0
19364,2,35.68533471265204,-135.0,6,0
19365,2,35.68533471265204,-123.75,9,0
19366,2,35.68533471265204,-112.5,12,0
19367,2,35.68533471265204,-101.25,9,0
19368,2,35.68533471265204,-90.0,10,0
19369,2,35.68533471265204,-78.75000000000006,14,0
19370,2,35.68533471265204,-67.5,7,0
19371,2,35.68533471265204,-56.25,8,0
19372,2,35.68533471265204,-45.0,16,0
19373,2,35.68533471265204,-33.75000000000006,11,0
19374,2,35.68533471265204,-22.5,9,0
19375,2,35.68533471265204,-11.25,7,0
19376,2,30.000000000000007,5.625,8,0
19377,2,30.000000000000007,16.875,8,0
19378,2,30.000000000000007,28.125,9,0
19379,2,30.000000000000007,39.375,11,0
19380,2,30.000000000000007,50.625,9,0
19381,2,30.000000000000007,61.875,9,0
19382,2,30.000000000000007,73.125,6,0
19383,2,30.000000000000007,84.375,6,0
19384,2,30.000000000000007,95.625,15,0
19385,2,30.000000000000007,106.875,17,0
19386,2,30.000000000000007,118.125,7,0
19387,2,30.000000000000007,129.375,12,0
19388,2,30.000000000000007,140.625,13,0
19389,2,30.000000000000007,151.875,14,0
19390,2,30.000000000000007,163.125,13,0
19391,2,30.000000000000007,174.375,11,0
19392,2,30.000000000000007,-174.375,8,0
19393,2,30.000000000000007,-163.125,13,0
19394,2,30.000000000000007,-151.875,16,0
19395,2,30.000000000000007,-140.625,12,0
19396,2,30.000000000000007,-129.37500000000006,12,0
19397,2,30.000000000000007,-118.125,10,0
19398,2,30.000000000000007,-106.875,11,0
19399,2,30.000000000000007,-95.625,9,0
19400,2,30.000000000000007,-84.375,14,0
19401,2,30.000000000000007,-73.12500000000006,12,0
19402,2,30.000000000000007,-61.875,6,0
19403,2,30.000000000000007,-50.625,12,0
19404,2,30.000000000000007,-39.375,10,0
19405,2,30.000000000000007,-28.125,11,0
19406,2,30.000000000000007,-16.875,9,0
19407,2,30.000000000000007,-5.625,6,0
19408,2,24.62431835216408,0.0,11,0
19409,2,24.62431835216408,11.25,12,0
19410,2,24.62431835216408,22.5,6,0
19411,2,24.62431835216408,33.75,11,0
19412,2,24.62431835216408,45.0,21,0
19413,2,24.62431835216408,56.25,9,0
19414,2,24.62431835216408,67.5,8,0
19415,2,24.62431835216408,78.75,14,0
19416,2,24.62431835216408,90.0,7,0
19417,2,24.62431835216408,101.25,15,0
19418,2,24.62431835216408,112.5,8,0
19419,2,24.62431835216408,123.75,12,0
19420,2,24.62431835216408,135.0,11,0
19421,2,24.62431835216408,146.25,11,0
19422,2,24.62431835216408,157.5,11,0
19423,2,24.62431835216408,168.75,16,0
19424,2,24.62431835216408,-180.0,10,1
19425,2,24.62431835216408,-168.75,15,0
19426,2,24.62431835216408,-157.5,11,0
19427,2,24.62431835216408,-146.25,11,0
19428,2,24.62431835216408,-135.0,11,0
19429,2,24.62431835216408,-123.75,7,0
19430,2,24.62431835216408,-112.5,15,0
19431,2,24.62431835216408,-101.25,8,0
19432,2,24.62431835216408,-90.0,16,0
19433,2,24.62431835216408,-78.75000000000006,16,0
19434,2,24.62431835216408,-67.5,11,0
19435,2,24.62431835216408,-56.25,7,0
19436,2,24.62431835216408,-45.0,15,0
19437,2,24.62431835216408,-33.75000000000006,9,0
19438,2,24.62431835216408,-22.5,11,0
19439,2,24.62431835216408,-11.25,4,0
19440,2,19.47122063449069,5.625,13,0
19441,2,19.47122063449069,16.875,12,0
19442,2,19.47122063449069,28.125,8,0
19443,2,19.47122063449069,39.375,18,0
19444,2,19.47122063449069,50.625,14,0
19445,2,19.47122063449069,61.875,8,0
19446,2,19.47122063449069,73.125,16,0
19447,2,19.47122063449069,84.375,10,0
19448,2,19.47122063449069,95.625,15,0
19449,2,19.47122063449069,106.875,5,0
19450,2,19.47122063449069,118.125,9,0
19451,2,19.47122063449069,129.375,15,0
19452,2,19.47122063449069,140.625,13,0
19453,2,19.47122063449069,151.875,10,0
19454,2,19.47122063449069,163.125,23,0
19455,2,19.47122063449069,174.375,9,0
19456,2,19.47122063449069,-174.375,12,0
19457,2,19.47122063449069,-163.125,8,0
19458,2,19.47122063449069,-151.875,9,0
19459,2,19.47122063449069,-140.625,8,0
19460,2,19.47122063449069,-129.37500000000006,11,0
19461,2,19.47122063449069,-118.125,13,0
19462,2,19.47122063449069,-106.875,8,0
19463,2,19.47122063449069,-95.625,13,0
19464,2,19.47122063449069,-84.375,14,0
19465,2,19.47122063449069,-73.12500000000006,7,0
19466,2,19.47122063449069,-61.875,10,0
19467,2,19.47122063449069,-50.625,16,0
19468,2,19.47122063449069,-39.375,11,0
19469,2,19.47122063449069,-28.125,14,0
19470,2,19.47122063449069,-16.875,9,0
19471,2,19.47122063449069,-5.625,9,0
19472,2,14.477512185929925,0.0,12,0
19473,2,14.477512185929925,11.25,13,0
19474,2,14.477512185929925,22.5,13,0
19475,2,14.477512185929925,33.75,7,0
19476,2,14.477512185929925,45.0,15,0
19477,2,14.477512185929925,56.25,10,0
19478,2,14.477512185929925,67.5,13,0
19479,2,14.477512185929925,78.75,13,0
19480,2,14.477512185929925,90.0,11,0
19481,2,14.477512185929925,101.25,12,0
19482,2,14.477512185929925,112.5,14,0
19483,2,14.477512185929925,123.75,14,0
19484,2,14.477512185929925,135.0,12,0
19485,2,14.477512185929925,146.25,13,0
19486,2,14.477512185929925,157.5,14,0
19487,2,14.477512185929925,168.75,13,0
19488,2,14.477512185929925,-180.0,11,0
19489,2,14.477512185929925,-168.75,11,0
19490,2,14.477512185929925,-157.5,13,0
19491,2,14.477512185929925,-146.25,10,0
19492,2,14.477512185929925,-135.0,11,0
19493,2,14.477512185929925,-123.75,9,0
19494,2,14.477512185929925,-112.5,12,0
19495,2,14.477512185929925,-101.25,9,0
19496,2,14.477512185929925,-90.0,10,0
19497,2,14.477512185929925,-78.75000000000006,12,0
19498,2,14.477512185929925,-67.5,13,0
19499,2,14.477512185929925,-56.25,14,0
19500,2,14.477512185929925,-45.0,9,0
19501,2,14.477512185929925,-33.75000000000006,12,0
19502,2,14.477512185929925,-22.5,10,0
19503,2,14.477512185929925,-11.25,9,0
19504,2,9.594068226860458,5.625,10,0
19505,2,9.594068226860458,16.875,12,1
19506,2,9.594068226860458,28.125,12,0
19507,2,9.594068226860458,39.375,13,0
19508,2,9.594068226860458,50.625,6,1
19509,2,9.594068226860458,61.875,11,0
19510,2,9.594068226860458,73.125,7,2
19511,2,9.594068226860458,84.375,11,0
19512,2,9.594068226860458,95.625,11,0
19513,2,9.594068226860458,106.875,20,1
19514,2,9.594068226860458,118.125,10,0
19515,2,9.594068226860458,129.375,14,0
19516,2,9.594068226860458,140.625,15,0
19517,2,9.594068226860458,151.875,12,1
19518,2,9.594068226860458,163.125,16,0
19519,2,9.594068226860458,174.375,8,0
19520,2,9.594068226860458,-174.375,15,0
19521,2,9.594068226860458,-163.125,13,0
19522,2,9.594068226860458,-151.875,14,0
19523,2,9.594068226860458,-140.625,8,0
19524,2,9.594068226860458,-129.37500000000006,13,0
19525,2,9.594068226860458,-118.125,8,0
19526,2,9.594068226860458,-106.875,15,0
19527,2,9.594068226860458,-95.625,12,0
19528,2,9.594068226860458,-84.375,11,0
19529,2,9.594068226860458,-73.12500000000006,14,1
19530,2,9.594068226860458,-61.875,11,0
19531,2,9.594068226860458,-50.625,13,0
19532,2,9.594068226860458,-39.375,12,0
19533,2,9.594068226860458,-28.125,8,1
19534,2,9.594068226860458,-16.875,5,0
19535,2,9.594068226860458,-5.625,9,0
19536,2,4.780191847199163,0.0,8,4
19537,2,4.780191847199163,11.25,6,2
19538,2,4.780191847199163,22.5,16,1
19539,2,4.780191847199163,33.75,8,3
19540,2,4.780191847199163,45.0,11,3
19541,2,4.780191847199163,56.25,11,0
19542,2,4.780191847199163,67.5,17,4
19543,2,4.780191847199163,78.75,14,1
19544,2,4.780191847199163,90.0,11,1
19545,2,4.780191847199163,101.25,18,4
19546,2,4.780191847199163,112.5,14,2
19547,2,4.780191847199163,123.75,13,1
19548,2,4.780191847199163,135.0,5,4
19549,2,4.780191847199163,146.25,13,2
19550,2,4.780191847199163,157.5,13,1
19551,2,4.780191847199163,168.75,14,1
19552,2,4.780191847199163,-180.0,7,3
19553,2,4.780191847199163,-168.75,18,3
19554,2,4.780191847199163,-157.5,10,4
19555,2,4.780191847199163,-146.25,15,2
19556,2,4.780191847199163,-135.0,15,5
19557,2,4.780191847199163,-123.75,6,3
19558,2,4.780191847199163,-112.5,20,1
19559,2,4.780191847199163,-101.25,13,3
19560,2,4.780191847199163,-90.0,15,2
19561,2,4.780191847199163,-78.75000000000006,9,2
19562,2,4.780191847199163,-67.5,17,3
19563,2,4.780191847199163,-56.25,7,2
19564,2,4.780191847199163,-45.0,15,1
19565,2,4.780191847199163,-33.75000000000006,12,4
19566,2,4.780191847199163,-22.5,8,2
19567,2,4.780191847199163,-11.25,14,3
19568,2,0.0,5.625,9,4
19569,2,0.0,16.875,11,3
19570,2,0.0,28.125,10,2
19571,2,0.0,39.375,12,3
19572,2,0.0,50.625,15,5
19573,2,0.0,61.875,19,1
19574,2,0.0,73.125,14,4
19575,2,0.0,84.375,12,1
19576,2,0.0,95.625,10,3
19577,2,0.0,106.875,14,4
19578,2,0.0,118.125,14,3
19579,2,0.0,129.375,14,2
19580,2,0.0,140.625,10,3
19581,2,0.0,151.875,10,7
19582,2,0.0,163.125,11,2
19583,2,0.0,174.375,11,3
19584,2,0.0,-174.375,14,4
19585,2,0.0,-163.125,16,5
19586,2,0.0,-151.875,18,1
19587,2,0.0,-140.625,14,8
19588,2,0.0,-129.37500000000006,11,3
19589,2,0.0,-118.125,9,2
19590,2,0.0,-106.875,14,1
19591,2,0.0,-95.625,14,3
19592,2,0.0,-84.375,13,3
19593,2,0.0,-73.12500000000006,10,3
19594,2,0.0,-61.875,12,1
19595,2,0.0,-50.625,11,5
19596,2,0.0,-39.375,9,1
19597,2,0.0,-28.125,12,5
19598,2,0.0,-16.875,12,3
19599,2,0.0,-5.625,17,5
19600,2,-4.780191847199163,0.0,12,0
19601,2,-4.780191847199163,11.25,12,3
19602,2,-4.780191847199163,22.5,8,2
19603,2,-4.780191847199163,33.75,6,2
19604,2,-4.780191847199163,45.0,11,2
19605,2,-4.780191847199163,56.25,11,2
19606,2,-4.780191847199163,67.5,6,3
19607,2,-4.780191847199163,78.75,15,0
19608,2,-4.780191847199163,90.0,6,0
19609,2,-4.780191847199163,101.25,11,3
19610,2,-4.780191847199163,112.5,9,1
19611,2,-4.780191847199163,123.75,10,1
19612,2,-4.780191847199163,135.0,8,0
19613,2,-4.780191847199163,146.25,10,1
19614,2,-4.780191847199163,157.5,9,5
19615,2,-4.780191847199163,168.75,13,0
19616,2,-4.780191847199163,-180.0,8,3
19617,2,-4.780191847199163,-168.75,19,0
19618,2,-4.780191847199163,-157.5,15,0
19619,2,-4.780191847199163,-146.25,12,0
19620,2,-4.780191847199163,-135.0,15,5
19621,2,-4.780191847199163,-123.75,11,1
19622,2,-4.780191847199163,-112.5,9,0
19623,2,-4.780191847199163,-101.25,9,0
19624,2,-4.780191847199163,-90.0,12,1
19625,2,-4.780191847199163,-78.75000000000006,10,4
19626,2,-4.780191847199163,-67.5,9,0
19627,2,-4.780191847199163,-56.25,15,3
19628,2,-4.780191847199163,-45.0,12,2
19629,2,-4.780191847199163,-33.75000000000006,12,5
19630,2,-4.780191847199163,-22.5,15,1
19631,2,-4.780191847199163,-11.25,12,3
19632,2,-9.594068226860458,5.625,12,1
19633,2,-9.594068226860458,16.875,14,1
19634,2,-9.594068226860458,28.125,7,0
19635,2,-9.594068226860458,39.375,9,0
19636,2,-9.594068226860458,50.625,5,0
19637,2,-9.594068226860458,61.875,10,0
19638,2,-9.594068226860458,73.125,9,0
19639,2,-9.594068226860458,84.375,11,0
19640,2,-9.594068226860458,95.625,6,0
19641,2,-9.594068226860458,106.875,10,1
19642,2,-9.594068226860458,118.125,12,0
19643,2,-9.594068226860458,129.375,8,0
19644,2,-9.594068226860458,140.625,10,1
19645,2,-9.594068226860458,151.875,10,0
19646,2,-9.594068226860458,163.125,14,0
19647,2,-9.594068226860458,174.375,7,0
19648,2,-9.594068226860458,-174.375,18,0
19649,2,-9.594068226860458,-163.125,16,0
19650,2,-9.594068226860458,-151.875,11,0
19651,2,-9.594068226860458,-140.625,17,0
19652,2,-9.594068226860458,-129.37500000000006,11,0
19653,2,-9.594068226860458,-118.125,8,0
19654,2,-9.594068226860458,-106.875,10,0
19655,2,-9.594068226860458,-95.625,4,0
19656,2,-9.594068226860458,-84.375,9,1
19657,2,-9.594068226860458,-73.12500000000006,13,0
19658,2,-9.594068226860458,-61.875,19,0
19659,2,-9.594068226860458,-50.625,9,0
19660,2,-9.594068226860458,-39.375,9,1
19661,2,-9.594068226860458,-28.125,12,0
19662,2,-9.594068226860458,-16.875,5,0
19663,2,-9.594068226860458,-5.625,11,0
19664,2,-14.477512185929925,0.0,11,0
19665,2,-14.477512185929925,11.25,8,1
19666,2,-14.477512185929925,22.5,7,0
19667,2,-14.477512185929925,33.75,10,0
19668,2,-14.477512185929925,45.0,7,0
19669,2,-14.477512185929925,56.25,9,0
19670,2,-14.477512185929925,67.5,4,0
19671,2,-14.477512185929925,78.75,18,0
19672,2,-14.477512185929925,90.0,12,0
19673,2,-14.477512185929925,101.25,11,0
19674,2,-14.477512185929925,112.5,11,1
19675,2,-14.477512185929925,123.75,10,0
19676,2,-14.477512185929925,135.0,14,1
19677,2,-14.477512185929925,146.25,10,0
19678,2,-14.477512185929925,157.5,14,0
19679,2,-14.477512185929925,168.75,9,0
19680,2,-14.477512185929925,-180.0,16,0
19681,2,-14.477512185929925,-168.75,13,0
19682,2,-14.477512185929925,-157.5,7,0
19683,2,-14.477512185929925,-146.25,16,0
19684,2,-14.477512185929925,-135.0,15,0
19685,2,-14.477512185929925,-123.75,7,0
19686,2,-14.477512185929925,-112.5,13,0
19687,2,-14.477512185929925,-101.25,10,0
19688,2,-14.477512185929925,-90.0,11,0
19689,2,-14.477512185929925,-78.75000000000006,6,0
19690,2,-14.477512185929925,-67.5,10,0
19691,2,-14.477512185929925,-56.25,11,0
19692,2,-14.477512185929925,-45.0,8,0
19693,2,-14.477512185929925,-33.75000000000006,11,0
19694,2,-14.477512185929925,-22.5,13,0
19695,2,-14.477512185929925,-11.25,11,0
19696,2,-19.47122063449069,5.625,12,0
19697,2,-19.47122063449069,16.875,6,0
19698,2,-19.47122063449069,28.125,7,0
19699,2,-19.47122063449069,39.375,14,0
19700,2,-19.47122063449069,50.625,11,0
19701,2,-19.47122063449069,61.875,9,0
19702,2,-19.47122063449069,73.125,8,0
19703,2,-19.47122063449069,84.375,21,0
19704,2,-19.47122063449069,95.625,7,0
19705,2,-19.47122063449069,106.875,8,0
19706,2,-19.47122063449069,118.125,6,0
19707,2,-19.47122063449069,129.375,19,0
19708,2,-19.47122063449069,140.625,17,0
19709,2,-19.47122063449069,151.875,12,0
19710,2,-19.47122063449069,163.125,15,0
19711,2,-19.47122063449069,174.375,13,0
19712,2,-19.47122063449069,-174.375,14,0
19713,2,-19.47122063449069,-163.125,13,0
19714,2,-19.47122063449069,-151.875,10,0
19715,2,-19.47122063449069,-140.625,13,0
19716,2,-19.47122063449069,-129.37500000000006,8,0
19717,2,-19.47122063449069,-118.125,14,0
19718,2,-19.47122063449069,-106.875,17,0
19719,2,-19.47122063449069,-95.625,10,0
19720,2,-19.47122063449069,-84.375,7,0
19721,2,-19.47122063449069,-73.12500000000006,9,0
19722,2,-19.47122063449069,-61.875,5,0
19723,2,-19.47122063449069,-50.625,8,0
19724,2,-19.47122063449069,-39.375,10,0
19725,2,-19.47122063449069,-28.125,12,0
19726,2,-19.47122063449069,-16.875,9,0
19727,2,-19.47122063449069,-5.625,9,0
19728,2,-24.62431835216408,0.0,19,0
19729,2,-24.62431835216408,11.25,10,0
19730,2,-24.62431835216408,22.5,12,0
19731,2,-24.62431835216408,33.75,9,0
19732,2,-24.62431835216408,45.0,15,0
19733,2,-24.62431835216408,56.25,10,0
19734,2,-24.62431835216408,67.5,16,0
19735,2,-24.62431835216408,78.75,12,0
19736,2,-24.62431835216408,90.0,8,0
19737,2,-24.62431835216408,101.25,13,0
19738,2,-24.62431835216408,112.5,8,0
19739,2,-24.62431835216408,123.75,7,0
19740,2,-24.62431835216408,135.0,17,0
19741,2,-24.62431835216408,146.25,19,0
19742,2,-24.62431835216408,157.5,8,0
19743,2,-24.62431835216408,168.75,7,0
19744,2,-24.62431835216408,-180.0,10,0
19745,2,-24.62431835216408,-168.75,17,0
19746,2,-24.62431835216408,-157.5,8,0
19747,2,-24.62431835216408,-146.25,15,0
19748,2,-24.62431835216408,-135.0,10,0
19749,2,-24.62431835216408,-123.75,6,0
19750,2,-24.62431835216408,-112.5,14,0
19751,2,-24.62431835216408,-101.25,14,0
19752,2,-24.62431835216408,-90.0,15,0
19753,2,-24.62431835216408,-78.75000000000006,5,0
19754,2,-24.62431835216408,-67.5,13,0
19755,2,-24.62431835216408,-56.25,7,0
19756,2,-24.62431835216408,-45.0,14,0
19757,2,-24.62431835216408,-33.75000000000006,7,0
19758,2,-24.62431835216408,-22.5,12,0
19759,2,-24.62431835216408,-11.25,13,0
19760,2,-30.000000000000014,5.625,10,0
19761,2,-30.000000000000014,16.875,6,0
19762,2,-30.000000000000014,28.125,13,0
19763,2,-30.000000000000014,39.375,9,0
19764,2,-30.000000000000014,50.625,10,0
19765,2,-30.000000000000014,61.875,16,0
19766,2,-30.000000000000014,73.125,15,0
19767,2,-30.000000000000014,84.375,10,0
19768,2,-30.000000000000014,95.625,9,0
19769,2,-30.000000000000014,106.875,10,0
19770,2,-30.000000000000014,118.125,9,0
19771,2,-30.000000000000014,129.375,12,0
19772,2,-30.000000000000014,140.625,11,0
19773,2,-30.000000000000014,151.875,12,0
19774,2,-30.000000000000014,163.125,6,0
19775,2,-30.000000000000014,174.375,10,0
19776,2,-30.000000000000014,-174.375,14,0
19777,2,-30.000000000000014,-163.125,8,0
19778,2,-30.000000000000014,-151.875,16,0
19779,2,-30.000000000000014,-140.625,14,0
19780,2,-30.000000000000014,-129.37500000000006,8,0
19781,2,-30.000000000000014,-118.125,11,0
19782,2,-30.000000000000014,-106.875,12,0
19783,2,-30.000000000000014,-95.625,13,0
19784,2,-30.000000000000014,-84.375,13,0
19785,2,-30.000000000000014,-73.12500000000006,10,0
19786,2,-30.000000000000014,-61.875,12,0
19787,2,-30.000000000000014,-50.625,10,0
19788,2,-30.000000000000014,-39.375,9,0
19789,2,-30.000000000000014,-28.125,6,0
19790,2,-30.000000000000014,-16.875,9,0
19791,2,-30.000000000000014,-5.625,10,0
19792,2,-35.68533471265205,0.0,11,0
19793,2,-35.68533471265205,11.25,13,0
19794,2,-35.68533471265205,22.5,10,0
19795,2,-35.68533471265205,33.75,8,0
19796,2,-35.68533471265205,45.0,16,0
19797,2,-35.68533471265205,56.25,9,0
19798,2,-35.68533471265205,67.5,17,0
19799,2,-35.68533471265205,78.75,11,0
19800,2,-35.68533471265205,90.0,5,0
19801,2,-35.68533471265205,101.25,10,0
19802,2,-35.68533471265205,112.5,13,0
19803,2,-35.68533471265205,123.75,16,0
19804,2,-35.68533471265205,135.0,16,0
19805,2,-35.68533471265205,146.25,6,0
19806,2,-35.68533471265205,157.5,12,0
19807,2,-35.68533471265205,168.75,12,0
19808,2,-35.68533471265205,-180.0,16,0
19809,2,-35.68533471265205,-168.75,12,0
19810,2,-35.68533471265205,-157.5,10,0
19811,2,-35.68533471265205,-146.25,9,0
19812,2,-35.68533471265205,-135.0,7,0
19813,2,-35.68533471265205,-123.75,10,0
19814,2,-35.68533471265205,-112.5,6,0
19815,2,-35.68533471265205,-101.25,11,0
19816,2,-35.68533471265205,-90.0,7,0
19817,2,-35.68533471265205,-78.75000000000006,9,0
19818,2,-35.68533471265205,-67.5,8,0
19819,2,-35.68533471265205,-56.25,14,0
19820,2,-35.68533471265205,-45.0,10,0
19821,2,-35.68533471265205,-33.75000000000006,10,1
19822,2,-35.68533471265205,-22.5,7,0
19823,2,-35.68533471265205,-11.25,5,0
19824,2,-41.81031489577862,5.625,10,0
19825,2,-41.81031489577862,16.875,10,0
19826,2,-41.81031489577862,28.125,11,0
19827,2,-41.81031489577862,39.375,15,0
19828,2,-41.81031489577862,50.625,15,0
19829,2,-41.81031489577862,61.875,7,0
19830,2,-41.81031489577862,73.125,8,0
19831,2,-41.81031489577862,84.375,9,0
19832,2,-41.81031489577862,95.625,9,0
19833,2,-41.81031489577862,106.875,21,0
19834,2,-41.81031489577862,118.125,17,0
19835,2,-41.81031489577862,129.375,12,0
19836,2,-41.81031489577862,140.625,8,0
19837,2,-41.81031489577862,151.875,10,0
19838,2,-41.81031489577862,163.125,9,0
19839,2,-41.81031489577862,174.375,10,0
19840,2,-41.81031489577862,-174.375,10,0
19841,2,-41.81031489577862,-163.125,15,0
19842,2,-41.81031489577862,-151.875,14,0
19843,2,-41.81031489577862,-140.625,5,0
19844,2,-41.81031489577862,-129.37500000000006,12,0
19845,2,-41.81031489577862,-118.125,15,0
19846,2,-41.81031489577862,-106.875,14,0
19847,2,-41.81031489577862,-95.625,12,0
19848,2,-41.81031489577862,-84.375,11,0
19849,2,-41.81031489577862,-73.12500000000006,6,0
19850,2,-41.81031489577862,-61.875,6,0
19851,2,-41.81031489577862,-50.625,11,0
19852,2,-41.81031489577862,-39.375,12,1
19853,2,-41.81031489577862,-28.125,15,0
19854,2,-41.81031489577862,-16.875,11,0
19855,2,-41.81031489577862,-5.625,9,0
19856,2,-48.1412077943603,6.428571428571416,13,0
19857,2,-48.1412077943603,19.285714285714278,15,0
19858,2,-48.1412077943603,32.14285714285714,11,0
19859,2,-48.1412077943603,45.0,20,0
19860,2,-48.1412077943603,57.85714285714286,9,0
19861,2,-48.1412077943603,70.71428571428572,8,0
19862,2,-48.1412077943603,83.57142857142856,12,0
19863,2,-48.1412077943603,96.42857142857144,12,0
19864,2,-48.1412077943603,109.28571428571428,16,0
19865,2,-48.1412077943603,122.14285714285711,15,0
19866,2,-48.1412077943603,135.0,13,0
19867,2,-48.1412077943603,147.8571428571429,15,0
19868,2,-48.1412077943603,160.71428571428572,7,0
19869,2,-48.1412077943603,173.57142857142856,11,0
19870,2,-48.1412077943603,-173.57142857142856,10,0
19871,2,-48.1412077943603,-160.71428571428572,7,0
19872,2,-48.1412077943603,-147.8571428571429,5,0
19873,2,-48.1412077943603,-135.0,6,0
19874,2,-48.1412077943603,-122.14285714285711,9,0
19875,2,-48.1412077943603,-109.28571428571428,11,0
19876,2,-48.1412077943603,-96.42857142857144,11,0
19877,2,-48.1412077943603,-83.57142857142856,11,0
19878,2,-48.1412077943603,-70.71428571428572,4,0
19879,2,-48.1412077943603,-57.85714285714283,5,0
19880,2,-48.1412077943603,-45.0,15,0
19881,2,-48.1412077943603,-32.14285714285717,12,0
19882,2,-48.1412077943603,-19.28571428571422,15,0
19883,2,-48.1412077943603,-6.428571428571445,14,0
19884,2,-54.340912303861245,7.5,10,0
19885,2,-54.340912303861245,22.5,11,0
19886,2,-54.340912303861245,37.5,20,0
19887,2,-54.340912303861245,52.5,13,0
19888,2,-54.340912303861245,67.5,8,0
19889,2,-54.340912303861245,82.5,17,0
19890,2,-54.340912303861245,97.5,12,0
19891,2,-54.340912303861245,112.5,8,0
19892,2,-54.340912303861245,127.5,24,0
19893,2,-54.340912303861245,142.5,13,0
19894,2,-54.340912303861245,157.5,9,0
19895,2,-54.340912303861245,172.5,12,0
19896,2,-54.340912303861245,-172.5,14,0
19897,2,-54.340912303861245,-157.5,8,0
19898,2,-54.340912303861245,-142.5,9,0
19899,2,-54.340912303861245,-127.5,8,0
19900,2,-54.340912303861245,-112.5,14,0
19901,2,-54.340912303861245,-97.5,11,0
19902,2,-54.340912303861245,-82.5,9,0
19903,2,-54.340912303861245,-67.5,11,0
19904,2,-54.340912303861245,-52.50000000000006,15,0
19905,2,-54.340912303861245,-37.5,11,0
19906,2,-54.340912303861245,-22.5,11,0
19907,2,-54.340912303861245,-7.5,12,0
19908,2,-60.4344388449523,9.0,12,0
19909,2,-60.4344388449523,27.0,11,0
19910,2,-60.4344388449523,45.0,14,0
19911,2,-60.4344388449523,63.0,9,0
19912,2,-60.4344388449523,81.0,16,0
19913,2,-60.4344388449523,99.0,9,0
19914,2,-60.4344388449523,117.0,10,0
19915,2,-60.4344388449523,135.0,16,0
19916,2,-60.4344388449523,153.0,6,0
19917,2,-60.4344388449523,171.0,8,0
19918,2,-60.4344388449523,-171.0,12,0
19919,2,-60.4344388449523,-153.0,10,0
19920,2,-60.4344388449523,-135.0,8,0
19921,2,-60.4344388449523,-117.0,11,0
19922,2,-60.4344388449523,-99.0,10,0
19923,2,-60.4344388449523,-81.0,7,0
19924,2,-60.4344388449523,-63.0,11,0
19925,2,-60.4344388449523,-45.0,14,0
19926,2,-60.4344388449523,-27.0,9,0
19927,2,-60.4344388449523,-9.0,11,0
19928,2,-66.44353569089876,11.25,17,0
19929,2,-66.44353569089876,33.75,10,0
19930,2,-66.44353569089876,56.25,17,0
19931,2,-66.44353569089876,78.75,16,0
19932,2,-66.44353569089876,101.25,12,0
19933,2,-66.44353569089876,123.75,13,0
19934,2,-66.44353569089876,146.25,9,0
19935,2,-66.44353569089876,168.75,9,0
19936,2,-66.44353569089876,-168.75,10,0
19937,2,-66.44353569089876,-146.25,10,0
19938,2,-66.44353569089876,-123.75,9,0
19939,2,-66.44353569089876,-101.25,12,0
19940,2,-66.44353569089876,-78.75,17,0
19941,2,-66.44353569089876,-56.25,15,0
19942,2,-66.44353569089876,-33.75,9,0
19943,2,-66.44353569089876,-11.25,11,0
19944,2,-72.38756092964962,15.0,12,0
19945,2,-72.38756092964962,45.0,15,0
19946,2,-72.38756092964962,75.0,15,0
19947,2,-72.38756092964962,105.0,10,0
19948,2,-72.38756092964962,135.0,12,0
19949,2,-72.38756092964962,165.0,7,0
19950,2,-72.38756092964962,-165.0,10,0
19951,2,-72.38756092964962,-135.0,9,0
19952,2,-72.38756092964962,-105.0,15,0
19953,2,-72.38756092964962,-75.0,11,0
19954,2,-72.38756092964962,-45.0,10,0
19955,2,-72.38756092964962,-15.0,8,0
19956,2,-78.28414760510762,22.5,16,0
19957,2,-78.28414760510762,67.5,8,0
19958,2,-78.28414760510762,112.5,11,0
19959,2,-78.28414760510762,157.5,8,0
19960,2,-78.28414760510762,-157.5,12,0
19961,2,-78.28414760510762,-112.5,15,0
19962,2,-78.28414760510762,-67.5,9,0
19963,2,-78.28414760510762,-22.5,13,0
19964,2,-84.14973293629666,45.0,12,0
19965,2,-84.14973293629666,135.0,8,0
19966,2,-84.14973293629666,-135.0,11,0
19967,2,-84.14973293629666,-45.0,15,0
19968,2,84.14973293629666,45.0,16,0
19969,2,84.14973293629666,135.0,9,0
19970,2,84.14973293629666,-135.0,11,0
19971,2,84.14973293629666,-45.0,12,0
19972,2,78.28414760510762,22.5,10,0
19973,2,78.28414760510762,67.5,9,0
19974,2,78.28414760510762,112.5,13,0
19975,2,78.28414760510762,157.5,11,0
19976,2,78.28414760510762,-157.5,4,0
19977,2,78.28414760510762,-112.5,18,0
19978,2,78.28414760510762,-67.5,8,0
19979,2,78.28414760510762,-22.5,16,0
19980,2,72.38756092964962,15.0,9,0
19981,2,72.38756092964962,45.0,10,0
19982,2,72.38756092964962,75.0,11,0
19983,2,72.38756092964962,105.0,9,0
19984,2,72.38756092964962,135.0,5,0
19985,2,72.38756092964962,165.0,7,0
19986,2,72.38756092964962,-165.0,3,0
19987,2,72.38756092964962,-135.0,12,0
19988,2,72.38756092964962,-105.0,15,0
19989,2,72.38756092964962,-75.0,8,0
19990,2,72.38756092964962,-45.0,14,0
19991,2,72.38756092964962,-15.0,18,0
19992,2,66.44353569089877,11.25,9,0
19993,2,66.44353569089877,33.75,14,0
19994,2,66.44353569089877,56.25,10,0
19995,2,66.44353569089877,78.75,9,0
19996,2,66.44353569089877,101.25,9,0
19997,2,66.44353569089877,123.75,8,0
19998,2,66.44353569089877,146.25,8,0
19999,2,66.44353569089877,168.75,5,0
20000,2,66.44353569089877,-168.75,10,0
20001,2,66.44353569089877,-146.25,8,0
20002,2,66.44353569089877,-123.75,7,0
20003,2,66.44353569089877,-101.25,12,0
20004,2,66.44353569089877,-78.75,12,0
20005,2,66.44353569089877,-56.25,14,0
20006,2,66.44353569089877,-33.75,11,0
20007,2,66.44353569089877,-11.25,13,0
20008,2,60.43443884495228,9.0,10,0
20009,2,60.43443884495228,27.0,15,0
20010,2,60.43443884495228,45.0,7,0
20011,2,60.43443884495228,63.0,10,0
20012,2,60.43443884495228,81.0,16,0
20013,2,60.43443884495228,99.0,9,0
20014,2,60.43443884495228,117.0,8,0
20015,2,60.43443884495228,135.0,14,0
20016,2,60.43443884495228,153.0,13,0
20017,2,60.43443884495228,171.0,9,0
20018,2,60.43443884495228,-171.0,12,0
20019,2,60.43443884495228,-153.0,10,0
20020,2,60.43443884495228,-135.0,14,0
20021,2,60.43443884495228,-117.0,7,0
20022,2,60.43443884495228,-99.0,11,0
20023,2,60.43443884495228,-81.0,13,0
20024,2,60.43443884495228,-63.0,11,0
20025,2,60.43443884495228,-45.0,10,0
20026,2,60.43443884495228,-27.0,12,0
20027,2,60.43443884495228,-9.0,13,0
20028,2,54.340912303861245,7.5,12,0
20029,2,54.340912303861245,22.5,14,0
20030,2,54.340912303861245,37.5,14,0
20031,2,54.340912303861245,52.5,10,0
20032,2,54.340912303861245,67.5,13,0
20033,2,54.340912303861245,82.5,8,0
20034,2,54.340912303861245,97.5,13,0
20035,2,54.340912303861245,112.5,6,0
20036,2,54.340912303861245,127.5,14,0
20037,2,54.340912303861245,142.5,17,0
20038,2,54.340912303861245,157.5,11,0
20039,2,54.340912303861245,172.5,8,0
20040,2,54.340912303861245,-172.5,7,0
20041,2,54.340912303861245,-157.5,9,0
20042,2,54.340912303861245,-142.5,12,0
20043,2,54.340912303861245,-127.5,16,0
20044,2,54.340912303861245,-112.5,8,0
20045,2,54.340912303861245,-97.5,10,0
20046,2,54.340912303861245,-82.5,17,0
20047,2,54.340912303861245,-67.5,10,0
20048,2,54.340912303861245,-52.50000000000006,14,0
20049,2,54.340912303861245,-37.5,6,0
20050,2,54.340912303861245,-22.5,5,0
20051,2,54.340912303861245,-7.5,13,0
20052,2,48.141207794360284,6.428571428571416,13,0
20053,2,48.141207794360284,19.285714285714278,16,0
20054,2,48.141207794360284,32.14285714285714,9,0
20055,2,48.141207794360284,45.0,11,0
20056,2,48.141207794360284,57.85714285714286,12,0
20057,2,48.141207794360284,70.71428571428572,12,0
20058,2,48.141207794360284,83.57142857142856,15,0
20059,2,48.141207794360284,96.42857142857144,18,0
20060,2,48.141207794360284,109.28571428571428,11,0
20061,2,48.141207794360284,122.14285714285711,7,0
20062,2,48.141207794360284,135.0,8,0
20063,2,48.141207794360284,147.8571428571429,15,0
20064,2,48.141207794360284,160.71428571428572,12,0
20065,2,48.141207794360284,173.57142857142856,9,0
20066,2,48.141207794360284,-173.57142857142856,10,0
20067,2,48.141207794360284,-160.71428571428572,12,0
20068,2,48.141207794360284,-147.8571428571429,11,0
20069,2,48.141207794360284,-135.0,8,0
20070,2,48.141207794360284,-122.14285714285711,17,0
20071,2,48.141207794360284,-109.28571428571428,10,0
20072,2,48.141207794360284,-96.42857142857144,11,0
20073,2,48.141207794360284,-83.57142857142856,13,0
20074,2,48.141207794360284,-70.71428571428572,9,0
20075,2,48.141207794360284,-57.85714285714283,12,0
20076,2,48.141207794360284,-45.0,17,0
20077,2,48.141207794360284,-32.14285714285717,13,0
20078,2,48.141207794360284,-19.28571428571422,13,0
20079,2,48.141207794360284,-6.428571428571445,12,0
20080,2,41.81031489577859,5.625,12,0
20081,2,41.81031489577859,16.875,16,0
20082,2,41.81031489577859,28.125,13,0
20083,2,41.81031489577859,39.375,5,0
20084,2,41.81031489577859,50.625,13,0
20085,2,41.81031489577859,61.875,12,0
20086,2,41.81031489577859,73.125,13,0
20087,2,41.81031489577859,84.375,19,0
20088,2,41.81031489577859,95.625,16,0
20089,2,41.81031489577859,106.875,12,0
20090,2,41.81031489577859,118.125,8,0
20091,2,41.81031489577859,129.375,6,0
20092,2,41.81031489577859,140.625,12,0
20093,2,41.81031489577859,151.875,9,0
20094,2,41.81031489577859,163.125,12,0
20095,2,41.81031489577859,174.375,20,0
20096,2,41.81031489577859,-174.375,4,0
20097,2,41.81031489577859,-163.125,11,0
20098,2,41.81031489577859,-151.875,14,0
20099,2,41.81031489577859,-140.625,10,0
20100,2,41.81031489577859,-129.37500000000006,6,0
20101,2,41.81031489577859,-118.125,16,0
20102,2,41.81031489577859,-106.875,11,0
20103,2,41.81031489577859,-95.625,9,0
20104,2,41.81031489577859,-84.375,17,0
20105,2,41.81031489577859,-73.12500000000006,13,0
20106,2,41.81031489577859,-61.875,10,0
20107,2,41.81031489577859,-50.625,13,0
20108,2,41.81031489577859,-39.375,14,0
20109,2,41.81031489577859,-28.125,9,0
20110,2,41.81031489577859,-16.875,10,0
20111,2,41.81031489577859,-5.625,14,0
20112,2,35.68533471265204,0.0,13,0
20113,2,35.68533471265204,11.25,15,0
20114,2,35.68533471265204,22.5,5,0
20115,2,35.68533471265204,33.75,10,0
20116,2,35.68533471265204,45.0,11,0
20117,2,35.68533471265204,56.25,12,0
20118,2,35.68533471265204,67.5,12,0
20119,2,35.68533471265204,78.75,6,0
20120,2,35.68533471265204,90.0,10,0
20121,2,35.68533471265204,101.25,10,0
20122,2,35.68533471265204,112.5,12,0
20123,2,35.68533471265204,123.75,5,0
20124,2,35.68533471265204,135.0,10,0
20125,2,35.68533471265204,146.25,10,0
20126,2,35.68533471265204,157.5,15,0
20127,2,35.68533471265204,168.75,11,0
20128,2,35.68533471265204,-180.0,11,0
20129,2,35.68533471265204,-168.75,8,0
20130,2,35.68533471265204,-157.5,16,0
20131,2,35.68533471265204,-146.25,11,0
20132,2,35.68533471265204,-135.0,6,0
20133,2,35.68533471265204,-123.75,9,0
20134,2,35.68533471265204,-112.5,12,0
20135,2,35.68533471265204,-101.25,9,0
20136,2,35.68533471265204,-90.0,10,0
20137,2,35.68533471265204,-78.75000000000006,14,0
20138,2,35.68533471265204,-67.5,7,0
20139,2,35.68533471265204,-56.25,8,0
20140,2,35.68533471265204,-45.0,16,0
20141,2,35.68533471265204,-33.75000000000006,11,0
20142,2,35.68533471265204,-22.5,9,0
20143,2,35.68533471265204,-11.25,7,0
20144,2,30.000000000000007,5.625,8,0
20145,2,30.000000000000007,16.875,8,0
20146,2,30.000000000000007,28.125,9,0
20147,2,30.000000000000007,39.375,11,0
20148,2,30.000000000000007,50.625,9,0
20149,2,30.000000000000007,61.875,9,0
20150,2,30.000000000000007,73.125,6,0
20151,2,30.000000000000007,84.375,6,0
20152,2,30.000000000000007,95.625,15,0
20153,2,30.000000000000007,106.875,17,0
20154,2,30.000000000000007,118.125,7,0
20155,2,30.000000000000007,129.375,12,0
20156,2,30.000000000000007,140.625,13,0
20157,2,30.000000000000007,151.875,14,0
20158,2,30.000000000000007,163.125,13,0
20159,2,30.000000000000007,174.375,11,0
20160,2,30.000000000000007,-174.375,8,0
20161,2,30.000000000000007,-163.125,13,0
20162,2,30.000000000000007,-151.875,16,0
20163,2,30.000000000000007,-140.625,12,0
20164,2,30.000000000000007,-129.37500000000006,12,0
20165,2,30.000000000000007,-118.125,10,0
20166,2,30.000000000000007,-106.875,11,0
20167,2,30.000000000000007,-95.625,9,0
20168,2,30.000000000000007,-84.375,14,0
20169,2,30.000000000000007,-73.12500000000006,12,0
20170,2,30.000000000000007,-61.875,6,0
20171,2,30.000000000000007,-50.625,12,0
20172,2,30.000000000000007,-39.375,10,0
20173,2,30.000000000000007,-28.125,11,0
20174,2,30.000000000000007,-16.875,9,0
20175,2,30.000000000000007,-5.625,6,0
20176,2,24.62431835216408,0.0,11,0
20177,2,24.62431835216408,11.25,12,0
20178,2,24.62431835216408,22.5,6,0
20179,2,24.62431835216408,33.75,11,0
20180,2,24.62431835216408,45.0,21,0
20181,2,24.62431835216408,56.25,9,0
20182,2,24.62431835216408,67.5,8,0
20183,2,24.62431835216408,78.75,14,0
20184,2,24.62431835216408,90.0,7,0
20185,2,24.62431835216408,101.25,15,0
20186,2,24.62431835216408,112.5,8,0
20187,2,24.62431835216408,123.75,12,0
20188,2,24.62431835216408,135.0,11,0
20189,2,24.62431835216408,146.25,11,0
20190,2,24.62431835216408,157.5,11,0
20191,2,24.62431835216408,168.75,16,0
20192,2,24.62431835216408,-180.0,10,1
20193,2,24.62431835216408,-168.75,15,0
20194,2,24.62431835216408,-157.5,11,0
20195,2,24.62431835216408,-146.25,11,0
20196,2,24.62431835216408,-135.0,11,0
20197,2,24.62431835216408,-123.75,7,0
20198,2,24.62431835216408,-112.5,15,0
20199,2,24.62431835216408,-101.25,8,0
20200,2,24.62431835216408,-90.0,16,0
20201,2,24.62431835216408,-78.75000000000006,16,0
20202,2,24.62431835216408,-67.5,11,0
20203,2,24.62431835216408,-56.25,7,0
20204,2,24.62431835216408,-45.0,15,0
20205,2,24.62431835216408,-33.75000000000006,9,0
20206,2,24.62431835216408,-22.5,11,0
20207,2,24.62431835216408,-11.25,4,0
20208,2,19.47122063449069,5.625,13,0
20209,2,19.47122063449069,16.875,12,0
20210,2,19.47122063449069,28.125,8,0
20211,2,19.47122063449069,39.375,18,0
20212,2,19.47122063449069,50.625,14,0
20213,2,19.47122063449069,61.875,8,0
20214,2,19.47122063449069,73.125,16,0
20215,2,19.47122063449069,84.375,10,0
20216,2,19.47122063449069,95.625,15,0
20217,2,19.47122063449069,106.875,5,0
20218,2,19.47122063449069,118.125,9,0
20219,2,19.47122063449069,129.375,15,0
20220,2,19.47122063449069,140.625,13,0
20221,2,19.47122063449069,151.875,10,0
20222,2,19.47122063449069,163.125,23,0
20223,2,19.47122063449069,174.375,9,0
20224,2,19.47122063449069,-174.375,12,0
20225,2,19.47122063449069,-163.125,8,0
20226,2,19.47122063449069,-151.875,9,0
20227,2,19.47122063449069,-140.625,8,0
20228,2,19.47122063449069,-129.37500000000006,11,0
20229,2,19.47122063449069,-118.125,13,0
20230,2,19.47122063449069,-106.875,8,0
20231,2,19.47122063449069,-95.625,13,0
20232,2,19.47122063449069,-84.375,14,0
20233,2,19.47122063449069,-73.12500000000006,7,0
20234,2,19.47122063449069,-61.875,10,0
20235,2,19.47122063449069,-50.625,16,0
20236,2,19.47122063449069,-39.375,11,0
20237,2,19.47122063449069,-28.125,14,0
20238,2,19.47122063449069,-16.875,9,0
20239,2,19.47122063449069,-5.625,9,0
20240,2,14.477512185929925,0.0,12,0
20241,2,14.477512185929925,11.25,13,0
20242,2,14.477512185929925,22.5,13,0
20243,2,14.477512185929925,33.75,7,0
20244,2,14.477512185929925,45.0,15,0
20245,2,14.477512185929925,56.25,10,0
20246,2,14.477512185929925,67.5,13,0
20247,2,14.477512185929925,78.75,13,0
20248,2,14.477512185929925,90.0,11,0
20249,2,14.477512185929925,101.25,12,0
20250,2,14.477512185929925,112.5,14,0
20251,2,14.477512185929925,123.75,14,0
20252,2,14.477512185929925,135.0,12,0
20253,2,14.477512185929925,146.25,13,0
20254,2,14.477512185929925,157.5,14,0
20255,2,14.477512185929925,168.75,13,0
20256,2,14.477512185929925,-180.0,11,0
20257,2,14.477512185929925,-168.75,11,0
20258,2,14.477512185929925,-157.5,13,0
20259,2,14.477512185929925,-146.25,10,0
20260,2,14.477512185929925,-135.0,11,0
20261,2,14.477512185929925,-123.75,9,0
20262,2,14.477512185929925,-112.5,12,0
20263,2,14.477512185929925,-101.25,9,0
20264,2,14.477512185929925,-90.0,10,0
20265,2,14.477512185929925,-78.75000000000006,12,0
20266,2,14.477512185929925,-67.5,13,0
20267,2,14.477512185929925,-56.25,14,0
20268,2,14.477512185929925,-45.0,9,0
20269,2,14.477512185929925,-33.75000000000006,12,0
20270,2,14.477512185929925,-22.5,10,0
20271,2,14.477512185929925,-11.25,9,0
20272,2,9.594068226860458,5.625,10,0
20273,2,9.594068226860458,16.875,12,1
20274,2,9.594068226860458,28.125,12,0
20275,2,9.594068226860458,39.375,13,0
20276,2,9.594068226860458,50.625,6,1
20277,2,9.594068226860458,61.875,11,0
20278,2,9.594068226860458,73.125,7,2
20279,2,9.594068226860458,84.375,11,0
20280,2,9.594068226860458,95.625,11,0
20281,2,9.594068226860458,106.875,20,1
20282,2,9.594068226860458,118.125,10,0
20283,2,9.594068226860458,129.375,14,0
20284,2,9.594068226860458,140.625,15,0
20285,2,9.594068226860458,151.875,12,1
20286,2,9.594068226860458,163.125,16,0
20287,2,9.594068226860458,174.375,8,0
20288,2,9.594068226860458,-174.375,15,0
20289,2,9.594068226860458,-163.125,13,0
20290,2,9.594068226860458,-151.875,14,0
20291,2,9.594068226860458,-140.625,8,0
20292,2,9.594068226860458,-129.37500000000006,13,0
20293,2,9.594068226860458,-118.125,8,0
20294,2,9.594068226860458,-106.875,15,0
20295,2,9.594068226860458,-95.625,12,0
20296,2,9.594068226860458,-84.375,11,0
20297,2,9.594068226860458,-73.12500000000006,14,1
20298,2,9.594068226860458,-61.875,11,0
20299,2,9.594068226860458,-50.625,13,0
20300,2,9.594068226860458,-39.375,12,0
20301,2,9.594068226860458,-28.125,8,1
20302,2,9.594068226860458,-16.875,5,0
20303,2,9.594068226860458,-5.625,9,0
20304,2,4.780191847199163,0.0,8,4
20305,2,4.780191847199163,11.25,6,2
20306,2,4.780191847199163,22.5,16,1
20307,2,4.780191847199163,33.75,8,3
20308,2,4.780191847199163,45.0,11,3
20309,2,4.780191847199163,56.25,11,0
20310,2,4.780191847199163,67.5,17,4
20311,2,4.780191847199163,78.75,14,1
20312,2,4.780191847199163,90.0,11,1
20313,2,4.780191847199163,101.25,18,4
20314,2,4.780191847199163,112.5,14,2
20315,2,4.780191847199163,123.75,13,1
20316,2,4.780191847199163,135.0,5,4
20317,2,4.780191847199163,146.25,13,2
20318,2,4.780191847199163,157.5,13,1
20319,2,4.780191847199163,168.75,14,1
20320,2,4.780191847199163,-180.0,7,3
20321,2,4.780191847199163,-168.75,18,3
20322,2,4.780191847199163,-157.5,10,4
20323,2,4.780191847199163,-146.25,15,2
20324,2,4.780191847199163,-135.0,15,5
20325,2,4.780191847199163,-123.75,6,3
20326,2,4.780191847199163,-112.5,20,1
20327,2,4.780191847199163,-101.25,13,3
20328,2,4.780191847199163,-90.0,15,2
20329,2,4.780191847199163,-78.75000000000006,9,2
20330,2,4.780191847199163,-67.5,17,3
20331,2,4.780191847199163,-56.25,7,2
20332,2,4.780191847199163,-45.0,15,1
20333,2,4.780191847199163,-33.75000000000006,12,4
20334,2,4.780191847199163,-22.5,8,2
20335,2,4.780191847199163,-11.25,14,3
20336,2,0.0,5.625,9,4
20337,2,0.0,16.875,11,3
20338,2,0.0,28.125,10,2
20339,2,0.0,39.375,12,3
20340,2,0.0,50.625,15,5
20341,2,0.0,61.875,19,1
20342,2,0.0,73.125,14,4
20343,2,0.0,84.375,12,1
20344,2,0.0,95.625,10,3
20345,2,0.0,106.875,14,4
20346,2,0.0,118.125,14,3
20347,2,0.0,129.375,14,2
20348,2,0.0,140.625,10,3
20349,2,0.0,151.875,10,7
20350,2,0.0,163.125,11,2
20351,2,0.0,174.375,11,3
20352,2,0.0,-174.375,14,4
20353,2,0.0,-163.125,16,5
20354,2,0.0,-151.875,18,1
20355,2,0.0,-140.625,14,8
20356,2,0.0,-129.37500000000006,11,3
20357,2,0.0,-118.125,9,2
20358,2,0.0,-106.875,14,1
20359,2,0.0,-95.625,14,3
20360,2,0.0,-84.375,13,3
20361,2,0.0,-73.12500000000006,10,3
20362,2,0.0,-61.875,12,1
20363,2,0.0,-50.625,11,5
20364,2,0.0,-39.375,9,1
20365,2,0.0,-28.125,12,5
20366,2,0.0,-16.875,12,3
20367,2,0.0,-5.625,17,5
20368,2,-4.780191847199163,0.0,12,0
20369,2,-4.780191847199163,11.25,12,3
20370,2,-4.780191847199163,22.5,8,2
20371,2,-4.780191847199163,33.75,6,2
20372,2,-4.780191847199163,45.0,11,2
20373,2,-4.780191847199163,56.25,11,2
20374,2,-4.780191847199163,67.5,6,3
20375,2,-4.780191847199163,78.75,15,0
20376,2,-4.780191847199163,90.0,6,0
20377,2,-4.780191847199163,101.25,11,3
20378,2,-4.780191847199163,112.5,9,1
20379,2,-4.780191847199163,123.75,10,1
20380,2,-4.780191847199163,135.0,8,0
20381,2,-4.780191847199163,146.25,10,1
20382,2,-4.780191847199163,157.5,9,5
20383,2,-4.780191847199163,168.75,13,0
20384,2,-4.780191847199163,-180.0,8,3
20385,2,-4.780191847199163,-168.75,19,0
20386,2,-4.780191847199163,-157.5,15,0
20387,2,-4.780191847199163,-146.25,12,0
20388,2,-4.780191847199163,-135.0,15,5
20389,2,-4.780191847199163,-123.75,11,1
20390,2,-4.780191847199163,-112.5,9,0
20391,2,-4.780191847199163,-101.25,9,0
20392,2,-4.780191847199163,-90.0,12,1
20393,2,-4.780191847199163,-78.75000000000006,10,4
20394,2,-4.780191847199163,-67.5,9,0
20395,2,-4.780191847199163,-56.25,15,3
20396,2,-4.780191847199163,-45.0,12,2
20397,2,-4.780191847199163,-33.75000000000006,12,5
20398,2,-4.780191847199163,-22.5,15,1
20399,2,-4.780191847199163,-11.25,12,3
20400,2,-9.594068226860458,5.625,12,1
20401,2,-9.594068226860458,16.875,14,1
20402,2,-9.594068226860458,28.125,7,0
20403,2,-9.594068226860458,39.375,9,0
20404,2,-9.594068226860458,50.625,5,0
20405,2,-9.594068226860458,61.875,10,0
20406,2,-9.594068226860458,73.125,9,0
20407,2,-9.594068226860458,84.375,11,0
20408,2,-9.594068226860458,95.625,6,0
20409,2,-9.594068226860458,106.875,10,1
20410,2,-9.594068226860458,118.125,12,0
20411,2,-9.594068226860458,129.375,8,0
20412,2,-9.594068226860458,140.625,10,1
20413,2,-9.594068226860458,151.875,10,0
20414,2,-9.594068226860458,163.125,14,0
20415,2,-9.594068226860458,174.375,7,0
20416,2,-9.594068226860458,-174.375,18,0
20417,2,-9.594068226860458,-163.125,16,0
20418,2,-9.594068226860458,-151.875,11,0
20419,2,-9.594068226860458,-140.625,17,0
20420,2,-9.594068226860458,-129.37500000000006,11,0
20421,2,-9.594068226860458,-118.125,8,0
20422,2,-9.594068226860458,-106.875,10,0
20423,2,-9.594068226860458,-95.625,4,0
20424,2,-9.594068226860458,-84.375,9,1
20425,2,-9.594068226860458,-73.12500000000006,13,0
20426,2,-9.594068226860458,-61.875,19,0
20427,2,-9.594068226860458,-50.625,9,0
20428,2,-9.594068226860458,-39.375,9,1
20429,2,-9.594068226860458,-28.125,12,0
20430,2,-9.594068226860458,-16.875,5,0
20431,2,-9.594068226860458,-5.625,11,0
20432,2,-14.477512185929925,0.0,11,0
20433,2,-14.477512185929925,11.25,8,1
20434,2,-14.477512185929925,22.5,7,0
20435,2,-14.477512185929925,33.75,10,0
20436,2,-14.477512185929925,45.0,7,0
20437,2,-14.477512185929925,56.25,9,0
20438,2,-14.477512185929925,67.5,4,0
20439,2,-14.477512185929925,78.75,18,0
20440,2,-14.477512185929925,90.0,12,0
20441,2,-14.477512185929925,101.25,11,0
20442,2,-14.477512185929925,112.5,11,1
20443,2,-14.477512185929925,123.75,10,0
20444,2,-14.477512185929925,135.0,14,1
20445,2,-14.477512185929925,146.25,10,0
20446,2,-14.477512185929925,157.5,14,0
20447,2,-14.477512185929925,168.75,9,0
20448,2,-14.477512185929925,-180.0,16,0
20449,2,-14.477512185929925,-168.75,13,0
20450,2,-14.477512185929925,-157.5,7,0
20451,2,-14.477512185929925,-146.25,16,0
20452,2,-14.477512185929925,-135.0,15,0
20453,2,-14.477512185929925,-123.75,7,0
20454,2,-14.477512185929925,-112.5,13,0
20455,2,-14.477512185929925,-101.25,10,0
20456,2,-14.477512185929925,-90.0,11,0
20457,2,-14.477512185929925,-78.75000000000006,6,0
20458,2,-14.477512185929925,-67.5,10,0
20459,2,-14.477512185929925,-56.25,11,0
20460,2,-14.477512185929925,-45.0,8,0
20461,2,-14.477512185929925,-33.75000000000006,11,0
20462,2,-14.477512185929925,-22.5,13,0
20463,2,-14.477512185929925,-11.25,11,0
20464,2,-19.47122063449069,5.625,12,0
20465,2,-19.47122063449069,16.875,6,0
20466,2,-19.47122063449069,28.125,7,0
20467,2,-19.47122063449069,39.375,14,0
20468,2,-19.47122063449069,50.625,11,0
20469,2,-19.47122063449069,61.875,9,0
20470,2,-19.47122063449069,73.125,8,0
20471,2,-19.47122063449069,84.375,21,0
20472,2,-19.47122063449069,95.625,7,0
20473,2,-19.47122063449069,106.875,8,0
20474,2,-19.47122063449069,118.125,6,0
20475,2,-19.47122063449069,129.375,19,0
20476,2,-19.47122063449069,140.625,17,0
20477,2,-19.47122063449069,151.875,12,0
20478,2,-19.47122063449069,163.125,15,0
20479,2,-19.47122063449069,174.375,13,0
20480,2,-19.47122063449069,-174.375,14,0
20481,2,-19.47122063449069,-163.125,13,0
20482,2,-19.47122063449069,-151.875,10,0
20483,2,-19.47122063449069,-140.625,13,0
20484,2,-19.47122063449069,-129.37500000000006,8,0
20485,2,-19.47122063449069,-118.125,14,0
20486,2,-19.47122063449069,-106.875,17,0
20487,2,-19.47122063449069,-95.625,10,0
20488,2,-19.47122063449069,-84.375,7,0
20489,2,-19.47122063449069,-73.12500000000006,9,0
20490,2,-19.47122063449069,-61.875,5,0
20491,2,-19.47122063449069,-50.625,8,0
20492,2,-19.47122063449069,-39.375,10,0
20493,2,-19.47122063449069,-28.125,12,0
20494,2,-19.47122063449069,-16.875,9,0
20495,2,-19.47122063449069,-5.625,9,0
20496,2,-24.62431835216408,0.0,19,0
20497,2,-24.62431835216408,11.25,10,0
20498,2,-24.62431835216408,22.5,12,0
20499,2,-24.62431835216408,33.75,9,0
20500,2,-24.62431835216408,45.0,15,0
20501,2,-24.62431835216408,56.25,10,0
20502,2,-24.62431835216408,67.5,16,0
20503,2,-24.62431835216408,78.75,12,0
20504,2,-24.62431835216408,90.0,8,0
20505,2,-24.62431835216408,101.25,13,0
20506,2,-24.62431835216408,112.5,8,0
20507,2,-24.62431835216408,123.75,7,0
20508,2,-24.62431835216408,135.0,17,0
20509,2,-24.62431835216408,146.25,19,0
20510,2,-24.62431835216408,157.5,8,0
20511,2,-24.62431835216408,168.75,7,0
20512,2,-24.62431835216408,-180.0,10,0
20513,2,-24.62431835216408,-168.75,17,0
20514,2,-24.62431835216408,-157.5,8,0
20515,2,-24.62431835216408,-146.25,15,0
20516,2,-24.62431835216408,-135.0,10,0
20517,2,-24.62431835216408,-123.75,6,0
20518,2,-24.62431835216408,-112.5,14,0
20519,2,-24.62431835216408,-101.25,14,0
20520,2,-24.62431835216408,-90.0,15,0
20521,2,-24.62431835216408,-78.75000000000006,5,0
20522,2,-24.62431835216408,-67.5,13,0
20523,2,-24.62431835216408,-56.25,7,0
20524,2,-24.62431835216408,-45.0,14,0
20525,2,-24.62431835216408,-33.75000000000006,7,0
20526,2,-24.62431835216408,-22.5,12,0
20527,2,-24.62431835216408,-11.25,13,0
20528,2,-30.000000000000014,5.625,10,0
20529,2,-30.000000000000014,16.875,6,0
20530,2,-30.000000000000014,28.125,13,0
20531,2,-30.000000000000014,39.375,9,0
20532,2,-30.000000000000014,50.625,10,0
20533,2,-30.000000000000014,61.875,16,0
20534,2,-30.000000000000014,73.125,15,0
20535,2,-30.000000000000014,84.375,10,0
20536,2,-30.000000000000014,95.625,9,0
20537,2,-30.000000000000014,106.875,10,0
20538,2,-30.000000000000014,118.125,9,0
20539,2,-30.000000000000014,129.375,12,0
20540,2,-30.000000000000014,140.625,11,0
20541,2,-30.000000000000014,151.875,12,0
20542,2,-30.000000000000014,163.125,6,0
20543,2,-30.000000000000014,174.375,10,0
20544,2,-30.000000000000014,-174.375,14,0
20545,2,-30.000000000000014,-163.125,8,0
20546,2,-30.000000000000014,-151.875,16,0
20547,2,-30.000000000000014,-140.625,14,0
20548,2,-30.000000000000014,-129.37500000000006,8,0
20549,2,-30.000000000000014,-118.125,11,0
20550,2,-30.000000000000014,-106.875,12,0
20551,2,-30.000000000000014,-95.625,13,0
20552,2,-30.000000000000014,-84.375,13,0
20553,2,-30.000000000000014,-73.12500000000006,10,0
20554,2,-30.000000000000014,-61.875,12,0
20555,2,-30.000000000000014,-50.625,10,0
20556,2,-30.000000000000014,-39.375,9,0
20557,2,-30.000000000000014,-28.125,6,0
20558,2,-30.000000000000014,-16.875,9,0
20559,2,-30.000000000000014,-5.625,10,0
20560,2,-35.68533471265205,0.0,11,0
20561,2,-35.68533471265205,11.25,13,0
20562,2,-35.68533471265205,22.5,10,0
20563,2,-35.68533471265205,33.75,8,0
20564,2,-35.68533471265205,45.0,16,0
20565,2,-35.68533471265205,56.25,9,0
20566,2,-35.68533471265205,67.5,17,0
20567,2,-35.68533471265205,78.75,11,0
20568,2,-35.68533471265205,90.0,5,0
20569,2,-35.68533471265205,101.25,10,0
20570,2,-35.68533471265205,112.5,13,0
20571,2,-35.68533471265205,123.75,16,0
20572,2,-35.68533471265205,135.0,16,0
20573,2,-35.68533471265205,146.25,6,0
20574,2,-35.68533471265205,157.5,12,0
20575,2,-35.68533471265205,168.75,12,0
20576,2,-35.68533471265205,-180.0,16,0
20577,2,-35.68533471265205,-168.75,12,0
20578,2,-35.68533471265205,-157.5,10,0
20579,2,-35.68533471265205,-146.25,9,0
20580,2,-35.68533471265205,-135.0,7,0
20581,2,-35.68533471265205,-123.75,10,0
20582,2,-35.68533471265205,-112.5,6,0
20583,2,-35.68533471265205,-101.25,11,0
20584,2,-35.68533471265205,-90.0,7,0
20585,2,-35.68533471265205,-78.75000000000006,9,0
20586,2,-35.68533471265205,-67.5,8,0
20587,2,-35.68533471265205,-56.25,14,0
20588,2,-35.68533471265205,-45.0,10,0
20589,2,-35.68533471265205,-33.75000000000006,10,1
20590,2,-35.68533471265205,-22.5,7,0
20591,2,-35.68533471265205,-11.25,5,0
20592,2,-41.81031489577862,5.625,10,0
20593,2,-41.81031489577862,16.875,10,0
20594,2,-41.81031489577862,28.125,11,0
20595,2,-41.81031489577862,39.375,15,0
20596,2,-41.81031489577862,50.625,15,0
20597,2,-41.81031489577862,61.875,7,0
20598,2,-41.81031489577862,73.125,8,0
20599,2,-41.81031489577862,84.375,9,0
20600,2,-41.81031489577862,95.625,9,0
20601,2,-41.81031489577862,106.875,21,0
20602,2,-41.81031489577862,118.125,17,0
20603,2,-41.81031489577862,129.375,12,0
20604,2,-41.81031489577862,140.625,8,0
20605,2,-41.81031489577862,151.875,10,0
20606,2,-41.81031489577862,163.125,9,0
20607,2,-41.81031489577862,174.375,10,0
20608,2,-41.81031489577862,-174.375,10,0
20609,2,-41.81031489577862,-163.125,15,0
20610,2,-41.81031489577862,-151.875,14,0
20611,2,-41.81031489577862,-140.625,5,0
20612,2,-41.81031489577862,-129.37500000000006,12,0
20613,2,-41.81031489577862,-118.125,15,0
20614,2,-41.81031489577862,-106.875,14,0
20615,2,-41.81031489577862,-95.625,12,0
20616,2,-41.81031489577862,-84.375,11,0
20617,2,-41.81031489577862,-73.12500000000006,6,0
20618,2,-41.81031489577862,-61.875,6,0
20619,2,-41.81031489577862,-50.625,11,0
20620,2,-41.81031489577862,-39.375,12,1
20621,2,-41.81031489577862,-28.125,15,0
20622,2,-41.81031489577862,-16.875,11,0
20623,2,-41.81031489577862,-5.625,9,0
20624,2,-48.1412077943603,6.428571428571416,13,0
20625,2,-48.1412077943603,19.285714285714278,15,0
20626,2,-48.1412077943603,32.14285714285714,11,0
20627,2,-48.1412077943603,45.0,20,0
20628,2,-48.1412077943603,57.85714285714286,9,0
20629,2,-48.1412077943603,70.71428571428572,8,0
20630,2,-48.1412077943603,83.57142857142856,12,0
20631,2,-48.1412077943603,96.42857142857144,12,0
20632,2,-48.1412077943603,109.28571428571428,16,0
20633,2,-48.1412077943603,122.14285714285711,15,0
20634,2,-48.1412077943603,135.0,13,0
20635,2,-48.1412077943603,147.8571428571429,15,0
20636,2,-48.1412077943603,160.71428571428572,7,0
20637,2,-48.1412077943603,173.57142857142856,11,0
20638,2,-48.1412077943603,-173.57142857142856,10,0
20639,2,-48.1412077943603,-160.71428571428572,7,0
20640,2,-48.1412077943603,-147.8571428571429,5,0
20641,2,-48.1412077943603,-135.0,6,0
20642,2,-48.1412077943603,-122.14285714285711,9,0
20643,2,-48.1412077943603,-109.28571428571428,11,0
20644,2,-48.1412077943603,-96.42857142857144,11,0
20645,2,-48.1412077943603,-83.57142857142856,11,0
20646,2,-48.1412077943603,-70.71428571428572,4,0
20647,2,-48.1412077943603,-57.85714285714283,5,0
20648,2,-48.1412077943603,-45.0,15,0
20649,2,-48.1412077943603,-32.14285714285717,12,0
20650,2,-48.1412077943603,-19.28571428571422,15,0
20651,2,-48.1412077943603,-6.428571428571445,14,0
20652,2,-54.340912303861245,7.5,10,0
20653,2,-54.340912303861245,22.5,11,0
20654,2,-54.340912303861245,37.5,20,0
20655,2,-54.340912303861245,52.5,13,0
20656,2,-54.340912303861245,67.5,8,0
20657,2,-54.340912303861245,82.5,17,0
20658,2,-54.340912303861245,97.5,12,0
20659,2,-54.340912303861245,112.5,8,0
20660,2,-54.340912303861245,127.5,24,0
20661,2,-54.340912303861245,142.5,13,0
20662,2,-54.340912303861245,157.5,9,0
20663,2,-54.340912303861245,172.5,12,0
20664,2,-54.340912303861245,-172.5,14,0
20665,2,-54.340912303861245,-157.5,8,0
20666,2,-54.340912303861245,-142.5,9,0
20667,2,-54.340912303861245,-127.5,8,0
20668,2,-54.340912303861245,-112.5,14,0
20669,2,-54.340912303861245,-97.5,11,0
20670,2,-54.340912303861245,-82.5,9,0
20671,2,-54.340912303861245,-67.5,11,0
20672,2,-54.340912303861245,-52.50000000000006,15,0
20673,2,-54.340912303861245,-37.5,11,0
20674,2,-54.340912303861245,-22.5,11,0
20675,2,-54.340912303861245,-7.5,12,0
20676,2,-60.4344388449523,9.0,12,0
20677,2,-60.4344388449523,27.0,11,0
20678,2,-60.4344388449523,45.0,14,0
20679,2,-60.4344388449523,63.0,9,0
20680,2,-60.4344388449523,81.0,16,0
20681,2,-60.4344388449523,99.0,9,0
20682,2,-60.4344388449523,117.0,10,0
20683,2,-60.4344388449523,135.0,16,0
20684,2,-60.4344388449523,153.0,6,0
20685,2,-60.4344388449523,171.0,8,0
20686,2,-60.4344388449523,-171.0,12,0
20687,2,-60.4344388449523,-153.0,10,0
20688,2,-60.4344388449523,-135.0,8,0
20689,2,-60.4344388449523,-117.0,11,0
20690,2,-60.4344388449523,-99.0,10,0
20691,2,-60.4344388449523,-81.0,7,0
20692,2,-60.4344388449523,-63.0,11,0
20693,2,-60.4344388449523,-45.0,14,0
20694,2,-60.4344388449523,-27.0,9,0
20695,2,-60.4344388449523,-9.0,11,0
20696,2,-66.44353569089876,11.25,17,0
20697,2,-66.44353569089876,33.75,10,0
20698,2,-66.44353569089876,56.25,17,0
20699,2,-66.44353569089876,78.75,16,0
20700,2,-66.44353569089876,101.25,12,0
20701,2,-66.44353569089876,123.75,13,0
20702,2,-66.44353569089876,146.25,9,0
20703,2,-66.44353569089876,168.75,9,0
20704,2,-66.44353569089876,-168.75,10,0
20705,2,-66.44353569089876,-146.25,10,0
20706,2,-66.44353569089876,-123.75,9,0
20707,2,-66.44353569089876,-101.25,12,0
20708,2,-66.44353569089876,-78.75,17,0
20709,2,-66.44353569089876,-56.25,15,0
20710,2,-66.44353569089876,-33.75,9,0
20711,2,-66.44353569089876,-11.25,11,0
20712,2,-72.38756092964962,15.0,12,0
20713,2,-72.38756092964962,45.0,15,0
20714,2,-72.38756092964962,75.0,15,0
20715,2,-72.38756092964962,105.0,10,0
20716,2,-72.38756092964962,135.0,12,0
20717,2,-72.38756092964962,165.0,7,0
20718,2,-72.38756092964962,-165.0,10,0
20719,2,-72.38756092964962,-135.0,9,0
20720,2,-72.38756092964962,-105.0,15,0
20721,2,-72.38756092964962,-75.0,11,0
20722,2,-72.38756092964962,-45.0,10,0
20723,2,-72.38756092964962,-15.0,8,0
20724,2,-78.28414760510762,22.5,16,0
20725,2,-78.28414760510762,67.5,8,0
20726,2,-78.28414760510762,112.5,11,0
20727,2,-78.28414760510762,157.5,8,0
20728,2,-78.28414760510762,-157.5,12,0
20729,2,-78.28414760510762,-112.5,15,0
20730,2,-78.28414760510762,-67.5,9,0
20731,2,-78.28414760510762,-22.5,13,0
20732,2,-84.14973293629666,45.0,12,0
20733,2,-84.14973293629666,135.0,8,0
20734,2,-84.14973293629666,-135.0,11,0
20735,2,-84.14973293629666,-45.0,15,0
20736,2,84.14973293629666,45.0,16,0
20737,2,84.14973293629666,135.0,9,0
20738,2,84.14973293629666,-135.0,11,0
20739,2,84.14973293629666,-45.0,12,0
20740,2,78.28414760510762,22.5,10,0
20741,2,78.28414760510762,67.5,9,0
20742,2,78.28414760510762,112.5,13,0
20743,2,78.28414760510762,157.5,11,0
20744,2,78.28414760510762,-157.5,4,0
20745,2,78.28414760510762,-112.5,18,0
20746,2,78.28414760510762,-67.5,8,0
20747,2,78.28414760510762,-22.5,16,0
20748,2,72.38756092964962,15.0,9,0
20749,2,72.38756092964962,45.0,10,0
20750,2,72.38756092964962,75.0,11,0
20751,2,72.38756092964962,105.0,9,0
20752,2,72.38756092964962,135.0,5,0
20753,2,72.38756092964962,165.0,7,0
20754,2,72.38756092964962,-165.0,3,0
20755,2,72.38756092964962,-135.0,12,0
20756,2,72.38756092964962,-105.0,15,0
20757,2,72.38756092964962,-75.0,8,0
20758,2,72.38756092964962,-45.0,14,0
20759,2,72.38756092964962,-15.0,18,0
20760,2,66.44353569089877,11.25,9,0
20761,2,66.44353569089877,33.75,14,0
20762,2,66.44353569089877,56.25,10,0
20763,2,66.44353569089877,78.75,9,0
20764,2,66.44353569089877,101.25,9,0
20765,2,66.44353569089877,123.75,8,0
20766,2,66.44353569089877,146.25,8,0
20767,2,66.44353569089877,168.75,5,0
20768,2,66.44353569089877,-168.75,10,0
20769,2,66.44353569089877,-146.25,8,0
20770,2,66.44353569089877,-123.75,7,0
20771,2,66.44353569089877,-101.25,12,0
20772,2,66.44353569089877,-78.75,12,0
20773,2,66.44353569089877,-56.25,14,0
20774,2,66.44353569089877,-33.75,11,0
20775,2,66.44353569089877,-11.25,13,0
20776,2,60.43443884495228,9.0,10,0
20777,2,60.43443884495228,27.0,15,0
20778,2,60.43443884495228,45.0,7,0
20779,2,60.43443884495228,63.0,10,0
20780,2,60.43443884495228,81.0,16,0
20781,2,60.43443884495228,99.0,9,0
20782,2,60.43443884495228,117.0,8,0
20783,2,60.43443884495228,135.0,14,0
20784,2,60.43443884495228,153.0,13,0
20785,2,60.43443884495228,171.0,9,0
20786,2,60.43443884495228,-171.0,12,0
20787,2,60.43443884495228,-153.0,10,0
20788,2,60.43443884495228,-135.0,14,0
20789,2,60.43443884495228,-117.0,7,0
20790,2,60.43443884495228,-99.0,11,0
20791,2,60.43443884495228,-81.0,13,0
20792,2,60.43443884495228,-63.0,11,0
20793,2,60.43443884495228,-45.0,10,0
20794,2,60.43443884495228,-27.0,12,0
20795,2,60.43443884495228,-9.0,13,0
20796,2,54.340912303861245,7.5,12,0
20797,2,54.340912303861245,22.5,14,0
20798,2,54.340912303861245,37.5,14,0
20799,2,54.340912303861245,52.5,10,0
20800,2,54.340912303861245,67.5,13,0
20801,2,54.340912303861245,82.5,8,0
20802,2,54.340912303861245,97.5,13,0
20803,2,54.340912303861245,112.5,6,0
20804,2,54.340912303861245,127.5,14,0
20805,2,54.340912303861245,142.5,17,0
20806,2,54.340912303861245,157.5,11,0
20807,2,54.340912303861245,172.5,8,0
20808,2,54.340912303861245,-172.5,7,0
20809,2,54.340912303861245,-157.5,9,0
20810,2,54.340912303861245,-142.5,12,0
20811,2,54.340912303861245,-127.5,16,0
20812,2,54.340912303861245,-112.5,8,0
20813,2,54.340912303861245,-97.5,10,0
20814,2,54.340912303861245,-82.5,17,0
20815,2,54.340912303861245,-67.5,10,0
20816,2,54.340912303861245,-52.50000000000006,14,0
20817,2,54.340912303861245,-37.5,6,0
20818,2,54.340912303861245,-22.5,5,0
20819,2,54.340912303861245,-7.5,13,0
20820,2,48.141207794360284,6.428571428571416,13,0
20821,2,48.141207794360284,19.285714285714278,16,0
20822,2,48.141207794360284,32.14285714285714,9,0
20823,2,48.141207794360284,45.0,11,0
20824,2,48.141207794360284,57.85714285714286,12,0
20825,2,48.141207794360284,70.71428571428572,12,0
20826,2,48.141207794360284,83.57142857142856,15,0
20827,2,48.141207794360284,96.42857142857144,18,0
20828,2,48.141207794360284,109.28571428571428,11,0
20829,2,48.141207794360284,122.14285714285711,7,0
20830,2,48.141207794360284,135.0,8,0
20831,2,48.141207794360284,147.8571428571429,15,0
20832,2,48.141207794360284,160.71428571428572,12,0
20833,2,48.141207794360284,173.57142857142856,9,0
20834,2,48.141207794360284,-173.57142857142856,10,0
20835,2,48.141207794360284,-160.71428571428572,12,0
20836,2,48.141207794360284,-147.8571428571429,11,0
20837,2,48.141207794360284,-135.0,8,0
20838,2,48.141207794360284,-122.14285714285711,17,0
20839,2,48.141207794360284,-109.28571428571428,10,0
20840,2,48.141207794360284,-96.42857142857144,11,0
20841,2,48.141207794360284,-83.57142857142856,13,0
20842,2,48.141207794360284,-70.71428571428572,9,0
20843,2,48.141207794360284,-57.85714285714283,12,0
20844,2,48.141207794360284,-45.0,17,0
20845,2,48.141207794360284,-32.14285714285717,13,0
20846,2,48.141207794360284,-19.28571428571422,13,0
20847,2,48.141207794360284,-6.428571428571445,12,0
20848,2,41.81031489577859,5.625,12,0
20849,2,41.81031489577859,16.875,16,0
20850,2,41.81031489577859,28.125,13,0
20851,2,41.81031489577859,39.375,5,0
20852,2,41.81031489577859,50.625,13,0
20853,2,41.81031489577859,61.875,12,0
20854,2,41.81031489577859,73.125,13,0
20855,2,41.81031489577859,84.375,19,0
20856,2,41.81031489577859,95.625,16,0
20857,2,41.81031489577859,106.875,12,0
20858,2,41.81031489577859,118.125,8,0
20859,2,41.81031489577859,129.375,6,0
20860,2,41.81031489577859,140.625,12,0
20861,2,41.81031489577859,151.875,9,0
20862,2,41.81031489577859,163.125,12,0
20863,2,41.81031489577859,174.375,20,0
20864,2,41.81031489577859,-174.375,4,0
20865,2,41.81031489577859,-163.125,11,0
20866,2,41.81031489577859,-151.875,14,0
20867,2,41.81031489577859,-140.625,10,0
20868,2,41.81031489577859,-129.37500000000006,6,0
20869,2,41.81031489577859,-118.125,16,0
20870,2,41.81031489577859,-106.875,11,0
20871,2,41.81031489577859,-95.625,9,0
20872,2,41.81031489577859,-84.375,17,0
20873,2,41.81031489577859,-73.12500000000006,13,0
20874,2,41.81031489577859,-61.875,10,0
20875,2,41.81031489577859,-50.625,13,0
20876,2,41.81031489577859,-39.375,14,0
20877,2,41.81031489577859,-28.125,9,0
20878,2,41.81031489577859,-16.875,10,0
20879,2,41.81031489577859,-5.625,14,0
20880,2,35.68533471265204,0.0,13,0
20881,2,35.68533471265204,11.25,15,0
20882,2,35.68533471265204,22.5,5,0
20883,2,35.68533471265204,33.75,10,0
20884,2,35.68533471265204,45.0,11,0
20885,2,35.68533471265204,56.25,12,0
20886,2,35.68533471265204,67.5,12,0
20887,2,35.68533471265204,78.75,6,0
20888,2,35.68533471265204,90.0,10,0
20889,2,35.68533471265204,101.25,10,0
20890,2,35.68533471265204,112.5,12,0
20891,2,35.68533471265204,123.75,5,0
20892,2,35.68533471265204,135.0,10,0
20893,2,35.68533471265204,146.25,10,0
20894,2,35.68533471265204,157.5,15,0
20895,2,35.68533471265204,168.75,11,0
20896,2,35.68533471265204,-180.0,11,0
20897,2,35.68533471265204,-168.75,8,0
20898,2,35.68533471265204,-157.5,16,0
20899,2,35.68533471265204,-146.25,11,0
20900,2,35.68533471265204,-135.0,6,0
20901,2,35.68533471265204,-123.75,9,0
20902,2,35.68533471265204,-112.5,12,0
20903,2,35.68533471265204,-101.25,9,0
20904,2,35.68533471265204,-90.0,10,0
20905,2,35.68533471265204,-78.75000000000006,14,0
20906,2,35.68533471265204,-67.5,7,0
20907,2,35.68533471265204,-56.25,8,0
20908,2,35.68533471265204,-45.0,16,0
20909,2,35.68533471265204,-33.75000000000006,11,0
20910,2,35.68533471265204,-22.5,9,0
20911,2,35.68533471265204,-11.25,7,0
20912,2,30.000000000000007,5.625,8,0
20913,2,30.000000000000007,16.875,8,0
20914,2,30.000000000000007,28.125,9,0
20915,2,30.000000000000007,39.375,11,0
20916,2,30.000000000000007,50.625,9,0
20917,2,30.000000000000007,61.875,9,0
20918,2,30.000000000000007,73.125,6,0
20919,2,30.000000000000007,84.375,6,0
20920,2,30.000000000000007,95.625,15,0
20921,2,30.000000000000007,106.875,17,0
20922,2,30.000000000000007,118.125,7,0
20923,2,30.000000000000007,129.375,12,0
20924,2,30.000000000000007,140.625,13,0
20925,2,30.000000000000007,151.875,14,0
20926,2,30.000000000000007,163.125,13,0
20927,2,30.000000000000007,174.375,11,0
20928,2,30.000000000000007,-174.375,8,0
20929,2,30.000000000000007,-163.125,13,0
20930,2,30.000000000000007,-151.875,16,0
20931,2,30.000000000000007,-140.625,12,0
20932,2,30.000000000000007,-129.37500000000006,12,0
20933,2,30.000000000000007,-118.125,10,0
20934,2,30.000000000000007,-106.875,11,0
20935,2,30.000000000000007,-95.625,9,0
20936,2,30.000000000000007,-84.375,14,0
20937,2,30.000000000000007,-73.12500000000006,12,0
20938,2,30.000000000000007,-61.875,6,0
20939,2,30.000000000000007,-50.625,12,0
20940,2,30.000000000000007,-39.375,10,0
20941,2,30.000000000000007,-28.125,11,0
20942,2,30.000000000000007,-16.875,9,0
20943,2,30.000000000000007,-5.625,6,0
20944,2,24.62431835216408,0.0,11,0
20945,2,24.62431835216408,11.25,12,0
20946,2,24.62431835216408,22.5,6,0
20947,2,24.62431835216408,33.75,11,0
20948,2,24.62431835216408,45.0,21,0
20949,2,24.62431835216408,56.25,9,0
20950,2,24.62431835216408,67.5,8,0
20951,2,24.62431835216408,78.75,14,0
20952,2,24.62431835216408,90.0,7,0
20953,2,24.62431835216408,101.25,15,0
20954,2,24.62431835216408,112.5,8,0
20955,2,24.62431835216408,123.75,12,0
20956,2,24.62431835216408,135.0,11,0
20957,2,24.62431835216408,146.25,11,0
20958,2,24.62431835216408,157.5,11,0
20959,2,24.62431835216408,168.75,16,0
20960,2,24.62431835216408,-180.0,10,1
20961,2,24.62431835216408,-168.75,15,0
20962,2,24.62431835216408,-157.5,11,0
20963,2,24.62431835216408,-146.25,11,0
20964,2,24.62431835216408,-135.0,11,0
20965,2,24.62431835216408,-123.75,7,0
20966,2,24.62431835216408,-112.5,15,0
20967,2,24.62431835216408,-101.25,8,0
20968,2,24.62431835216408,-90.0,16,0
20969,2,24.62431835216408,-78.75000000000006,16,0
20970,2,24.62431835216408,-67.5,11,0
20971,2,24.62431835216408,-56.25,7,0
20972,2,24.62431835216408,-45.0,15,0
20973,2,24.62431835216408,-33.75000000000006,9,0
20974,2,24.62431835216408,-22.5,11,0
20975,2,24.62431835216408,-11.25,4,0
20976,2,19.47122063449069,5.625,13,0
20977,2,19.47122063449069,16.875,12,0
20978,2,19.47122063449069,28.125,8,0
20979,2,19.47122063449069,39.375,18,0
20980,2,19.47122063449069,50.625,14,0
20981,2,19.47122063449069,61.875,8,0
20982,2,19.47122063449069,73.125,16,0
20983,2,19.47122063449069,84.375,10,0
20984,2,19.47122063449069,95.625,15,0
20985,2,19.47122063449069,106.875,5,0
20986,2,19.47122063449069,118.125,9,0
20987,2,19.47122063449069,129.375,15,0
20988,2,19.47122063449069,140.625,13,0
20989,2,19.47122063449069,151.875,10,0
20990,2,19.47122063449069,163.125,23,0
20991,2,19.47122063449069,174.375,9,0
20992,2,19.47122063449069,-174.375,12,0
20993,2,19.47122063449069,-163.125,8,0
20994,2,19.47122063449069,-151.875,9,0
20995,2,19.47122063449069,-140.625,8,0
20996,2,19.47122063449069,-129.37500000000006,11,0
20997,2,19.47122063449069,-118.125,13,0
20998,2,19.47122063449069,-106.875,8,0
20999,2,19.47122063449069,-95.625,13,0
21000,2,19.47122063449069,-84.375,14,0
21001,2,19.47122063449069,-73.12500000000006,7,0
21002,2,19.47122063449069,-61.875,10,0
21003,2,19.47122063449069,-50.625,16,0
21004,2,19.47122063449069,-39.375,11,0
21005,2,19.47122063449069,-28.125,14,0
21006,2,19.47122063449069,-16.875,9,0
21007,2,19.47122063449069,-5.625,9,0
21008,2,14.477512185929925,0.0,12,0
21009,2,14.477512185929925,11.25,13,0
21010,2,14.477512185929925,22.5,13,0
21011,2,14.477512185929925,33.75,7,0
21012,2,14.477512185929925,45.0,15,0
21013,2,14.477512185929925,56.25,10,0
21014,2,14.477512185929925,67.5,13,0
21015,2,14.477512185929925,78.75,13,0
21016,2,14.477512185929925,90.0,11,0
21017,2,14.477512185929925,101.25,12,0
21018,2,14.477512185929925,112.5,14,0
21019,2,14.477512185929925,123.75,14,0
21020,2,14.477512185929925,135.0,12,0
21021,2,14.477512185929925,146.25,13,0
21022,2,14.477512185929925,157.5,14,0
21023,2,14.477512185929925,168.75,13,0
21024,2,14.477512185929925,-180.0,11,0
21025,2,14.477512185929925,-168.75,11,0
21026,2,14.477512185929925,-157.5,13,0
21027,2,14.477512185929925,-146.25,10,0
21028,2,14.477512185929925,-135.0,11,0
21029,2,14.477512185929925,-123.75,9,0
21030,2,14.477512185929925,-112.5,12,0
21031,2,14.477512185929925,-101.25,9,0
21032,2,14.477512185929925,-90.0,10,0
21033,2,14.477512185929925,-78.75000000000006,12,0
21034,2,14.477512185929925,-67.5,13,0
21035,2,14.477512185929925,-56.25,14,0
21036,2,14.477512185929925,-45.0,9,0
21037,2,14.477512185929925,-33.75000000000006,12,0
21038,2,14.477512185929925,-22.5,10,0
21039,2,14.477512185929925,-11.25,9,0
21040,2,9.594068226860458,5.625,10,0
21041,2,9.594068226860458,16.875,12,1
21042,2,9.594068226860458,28.125,12,0
21043,2,9.594068226860458,39.375,13,0
21044,2,9.594068226860458,50.625,6,1
21045,2,9.594068226860458,61.875,11,0
21046,2,9.594068226860458,73.125,7,2
21047,2,9.594068226860458,84.375,11,0
21048,2,9.594068226860458,95.625,11,0
21049,2,9.594068226860458,106.875,20,1
21050,2,9.594068226860458,118.125,10,0
21051,2,9.594068226860458,129.375,14,0
21052,2,9.594068226860458,140.625,15,0
21053,2,9.594068226860458,151.875,12,1
21054,2,9.594068226860458,163.125,16,0
21055,2,9.594068226860458,174.375,8,0
21056,2,9.594068226860458,-174.375,15,0
21057,2,9.594068226860458,-163.125,13,0
21058,2,9.594068226860458,-151.875,14,0
21059,2,9.594068226860458,-140.625,8,0
21060,2,9.594068226860458,-129.37500000000006,13,0
21061,2,9.594068226860458,-118.125,8,0
21062,2,9.594068226860458,-106.875,15,0
21063,2,9.594068226860458,-95.625,12,0
21064,2,9.594068226860458,-84.375,11,0
21065,2,9.594068226860458,-73.12500000000006,14,1
21066,2,9.594068226860458,-61.875,11,0
21067,2,9.594068226860458,-50.625,13,0
21068,2,9.594068226860458,-39.375,12,0
21069,2,9.594068226860458,-28.125,8,1
21070,2,9.594068226860458,-16.875,5,0
21071,2,9.594068226860458,-5.625,9,0
21072,2,4.780191847199163,0.0,8,4
21073,2,4.780191847199163,11.25,6,2
21074,2,4.780191847199163,22.5,16,1
21075,2,4.780191847199163,33.75,8,3
21076,2,4.780191847199163,45.0,11,3
21077,2,4.780191847199163,56.25,11,0
21078,2,4.780191847199163,67.5,17,4
21079,2,4.780191847199163,78.75,14,1
21080,2,4.780191847199163,90.0,11,1
21081,2,4.780191847199163,101.25,18,4
21082,2,4.780191847199163,112.5,14,2
21083,2,4.780191847199163,123.75,13,1
21084,2,4.780191847199163,135.0,5,4
21085,2,4.780191847199163,146.25,13,2
21086,2,4.780191847199163,157.5,13,1
21087,2,4.780191847199163,168.75,14,1
21088,2,4.780191847199163,-180.0,7,3
21089,2,4.780191847199163,-168.75,18,3
21090,2,4.780191847199163,-157.5,10,4
21091,2,4.780191847199163,-146.25,15,2
21092,2,4.780191847199163,-135.0,15,5
21093,2,4.780191847199163,-123.75,6,3
21094,2,4.780191847199163,-112.5,20,1
21095,2,4.780191847199163,-101.25,13,3
21096,2,4.780191847199163,-90.0,15,2
21097,2,4.780191847199163,-78.75000000000006,9,2
21098,2,4.780191847199163,-67.5,17,3
21099,2,4.780191847199163,-56.25,7,2
21100,2,4.780191847199163,-45.0,15,1
21101,2,4.780191847199163,-33.75000000000006,12,4
21102,2,4.780191847199163,-22.5,8,2
21103,2,4.780191847199163,-11.25,14,3
21104,2,0.0,5.625,9,4
21105,2,0.0,16.875,11,3
21106,2,0.0,28.125,10,2
21107,2,0.0,39.375,12,3
21108,2,0.0,50.625,15,5
21109,2,0.0,61.875,19,1
21110,2,0.0,73.125,14,4
21111,2,0.0,84.375,12,1
21112,2,0.0,95.625,10,3
21113,2,0.0,106.875,14,4
21114,2,0.0,118.125,14,3
21115,2,0.0,129.375,14,2
21116,2,0.0,140.625,10,3
21117,2,0.0,151.875,10,7
21118,2,0.0,163.125,11,2
21119,2,0.0,174.375,11,3
21120,2,0.0,-174.375,14,4
21121,2,0.0,-163.125,16,5
21122,2,0.0,-151.875,18,1
21123,2,0.0,-140.625,14,8
21124,2,0.0,-129.37500000000006,11,3
21125,2,0.0,-118.125,9,2
21126,2,0.0,-106.875,14,1
21127,2,0.0,-95.625,14,3
21128,2,0.0,-84.375,13,3
21129,2,0.0,-73.12500000000006,10,3
21130,2,0.0,-61.875,12,1
21131,2,0.0,-50.625,11,5
21132,2,0.0,-39.375,9,1
21133,2,0.0,-28.125,12,5
21134,2,0.0,-16.875,12,3
21135,2,0.0,-5.625,17,5
21136,2,-4.780191847199163,0.0,12,0
21137,2,-4.780191847199163,11.25,12,3
21138,2,-4.780191847199163,22.5,8,2
21139,2,-4.780191847199163,33.75,6,2
21140,2,-4.780191847199163,45.0,11,2
21141,2,-4.780191847199163,56.25,11,2
21142,2,-4.780191847199163,67.5,6,3
21143,2,-4.780191847199163,78.75,15,0
21144,2,-4.780191847199163,90.0,6,0
21145,2,-4.780191847199163,101.25,11,3
21146,2,-4.780191847199163,112.5,9,1
21147,2,-4.780191847199163,123.75,10,1
21148,2,-4.780191847199163,135.0,8,0
21149,2,-4.780191847199163,146.25,10,1
21150,2,-4.780191847199163,157.5,9,5
21151,2,-4.780191847199163,168.75,13,0
21152,2,-4.780191847199163,-180.0,8,3
21153,2,-4.780191847199163,-168.75,19,0
21154,2,-4.780191847199163,-157.5,15,0
21155,2,-4.780191847199163,-146.25,12,0
21156,2,-4.780191847199163,-135.0,15,5
21157,2,-4.780191847199163,-123.75,11,1
21158,2,-4.780191847199163,-112.5,9,0
21159,2,-4.780191847199163,-101.25,9,0
21160,2,-4.780191847199163,-90.0,12,1
21161,2,-4.780191847199163,-78.75000000000006,10,4
21162,2,-4.780191847199163,-67.5,9,0
21163,2,-4.780191847199163,-56.25,15,3
21164,2,-4.780191847199163,-45.0,12,2
21165,2,-4.780191847199163,-33.75000000000006,12,5
21166,2,-4.780191847199163,-22.5,15,1
21167,2,-4.780191847199163,-11.25,12,3
21168,2,-9.594068226860458,5.625,12,1
21169,2,-9.594068226860458,16.875,14,1
21170,2,-9.594068226860458,28.125,7,0
21171,2,-9.594068226860458,39.375,9,0
21172,2,-9.594068226860458,50.625,5,0
21173,2,-9.594068226860458,61.875,10,0
21174,2,-9.594068226860458,73.125,9,0
21175,2,-9.594068226860458,84.375,11,0
21176,2,-9.594068226860458,95.625,6,0
21177,2,-9.594068226860458,106.875,10,1
21178,2,-9.594068226860458,118.125,12,0
21179,2,-9.594068226860458,129.375,8,0
21180,2,-9.594068226860458,140.625,10,1
21181,2,-9.594068226860458,151.875,10,0
21182,2,-9.594068226860458,163.125,14,0
21183,2,-9.594068226860458,174.375,7,0
21184,2,-9.594068226860458,-174.375,18,0
21185,2,-9.594068226860458,-163.125,16,0
21186,2,-9.594068226860458,-151.875,11,0
21187,2,-9.594068226860458,-140.625,17,0
21188,2,-9.594068226860458,-129.37500000000006,11,0
21189,2,-9.594068226860458,-118.125,8,0
21190,2,-9.594068226860458,-106.875,10,0
21191,2,-9.594068226860458,-95.625,4,0
21192,2,-9.594068226860458,-84.375,9,1
21193,2,-9.594068226860458,-73.12500000000006,13,0
21194,2,-9.594068226860458,-61.875,19,0
21195,2,-9.594068226860458,-50.625,9,0
21196,2,-9.594068226860458,-39.375,9,1
21197,2,-9.594068226860458,-28.125,12,0
21198,2,-9.594068226860458,-16.875,5,0
21199,2,-9.594068226860458,-5.625,11,0
21200,2,-14.477512185929925,0.0,11,0
21201,2,-14.477512185929925,11.25,8,1
21202,2,-14.477512185929925,22.5,7,0
21203,2,-14.477512185929925,33.75,10,0
21204,2,-14.477512185929925,45.0,7,0
21205,2,-14.477512185929925,56.25,9,0
21206,2,-14.477512185929925,67.5,4,0
21207,2,-14.477512185929925,78.75,18,0
21208,2,-14.477512185929925,90.0,12,0
21209,2,-14.477512185929925,101.25,11,0
21210,2,-14.477512185929925,112.5,11,1
21211,2,-14.477512185929925,123.75,10,0
21212,2,-14.477512185929925,135.0,14,1
21213,2,-14.477512185929925,146.25,10,0
21214,2,-14.477512185929925,157.5,14,0
21215,2,-14.477512185929925,168.75,9,0
21216,2,-14.477512185929925,-180.0,16,0
21217,2,-14.477512185929925,-168.75,13,0
21218,2,-14.477512185929925,-157.5,7,0
21219,2,-14.477512185929925,-146.25,16,0
21220,2,-14.477512185929925,-135.0,15,0
21221,2,-14.477512185929925,-123.75,7,0
21222,2,-14.477512185929925,-112.5,13,0
21223,2,-14.477512185929925,-101.25,10,0
21224,2,-14.477512185929925,-90.0,11,0
21225,2,-14.477512185929925,-78.75000000000006,6,0
21226,2,-14.477512185929925,-67.5,10,0
21227,2,-14.477512185929925,-56.25,11,0
21228,2,-14.477512185929925,-45.0,8,0
21229,2,-14.477512185929925,-33.75000000000006,11,0
21230,2,-14.477512185929925,-22.5,13,0
21231,2,-14.477512185929925,-11.25,11,0
21232,2,-19.47122063449069,5.625,12,0
21233,2,-19.47122063449069,16.875,6,0
21234,2,-19.47122063449069,28.125,7,0
21235,2,-19.47122063449069,39.375,14,0
21236,2,-19.47122063449069,50.625,11,0
21237,2,-19.47122063449069,61.875,9,0
21238,2,-19.47122063449069,73.125,8,0
21239,2,-19.47122063449069,84.375,21,0
21240,2,-19.47122063449069,95.625,7,0
21241,2,-19.47122063449069,106.875,8,0
21242,2,-19.47122063449069,118.125,6,0
21243,2,-19.47122063449069,129.375,19,0
21244,2,-19.47122063449069,140.625,17,0
21245,2,-19.47122063449069,151.875,12,0
21246,2,-19.47122063449069,163.125,15,0
21247,2,-19.47122063449069,174.375,13,0
21248,2,-19.47122063449069,-174.375,14,0
21249,2,-19.47122063449069,-163.125,13,0
21250,2,-19.47122063449069,-151.875,10,0
21251,2,-19.47122063449069,-140.625,13,0
21252,2,-19.47122063449069,-129.37500000000006,8,0
21253,2,-19.47122063449069,-118.125,14,0
21254,2,-19.47122063449069,-106.875,17,0
21255,2,-19.47122063449069,-95.625,10,0
21256,2,-19.47122063449069,-84.375,7,0
21257,2,-19.47122063449069,-73.12500000000006,9,0
21258,2,-19.47122063449069,-61.875,5,0
21259,2,-19.47122063449069,-50.625,8,0
21260,2,-19.47122063449069,-39.375,10,0
21261,2,-19.47122063449069,-28.125,12,0
21262,2,-19.47122063449069,-16.875,9,0
21263,2,-19.47122063449069,-5.625,9,0
21264,2,-24.62431835216408,0.0,19,0
21265,2,-24.62431835216408,11.25,10,0
21266,2,-24.62431835216408,22.5,12,0
21267,2,-24.62431835216408,33.75,9,0
21268,2,-24.62431835216408,45.0,15,0
21269,2,-24.62431835216408,56.25,10,0
21270,2,-24.62431835216408,67.5,16,0
21271,2,-24.62431835216408,78.75,12,0
21272,2,-24.62431835216408,90.0,8,0
21273,2,-24.62431835216408,101.25,13,0
21274,2,-24.62431835216408,112.5,8,0
21275,2,-24.62431835216408,123.75,7,0
21276,2,-24.62431835216408,135.0,17,0
21277,2,-24.62431835216408,146.25,19,0
21278,2,-24.62431835216408,157.5,8,0
21279,2,-24.62431835216408,168.75,7,0
21280,2,-24.62431835216408,-180.0,10,0
21281,2,-24.62431835216408,-168.75,17,0
21282,2,-24.62431835216408,-157.5,8,0
21283,2,-24.62431835216408,-146.25,15,0
21284,2,-24.62431835216408,-135.0,10,0
21285,2,-24.62431835216408,-123.75,6,0
21286,2,-24.62431835216408,-112.5,14,0
21287,2,-24.62431835216408,-101.25,14,0
21288,2,-24.62431835216408,-90.0,15,0
21289,2,-24.62431835216408,-78.75000000000006,5,0
21290,2,-24.62431835216408,-67.5,13,0
21291,2,-24.62431835216408,-56.25,7,0
21292,2,-24.62431835216408,-45.0,14,0
21293,2,-24.62431835216408,-33.75000000000006,7,0
21294,2,-24.62431835216408,-22.5,12,0
21295,2,-24.62431835216408,-11.25,13,0
21296,2,-30.000000000000014,5.625,10,0
21297,2,-30.000000000000014,16.875,6,0
21298,2,-30.000000000000014,28.125,13,0
21299,2,-30.000000000000014,39.375,9,0
21300,2,-30.000000000000014,50.625,10,0
21301,2,-30.000000000000014,61.875,16,0
21302,2,-30.000000000000014,73.125,15,0
21303,2,-30.000000000000014,84.375,10,0
21304,2,-30.000000000000014,95.625,9,0
21305,2,-30.000000000000014,106.875,10,0
21306,2,-30.000000000000014,118.125,9,0
21307,2,-30.000000000000014,129.375,12,0
21308,2,-30.000000000000014,140.625,11,0
21309,2,-30.000000000000014,151.875,12,0
21310,2,-30.000000000000014,163.125,6,0
21311,2,-30.000000000000014,174.375,10,0
21312,2,-30.000000000000014,-174.375,14,0
21313,2,-30.000000000000014,-163.125,8,0
21314,2,-30.000000000000014,-151.875,16,0
21315,2,-30.000000000000014,-140.625,14,0
21316,2,-30.000000000000014,-129.37500000000006,8,0
21317,2,-30.000000000000014,-118.125,11,0
21318,2,-30.000000000000014,-106.875,12,0
21319,2,-30.000000000000014,-95.625,13,0
21320,2,-30.000000000000014,-84.375,13,0
21321,2,-30.000000000000014,-73.12500000000006,10,0
21322,2,-30.000000000000014,-61.875,12,0
21323,2,-30.000000000000014,-50.625,10,0
21324,2,-30.000000000000014,-39.375,9,0
21325,2,-30.000000000000014,-28.125,6,0
21326,2,-30.000000000000014,-16.875,9,0
21327,2,-30.000000000000014,-5.625,10,0
21328,2,-35.68533471265205,0.0,11,0
21329,2,-35.68533471265205,11.25,13,0
21330,2,-35.68533471265205,22.5,10,0
21331,2,-35.68533471265205,33.75,8,0
21332,2,-35.68533471265205,45.0,16,0
21333,2,-35.68533471265205,56.25,9,0
21334,2,-35.68533471265205,67.5,17,0
21335,2,-35.68533471265205,78.75,11,0
21336,2,-35.68533471265205,90.0,5,0
21337,2,-35.68533471265205,101.25,10,0
21338,2,-35.68533471265205,112.5,13,0
21339,2,-35.68533471265205,123.75,16,0
21340,2,-35.68533471265205,135.0,16,0
21341,2,-35.68533471265205,146.25,6,0
21342,2,-35.68533471265205,157.5,12,0
21343,2,-35.68533471265205,168.75,12,0
21344,2,-35.68533471265205,-180.0,16,0
21345,2,-35.68533471265205,-168.75,12,0
21346,2,-35.68533471265205,-157.5,10,0
21347,2,-35.68533471265205,-146.25,9,0
21348,2,-35.68533471265205,-135.0,7,0
21349,2,-35.68533471265205,-123.75,10,0
21350,2,-35.68533471265205,-112.5,6,0
21351,2,-35.68533471265205,-101.25,11,0
21352,2,-35.68533471265205,-90.0,7,0
21353,2,-35.68533471265205,-78.75000000000006,9,0
21354,2,-35.68533471265205,-67.5,8,0
21355,2,-35.68533471265205,-56.25,14,0
21356,2,-35.68533471265205,-45.0,10,0
21357,2,-35.68533471265205,-33.75000000000006,10,1
21358,2,-35.68533471265205,-22.5,7,0
21359,2,-35.68533471265205,-11.25,5,0
21360,2,-41.81031489577862,5.625,10,0
21361,2,-41.81031489577862,16.875,10,0
21362,2,-41.81031489577862,28.125,11,0
21363,2,-41.81031489577862,39.375,15,0
21364,2,-41.81031489577862,50.625,15,0
21365,2,-41.81031489577862,61.875,7,0
21366,2,-41.81031489577862,73.125,8,0
21367,2,-41.81031489577862,84.375,9,0
21368,2,-41.81031489577862,95.625,9,0
21369,2,-41.81031489577862,106.875,21,0
21370,2,-41.81031489577862,118.125,17,0
21371,2,-41.81031489577862,129.375,12,0
21372,2,-41.81031489577862,140.625,8,0
21373,2,-41.81031489577862,151.875,10,0
21374,2,-41.81031489577862,163.125,9,0
21375,2,-41.81031489577862,174.375,10,0
21376,2,-41.81031489577862,-174.375,10,0
21377,2,-41.81031489577862,-163.125,15,0
21378,2,-41.81031489577862,-151.875,14,0
21379,2,-41.81031489577862,-140.625,5,0
21380,2,-41.81031489577862,-129.37500000000006,12,0
21381,2,-41.81031489577862,-118.125,15,0
21382,2,-41.81031489577862,-106.875,14,0
21383,2,-41.81031489577862,-95.625,12,0
21384,2,-41.81031489577862,-84.375,11,0
21385,2,-41.81031489577862,-73.12500000000006,6,0
21386,2,-41.81031489577862,-61.875,6,0
21387,2,-41.81031489577862,-50.625,11,0
21388,2,-41.81031489577862,-39.375,12,1
21389,2,-41.81031489577862,-28.125,15,0
21390,2,-41.81031489577862,-16.875,11,0
21391,2,-41.81031489577862,-5.625,9,0
21392,2,-48.1412077943603,6.428571428571416,13,0
21393,2,-48.1412077943603,19.285714285714278,15,0
21394,2,-48.1412077943603,32.14285714285714,11,0
21395,2,-48.1412077943603,45.0,20,0
21396,2,-48.1412077943603,57.85714285714286,9,0
21397,2,-48.1412077943603,70.71428571428572,8,0
21398,2,-48.1412077943603,83.57142857142856,12,0
21399,2,-48.1412077943603,96.42857142857144,12,0
21400,2,-48.1412077943603,109.28571428571428,16,0
21401,2,-48.1412077943603,122.14285714285711,15,0
21402,2,-48.1412077943603,135.0,13,0
21403,2,-48.1412077943603,147.8571428571429,15,0
21404,2,-48.1412077943603,160.71428571428572,7,0
21405,2,-48.1412077943603,173.57142857142856,11,0
21406,2,-48.1412077943603,-173.57142857142856,10,0
21407,2,-48.1412077943603,-160.71428571428572,7,0
21408,2,-48.1412077943603,-147.8571428571429,5,0
21409,2,-48.1412077943603,-135.0,6,0
21410,2,-48.1412077943603,-122.14285714285711,9,0
21411,2,-48.1412077943603,-109.28571428571428,11,0
21412,2,-48.1412077943603,-96.42857142857144,11,0
21413,2,-48.1412077943603,-83.57142857142856,11,0
21414,2,-48.1412077943603,-70.71428571428572,4,0
21415,2,-48.1412077943603,-57.85714285714283,5,0
21416,2,-48.1412077943603,-45.0,15,0
21417,2,-48.1412077943603,-32.14285714285717,12,0
21418,2,-48.1412077943603,-19.28571428571422,15,0
21419,2,-48.1412077943603,-6.428571428571445,14,0
21420,2,-54.340912303861245,7.5,10,0
21421,2,-54.340912303861245,22.5,11,0
21422,2,-54.340912303861245,37.5,20,0
21423,2,-54.340912303861245,52.5,13,0
21424,2,-54.340912303861245,67.5,8,0
21425,2,-54.340912303861245,82.5,17,0
21426,2,-54.340912303861245,97.5,12,0
21427,2,-54.340912303861245,112.5,8,0
21428,2,-54.340912303861245,127.5,24,0
21429,2,-54.340912303861245,142.5,13,0
21430,2,-54.340912303861245,157.5,9,0
21431,2,-54.340912303861245,172.5,12,0
21432,2,-54.340912303861245,-172.5,14,0
21433,2,-54.340912303861245,-157.5,8,0
21434,2,-54.340912303861245,-142.5,9,0
21435,2,-54.340912303861245,-127.5,8,0
21436,2,-54.340912303861245,-112.5,14,0
21437,2,-54.340912303861245,-97.5,11,0
21438,2,-54.340912303861245,-82.5,9,0
21439,2,-54.340912303861245,-67.5,11,0
21440,2,-54.340912303861245,-52.50000000000006,15,0
21441,2,-54.340912303861245,-37.5,11,0
21442,2,-54.340912303861245,-22.5,11,0
21443,2,-54.340912303861245,-7.5,12,0
21444,2,-60.4344388449523,9.0,12,0
21445,2,-60.4344388449523,27.0,11,0
21446,2,-60.4344388449523,45.0,14,0
21447,2,-60.4344388449523,63.0,9,0
21448,2,-60.4344388449523,81.0,16,0
21449,2,-60.4344388449523,99.0,9,0
21450,2,-60.4344388449523,117.0,10,0
21451,2,-60.4344388449523,135.0,16,0
21452,2,-60.4344388449523,153.0,6,0
21453,2,-60.4344388449523,171.0,8,0
21454,2,-60.4344388449523,-171.0,12,0
21455,2,-60.4344388449523,-153.0,10,0
21456,2,-60.4344388449523,-135.0,8,0
21457,2,-60.4344388449523,-117.0,11,0
21458,2,-60.4344388449523,-99.0,10,0
21459,2,-60.4344388449523,-81.0,7,0
21460,2,-60.4344388449523,-63.0,11,0
21461,2,-60.4344388449523,-45.0,14,0
21462,2,-60.4344388449523,-27.0,9,0
21463,2,-60.4344388449523,-9.0,11,0
21464,2,-66.44353569089876,11.25,17,0
21465,2,-66.44353569089876,33.75,10,0
21466,2,-66.44353569089876,56.25,17,0
21467,2,-66.44353569089876,78.75,16,0
21468,2,-66.44353569089876,101.25,12,0
21469,2,-66.44353569089876,123.75,13,0
21470,2,-66.44353569089876,146.25,9,0
21471,2,-66.44353569089876,168.75,9,0
21472,2,-66.44353569089876,-168.75,10,0
21473,2,-66.44353569089876,-146.25,10,0
21474,2,-66.44353569089876,-123.75,9,0
21475,2,-66.44353569089876,-101.25,12,0
21476,2,-66.44353569089876,-78.75,17,0
21477,2,-66.44353569089876,-56.25,15,0
21478,2,-66.44353569089876,-33.75,9,0
21479,2,-66.44353569089876,-11.25,11,0
21480,2,-72.38756092964962,15.0,12,0
21481,2,-72.38756092964962,45.0,15,0
21482,2,-72.38756092964962,75.0,15,0
21483,2,-72.38756092964962,105.0,10,0
21484,2,-72.38756092964962,135.0,12,0
21485,2,-72.38756092964962,165.0,7,0
21486,2,-72.38756092964962,-165.0,10,0
21487,2,-72.38756092964962,-135.0,9,0
21488,2,-72.38756092964962,-105.0,15,0
21489,2,-72.38756092964962,-75.0,11,0
21490,2,-72.38756092964962,-45.0,10,0
21491,2,-72.38756092964962,-15.0,8,0
21492,2,-78.28414760510762,22.5,16,0
21493,2,-78.28414760510762,67.5,8,0
21494,2,-78.28414760510762,112.5,11,0
21495,2,-78.28414760510762,157.5,8,0
21496,2,-78.28414760510762,-157.5,12,0
21497,2,-78.28414760510762,-112.5,15,0
21498,2,-78.28414760510762,-67.5,9,0
21499,2,-78.28414760510762,-22.5,13,0
21500,2,-84.14973293629666,45.0,12,0
21501,2,-84.14973293629666,135.0,8,0
21502,2,-84.14973293629666,-135.0,11,0
21503,2,-84.14973293629666,-45.0,15,0
21504,2,84.14973293629666,45.0,16,0
21505,2,84.14973293629666,135.0,9,0
21506,2,84.14973293629666,-135.0,11,0
21507,2,84.14973293629666,-45.0,12,0
21508,2,78.28414760510762,22.5,10,0
21509,2,78.28414760510762,67.5,9,0
21510,2,78.28414760510762,112.5,13,0
21511,2,78.28414760510762,157.5,11,0
21512,2,78.28414760510762,-157.5,4,0
21513,2,78.28414760510762,-112.5,18,0
21514,2,78.28414760510762,-67.5,8,0
21515,2,78.28414760510762,-22.5,16,0
21516,2,72.38756092964962,15.0,9,0
21517,2,72.38756092964962,45.0,10,0
21518,2,72.38756092964962,75.0,11,0
21519,2,72.38756092964962,105.0,9,0
21520,2,72.38756092964962,135.0,5,0
21521,2,72.38756092964962,165.0,7,0
21522,2,72.38756092964962,-165.0,3,0
21523,2,72.38756092964962,-135.0,12,0
21524,2,72.38756092964962,-105.0,15,0
21525,2,72.38756092964962,-75.0,8,0
21526,2,72.38756092964962,-45.0,14,0
21527,2,72.38756092964962,-15.0,18,0
21528,2,66.44353569089877,11.25,9,0
21529,2,66.44353569089877,33.75,14,0
21530,2,66.44353569089877,56.25,10,0
21531,2,66.44353569089877,78.75,9,0
21532,2,66.44353569089877,101.25,9,0
21533,2,66.44353569089877,123.75,8,0
21534,2,66.44353569089877,146.25,8,0
21535,2,66.44353569089877,168.75,5,0
21536,2,66.44353569089877,-168.75,10,0
21537,2,66.44353569089877,-146.25,8,0
21538,2,66.44353569089877,-123.75,7,0
21539,2,66.44353569089877,-101.25,12,0
21540,2,66.44353569089877,-78.75,12,0
21541,2,66.44353569089877,-56.25,14,0
21542,2,66.44353569089877,-33.75,11,0
21543,2,66.44353569089877,-11.25,13,0
21544,2,60.43443884495228,9.0,10,0
21545,2,60.43443884495228,27.0,15,0
21546,2,60.43443884495228,45.0,7,0
21547,2,60.43443884495228,63.0,10,0
21548,2,60.43443884495228,81.0,16,0
21549,2,60.43443884495228,99.0,9,0
21550,2,60.43443884495228,117.0,8,0
21551,2,60.43443884495228,135.0,14,0
21552,2,60.43443884495228,153.0,13,0
21553,2,60.43443884495228,171.0,9,0
21554,2,60.43443884495228,-171.0,12,0
21555,2,60.43443884495228,-153.0,10,0
21556,2,60.43443884495228,-135.0,14,0
21557,2,60.43443884495228,-117.0,7,0
21558,2,60.43443884495228,-99.0,11,0
21559,2,60.43443884495228,-81.0,13,0
21560,2,60.43443884495228,-63.0,11,0
21561,2,60.43443884495228,-45.0,10,0
21562,2,60.43443884495228,-27.0,12,0
21563,2,60.43443884495228,-9.0,13,0
21564,2,54.340912303861245,7.5,12,0
21565,2,54.340912303861245,22.5,14,0
21566,2,54.340912303861245,37.5,14,0
21567,2,54.340912303861245,52.5,10,0
21568,2,54.340912303861245,67.5,13,0
21569,2,54.340912303861245,82.5,8,0
21570,2,54.340912303861245,97.5,13,0
21571,2,54.340912303861245,112.5,6,0
21572,2,54.340912303861245,127.5,14,0
21573,2,54.340912303861245,142.5,17,0
21574,2,54.340912303861245,157.5,11,0
21575,2,54.340912303861245,172.5,8,0
21576,2,54.340912303861245,-172.5,7,0
21577,2,54.340912303861245,-157.5,9,0
21578,2,54.340912303861245,-142.5,12,0
21579,2,54.340912303861245,-127.5,16,0
21580,2,54.340912303861245,-112.5,8,0
21581,2,54.340912303861245,-97.5,10,0
21582,2,54.340912303861245,-82.5,17,0
21583,2,54.340912303861245,-67.5,10,0
21584,2,54.340912303861245,-52.50000000000006,14,0
21585,2,54.340912303861245,-37.5,6,0
21586,2,54.340912303861245,-22.5,5,0
21587,2,54.340912303861245,-7.5,13,0
21588,2,48.141207794360284,6.428571428571416,13,0
21589,2,48.141207794360284,19.285714285714278,16,0
21590,2,48.141207794360284,32.14285714285714,9,0
21591,2,48.141207794360284,45.0,11,0
21592,2,48.141207794360284,57.85714285714286,12,0
21593,2,48.141207794360284,70.71428571428572,12,0
21594,2,48.141207794360284,83.57142857142856,15,0
21595,2,48.141207794360284,96.42857142857144,18,0
21596,2,48.141207794360284,109.28571428571428,11,0
21597,2,48.141207794360284,122.14285714285711,7,0
21598,2,48.141207794360284,135.0,8,0
21599,2,48.141207794360284,147.8571428571429,15,0
21600,2,48.141207794360284,160.71428571428572,12,0
21601,2,48.141207794360284,173.57142857142856,9,0
21602,2,48.141207794360284,-173.57142857142856,10,0
21603,2,48.141207794360284,-160.71428571428572,12,0
21604,2,48.141207794360284,-147.8571428571429,11,0
21605,2,48.141207794360284,-135.0,8,0
21606,2,48.141207794360284,-122.14285714285711,17,0
21607,2,48.141207794360284,-109.28571428571428,10,0
21608,2,48.141207794360284,-96.42857142857144,11,0
21609,2,48.141207794360284,-83.57142857142856,13,0
21610,2,48.141207794360284,-70.71428571428572,9,0
21611,2,48.141207794360284,-57.85714285714283,12,0
21612,2,48.141207794360284,-45.0,17,0
21613,2,48.141207794360284,-32.14285714285717,13,0
21614,2,48.141207794360284,-19.28571428571422,13,0
21615,2,48.141207794360284,-6.428571428571445,12,0
21616,2,41.81031489577859,5.625,12,0
21617,2,41.81031489577859,16.875,16,0
21618,2,41.81031489577859,28.125,13,0
21619,2,41.81031489577859,39.375,5,0
21620,2,41.81031489577859,50.625,13,0
21621,2,41.81031489577859,61.875,12,0
21622,2,41.81031489577859,73.125,13,0
21623,2,41.81031489577859,84.375,19,0
21624,2,41.81031489577859,95.625,16,0
21625,2,41.81031489577859,106.875,12,0
21626,2,41.81031489577859,118.125,8,0
21627,2,41.81031489577859,129.375,6,0
21628,2,41.81031489577859,140.625,12,0
21629,2,41.81031489577859,151.875,9,0
21630,2,41.81031489577859,163.125,12,0
21631,2,41.81031489577859,174.375,20,0
21632,2,41.81031489577859,-174.375,4,0
21633,2,41.81031489577859,-163.125,11,0
21634,2,41.81031489577859,-151.875,14,0
21635,2,41.81031489577859,-140.625,10,0
21636,2,41.81031489577859,-129.37500000000006,6,0
21637,2,41.81031489577859,-118.125,16,0
21638,2,41.81031489577859,-106.875,11,0
21639,2,41.81031489577859,-95.625,9,0
21640,2,41.81031489577859,-84.375,17,0
21641,2,41.81031489577859,-73.12500000000006,13,0
21642,2,41.81031489577859,-61.875,10,0
21643,2,41.81031489577859,-50.625,13,0
21644,2,41.81031489577859,-39.375,14,0
21645,2,41.81031489577859,-28.125,9,0
21646,2,41.81031489577859,-16.875,10,0
21647,2,41.81031489577859,-5.625,14,0
21648,2,35.68533471265204,0.0,13,0
21649,2,35.68533471265204,11.25,15,0
21650,2,35.68533471265204,22.5,5,0
21651,2,35.68533471265204,33.75,10,0
21652,2,35.68533471265204,45.0,11,0
21653,2,35.68533471265204,56.25,12,0
21654,2,35.68533471265204,67.5,12,0
21655,2,35.68533471265204,78.75,6,0
21656,2,35.68533471265204,90.0,10,0
21657,2,35.68533471265204,101.25,10,0
21658,2,35.68533471265204,112.5,12,0
21659,2,35.68533471265204,123.75,5,0
21660,2,35.68533471265204,135.0,10,0
21661,2,35.68533471265204,146.25,10,0
21662,2,35.68533471265204,157.5,15,0
21663,2,35.68533471265204,168.75,11,0
21664,2,35.68533471265204,-180.0,11,0
21665,2,35.68533471265204,-168.75,8,0
21666,2,35.68533471265204,-157.5,16,0
21667,2,35.68533471265204,-146.25,11,0
21668,2,35.68533471265204,-135.0,6,0
21669,2,35.68533471265204,-123.75,9,0
21670,2,35.68533471265204,-112.5,12,0
21671,2,35.68533471265204,-101.25,9,0
21672,2,35.68533471265204,-90.0,10,0
21673,2,35.68533471265204,-78.75000000000006,14,0
21674,2,35.68533471265204,-67.5,7,0
21675,2,35.68533471265204,-56.25,8,0
21676,2,35.68533471265204,-45.0,16,0
21677,2,35.68533471265204,-33.75000000000006,11,0
21678,2,35.68533471265204,-22.5,9,0
21679,2,35.68533471265204,-11.25,7,0
21680,2,30.000000000000007,5.625,8,0
21681,2,30.000000000000007,16.875,8,0
21682,2,30.000000000000007,28.125,9,0
21683,2,30.000000000000007,39.375,11,0
21684,2,30.000000000000007,50.625,9,0
21685,2,30.000000000000007,61.875,9,0
21686,2,30.000000000000007,73.125,6,0
21687,2,30.000000000000007,84.375,6,0
21688,2,30.000000000000007,95.625,15,0
21689,2,30.000000000000007,106.875,17,0
21690,2,30.000000000000007,118.125,7,0
21691,2,30.000000000000007,129.375,12,0
21692,2,30.000000000000007,140.625,13,0
21693,2,30.000000000000007,151.875,14,0
21694,2,30.000000000000007,163.125,13,0
21695,2,30.000000000000007,174.375,11,0
21696,2,30.000000000000007,-174.375,8,0
21697,2,30.000000000000007,-163.125,13,0
21698,2,30.000000000000007,-151.875,16,0
21699,2,30.000000000000007,-140.625,12,0
21700,2,30.000000000000007,-129.37500000000006,12,0
21701,2,30.000000000000007,-118.125,10,0
21702,2,30.000000000000007,-106.875,11,0
21703,2,30.000000000000007,-95.625,9,0
21704,2,30.000000000000007,-84.375,14,0
21705,2,30.000000000000007,-73.12500000000006,12,0
21706,2,30.000000000000007,-61.875,6,0
21707,2,30.000000000000007,-50.625,12,0
21708,2,30.000000000000007,-39.375,10,0
21709,2,30.000000000000007,-28.125,11,0
21710,2,30.000000000000007,-16.875,9,0
21711,2,30.000000000000007,-5.625,6,0
21712,2,24.62431835216408,0.0,11,0
21713,2,24.62431835216408,11.25,12,0
21714,2,24.62431835216408,22.5,6,0
21715,2,24.62431835216408,33.75,11,0
21716,2,24.62431835216408,45.0,21,0
21717,2,24.62431835216408,56.25,9,0
21718,2,24.62431835216408,67.5,8,0
21719,2,24.62431835216408,78.75,14,0
21720,2,24.62431835216408,90.0,7,0
21721,2,24.62431835216408,101.25,15,0
21722,2,24.62431835216408,112.5,8,0
21723,2,24.62431835216408,123.75,12,0
21724,2,24.62431835216408,135.0,11,0
21725,2,24.62431835216408,146.25,11,0
21726,2,24.62431835216408,157.5,11,0
21727,2,24.62431835216408,168.75,16,0
21728,2,24.62431835216408,-180.0,10,1
21729,2,24.62431835216408,-168.75,15,0
21730,2,24.62431835216408,-157.5,11,0
21731,2,24.62431835216408,-146.25,11,0
21732,2,24.62431835216408,-135.0,11,0
21733,2,24.62431835216408,-123.75,7,0
21734,2,24.62431835216408,-112.5,15,0
21735,2,24.62431835216408,-101.25,8,0
21736,2,24.62431835216408,-90.0,16,0
21737,2,24.62431835216408,-78.75000000000006,16,0
21738,2,24.62431835216408,-67.5,11,0
21739,2,24.62431835216408,-56.25,7,0
21740,2,24.62431835216408,-45.0,15,0
21741,2,24.62431835216408,-33.75000000000006,9,0
21742,2,24.62431835216408,-22.5,11,0
21743,2,24.62431835216408,-11.25,4,0
21744,2,19.47122063449069,5.625,13,0
21745,2,19.47122063449069,16.875,12,0
21746,2,19.47122063449069,28.125,8,0
21747,2,19.47122063449069,39.375,18,0
21748,2,19.47122063449069,50.625,14,0
21749,2,19.47122063449069,61.875,8,0
21750,2,19.47122063449069,73.125,16,0
21751,2,19.47122063449069,84.375,10,0
21752,2,19.47122063449069,95.625,15,0
21753,2,19.47122063449069,106.875,5,0
21754,2,19.47122063449069,118.125,9,0
21755,2,19.47122063449069,129.375,15,0
21756,2,19.47122063449069,140.625,13,0
21757,2,19.47122063449069,151.875,10,0
21758,2,19.47122063449069,163.125,23,0
21759,2,19.47122063449069,174.375,9,0
21760,2,19.47122063449069,-174.375,12,0
21761,2,19.47122063449069,-163.125,8,0
21762,2,19.47122063449069,-151.875,9,0
21763,2,19.47122063449069,-140.625,8,0
21764,2,19.47122063449069,-129.37500000000006,11,0
21765,2,19.47122063449069,-118.125,13,0
21766,2,19.47122063449069,-106.875,8,0
21767,2,19.47122063449069,-95.625,13,0
21768,2,19.47122063449069,-84.375,14,0
21769,2,19.47122063449069,-73.12500000000006,7,0
21770,2,19.47122063449069,-61.875,10,0
21771,2,19.47122063449069,-50.625,16,0
21772,2,19.47122063449069,-39.375,11,0
21773,2,19.47122063449069,-28.125,14,0
21774,2,19.47122063449069,-16.875,9,0
21775,2,19.47122063449069,-5.625,9,0
21776,2,14.477512185929925,0.0,12,0
21777,2,14.477512185929925,11.25,13,0
21778,2,14.477512185929925,22.5,13,0
21779,2,14.477512185929925,33.75,7,0
21780,2,14.477512185929925,45.0,15,0
21781,2,14.477512185929925,56.25,10,0
21782,2,14.477512185929925,67.5,13,0
21783,2,14.477512185929925,78.75,13,0
21784,2,14.477512185929925,90.0,11,0
21785,2,14.477512185929925,101.25,12,0
21786,2,14.477512185929925,112.5,14,0
21787,2,14.477512185929925,123.75,14,0
21788,2,14.477512185929925,135.0,12,0
21789,2,14.477512185929925,146.25,13,0
21790,2,14.477512185929925,157.5,14,0
21791,2,14.477512185929925,168.75,13,0
21792,2,14.477512185929925,-180.0,11,0
21793,2,14.477512185929925,-168.75,11,0
21794,2,14.477512185929925,-157.5,13,0
21795,2,14.477512185929925,-146.25,10,0
21796,2,14.477512185929925,-135.0,11,0
21797,2,14.477512185929925,-123.75,9,0
21798,2,14.477512185929925,-112.5,12,0
21799,2,14.477512185929925,-101.25,9,0
21800,2,14.477512185929925,-90.0,10,0
21801,2,14.477512185929925,-78.75000000000006,12,0
21802,2,14.477512185929925,-67.5,13,0
21803,2,14.477512185929925,-56.25,14,0
21804,2,14.477512185929925,-45.0,9,0
21805,2,14.477512185929925,-33.75000000000006,12,0
21806,2,14.477512185929925,-22.5,10,0
21807,2,14.477512185929925,-11.25,9,0
21808,2,9.594068226860458,5.625,10,0
21809,2,9.594068226860458,16.875,12,1
21810,2,9.594068226860458,28.125,12,0
21811,2,9.594068226860458,39.375,13,0
21812,2,9.594068226860458,50.625,6,1
21813,2,9.594068226860458,61.875,11,0
21814,2,9.594068226860458,73.125,7,2
21815,2,9.594068226860458,84.375,11,0
21816,2,9.594068226860458,95.625,11,0
21817,2,9.594068226860458,106.875,20,1
21818,2,9.594068226860458,118.125,10,0
21819,2,9.594068226860458,129.375,14,0
21820,2,9.594068226860458,140.625,15,0
21821,2,9.594068226860458,151.875,12,1
21822,2,9.594068226860458,163.125,16,0
21823,2,9.594068226860458,174.375,8,0
21824,2,9.594068226860458,-174.375,15,0
21825,2,9.594068226860458,-163.125,13,0
21826,2,9.594068226860458,-151.875,14,0
21827,2,9.594068226860458,-140.625,8,0
21828,2,9.594068226860458,-129.37500000000006,13,0
21829,2,9.594068226860458,-118.125,8,0
21830,2,9.594068226860458,-106.875,15,0
21831,2,9.594068226860458,-95.625,12,0
21832,2,9.594068226860458,-84.375,11,0
21833,2,9.594068226860458,-73.12500000000006,14,1
21834,2,9.594068226860458,-61.875,11,0
21835,2,9.594068226860458,-50.625,13,0
21836,2,9.594068226860458,-39.375,12,0
21837,2,9.594068226860458,-28.125,8,1
21838,2,9.594068226860458,-16.875,5,0
21839,2,9.594068226860458,-5.625,9,0
21840,2,4.780191847199163,0.0,8,4
21841,2,4.780191847199163,11.25,6,2
21842,2,4.780191847199163,22.5,16,1
21843,2,4.780191847199163,33.75,8,3
21844,2,4.780191847199163,45.0,11,3
21845,2,4.780191847199163,56.25,11,0
21846,2,4.780191847199163,67.5,17,4
21847,2,4.780191847199163,78.75,14,1
21848,2,4.780191847199163,90.0,11,1
21849,2,4.780191847199163,101.25,18,4
21850,2,4.780191847199163,112.5,14,2
21851,2,4.780191847199163,123.75,13,1
21852,2,4.780191847199163,135.0,5,4
21853,2,4.780191847199163,146.25,13,2
21854,2,4.780191847199163,157.5,13,1
21855,2,4.780191847199163,168.75,14,1
21856,2,4.780191847199163,-180.0,7,3
21857,2,4.780191847199163,-168.75,18,3
21858,2,4.780191847199163,-157.5,10,4
21859,2,4.780191847199163,-146.25,15,2
21860,2,4.780191847199163,-135.0,15,5
21861,2,4.780191847199163,-123.75,6,3
21862,2,4.780191847199163,-112.5,20,1
21863,2,4.780191847199163,-101.25,13,3
21864,2,4.780191847199163,-90.0,15,2
21865,2,4.780191847199163,-78.75000000000006,9,2
21866,2,4.780191847199163,-67.5,17,3
21867,2,4.780191847199163,-56.25,7,2
21868,2,4.780191847199163,-45.0,15,1
21869,2,4.780191847199163,-33.75000000000006,12,4
21870,2,4.780191847199163,-22.5,8,2
21871,2,4.780191847199163,-11.25,14,3
21872,2,0.0,5.625,9,4
21873,2,0.0,16.875,11,3
21874,2,0.0,28.125,10,2
21875,2,0.0,39.375,12,3
21876,2,0.0,50.625,15,5
21877,2,0.0,61.875,19,1
21878,2,0.0,73.125,14,4
21879,2,0.0,84.375,12,1
21880,2,0.0,95.625,10,3
21881,2,0.0,106.875,14,4
21882,2,0.0,118.125,14,3
21883,2,0.0,129.375,14,2
21884,2,0.0,140.625,10,3
21885,2,0.0,151.875,10,7
21886,2,0.0,163.125,11,2
21887,2,0.0,174.375,11,3
21888,2,0.0,-174.375,14,4
21889,2,0.0,-163.125,16,5
21890,2,0.0,-151.875,18,1
21891,2,0.0,-140.625,14,8
21892,2,0.0,-129.37500000000006,11,3
21893,2,0.0,-118.125,9,2
21894,2,0.0,-106.875,14,1
21895,2,0.0,-95.625,14,3
21896,2,0.0,-84.375,13,3
21897,2,0.0,-73.12500000000006,10,3
21898,2,0.0,-61.875,12,1
21899,2,0.0,-50.625,11,5
21900,2,0.0,-39.375,9,1
21901,2,0.0,-28.125,12,5
21902,2,0.0,-16.875,12,3
21903,2,0.0,-5.625,17,5
21904,2,-4.780191847199163,0.0,12,0
21905,2,-4.780191847199163,11.25,12,3
21906,2,-4.780191847199163,22.5,8,2
21907,2,-4.780191847199163,33.75,6,2
21908,2,-4.780191847199163,45.0,11,2
21909,2,-4.780191847199163,56.25,11,2
21910,2,-4.780191847199163,67.5,6,3
21911,2,-4.780191847199163,78.75,15,0
21912,2,-4.780191847199163,90.0,6,0
21913,2,-4.780191847199163,101.25,11,3
21914,2,-4.780191847199163,112.5,9,1
21915,2,-4.780191847199163,123.75,10,1
21916,2,-4.780191847199163,135.0,8,0
21917,2,-4.780191847199163,146.25,10,1
21918,2,-4.780191847199163,157.5,9,5
21919,2,-4.780191847199163,168.75,13,0
21920,2,-4.780191847199163,-180.0,8,3
21921,2,-4.780191847199163,-168.75,19,0
21922,2,-4.780191847199163,-157.5,15,0
21923,2,-4.780191847199163,-146.25,12,0
21924,2,-4.780191847199163,-135.0,15,5
21925,2,-4.780191847199163,-123.75,11,1
21926,2,-4.780191847199163,-112.5,9,0
21927,2,-4.780191847199163,-101.25,9,0
21928,2,-4.780191847199163,-90.0,12,1
21929,2,-4.780191847199163,-78.75000000000006,10,4
21930,2,-4.780191847199163,-67.5,9,0
21931,2,-4.780191847199163,-56.25,15,3
21932,2,-4.780191847199163,-45.0,12,2
21933,2,-4.780191847199163,-33.75000000000006,12,5
21934,2,-4.780191847199163,-22.5,15,1
21935,2,-4.780191847199163,-11.25,12,3
21936,2,-9.594068226860458,5.625,12,1
21937,2,-9.594068226860458,16.875,14,1
21938,2,-9.594068226860458,28.125,7,0
21939,2,-9.594068226860458,39.375,9,0
21940,2,-9.594068226860458,50.625,5,0
21941,2,-9.594068226860458,61.875,10,0
21942,2,-9.594068226860458,73.125,9,0
21943,2,-9.594068226860458,84.375,11,0
21944,2,-9.594068226860458,95.625,6,0
21945,2,-9.594068226860458,106.875,10,1
21946,2,-9.594068226860458,118.125,12,0
21947,2,-9.594068226860458,129.375,8,0
21948,2,-9.594068226860458,140.625,10,1
21949,2,-9.594068226860458,151.875,10,0
21950,2,-9.594068226860458,163.125,14,0
21951,2,-9.594068226860458,174.375,7,0
21952,2,-9.594068226860458,-174.375,18,0
21953,2,-9.594068226860458,-163.125,16,0
21954,2,-9.594068226860458,-151.875,11,0
21955,2,-9.594068226860458,-140.625,17,0
21956,2,-9.594068226860458,-129.37500000000006,11,0
21957,2,-9.594068226860458,-118.125,8,0
21958,2,-9.594068226860458,-106.875,10,0
21959,2,-9.594068226860458,-95.625,4,0
21960,2,-9.594068226860458,-84.375,9,1
21961,2,-9.594068226860458,-73.12500000000006,13,0
21962,2,-9.594068226860458,-61.875,19,0
21963,2,-9.594068226860458,-50.625,9,0
21964,2,-9.594068226860458,-39.375,9,1
21965,2,-9.594068226860458,-28.125,12,0
21966,2,-9.594068226860458,-16.875,5,0
21967,2,-9.594068226860458,-5.625,11,0
21968,2,-14.477512185929925,0.0,11,0
21969,2,-14.477512185929925,11.25,8,1
21970,2,-14.477512185929925,22.5,7,0
21971,2,-14.477512185929925,33.75,10,0
21972,2,-14.477512185929925,45.0,7,0
21973,2,-14.477512185929925,56.25,9,0
21974,2,-14.477512185929925,67.5,4,0
21975,2,-14.477512185929925,78.75,18,0
21976,2,-14.477512185929925,90.0,12,0
21977,2,-14.477512185929925,101.25,11,0
21978,2,-14.477512185929925,112.5,11,1
21979,2,-14.477512185929925,123.75,10,0
21980,2,-14.477512185929925,135.0,14,1
21981,2,-14.477512185929925,146.25,10,0
21982,2,-14.477512185929925,157.5,14,0
21983,2,-14.477512185929925,168.75,9,0
21984,2,-14.477512185929925,-180.0,16,0
21985,2,-14.477512185929925,-168.75,13,0
21986,2,-14.477512185929925,-157.5,7,0
21987,2,-14.477512185929925,-146.25,16,0
21988,2,-14.477512185929925,-135.0,15,0
21989,2,-14.477512185929925,-123.75,7,0
21990,2,-14.477512185929925,-112.5,13,0
21991,2,-14.477512185929925,-101.25,10,0
21992,2,-14.477512185929925,-90.0,11,0
21993,2,-14.477512185929925,-78.75000000000006,6,0
21994,2,-14.477512185929925,-67.5,10,0
21995,2,-14.477512185929925,-56.25,11,0
21996,2,-14.477512185929925,-45.0,8,0
21997,2,-14.477512185929925,-33.75000000000006,11,0
21998,2,-14.477512185929925,-22.5,13,0
21999,2,-14.477512185929925,-11.25,11,0
22000,2,-19.47122063449069,5.625,12,0
22001,2,-19.47122063449069,16.875,6,0
22002,2,-19.47122063449069,28.125,7,0
22003,2,-19.47122063449069,39.375,14,0
22004,2,-19.47122063449069,50.625,11,0
22005,2,-19.47122063449069,61.875,9,0
22006,2,-19.47122063449069,73.125,8,0
22007,2,-19.47122063449069,84.375,21,0
22008,2,-19.47122063449069,95.625,7,0
22009,2,-19.47122063449069,106.875,8,0
22010,2,-19.47122063449069,118.125,6,0
22011,2,-19.47122063449069,129.375,19,0
22012,2,-19.47122063449069,140.625,17,0
22013,2,-19.47122063449069,151.875,12,0
22014,2,-19.47122063449069,163.125,15,0
22015,2,-19.47122063449069,174.375,13,0
22016,2,-19.47122063449069,-174.375,14,0
22017,2,-19.47122063449069,-163.125,13,0
22018,2,-19.47122063449069,-151.875,10,0
22019,2,-19.47122063449069,-140.625,13,0
22020,2,-19.47122063449069,-129.37500000000006,8,0
22021,2,-19.47122063449069,-118.125,14,0
22022,2,-19.47122063449069,-106.875,17,0
22023,2,-19.47122063449069,-95.625,10,0
22024,2,-19.47122063449069,-84.375,7,0
22025,2,-19.47122063449069,-73.12500000000006,9,0
22026,2,-19.47122063449069,-61.875,5,0
22027,2,-19.47122063449069,-50.625,8,0
22028,2,-19.47122063449069,-39.375,10,0
22029,2,-19.47122063449069,-28.125,12,0
22030,2,-19.47122063449069,-16.875,9,0
22031,2,-19.47122063449069,-5.625,9,0
22032,2,-24.62431835216408,0.0,19,0
22033,2,-24.62431835216408,11.25,10,0
22034,2,-24.62431835216408,22.5,12,0
22035,2,-24.62431835216408,33.75,9,0
22036,2,-24.62431835216408,45.0,15,0
22037,2,-24.62431835216408,56.25,10,0
22038,2,-24.62431835216408,67.5,16,0
22039,2,-24.62431835216408,78.75,12,0
22040,2,-24.62431835216408,90.0,8,0
22041,2,-24.62431835216408,101.25,13,0
22042,2,-24.62431835216408,112.5,8,0
22043,2,-24.62431835216408,123.75,7,0
22044,2,-24.62431835216408,135.0,17,0
22045,2,-24.62431835216408,146.25,19,0
22046,2,-24.62431835216408,157.5,8,0
22047,2,-24.62431835216408,168.75,7,0
22048,2,-24.62431835216408,-180.0,10,0
22049,2,-24.62431835216408,-168.75,17,0
22050,2,-24.62431835216408,-157.5,8,0
22051,2,-24.62431835216408,-146.25,15,0
22052,2,-24.62431835216408,-135.0,10,0
22053,2,-24.62431835216408,-123.75,6,0
22054,2,-24.62431835216408,-112.5,14,0
22055,2,-24.62431835216408,-101.25,14,0
22056,2,-24.62431835216408,-90.0,15,0
22057,2,-24.62431835216408,-78.75000000000006,5,0
22058,2,-24.62431835216408,-67.5,13,0
22059,2,-24.62431835216408,-56.25,7,0
22060,2,-24.62431835216408,-45.0,14,0
22061,2,-24.62431835216408,-33.75000000000006,7,0
22062,2,-24.62431835216408,-22.5,12,0
22063,2,-24.62431835216408,-11.25,13,0
22064,2,-30.000000000000014,5.625,10,0
22065,2,-30.000000000000014,16.875,6,0
22066,2,-30.000000000000014,28.125,13,0
22067,2,-30.000000000000014,39.375,9,0
22068,2,-30.000000000000014,50.625,10,0
22069,2,-30.000000000000014,61.875,16,0
22070,2,-30.000000000000014,73.125,15,0
22071,2,-30.000000000000014,84.375,10,0
22072,2,-30.000000000000014,95.625,9,0
22073,2,-30.000000000000014,106.875,10,0
22074,2,-30.000000000000014,118.125,9,0
22075,2,-30.000000000000014,129.375,12,0
22076,2,-30.000000000000014,140.625,11,0
22077,2,-30.000000000000014,151.875,12,0
22078,2,-30.000000000000014,163.125,6,0
22079,2,-30.000000000000014,174.375,10,0
22080,2,-30.000000000000014,-174.375,14,0
22081,2,-30.000000000000014,-163.125,8,0
22082,2,-30.000000000000014,-151.875,16,0
22083,2,-30.000000000000014,-140.625,14,0
22084,2,-30.000000000000014,-129.37500000000006,8,0
22085,2,-30.000000000000014,-118.125,11,0
22086,2,-30.000000000000014,-106.875,12,0
22087,2,-30.000000000000014,-95.625,13,0
22088,2,-30.000000000000014,-84.375,13,0
22089,2,-30.000000000000014,-73.12500000000006,10,0
22090,2,-30.000000000000014,-61.875,12,0
22091,2,-30.000000000000014,-50.625,10,0
22092,2,-30.000000000000014,-39.375,9,0
22093,2,-30.000000000000014,-28.125,6,0
22094,2,-30.000000000000014,-16.875,9,0
22095,2,-30.000000000000014,-5.625,10,0
22096,2,-35.68533471265205,0.0,11,0
22097,2,-35.68533471265205,11.25,13,0
22098,2,-35.68533471265205,22.5,10,0
22099,2,-35.68533471265205,33.75,8,0
22100,2,-35.68533471265205,45.0,16,0
22101,2,-35.68533471265205,56.25,9,0
22102,2,-35.68533471265205,67.5,17,0
22103,2,-35.68533471265205,78.75,11,0
22104,2,-35.68533471265205,90.0,5,0
22105,2,-35.68533471265205,101.25,10,0
22106,2,-35.68533471265205,112.5,13,0
22107,2,-35.68533471265205,123.75,16,0
22108,2,-35.68533471265205,135.0,16,0
22109,2,-35.68533471265205,146.25,6,0
22110,2,-35.68533471265205,157.5,12,0
22111,2,-35.68533471265205,168.75,12,0
22112,2,-35.68533471265205,-180.0,16,0
22113,2,-35.68533471265205,-168.75,12,0
22114,2,-35.68533471265205,-157.5,10,0
22115,2,-35.68533471265205,-146.25,9,0
22116,2,-35.68533471265205,-135.0,7,0
22117,2,-35.68533471265205,-123.75,10,0
22118,2,-35.68533471265205,-112.5,6,0
22119,2,-35.68533471265205,-101.25,11,0
22120,2,-35.68533471265205,-90.0,7,0
22121,2,-35.68533471265205,-78.75000000000006,9,0
22122,2,-35.68533471265205,-67.5,8,0
22123,2,-35.68533471265205,-56.25,14,0
22124,2,-35.68533471265205,-45.0,10,0
22125,2,-35.68533471265205,-33.75000000000006,10,1
22126,2,-35.68533471265205,-22.5,7,0
22127,2,-35.68533471265205,-11.25,5,0
22128,2,-41.81031489577862,5.625,10,0
22129,2,-41.81031489577862,16.875,10,0
22130,2,-41.81031489577862,28.125,11,0
22131,2,-41.81031489577862,39.375,15,0
22132,2,-41.81031489577862,50.625,15,0
22133,2,-41.81031489577862,61.875,7,0
22134,2,-41.81031489577862,73.125,8,0
22135,2,-41.81031489577862,84.375,9,0
22136,2,-41.81031489577862,95.625,9,0
22137,2,-41.81031489577862,106.875,21,0
22138,2,-41.81031489577862,118.125,17,0
22139,2,-41.81031489577862,129.375,12,0
22140,2,-41.81031489577862,140.625,8,0
22141,2,-41.81031489577862,151.875,10,0
22142,2,-41.81031489577862,163.125,9,0
22143,2,-41.81031489577862,174.375,10,0
22144,2,-41.81031489577862,-174.375,10,0
22145,2,-41.81031489577862,-163.125,15,0
22146,2,-41.81031489577862,-151.875,14,0
22147,2,-41.81031489577862,-140.625,5,0
22148,2,-41.81031489577862,-129.37500000000006,12,0
22149,2,-41.81031489577862,-118.125,15,0
22150,2,-41.81031489577862,-106.875,14,0
22151,2,-41.81031489577862,-95.625,12,0
22152,2,-41.81031489577862,-84.375,11,0
22153,2,-41.81031489577862,-73.12500000000006,6,0
22154,2,-41.81031489577862,-61.875,6,0
22155,2,-41.81031489577862,-50.625,11,0
22156,2,-41.81031489577862,-39.375,12,1
22157,2,-41.81031489577862,-28.125,15,0
22158,2,-41.81031489577862,-16.875,11,0
22159,2,-41.81031489577862,-5.625,9,0
22160,2,-48.1412077943603,6.428571428571416,13,0
22161,2,-48.1412077943603,19.285714285714278,15,0
22162,2,-48.1412077943603,32.14285714285714,11,0
22163,2,-48.1412077943603,45.0,20,0
22164,2,-48.1412077943603,57.85714285714286,9,0
22165,2,-48.1412077943603,70.71428571428572,8,0
22166,2,-48.1412077943603,83.57142857142856,12,0
22167,2,-48.1412077943603,96.42857142857144,12,0
22168,2,-48.1412077943603,109.28571428571428,16,0
22169,2,-48.1412077943603,122.14285714285711,15,0
22170,2,-48.1412077943603,135.0,13,0
22171,2,-48.1412077943603,147.8571428571429,15,0
22172,2,-48.1412077943603,160.71428571428572,7,0
22173,2,-48.1412077943603,173.57142857142856,11,0
22174,2,-48.1412077943603,-173.57142857142856,10,0
22175,2,-48.1412077943603,-160.71428571428572,7,0
22176,2,-48.1412077943603,-147.8571428571429,5,0
22177,2,-48.1412077943603,-135.0,6,0
22178,2,-48.1412077943603,-122.14285714285711,9,0
22179,2,-48.1412077943603,-109.28571428571428,11,0
22180,2,-48.1412077943603,-96.42857142857144,11,0
22181,2,-48.1412077943603,-83.57142857142856,11,0
22182,2,-48.1412077943603,-70.71428571428572,4,0
22183,2,-48.1412077943603,-57.85714285714283,5,0
22184,2,-48.1412077943603,-45.0,15,0
22185,2,-48.1412077943603,-32.14285714285717,12,0
22186,2,-48.1412077943603,-19.28571428571422,15,0
22187,2,-48.1412077943603,-6.428571428571445,14,0
22188,2,-54.340912303861245,7.5,10,0
22189,2,-54.340912303861245,22.5,11,0
22190,2,-54.340912303861245,37.5,20,0
22191,2,-54.340912303861245,52.5,13,0
22192,2,-54.340912303861245,67.5,8,0
22193,2,-54.340912303861245,82.5,17,0
22194,2,-54.340912303861245,97.5,12,0
22195,2,-54.340912303861245,112.5,8,0
22196,2,-54.340912303861245,127.5,24,0
22197,2,-54.340912303861245,142.5,13,0
22198,2,-54.340912303861245,157.5,9,0
22199,2,-54.340912303861245,172.5,12,0
22200,2,-54.340912303861245,-172.5,14,0
22201,2,-54.340912303861245,-157.5,8,0
22202,2,-54.340912303861245,-142.5,9,0
22203,2,-54.340912303861245,-127.5,8,0
22204,2,-54.340912303861245,-112.5,14,0
22205,2,-54.340912303861245,-97.5,11,0
22206,2,-54.340912303861245,-82.5,9,0
22207,2,-54.340912303861245,-67.5,11,0
22208,2,-54.340912303861245,-52.50000000000006,15,0
22209,2,-54.340912303861245,-37.5,11,0
22210,2,-54.340912303861245,-22.5,11,0
22211,2,-54.340912303861245,-7.5,12,0
22212,2,-60.4344388449523,9.0,12,0
22213,2,-60.4344388449523,27.0,11,0
22214,2,-60.4344388449523,45.0,14,0
22215,2,-60.4344388449523,63.0,9,0
22216,2,-60.4344388449523,81.0,16,0
22217,2,-60.4344388449523,99.0,9,0
22218,2,-60.4344388449523,117.0,10,0
22219,2,-60.4344388449523,135.0,16,0
22220,2,-60.4344388449523,153.0,6,0
22221,2,-60.4344388449523,171.0,8,0
22222,2,-60.4344388449523,-171.0,12,0
22223,2,-60.4344388449523,-153.0,10,0
22224,2,-60.4344388449523,-135.0,8,0
22225,2,-60.4344388449523,-117.0,11,0
22226,2,-60.4344388449523,-99.0,10,0
22227,2,-60.4344388449523,-81.0,7,0
22228,2,-60.4344388449523,-63.0,11,0
22229,2,-60.4344388449523,-45.0,14,0
22230,2,-60.4344388449523,-27.0,9,0
22231,2,-60.4344388449523,-9.0,11,0
22232,2,-66.44353569089876,11.25,17,0
22233,2,-66.44353569089876,33.75,10,0
22234,2,-66.44353569089876,56.25,17,0
22235,2,-66.44353569089876,78.75,16,0
22236,2,-66.44353569089876,101.25,12,0
22237,2,-66.44353569089876,123.75,13,0
22238,2,-66.44353569089876,146.25,9,0
22239,2,-66.44353569089876,168.75,9,0
22240,2,-66.44353569089876,-168.75,10,0
22241,2,-66.44353569089876,-146.25,10,0
22242,2,-66.44353569089876,-123.75,9,0
22243,2,-66.44353569089876,-101.25,12,0
22244,2,-66.44353569089876,-78.75,17,0
22245,2,-66.44353569089876,-56.25,15,0
22246,2,-66.44353569089876,-33.75,9,0
22247,2,-66.44353569089876,-11.25,11,0
22248,2,-72.38756092964962,15.0,12,0
22249,2,-72.38756092964962,45.0,15,0
22250,2,-72.38756092964962,75.0,15,0
22251,2,-72.38756092964962,105.0,10,0
22252,2,-72.38756092964962,135.0,12,0
22253,2,-72.38756092964962,165.0,7,0
22254,2,-72.38756092964962,-165.0,10,0
22255,2,-72.38756092964962,-135.0,9,0
22256,2,-72.38756092964962,-105.0,15,0
22257,2,-72.38756092964962,-75.0,11,0
22258,2,-72.38756092964962,-45.0,10,0
22259,2,-72.38756092964962,-15.0,8,0
22260,2,-78.28414760510762,22.5,16,0
22261,2,-78.28414760510762,67.5,8,0
22262,2,-78.28414760510762,112.5,11,0
22263,2,-78.28414760510762,157.5,8,0
22264,2,-78.28414760510762,-157.5,12,0
22265,2,-78.28414760510762,-112.5,15,0
22266,2,-78.28414760510762,-67.5,9,0
22267,2,-78.28414760510762,-22.5,13,0
22268,2,-84.14973293629666,45.0,12,0
22269,2,-84.14973293629666,135.0,8,0
22270,2,-84.14973293629666,-135.0,11,0
22271,2,-84.14973293629666,-45.0,15,0
22272,2,84.14973293629666,45.0,16,0
22273,2,84.14973293629666,135.0,9,0
22274,2,84.14973293629666,-135.0,11,0
22275,2,84.14973293629666,-45.0,12,0
22276,2,78.28414760510762,22.5,10,0
22277,2,78.28414760510762,67.5,9,0
22278,2,78.28414760510762,112.5,13,0
22279,2,78.28414760510762,157.5,11,0
22280,2,78.28414760510762,-157.5,4,0
22281,2,78.28414760510762,-112.5,18,0
22282,2,78.28414760510762,-67.5,8,0
22283,2,78.28414760510762,-22.5,16,0
22284,2,72.38756092964962,15.0,9,0
22285,2,72.38756092964962,45.0,10,0
22286,2,72.38756092964962,75.0,11,0
22287,2,72.38756092964962,105.0,9,0
22288,2,72.38756092964962,135.0,5,0
22289,2,72.38756092964962,165.0,7,0
22290,2,72.38756092964962,-165.0,3,0
22291,2,72.38756092964962,-135.0,12,0
22292,2,72.38756092964962,-105.0,15,0
22293,2,72.38756092964962,-75.0,8,0
22294,2,72.38756092964962,-45.0,14,0
22295,2,72.38756092964962,-15.0,18,0
22296,2,66.44353569089877,11.25,9,0
22297,2,66.44353569089877,33.75,14,0
22298,2,66.44353569089877,56.25,10,0
22299,2,66.44353569089877,78.75,9,0
22300,2,66.44353569089877,101.25,9,0
22301,2,66.44353569089877,123.75,8,0
22302,2,66.44353569089877,146.25,8,0
22303,2,66.44353569089877,168.75,5,0
22304,2,66.44353569089877,-168.75,10,0
22305,2,66.44353569089877,-146.25,8,0
22306,2,66.44353569089877,-123.75,7,0
22307,2,66.44353569089877,-101.25,12,0
22308,2,66.44353569089877,-78.75,12,0
22309,2,66.44353569089877,-56.25,14,0
22310,2,66.44353569089877,-33.75,11,0
22311,2,66.44353569089877,-11.25,13,0
22312,2,60.43443884495228,9.0,10,0
22313,2,60.43443884495228,27.0,15,0
22314,2,60.43443884495228,45.0,7,0
22315,2,60.43443884495228,63.0,10,0
22316,2,60.43443884495228,81.0,16,0
22317,2,60.43443884495228,99.0,9,0
22318,2,60.43443884495228,117.0,8,0
22319,2,60.43443884495228,135.0,14,0
22320,2,60.43443884495228,153.0,13,0
22321,2,60.43443884495228,171.0,9,0
22322,2,60.43443884495228,-171.0,12,0
22323,2,60.43443884495228,-153.0,10,0
22324,2,60.43443884495228,-135.0,14,0
22325,2,60.43443884495228,-117.0,7,0
22326,2,60.43443884495228,-99.0,11,0
22327,2,60.43443884495228,-81.0,13,0
22328,2,60.43443884495228,-63.0,11,0
22329,2,60.43443884495228,-45.0,10,0
22330,2,60.43443884495228,-27.0,12,0
22331,2,60.43443884495228,-9.0,13,0
22332,2,54.340912303861245,7.5,12,0
22333,2,54.340912303861245,22.5,14,0
22334,2,54.340912303861245,37.5,14,0
22335,2,54.340912303861245,52.5,10,0
22336,2,54.340912303861245,67.5,13,0
22337,2,54.340912303861245,82.5,8,0
22338,2,54.340912303861245,97.5,13,0
22339,2,54.340912303861245,112.5,6,0
22340,2,54.340912303861245,127.5,14,0
22341,2,54.340912303861245,142.5,17,0
22342,2,54.340912303861245,157.5,11,0
22343,2,54.340912303861245,172.5,8,0
22344,2,54.340912303861245,-172.5,7,0
22345,2,54.340912303861245,-157.5,9,0
22346,2,54.340912303861245,-142.5,12,0
22347,2,54.340912303861245,-127.5,16,0
22348,2,54.340912303861245,-112.5,8,0
22349,2,54.340912303861245,-97.5,10,0
22350,2,54.340912303861245,-82.5,17,0
22351,2,54.340912303861245,-67.5,10,0
22352,2,54.340912303861245,-52.50000000000006,14,0
22353,2,54.340912303861245,-37.5,6,0
22354,2,54.340912303861245,-22.5,5,0
22355,2,54.340912303861245,-7.5,13,0
22356,2,48.141207794360284,6.428571428571416,13,0
22357,2,48.141207794360284,19.285714285714278,16,0
22358,2,48.141207794360284,32.14285714285714,9,0
22359,2,48.141207794360284,45.0,11,0
22360,2,48.141207794360284,57.85714285714286,12,0
22361,2,48.141207794360284,70.71428571428572,12,0
22362,2,48.141207794360284,83.57142857142856,15,0
22363,2,48.141207794360284,96.42857142857144,18,0
22364,2,48.141207794360284,109.28571428571428,11,0
22365,2,48.141207794360284,122.14285714285711,7,0
22366,2,48.141207794360284,135.0,8,0
22367,2,48.141207794360284,147.8571428571429,15,0
22368,2,48.141207794360284,160.71428571428572,12,0
22369,2,48.141207794360284,173.57142857142856,9,0
22370,2,48.141207794360284,-173.57142857142856,10,0
22371,2,48.141207794360284,-160.71428571428572,12,0
22372,2,48.141207794360284,-147.8571428571429,11,0
22373,2,48.141207794360284,-135.0,8,0
22374,2,48.141207794360284,-122.14285714285711,17,0
22375,2,48.141207794360284,-109.28571428571428,10,0
22376,2,48.141207794360284,-96.42857142857144,11,0
22377,2,48.141207794360284,-83.57142857142856,13,0
22378,2,48.141207794360284,-70.71428571428572,9,0
22379,2,48.141207794360284,-57.85714285714283,12,0
22380,2,48.141207794360284,-45.0,17,0
22381,2,48.141207794360284,-32.14285714285717,13,0
22382,2,48.141207794360284,-19.28571428571422,13,0
22383,2,48.141207794360284,-6.428571428571445,12,0
22384,2,41.81031489577859,5.625,12,0
22385,2,41.81031489577859,16.875,16,0
22386,2,41.81031489577859,28.125,13,0
22387,2,41.81031489577859,39.375,5,0
22388,2,41.81031489577859,50.625,13,0
22389,2,41.81031489577859,61.875,12,0
22390,2,41.81031489577859,73.125,13,0
22391,2,41.81031489577859,84.375,19,0
22392,2,41.81031489577859,95.625,16,0
22393,2,41.81031489577859,106.875,12,0
22394,2,41.81031489577859,118.125,8,0
22395,2,41.81031489577859,129.375,6,0
22396,2,41.81031489577859,140.625,12,0
22397,2,41.81031489577859,151.875,9,0
22398,2,41.81031489577859,163.125,12,0
22399,2,41.81031489577859,174.375,20,0
22400,2,41.81031489577859,-174.375,4,0
22401,2,41.81031489577859,-163.125,11,0
22402,2,41.81031489577859,-151.875,14,0
22403,2,41.81031489577859,-140.625,10,0
22404,2,41.81031489577859,-129.37500000000006,6,0
22405,2,41.81031489577859,-118.125,16,0
22406,2,41.81031489577859,-106.875,11,0
22407,2,41.81031489577859,-95.625,9,0
22408,2,41.81031489577859,-84.375,17,0
22409,2,41.81031489577859,-73.12500000000006,13,0
22410,2,41.81031489577859,-61.875,10,0
22411,2,41.81031489577859,-50.625,13,0
22412,2,41.81031489577859,-39.375,14,0
22413,2,41.81031489577859,-28.125,9,0
22414,2,41.81031489577859,-16.875,10,0
22415,2,41.81031489577859,-5.625,14,0
22416,2,35.68533471265204,0.0,13,0
22417,2,35.68533471265204,11.25,15,0
22418,2,35.68533471265204,22.5,5,0
22419,2,35.68533471265204,33.75,10,0
22420,2,35.68533471265204,45.0,11,0
22421,2,35.68533471265204,56.25,12,0
22422,2,35.68533471265204,67.5,12,0
22423,2,35.68533471265204,78.75,6,0
22424,2,35.68533471265204,90.0,10,0
22425,2,35.68533471265204,101.25,10,0
22426,2,35.68533471265204,112.5,12,0
22427,2,35.68533471265204,123.75,5,0
22428,2,35.68533471265204,135.0,10,0
22429,2,35.68533471265204,146.25,10,0
22430,2,35.68533471265204,157.5,15,0
22431,2,35.68533471265204,168.75,11,0
22432,2,35.68533471265204,-180.0,11,0
22433,2,35.68533471265204,-168.75,8,0
22434,2,35.68533471265204,-157.5,16,0
22435,2,35.68533471265204,-146.25,11,0
22436,2,35.68533471265204,-135.0,6,0
22437,2,35.68533471265204,-123.75,9,0
22438,2,35.68533471265204,-112.5,12,0
22439,2,35.68533471265204,-101.25,9,0
22440,2,35.68533471265204,-90.0,10,0
22441,2,35.68533471265204,-78.75000000000006,14,0
22442,2,35.68533471265204,-67.5,7,0
22443,2,35.68533471265204,-56.25,8,0
22444,2,35.68533471265204,-45.0,16,0
22445,2,35.68533471265204,-33.75000000000006,11,0
22446,2,35.68533471265204,-22.5,9,0
22447,2,35.68533471265204,-11.25,7,0
22448,2,30.000000000000007,5.625,8,0
22449,2,30.000000000000007,16.875,8,0
22450,2,30.000000000000007,28.125,9,0
22451,2,30.000000000000007,39.375,11,0
22452,2,30.000000000000007,50.625,9,0
22453,2,30.000000000000007,61.875,9,0
22454,2,30.000000000000007,73.125,6,0
22455,2,30.000000000000007,84.375,6,0
22456,2,30.000000000000007,95.625,15,0
22457,2,30.000000000000007,106.875,17,0
22458,2,30.000000000000007,118.125,7,0
22459,2,30.000000000000007,129.375,12,0
22460,2,30.000000000000007,140.625,13,0
22461,2,30.000000000000007,151.875,14,0
22462,2,30.000000000000007,163.125,13,0
22463,2,30.000000000000007,174.375,11,0
22464,2,30.000000000000007,-174.375,8,0
22465,2,30.000000000000007,-163.125,13,0
22466,2,30.000000000000007,-151.875,16,0
22467,2,30.000000000000007,-140.625,12,0
22468,2,30.000000000000007,-129.37500000000006,12,0
22469,2,30.000000000000007,-118.125,10,0
22470,2,30.000000000000007,-106.875,11,0
22471,2,30.000000000000007,-95.625,9,0
22472,2,30.000000000000007,-84.375,14,0
22473,2,30.000000000000007,-73.12500000000006,12,0
22474,2,30.000000000000007,-61.875,6,0
22475,2,30.000000000000007,-50.625,12,0
22476,2,30.000000000000007,-39.375,10,0
22477,2,30.000000000000007,-28.125,11,0
22478,2,30.000000000000007,-16.875,9,0
22479,2,30.000000000000007,-5.625,6,0
22480,2,24.62431835216408,0.0,11,0
22481,2,24.62431835216408,11.25,12,0
22482,2,24.62431835216408,22.5,6,0
22483,2,24.62431835216408,33.75,11,0
22484,2,24.62431835216408,45.0,21,0
22485,2,24.62431835216408,56.25,9,0
22486,2,24.62431835216408,67.5,8,0
22487,2,24.62431835216408,78.75,14,0
22488,2,24.62431835216408,90.0,7,0
22489,2,24.62431835216408,101.25,15,0
22490,2,24.62431835216408,112.5,8,0
22491,2,24.62431835216408,123.75,12,0
22492,2,24.62431835216408,135.0,11,0
22493,2,24.62431835216408,146.25,11,0
22494,2,24.62431835216408,157.5,11,0
22495,2,24.62431835216408,168.75,16,0
22496,2,24.62431835216408,-180.0,10,1
22497,2,24.62431835216408,-168.75,15,0
22498,2,24.62431835216408,-157.5,11,0
22499,2,24.62431835216408,-146.25,11,0
22500,2,24.62431835216408,-135.0,11,0
22501,2,24.62431835216408,-123.75,7,0
22502,2,24.62431835216408,-112.5,15,0
22503,2,24.62431835216408,-101.25,8,0
22504,2,24.62431835216408,-90.0,16,0
22505,2,24.62431835216408,-78.75000000000006,16,0
22506,2,24.62431835216408,-67.5,11,0
22507,2,24.62431835216408,-56.25,7,0
22508,2,24.62431835216408,-45.0,15,0
22509,2,24.62431835216408,-33.75000000000006,9,0
22510,2,24.62431835216408,-22.5,11,0
22511,2,24.62431835216408,-11.25,4,0
22512,2,19.47122063449069,5.625,13,0
22513,2,19.47122063449069,16.875,12,0
22514,2,19.47122063449069,28.125,8,0
22515,2,19.47122063449069,39.375,18,0
22516,2,19.47122063449069,50.625,14,0
22517,2,19.47122063449069,61.875,8,0
22518,2,19.47122063449069,73.125,16,0
22519,2,19.47122063449069,84.375,10,0
22520,2,19.47122063449069,95.625,15,0
22521,2,19.47122063449069,106.875,5,0
22522,2,19.47122063449069,118.125,9,0
22523,2,19.47122063449069,129.375,15,0
22524,2,19.47122063449069,140.625,13,0
22525,2,19.47122063449069,151.875,10,0
22526,2,19.47122063449069,163.125,23,0
22527,2,19.47122063449069,174.375,9,0
22528,2,19.47122063449069,-174.375,12,0
22529,2,19.47122063449069,-163.125,8,0
22530,2,19.47122063449069,-151.875,9,0
22531,2,19.47122063449069,-140.625,8,0
22532,2,19.47122063449069,-129.37500000000006,11,0
22533,2,19.47122063449069,-118.125,13,0
22534,2,19.47122063449069,-106.875,8,0
22535,2,19.47122063449069,-95.625,13,0
22536,2,19.47122063449069,-84.375,14,0
22537,2,19.47122063449069,-73.12500000000006,7,0
22538,2,19.47122063449069,-61.875,10,0
22539,2,19.47122063449069,-50.625,16,0
22540,2,19.47122063449069,-39.375,11,0
22541,2,19.47122063449069,-28.125,14,0
22542,2,19.47122063449069,-16.875,9,0
22543,2,19.47122063449069,-5.625,9,0
22544,2,14.477512185929925,0.0,12,0
22545,2,14.477512185929925,11.25,13,0
22546,2,14.477512185929925,22.5,13,0
22547,2,14.477512185929925,33.75,7,0
22548,2,14.477512185929925,45.0,15,0
22549,2,14.477512185929925,56.25,10,0
22550,2,14.477512185929925,67.5,13,0
22551,2,14.477512185929925,78.75,13,0
22552,2,14.477512185929925,90.0,11,0
22553,2,14.477512185929925,101.25,12,0
22554,2,14.477512185929925,112.5,14,0
22555,2,14.477512185929925,123.75,14,0
22556,2,14.477512185929925,135.0,12,0
22557,2,14.477512185929925,146.25,13,0
22558,2,14.477512185929925,157.5,14,0
22559,2,14.477512185929925,168.75,13,0
22560,2,14.477512185929925,-180.0,11,0
22561,2,14.477512185929925,-168.75,11,0
22562,2,14.477512185929925,-157.5,13,0
22563,2,14.477512185929925,-146.25,10,0
22564,2,14.477512185929925,-135.0,11,0
22565,2,14.477512185929925,-123.75,9,0
22566,2,14.477512185929925,-112.5,12,0
22567,2,14.477512185929925,-101.25,9,0
22568,2,14.477512185929925,-90.0,10,0
22569,2,14.477512185929925,-78.75000000000006,12,0
22570,2,14.477512185929925,-67.5,13,0
22571,2,14.477512185929925,-56.25,14,0
22572,2,14.477512185929925,-45.0,9,0
22573,2,14.477512185929925,-33.75000000000006,12,0
22574,2,14.477512185929925,-22.5,10,0
22575,2,14.477512185929925,-11.25,9,0
22576,2,9.594068226860458,5.625,10,0
22577,2,9.594068226860458,16.875,12,1
22578,2,9.594068226860458,28.125,12,0
22579,2,9.594068226860458,39.375,13,0
22580,2,9.594068226860458,50.625,6,1
22581,2,9.594068226860458,61.875,11,0
22582,2,9.594068226860458,73.125,7,2
22583,2,9.594068226860458,84.375,11,0
22584,2,9.594068226860458,95.625,11,0
22585,2,9.594068226860458,106.875,20,1
22586,2,9.594068226860458,118.125,10,0
22587,2,9.594068226860458,129.375,14,0
22588,2,9.594068226860458,140.625,15,0
22589,2,9.594068226860458,151.875,12,1
22590,2,9.594068226860458,163.125,16,0
22591,2,9.594068226860458,174.375,8,0
22592,2,9.594068226860458,-174.375,15,0
22593,2,9.594068226860458,-163.125,13,0
22594,2,9.594068226860458,-151.875,14,0
22595,2,9.594068226860458,-140.625,8,0
22596,2,9.594068226860458,-129.37500000000006,13,0
22597,2,9.594068226860458,-118.125,8,0
22598,2,9.594068226860458,-106.875,15,0
22599,2,9.594068226860458,-95.625,12,0
22600,2,9.594068226860458,-84.375,11,0
22601,2,9.594068226860458,-73.12500000000006,14,1
22602,2,9.594068226860458,-61.875,11,0
22603,2,9.594068226860458,-50.625,13,0
22604,2,9.594068226860458,-39.375,12,0
22605,2,9.594068226860458,-28.125,8,1
22606,2,9.594068226860458,-16.875,5,0
22607,2,9.594068226860458,-5.625,9,0
22608,2,4.780191847199163,0.0,8,4
22609,2,4.780191847199163,11.25,6,2
22610,2,4.780191847199163,22.5,16,1
22611,2,4.780191847199163,33.75,8,3
22612,2,4.780191847199163,45.0,11,3
22613,2,4.780191847199163,56.25,11,0
22614,2,4.780191847199163,67.5,17,4
22615,2,4.780191847199163,78.75,14,1
22616,2,4.780191847199163,90.0,11,1
22617,2,4.780191847199163,101.25,18,4
22618,2,4.780191847199163,112.5,14,2
22619,2,4.780191847199163,123.75,13,1
22620,2,4.780191847199163,135.0,5,4
22621,2,4.780191847199163,146.25,13,2
22622,2,4.780191847199163,157.5,13,1
22623,2,4.780191847199163,168.75,14,1
22624,2,4.780191847199163,-180.0,7,3
22625,2,4.780191847199163,-168.75,18,3
22626,2,4.780191847199163,-157.5,10,4
22627,2,4.780191847199163,-146.25,15,2
22628,2,4.780191847199163,-135.0,15,5
22629,2,4.780191847199163,-123.75,6,3
22630,2,4.780191847199163,-112.5,20,1
22631,2,4.780191847199163,-101.25,13,3
22632,2,4.780191847199163,-90.0,15,2
22633,2,4.780191847199163,-78.75000000000006,9,2
22634,2,4.780191847199163,-67.5,17,3
22635,2,4.780191847199163,-56.25,7,2
22636,2,4.780191847199163,-45.0,15,1
22637,2,4.780191847199163,-33.75000000000006,12,4
22638,2,4.780191847199163,-22.5,8,2
22639,2,4.780191847199163,-11.25,14,3
22640,2,0.0,5.625,9,4
22641,2,0.0,16.875,11,3
22642,2,0.0,28.125,10,2
22643,2,0.0,39.375,12,3
22644,2,0.0,50.625,15,5
22645,2,0.0,61.875,19,1
22646,2,0.0,73.125,14,4
22647,2,0.0,84.375,12,1
22648,2,0.0,95.625,10,3
22649,2,0.0,106.875,14,4
22650,2,0.0,118.125,14,3
22651,2,0.0,129.375,14,2
22652,2,0.0,140.625,10,3
22653,2,0.0,151.875,10,7
22654,2,0.0,163.125,11,2
22655,2,0.0,174.375,11,3
22656,2,0.0,-174.375,14,4
22657,2,0.0,-163.125,16,5
22658,2,0.0,-151.875,18,1
22659,2,0.0,-140.625,14,8
22660,2,0.0,-129.37500000000006,11,3
22661,2,0.0,-118.125,9,2
22662,2,0.0,-106.875,14,1
22663,2,0.0,-95.625,14,3
22664,2,0.0,-84.375,13,3
22665,2,0.0,-73.12500000000006,10,3
22666,2,0.0,-61.875,12,1
22667,2,0.0,-50.625,11,5
22668,2,0.0,-39.375,9,1
22669,2,0.0,-28.125,12,5
22670,2,0.0,-16.875,12,3
22671,2,0.0,-5.625,17,5
22672,2,-4.780191847199163,0.0,12,0
22673,2,-4.780191847199163,11.25,12,3
22674,2,-4.780191847199163,22.5,8,2
22675,2,-4.780191847199163,33.75,6,2
22676,2,-4.780191847199163,45.0,11,2
22677,2,-4.780191847199163,56.25,11,2
22678,2,-4.780191847199163,67.5,6,3
22679,2,-4.780191847199163,78.75,15,0
22680,2,-4.780191847199163,90.0,6,0
22681,2,-4.780191847199163,101.25,11,3
22682,2,-4.780191847199163,112.5,9,1
22683,2,-4.780191847199163,123.75,10,1
22684,2,-4.780191847199163,135.0,8,0
22685,2,-4.780191847199163,146.25,10,1
22686,2,-4.780191847199163,157.5,9,5
22687,2,-4.780191847199163,168.75,13,0
22688,2,-4.780191847199163,-180.0,8,3
22689,2,-4.780191847199163,-168.75,19,0
22690,2,-4.780191847199163,-157.5,15,0
22691,2,-4.780191847199163,-146.25,12,0
22692,2,-4.780191847199163,-135.0,15,5
22693,2,-4.780191847199163,-123.75,11,1
22694,2,-4.780191847199163,-112.5,9,0
22695,2,-4.780191847199163,-101.25,9,0
22696,2,-4.780191847199163,-90.0,12,1
22697,2,-4.780191847199163,-78.75000000000006,10,4
22698,2,-4.780191847199163,-67.5,9,0
22699,2,-4.780191847199163,-56.25,15,3
22700,2,-4.780191847199163,-45.0,12,2
22701,2,-4.780191847199163,-33.75000000000006,12,5
22702,2,-4.780191847199163,-22.5,15,1
22703,2,-4.780191847199163,-11.25,12,3
22704,2,-9.594068226860458,5.625,12,1
22705,2,-9.594068226860458,16.875,14,1
22706,2,-9.594068226860458,28.125,7,0
22707,2,-9.594068226860458,39.375,9,0
22708,2,-9.594068226860458,50.625,5,0
22709,2,-9.594068226860458,61.875,10,0
22710,2,-9.594068226860458,73.125,9,0
22711,2,-9.594068226860458,84.375,11,0
22712,2,-9.594068226860458,95.625,6,0
22713,2,-9.594068226860458,106.875,10,1
22714,2,-9.594068226860458,118.125,12,0
22715,2,-9.594068226860458,129.375,8,0
22716,2,-9.594068226860458,140.625,10,1
22717,2,-9.594068226860458,151.875,10,0
22718,2,-9.594068226860458,163.125,14,0
22719,2,-9.594068226860458,174.375,7,0
22720,2,-9.594068226860458,-174.375,18,0
22721,2,-9.594068226860458,-163.125,16,0
22722,2,-9.594068226860458,-151.875,11,0
22723,2,-9.594068226860458,-140.625,17,0
22724,2,-9.594068226860458,-129.37500000000006,11,0
22725,2,-9.594068226860458,-118.125,8,0
22726,2,-9.594068226860458,-106.875,10,0
22727,2,-9.594068226860458,-95.625,4,0
22728,2,-9.594068226860458,-84.375,9,1
22729,2,-9.594068226860458,-73.12500000000006,13,0
22730,2,-9.594068226860458,-61.875,19,0
22731,2,-9.594068226860458,-50.625,9,0
22732,2,-9.594068226860458,-39.375,9,1
22733,2,-9.594068226860458,-28.125,12,0
22734,2,-9.594068226860458,-16.875,5,0
22735,2,-9.594068226860458,-5.625,11,0
22736,2,-14.477512185929925,0.0,11,0
22737,2,-14.477512185929925,11.25,8,1
22738,2,-14.477512185929925,22.5,7,0
22739,2,-14.477512185929925,33.75,10,0
22740,2,-14.477512185929925,45.0,7,0
22741,2,-14.477512185929925,56.25,9,0
22742,2,-14.477512185929925,67.5,4,0
22743,2,-14.477512185929925,78.75,18,0
22744,2,-14.477512185929925,90.0,12,0
22745,2,-14.477512185929925,101.25,11,0
22746,2,-14.477512185929925,112.5,11,1
22747,2,-14.477512185929925,123.75,10,0
22748,2,-14.477512185929925,135.0,14,1
22749,2,-14.477512185929925,146.25,10,0
22750,2,-14.477512185929925,157.5,14,0
22751,2,-14.477512185929925,168.75,9,0
22752,2,-14.477512185929925,-180.0,16,0
22753,2,-14.477512185929925,-168.75,13,0
22754,2,-14.477512185929925,-157.5,7,0
22755,2,-14.477512185929925,-146.25,16,0
22756,2,-14.477512185929925,-135.0,15,0
22757,2,-14.477512185929925,-123.75,7,0
22758,2,-14.477512185929925,-112.5,13,0
22759,2,-14.477512185929925,-101.25,10,0
22760,2,-14.477512185929925,-90.0,11,0
22761,2,-14.477512185929925,-78.75000000000006,6,0
22762,2,-14.477512185929925,-67.5,10,0
22763,2,-14.477512185929925,-56.25,11,0
22764,2,-14.477512185929925,-45.0,8,0
22765,2,-14.477512185929925,-33.75000000000006,11,0
22766,2,-14.477512185929925,-22.5,13,0
22767,2,-14.477512185929925,-11.25,11,0
22768,2,-19.47122063449069,5.625,12,0
22769,2,-19.47122063449069,16.875,6,0
22770,2,-19.47122063449069,28.125,7,0
22771,2,-19.47122063449069,39.375,14,0
22772,2,-19.47122063449069,50.625,11,0
22773,2,-19.47122063449069,61.875,9,0
22774,2,-19.47122063449069,73.125,8,0
22775,2,-19.47122063449069,84.375,21,0
22776,2,-19.47122063449069,95.625,7,0
22777,2,-19.47122063449069,106.875,8,0
22778,2,-19.47122063449069,118.125,6,0
22779,2,-19.47122063449069,129.375,19,0
22780,2,-19.47122063449069,140.625,17,0
22781,2,-19.47122063449069,151.875,12,0
22782,2,-19.47122063449069,163.125,15,0
22783,2,-19.47122063449069,174.375,13,0
22784,2,-19.47122063449069,-174.375,14,0
22785,2,-19.47122063449069,-163.125,13,0
22786,2,-19.47122063449069,-151.875,10,0
22787,2,-19.47122063449069,-140.625,13,0
22788,2,-19.47122063449069,-129.37500000000006,8,0
22789,2,-19.47122063449069,-118.125,14,0
22790,2,-19.47122063449069,-106.875,17,0
22791,2,-19.47122063449069,-95.625,10,0
22792,2,-19.47122063449069,-84.375,7,0
22793,2,-19.47122063449069,-73.12500000000006,9,0
22794,2,-19.47122063449069,-61.875,5,0
22795,2,-19.47122063449069,-50.625,8,0
22796,2,-19.47122063449069,-39.375,10,0
22797,2,-19.47122063449069,-28.125,12,0
22798,2,-19.47122063449069,-16.875,9,0
22799,2,-19.47122063449069,-5.625,9,0
22800,2,-24.62431835216408,0.0,19,0
22801,2,-24.62431835216408,11.25,10,0
22802,2,-24.62431835216408,22.5,12,0
22803,2,-24.62431835216408,33.75,9,0
22804,2,-24.62431835216408,45.0,15,0
22805,2,-24.62431835216408,56.25,10,0
22806,2,-24.62431835216408,67.5,16,0
22807,2,-24.62431835216408,78.75,12,0
22808,2,-24.62431835216408,90.0,8,0
22809,2,-24.62431835216408,101.25,13,0
22810,2,-24.62431835216408,112.5,8,0
22811,2,-24.62431835216408,123.75,7,0
22812,2,-24.62431835216408,135.0,17,0
22813,2,-24.62431835216408,146.25,19,0
22814,2,-24.62431835216408,157.5,8,0
22815,2,-24.62431835216408,168.75,7,0
22816,2,-24.62431835216408,-180.0,10,0
22817,2,-24.62431835216408,-168.75,17,0
22818,2,-24.62431835216408,-157.5,8,0
22819,2,-24.62431835216408,-146.25,15,0
22820,2,-24.62431835216408,-135.0,10,0
22821,2,-24.62431835216408,-123.75,6,0
22822,2,-24.62431835216408,-112.5,14,0
22823,2,-24.62431835216408,-101.25,14,0
22824,2,-24.62431835216408,-90.0,15,0
22825,2,-24.62431835216408,-78.75000000000006,5,0
22826,2,-24.62431835216408,-67.5,13,0
22827,2,-24.62431835216408,-56.25,7,0
22828,2,-24.62431835216408,-45.0,14,0
22829,2,-24.62431835216408,-33.75000000000006,7,0
22830,2,-24.62431835216408,-22.5,12,0
22831,2,-24.62431835216408,-11.25,13,0
22832,2,-30.000000000000014,5.625,10,0
22833,2,-30.000000000000014,16.875,6,0
22834,2,-30.000000000000014,28.125,13,0
22835,2,-30.000000000000014,39.375,9,0
22836,2,-30.000000000000014,50.625,10,0
22837,2,-30.000000000000014,61.875,16,0
22838,2,-30.000000000000014,73.125,15,0
22839,2,-30.000000000000014,84.375,10,0
22840,2,-30.000000000000014,95.625,9,0
22841,2,-30.000000000000014,106.875,10,0
22842,2,-30.000000000000014,118.125,9,0
22843,2,-30.000000000000014,129.375,12,0
22844,2,-30.000000000000014,140.625,11,0
22845,2,-30.000000000000014,151.875,12,0
22846,2,-30.000000000000014,163.125,6,0
22847,2,-30.000000000000014,174.375,10,0
22848,2,-30.000000000000014,-174.375,14,0
22849,2,-30.000000000000014,-163.125,8,0
22850,2,-30.000000000000014,-151.875,16,0
22851,2,-30.000000000000014,-140.625,14,0
22852,2,-30.000000000000014,-129.37500000000006,8,0
22853,2,-30.000000000000014,-118.125,11,0
22854,2,-30.000000000000014,-106.875,12,0
22855,2,-30.000000000000014,-95.625,13,0
22856,2,-30.000000000000014,-84.375,13,0
22857,2,-30.000000000000014,-73.12500000000006,10,0
22858,2,-30.000000000000014,-61.875,12,0
22859,2,-30.000000000000014,-50.625,10,0
22860,2,-30.000000000000014,-39.375,9,0
22861,2,-30.000000000000014,-28.125,6,0
22862,2,-30.000000000000014,-16.875,9,0
22863,2,-30.000000000000014,-5.625,10,0
22864,2,-35.68533471265205,0.0,11,0
22865,2,-35.68533471265205,11.25,13,0
22866,2,-35.68533471265205,22.5,10,0
22867,2,-35.68533471265205,33.75,8,0
22868,2,-35.68533471265205,45.0,16,0
22869,2,-35.68533471265205,56.25,9,0
22870,2,-35.68533471265205,67.5,17,0
22871,2,-35.68533471265205,78.75,11,0
22872,2,-35.68533471265205,90.0,5,0
22873,2,-35.68533471265205,101.25,10,0
22874,2,-35.68533471265205,112.5,13,0
22875,2,-35.68533471265205,123.75,16,0
22876,2,-35.68533471265205,135.0,16,0
22877,2,-35.68533471265205,146.25,6,0
22878,2,-35.68533471265205,157.5,12,0
22879,2,-35.68533471265205,168.75,12,0
22880,2,-35.68533471265205,-180.0,16,0
22881,2,-35.68533471265205,-168.75,12,0
22882,2,-35.68533471265205,-157.5,10,0
22883,2,-35.68533471265205,-146.25,9,0
22884,2,-35.68533471265205,-135.0,7,0
22885,2,-35.68533471265205,-123.75,10,0
22886,2,-35.68533471265205,-112.5,6,0
22887,2,-35.68533471265205,-101.25,11,0
22888,2,-35.68533471265205,-90.0,7,0
22889,2,-35.68533471265205,-78.75000000000006,9,0
22890,2,-35.68533471265205,-67.5,8,0
22891,2,-35.68533471265205,-56.25,14,0
22892,2,-35.68533471265205,-45.0,10,0
22893,2,-35.68533471265205,-33.75000000000006,10,1
22894,2,-35.68533471265205,-22.5,7,0
22895,2,-35.68533471265205,-11.25,5,0
22896,2,-41.81031489577862,5.625,10,0
22897,2,-41.81031489577862,16.875,10,0
22898,2,-41.81031489577862,28.125,11,0
22899,2,-41.81031489577862,39.375,15,0
22900,2,-41.81031489577862,50.625,15,0
22901,2,-41.81031489577862,61.875,7,0
22902,2,-41.81031489577862,73.125,8,0
22903,2,-41.81031489577862,84.375,9,0
22904,2,-41.81031489577862,95.625,9,0
22905,2,-41.81031489577862,106.875,21,0
22906,2,-41.81031489577862,118.125,17,0
22907,2,-41.81031489577862,129.375,12,0
22908,2,-41.81031489577862,140.625,8,0
22909,2,-41.81031489577862,151.875,10,0
22910,2,-41.81031489577862,163.125,9,0
22911,2,-41.81031489577862,174.375,10,0
22912,2,-41.81031489577862,-174.375,10,0
22913,2,-41.81031489577862,-163.125,15,0
22914,2,-41.81031489577862,-151.875,14,0
22915,2,-41.81031489577862,-140.625,5,0
22916,2,-41.81031489577862,-129.37500000000006,12,0
22917,2,-41.81031489577862,-118.125,15,0
22918,2,-41.81031489577862,-106.875,14,0
22919,2,-41.81031489577862,-95.625,12,0
22920,2,-41.81031489577862,-84.375,11,0
22921,2,-41.81031489577862,-73.12500000000006,6,0
22922,2,-41.81031489577862,-61.875,6,0
22923,2,-41.81031489577862,-50.625,11,0
22924,2,-41.81031489577862,-39.375,12,1
22925,2,-41.81031489577862,-28.125,15,0
22926,2,-41.81031489577862,-16.875,11,0
22927,2,-41.81031489577862,-5.625,9,0
22928,2,-48.1412077943603,6.428571428571416,13,0
22929,2,-48.1412077943603,19.285714285714278,15,0
22930,2,-48.1412077943603,32.14285714285714,11,0
22931,2,-48.1412077943603,45.0,20,0
22932,2,-48.1412077943603,57.85714285714286,9,0
22933,2,-48.1412077943603,70.71428571428572,8,0
22934,2,-48.1412077943603,83.57142857142856,12,0
22935,2,-48.1412077943603,96.42857142857144,12,0
22936,2,-48.1412077943603,109.28571428571428,16,0
22937,2,-48.1412077943603,122.14285714285711,15,0
22938,2,-48.1412077943603,135.0,13,0
22939,2,-48.1412077943603,147.8571428571429,15,0
22940,2,-48.1412077943603,160.71428571428572,7,0
22941,2,-48.1412077943603,173.57142857142856,11,0
22942,2,-48.1412077943603,-173.57142857142856,10,0
22943,2,-48.1412077943603,-160.71428571428572,7,0
22944,2,-48.1412077943603,-147.8571428571429,5,0
22945,2,-48.1412077943603,-135.0,6,0
22946,2,-48.1412077943603,-122.14285714285711,9,0
22947,2,-48.1412077943603,-109.28571428571428,11,0
22948,2,-48.1412077943603,-96.42857142857144,11,0
22949,2,-48.1412077943603,-83.57142857142856,11,0
22950,2,-48.1412077943603,-70.71428571428572,4,0
22951,2,-48.1412077943603,-57.85714285714283,5,0
22952,2,-48.1412077943603,-45.0,15,0
22953,2,-48.1412077943603,-32.14285714285717,12,0
22954,2,-48.1412077943603,-19.28571428571422,15,0
22955,2,-48.1412077943603,-6.428571428571445,14,0
22956,2,-54.340912303861245,7.5,10,0
22957,2,-54.340912303861245,22.5,11,0
22958,2,-54.340912303861245,37.5,20,0
22959,2,-54.340912303861245,52.5,13,0
22960,2,-54.340912303861245,67.5,8,0
22961,2,-54.340912303861245,82.5,17,0
22962,2,-54.340912303861245,97.5,12,0
22963,2,-54.340912303861245,112.5,8,0
22964,2,-54.340912303861245,127.5,24,0
22965,2,-54.340912303861245,142.5,13,0
22966,2,-54.340912303861245,157.5,9,0
22967,2,-54.340912303861245,172.5,12,0
22968,2,-54.340912303861245,-172.5,14,0
22969,2,-54.340912303861245,-157.5,8,0
22970,2,-54.340912303861245,-142.5,9,0
22971,2,-54.340912303861245,-127.5,8,0
22972,2,-54.340912303861245,-112.5,14,0
22973,2,-54.340912303861245,-97.5,11,0
22974,2,-54.340912303861245,-82.5,9,0
22975,2,-54.340912303861245,-67.5,11,0
22976,2,-54.340912303861245,-52.50000000000006,15,0
22977,2,-54.340912303861245,-37.5,11,0
22978,2,-54.340912303861245,-22.5,11,0
22979,2,-54.340912303861245,-7.5,12,0
22980,2,-60.4344388449523,9.0,12,0
22981,2,-60.4344388449523,27.0,11,0
22982,2,-60.4344388449523,45.0,14,0
22983,2,-60.4344388449523,63.0,9,0
22984,2,-60.4344388449523,81.0,16,0
22985,2,-60.4344388449523,99.0,9,0
22986,2,-60.4344388449523,117.0,10,0
22987,2,-60.4344388449523,135.0,16,0
22988,2,-60.4344388449523,153.0,6,0
22989,2,-60.4344388449523,171.0,8,0
22990,2,-60.4344388449523,-171.0,12,0
22991,2,-60.4344388449523,-153.0,10,0
22992,2,-60.4344388449523,-135.0,8,0
22993,2,-60.4344388449523,-117.0,11,0
22994,2,-60.4344388449523,-99.0,10,0
22995,2,-60.4344388449523,-81.0,7,0
22996,2,-60.4344388449523,-63.0,11,0
22997,2,-60.4344388449523,-45.0,14,0
22998,2,-60.4344388449523,-27.0,9,0
22999,2,-60.4344388449523,-9.0,11,0
23000,2,-66.44353569089876,11.25,17,0
23001,2,-66.44353569089876,33.75,10,0
23002,2,-66.44353569089876,56.25,17,0
23003,2,-66.44353569089876,78.75,16,0
23004,2,-66.44353569089876,101.25,12,0
23005,2,-66.44353569089876,123.75,13,0
23006,2,-66.44353569089876,146.25,9,0
23007,2,-66.44353569089876,168.75,9,0
23008,2,-66.44353569089876,-168.75,10,0
23009,2,-66.44353569089876,-146.25,10,0
23010,2,-66.44353569089876,-123.75,9,0
23011,2,-66.44353569089876,-101.25,12,0
23012,2,-66.44353569089876,-78.75,17,0
23013,2,-66.44353569089876,-56.25,15,0
23014,2,-66.44353569089876,-33.75,9,0
23015,2,-66.44353569089876,-11.25,11,0
23016,2,-72.38756092964962,15.0,12,0
23017,2,-72.38756092964962,45.0,15,0
23018,2,-72.38756092964962,75.0,15,0
23019,2,-72.38756092964962,105.0,10,0
23020,2,-72.38756092964962,135.0,12,0
23021,2,-72.38756092964962,165.0,7,0
23022,2,-72.38756092964962,-165.0,10,0
23023,2,-72.38756092964962,-135.0,9,0
23024,2,-72.38756092964962,-105.0,15,0
23025,2,-72.38756092964962,-75.0,11,0
23026,2,-72.38756092964962,-45.0,10,0
23027,2,-72.38756092964962,-15.0,8,0
23028,2,-78.28414760510762,22.5,16,0
23029,2,-78.28414760510762,67.5,8,0
23030,2,-78.28414760510762,112.5,11,0
23031,2,-78.28414760510762,157.5,8,0
23032,2,-78.28414760510762,-157.5,12,0
23033,2,-78.28414760510762,-112.5,15,0
23034,2,-78.28414760510762,-67.5,9,0
23035,2,-78.28414760510762,-22.5,13,0
23036,2,-84.14973293629666,45.0,12,0
23037,2,-84.14973293629666,135.0,8,0
23038,2,-84.14973293629666,-135.0,11,0
23039,2,-84.14973293629666,-45.0,15,0
