RA,DEC,GLON,Variability_Index,Signif,Unc_Energy_Flux100,Spectral_Index,Flux,Signif_Curv,hr12,hr23,hr34,hr45,pulsarness
0.31,47.69,114.25,3.3643808,5.524,-28.763527,2.155106,0.0,-0.93048525,0.015287334,0.18051638,-0.31634337,3.978089,Non-Pulsar
0.32,-7.8,89.03,3.9462774,24.497,-28.295086,2.0816336,0.0,0.24935772,-0.17538437,-0.030917492,0.06161775,-0.23885126,Non-Pulsar
0.37,-0.17,96.89,0.0,5.252,0.0,2.1089518,1.0,0.0,-0.3079256,-0.24780126,-0.069962166,0.61446553,Non-Pulsar
0.38,21.22,107.65,7.5291934,46.426,-28.081886,2.5454607,0.0,2.0213807,-0.2436356,-0.39042306,-0.7005648,3.3798344,Non-Pulsar
0.42,-41.94,334.23,3.2429616,17.982,-28.482737,1.5809705,0.0,0.96710896,-0.010269875,0.51724553,0.23363446,0.12582602,Non-Pulsar
0.46,-21.89,55.18,3.2925034,3.936,-29.030489,1.9064263,0.0,-0.042091098,-0.22680368,0.29258996,0.30156088,-0.40284327,Non-Pulsar
0.54,-67.47,310.08,2.3389745,16.673,-28.744118,1.5992589,0.0,1.1291251,0.75434166,0.42739198,0.13876791,0.25862178,Non-Pulsar
0.59,-8.27,89.04,2.5972762,5.269,-28.655392,2.1850238,0.0,0.013976201,0.9920682,-0.077325545,-0.123539545,-16.464233,Non-Pulsar
0.61,-51.94,320.0,2.9859245,5.811,-29.246025,1.6310339,0.0,0.8788422,-0.92469114,0.98303825,0.46952182,-0.06457272,Non-Pulsar
0.72,62.29,117.32,2.7331004,35.793,-27.370388,2.2277918,0.0,2.4836612,0.12671506,0.00820622,-0.40468895,-0.88899666,Pulsar
0.78,-52.81,318.99,2.5318544,19.605,-28.51695,1.581871,0.0,0.9950083,0.9898463,0.20760593,0.2289856,0.42300427,Non-Pulsar
0.8,-15.73,75.99,2.6017654,4.728,-29.003805,2.0897098,0.0,0.018010994,-0.7216111,0.26581722,0.26480922,-1.1875149,Non-Pulsar
0.81,22.13,108.44,2.6014063,5.552,-28.681786,2.1385322,0.0,0.673605,-0.6314823,-0.13246034,0.39961675,-0.039416865,Non-Pulsar
0.83,-7.07,91.09,2.0145493,4.739,-28.93623,1.8098495,0.0,-0.14509991,0.9999593,-0.44285804,0.42620745,0.49422374,Non-Pulsar
0.85,-19.47,65.2,4.0698442,16.836,-28.569893,2.1356444,0.0,1.324686,0.018002927,-0.03293536,-0.17156465,-0.6349053,Non-Pulsar
0.85,-59.1,314.24,0.0,8.187,0.0,2.3650298,1.0,0.0,-0.39276883,-0.20746295,0.0048377328,-0.43641225,Non-Pulsar
0.88,7.3,102.59,2.4871554,5.473,-28.988764,2.133449,0.0,0.86293787,0.53859,-0.034403108,-0.00896875,0.36290216,Non-Pulsar
1.0,-11.83,84.6,2.0627184,13.405,-28.643608,2.0422213,0.0,0.9705393,0.7061917,-0.022612467,-0.13951178,0.12385125,Non-Pulsar
1.01,8.68,103.5,2.9703162,6.878,-29.004627,1.7820854,0.0,0.9223992,0.5781423,0.65470046,0.15369815,-0.60564566,Non-Pulsar
1.08,46.24,114.49,4.997941,11.246,-28.15643,2.5576503,0.0,0.8004587,-0.2672546,-0.22395337,-0.40386847,4.9255314,Non-Pulsar
1.11,-47.62,323.99,5.243407,23.339,-28.5235,2.322214,0.0,0.86369246,-0.18093354,-0.18357097,-0.2339531,-0.9277325,Non-Pulsar
1.5,38.4,113.23,4.0154967,16.087,-28.26644,2.600829,0.0,1.1935425,-0.1690032,-0.42784032,-0.43643144,-0.06703835,Non-Pulsar
1.6,-6.35,93.65,3.2593381,5.414,-28.856339,2.1678643,0.0,0.14282723,-0.18855788,-0.073727615,-0.17044453,-0.5629821,Non-Pulsar
1.61,1.6,100.48,1.854669,7.126,-28.92406,1.8784531,0.0,0.7568866,0.99191225,0.3828985,-0.12942341,-0.56204116,Non-Pulsar
1.61,-56.36,315.29,3.0922558,7.212,-28.960468,2.3892572,0.0,-0.47960442,-0.012164234,-0.26222432,-0.35666418,-0.25703183,Non-Pulsar
1.77,73.05,119.66,2.1080487,401.705,-26.51771,1.9758227,0.0,4.417488,0.32692543,0.21013992,-0.05495107,-0.546455,Pulsar
1.89,-52.79,317.65,2.3767684,5.705,-28.942425,2.4467833,0.0,1.0936315,-0.07830484,-0.06824956,-0.6959038,1.673455,Non-Pulsar
1.93,40.13,113.94,3.4702842,16.365,-28.570621,2.1295846,0.0,0.5332413,0.0038102064,-0.10413626,0.08774805,-0.360126,Non-Pulsar
2.0,47.2,115.32,2.154371,56.519,-27.825083,1.8980258,0.0,1.7021712,0.19928472,0.06929886,0.049100883,0.014992071,Non-Pulsar
2.0,-39.63,336.0,2.9812534,5.946,-28.570866,2.677274,0.0,0.5143598,-0.39418373,-0.4123947,-0.4760895,-1.0273701,Non-Pulsar
2.11,-23.65,50.27,2.605763,11.074,-28.709269,1.8102539,0.0,0.6208447,0.8118975,0.04236113,0.14885555,0.4417877,Non-Pulsar
2.11,68.62,119.01,6.396797,26.44,-27.327602,2.4489334,0.0,1.870032,0.09233259,-0.14777093,-0.33090386,-0.49578637,Non-Pulsar
2.12,14.92,107.72,3.9363825,19.205,-28.311787,1.9059507,0.0,1.0468132,0.99999344,0.116564445,0.015240871,-0.14599651,Non-Pulsar
2.3,6.48,104.48,2.7324958,18.236,-28.432373,2.2194188,0.0,0.13423818,0.12463053,-0.21213698,-0.1014181,0.19453137,Non-Pulsar
2.35,50.51,116.12,5.4566426,64.897,-27.812222,1.9197568,0.0,1.6079317,0.09686153,0.06966146,-0.0060862084,-0.016631769,Non-Pulsar
2.44,-32.3,0.67,3.2779562,9.978,-28.808,2.261954,0.0,-0.53536534,0.06623578,-0.050620124,-0.36710456,-3.2630389,Non-Pulsar
2.45,-43.3,327.78,2.8426356,13.523,-28.892408,2.124825,0.0,-0.09053767,0.18993078,-0.16973679,-0.07946382,0.23439252,Non-Pulsar
2.47,13.67,107.75,0.0,5.362,0.0,2.1793685,1.0,0.0,-0.77059597,0.20012899,0.07660733,-0.22958726,Non-Pulsar
2.47,-63.97,310.41,2.7004268,5.316,-28.81966,2.9367661,0.0,-1.0151055,-0.6651863,-0.31303984,-0.24128538,7.5442286,Non-Pulsar
2.65,20.73,110.22,0.0,6.997,0.0,2.3850918,1.0,0.0,-0.28088257,-0.21921565,-0.119042926,-0.57450217,Non-Pulsar
2.67,-30.43,10.26,5.1670694,24.289,-28.474483,2.313965,0.0,1.2522378,0.00023626798,-0.2274785,-0.48878148,-0.35866573,Non-Pulsar
2.72,-21.9,60.28,2.5525818,6.05,-28.906948,2.344206,0.0,-2.1792736,0.16696605,-0.14310066,-0.16078557,-1.6294298,Non-Pulsar
2.85,-41.17,330.75,2.4482052,4.389,-28.879938,2.4706922,0.0,-0.4264955,-0.3778602,-0.53403956,-0.021082006,0.49872202,Non-Pulsar
2.86,0.96,102.41,5.8467646,28.245,-28.085522,2.2577264,0.0,1.0828307,-0.13086554,-0.14446169,-0.2323885,-0.60076237,Non-Pulsar
2.95,-31.72,2.56,3.0976532,7.793,-28.948605,1.9457566,0.0,-0.36562535,-0.48312923,-0.09036004,0.2451348,0.23389645,Non-Pulsar
3.0,70.73,119.66,3.640808,12.206,-27.857943,2.4018137,0.0,-0.20001702,-0.31613255,-0.23356521,-0.2365281,-0.04815282,Non-Pulsar
3.26,33.92,113.89,4.6688356,11.104,-28.708267,2.2566066,0.0,0.19914857,0.05968619,-0.15666288,-0.1756602,-0.15432808,Non-Pulsar
3.28,-39.93,332.34,3.4904752,24.768,-28.450806,1.9156355,0.0,1.2247931,0.6238542,0.16405687,-0.16292879,-0.23842774,Non-Pulsar
3.35,9.84,107.64,2.9989448,9.274,-28.540167,1.971606,0.0,0.088374995,0.42059332,0.020546732,-0.20369549,0.24894015,Non-Pulsar
3.4,40.86,115.26,2.732614,7.02,-28.695213,2.2823253,0.0,0.13022138,-0.1505072,-0.19226329,-0.22549577,0.13015622,Non-Pulsar
3.42,-4.4,99.66,0.0,9.184,0.0,2.1819768,1.0,0.0,-0.26984876,-0.24449253,0.040663328,0.32332516,Non-Pulsar
3.48,-18.91,74.59,0.0,14.792,0.0,1.9045731,1.0,0.0,0.062067904,0.22871104,0.03850444,-0.2580023,Non-Pulsar
3.54,19.17,110.89,3.70534,9.595,-28.52406,2.2126043,0.0,0.8826947,0.113562614,-0.1297232,-0.16878384,-0.15398267,Non-Pulsar
3.55,-50.37,317.45,0.0,13.949,0.0,2.1073663,1.0,0.0,-0.34905377,0.012855964,-0.16340397,-0.43791407,Non-Pulsar
3.57,8.91,107.62,0.0,5.967,0.0,2.501718,1.0,0.0,-0.1532817,-0.4139218,-0.17309694,0.33718947,Non-Pulsar
3.59,-5.01,99.51,3.3180776,14.114,-28.165848,2.3709893,0.0,0.14850271,0.3729043,-0.37277138,0.05346808,0.1398873,Non-Pulsar
3.69,58.03,118.07,2.7173488,11.777,-28.574354,1.5650905,0.0,0.9428075,0.9950303,0.22658393,0.69332623,0.4492752,Non-Pulsar
3.72,61.3,118.56,2.4980452,19.225,-27.869917,1.963949,0.0,1.1654003,0.14379144,0.11301049,-0.01610832,0.09421024,Non-Pulsar
3.73,32.22,114.01,3.8345811,16.589,-28.40148,2.4546266,0.0,1.2148625,-0.1205246,-0.3976699,-0.39345968,0.3133633,Non-Pulsar
3.82,35.62,114.72,0.0,6.99,0.0,1.9551985,1.0,0.0,-0.20765446,-0.34128624,0.22323596,0.5763897,Non-Pulsar
3.91,55.86,117.89,0.0,16.471,0.0,1.820141,1.0,0.0,-0.36502305,0.17566465,0.042981297,0.2687123,Non-Pulsar
3.99,24.68,112.76,2.822553,12.199,-28.70402,2.137794,0.0,-0.4963482,-0.4669528,0.08624592,-0.08051958,-1.5421468,Non-Pulsar
4.06,-0.28,104.01,4.9460635,19.94,-28.244568,2.6349397,0.0,1.4139199,-0.22499761,-0.3929503,-0.838899,1.6022692,Non-Pulsar
4.14,17.04,111.1,3.133484,4.991,-28.466282,2.7106428,0.0,0.46136197,-0.3554478,-0.21308357,-0.5208581,1.580283,Non-Pulsar
4.26,-6.83,99.46,3.6788375,20.323,-28.48229,2.2992733,0.0,0.41666797,-0.17177138,-0.11529617,-0.16862145,-1.465898,Non-Pulsar
4.39,-5.23,101.21,5.8187313,28.707,-27.990227,2.51887,0.0,1.3724387,-0.22262262,-0.27114907,-0.48587677,-0.55662674,Non-Pulsar
4.47,14.92,110.97,2.7889028,10.465,-28.634089,2.2390501,0.0,-0.8250052,-0.3882017,-0.09170864,0.058823958,-0.47297317,Non-Pulsar
4.62,29.78,114.44,2.6184118,15.602,-28.503399,1.5384591,0.0,0.84948343,-0.21224104,0.43366063,0.35228363,0.24534653,Non-Pulsar
4.72,26.19,113.88,4.5102315,7.91,-28.45122,2.6147585,0.0,0.88754106,-0.048244376,-0.5742139,-0.51376283,0.43401894,Non-Pulsar
4.81,-56.68,311.75,4.6838093,14.666,-28.859547,2.3001575,0.0,-0.2548014,0.03879757,-0.26139015,-0.029607026,-0.11796931,Non-Pulsar
4.83,-81.88,304.31,3.2846417,22.79,-28.468838,2.0810044,0.0,-0.36538363,-0.010674785,-0.07894151,0.005195605,0.14740458,Non-Pulsar
4.9,73.46,120.63,6.2028375,18.718,-27.278126,2.6373684,0.0,1.115774,-0.09309698,-0.3922633,-0.25525722,0.10432956,Non-Pulsar
4.91,20.38,112.9,3.2005055,14.485,-28.59655,2.1834295,0.0,0.01599974,0.52721,-0.07905213,-0.12139344,-1.276071,Non-Pulsar
5.09,69.33,120.18,2.0412996,3.204,-27.673447,2.6460407,0.0,0.6484407,-0.5127093,-0.2717642,-0.5542935,1.5284419,Non-Pulsar
5.26,3.38,108.24,3.1887481,8.118,-28.778778,1.9573873,0.0,-0.00045274015,-0.4525186,-0.07814638,0.18855324,0.28252444,Non-Pulsar
5.38,-22.36,66.41,2.9994383,4.586,-28.686825,2.6620958,0.0,0.72834474,-0.13481425,-0.5022635,-0.35611087,0.3368903,Non-Pulsar
5.39,-25.87,41.93,3.887487,29.602,-28.353998,2.008503,0.0,1.0753864,0.22751231,0.014874592,-0.112569176,-0.41268605,Non-Pulsar
5.41,-8.92,100.4,3.0133786,7.882,-28.76655,2.1330051,0.0,0.38340095,0.25410986,0.08613348,-0.17604627,6.7971616,Non-Pulsar
5.5,-51.67,313.7,3.67098,27.131,-28.567034,2.0184522,0.0,0.61319566,0.03744712,0.03776366,-0.017580504,-0.2753541,Non-Pulsar
5.52,0.11,107.21,0.0,9.647,0.0,1.655009,1.0,0.0,0.99415344,0.36659244,-0.09144134,-0.5890762,Non-Pulsar
5.54,-18.91,82.08,3.2920115,32.228,-28.165934,1.7882982,0.0,1.2965633,-0.12587012,0.29749346,0.12888998,-0.51221484,Non-Pulsar
5.64,6.13,110.01,5.4774475,61.903,-27.766188,2.0476224,0.0,1.4386158,0.019782504,-0.019865407,-0.11467228,-0.19145206,Non-Pulsar
5.93,-68.34,306.79,3.9769049,14.54,-28.638493,2.7684422,0.0,1.0366167,-0.34233654,-0.51082784,-0.34606257,-2.2802703,Non-Pulsar
5.95,44.95,117.8,4.6216135,24.017,-28.123316,2.3824449,0.0,1.3067524,-0.14288789,-0.18681735,-0.3936822,-0.98436,Non-Pulsar
5.98,16.06,113.34,2.847551,9.319,-28.685238,2.1264398,0.0,0.6177516,0.34742987,0.14692472,0.02167994,-9.071405,Non-Pulsar
6.12,46.8,118.14,3.5307422,4.115,-28.36802,2.7393348,0.0,-1.8821591,-0.602575,-0.42597058,-0.1328336,0.024379201,Non-Pulsar
6.14,-8.18,103.12,4.1001716,3.985,-28.61317,2.6370428,0.0,0.82214737,-0.36903384,-0.010240103,-0.76650286,1.1884824,Non-Pulsar
6.2,3.83,110.18,4.68393,5.278,-28.595537,2.4535725,0.0,-0.85749143,0.9963365,-0.258533,-0.22333367,-0.056734424,Non-Pulsar
6.3,-22.53,69.2,2.2737932,3.578,-28.999186,2.1473312,0.0,-1.6348245,0.83229154,-0.883793,0.8102344,0.46805164,Non-Pulsar
6.44,-48.02,314.72,4.6066885,13.456,-28.40307,2.0337107,0.0,0.8293854,0.940581,0.051692523,-0.0926179,-0.47676146,Non-Pulsar
6.65,-46.02,315.92,0.0,13.242,0.0,1.9971744,1.0,0.0,0.20611237,-0.07165223,0.043263253,0.16324516,Non-Pulsar
7.04,75.1,121.4,2.306295,12.069,-28.47937,1.9541454,0.0,1.1272414,-0.18029019,0.30010074,-0.053828083,-0.37250555,Non-Pulsar
7.13,20.02,115.61,8.878791,89.213,-27.727962,2.095452,0.0,2.2776685,0.030051854,-0.08436785,-0.21656609,-0.4446446,Non-Pulsar
7.22,-1.2,110.2,2.932977,4.079,-28.856459,2.110465,0.0,-1.6645066,-0.30685934,-0.42433923,0.28813887,0.52067536,Non-Pulsar
7.23,35.89,117.82,2.8833075,11.37,-28.65463,2.183843,0.0,-0.55207264,-0.09217617,-0.2604714,0.2951157,-0.059214067,Non-Pulsar
7.25,-70.74,305.6,4.1530914,19.135,-28.65608,2.3062565,0.0,-0.15613693,-0.32457936,-0.08050173,-0.011747247,-1.7262273,Non-Pulsar
7.37,20.87,116.05,3.0804381,9.746,-28.852692,1.592214,0.0,1.1415633,-0.9936135,0.9994309,0.5086328,0.11684736,Non-Pulsar
7.55,0.03,111.43,2.9593027,5.12,-28.872677,2.1695535,0.0,-0.41415653,0.72784746,-0.36416823,0.014504927,0.47516948,Non-Pulsar
7.56,-16.8,96.47,3.7334898,14.667,-28.515102,1.5226724,0.0,0.9314496,0.9999822,0.7898917,0.22814903,0.10316265,Non-Pulsar
7.6,-42.41,317.27,6.3010426,52.354,-28.152145,2.3677027,0.0,1.5117584,-0.1705105,-0.2078751,-0.32640845,-0.8455098,Non-Pulsar
7.66,-2.2,110.74,6.783891,53.719,-27.975454,2.3032675,0.0,1.8392406,-0.10313296,-0.22670238,-0.23368932,-0.6624131,Non-Pulsar
7.83,7.44,114.2,2.7977517,8.389,-28.785576,1.9382379,0.0,0.47666243,-0.7570771,0.8486671,-0.25502706,3.8982942,Non-Pulsar
8.08,-55.37,308.64,5.77436,13.041,-28.675375,2.171118,0.0,1.0684354,0.36694798,-0.12092008,-0.36615786,-0.23751226,Non-Pulsar
8.11,-28.82,9.85,3.2973452,6.955,-28.921219,2.3752236,0.0,0.039232023,0.057881843,-0.031897534,-0.42881393,2.2259972,Non-Pulsar
8.15,-47.4,312.02,2.678726,5.595,-29.149511,1.6941252,0.0,0.38028494,0.9892147,0.17356503,0.36399233,0.38215035,Non-Pulsar
8.35,-20.67,89.42,2.2575548,6.026,-29.026388,1.6612482,0.0,0.08482034,-0.9996129,0.99966216,0.24162322,-4.698827,Non-Pulsar
8.4,-19.36,94.19,4.624113,76.818,-27.513372,1.5959458,0.0,1.9651873,0.46178627,0.22181919,0.19019048,0.27591163,Non-Pulsar
8.48,38.97,119.21,3.4970715,11.054,-28.66212,2.2925646,0.0,0.46738365,-0.1288426,0.0798989,-0.35933095,2.673488,Non-Pulsar
8.51,-41.27,316.0,4.954824,14.901,-28.476543,2.6104681,0.0,0.47145873,-0.2980199,-0.42160332,-0.36710533,0.29612082,Non-Pulsar
8.75,-57.47,307.29,2.7094226,7.231,-28.67143,2.4384782,0.0,0.7229943,-0.2706926,-0.09825416,-0.48892555,2.0102777,Non-Pulsar
8.81,15.24,117.15,3.662798,36.551,-27.926683,1.6675843,0.0,1.4795593,0.026143778,0.29210135,0.15660118,0.1300324,Non-Pulsar
8.96,-8.63,110.92,3.8208466,9.021,-28.841873,1.9720685,0.0,0.9693621,0.99998915,0.12547874,0.1544274,0.046242382,Non-Pulsar
8.97,61.52,121.08,3.545155,7.122,-27.520191,2.621857,0.0,0.4794645,-0.38039362,-0.4193713,-0.34098142,-0.4140538,Non-Pulsar
8.98,59.83,120.98,5.785595,69.934,-27.526087,1.6634133,0.0,1.3722887,0.10305691,0.136299,0.22620445,0.33182535,Non-Pulsar
9.22,14.53,117.64,0.0,4.909,0.0,2.3721178,1.0,0.0,0.99241066,-0.29140592,-0.18416469,0.17088056,Non-Pulsar
9.23,18.54,118.14,4.746957,10.179,-28.53928,2.422608,0.0,0.23915532,-0.14892244,-0.18534729,-0.42097297,-0.677967,Non-Pulsar
9.4,36.9,119.86,2.9326398,7.052,-28.623003,2.3788838,0.0,0.40430492,0.32437184,-0.2386193,0.00012960148,-0.6489738,Non-Pulsar
9.47,12.65,117.77,0.0,23.327,0.0,2.1779027,1.0,0.0,-0.18657227,-0.13979368,-0.057867344,0.12507203,Non-Pulsar
9.48,26.2,119.16,2.5048919,7.23,-28.681808,2.4457152,0.0,-0.44508478,-0.29717967,-0.17136231,-0.37307358,-1.3236955,Non-Pulsar
9.54,0.21,115.73,2.8217864,18.241,-28.510668,1.9738592,0.0,0.5145039,0.12172751,0.03563733,0.12194394,-0.17597605,Non-Pulsar
9.56,-24.99,67.94,8.321979,97.558,-27.828373,2.137574,0.0,2.1587615,0.029261556,-0.14204039,-0.131483,-0.25651747,Non-Pulsar
9.69,-2.07,115.49,2.9818547,7.96,-28.204473,2.6070037,0.0,0.85849035,-0.15068705,-0.4830922,-0.56094414,0.4370478,Non-Pulsar
9.76,-9.78,112.76,3.1162782,12.126,-28.558952,2.7599013,0.0,0.4494639,-0.24100772,-0.5233409,-0.42549378,0.40782234,Non-Pulsar
9.78,-22.33,92.03,2.7253585,12.513,-28.671162,1.784351,0.0,-0.9362325,-0.34657702,0.44731632,0.1437768,-0.6204752,Non-Pulsar
9.8,43.51,120.58,3.4899557,9.553,-28.750362,1.9554095,0.0,0.7351463,0.69865996,0.15322599,-0.0061990605,0.20428778,Non-Pulsar
10.1,40.84,120.68,2.8552139,10.817,-28.693897,1.8841169,0.0,-0.61368316,0.09610155,-0.1640917,0.09952242,0.42973122,Non-Pulsar
10.1,-23.67,86.55,3.3809772,8.099,-28.799356,2.273834,0.0,0.35370645,-0.24141608,-0.029832019,-0.49554443,14.381526,Non-Pulsar
10.24,32.05,120.35,3.044167,4.55,-28.70415,2.3667543,0.0,0.00040093967,-0.25821495,-0.070672795,-0.27633417,-114.78071,Non-Pulsar
10.34,60.88,121.71,1.9958633,12.913,-27.471636,2.9930482,0.0,1.9719602,0.72184545,-0.41594404,-0.845947,-6.9237204,Non-Pulsar
10.37,38.01,120.77,2.8143833,7.38,-28.874748,1.9725727,0.0,-0.5459709,-0.44046056,0.20179465,-0.50834227,-0.90284735,Non-Pulsar
10.44,-16.12,110.91,2.857899,5.332,-29.104916,1.7600175,0.0,0.31575623,0.9993408,0.79516524,-0.2962994,0.590145,Non-Pulsar
10.48,-47.05,307.67,2.1401784,7.402,-29.078894,1.4714915,0.0,0.7856135,0.96346366,0.99992436,0.31130275,0.1934363,Non-Pulsar
10.51,36.67,120.83,2.058731,7.271,-28.851357,2.0401893,0.0,-0.4768813,0.99994224,-0.6936404,0.5144474,0.5964311,Non-Pulsar
10.56,23.33,120.19,3.1111512,16.854,-28.564447,2.2201,0.0,0.12526064,-0.43194777,0.03807921,-0.17967165,-3.6499095,Non-Pulsar
10.88,-4.7,117.76,0.0,9.824,0.0,2.061948,1.0,0.0,-0.18859248,-0.03863231,-0.057470392,0.049314123,Non-Pulsar
10.91,22.39,120.56,0.0,6.417,0.0,2.3270266,1.0,0.0,0.99996316,-0.11623324,-0.23681173,-0.81083024,Non-Pulsar
10.93,-11.28,116.02,2.9290879,11.949,-28.660316,1.6512653,0.0,0.9209224,-0.42992237,0.38051945,0.26916334,0.025033249,Non-Pulsar
10.97,34.43,121.16,5.842101,67.485,-27.65449,1.8453526,0.0,1.7521396,0.13904114,0.082193375,0.082293324,0.051761407,Non-Pulsar
11.07,-84.4,303.14,4.099404,6.088,-28.426258,2.6063538,0.0,-1.0700773,-0.13669041,-0.36546937,-0.5374518,-0.058122437,Non-Pulsar
11.22,68.04,122.32,3.727655,13.439,-27.57872,2.519627,0.0,1.000026,0.09955722,-0.35705188,-0.2924352,0.4271624,Non-Pulsar
11.23,45.89,121.75,2.3858683,5.629,-28.613243,2.4884741,0.0,0.049865942,-0.15780453,-0.24309056,-0.21245289,-1.5708182,Non-Pulsar
11.29,-37.11,310.09,5.2670503,17.578,-28.754879,2.555132,0.0,0.36060116,-0.26380444,-0.24898025,-0.51805604,10.478279,Non-Pulsar
11.34,21.47,121.05,5.5433774,47.787,-27.827858,1.6793745,0.0,1.3794137,0.13577515,0.2009064,0.19707163,0.1900965,Non-Pulsar
11.43,12.29,120.73,4.0961847,32.642,-28.116407,1.9494241,0.0,0.16233423,-0.018602535,0.076752625,0.017255232,0.055687148,Non-Pulsar
11.75,56.96,122.33,4.822123,21.446,-28.02938,2.0362885,0.0,1.0656846,0.23479822,-0.034584217,0.068037264,0.10481096,Non-Pulsar
11.78,-62.05,303.82,2.7010734,3.637,-28.60576,3.0413816,0.0,0.90075886,-0.6546006,-0.9998631,0.99820536,0.64182335,Non-Pulsar
11.98,39.8,122.19,0.0,27.24,0.0,1.981125,1.0,0.0,-0.22394365,0.066569634,-0.059721347,0.21956672,Non-Pulsar
11.99,54.8,122.42,0.0,7.267,0.0,1.7160591,1.0,0.0,0.9752575,-0.40570855,0.6587663,0.47244743,Non-Pulsar
12.0,22.56,121.89,4.9078455,10.303,-28.109009,2.4202042,0.0,-0.56976104,0.007178597,-0.31690666,-0.11756133,0.19633462,Non-Pulsar
12.17,-24.45,109.73,2.5859358,10.618,-28.813772,2.0859287,0.0,0.5274964,0.40080172,-0.0026609967,-0.024570014,-0.2252178,Non-Pulsar
12.25,22.87,122.2,2.550538,8.034,-28.312521,2.2760062,0.0,-0.939968,-0.2519629,-0.32917336,-0.116999455,0.38519052,Non-Pulsar
12.28,42.39,122.47,2.5486002,6.721,-28.877089,1.9310629,0.0,0.414216,-0.22367896,-0.07173375,0.37842906,0.21427521,Non-Pulsar
12.31,62.46,122.68,1.1974719,4.248,-27.733255,2.3391886,0.0,-0.292474,-0.23290877,-0.40878707,0.23318738,0.525811,Non-Pulsar
12.36,-54.04,303.58,3.222951,13.842,-28.885818,2.1858766,0.0,0.57934433,-0.1657367,0.032889925,-0.058978904,-2.230559,Non-Pulsar
12.4,-41.85,304.29,2.2239766,6.202,-28.974783,2.05724,0.0,-0.19739185,0.8597038,0.019347277,0.0110464655,0.102516845,Non-Pulsar
12.42,-45.01,303.95,2.9788992,8.885,-28.7912,2.6896482,0.0,-0.41083091,-0.3608367,-0.37479967,-0.39696783,-0.75379246,Non-Pulsar
12.44,2.63,122.08,5.5705485,54.94,-27.955864,1.9839023,0.0,1.8232051,0.1301143,-0.008610008,-0.050257877,-0.23618558,Non-Pulsar
12.52,-57.62,303.29,6.8542747,44.945,-28.230085,2.3807728,0.0,1.0923693,-0.16245098,-0.2515908,-0.33250976,-0.034730773,Non-Pulsar
12.61,-4.88,122.28,5.4951067,30.092,-28.115952,2.2545953,0.0,1.2638345,-0.011855476,-0.18324812,-0.169575,-0.32333893,Non-Pulsar
12.68,-9.49,122.33,5.140717,87.664,-27.534534,1.923501,0.0,1.7989997,0.0939797,0.046505556,-0.024427986,-0.052798886,Non-Pulsar
12.72,-34.47,303.84,0.0,3.933,0.0,1.9453152,1.0,0.0,0.9731098,0.108331904,-0.47403958,0.14584377,Non-Pulsar
12.78,-6.81,122.71,5.2398553,28.417,-28.18105,2.3011613,0.0,1.5465511,-0.09927852,-0.1981793,-0.36119518,-0.5170015,Non-Pulsar
12.82,-62.7,302.96,5.1436157,69.563,-27.789446,1.5880969,0.0,1.8861179,0.65434986,0.2597682,0.2145198,0.25020793,Non-Pulsar
12.88,-42.35,302.88,5.138888,17.511,-28.530344,2.5713918,0.0,1.4285648,-0.23308165,-0.43930086,-0.6388468,-3.2876687,Non-Pulsar
13.25,-66.74,302.69,2.4581845,9.54,-29.071224,2.056171,0.0,-0.3632541,0.17097436,-0.3724678,0.14672694,0.6038712,Non-Pulsar
13.61,86.45,122.98,3.5044582,12.259,-28.189436,2.729814,0.0,1.1485842,-0.2553196,-0.37411913,-0.645483,-1.1033982,Non-Pulsar
13.69,-24.93,141.99,3.2714272,35.678,-28.037373,1.6337878,0.0,1.201936,0.21780036,0.23064448,0.21658286,0.24224468,Non-Pulsar
13.7,-19.91,129.23,3.4437761,4.262,-28.888176,2.3913615,0.0,0.11117603,-0.052898455,-0.015137118,-0.3093481,2.1400092,Non-Pulsar
13.78,-12.32,126.45,5.5751495,27.361,-28.362267,2.1882546,0.0,1.4123268,-0.012974946,-0.10388135,-0.30734015,-0.6126736,Non-Pulsar
14.09,-9.6,126.95,3.7553642,31.173,-28.1392,1.8780916,0.0,0.5242491,0.25611177,0.11042895,0.11156031,-0.12511262,Non-Pulsar
14.12,-21.3,134.36,3.6863592,37.179,-28.16598,1.7502314,0.0,1.688071,0.26798233,0.16564511,0.13721389,-0.018557189,Non-Pulsar
14.15,-39.61,298.36,2.5226645,5.834,-29.089037,2.163942,0.0,0.5947933,0.6352199,0.14782406,-0.12634394,3.7346604,Non-Pulsar
14.15,-44.87,299.92,2.7069564,8.826,-28.837252,2.106327,0.0,0.75291145,0.68155134,0.061491173,-0.4934991,-2.8507688,Non-Pulsar
14.16,-53.3,301.17,3.489585,11.444,-28.967703,2.1607425,0.0,0.45560265,-0.040496137,-0.15382181,0.20823438,-0.35507962,Non-Pulsar
14.2,16.44,124.8,0.0,6.041,0.0,2.273372,1.0,0.0,-0.5712523,-0.32865995,0.21820182,0.31398794,Non-Pulsar
14.25,41.02,124.06,2.9363394,5.626,-28.948265,2.0979626,0.0,0.5918046,-0.8301681,0.9954646,-0.4074526,1.5048316,Non-Pulsar
14.34,22.27,124.74,2.9578576,7.82,-28.786156,2.1136773,0.0,0.08374969,0.23501313,0.17377263,-0.35491872,4.1397486,Non-Pulsar
14.45,30.4,124.56,2.3457966,11.878,-28.582111,2.3941336,0.0,-3.092775,-0.08791071,-0.3052079,-0.17568654,0.19596945,Non-Pulsar
14.51,-5.66,127.41,4.284701,16.019,-28.399996,2.4525738,0.0,0.14473651,-0.15414765,-0.23138851,-0.23074996,-2.5729399,Non-Pulsar
14.51,-32.57,288.56,4.4463344,45.37,-28.19482,1.9222363,0.0,1.8499854,0.15777579,0.098505005,-0.1348433,-0.331857,Non-Pulsar
14.58,17.39,125.27,2.2588599,4.636,-29.096542,1.5155816,0.0,0.5996946,-0.99590904,0.9995478,0.9358223,0.6732082,Non-Pulsar
14.61,33.25,124.62,4.4066434,7.485,-28.903301,1.9687988,0.0,0.8216111,-0.34403437,0.3543847,-0.14692067,-0.57187384,Non-Pulsar
14.65,-11.68,129.49,2.072649,6.306,-28.908482,2.0087156,0.0,-0.40428373,0.9731296,0.52278185,-0.036310516,12.8687935,Non-Pulsar
14.81,0.12,127.18,0.0,6.726,0.0,2.5419896,1.0,0.0,-0.05115822,-0.52372557,0.013259756,0.5122622,Non-Pulsar
14.84,-1.87,127.55,2.436334,13.494,-28.56043,1.8286432,0.0,-0.34331945,-0.16427681,-0.25814798,0.42294815,0.5192949,Non-Pulsar
14.88,-35.21,291.35,2.93484,10.8,-29.073442,1.6856999,0.0,1.1106921,0.96362305,0.29727644,0.18467696,0.14004073,Non-Pulsar
14.89,-33.64,288.4,0.0,5.695,0.0,2.8047664,1.0,0.0,-0.57368237,-0.3069392,-0.30612993,-3.594479,Non-Pulsar
15.09,7.76,126.8,4.199726,50.529,-27.847698,1.7592584,0.0,1.885527,0.4189175,0.19659391,0.066403374,-0.04161812,Non-Pulsar
15.26,-0.99,128.37,2.9948618,6.286,-28.51227,2.387419,0.0,-1.9172038,-0.49754354,-0.2151766,0.049598973,-0.14255144,Non-Pulsar
15.33,-80.32,302.41,2.9762416,4.793,-28.511194,2.7389755,0.0,0.08703501,-0.32447782,-0.30543417,-0.36865827,2.645888,Non-Pulsar
15.45,-54.93,299.75,2.4785092,6.313,-29.180685,1.769454,0.0,-0.26921964,0.96489763,-0.44363746,0.47761256,0.5785838,Non-Pulsar
15.47,-75.73,302.07,0.0,4.27,0.0,2.599173,1.0,0.0,-0.2642155,-0.4601968,-0.83678234,0.86037695,Non-Pulsar
15.52,16.65,126.62,2.8747663,7.084,-28.760538,2.1773393,0.0,0.12647793,0.14094283,0.1588337,-0.1029253,-0.707845,Non-Pulsar
15.54,58.78,124.32,3.0107334,5.193,-27.627333,2.313264,0.0,-0.56021494,0.07485255,-0.51181924,0.050492454,0.34482008,Non-Pulsar
15.61,42.24,125.1,5.2403207,14.902,-28.3977,2.602968,0.0,1.0058593,-0.28782633,-0.5253753,-0.42243788,0.49639884,Non-Pulsar
15.61,9.71,127.44,2.9340572,6.981,-28.474543,2.1611671,0.0,-0.29450002,-0.36567563,-0.22583893,0.2162606,0.4239016,Non-Pulsar
15.66,-56.66,299.82,2.875274,7.859,-28.7968,2.0833402,0.0,0.52844226,-0.3483594,0.25520152,-0.1827297,-2.252112,Non-Pulsar
15.69,-20.03,143.62,3.0686777,5.26,-29.088999,1.6965084,0.0,0.55337286,0.2378241,-0.044700444,0.41549945,0.7598025,Non-Pulsar
15.7,58.41,124.42,6.8595967,59.445,-27.216228,2.288061,0.0,1.7828987,-0.02363363,-0.0878419,-0.21809632,-0.28722346,Non-Pulsar
15.78,49.91,124.86,3.612331,7.72,-28.151133,2.5853665,0.0,-0.07805703,-0.20822471,-0.3791341,-0.16480914,-0.3339472,Non-Pulsar
15.88,15.43,127.23,1.7802958,8.743,-28.66143,2.1993947,0.0,-0.26697934,0.18750481,-0.19498473,-0.05125454,0.05805376,Non-Pulsar
15.88,53.63,124.75,3.8551674,26.588,-28.145351,1.6934736,0.0,1.0049614,0.98284763,0.50231016,0.09043596,-0.09935494,Non-Pulsar
15.97,13.35,127.58,3.8745136,9.098,-28.751625,2.103075,0.0,0.45651335,-0.11473617,0.035232805,0.08510575,-0.57952416,Non-Pulsar
16.21,-24.28,170.38,4.5590916,16.463,-28.544292,2.5307472,0.0,0.89690846,-0.13942412,-0.34380487,-0.59398574,-9.531743,Non-Pulsar
16.29,39.5,125.81,5.278719,23.681,-28.340464,2.2372675,0.0,0.8910803,-0.24912636,-0.11777665,-0.11657807,-0.64953697,Non-Pulsar
16.4,19.21,127.54,3.360172,2.943,-28.873215,2.3,0.0,0.23927441,-0.22967331,-0.07014685,-0.04485387,-0.6851555,Non-Pulsar
16.48,34.06,126.36,4.248786,5.791,-28.540627,2.7534559,0.0,-0.2305642,-0.15196899,-0.58807695,-0.706896,0.83993584,Non-Pulsar
16.61,48.93,125.47,1.8393383,65.729,-28.003967,1.704475,0.0,2.8740344,0.25326708,0.27723098,-0.059899528,-0.4610763,Pulsar
16.74,-48.53,295.94,0.0,5.263,0.0,2.4018738,1.0,0.0,-0.48608765,0.05546091,-0.008244808,-9.587365,Non-Pulsar
16.83,-12.18,137.68,3.0086887,8.769,-28.74127,2.2591462,0.0,-0.16263404,-0.23935671,-0.1595156,0.025021056,-0.9469831,Non-Pulsar
16.85,3.57,130.7,4.1030073,8.75,-28.708027,2.1854582,0.0,-0.049306057,-0.21421984,-0.041846864,-0.12735526,-1.0094296,Non-Pulsar
16.91,49.84,125.61,0.0,5.432,0.0,2.2656782,1.0,0.0,0.47207493,-0.14983062,-0.20836723,-0.062837705,Non-Pulsar
17.03,-0.66,132.22,2.5700777,8.11,-28.338568,2.6504521,0.0,0.45716077,-0.11379127,-0.36738813,-0.3845924,-0.8095605,Non-Pulsar
17.17,1.58,131.84,9.584418,216.546,-27.269014,2.2374833,0.0,3.0670161,-0.07447359,-0.20753841,-0.3068379,-0.81308746,Non-Pulsar
17.3,18.26,128.83,2.697984,25.097,-28.183582,1.9038954,0.0,1.0412631,-0.08323351,0.19945826,-0.008548468,-0.19709168,Non-Pulsar
17.33,24.02,128.17,3.129888,8.265,-28.712679,2.095467,0.0,-0.49980092,0.016471244,-0.24376954,0.24867275,0.24785939,Non-Pulsar
17.44,61.56,125.11,6.990646,34.527,-27.237461,2.6598241,0.0,1.9291034,-0.13160199,-0.35112783,-0.48458764,-0.06278577,Non-Pulsar
17.52,-40.32,287.83,2.9449742,12.361,-28.815598,1.8008773,0.0,0.16952944,0.550296,0.49226716,0.12377391,-0.69183713,Non-Pulsar
17.55,68.1,124.69,3.337704,46.398,-27.844162,1.9886951,0.0,0.0995291,-0.080512226,-0.025246508,0.025978805,0.19576915,Non-Pulsar
17.56,41.86,126.68,0.0,5.962,0.0,1.8334662,1.0,0.0,0.99919546,-0.3086408,-0.036131743,0.5833644,Non-Pulsar
17.58,-4.53,135.03,3.157729,5.364,-28.63336,2.3668318,0.0,-0.2615542,-0.39707634,-0.10722827,-0.4467377,-2.397392,Non-Pulsar
17.69,-12.91,141.53,2.896704,12.511,-28.659225,1.9899724,0.0,-1.1705029,0.40230045,-0.06674897,-0.08638233,0.23394954,Non-Pulsar
17.73,43.75,126.65,0.0,7.491,0.0,2.3186898,1.0,0.0,0.35584253,-0.39423236,-0.33015648,0.7004316,Non-Pulsar
17.86,-73.07,300.91,2.259745,4.805,-28.830698,2.1697872,0.0,0.4573175,0.9999999,0.08059779,-0.11906211,6.6040435,Non-Pulsar
17.86,5.58,132.08,2.8278067,6.302,-28.901722,1.922011,0.0,0.09691986,0.993864,-0.23739345,0.54626185,0.13695644,Non-Pulsar
17.9,-25.78,197.39,3.2890928,5.056,-28.698423,2.671427,0.0,-1.0480297,-0.008788436,-0.25628477,-0.25619623,5.843866,Non-Pulsar
18.02,-66.58,299.71,3.6113765,14.941,-28.67521,2.6854253,0.0,1.0565163,-0.4301945,-0.30078572,-0.65099186,1.8027587,Non-Pulsar
18.03,22.75,129.15,6.910213,155.201,-27.27199,1.9909561,0.0,2.2477362,0.037394047,0.012084937,-0.06807504,-0.27050927,Non-Pulsar
18.03,-3.36,135.57,3.2835867,6.812,-28.421364,2.4949648,0.0,0.675628,-0.19519134,-0.23197219,-0.72402847,1.7216837,Non-Pulsar
18.16,-31.97,260.63,2.7179372,5.594,-29.121655,2.013326,0.0,0.5997008,-0.05668318,0.3305602,0.25478342,-0.08029362,Non-Pulsar
18.2,-75.1,301.09,2.5479324,17.964,-28.451307,1.8642792,0.0,0.7958439,0.25683963,0.17969416,0.06046833,0.021628587,Non-Pulsar
18.21,-2.9,135.77,2.7245808,4.203,-28.846577,2.0622973,0.0,0.6613484,-0.78943074,0.99875116,0.14152081,14.451773,Non-Pulsar
18.22,32.14,128.2,7.151289,70.553,-27.957577,2.2545488,0.0,1.7680372,-0.10258496,-0.16385484,-0.27406847,-0.83219033,Non-Pulsar
18.29,-35.89,276.48,5.126105,21.272,-28.61813,2.332801,0.0,0.9828812,-0.14958248,-0.13540795,-0.47336528,10.409279,Non-Pulsar
18.37,49.81,126.58,6.195238,38.742,-27.928513,2.1440096,0.0,1.3507583,0.089336164,-0.048757948,-0.16649707,-0.26697382,Non-Pulsar
18.43,2.42,134.1,0.0,11.205,0.0,2.6769228,1.0,0.0,-0.38044527,-0.41514897,-0.27596408,0.089317486,Non-Pulsar
18.52,64.3,125.38,3.8422112,7.594,-27.938183,2.132163,0.0,0.28572592,-0.5959053,0.020844894,0.1943876,0.39462882,Non-Pulsar
18.71,13.43,131.63,4.444343,37.649,-28.18593,2.0986667,0.0,0.42869622,-0.0021010228,-0.047146183,-0.030126652,-0.30092278,Non-Pulsar
18.74,-34.01,268.03,0.0,10.511,0.0,1.6899698,1.0,0.0,-0.17535706,0.22328082,-0.07670234,0.40507418,Non-Pulsar
18.78,26.37,129.51,3.3327253,5.729,-28.641668,2.213073,0.0,-0.16384377,0.99446875,-0.08981884,-0.27589712,-0.8850063,Non-Pulsar
18.79,-1.5,136.43,4.321731,13.948,-28.390417,2.6467783,0.0,0.4466037,-0.30357084,-0.49175048,-0.4643505,0.6308621,Non-Pulsar
18.91,-56.9,296.34,1.4473482,4.561,-29.322865,1.6842656,0.0,-0.3768616,0.9967815,-0.57324135,0.529116,0.6957995,Non-Pulsar
18.91,3.95,134.51,3.5587618,41.881,-27.924204,1.9215286,0.0,1.5429012,0.3898827,0.07382215,-0.07567229,-0.1842961,Non-Pulsar
18.95,25.33,129.85,5.82195,47.701,-27.910908,1.9143653,0.0,0.15147744,0.035589058,0.019699918,0.05753834,0.20722084,Non-Pulsar
19.0,-11.61,144.5,5.7904177,30.647,-28.440937,2.4031923,0.0,0.42698184,-0.10871221,-0.32709467,-0.15901351,0.14496371,Non-Pulsar
19.0,-27.76,220.94,3.0535536,10.928,-28.751703,1.885292,0.0,0.47664452,-0.6038174,0.7692521,0.006674556,-0.37804198,Non-Pulsar
19.06,-61.89,297.84,2.7393298,15.64,-28.796747,1.7490182,0.0,0.7746913,0.99573094,0.34475037,-0.055644214,0.13133939,Non-Pulsar
19.13,-28.2,225.3,3.2338915,6.046,-28.771341,2.2000918,0.0,-1.4227166,-0.2299893,-0.2906607,-0.1652511,0.238868,Non-Pulsar
19.15,-30.78,248.03,2.777832,4.712,-28.84624,2.6264517,0.0,0.04974368,-0.24496727,-0.16481195,-0.6874118,1.2953368,Non-Pulsar
19.39,-24.71,192.05,0.0,3.959,0.0,2.0070355,1.0,0.0,-0.6654098,-0.9115116,0.9498899,0.5290028,Non-Pulsar
19.45,-21.16,169.56,5.8503547,26.499,-27.742163,2.2357516,0.0,1.1971414,0.38526273,-0.20487556,-0.20001034,0.09679923,Non-Pulsar
19.69,-8.81,143.62,3.5980315,8.304,-28.550318,2.7323346,0.0,0.91554946,-0.36912185,-0.33182254,-0.604244,2.3975048,Non-Pulsar
19.73,-21.69,173.41,6.269649,57.702,-27.608704,2.2946575,0.0,1.5060929,-0.19603609,-0.1292421,-0.1680789,-0.5933864,Non-Pulsar
19.76,-14.98,152.19,2.5280302,17.842,-28.39558,1.5591315,0.0,0.9049155,0.19308795,0.22678295,0.28578246,0.24998526,Non-Pulsar
19.87,-53.92,293.91,0.0,10.088,0.0,2.3493378,1.0,0.0,-0.4964487,-0.054043453,-0.090009265,-1.2621822,Non-Pulsar
19.92,41.98,128.53,2.2164917,4.399,-28.728416,2.3699274,0.0,0.39931107,-0.29176432,-0.1240726,-0.058394287,-4.059899,Non-Pulsar
20.0,40.89,128.73,2.338581,3.052,-28.976772,2.207716,0.0,0.25088614,0.99846685,0.23930208,-0.008217133,-2.25402,Non-Pulsar
20.12,-27.02,213.65,3.942255,91.17,-27.54416,1.8276141,0.0,1.5954311,0.10699678,0.11722815,0.08333596,-0.018803881,Non-Pulsar
20.44,51.89,127.68,2.52746,5.281,-28.759897,1.7919906,0.0,0.26030153,-0.7251086,0.9999351,0.14078476,7.003546,Non-Pulsar
20.47,11.8,134.66,2.3326926,4.344,-28.960978,2.0146165,0.0,-0.40368506,0.9443178,0.37365395,0.018342538,-0.6715725,Non-Pulsar
20.47,-39.27,277.27,2.93825,15.483,-28.78655,1.9275442,0.0,0.38977495,0.17361048,0.05898111,0.13436274,-0.15606198,Non-Pulsar
20.53,-30.07,238.33,2.1007874,5.396,-29.13994,1.4475635,0.0,0.330095,0.92654186,-0.57903594,0.59232986,0.73322964,Non-Pulsar
20.79,34.35,130.35,3.0145895,15.223,-28.574375,1.6909957,0.0,-0.12608726,0.97721595,-0.5573167,0.631462,0.5871033,Non-Pulsar
20.93,42.16,129.31,0.0,5.264,0.0,1.8932304,1.0,0.0,-0.18275872,-0.124381095,-0.48823473,0.65784204,Non-Pulsar
20.94,-23.19,186.41,3.3183959,24.637,-28.365065,1.8547863,0.0,0.38413715,0.9995221,0.14682221,0.03402215,-0.18443334,Non-Pulsar
21.22,-6.43,145.44,4.072192,9.006,-28.736145,2.2386196,0.0,0.11699043,0.07681403,-0.12648195,-0.18474975,-0.6393021,Non-Pulsar
21.33,-51.21,290.28,1.891075,5.328,-28.705849,2.6975021,0.0,-0.21750195,-0.31087515,-0.37172285,-0.29416385,-1.4013522,Non-Pulsar
21.35,-25.81,204.98,4.463733,28.198,-28.334745,2.046797,0.0,1.1273422,0.07409588,-0.013795669,-0.046307396,-0.37622586,Non-Pulsar
21.37,32.01,131.29,3.1973107,4.041,-28.368975,2.8849206,0.0,0.14349408,-0.43973956,-0.5487799,-0.36506647,0.35295436,Non-Pulsar
21.43,-0.27,141.37,2.4717636,7.814,-28.522472,2.9011831,0.0,0.29503378,-0.6047033,-0.3750768,-0.71304077,4.1439686,Non-Pulsar
21.47,26.09,132.52,2.6404133,5.008,-28.129921,2.4926414,0.0,-1.757932,-0.7579286,0.055077758,-0.30835935,5.231126,Non-Pulsar
21.52,-22.36,183.59,5.011127,13.152,-28.44084,2.4385338,0.0,0.88647133,-0.24371196,-0.1761302,-0.57597363,3.3647387,Non-Pulsar
21.65,-15.88,160.68,2.3701355,4.611,-28.747366,2.5429344,0.0,-0.5413954,-0.40790135,-0.27267355,-0.18967356,-1.9275767,Non-Pulsar
21.78,33.18,131.47,0.0,6.498,0.0,2.0862076,1.0,0.0,0.42918703,-0.15010135,-0.22409768,0.37064683,Non-Pulsar
21.81,-8.33,148.85,2.8831377,25.455,-28.265097,2.0353076,0.0,1.1460353,0.06381136,-0.0007346365,-0.106325805,-0.2482037,Non-Pulsar
21.82,3.41,140.13,4.7061834,17.1,-28.478088,1.9352778,0.0,0.6772358,0.056152817,0.069684006,0.111144446,-0.053086113,Non-Pulsar
21.84,-1.8,143.22,2.5110073,4.238,-28.872585,2.1907659,0.0,0.13209169,0.99976236,0.031185338,-0.9568031,1.043823,Non-Pulsar
21.87,-48.22,286.92,3.7192216,12.751,-28.949484,2.2571228,0.0,-0.34033456,-0.32610467,-0.013614139,-0.09920128,-2.9496355,Non-Pulsar
21.98,48.95,129.08,0.0,7.844,0.0,2.5641038,1.0,0.0,-0.36136368,-0.09329018,-0.42507175,2.3975408,Non-Pulsar
22.05,-17.38,165.87,2.9324744,5.767,-28.598587,2.4768198,0.0,0.025628496,0.2313003,-0.25147367,-0.13045044,-5.09932,Non-Pulsar
22.07,44.0,129.9,3.2198813,3.576,-28.454275,2.610218,0.0,0.4631925,0.06767884,-0.5207351,0.042656925,-0.08547691,Non-Pulsar
22.08,57.17,127.94,0.0,5.857,0.0,2.317836,1.0,0.0,-0.276796,-0.26247123,-0.2430229,0.46841347,Non-Pulsar
22.14,44.68,129.85,3.788033,7.121,-28.783707,2.0633261,0.0,0.70378244,0.07501952,0.16000775,-0.15423724,-0.029297948,Non-Pulsar
22.27,63.21,127.16,1.8711681,9.882,-27.222824,2.8587477,0.0,1.5509524,-0.07442921,-0.4130395,-0.5058538,-0.0763076,Non-Pulsar
22.45,34.62,131.83,2.5594492,10.988,-28.77908,1.739992,0.0,0.947381,0.23713923,0.46502137,-0.00819597,-0.0907117,Non-Pulsar
22.47,14.68,136.67,4.8528814,20.428,-28.336994,2.3711245,0.0,1.1163269,-0.06679094,-0.34435174,-0.34714043,0.35615993,Non-Pulsar
22.62,-21.5,182.7,2.7101402,9.844,-28.877476,1.9858928,0.0,0.11812535,0.9999989,-0.1013144,0.17242199,0.07075806,Non-Pulsar
22.66,18.75,135.69,2.1216424,7.144,-28.803106,2.0773754,0.0,-0.104617745,0.30713895,-0.050958812,0.11235852,0.046200894,Non-Pulsar
22.79,61.34,127.68,4.605877,38.436,-27.833864,1.6731838,0.0,1.449812,0.98439205,0.4149164,0.19981752,0.12865312,Non-Pulsar
22.82,55.78,128.55,2.3006222,16.143,-28.257286,2.1350937,0.0,-0.06259549,0.20933376,-0.1640581,-0.03858183,0.14183381,Non-Pulsar
23.18,-16.91,168.1,5.7671967,65.057,-27.929657,2.247118,0.0,1.8044295,-0.055711873,-0.15161389,-0.2907299,-0.4196722,Non-Pulsar
23.18,-8.07,152.0,2.5520024,9.966,-28.760056,1.6791326,0.0,0.8567279,0.6111917,0.66632247,0.07833181,-0.4823048,Non-Pulsar
23.21,-44.22,279.66,2.5815268,14.525,-28.857483,2.1276338,0.0,-1.1249399,-0.26808783,0.08297993,-0.11553548,-0.94019604,Non-Pulsar
23.22,43.4,130.87,2.9747684,9.887,-28.58441,2.485476,0.0,1.1121119,0.32894257,-0.17195037,-0.535704,0.41838044,Non-Pulsar
23.29,-52.02,288.26,7.281306,59.269,-28.169632,2.251623,0.0,1.8459688,-0.046016626,-0.19982095,-0.26101565,-0.22533885,Non-Pulsar
23.3,-45.56,281.39,2.0538166,5.309,-29.291277,1.756136,0.0,0.48940858,0.99235225,-0.53311026,0.5625639,0.5284038,Non-Pulsar
23.44,-55.45,290.66,2.6829362,5.356,-29.0384,2.3062625,0.0,-1.1222376,-0.6720749,0.20994854,-0.48105985,-4.2431183,Non-Pulsar
23.59,-38.71,267.87,4.322656,12.648,-28.843885,2.5535853,0.0,0.52975535,-0.07720134,-0.37364486,-0.2326496,-0.8857139,Non-Pulsar
23.63,26.63,134.73,2.972152,30.855,-28.052006,1.7240832,0.0,1.377987,-0.07279604,0.076110795,0.2543107,0.2500371,Non-Pulsar
23.76,53.64,129.45,2.461517,6.593,-28.58044,2.4217534,0.0,1.3929849,0.49627593,-0.08202329,-0.7049221,-0.21592465,Non-Pulsar
23.78,2.92,143.94,3.0432618,5.077,-28.894241,1.6916711,0.0,0.068183415,0.7466046,0.9914428,0.09412198,42.69133,Non-Pulsar
23.83,-27.47,217.45,0.0,4.12,0.0,2.2937756,1.0,0.0,0.5619662,-0.32869825,0.09700055,0.1353318,Non-Pulsar
24.14,39.1,132.42,4.0922565,104.149,-27.263958,1.5288177,0.0,2.2303512,0.40937954,0.30192083,0.24392448,0.3136457,Non-Pulsar
24.2,20.54,137.07,2.8396456,4.781,-28.58703,2.6306813,0.0,-0.46331656,-0.4235122,-0.22586639,-0.48967546,2.4763334,Non-Pulsar
24.26,47.86,130.8,7.664164,70.628,-27.792025,2.2075791,0.0,2.0168436,-0.04945199,-0.13429585,-0.19241871,-0.50875527,Non-Pulsar
24.39,8.8,141.8,2.4280477,4.927,-28.529963,2.8292165,0.0,-0.01004539,-0.22399494,-0.6821358,-0.00852231,0.48814607,Non-Pulsar
24.41,-24.52,201.4,6.4065375,38.226,-28.472998,2.4527514,0.0,1.4200215,-0.20867388,-0.30064353,-0.4705121,-4.1166873,Non-Pulsar
24.5,58.25,129.04,4.194933,40.553,-27.962233,1.9565228,0.0,-0.3200821,0.3424255,0.069632635,-0.017774478,-0.013615952,Non-Pulsar
24.51,22.8,136.75,0.0,15.999,0.0,1.9688947,1.0,0.0,-0.4270253,0.12733781,0.025588902,0.040085014,Non-Pulsar
24.64,-46.22,279.98,3.075714,16.476,-28.80326,2.1661005,0.0,0.60139054,0.79615635,-0.18409821,-0.017751692,-0.12298353,Non-Pulsar
24.66,29.39,135.11,4.591247,8.191,-28.505322,2.6827228,0.0,0.1619162,-0.36140335,-0.5801575,-0.06742143,0.5375729,Non-Pulsar
24.76,26.03,136.11,3.2545295,7.856,-28.428068,2.4090736,0.0,0.07081154,0.27564412,0.024472417,-0.49226388,2.3486323,Non-Pulsar
25.16,-7.97,156.52,2.907723,7.608,-28.792585,1.8783762,0.0,0.41143948,-0.17231524,0.033676207,0.13924038,0.35405806,Non-Pulsar
25.17,87.61,123.49,3.6261134,7.038,-28.597677,2.254972,0.0,-1.7703233,-0.11800691,-0.17935105,-0.07611642,0.037477255,Non-Pulsar
25.36,-9.48,159.07,6.9130006,87.573,-27.694263,2.0302002,0.0,1.8773206,0.07203753,-0.034231562,-0.095005326,-0.19634198,Non-Pulsar
25.68,-5.73,154.91,3.250193,6.683,-28.88963,2.2340415,0.0,-0.34987122,-0.5511088,0.2115906,-0.39916047,4.9066424,Non-Pulsar
25.78,-36.37,256.26,6.4305615,34.826,-28.48471,2.2572799,0.0,1.5996842,-0.14055455,-0.18009013,-0.3259089,-0.3418871,Non-Pulsar
25.85,-1.33,150.88,2.952144,3.466,-28.5824,2.5622451,0.0,0.3734134,-0.60634774,-0.9999618,0.9999247,0.7276993,Non-Pulsar
25.9,-31.95,239.08,3.6239474,9.924,-28.830233,2.4516993,0.0,-1.1634767,-0.079715125,-0.33953702,-0.33659962,0.2352237,Non-Pulsar
25.95,-58.77,290.46,4.4960604,45.685,-28.116789,1.760928,0.0,0.78438234,0.031673882,0.16804887,0.08780862,0.1764582,Non-Pulsar
26.15,27.09,137.28,6.0099263,111.309,-27.502203,2.030523,0.0,2.372681,0.068651356,-0.0223648,-0.08374685,-0.3221023,Non-Pulsar
26.26,-27.54,217.97,6.871069,26.445,-28.560242,2.4587452,0.0,1.3071005,-0.259019,-0.27074608,-0.6619342,3.3124087,Non-Pulsar
26.48,23.33,138.83,3.2638142,7.194,-28.462694,2.3955083,0.0,0.19152744,0.0919461,-0.18755974,-0.31675997,-1.9250901,Non-Pulsar
26.52,-67.77,295.18,3.9112144,21.652,-28.572113,1.9235342,0.0,0.95121306,0.07221236,0.18942976,-0.006467499,-0.8008207,Non-Pulsar
26.59,46.11,132.78,2.4635367,10.493,-28.602226,2.2955208,0.0,-0.047499366,0.038294006,-0.07294479,-0.0949739,-2.8086622,Non-Pulsar
26.73,-52.05,283.99,2.149526,15.894,-28.696308,1.836769,0.0,0.99481624,0.36174145,0.18491009,0.05370248,0.0204148,Non-Pulsar
26.9,15.8,142.2,2.9260936,4.97,-28.613533,2.435945,0.0,-1.1487874,-0.59890836,-0.09820847,-0.35609934,0.44405273,Non-Pulsar
26.92,-60.48,290.79,2.3756654,5.792,-29.21939,1.8969439,0.0,0.5665168,0.9986194,0.8936975,0.11515124,-1.0189649,Non-Pulsar
26.92,-8.42,160.97,4.635523,11.39,-28.59053,2.3709593,0.0,-0.22564693,-0.16239734,-0.23655911,-0.20473146,-0.37633765,Non-Pulsar
26.93,-13.37,169.41,2.5425096,3.934,-29.069502,2.1228528,0.0,0.5638325,-0.34294498,-0.123322666,0.32027602,-0.16421187,Non-Pulsar
27.06,52.02,131.75,3.209889,23.294,-28.291965,1.6650268,0.0,1.0483342,0.9998702,0.44674188,0.0411289,0.21742487,Non-Pulsar
27.16,1.46,150.93,0.0,9.227,0.0,2.1981015,1.0,0.0,-0.31105188,-0.2269269,-0.0027295426,0.3209219,Non-Pulsar
27.4,-7.58,160.81,2.2112432,3.494,-28.912115,2.3077893,0.0,0.578391,0.9940619,-0.07804662,-0.24767257,2.5411842,Non-Pulsar
27.46,26.85,138.72,1.9629672,4.747,-28.57496,2.2510748,0.0,-0.30627057,-0.1429466,0.24129847,-0.15660125,7.652783,Non-Pulsar
27.64,-33.62,243.53,0.0,4.345,0.0,2.450639,1.0,0.0,-0.38838953,-0.29818693,-0.111322634,0.1135752,Non-Pulsar
27.67,-54.8,285.64,0.0,8.657,0.0,2.035464,1.0,0.0,-0.16358298,-0.027131086,0.08821357,0.20429866,Non-Pulsar
27.77,5.65,148.89,2.7376695,10.222,-28.65491,2.1811445,0.0,-0.79858685,-0.5901789,-0.26175117,0.36717275,0.40881345,Non-Pulsar
27.84,86.02,124.05,0.0,18.368,0.0,2.2793715,1.0,0.0,-0.027288811,-0.1556265,-0.22440098,-0.16564997,Non-Pulsar
27.87,-36.13,251.86,2.2744458,11.358,-28.86779,2.36285,0.0,-0.13415346,-0.014436942,-0.36567655,0.028156966,0.1654526,Non-Pulsar
27.93,54.92,131.59,3.1105902,7.196,-28.220333,2.507407,0.0,0.6322794,-0.19233318,-0.24029523,-0.40756312,-9.551265,Non-Pulsar
28.06,37.23,136.15,3.6569426,8.145,-28.67954,2.3831997,0.0,-0.13922396,-0.23251048,-0.17154758,-0.30262,-0.96924657,Non-Pulsar
28.07,22.11,141.06,4.4941993,15.044,-28.301693,2.527157,0.0,0.9812699,-0.2180653,-0.35956606,-0.39610624,-0.24880712,Non-Pulsar
28.16,1.79,152.37,4.034752,27.62,-28.310326,1.9987,0.0,-2.2773807,0.22506727,0.020557305,0.060653683,-0.073963895,Non-Pulsar
28.17,-14.07,173.54,0.0,4.203,0.0,2.7891104,1.0,0.0,-0.5485581,0.05731032,-0.9949917,1.0026929,Non-Pulsar
28.25,75.29,126.9,2.720981,17.96,-28.4681,1.9985728,0.0,-1.0583422,0.03110737,0.015109047,-0.08759984,0.09740595,Non-Pulsar
28.33,-18.76,185.72,2.75298,5.085,-28.92336,2.2925997,0.0,-1.5373288,-0.36286327,-0.24905875,-0.106197946,0.2278473,Non-Pulsar
28.36,71.24,127.92,0.0,9.927,0.0,1.9028385,1.0,0.0,0.99958754,-0.35943377,0.22372635,0.47090122,Non-Pulsar
28.4,-51.13,280.99,3.0499768,2.741,-28.532778,3.0366707,0.0,-1.6608802,-0.21252239,-0.34386727,-0.86208415,1.0891031,Non-Pulsar
28.5,8.39,148.23,4.4618835,40.257,-27.878088,1.8489606,0.0,1.2297432,0.16686015,0.047095656,0.14729545,0.16782822,Non-Pulsar
28.58,-2.61,157.15,2.9049218,8.731,-28.771505,2.1721904,0.0,-0.017588431,-0.006803675,-0.32729912,0.023839634,0.5234884,Non-Pulsar
28.65,-66.08,293.09,6.9951534,28.28,-28.266502,2.235766,0.0,1.2770251,-0.12231072,-0.12566738,-0.17861201,-0.44270426,Non-Pulsar
28.77,44.56,134.71,3.7019067,17.454,-28.510742,2.0310543,0.0,1.2825737,-0.0531584,0.11257062,-0.34694672,-0.9025969,Non-Pulsar
28.85,-6.42,162.11,2.830133,3.827,-28.902649,2.2712429,0.0,-0.035372265,0.71461886,-0.31837305,-0.38043284,0.22060086,Non-Pulsar
29.03,15.04,145.29,2.4406486,5.091,-28.938969,1.7818102,0.0,0.4889073,-0.99930143,0.9999853,0.30786914,0.44206768,Non-Pulsar
29.13,39.25,136.46,4.520846,16.058,-28.433054,2.5076046,0.0,-0.73663753,-0.17764382,-0.331635,-0.39398906,0.19853541,Non-Pulsar
29.17,-17.97,184.99,2.7009532,6.936,-28.864763,2.2353058,0.0,-0.67751366,-0.019542169,-0.05731914,0.055727676,-0.8811927,Non-Pulsar
29.22,-47.74,275.47,4.1522856,20.273,-28.744827,2.1060266,0.0,-0.60253465,-0.04008227,-0.091229565,0.040661924,0.069455445,Non-Pulsar
29.23,-53.03,282.2,3.8751066,27.273,-28.333916,1.6389912,0.0,0.82774097,-0.12217557,0.5104911,0.095857225,-0.08295044,Non-Pulsar
29.24,46.81,134.44,2.2418866,7.44,-28.785194,2.1437109,0.0,0.9954615,0.9999376,0.20825395,-0.48496222,12.604382,Non-Pulsar
29.25,-32.6,237.95,2.509573,5.372,-29.174543,1.8019382,0.0,-1.4105068,0.9991993,-0.017706683,-0.10502884,0.32344037,Non-Pulsar
29.44,-46.24,272.85,5.2208514,18.699,-28.374348,2.3061745,0.0,1.4052291,-0.03713842,-0.20100003,-0.44033036,-0.15606147,Non-Pulsar
29.57,25.27,141.49,1.8984668,4.151,-29.058193,1.5792304,0.0,0.29019734,-0.99897707,0.98849607,0.38808843,0.5969934,Non-Pulsar
29.63,-50.09,278.24,5.5489964,17.206,-28.60006,2.432668,0.0,-0.016032804,-0.30756447,-0.17037119,-0.15010016,-6.1571546,Non-Pulsar
29.65,-39.54,258.83,4.0404215,29.376,-28.35666,2.038009,0.0,0.8101951,0.033254266,0.03560466,-0.18117048,-0.36923206,Non-Pulsar
29.7,1.02,155.58,1.9425126,10.334,-28.503042,2.5535486,0.0,-0.6058199,-0.16788493,-0.40385044,-0.3401691,0.24820712,Non-Pulsar
29.74,70.63,128.52,2.6471536,4.61,-28.734125,2.0610645,0.0,0.8649257,0.9953895,0.53760237,0.13340494,0.14413723,Non-Pulsar
29.83,-45.38,270.87,0.0,4.641,0.0,2.5189664,1.0,0.0,-0.58813816,-0.0916469,0.066467255,-0.9068579,Non-Pulsar
29.89,10.77,148.75,4.422619,34.935,-27.861818,1.8508619,0.0,0.9833423,0.0652031,0.06316418,0.010583461,0.2859219,Non-Pulsar
29.95,-27.67,218.93,3.900929,23.388,-28.4515,1.9331927,0.0,0.8077607,0.31935635,0.05523749,-0.054535553,-0.0075904946,Non-Pulsar
30.08,-41.16,262.09,2.9677422,13.558,-28.765741,1.6351628,0.0,0.93295306,0.998772,0.43305084,0.12219515,0.12684818,Non-Pulsar
30.16,-66.63,292.55,0.0,15.822,0.0,2.5671692,1.0,0.0,-0.023465749,-0.3403143,-0.24823272,-0.16117854,Non-Pulsar
30.28,0.6,156.89,3.2320733,7.896,-28.777481,1.853573,0.0,-0.21039325,0.99098325,0.3254398,0.011096945,0.18028824,Non-Pulsar
30.28,-43.8,267.33,2.52451,5.497,-29.204117,1.6360528,0.0,0.7916447,0.99999267,0.9999017,0.13174717,0.23968768,Non-Pulsar
30.53,39.66,137.45,4.0040565,7.169,-28.39781,2.384046,0.0,0.83119,-0.1360027,-0.12340547,-0.72173554,1.9159919,Non-Pulsar
30.58,-6.1,164.82,2.5400689,4.58,-28.873234,2.3327591,0.0,-0.09341129,-0.016431551,-0.14093193,-0.46444708,-3.8055866,Non-Pulsar
30.62,8.83,150.98,2.5670164,10.459,-28.581005,1.5985172,0.0,1.0102893,-0.22968604,0.16016768,0.44506243,0.31989285,Non-Pulsar
30.67,-2.98,161.2,3.872314,11.189,-28.518696,2.3560877,0.0,-0.19152805,-0.37241155,-0.15692768,-0.09343967,-1.0857536,Non-Pulsar
30.69,42.07,136.83,3.8431885,12.463,-28.641994,2.1582851,0.0,0.44282874,0.40949336,-0.16607441,0.070728704,-0.08441015,Non-Pulsar
30.75,-2.42,160.71,0.0,7.537,0.0,1.9614409,1.0,0.0,0.99578696,0.013528383,0.14931746,-0.35576314,Non-Pulsar
30.91,72.55,128.35,3.4561307,13.016,-27.979532,2.2739365,0.0,0.3975374,-0.15676095,-0.098723024,-0.108102985,-0.17282362,Non-Pulsar
30.93,30.71,140.8,6.8956637,47.122,-27.887527,2.1956263,0.0,1.6229717,0.09877475,-0.12715767,-0.18497653,-0.37480223,Non-Pulsar
30.98,54.19,133.5,3.187293,4.623,-28.54712,2.2367346,0.0,-0.046643928,0.9969325,0.55865306,-0.28593853,1.7882082,Non-Pulsar
31.02,-33.57,239.73,2.8548224,8.084,-28.997908,1.8632143,0.0,0.5786907,-0.71089333,0.4823273,0.21466988,-0.14606167,Non-Pulsar
31.05,-29.32,224.99,3.0435114,3.879,-29.579466,1.7640967,0.0,0.87127095,0.4084164,0.48843598,0.1295738,-0.12562396,Non-Pulsar
31.08,-31.67,233.28,2.1607969,5.984,-28.985346,1.8599552,0.0,-1.442043,0.33505508,0.2349982,-0.19202204,0.12698355,Non-Pulsar
31.09,24.28,143.48,3.0000212,6.129,-29.00359,1.7204138,0.0,0.72584915,0.6710469,-0.2718035,0.44883206,0.5100419,Non-Pulsar
31.22,15.23,147.94,4.928853,28.408,-28.175114,2.2870674,0.0,0.8412973,-0.23971984,-0.09713507,-0.23051232,-1.9213517,Non-Pulsar
31.26,-17.0,185.98,7.75457,69.585,-28.036428,2.419268,0.0,1.9887173,-0.17288902,-0.26603425,-0.45376912,-2.798274,Non-Pulsar
31.3,-30.84,230.27,2.1048396,4.184,-28.862528,2.684005,0.0,0.47665495,0.23384967,-0.3853356,-0.998702,1.0051173,Non-Pulsar
31.31,32.2,140.61,6.4125366,30.561,-28.074718,2.5750225,0.0,1.3632125,-0.30809316,-0.32184783,-0.44511998,-2.11045,Non-Pulsar
31.43,64.82,130.73,2.303487,13.416,-25.772268,2.4576144,0.0,2.6282172,-0.9975818,0.99372,-0.49802878,0.77350366,Pulsar
31.52,-9.97,172.19,2.850514,6.12,-28.949217,1.8338726,0.0,-0.19914238,-0.23841545,-0.10824767,0.5729393,0.190966,Non-Pulsar
31.6,-11.86,175.61,5.861615,33.264,-28.17043,2.3015692,0.0,1.0820867,-0.08075267,-0.20531718,-0.13780947,-0.49973053,Non-Pulsar
31.62,38.49,138.69,2.781531,6.412,-28.928818,1.9237809,0.0,0.30925453,-0.9983892,0.99617064,0.23645306,-0.33300412,Non-Pulsar
31.71,-57.75,284.67,3.3109372,13.172,-28.88203,1.9467005,0.0,0.3671929,0.15314032,0.3259876,-0.053150233,-1.9185002,Non-Pulsar
31.86,-38.93,254.4,2.4894989,10.807,-28.843542,2.462777,0.0,0.37773108,0.018343417,-0.21883352,-0.53833324,-8.5252285,Non-Pulsar
31.89,-10.82,174.25,2.9614282,5.094,-28.55186,2.4306698,0.0,-1.7536864,0.026508834,-0.22666182,-0.8104405,0.59620976,Non-Pulsar
31.9,-24.05,207.0,5.1982536,24.986,-28.6198,2.2209399,0.0,0.62564296,-0.13764924,-0.0668424,-0.17521395,-0.88623834,Non-Pulsar
31.99,22.06,145.42,2.4055002,8.623,-28.599558,2.200685,0.0,0.5186695,-0.111930035,0.27781552,-0.36002436,1.9968874,Non-Pulsar
32.0,9.88,152.16,3.2512267,3.679,-28.47007,2.3939552,0.0,0.30058742,0.68771464,0.09424305,-0.34812525,2.114753,Non-Pulsar
32.1,-68.64,292.81,2.8661256,15.757,-28.840025,2.2139711,0.0,-0.41962263,-0.29471835,-0.3317808,0.07435301,0.47493312,Non-Pulsar
32.13,-0.78,161.21,2.3804111,10.999,-28.747652,2.214236,0.0,-0.62733716,-0.2848468,-0.04954008,0.06658203,-1.2540737,Non-Pulsar
32.17,35.4,140.22,2.5182858,12.302,-28.649656,1.8812803,0.0,0.6374869,-0.42253262,0.28737375,0.24174084,0.16974302,Non-Pulsar
32.34,44.83,137.17,3.1326687,15.144,-28.578703,1.8335525,0.0,-0.37788197,-0.13493992,0.23871894,0.02499997,0.19856617,Non-Pulsar
32.35,-52.48,278.34,5.1612215,74.384,-27.700378,1.7654526,0.0,0.9291052,0.09392695,0.0281715,0.23206557,0.28016055,Non-Pulsar
32.43,64.63,131.19,4.4356594,3.112,-27.336044,2.5899715,0.0,0.68238896,0.9999775,-0.28889453,-0.5285237,1.5025889,Non-Pulsar
32.5,72.49,128.84,5.266143,14.313,-27.983849,2.0872624,0.0,1.1657438,0.4234859,0.028302675,-0.030393941,-0.037815247,Non-Pulsar
32.53,25.3,144.53,1.9674551,7.725,-28.710434,2.0758476,0.0,0.41333863,-0.18413448,0.32670346,0.04849323,-1.597336,Non-Pulsar
32.63,-14.76,183.01,2.6685894,6.036,-28.915722,2.2470634,0.0,-0.66511303,-0.4343612,0.11859253,-0.35810065,-1.6027491,Non-Pulsar
32.69,-51.02,276.11,9.484099,190.364,-27.537064,2.215206,0.0,2.7653542,-0.044421706,-0.152219,-0.29220095,-0.9230554,Non-Pulsar
32.79,-6.78,169.48,3.0964093,10.434,-28.793509,2.0958683,0.0,0.35464707,-0.18510915,0.10178486,0.0806376,-0.85902566,Non-Pulsar
32.81,10.86,152.59,6.4065447,108.473,-27.321808,2.0225828,0.0,1.739879,0.029772313,-0.016092822,-0.04422443,-0.12746295,Non-Pulsar
33.06,-25.99,213.93,2.748504,9.486,-28.916245,2.027187,0.0,0.40199542,-0.6813353,0.5554146,-0.17554499,2.8693604,Non-Pulsar
33.07,-2.32,164.33,0.0,14.814,0.0,1.9724579,1.0,0.0,-0.0061842883,-0.0534531,-0.011811644,0.24864356,Non-Pulsar
33.11,-35.05,242.51,0.0,14.827,0.0,2.090374,1.0,0.0,-0.31663707,0.0684097,0.029860634,-0.46561038,Non-Pulsar
33.21,-27.36,218.36,2.9434564,8.875,-28.896633,2.3468812,0.0,0.19203974,0.29084533,-0.11055231,-0.53923106,2.3143072,Non-Pulsar
33.24,22.75,146.44,4.0126123,20.3,-28.240498,1.9392655,0.0,0.95944214,0.6585085,0.08654509,-0.044392128,-0.11252041,Non-Pulsar
33.3,-5.06,168.0,2.5614839,4.887,-29.039883,2.2249649,0.0,0.6906501,0.9481713,0.2981996,-0.58338934,1.7610462,Non-Pulsar
33.47,-69.83,292.93,3.5184112,9.576,-29.026617,1.8105614,0.0,-0.5062714,0.99964684,-0.012939805,0.102499,0.48000625,Non-Pulsar
33.55,-47.56,270.06,2.368938,6.535,-29.096369,2.0240762,0.0,-0.7930544,0.4164782,-0.0046187965,0.017355323,0.0058525554,Non-Pulsar
33.56,-70.42,293.27,4.05482,8.524,-28.672245,2.6898928,0.0,0.5627106,-0.3618848,-0.4108594,-0.33916125,-0.12091543,Non-Pulsar
33.59,51.76,135.75,2.813088,19.306,-28.415987,1.8673714,0.0,0.1049457,-0.17989637,-0.0029684477,0.18728629,0.18133476,Non-Pulsar
33.6,-58.37,283.76,2.892529,7.283,-29.420181,1.9171203,0.0,0.9797602,-0.08912037,0.31449902,-0.08618596,-0.049906287,Non-Pulsar
33.67,-43.55,262.7,2.2475343,3.893,-29.30043,1.6153065,0.0,-0.71843475,-0.31524947,-0.58424884,0.42762917,0.73274416,Non-Pulsar
33.7,-61.84,286.88,1.9191959,6.906,-28.991549,2.3645096,0.0,1.035672,0.46390206,-0.1964805,-0.52114445,0.34087625,Non-Pulsar
33.74,-37.38,248.4,2.9111075,6.619,-28.815329,2.7687955,0.0,-0.17317238,-0.46058694,-0.3699692,-0.70522684,-0.49142012,Non-Pulsar
33.8,-16.33,188.14,2.066629,5.949,-28.932238,2.0758035,0.0,-0.8140736,0.7104317,0.1736381,-0.14810623,-0.16899195,Non-Pulsar
33.83,75.92,128.08,0.0,8.911,0.0,1.797056,1.0,0.0,0.9971474,-0.4405374,0.84144574,0.5396899,Non-Pulsar
33.99,5.35,158.25,2.8744383,5.063,-28.441547,2.159031,0.0,-2.1009023,-0.8503951,0.70512486,-0.18399255,2.2196684,Non-Pulsar
33.99,3.0,160.3,3.4498806,15.088,-28.54462,2.0591211,0.0,0.65344787,-0.41288733,0.18156296,0.0006785346,-1.7510773,Non-Pulsar
34.14,23.23,147.15,2.788136,11.925,-28.5788,1.88119,0.0,0.03959967,-0.662513,0.37552685,0.059591394,-0.5877249,Non-Pulsar
34.17,-10.27,176.97,5.2167845,19.978,-28.588095,2.2316127,0.0,0.27764118,-0.08797267,-0.050227232,-0.09481574,-1.8976096,Non-Pulsar
34.22,-66.59,290.34,3.682786,32.31,-28.353245,1.7758068,0.0,1.4394308,0.15982337,0.15427159,0.072554775,0.10233562,Non-Pulsar
34.22,5.17,158.72,2.7712986,5.39,-28.49315,2.0681958,0.0,0.08101348,0.21909106,-0.5906041,0.50251424,0.58118236,Non-Pulsar
34.25,-8.36,174.08,2.4533544,16.833,-28.42461,2.2170832,0.0,1.0995255,-0.06836127,-0.12056245,-0.34270966,-0.8618931,Non-Pulsar
34.32,8.62,156.12,4.5279145,46.649,-27.799255,2.211928,0.0,1.0727892,-0.16282892,-0.08846278,-0.15743853,-0.5261094,Non-Pulsar
34.35,73.88,128.9,4.33518,15.308,-27.667812,2.9225888,0.0,1.3759265,-0.37098682,-0.52748036,-0.66782814,0.1734201,Non-Pulsar
34.46,1.73,162.16,7.060749,88.283,-27.68696,2.0974388,0.0,1.8854104,-0.024451818,-0.068947785,-0.086982235,-0.4131426,Non-Pulsar
34.69,26.68,146.06,2.130821,4.719,-29.023325,1.8566601,0.0,0.6545154,-0.99990743,0.9993224,0.42536017,-0.16747467,Non-Pulsar
34.73,-23.1,206.26,5.07247,17.146,-28.720053,2.5127714,0.0,0.4000999,-0.297592,-0.30849203,-0.08203766,-0.86946386,Non-Pulsar
34.75,36.72,141.86,5.2732453,20.538,-27.692352,2.5138175,0.0,1.0146885,-0.2068999,-0.21114585,-0.34021604,-1.6637481,Non-Pulsar
34.77,24.73,147.07,0.0,14.481,0.0,1.9548872,1.0,0.0,0.9999973,-0.20252402,-0.017303625,0.425806,Non-Pulsar
34.78,-17.4,191.83,0.0,15.464,0.0,2.0430338,1.0,0.0,-0.042002436,-0.29497036,0.18152232,0.46793875,Non-Pulsar
34.89,7.41,157.8,0.0,5.985,0.0,2.3411264,1.0,0.0,0.30036923,-0.44721156,0.16562454,0.38545465,Non-Pulsar
35.07,32.78,143.73,3.001468,5.333,-28.22633,2.9186327,0.0,0.4415876,-0.22861458,-0.66809833,-0.2741697,0.5985145,Non-Pulsar
35.21,-8.69,176.02,2.667792,6.632,-28.89727,1.8465725,0.0,0.6016923,-0.7830406,0.6943083,0.56997067,0.2141812,Non-Pulsar
35.28,35.94,142.61,8.191316,129.473,-27.315342,2.2576795,0.0,1.9854784,-0.06866305,-0.17013304,-0.17552297,-0.24032699,Non-Pulsar
35.31,-13.2,183.83,0.0,5.354,0.0,2.7403028,1.0,0.0,-0.47270483,-0.35340238,-0.45088983,-0.20344615,Non-Pulsar
35.38,25.23,147.43,3.452385,9.152,-28.886917,1.8504988,0.0,1.1054274,0.9992278,0.65471303,0.11448536,-0.18159802,Non-Pulsar
35.47,37.51,142.13,3.0418549,5.926,-28.542036,2.356019,0.0,-0.2567989,0.7861039,-0.24114706,-0.13064048,-0.40209463,Non-Pulsar
35.52,-16.28,190.27,5.571014,25.884,-28.24013,2.3990762,0.0,-0.5368135,-0.19599687,-0.20654316,-0.27438283,-0.54950625,Non-Pulsar
35.67,43.04,140.15,7.501708,186.974,-26.92122,1.9016466,0.0,2.00295,0.13219777,0.049700823,0.043735337,0.04102753,Non-Pulsar
35.76,-34.79,239.95,2.5088053,6.955,-28.87342,2.5095549,0.0,0.26610097,0.33310813,-0.3707975,-0.10473412,-0.6053171,Non-Pulsar
35.76,68.36,131.24,2.8733013,14.315,-28.196619,2.08546,0.0,0.48619893,-0.27192605,0.07028754,0.08832478,-0.064916424,Non-Pulsar
35.79,-11.3,181.07,3.0521421,15.263,-28.567991,1.5799397,0.0,1.0009595,0.45704076,-0.055021763,0.4489575,0.4306158,Non-Pulsar
35.81,-16.89,191.93,3.237082,4.988,-28.1286,2.8299582,0.0,1.1227503,-0.10195419,-0.37586313,-0.9511281,19.186453,Non-Pulsar
35.88,54.25,136.22,3.267529,7.529,-28.868738,1.7695918,0.0,1.063838,-0.9983404,0.9999997,0.37972832,-0.13158768,Non-Pulsar
35.89,39.22,141.78,3.0824616,13.674,-28.419897,2.0124743,0.0,0.7971113,0.17594123,0.04247474,-0.007781365,-0.030998569,Non-Pulsar
35.9,-9.48,178.23,3.594456,12.128,-28.525621,2.2250392,0.0,0.92463726,0.30618408,-0.18133022,-0.15486011,-0.24892075,Non-Pulsar
36.01,-79.69,297.91,3.1761568,12.184,-28.706352,2.202044,0.0,-0.8834017,0.06149695,-0.14745234,-0.2603029,0.2262702,Non-Pulsar
36.01,-18.85,196.56,3.0283258,10.676,-28.932486,1.6965499,0.0,1.1313775,-0.98970705,0.997527,0.2829893,-0.0683465,Non-Pulsar
36.06,7.01,159.63,3.2984576,8.932,-28.353466,2.521094,0.0,-0.6953672,-0.3289634,-0.2504069,-0.3986992,-0.4969591,Non-Pulsar
36.07,16.27,153.07,2.9942107,7.994,-28.394703,2.247255,0.0,-0.47203138,0.3617796,-0.20450474,-0.17197563,0.32164973,Non-Pulsar
36.23,18.72,151.78,4.333469,5.492,-28.216326,2.953425,0.0,0.5542252,-0.4874508,-0.55464333,-0.998802,0.9977435,Non-Pulsar
36.28,-26.08,215.4,5.399435,27.764,-28.534834,2.429244,0.0,1.0615569,-0.1797985,-0.2810921,-0.40734527,-1.3042635,Non-Pulsar
36.38,-56.3,279.4,1.6472583,4.494,-29.135256,1.7955229,0.0,-0.6502272,0.9927657,-0.91701585,0.92029923,0.5926381,Non-Pulsar
36.4,-45.04,262.76,3.4657242,7.795,-28.57057,2.4700894,0.0,-1.1029037,-0.24896747,-0.27206752,-0.107800975,-3.015882,Non-Pulsar
36.47,13.18,155.53,3.4911537,10.259,-28.489368,2.2154489,0.0,0.23513685,-0.46318033,0.061406102,0.049797613,-0.4539582,Non-Pulsar
36.58,-18.76,196.97,3.8805373,6.007,-28.487595,2.4287755,0.0,0.996918,0.2989164,-0.19244441,-0.60840887,1.4705893,Non-Pulsar
36.63,9.64,158.28,4.502701,8.479,-28.554686,2.175217,0.0,0.09769793,0.57319933,-0.3224099,0.2684306,0.15149516,Non-Pulsar
36.65,-44.69,261.87,3.497227,15.957,-28.63859,1.9490871,0.0,0.6364356,-0.190253,0.27958906,0.0016593382,-0.8254204,Non-Pulsar
36.66,-5.88,174.05,0.0,12.021,0.0,2.2410383,1.0,0.0,-0.34845975,0.12841457,-0.26793918,4.051473,Non-Pulsar
36.68,23.21,149.76,2.4891953,7.32,-28.490673,2.1135883,0.0,-0.24219082,0.99844664,-0.035171676,-0.14613728,-2.095922,Non-Pulsar
36.76,-17.66,194.7,3.5870044,8.028,-28.411695,2.3162525,0.0,0.82278675,0.05683219,-0.034820393,-0.44366717,4.1537614,Non-Pulsar
36.81,39.47,142.38,3.706631,8.341,-28.159801,2.7379923,0.0,-0.30158937,-0.3732449,-0.3656956,-0.3003903,-1.662128,Non-Pulsar
36.83,-61.32,284.38,2.826268,5.465,-28.853765,2.3629606,0.0,-0.39612707,-0.17655697,-0.32482278,-0.012642352,0.026322953,Non-Pulsar
36.83,2.02,165.13,2.96108,25.576,-28.327003,1.9431157,0.0,0.5647216,0.03210734,0.008589293,0.1576614,-0.0029175878,Non-Pulsar
36.95,22.78,150.26,4.1853743,8.973,-28.346443,2.2689362,0.0,0.49411333,-0.04843019,-0.105628505,-0.23307425,-2.647776,Non-Pulsar
37.01,-30.45,227.6,0.0,11.699,0.0,2.4376814,1.0,0.0,-0.30993408,-0.32242203,-0.12665074,0.18043552,Non-Pulsar
37.03,82.14,126.34,3.6386697,6.585,-28.4968,2.466282,0.0,-1.0867258,-0.27214468,-0.39174065,0.2501198,0.08061428,Non-Pulsar
37.06,-31.03,229.19,2.1674058,8.108,-28.877314,2.1043804,0.0,0.1483277,0.97507554,0.091422826,-0.47837886,-0.31043008,Non-Pulsar
37.09,-55.79,278.26,7.9185643,82.763,-27.689737,2.208594,0.0,2.5205004,0.08686925,-0.060886495,-0.22638564,-0.7713943,Non-Pulsar
37.13,-22.58,206.61,2.8939745,4.799,-28.955269,2.347577,0.0,0.074089535,-0.31317228,0.16099747,-0.119752556,3.2704008,Non-Pulsar
37.2,67.31,132.13,3.8600352,13.145,-27.560162,2.646034,0.0,1.356685,0.18223318,-0.40683308,-0.40060315,0.4522543,Non-Pulsar
37.39,-36.74,243.94,5.923063,32.155,-28.510296,2.4758844,0.0,1.7165653,-0.19255716,-0.3629771,-0.5775535,-4.2431965,Non-Pulsar
37.52,-52.61,273.84,2.6215742,5.673,-28.902983,2.4534972,0.0,0.49942687,0.27605137,0.01294776,-0.5199883,1.497752,Non-Pulsar
37.71,40.54,142.61,5.9895964,34.653,-28.037176,2.3168013,0.0,1.5858516,-0.11404074,-0.18704534,-0.37521997,-0.66371703,Non-Pulsar
37.82,-57.92,280.18,3.0969615,17.051,-28.795254,2.0681417,0.0,0.32617435,0.38065055,0.118319854,0.0012989591,-1.8091433,Non-Pulsar
37.82,-47.77,266.27,7.5163198,48.605,-28.354477,2.443013,0.0,1.474347,-0.17136794,-0.3187585,-0.4767521,-0.78341615,Non-Pulsar
37.96,13.37,157.12,5.6942024,16.394,-28.162846,2.6444323,0.0,-0.03505103,-0.32280993,-0.4999274,-0.11430446,0.3094698,Non-Pulsar
38.13,-11.32,184.18,2.7299476,7.635,-28.923018,1.9459187,0.0,-0.4962727,0.9327271,0.03642126,0.13013135,0.028487226,Non-Pulsar
38.21,20.32,152.94,2.1906693,15.277,-28.416029,1.7518364,0.0,-2.0243094,0.98797065,-0.12483355,0.27951187,0.3740483,Non-Pulsar
38.25,26.14,149.74,2.4704745,9.073,-28.669914,2.0305595,0.0,-0.36464024,0.37948543,0.06015888,0.08751457,0.12214701,Non-Pulsar
38.27,37.68,144.26,0.0,8.553,0.0,2.0202146,1.0,0.0,-0.32500613,0.18354914,-0.13868594,-0.02709593,Non-Pulsar
38.39,6.91,162.62,3.454356,17.774,-28.360737,2.3157828,0.0,0.17467606,-0.12586173,-0.1918545,-0.46125057,0.4162389,Non-Pulsar
38.5,80.69,127.17,2.389239,6.904,-29.009577,1.685027,0.0,0.41696277,-0.1923,-0.8488505,0.80545604,0.7388088,Non-Pulsar
38.58,-6.48,177.42,1.8538258,12.828,-28.668276,1.7964586,0.0,0.83799326,0.97388417,0.31037122,0.015866634,-0.0811086,Non-Pulsar
38.9,-29.65,225.39,2.8263083,9.036,-28.900547,1.9649174,0.0,-0.17919473,-0.022268927,-0.0054353406,0.07676962,0.2999026,Non-Pulsar
39.2,-61.61,283.21,6.7832756,37.087,-28.318941,2.2407534,0.0,0.68314296,0.035363197,-0.238158,-0.114834465,0.17582344,Non-Pulsar
39.28,-7.25,179.38,2.6399622,5.357,-29.03901,1.8196824,0.0,-0.23791446,0.86827636,-0.807082,0.88063914,0.5725627,Non-Pulsar
39.33,20.0,154.26,2.3239732,6.859,-28.638931,2.0800762,0.0,0.10139904,0.2695228,0.10758956,-0.07875548,-3.9580781,Non-Pulsar
39.42,-36.04,241.13,3.2814872,13.624,-28.708902,1.897661,0.0,-0.01862927,-0.27255672,0.3797672,0.045252588,-0.9879767,Non-Pulsar
39.42,9.38,161.8,3.6862144,10.72,-28.431702,2.2505484,0.0,0.30492887,-0.24800077,-0.050587792,-0.24426356,-1.7806243,Non-Pulsar
39.44,2.1,168.39,2.1778257,6.523,-28.832903,2.1387382,0.0,0.16284002,0.816518,-0.4744653,0.37292677,0.38696817,Non-Pulsar
39.47,28.8,149.47,8.968095,178.355,-27.3105,2.1930661,0.0,2.728278,-0.030833445,-0.1694877,-0.22737558,-0.31640896,Non-Pulsar
39.53,-39.09,248.03,3.5150328,20.565,-28.679321,1.9731905,0.0,0.5040722,0.02887669,0.13064304,0.047040462,-0.5409169,Non-Pulsar
39.56,15.52,157.41,4.1310663,7.807,-27.983107,2.474937,0.0,-0.05997848,-0.07119108,-0.16441143,-0.21753584,-3.54043,Non-Pulsar
39.62,-31.28,229.46,3.9191327,37.684,-28.150852,1.8214716,0.0,-0.35479358,0.1688472,0.16107345,0.13081445,0.046346817,Non-Pulsar
39.67,16.62,156.78,8.700366,144.565,-27.176563,2.1113944,0.0,2.6069684,0.022193998,-0.06970599,-0.15160011,-0.2769352,Non-Pulsar
39.7,25.92,151.2,2.3042045,6.274,-28.676422,1.9356701,0.0,-0.6003596,-0.5737531,-0.32526106,-0.19341114,0.7819891,Non-Pulsar
39.88,13.44,159.22,3.961214,5.184,-28.611132,2.1281476,0.0,0.41898447,-0.97140104,0.9488684,-0.18526344,2.2850082,Non-Pulsar
39.89,-13.89,190.66,2.9104562,4.362,-28.75886,2.8953216,0.0,-1.7404567,-0.7290755,-0.22099787,-0.116987325,6.5894003,Non-Pulsar
39.94,4.26,166.88,5.1580973,16.559,-28.340473,2.7353873,0.0,0.61427164,-0.45960873,-0.46180102,-0.33635083,0.07956317,Non-Pulsar
40.16,35.48,146.74,2.6086679,5.667,-28.929565,2.001704,0.0,-1.807784,-0.44940123,-0.42751256,0.41082224,0.5705537,Non-Pulsar
40.2,-34.02,236.01,2.5615647,8.272,-28.985441,2.0830379,0.0,-0.86872244,0.18436603,-0.16506076,0.1306267,0.24290606,Non-Pulsar
40.25,-5.09,177.65,2.105246,10.842,-28.69957,2.1568286,0.0,0.48401096,0.57568777,0.09315737,-0.1847977,-5.036085,Non-Pulsar
40.34,65.73,133.91,3.6252093,20.773,-27.97375,2.1053672,0.0,-0.18959393,0.056614053,-0.027807795,-0.10141721,-0.16688895,Non-Pulsar
40.48,-16.06,195.26,2.4624646,11.445,-28.750278,1.8609498,0.0,0.5279688,0.9999111,-0.2410243,0.24821752,0.40565607,Non-Pulsar
40.6,11.05,161.8,4.7486296,20.061,-28.054272,2.4269912,0.0,1.5242802,-0.09532333,-0.2571908,-0.61403006,4.5613384,Non-Pulsar
40.6,52.28,139.6,5.0046926,16.609,-27.767956,2.750529,0.0,1.5141543,-0.0056001144,-0.40427086,-0.42782906,-0.17617895,Non-Pulsar
40.66,17.6,157.16,4.1372843,11.215,-28.301495,2.2954593,0.0,0.33744663,0.07689101,0.036080252,-0.16827148,9.18235,Non-Pulsar
40.75,0.75,171.37,2.46328,7.973,-28.773348,2.0466287,0.0,-0.17386244,-0.061471436,-0.38515276,0.5168109,0.21233603,Non-Pulsar
40.82,-5.85,179.32,4.2648554,8.481,-28.525688,2.736868,0.0,-0.31529444,-0.39864796,-0.5470316,-0.32856095,0.5178688,Non-Pulsar
40.87,71.32,131.73,5.2113466,30.243,-27.858942,2.0079277,0.0,1.4637932,0.45097676,0.041884962,-0.037817158,0.011714973,Non-Pulsar
40.93,3.36,168.92,1.5336384,5.342,-28.683434,2.3697977,0.0,0.5680972,0.99957925,-0.11317069,-0.08229007,5.7911654,Non-Pulsar
41.16,-58.33,278.45,3.7050288,29.483,-28.320288,1.5974793,0.0,0.9275757,0.3154121,0.27129743,0.17722908,0.27263835,Non-Pulsar
41.19,13.28,160.75,3.6552448,7.823,-28.253477,2.6314416,0.0,0.49299532,-0.36025184,-0.28511095,-0.28129983,8.767668,Non-Pulsar
41.29,-2.96,176.22,3.9825716,18.17,-28.533625,2.048761,0.0,0.6302966,0.66352534,0.03821208,-0.11017252,-0.3868529,Non-Pulsar
41.35,-59.83,280.05,2.619943,7.858,-28.85708,2.2488823,0.0,-0.09840357,-0.2499884,0.06893512,-0.06517775,-9.313841,Non-Pulsar
41.35,24.15,153.75,4.630723,13.837,-28.17663,2.7243407,0.0,0.62471557,-0.3197805,-0.5488433,-0.28507373,0.5340407,Non-Pulsar
41.39,-45.05,258.71,2.3975163,6.507,-28.669315,2.8884063,0.0,0.1836866,-0.4049627,-0.52336144,-0.9999492,0.99994236,Non-Pulsar
41.5,-46.85,261.82,7.68651,71.458,-28.103317,2.2762525,0.0,2.1343145,-0.055509385,-0.22292855,-0.4048498,-0.49945602,Non-Pulsar
41.66,-33.81,235.11,2.532764,4.583,-29.200848,1.854346,0.0,0.2917969,0.8039544,-0.9394419,0.9348861,0.62566954,Non-Pulsar
42.01,22.54,155.32,2.6413665,6.43,-28.534792,2.0218098,0.0,-0.21468389,0.9459057,-0.38049895,0.2141058,0.62832355,Non-Pulsar
42.1,60.37,136.91,2.0969703,41.436,-26.900688,2.2887805,0.0,2.5400016,0.18220781,-0.01753356,-0.6302685,-2.4489408,Pulsar
42.16,51.53,140.8,2.9051743,32.026,-27.923958,1.7852387,0.0,1.4319032,-0.23189822,0.16502303,0.12214141,0.15964602,Non-Pulsar
42.17,-35.2,238.12,3.5050042,5.777,-28.67126,2.8186877,0.0,-0.25397533,-0.26156086,-0.36529246,-0.5904358,2.1757398,Non-Pulsar
42.44,45.01,143.92,2.8989859,4.103,-29.166721,1.5608128,0.0,0.4677963,-0.99525076,0.99999774,0.061822135,-3.6340883,Non-Pulsar
42.57,-82.4,298.42,4.985705,13.196,-28.367477,2.4968722,0.0,0.96469164,-0.30999961,-0.22591023,-0.47565508,-13.724012,Non-Pulsar
42.58,-34.37,236.16,2.9548726,2.619,-28.968996,2.3637085,0.0,0.036572907,-0.99315506,0.9728413,-0.25289097,1.8255221,Non-Pulsar
42.66,17.21,159.44,3.073342,16.78,-28.331366,1.8895658,0.0,0.54180515,-0.13089599,0.21238478,0.08965047,-0.26799586,Non-Pulsar
42.66,84.6,125.83,3.2357993,20.123,-28.656164,2.208888,0.0,0.34675202,-0.10947537,-0.13965742,0.038831268,-0.15902454,Non-Pulsar
42.7,56.51,138.88,2.0395815,14.364,-28.037437,2.043944,0.0,-0.75715905,0.07621615,-0.24267833,0.1304704,0.41969422,Non-Pulsar
42.9,-59.97,279.32,4.4718666,17.523,-28.565683,2.0896742,0.0,0.97308075,0.16815759,-0.011015371,-0.09087502,-0.26364365,Non-Pulsar
43.2,-22.32,209.74,7.452224,99.725,-27.97874,2.2606564,0.0,2.1285875,-0.09946424,-0.2001035,-0.3642591,-0.8001611,Non-Pulsar
43.25,38.58,147.56,2.9827602,8.541,-28.199913,2.627412,0.0,0.8877864,-0.22933158,-0.36704752,-0.55475086,-0.017951008,Non-Pulsar
43.31,-54.69,272.53,6.8422613,37.787,-28.444227,2.4066129,0.0,1.0888661,-0.058914505,-0.3145454,-0.39226282,0.07199211,Non-Pulsar
43.32,-1.4,176.71,1.8267069,13.058,-28.63432,2.0660386,0.0,0.12891611,0.09087521,0.12878406,-0.06199576,-2.2811677,Non-Pulsar
43.38,32.28,150.94,4.5937,10.989,-28.439814,2.2670503,0.0,-0.7321247,0.47923997,-0.23113717,-0.33060166,0.19541398,Non-Pulsar
43.49,51.06,141.77,4.8318944,15.338,-27.826977,2.49972,0.0,0.5555008,-0.055769157,-0.3376356,-0.18010037,-0.32488748,Non-Pulsar
43.64,-75.19,293.17,3.9326658,6.594,-28.676804,2.5479047,0.0,-0.58625793,-0.4150751,-0.23781918,-0.37324145,-0.9183879,Non-Pulsar
43.72,39.56,147.41,5.0021605,7.327,-28.282001,2.6592157,0.0,0.23289882,-0.27507025,-0.13202055,-0.7263881,1.3108157,Non-Pulsar
43.96,5.58,170.19,3.1224792,4.573,-28.450748,2.201795,0.0,-0.1222942,-0.41739732,-0.167101,0.036105834,0.09334519,Non-Pulsar
44.1,3.57,172.27,3.8205202,21.275,-28.305738,2.0073173,0.0,0.17521167,-0.045282163,-0.083991,0.11647261,0.19607297,Non-Pulsar
44.27,33.97,150.72,1.9541253,8.125,-28.71314,2.072068,0.0,0.36311054,-0.55005383,0.3116393,-0.043805584,-1.0788342,Non-Pulsar
44.49,-12.26,192.56,3.8749814,12.383,-28.608143,2.6740928,0.0,0.12734176,-0.38854825,-0.32255304,-0.45586106,-2.0498927,Non-Pulsar
44.54,20.51,159.0,3.8228223,7.786,-28.295086,1.9835774,0.0,0.942489,0.9980142,0.6507396,-0.04171501,-0.6889434,Non-Pulsar
44.85,54.89,140.71,2.0191903,5.234,-28.387762,1.9279315,0.0,0.4174266,0.99572104,-0.5612479,-0.77050614,0.9630345,Non-Pulsar
44.85,3.15,173.5,2.8441331,4.345,-28.88684,1.7281469,0.0,-1.0921469,0.99998987,-0.07187534,-0.046498433,-0.73646945,Non-Pulsar
44.86,7.78,169.12,5.932974,42.077,-27.737968,2.1145802,0.0,1.258793,0.023084927,-0.061285242,-0.15038432,-0.12412069,Non-Pulsar
44.88,19.41,160.07,0.0,7.134,0.0,2.3813388,1.0,0.0,-0.38904122,-0.051973082,-0.26088104,-4.6568503,Non-Pulsar
44.89,-17.09,200.92,2.2570136,7.617,-29.059414,1.7595407,0.0,0.7607201,-0.45437917,0.7316394,0.11255752,-0.1618772,Non-Pulsar
45.07,-5.25,183.23,2.3618906,4.303,-28.686615,2.1513877,0.0,0.56434715,-0.4230902,-0.110229835,-0.38097948,-0.30101234,Non-Pulsar
45.27,-16.87,200.81,3.5961628,6.515,-28.707018,2.3610694,0.0,-0.98979044,-0.283391,-0.1361217,-0.12743899,-0.80639726,Non-Pulsar
45.31,25.78,156.31,2.891961,6.304,-28.516933,2.1470282,0.0,-0.2854704,0.8522528,-0.002660528,-0.3739303,28.64449,Non-Pulsar
45.35,-31.41,229.41,2.7131767,12.048,-28.877748,2.326691,0.0,-0.94888175,0.048564292,-0.35574737,0.07085259,0.07682916,Non-Pulsar
45.4,-71.94,290.01,8.179303,65.61,-28.128935,2.2301073,0.0,1.3418908,-0.054987893,-0.12087957,-0.22202529,-0.82958186,Non-Pulsar
45.5,-27.53,221.36,3.4267433,12.709,-28.638714,2.1359198,0.0,0.72848386,-0.2144069,-0.020191757,-0.24682418,-0.09016034,Non-Pulsar
45.81,31.82,153.12,2.6374328,8.503,-28.31478,2.4726884,0.0,0.6179213,-0.08710423,-0.24029689,-0.35304815,-8.133196,Non-Pulsar
45.84,-79.22,295.71,3.416559,10.815,-28.508038,2.566955,0.0,-0.72094816,-0.24542224,-0.47209388,-0.052883882,0.34483415,Non-Pulsar
45.85,5.92,171.84,2.662676,6.989,-28.691769,1.7355042,0.0,-0.008626067,-0.9954838,0.9861055,-0.18805073,0.51227325,Non-Pulsar
45.86,-24.12,214.63,6.2781844,114.103,-27.390594,1.8520452,0.0,1.3707396,0.116534434,0.10537452,0.022907497,0.072329275,Non-Pulsar
45.87,-52.53,267.96,4.1082125,11.521,-28.67842,2.6138175,0.0,1.0806884,-0.23278531,-0.42329633,-0.50383604,-19.078634,Non-Pulsar
45.91,47.28,144.99,4.5030007,62.481,-27.68125,2.033598,0.0,1.8591098,0.08636844,0.0058534583,-0.09984883,-0.23918194,Non-Pulsar
45.92,-62.19,280.25,5.742879,42.681,-28.088594,2.285704,0.0,1.5699903,-0.01325259,-0.19204858,-0.19857082,-0.43983728,Non-Pulsar
46.1,-28.57,223.59,2.364774,10.176,-28.803484,1.5427121,0.0,0.73343056,0.999976,-0.2000869,0.51037294,0.45102486,Non-Pulsar
46.14,33.83,152.24,4.701823,8.033,-28.086441,2.680745,0.0,1.0565919,0.50757736,-0.46902415,-0.45339006,0.50906324,Non-Pulsar
46.14,68.35,134.74,4.613109,20.797,-27.426031,2.8207328,0.0,1.7381399,-0.18551038,-0.3670662,-0.5840069,0.030502427,Non-Pulsar
46.14,-0.91,179.16,0.0,7.986,0.0,2.0160418,1.0,0.0,-0.012117349,0.1089914,-0.101863295,-0.07444043,Non-Pulsar
46.23,-6.11,185.49,3.0878437,8.147,-28.625978,2.2516534,0.0,0.20792355,0.17173663,0.12104166,-0.17597555,5.100126,Non-Pulsar
46.29,-16.15,200.36,3.0526235,13.576,-28.578295,1.7710118,0.0,0.43420923,-0.24523039,0.3368961,0.029420855,0.3973735,Non-Pulsar
46.86,49.26,144.55,3.3878772,33.772,-27.821096,1.9496963,0.0,1.4554927,0.07972547,0.17021425,-0.0966967,-0.19979784,Non-Pulsar
46.95,-4.33,183.97,2.891045,4.343,-28.868587,2.1002643,0.0,-0.57179624,-0.52002126,0.72767884,-0.15763439,3.1284013,Non-Pulsar
47.04,-28.87,224.36,2.900284,9.762,-28.931732,2.1388888,0.0,-0.73101074,0.7342163,0.16631083,-0.4099069,38.365772,Non-Pulsar
47.11,4.12,174.85,3.6852536,26.185,-28.169382,2.012378,0.0,0.30249125,0.48137426,0.01699437,0.050234716,-0.27897725,Non-Pulsar
47.26,10.49,169.17,6.391625,27.984,-27.818895,2.2944582,0.0,1.3114848,0.016060168,-0.16038643,-0.42608422,-0.832029,Non-Pulsar
47.36,-40.01,246.17,2.301686,7.534,-29.089344,2.0109782,0.0,-0.25989342,0.21804747,0.09114427,-0.079477675,-0.29878324,Non-Pulsar
47.43,-7.77,188.81,3.044557,13.762,-28.547642,2.0642984,0.0,-0.25429624,-0.31514338,0.021834,0.094422735,-0.61527365,Non-Pulsar
47.49,-60.97,278.11,7.132806,87.511,-27.96564,2.4016762,0.0,2.1660707,-0.15962546,-0.25063935,-0.37251344,-1.171955,Non-Pulsar
47.65,-50.29,263.63,3.703355,19.616,-28.627722,1.8004644,0.0,0.046934184,0.34979093,0.18250653,0.09223094,0.27453598,Non-Pulsar
47.71,-10.69,193.09,3.109641,5.725,-28.725544,2.0325644,0.0,-1.8954834,-0.08904509,0.11023074,-0.29339907,-0.26098993,Non-Pulsar
47.73,-34.98,236.43,2.9420602,9.026,-29.001537,2.0851448,0.0,-0.18320689,0.20586629,-0.14878376,0.19931453,0.027675506,Non-Pulsar
47.73,38.26,150.92,3.4591792,11.833,-28.328163,2.4497714,0.0,0.19807738,-0.17916259,-0.21015453,-0.20887652,-2.6412513,Non-Pulsar
47.8,68.94,134.97,3.2553217,8.605,-28.170736,2.0142357,0.0,0.72950745,0.96162313,-0.20817983,0.26754215,0.33444142,Non-Pulsar
47.88,-44.05,253.27,2.8059201,6.852,-29.017754,2.2449734,0.0,-0.7882778,0.003671867,-0.08030299,-0.9961141,0.99425846,Non-Pulsar
47.9,41.58,149.21,3.03645,4.619,-28.602493,2.0601666,0.0,0.31145385,0.99788624,-0.62098986,0.5996404,0.40612218,Non-Pulsar
48.11,-32.36,231.28,2.8179138,7.717,-29.06954,2.20451,0.0,0.10658248,-0.26583883,-0.05056552,0.010116055,-0.7259837,Non-Pulsar
48.14,-22.36,212.31,3.053921,19.977,-28.530844,1.6274273,0.0,1.1795772,-0.06020372,0.43367282,0.19037889,0.09184514,Non-Pulsar
48.22,1.57,178.53,4.6699433,14.515,-28.213934,2.3563726,0.0,-2.3392935,-0.06610739,-0.23206183,-0.10880787,-0.1308318,Non-Pulsar
48.23,36.23,152.41,0.0,16.409,0.0,1.8737327,1.0,0.0,0.42534846,0.22500241,0.07028314,-0.25499287,Non-Pulsar
48.24,41.33,149.57,2.9431708,5.333,-27.768185,2.466134,0.0,-0.469625,-0.99776924,0.98690677,-0.5823095,1.6858169,Non-Pulsar
48.27,2.49,177.63,5.993133,19.277,-27.871576,2.3621075,0.0,1.0555196,-0.18611246,-0.19991034,-0.23314269,-0.4421869,Non-Pulsar
48.59,6.35,174.15,2.4221222,13.692,-28.344187,1.9260138,0.0,-0.5533665,-0.4349354,-0.056338586,0.24123621,0.4075951,Non-Pulsar
48.59,-51.06,264.31,3.5132585,28.786,-28.367565,1.8934233,0.0,1.0485646,0.08888893,0.08551689,0.018678209,0.021569066,Non-Pulsar
48.66,-65.82,282.99,0.0,8.877,0.0,2.4406207,1.0,0.0,-0.39063945,-0.16571788,-0.42243436,-1.2086662,Non-Pulsar
48.86,-26.73,220.62,2.4732962,10.588,-28.837318,1.8023195,0.0,0.5224938,-0.7083804,0.9995036,-0.028278593,-7.3995605,Non-Pulsar
48.9,42.53,149.33,2.8761022,6.047,-28.456778,2.1468863,0.0,0.3382755,-0.58642465,0.103695475,0.38883653,0.17972521,Non-Pulsar
48.99,-10.55,193.98,5.0646377,17.606,-28.296223,2.329732,0.0,1.1501174,-0.07418313,-0.2606516,-0.2204817,-0.17745514,Non-Pulsar
49.02,-56.44,271.72,2.9850342,5.816,-29.181284,2.1069999,0.0,0.36831763,-0.3299221,-0.00352178,-0.016567286,-0.22979148,Non-Pulsar
49.05,-64.63,281.56,3.36497,29.823,-28.38305,1.6377903,0.0,1.3294708,0.5983002,0.39829043,0.15907872,0.026553778,Non-Pulsar
49.06,9.09,172.1,4.4509187,43.331,-27.628256,1.7902471,0.0,1.1154106,0.26381317,0.12154282,0.14363137,0.1868615,Non-Pulsar
49.07,-26.14,219.59,2.7940302,25.884,-28.292744,1.724145,0.0,1.1992002,0.3360308,0.03729968,0.2798727,0.17978571,Non-Pulsar
49.15,-22.27,212.64,2.5587218,4.129,-29.20871,2.0066636,0.0,-0.13410498,0.96210784,0.81172967,-0.11975629,6.0202985,Non-Pulsar
49.21,41.35,150.19,0.0,10.967,0.0,1.8816372,1.0,0.0,0.9442413,0.0072581815,-0.2084719,8.282956,Non-Pulsar
49.23,-6.43,188.7,2.5423257,9.145,-28.753557,1.914976,0.0,0.4897215,-0.6784557,0.5247644,0.10117643,-0.43693042,Non-Pulsar
49.43,-28.08,223.26,2.8127613,5.207,-28.965164,2.3785574,0.0,-1.7436976,-0.12040607,-0.27774745,-0.38797793,0.23154348,Non-Pulsar
49.47,-44.24,252.94,0.0,5.785,0.0,1.8877176,1.0,0.0,0.061157413,0.040067974,0.15512997,0.06890927,Non-Pulsar
49.48,20.18,163.65,2.332321,4.686,-28.835705,1.8283017,0.0,-0.47597176,-0.3399279,0.99719995,-0.003353684,2.786963,Non-Pulsar
49.69,21.6,162.82,3.3191283,23.236,-28.160572,2.0853264,0.0,0.39069033,0.24608696,-0.04885339,0.03122294,-0.18242691,Non-Pulsar
49.86,-70.75,287.53,2.6131709,8.794,-29.014004,1.7953851,0.0,-0.21053061,-0.37841535,0.2657424,0.08480185,0.38019463,Non-Pulsar
49.96,41.51,150.58,8.773386,251.542,-26.639284,2.0594292,0.0,2.982921,0.06326125,-0.019978005,-0.10084327,-0.28755143,Non-Pulsar
49.97,18.75,165.12,3.821167,20.408,-28.190313,1.709302,0.0,0.55624974,0.99999696,0.6430333,0.096059136,-0.55409545,Non-Pulsar
50.0,-38.36,242.38,3.4310398,7.532,-28.85127,2.3956034,0.0,0.3762217,0.15104406,-0.3220973,-0.4699488,0.34722984,Non-Pulsar
50.16,11.43,171.09,0.0,6.081,0.0,2.117796,1.0,0.0,0.1760618,-0.21340118,-0.12675679,0.15775749,Non-Pulsar
50.17,27.48,159.22,2.2465122,4.263,-28.255451,2.4366043,0.0,0.08972387,0.99996334,-0.40081075,-0.32486755,-0.039709352,Non-Pulsar
50.33,4.43,177.62,3.1281872,4.938,-28.23287,2.632639,0.0,-0.16650394,-0.41104403,-0.42917153,-0.17668645,0.5146225,Non-Pulsar
50.33,-16.21,203.3,2.366069,3.644,-29.035309,2.0967913,0.0,0.49043876,0.9999321,-0.1289772,0.00726557,-4.733639,Non-Pulsar
50.43,-75.0,291.3,2.8315058,7.322,-28.668882,2.413018,0.0,-1.0764563,-0.017103225,-0.08375651,-0.545747,3.1412368,Non-Pulsar
50.5,23.6,162.09,3.283337,39.789,-27.940666,1.9634005,0.0,0.035388444,0.040124856,-0.033207145,0.05910442,0.19388339,Non-Pulsar
50.61,66.11,137.42,3.7844605,4.265,-27.738493,2.631006,0.0,0.32636207,0.08856198,-0.27835813,-0.46506256,2.7702482,Non-Pulsar
50.66,-50.67,262.76,3.2090065,4.708,-28.92351,2.592304,0.0,-0.17401202,-0.1781121,-0.45280513,-0.6190426,0.6243337,Non-Pulsar
50.75,9.68,173.13,2.1852527,5.26,-28.32032,2.2066844,0.0,-2.7566102,0.849529,-0.13124764,-0.13406546,-0.46570033,Non-Pulsar
50.94,-1.19,184.03,2.7505102,26.636,-28.094622,1.7798276,0.0,1.0449467,0.10230591,0.1595579,0.149325,0.13481925,Non-Pulsar
51.1,-13.22,199.39,3.2460408,4.865,-28.626265,2.5394337,0.0,-0.30779532,-0.1995238,-0.23733883,-0.15585198,-8.899568,Non-Pulsar
51.21,34.21,155.73,5.5872455,22.753,-27.879051,2.7113812,0.0,1.1412476,-0.33208984,-0.5058837,-0.58182514,0.15228672,Non-Pulsar
51.22,-20.73,211.02,3.102823,6.452,-28.989103,1.987496,0.0,0.6263803,-0.7473115,0.49881154,0.3899455,-0.51815873,Non-Pulsar
51.27,-24.28,217.0,2.9216383,5.161,-28.787418,2.5580144,0.0,-0.0011177347,-0.4761114,-0.081450194,-0.9415036,1.2266532,Non-Pulsar
51.31,47.09,148.25,4.146891,9.078,-27.789667,2.660265,0.0,0.6003667,-0.27961332,-0.3719148,-0.44999883,-2.2643337,Non-Pulsar
51.34,33.54,156.24,2.5372188,5.022,-29.053211,1.9157149,0.0,0.7373974,0.9988254,-0.37498322,0.654079,0.45761275,Non-Pulsar
51.38,-56.59,270.82,5.5044804,41.508,-28.29358,1.9097738,0.0,0.5705205,0.22590813,0.04809151,0.07754137,0.04757813,Non-Pulsar
51.42,-16.78,204.88,4.127228,35.272,-28.028389,1.7925736,0.0,0.89555746,0.12275734,0.16611879,0.13330226,0.08802582,Non-Pulsar
51.44,22.43,163.68,5.446385,37.898,-27.783644,2.541621,0.0,1.9483309,-0.216054,-0.34707847,-0.5809363,-5.6211743,Non-Pulsar
51.48,-18.72,207.94,3.0852275,6.179,-28.638908,2.2967007,0.0,-0.9694537,0.9623157,-0.30144382,-0.015361205,0.20927805,Non-Pulsar
51.57,2.42,180.76,3.296133,24.08,-28.209444,1.9196339,0.0,-0.44817698,-0.11411523,-0.05058265,0.1389143,0.3293864,Non-Pulsar
51.69,-34.08,234.42,3.4159904,9.515,-28.971056,1.9569403,0.0,0.7167202,0.41740552,0.4751636,-0.0023795478,-4.548812,Non-Pulsar
51.75,-37.86,241.16,2.894166,4.212,-28.68825,2.4481826,0.0,-0.6889027,-0.4442846,-0.5970647,0.30443478,0.43390262,Non-Pulsar
51.89,-18.09,207.17,4.1944966,6.627,-28.26449,2.9048216,0.0,0.40280917,-0.5512419,-0.69607216,-0.21077022,0.7000755,Non-Pulsar
51.97,-22.04,213.53,4.320314,6.225,-28.822983,2.5250034,0.0,0.14092194,-0.31281152,-0.32987761,-0.104227945,-1.796616,Non-Pulsar
52.22,-57.26,271.35,1.5254177,7.13,-29.092354,1.4679898,0.0,0.8129356,0.9985394,0.21415323,0.55719745,0.34461436,Non-Pulsar
52.24,35.25,155.82,3.604437,6.068,-28.071066,2.6449678,0.0,0.6621846,-0.3143374,-0.22217342,-0.5570234,1.8519734,Non-Pulsar
52.65,46.98,149.07,3.1143155,7.09,-27.779009,2.7077408,0.0,1.1916795,-0.15846284,-0.3495113,-0.3874353,0.28340408,Non-Pulsar
52.67,4.63,179.52,4.5838947,16.112,-28.152626,2.1204839,0.0,1.141627,0.45426172,-0.20778619,0.10758239,0.20893316,Non-Pulsar
52.69,-24.15,217.29,0.0,8.538,0.0,2.0477846,1.0,0.0,0.31520003,-0.21033737,0.14702952,0.34332633,Non-Pulsar
52.79,-52.73,264.88,2.731447,4.384,-29.016552,2.4198947,0.0,-0.5329355,-0.09900354,-0.33910048,-0.09201435,-0.3594506,Non-Pulsar
52.84,-61.94,276.97,3.8618846,29.252,-28.371386,1.8411461,0.0,1.2046655,0.28598624,0.17904383,0.006434568,-0.12945785,Non-Pulsar
52.97,-70.67,286.53,3.0554256,7.935,-29.085283,1.6778255,0.0,0.16988727,0.9643805,0.16413064,0.02153762,0.53658545,Non-Pulsar
52.99,63.13,139.95,3.653962,24.013,-27.896986,2.1410768,0.0,0.63416964,-0.09066666,-0.025195248,-0.14550285,-0.15186653,Non-Pulsar
53.03,-11.39,198.25,4.122325,9.787,-28.21549,2.3668752,0.0,0.75983393,-0.054884467,-0.047194533,-0.49835253,4.6389422,Non-Pulsar
53.05,-17.63,207.13,3.7963293,6.175,-28.467493,2.5210977,0.0,1.0705861,0.74195623,-0.29702622,-0.6086575,-1.0674137,Non-Pulsar
53.22,15.96,170.02,2.7175746,4.663,-28.53256,2.2007172,0.0,0.5421909,0.9999983,-0.09260304,0.0945984,-1.0440793,Non-Pulsar
53.3,82.45,128.18,2.957283,13.728,-28.780983,1.7531703,0.0,0.9061034,0.9964051,-0.067839235,0.2978272,0.33194917,Non-Pulsar
53.34,2.56,182.16,3.0574138,5.9,-28.64777,2.0982034,0.0,0.46109763,0.99811906,-0.24131213,0.2628339,-0.30341652,Non-Pulsar
53.44,78.85,130.55,4.8154516,32.363,-28.216257,1.9924961,0.0,0.77201647,0.08427621,-0.0010881186,0.050634604,0.09794326,Non-Pulsar
53.45,29.27,160.52,3.7267091,41.38,-27.803286,1.7798468,0.0,1.6803234,0.79774565,0.16689445,0.17995782,0.03450268,Non-Pulsar
53.47,40.12,153.63,3.1455805,9.071,-28.620268,1.896031,0.0,0.7164803,0.9998111,0.26405945,0.08989261,0.10232239,Non-Pulsar
53.48,65.62,138.67,4.6418114,38.394,-27.786003,1.8649728,0.0,1.2198666,-0.059529886,0.24875924,0.0032477933,-0.01935312,Non-Pulsar
53.56,-37.43,240.16,5.035946,80.158,-27.749075,1.9004034,0.0,1.7704009,0.15995453,0.075877085,-0.028373163,-0.12023317,Non-Pulsar
53.56,-40.14,244.77,6.439788,103.375,-27.849257,2.056785,0.0,2.0690324,0.054624915,-0.07026983,-0.12317745,-0.24626647,Non-Pulsar
53.58,39.34,154.18,0.0,11.003,0.0,1.8177055,1.0,0.0,-0.119971044,-0.025291242,0.2310467,0.37126303,Non-Pulsar
53.78,-44.99,252.7,3.8260121,22.091,-28.696728,1.9973099,0.0,-0.70105267,0.21751875,-0.14016265,0.087969586,0.38100144,Non-Pulsar
53.96,27.56,162.06,0.0,5.161,0.0,2.2031653,1.0,0.0,-0.15961836,-0.37672132,-0.1270659,0.6054629,Non-Pulsar
54.1,32.41,158.92,4.2545013,14.541,-27.560072,2.8090315,0.0,1.8585925,-0.15315406,-0.5606308,-0.9678322,0.91494435,Non-Pulsar
54.13,-3.81,189.68,3.0270243,9.688,-28.671637,1.6791183,0.0,-1.069572,0.9969,0.43644685,0.10182496,0.038075026,Non-Pulsar
54.2,-13.1,201.36,4.451407,8.584,-28.305563,2.5873346,0.0,0.68557024,-0.38932422,-0.23810035,-0.3750775,5.4402676,Non-Pulsar
54.22,-36.21,238.02,2.8424978,12.412,-28.597782,2.7747054,0.0,-0.8143703,-0.362956,-0.29941723,-0.45259762,2.0010917,Non-Pulsar
54.47,-11.96,200.01,2.296263,5.15,-28.442951,2.5680428,0.0,0.096868135,-0.08432581,-0.2539365,-0.31315503,-79.592926,Non-Pulsar
54.53,-24.72,218.87,2.5761845,6.282,-28.967037,1.551915,0.0,0.0024729169,-0.4153701,-0.6164235,0.7003306,0.6137241,Non-Pulsar
54.64,13.04,173.58,4.1574264,41.11,-27.678127,1.569916,0.0,1.8642656,0.9999974,0.29534233,0.29136983,0.22117043,Non-Pulsar
54.68,-53.33,265.0,2.4230194,5.889,-29.151644,1.8583362,0.0,0.6106794,0.9999999,0.67135286,0.29370716,-0.9327568,Non-Pulsar
54.7,-57.11,270.16,2.697333,5.374,-29.216476,1.8854581,0.0,-1.6707065,0.2669886,0.9921654,0.03837314,2.8600528,Non-Pulsar
54.74,-28.8,225.58,3.89002,24.818,-28.521044,1.9704479,0.0,-0.4603668,-0.12475056,-0.05510846,0.106029764,0.2753717,Non-Pulsar
54.81,-17.6,208.08,3.0886471,27.492,-28.133247,1.828396,0.0,0.76825196,0.3258772,0.07510121,0.19440465,0.090230376,Non-Pulsar
54.88,-1.78,188.0,7.998773,96.583,-27.661442,2.2445865,0.0,2.1004882,-0.08006664,-0.18697871,-0.2724391,-0.45711502,Non-Pulsar
55.12,-24.37,218.52,2.085533,9.015,-29.311428,1.685213,0.0,1.2973685,0.99796426,0.9012302,0.25798208,-0.6086499,Non-Pulsar
55.15,-21.32,213.78,4.6425223,40.959,-28.155525,2.1232548,0.0,1.0219913,-0.006827283,-0.07851452,-0.21642792,0.023953015,Non-Pulsar
55.15,-2.94,189.5,2.3638833,8.885,-28.692192,1.9879577,0.0,0.8783752,0.63040227,0.5435726,-0.364429,2.6245005,Non-Pulsar
55.57,38.98,155.67,0.0,9.452,0.0,2.2436488,1.0,0.0,-0.35103962,-0.25249144,-0.1010577,0.26851287,Non-Pulsar
55.71,-30.13,227.93,2.6302388,6.422,-29.362183,1.8831426,0.0,0.8093931,-0.040534224,0.449836,0.18276389,-0.28560185,Non-Pulsar
55.81,-25.49,220.51,5.55456,16.228,-28.494614,2.3777518,0.0,1.347223,0.03215116,-0.23098972,-0.42993143,-0.68884754,Non-Pulsar
55.82,-64.73,279.23,4.70573,27.572,-28.32628,2.0439441,0.0,0.9549987,0.37576303,-0.082727954,-0.03616086,-0.09261756,Non-Pulsar
55.87,36.36,157.54,2.3990598,13.703,-27.753334,2.2623816,0.0,0.82876873,-0.20179324,0.071553305,-0.3640491,11.109534,Non-Pulsar
56.07,32.06,160.51,2.3264742,8.601,-27.287067,2.8164108,0.0,1.36983,0.079030074,-0.30789697,-0.77069485,0.71860456,Non-Pulsar
56.12,34.55,158.89,2.7247493,7.656,-28.564987,1.923056,0.0,-0.20685355,-0.51797676,0.1568959,0.10351396,0.10032625,Non-Pulsar
56.32,-23.88,218.18,4.2773247,31.466,-28.46371,2.4567678,0.0,0.61208355,-0.16939053,-0.25819665,-0.31662506,-0.536031,Non-Pulsar
56.38,-33.02,232.72,2.7736888,7.28,-28.98029,2.2051644,0.0,-0.8067032,-0.4284068,0.06775161,-0.15799583,-0.94792485,Non-Pulsar
56.75,48.74,150.24,3.5619802,6.74,-27.663969,2.5909066,0.0,0.21826689,-0.15115617,-0.47132397,-0.12645817,0.26494208,Non-Pulsar
56.9,-1.55,189.34,2.3774238,5.107,-28.944584,1.5543962,0.0,1.0522219,-0.48032862,0.9998812,0.485732,-0.026439238,Non-Pulsar
56.95,-36.28,238.02,0.0,15.821,0.0,2.2816715,1.0,0.0,-0.2273099,-0.002729546,-0.27162892,-4.080189,Non-Pulsar
57.05,60.59,143.02,2.1197686,11.157,-28.351295,1.9110669,0.0,0.39639968,-0.46496904,-0.5168344,0.26450008,0.7088123,Non-Pulsar
57.15,-16.17,207.34,3.712622,23.601,-28.281063,2.3154259,0.0,0.7799857,-0.032333754,-0.2617723,-0.29858804,0.30939364,Non-Pulsar
57.15,-27.82,224.53,9.817487,226.894,-27.02432,1.9835417,0.0,2.893082,0.079647705,-0.01843168,-0.08696489,-0.27359426,Non-Pulsar
57.21,-8.48,197.47,2.6625426,5.894,-28.588787,2.4747007,0.0,-1.3613093,-0.46390116,-0.16269916,-0.07682867,-0.52009344,Non-Pulsar
57.22,46.17,152.09,3.2662413,5.372,-27.735874,2.874625,0.0,0.99314916,-0.028406383,-0.5094805,-0.5713558,0.6230876,Non-Pulsar
57.23,-49.0,257.87,3.1414144,7.858,-28.941132,2.4186463,0.0,-0.2680014,-0.3341366,-0.412122,0.08931958,0.33058116,Non-Pulsar
57.35,-11.99,201.94,0.0,19.918,0.0,1.8538309,1.0,0.0,-0.14643884,0.005126179,0.30889452,0.26758522,Non-Pulsar
57.42,24.18,167.02,3.4231007,6.579,-28.201807,2.671918,0.0,0.97471404,0.02651519,-0.57088435,-0.56874835,0.49718478,Non-Pulsar
57.47,-21.06,214.4,6.200734,35.944,-28.264097,2.4088838,0.0,1.665604,-0.19541411,-0.25282645,-0.4940228,-3.1783166,Non-Pulsar
57.5,6.68,181.55,2.6492226,6.531,-28.803358,1.4690588,0.0,0.23723137,-0.9883293,-0.5328115,0.99157214,0.67895085,Non-Pulsar
57.61,-51.74,261.75,2.921747,13.435,-28.90635,1.8417922,0.0,-0.28379926,0.39171085,0.29660034,-0.03411709,-0.12629466,Non-Pulsar
57.66,-32.45,231.91,4.6001954,6.853,-28.88502,2.4055378,0.0,-2.0810573,-0.037844915,-0.30571127,-0.14273143,0.271875,Non-Pulsar
57.71,-28.25,225.32,2.73789,7.218,-28.669687,1.7363216,0.0,0.2987216,-0.5092307,0.99968404,-0.16361417,-3.966553,Non-Pulsar
57.81,-61.05,274.16,0.0,4.172,0.0,2.0016036,1.0,0.0,0.9981909,-0.04823016,-0.18156594,0.30857387,Non-Pulsar
57.92,29.36,163.64,3.6080499,5.935,-28.520441,2.2,0.0,0.52285546,0.33823237,-0.51055205,-0.09917913,0.5510866,Non-Pulsar
58.0,-25.27,220.85,2.7270944,4.792,-28.900227,2.3527102,0.0,-0.39973882,-0.6028906,-0.42728975,0.27128208,0.2849583,Non-Pulsar
58.01,-37.05,239.22,2.713981,5.066,-29.245775,1.4759271,0.0,0.8684636,-0.999988,0.999982,0.60701084,0.21864003,Non-Pulsar
58.23,-36.39,238.18,2.6947808,11.968,-28.730108,1.3239777,0.0,1.302553,0.9998749,0.8927406,0.4659759,0.20378561,Non-Pulsar
58.27,56.9,145.84,4.644699,17.522,-28.095188,2.0617852,0.0,0.06620529,-0.25450963,0.18713486,-0.06844667,-0.6726763,Non-Pulsar
58.27,-68.53,282.8,2.3909898,16.518,-28.657568,1.6689479,0.0,-0.042518586,0.99865246,-0.12148609,0.24985152,0.438957,Non-Pulsar
58.44,82.96,128.35,0.0,9.224,0.0,1.8082763,1.0,0.0,0.9623528,0.65102345,0.29435197,-0.23291326,Non-Pulsar
58.61,46.72,152.48,4.7391934,16.852,-27.525309,2.528826,0.0,1.0026252,-0.20643337,-0.29656383,-0.26567346,0.07638035,Non-Pulsar
58.68,-16.29,208.33,4.173944,6.59,-28.610336,2.524565,0.0,-1.2495897,-0.22536446,-0.11674092,-0.4852551,2.0996146,Non-Pulsar
58.69,80.16,130.43,5.741566,12.107,-28.60634,2.1065848,0.0,0.731864,0.30738035,0.09393267,-0.21019335,-0.7888235,Non-Pulsar
58.78,-18.69,211.65,2.9550579,8.78,-28.941916,1.6997633,0.0,0.72999907,0.1346281,0.6178836,0.127817,-0.7095895,Non-Pulsar
58.83,39.17,157.54,1.2951697,5.683,-28.544888,1.8529081,0.0,-0.1633528,0.9999788,0.97041947,-0.021290021,-13.836967,Non-Pulsar
59.03,-13.49,204.86,3.0543256,9.633,-28.80176,2.0026832,0.0,-1.5381311,-0.6534894,0.31327033,-0.20994925,-0.5082111,Non-Pulsar
59.26,-49.93,258.69,4.908387,31.735,-28.411024,1.9665961,0.0,1.0691895,0.1854524,0.025803395,-0.050562363,-0.00905718,Non-Pulsar
59.3,23.35,168.99,0.0,7.777,0.0,2.310258,1.0,0.0,-0.052141383,-0.5235782,0.27538177,0.46654913,Non-Pulsar
59.32,-3.32,193.03,2.7700531,8.103,-28.567785,1.6527612,0.0,0.755646,-0.99765664,0.9999973,0.06153338,-0.49140808,Non-Pulsar
59.41,-46.42,253.5,3.097413,10.144,-28.973558,2.361407,0.0,-0.15028657,-0.092737295,-0.13510402,-0.07490923,-3.8918977,Non-Pulsar
59.46,32.08,162.76,3.16967,81.252,-27.119137,2.3146656,0.0,3.6049752,0.39453983,-0.045246143,-0.71601236,-0.46397847,Pulsar
59.52,-69.78,283.86,4.6940846,11.425,-28.585047,2.0694835,0.0,1.0139153,-0.2826537,0.058813542,-0.036950212,-0.030454127,Non-Pulsar
59.54,-59.91,272.18,2.7072246,11.625,-28.989641,2.2286386,0.0,-0.12610154,-0.28028655,0.056725733,-0.14388467,-7.6748023,Non-Pulsar
59.63,-54.54,265.07,3.669797,2.866,-28.961458,2.3869808,0.0,0.96959305,0.79239964,-0.163702,-0.7613053,0.7489865,Non-Pulsar
59.67,6.58,183.3,4.159917,7.191,-28.160063,2.5316644,0.0,0.9992116,0.27128595,-0.49978352,-0.25255653,0.49843013,Non-Pulsar
59.68,76.83,132.98,1.8035712,9.512,-29.0569,1.8742647,0.0,1.056461,0.999907,0.44855165,-0.0596001,-1.9528571,Non-Pulsar
59.73,60.08,144.38,4.738208,7.284,-27.765835,2.5481799,0.0,0.45336944,0.057268307,-0.55528754,0.0095125325,0.36939487,Non-Pulsar
59.77,-30.89,229.76,3.15446,12.15,-28.830322,1.6393397,0.0,1.0014446,0.99958944,0.03980142,0.3966832,0.3130637,Non-Pulsar
59.85,-2.6,192.63,2.5098464,6.686,-28.60849,1.8516601,0.0,0.5365313,-0.2642768,0.9948592,-0.14100452,26.707747,Non-Pulsar
59.86,54.25,148.23,1.5041214,35.084,-27.35556,2.1051998,0.0,2.5492754,0.4161468,0.099627584,-0.339455,-0.62157476,Pulsar
59.87,-26.27,222.89,2.6925693,10.289,-28.704678,2.1588244,0.0,0.100080185,-0.49424314,-0.03736341,0.023394154,0.014031229,Non-Pulsar
59.92,50.96,150.4,6.8926234,36.643,-26.996891,2.7187707,0.0,1.9962437,-0.24205065,-0.32610333,-0.53889877,-2.8390813,Non-Pulsar
59.92,32.23,162.96,2.8912687,4.852,-27.206116,2.905933,0.0,1.2480586,-0.11129922,-0.3648238,-0.48925605,0.16399653,Non-Pulsar
60.19,39.35,158.22,2.7772458,6.855,-28.13046,2.1070824,0.0,-0.14187911,-0.5797042,0.39976817,-0.16558464,2.6116605,Non-Pulsar
60.26,-53.9,264.02,2.7261586,8.659,-29.04275,1.7039099,0.0,0.017123006,-0.9880217,0.9794553,-0.07346341,-0.123712964,Non-Pulsar
60.32,81.89,129.35,2.9710152,4.253,-29.215063,1.9137318,0.0,0.40912646,-0.9991773,0.9999998,-0.30527225,-2.1253533,Non-Pulsar
60.34,4.21,186.04,2.8584704,6.409,-28.157799,2.505519,0.0,0.21715268,-0.41005978,-0.34529275,-0.003549266,-0.037248347,Non-Pulsar
60.45,21.2,171.45,5.351866,24.111,-27.897305,2.3679745,0.0,0.6782603,-0.206228,-0.16796412,-0.3371339,-0.93523675,Non-Pulsar
60.49,-20.58,215.01,6.6154013,44.79,-28.183529,2.1304026,0.0,1.5886328,0.0015977575,-0.08372686,-0.14897291,-0.58106595,Non-Pulsar
60.51,-26.27,223.07,3.5231838,20.308,-28.396181,2.0259767,0.0,1.3411311,0.65386415,0.09290011,-0.18269853,-0.29669037,Non-Pulsar
60.51,27.62,166.65,0.0,9.302,0.0,2.4667728,1.0,0.0,-0.1670792,-0.35390478,-0.43430904,0.49202105,Non-Pulsar
60.55,-31.79,231.24,0.0,15.671,0.0,2.457447,1.0,0.0,-0.17268541,-0.27728704,-0.06502772,-0.69029796,Non-Pulsar
60.74,64.55,141.75,0.0,8.155,0.0,2.12284,1.0,0.0,-0.4439299,-0.5564369,0.21253389,0.69662243,Non-Pulsar
60.84,26.02,168.06,2.7425928,6.273,-28.165577,2.6345627,0.0,1.0020933,-0.21241069,-0.19926576,-0.48018122,2.5432804,Non-Pulsar
60.9,-24.62,220.81,0.0,9.951,0.0,2.424854,1.0,0.0,-0.16134606,-0.17873085,-0.35986456,-1.192627,Non-Pulsar
60.98,-36.09,237.75,8.820652,146.019,-27.818481,2.4145565,0.0,2.722758,-0.16240485,-0.35767955,-0.53051984,-0.6470462,Non-Pulsar
61.05,-17.26,210.82,2.413254,6.609,-28.965132,2.0962536,0.0,-1.3006635,-0.12058198,0.11085139,-0.30039185,-1.8569031,Non-Pulsar
61.08,-16.0,209.2,3.162294,4.038,-28.921606,2.337191,0.0,0.2622065,0.35081667,-0.33136466,0.14944062,-0.6247248,Non-Pulsar
61.42,-13.14,205.79,5.580344,30.022,-28.403324,2.5939634,0.0,-0.683985,-0.25318044,-0.41011757,-0.2921717,0.26062462,Non-Pulsar
61.51,-54.12,264.0,2.825817,10.283,-28.931515,2.224652,0.0,0.24441075,-0.1660628,0.005492321,-0.07647805,-12.85593,Non-Pulsar
61.76,-38.44,241.28,6.74895,61.026,-27.975668,2.2303336,0.0,2.0576153,-0.056177016,-0.1667756,-0.34183776,-1.150882,Non-Pulsar
61.89,7.7,183.89,3.9912364,21.754,-28.053226,2.3042233,0.0,0.18013191,0.14614011,-0.2603529,-0.19562837,0.19525902,Non-Pulsar
62.36,32.03,164.65,2.1829503,10.995,-28.392326,2.0761316,0.0,-1.0864731,-0.3632471,-0.08555476,0.059583947,0.32362247,Non-Pulsar
62.46,-3.99,195.89,3.9227798,20.429,-28.339727,1.8361496,0.0,1.3911601,0.1908584,0.23896392,-0.11801053,-0.2603091,Non-Pulsar
62.74,42.28,157.66,4.164995,16.633,-27.849873,2.1088977,0.0,1.0129476,0.00811045,0.0587184,-0.16252746,-0.106566735,Non-Pulsar
62.95,30.68,166.0,1.885226,4.519,-28.189072,2.382344,0.0,0.48957744,-0.018815178,-0.23982313,-0.45538673,6.000815,Non-Pulsar
63.1,2.65,189.52,3.166996,9.133,-28.223843,2.2574825,0.0,0.5598169,0.9997828,-0.014977188,-0.2863424,6.261162,Non-Pulsar
63.15,-54.57,264.22,2.7457337,5.757,-29.150787,2.0623212,0.0,0.22799018,0.99996775,0.53362894,-0.056115445,-4.0653706,Non-Pulsar
63.19,-39.46,242.77,2.630123,5.287,-29.187506,1.7022805,0.0,-0.22702162,0.99645686,0.06495226,0.23367427,0.2503389,Non-Pulsar
63.28,-53.55,262.8,5.3699384,10.551,-28.612003,2.4151585,0.0,-1.2234387,-0.20267141,-0.34272945,-0.08620653,0.20330566,Non-Pulsar
63.66,-8.71,201.84,0.0,4.832,0.0,2.2640643,1.0,0.0,-0.54432064,0.34056997,-0.460476,1.7643374,Non-Pulsar
63.71,-53.65,262.85,2.6487803,11.844,-28.6876,1.4935172,0.0,0.8120244,-0.7563296,0.8128272,0.121432394,0.33692214,Non-Pulsar
63.8,-57.69,268.2,2.4412384,3.894,-29.29762,1.6619875,0.0,-0.42839703,-0.26192534,0.40282345,-0.46126413,-0.47549,Non-Pulsar
64.0,-47.73,254.6,3.1700797,3.452,-29.069988,2.438424,0.0,-0.095155954,0.115889825,-0.51073,0.3293702,-0.05833302,Non-Pulsar
64.02,-66.47,279.04,2.4831545,7.112,-28.864101,2.2788591,0.0,-0.4041155,-0.64520645,-0.48364666,0.23486082,0.57129216,Non-Pulsar
64.07,-43.89,249.13,0.0,7.814,0.0,2.5170999,1.0,0.0,0.9986853,-0.14816979,-0.5218657,4.097183,Non-Pulsar
64.12,-20.99,217.04,1.9388818,4.354,-28.771202,2.4762628,0.0,-1.7737366,-0.6029314,0.01692192,-0.18954256,-122.49148,Non-Pulsar
64.14,-18.87,214.33,5.3975058,24.166,-28.557432,2.3996959,0.0,0.6261285,-0.15631932,-0.20635866,-0.4574536,-0.18281199,Non-Pulsar
64.23,1.09,191.82,0.0,23.288,0.0,1.8493657,1.0,0.0,-0.0111454,-0.0509189,0.19956715,0.29579848,Non-Pulsar
64.53,-2.88,196.05,5.9235168,28.49,-28.102766,1.9991955,0.0,1.5037283,-0.024435962,0.047033142,-0.09522254,-0.26762655,Non-Pulsar
64.56,38.12,161.59,3.7697206,13.378,-27.477707,2.7727072,0.0,1.2210393,-0.34002236,-0.44930208,-0.51020247,-0.24911176,Non-Pulsar
64.6,34.24,164.41,1.5438956,5.415,-28.187124,2.4249141,0.0,-0.10581285,-0.36399007,-0.194453,-0.042946022,-2.1460505,Non-Pulsar
65.01,8.1,185.69,3.5209281,3.36,-28.288984,2.3686526,0.0,-1.9223994,-0.3113352,-0.4803894,-0.07872486,0.6314247,Non-Pulsar
65.05,40.2,160.38,3.054079,10.816,-28.27092,1.6809019,0.0,0.7128156,-0.7886474,0.8200782,0.22241174,0.057439666,Non-Pulsar
65.08,-60.27,271.22,2.9901743,12.608,-28.98859,2.0497348,0.0,-0.06669806,-0.14923292,-0.20058803,0.11613196,0.43403047,Non-Pulsar
65.09,-37.75,240.34,4.668057,39.315,-27.996115,2.0929265,0.0,1.1641062,-0.05058888,-0.08180987,-0.060867924,-0.10268309,Non-Pulsar
65.26,-7.88,201.86,1.8378696,6.523,-28.243048,2.5836167,0.0,-0.85920495,-0.50044286,-0.30653915,-0.5341464,0.085610814,Non-Pulsar
65.41,-6.46,200.39,0.0,4.675,0.0,2.1311033,1.0,0.0,-0.70685285,-0.38685155,0.20162137,0.31335717,Non-Pulsar
65.53,-6.74,200.78,5.8518434,19.909,-27.723358,2.5744374,0.0,1.5191307,0.26417226,-0.24449088,-0.45967478,-2.448634,Non-Pulsar
65.59,19.86,176.02,2.8829875,11.617,-28.225437,1.9151593,0.0,0.0424417,-0.62982106,0.35125,0.19674867,-0.3176737,Non-Pulsar
65.7,2.43,191.48,3.1447814,7.691,-28.070097,2.6638315,0.0,1.2116582,-0.2700607,-0.47275582,-0.9651913,1.0466114,Non-Pulsar
65.78,21.11,175.15,2.4015846,13.315,-27.9608,2.3347645,0.0,0.46640638,0.3738,-0.34471512,-0.1344218,0.16133884,Non-Pulsar
65.83,-1.33,195.29,7.2101502,74.607,-27.75547,2.2492335,0.0,1.9872358,-0.07316277,-0.16149175,-0.30112654,-0.94018644,Non-Pulsar
65.93,8.53,185.92,2.7328558,3.944,-28.868011,1.8152565,0.0,0.25264433,0.680308,0.998591,-0.32923844,3.4032252,Non-Pulsar
65.98,41.83,159.7,2.5491378,57.875,-27.481474,1.8170502,0.0,1.7418545,0.12549411,0.16065006,0.14009935,0.106128775,Non-Pulsar
66.19,0.6,193.58,4.2928815,41.316,-27.752403,2.120474,0.0,1.0458788,0.122700565,-0.11795188,-0.08239801,0.022094274,Non-Pulsar
66.25,-53.53,262.19,4.7592287,32.572,-28.459738,2.1029208,0.0,1.3596774,0.052832298,-0.08208749,-0.12410839,-0.26583436,Non-Pulsar
66.34,63.33,144.4,2.8406332,17.094,-28.360012,1.7835349,0.0,0.52598745,-0.41875473,-0.41804576,0.39429453,0.6521118,Non-Pulsar
66.64,5.29,189.37,5.5967073,19.665,-27.695564,2.4928672,0.0,1.3495717,-0.14853758,-0.37591773,-0.48487434,0.03276145,Non-Pulsar
66.64,20.13,176.49,2.0511632,4.013,-27.975874,2.6280096,0.0,1.0626652,-0.17291556,-0.05341932,-0.7132847,1.3396132,Non-Pulsar
66.68,68.45,140.67,3.1539521,19.734,-28.34928,2.247553,0.0,-0.099773146,-0.24137633,-0.18013312,-0.06661137,0.0033573643,Non-Pulsar
66.83,-39.01,242.17,4.847855,22.088,-27.92428,2.8172715,0.0,-0.5140363,-0.32117495,-0.48623726,-0.38971803,-0.4005524,Non-Pulsar
66.89,-18.53,215.09,0.0,4.464,0.0,1.753967,1.0,0.0,0.99998194,-0.14821264,-0.015180032,0.49249026,Non-Pulsar
67.17,-37.94,240.71,8.714596,258.51,-26.920403,2.006252,0.0,2.8706472,0.09907732,-0.012054524,-0.0777708,-0.22623363,Non-Pulsar
67.19,-50.07,257.39,2.3909895,5.113,-29.053925,2.3450537,0.0,0.22466132,0.9590278,-0.23758045,0.025812738,-0.98825264,Non-Pulsar
67.25,-0.1,194.95,3.8160539,2.331,-28.156923,2.9118054,0.0,-0.81858224,-0.4603131,-0.21603008,-0.9440803,1.0306201,Non-Pulsar
67.33,-32.63,233.47,2.38689,9.392,-28.886292,1.8849074,0.0,0.20584992,0.9998977,0.10327611,0.006120012,0.15870972,Non-Pulsar
67.34,-43.44,248.31,2.8565876,7.039,-28.722183,2.5259993,0.0,-1.8318038,0.09248782,-0.2545718,-0.6531833,-7.214081,Non-Pulsar
67.46,28.72,170.25,2.508992,20.379,-27.782295,1.9344368,0.0,1.3078731,0.04199625,0.16565083,0.06795665,-0.023263987,Non-Pulsar
67.48,-31.02,231.33,3.0247917,19.914,-28.606657,1.9055432,0.0,0.65711826,-0.13260771,0.113965824,0.18369403,-0.09563757,Non-Pulsar
67.58,-25.13,223.62,2.643236,15.082,-28.639591,2.181269,0.0,-0.5020452,-0.34042963,-0.07512146,-0.1575573,0.022709085,Non-Pulsar
67.59,16.91,179.75,3.5148063,13.154,-27.903385,2.3332813,0.0,0.1494158,-0.028667005,-0.2195015,-0.20825148,-0.20020002,Non-Pulsar
67.82,-3.97,199.2,3.3905413,5.191,-28.54514,2.5802565,0.0,0.38362548,-0.36977354,-0.23730308,-0.5308674,-1.3297455,Non-Pulsar
67.95,74.06,136.59,3.505307,21.232,-28.469791,1.7573895,0.0,0.8609355,0.23288006,0.061464183,0.16909914,0.44696766,Non-Pulsar
68.01,17.54,179.49,2.5760062,7.164,-27.96775,2.394112,0.0,0.9480594,-0.0588591,-0.0050799414,-0.54749733,-0.38489208,Non-Pulsar
68.26,5.37,190.34,5.813365,27.037,-27.73437,2.6923025,0.0,1.7289299,-0.29117894,-0.49466872,-0.61677766,-0.7263842,Non-Pulsar
68.29,32.46,167.88,3.039533,13.758,-28.244802,1.945146,0.0,-0.39060634,-0.377217,-0.0021594437,0.17417663,0.23331155,Non-Pulsar
68.4,-10.66,206.67,2.482898,5.316,-28.767075,2.25931,0.0,-0.7257279,0.11070042,0.038881708,-0.11191841,6.5866184,Non-Pulsar
68.4,-60.51,270.86,5.397932,44.648,-28.297838,2.3255296,0.0,1.7450082,-0.04166585,-0.1973106,-0.41383702,-1.2785292,Non-Pulsar
68.41,29.1,170.52,5.427666,47.294,-27.342972,2.0539489,0.0,1.3870193,0.14710061,0.0101794135,-0.034770325,-0.1301319,Non-Pulsar
68.44,-57.43,266.93,3.0816538,23.486,-28.724787,1.7038908,0.0,1.5362458,0.29228964,0.309593,0.112536855,-0.09943288,Non-Pulsar
68.53,-20.24,217.85,3.8250842,14.204,-28.551512,2.0972142,0.0,0.8804273,0.39441237,0.07222613,-0.39795977,-0.77535206,Non-Pulsar
68.59,-25.29,224.14,3.276873,6.185,-28.49849,2.4343798,0.0,0.70249796,0.99929845,-0.09655288,-0.38078547,4.931279,Non-Pulsar
68.6,-23.71,222.15,3.095288,9.099,-28.658508,2.4694963,0.0,-0.26064754,-0.1756234,-0.27784538,-0.17758092,-0.6950161,Non-Pulsar
68.69,9.38,186.96,3.5836122,19.747,-28.190208,1.9739357,0.0,0.60519326,-0.124301136,0.28134227,-0.0077855885,-0.91803694,Non-Pulsar
68.86,-26.39,225.62,0.0,5.863,0.0,2.1857889,1.0,0.0,0.32728636,0.013949471,-0.3032239,-47.287098,Non-Pulsar
69.05,-0.65,196.59,2.9299302,6.103,-29.04472,2.3571296,0.0,0.9592444,0.9984323,0.47895545,-0.31621215,-4.0932417,Non-Pulsar
69.18,-71.8,284.2,2.157058,9.793,-28.68454,2.2809994,0.0,0.28605652,0.042170428,-0.19697097,-0.09545456,-0.7171595,Non-Pulsar
69.22,-52.39,260.25,4.9148984,14.713,-28.81579,2.6043372,0.0,0.066317305,-0.4382929,-0.15296134,-0.46717542,1.9467002,Non-Pulsar
69.32,-58.78,268.51,2.2910979,5.037,-28.769415,2.705032,0.0,-0.19507554,-0.31795526,-0.6246469,0.012858504,0.5246184,Non-Pulsar
69.35,-61.93,272.46,2.411906,11.815,-28.933825,2.1940033,0.0,0.115839146,0.34106624,0.021338182,-0.21001351,-4.626889,Non-Pulsar
69.61,-12.91,209.78,3.56413,7.202,-28.524494,2.482515,0.0,-0.07505859,-0.16143218,-0.43031946,0.008849963,-0.07988556,Non-Pulsar
69.74,-45.36,250.83,4.1120777,32.876,-28.197739,2.276447,0.0,1.0987399,-0.0018245161,-0.17724344,-0.30120158,-0.31574595,Non-Pulsar
69.82,21.86,177.09,3.0328703,6.316,-27.826572,2.4428053,0.0,0.85836977,-0.22530974,-0.059731193,-0.47453448,3.0471704,Non-Pulsar
69.86,-32.04,233.14,0.0,12.762,0.0,1.9919859,1.0,0.0,0.12879694,-0.058433224,-0.08031126,0.34371364,Non-Pulsar
69.96,-19.0,216.93,2.8732417,19.51,-28.436132,1.7923982,0.0,0.9687842,0.27426568,0.067547396,0.16016297,0.16793276,Non-Pulsar
70.07,-24.97,224.2,2.2571144,12.918,-28.69047,1.6784071,0.0,0.58697414,0.9991134,0.4045886,0.40337822,0.1907757,Non-Pulsar
70.07,42.77,161.08,2.9920423,5.129,-28.901524,1.9467151,0.0,1.0798182,0.9999708,0.71918,0.47280607,0.087889604,Non-Pulsar
70.08,-43.54,248.4,7.738154,61.568,-27.751003,2.5771306,0.0,2.3609858,-0.12908551,-0.35524857,-0.5583054,-1.832584,Non-Pulsar
70.12,14.68,183.23,2.5385408,9.807,-27.667444,2.392626,0.0,1.1036407,-0.18290034,-0.11511388,-0.27087477,-0.9236224,Non-Pulsar
70.22,27.83,172.57,2.7678301,21.075,-27.863829,1.8606168,0.0,1.0678127,-0.24290952,0.08939293,0.08983024,0.26146796,Non-Pulsar
70.32,-29.9,230.47,2.6914492,4.435,-28.896936,2.354919,0.0,-1.3514224,-0.8328586,0.7848974,-0.1095441,2.0314655,Non-Pulsar
70.34,-26.29,225.93,2.6499684,3.84,-29.237066,1.6987098,0.0,0.27496308,-0.96710503,0.7667066,0.4961153,0.57157254,Non-Pulsar
70.39,15.09,183.05,2.520452,9.45,-28.066608,2.0487592,0.0,0.30595818,0.9999796,0.04740979,0.1940429,0.1007709,Non-Pulsar
70.66,-0.3,197.2,7.121945,77.895,-27.833391,2.354228,0.0,1.7448484,-0.15299803,-0.24602716,-0.34667435,-0.89163655,Non-Pulsar
70.68,61.71,146.99,2.194576,15.698,-28.366568,1.9613427,0.0,-1.0328027,0.1570374,-0.43168128,0.16036688,0.6137151,Non-Pulsar
70.85,-66.87,278.21,4.1280594,14.271,-28.432,2.3318594,0.0,0.71835995,-0.29854903,-0.136777,-0.34252018,-0.656031,Non-Pulsar
70.86,-41.88,246.2,2.6532345,9.473,-28.989489,1.9193321,0.0,-1.0079386,0.3184448,-0.14021616,0.23633604,0.22583511,Non-Pulsar
71.14,7.32,190.33,0.0,8.275,0.0,2.6049883,1.0,0.0,-0.46767044,-0.31295177,-0.04388553,-0.45099154,Non-Pulsar
71.16,34.42,167.98,3.396589,12.439,-27.86525,2.1921942,0.0,0.21897084,-0.19940911,-0.22276628,0.19323826,0.18311694,Non-Pulsar
71.29,-60.21,270.01,3.6145544,10.662,-28.891481,2.1564276,0.0,0.43465176,-0.04879198,0.025619386,-0.13279554,-1.3428149,Non-Pulsar
71.6,-17.49,215.86,0.0,4.277,0.0,1.8083512,1.0,0.0,0.66364425,0.025795072,-0.0962144,0.58844894,Non-Pulsar
71.81,-25.65,225.58,1.3705708,9.863,-28.807127,1.7888858,0.0,0.2246618,-0.5255591,0.2531459,0.16049026,0.29547864,Non-Pulsar
71.87,-27.8,228.23,3.5118291,4.381,-29.498028,2.1497955,0.0,0.95820385,0.9932261,0.43163624,-0.5992401,3.9202857,Non-Pulsar
72.15,-16.55,215.04,3.2438505,30.342,-28.112083,1.7796171,0.0,0.8385502,0.21450731,0.062137704,0.118026525,0.3586408,Non-Pulsar
72.28,11.36,187.43,5.5152473,46.504,-27.670542,2.4031312,0.0,1.9123064,-0.1351942,-0.28432134,-0.39816135,-0.65508145,Non-Pulsar
72.32,63.49,146.06,6.1231327,28.151,-27.76614,2.3190258,0.0,1.1956445,-0.14619036,-0.058662213,-0.27461672,-0.6004184,Non-Pulsar
72.36,-43.84,248.8,6.483341,180.193,-26.902918,1.7630212,0.0,2.2227788,0.24429813,0.14658244,0.12949696,0.1087178,Non-Pulsar
72.4,-81.01,293.86,2.9439893,5.753,-28.702553,2.3082426,0.0,-0.10138197,-0.7084126,0.116466574,-0.53812677,-0.4357147,Non-Pulsar
72.42,30.47,171.74,2.6527073,3.331,-27.818853,2.6149647,0.0,0.6307929,-0.25032714,-0.51148236,-0.20104262,0.13123238,Non-Pulsar
72.58,-44.32,249.44,3.6730137,9.726,-27.781641,2.8118856,0.0,0.10459745,-0.41757694,-0.4513113,-0.32817063,-0.36496595,Non-Pulsar
72.62,72.51,138.72,3.2887743,8.624,-28.837412,2.1671216,0.0,-1.3037863,-0.24569482,0.03840854,-0.1321379,-1.2378736,Non-Pulsar
72.69,-49.65,256.36,0.0,5.922,0.0,2.310519,1.0,0.0,-0.29394585,-0.12245631,-0.082520455,-0.7616379,Non-Pulsar
72.72,-23.46,223.25,0.0,4.605,0.0,2.3084433,1.0,0.0,-0.7408993,0.31969273,-0.26354608,3.8925254,Non-Pulsar
72.96,-46.86,252.73,5.329421,17.181,-28.065306,2.3979795,0.0,0.7371811,-0.070166,-0.2705163,-0.07420463,-0.32012165,Non-Pulsar
72.97,57.35,151.14,2.9559681,8.381,-28.73344,1.746806,0.0,0.7182776,-0.75390476,0.5350492,-0.0243088,-0.68258345,Non-Pulsar
73.01,21.0,179.68,2.5303879,3.817,-28.724733,1.6889975,0.0,-0.545735,0.7223139,0.9781731,0.59737766,0.3628202,Non-Pulsar
73.29,-28.11,229.0,5.910087,56.704,-28.191368,2.5048501,0.0,1.9254761,-0.22914921,-0.37792453,-0.5936676,-1.7628893,Non-Pulsar
73.29,63.37,146.43,3.0940251,11.581,-28.266142,2.1200004,0.0,-0.27784035,0.84643084,-0.38629678,0.17027463,0.33022216,Non-Pulsar
73.38,-12.56,211.21,2.7153447,5.154,-28.501024,2.594017,0.0,-2.8719656,-0.43278825,-0.18112536,-0.55785906,-5.760136,Non-Pulsar
73.49,37.46,166.84,3.3379674,3.407,-28.039669,2.2367265,0.0,0.32344776,-0.96895033,0.83523095,0.08462843,0.061820988,Non-Pulsar
73.95,-46.29,251.99,5.22101,35.919,-27.860683,2.5329676,0.0,0.86759627,-0.24953537,-0.29670665,-0.40670407,-0.3172354,Non-Pulsar
74.07,27.04,175.37,4.365344,10.889,-27.756557,2.453198,0.0,0.55742806,-0.098507635,-0.18881522,-0.27044946,-3.4604537,Non-Pulsar
74.08,-16.58,215.9,2.7698805,9.612,-28.945992,1.7373276,0.0,1.0563909,-0.3412847,0.49095973,0.13989568,-0.079201415,Non-Pulsar
74.11,-40.72,244.88,3.2058346,5.632,-28.837593,2.482117,0.0,-0.40884158,-0.74151444,0.10557539,-0.03460833,-1.8650602,Non-Pulsar
74.16,-31.62,233.48,4.6717534,28.777,-28.437023,2.3221796,0.0,1.1205478,-0.09474784,-0.21281813,-0.42683583,-0.7597616,Non-Pulsar
74.25,6.78,192.67,4.4764786,9.003,-28.30558,2.506836,0.0,0.18149325,-0.028112171,-0.23507431,-0.4076395,-7.152819,Non-Pulsar
74.26,-23.41,223.71,8.336661,247.863,-26.996477,2.1109946,0.0,2.9256938,0.025917012,-0.09124697,-0.18075782,-0.24576236,Non-Pulsar
74.51,11.87,188.29,2.4943602,7.365,-28.338717,2.009755,0.0,-0.5648862,-0.5664386,-0.48517892,0.45874774,0.61650425,Non-Pulsar
74.67,55.17,153.47,3.5829487,4.767,-27.879984,2.431795,0.0,-0.28219405,-0.2481527,-0.5247203,0.013421077,0.28165364,Non-Pulsar
74.8,-26.21,227.16,3.2319558,4.442,-28.842863,2.3139973,0.0,-0.5402431,-0.004370194,-0.23996986,0.0711245,-0.19931866,Non-Pulsar
74.86,19.36,182.11,0.0,5.242,0.0,2.0301664,1.0,0.0,0.6463314,-0.93310064,0.89339834,0.70858,Non-Pulsar
74.93,-45.5,251.0,4.28227,11.064,-28.503147,2.5213573,0.0,0.41507325,-0.015944287,-0.25317702,-0.30333656,-7.639184,Non-Pulsar
75.04,54.78,153.9,2.53165,4.244,-28.063522,2.3086655,0.0,0.48731273,0.99999523,-0.08336591,0.25616026,-0.52327216,Non-Pulsar
75.07,52.63,155.63,0.0,17.336,0.0,1.8597474,1.0,0.0,0.99999094,-0.23228237,0.072144724,0.40130913,Non-Pulsar
75.12,-53.36,260.98,3.4236653,4.38,-29.15731,2.2089298,0.0,0.74587446,0.97871053,0.23117276,-0.29044423,4.6393886,Non-Pulsar
75.17,-49.19,255.69,3.7333944,18.077,-28.757856,1.8832475,0.0,0.54972875,0.9999993,0.031017391,0.13910332,0.004386506,Non-Pulsar
75.27,24.41,178.17,1.9081647,8.321,-28.677422,1.8133314,0.0,1.0601965,-0.9978552,0.99999946,0.35035202,0.13795906,Non-Pulsar
75.27,-24.39,225.18,3.6308289,7.125,-28.049213,2.9309754,0.0,0.56816155,-0.47433305,-0.3857006,-0.88286006,1.154891,Non-Pulsar
75.3,-1.97,201.44,7.648682,111.601,-27.650007,2.26889,0.0,2.3146327,-0.13449234,-0.19410843,-0.2934826,-0.948864,Non-Pulsar
75.43,30.8,173.09,1.9881496,9.562,-28.125288,2.0586183,0.0,-0.78141075,-0.059787914,-0.14443555,-0.08487497,0.24638306,Non-Pulsar
75.62,6.16,194.01,0.0,9.944,0.0,2.6840732,1.0,0.0,-0.2935686,-0.49833333,-0.22624405,0.3636655,Non-Pulsar
75.63,13.67,187.38,0.0,8.664,0.0,2.207816,1.0,0.0,-0.38657305,0.23691674,-0.14650089,-2.8468444,Non-Pulsar
75.64,34.63,170.14,4.585532,25.421,-27.492086,2.3205128,0.0,1.5026022,-0.07929417,-0.120678365,-0.26803756,-0.75135624,Non-Pulsar
75.75,65.56,145.27,1.3388473,7.583,-28.864819,1.8677615,0.0,-2.684889,0.9999998,-0.0339678,0.17184341,0.42581317,Non-Pulsar
75.8,-60.75,270.13,3.0901673,7.495,-28.257412,2.7849357,0.0,0.64049006,-0.38837793,-0.35896564,-0.6081781,1.8636322,Non-Pulsar
75.89,-11.28,211.05,2.787691,10.16,-28.597408,1.9278659,0.0,0.63804656,0.9993439,0.13098499,0.25831142,0.0677119,Non-Pulsar
75.92,45.31,161.79,2.420717,14.362,-28.036108,1.9328458,0.0,0.557028,-0.69498044,0.9999028,-0.06508357,-1.7132616,Non-Pulsar
76.09,-9.92,209.74,2.5209684,4.828,-28.789265,2.0129929,0.0,-0.3847878,-0.48660484,0.24485198,-0.16490856,-1.9599878,Non-Pulsar
76.34,5.0,195.47,8.122442,81.193,-27.254562,2.3297808,0.0,2.3280256,-0.10990169,-0.1543953,-0.3068061,-1.294959,Non-Pulsar
76.4,4.27,196.18,2.6183355,19.857,-28.142729,1.9234272,0.0,0.3392552,0.9975871,-0.15284142,0.14890546,0.3565412,Non-Pulsar
76.41,-15.97,216.23,0.0,11.708,0.0,2.0663748,1.0,0.0,-0.2668083,0.06587339,-0.17602083,0.3427763,Non-Pulsar
76.42,64.09,146.68,5.4694905,13.231,-28.235004,2.3490598,0.0,1.1504043,0.09842229,-0.26030403,-0.16345768,0.22849078,Non-Pulsar
76.46,33.37,171.55,2.6829412,7.609,-28.107157,2.1381269,0.0,0.33695915,0.8078741,0.41020963,-0.3459824,3.9223557,Non-Pulsar
76.46,-4.32,204.33,4.1086574,14.056,-28.229492,2.3839974,0.0,0.38101628,0.027499257,-0.2934988,-0.13333385,-0.3749781,Non-Pulsar
76.47,-38.3,242.11,3.461654,13.928,-28.672428,1.7180818,0.0,0.7416684,0.3098452,0.21297611,0.1861339,0.09587261,Non-Pulsar
76.51,61.23,149.11,3.7828226,20.664,-28.33252,1.9592559,0.0,0.10658537,0.23356363,-0.19250032,0.19156845,0.22992173,Non-Pulsar
76.52,-3.96,204.01,2.354012,7.033,-28.892843,1.9667861,0.0,1.1340764,0.9999157,0.9749785,-0.07199409,-0.45291287,Non-Pulsar
76.68,-8.96,209.06,3.3020217,11.572,-28.548212,2.1209292,0.0,0.21426907,-0.13787374,0.100618124,-0.2568385,32.587475,Non-Pulsar
76.73,3.39,197.16,2.2527514,11.409,-28.523308,1.9825997,0.0,0.47822514,0.99995977,0.1917724,-0.004434085,-1.6744671,Non-Pulsar
76.75,-54.59,262.42,3.5769458,32.162,-28.228296,1.4246678,0.0,1.4556974,0.41681528,0.367589,0.32009575,0.38601068,Non-Pulsar
76.86,-33.78,236.68,3.0085633,14.675,-28.684002,1.8012352,0.0,-0.007703335,-0.10816956,0.27756187,-0.047927096,0.33196637,Non-Pulsar
76.93,-61.08,270.43,4.410556,27.304,-28.056097,2.4520469,0.0,0.9847185,-0.09847856,-0.24660984,-0.30155548,-0.4055204,Non-Pulsar
76.98,46.8,161.05,3.2902853,9.945,-27.433712,2.6030033,0.0,1.4203844,-0.23476097,-0.13742822,-0.6230012,2.0515814,Non-Pulsar
77.0,67.62,143.8,4.464118,68.683,-27.763676,1.4902594,0.0,1.160585,0.11306014,0.3023317,0.28878248,0.44288465,Non-Pulsar
77.06,-19.62,220.45,2.9289806,8.535,-28.788118,2.2256696,0.0,1.2527529,0.63279253,0.09124535,-0.46951354,-2.9733763,Non-Pulsar
77.06,52.19,156.72,3.161505,5.132,-28.393969,2.139946,0.0,-0.1882461,0.9973001,0.26580697,-0.37238744,1.5920061,Non-Pulsar
77.28,19.72,183.16,2.3355408,5.596,-27.754856,2.6504548,0.0,0.48723006,-0.22538656,-0.25028718,-0.518219,1.5685446,Non-Pulsar
77.3,-73.3,284.89,2.7436764,4.182,-28.705488,2.2187135,0.0,-2.3437188,-0.7532354,0.023868743,-0.19614306,-1.465947,Non-Pulsar
77.32,55.83,153.83,3.1369824,8.262,-28.054344,2.270431,0.0,0.72049326,0.8805995,-0.09274686,-0.093830466,0.012752188,Non-Pulsar
77.35,-29.29,231.48,2.700715,6.887,-28.94038,2.2230334,0.0,-0.9555587,0.21953504,-0.28539968,0.099440366,0.3270022,Non-Pulsar
77.35,10.2,191.38,4.250531,17.995,-28.011263,2.4780695,0.0,0.5385227,-0.18867943,-0.23921134,-0.3640236,-1.1265961,Non-Pulsar
77.36,5.7,195.4,7.1346836,118.63,-27.09642,2.0265326,0.0,1.8358248,0.06967494,-0.022323007,-0.01997352,-0.17012934,Non-Pulsar
77.4,84.42,128.47,2.9525268,6.455,-28.858736,2.4442668,0.0,0.533579,-0.30621955,-0.2561078,-0.06969781,-3.0684574,Non-Pulsar
77.42,-4.04,204.55,2.2828214,9.482,-28.523405,1.9105258,0.0,-0.06229539,0.9927158,-0.14868438,0.23302524,0.36949736,Non-Pulsar
77.49,-64.29,274.27,3.4137118,18.715,-28.723938,1.9711906,0.0,-0.08319638,-0.25112343,-0.0020224827,0.014343747,0.31384656,Non-Pulsar
77.52,18.01,184.73,7.6216483,58.848,-27.442547,2.0900288,0.0,1.8869469,0.012188732,-0.017384194,-0.14633189,-0.30973506,Non-Pulsar
77.61,-18.16,219.08,3.5184531,8.288,-28.457201,2.376477,0.0,0.8085587,0.23299457,-0.33331433,-0.5260417,0.38514718,Non-Pulsar
77.85,-68.08,278.76,0.0,7.709,0.0,2.2736783,1.0,0.0,-0.44715422,-0.4397261,-0.0034325426,0.5967408,Non-Pulsar
78.22,40.69,166.5,4.11659,18.086,-27.873241,2.3208497,0.0,0.53571177,-0.40520194,-0.029415887,-0.18975694,-1.991643,Non-Pulsar
78.5,-37.78,241.77,3.2413247,8.056,-28.716616,2.4605262,0.0,0.1868344,0.17943148,-0.17331068,-0.83454,1.5119206,Non-Pulsar
78.63,62.8,148.35,3.2872143,8.259,-28.58576,2.182533,0.0,0.3683504,0.5188792,-0.015679983,-0.13364372,-0.6765433,Non-Pulsar
78.65,-44.14,249.5,2.403739,28.566,-28.551914,2.09699,0.0,2.3482969,0.26853824,-0.18408197,-0.9811449,1.036806,Pulsar
78.89,-1.42,202.81,2.958793,10.37,-28.513145,1.7484474,0.0,0.9015124,-0.08505993,0.2887573,0.22303806,0.023840979,Non-Pulsar
78.91,-45.95,251.73,7.837501,75.048,-27.607897,2.2834687,0.0,1.7660164,-0.055119224,-0.12865563,-0.22385977,-0.891566,Non-Pulsar
78.95,15.46,187.69,3.6641202,32.85,-27.715698,1.7774527,0.0,1.3454399,0.010926104,0.31572622,0.08013456,-0.07351335,Non-Pulsar
78.99,5.62,196.36,2.3779356,3.792,-28.41337,2.2730536,0.0,-0.66755694,-0.53593624,0.061810784,0.19684806,-0.1657067,Non-Pulsar
79.04,-72.67,284.0,5.6990433,14.958,-28.210732,2.2980466,0.0,0.84796625,0.46309957,-0.083842054,-0.27439153,-1.217694,Non-Pulsar
79.1,73.85,138.63,2.6592772,21.449,-28.555729,1.7424601,0.0,0.85453355,0.005353258,0.33011264,0.110707864,-0.04209345,Non-Pulsar
79.18,27.72,177.53,2.195935,4.918,-27.518166,2.4914277,0.0,0.53713197,-0.84486204,0.20196372,-0.13080744,0.38069138,Non-Pulsar
79.18,-62.12,271.52,5.4853396,66.862,-27.970827,2.1538682,0.0,1.231746,-0.0472651,-0.10858468,-0.08882751,-0.2294581,Non-Pulsar
79.22,-5.15,206.55,3.5601442,7.0,-28.135107,2.6280022,0.0,1.2241861,-0.3995563,-0.43432358,-0.9999997,1.0000004,Non-Pulsar
79.39,8.98,193.58,2.6700892,6.042,-28.889593,1.6619701,0.0,1.1626517,-0.9986928,0.9885441,0.7220407,-0.07317334,Non-Pulsar
79.43,-17.98,219.61,3.9462464,9.647,-28.135597,2.4514096,0.0,0.7675331,0.029185912,-0.19420972,-0.5146231,6.327864,Non-Pulsar
79.48,-69.51,280.29,2.1292782,5.203,-28.160147,2.7822561,0.0,1.039713,0.034645945,-0.18601891,-0.7309793,-4.5377655,Non-Pulsar
79.77,8.86,193.89,2.6872094,10.869,-27.490639,2.5057523,0.0,1.095801,0.6307029,-0.26141396,-0.3416811,-0.019826548,Non-Pulsar
79.9,27.74,177.88,3.2893925,6.418,-28.705748,1.7410233,0.0,0.82426786,-0.9977682,0.9998307,0.4085446,-0.013213316,Non-Pulsar
79.91,-45.74,251.55,2.3707356,11.429,-27.865553,2.5687068,0.0,0.7851583,-0.42306778,-0.427486,-0.22399916,0.43258598,Non-Pulsar
80.1,36.12,171.09,2.9647398,5.691,-27.460033,2.7883582,0.0,0.79444873,-0.053489517,-0.6031986,-0.3026361,0.68757534,Non-Pulsar
80.17,65.53,146.34,2.7627218,5.673,-29.214228,1.6248394,0.0,0.087213434,0.9998303,0.7581667,-0.17985475,0.0955709,Non-Pulsar
80.34,-17.57,219.55,2.2515905,15.13,-28.198223,2.3403404,0.0,1.0578223,0.15892704,-0.20827861,-0.36698195,-0.27045584,Non-Pulsar
80.37,-29.97,233.06,1.3831687,4.453,-29.131575,2.022945,0.0,0.089941695,-0.83352125,0.6712863,0.09022993,-0.43460438,Non-Pulsar
80.41,1.05,201.29,0.0,9.614,0.0,2.0426002,1.0,0.0,0.99683255,-0.21369666,-0.035347037,0.5134982,Non-Pulsar
80.44,21.21,183.61,6.8031225,135.026,-26.809122,1.8689257,0.0,1.7274704,0.10524598,0.09430688,0.05371645,0.026601922,Non-Pulsar
80.45,56.97,153.87,2.3802612,4.465,-28.054373,2.6043046,0.0,0.6678737,-0.19312914,-0.5787609,-0.06853329,0.07634297,Non-Pulsar
80.47,-38.81,243.31,4.991831,12.511,-28.638876,2.4882882,0.0,0.43994048,-0.2264628,-0.3701706,-0.27584884,0.2886152,Non-Pulsar
80.74,-36.47,240.62,6.766544,116.27,-27.850872,2.3633158,0.0,1.8524624,-0.14667934,-0.29000318,-0.37555945,-0.111780204,Non-Pulsar
81.03,-56.99,265.21,2.2134001,6.313,-28.898396,2.4208972,0.0,0.43366057,-0.21641745,-0.06252253,-0.3115345,3.2247648,Non-Pulsar
81.13,28.66,177.73,3.239581,21.579,-27.758034,1.9189684,0.0,0.721858,-0.18467571,0.12810564,0.075518675,0.022868471,Non-Pulsar
81.15,-26.24,229.14,3.1870131,6.4,-28.632948,2.246053,0.0,0.24917051,-0.3941257,-0.12291594,-0.30371943,0.45939907,Non-Pulsar
81.17,-28.33,231.45,3.7658176,5.937,-28.732542,2.6216493,0.0,0.28528976,-0.1662332,-0.2126482,-0.54119414,1.905574,Non-Pulsar
81.37,-46.01,251.98,2.8769765,10.133,-28.658115,2.2311177,0.0,0.45906627,-0.3351523,0.08787114,-0.10625014,-2.527737,Non-Pulsar
81.42,-20.14,222.67,2.9122162,7.855,-28.77968,2.0253353,0.0,0.78355217,0.78723305,0.012785251,-0.06472513,-0.016751967,Non-Pulsar
81.42,-60.23,269.11,2.981584,24.931,-28.545855,1.8648287,0.0,0.17110029,-0.073641114,-0.008856301,0.22194245,0.18354896,Non-Pulsar
81.47,-0.87,203.61,3.8821528,11.688,-28.111694,2.1110687,0.0,0.7287472,0.5203282,-0.030031744,-0.014303623,0.19608453,Non-Pulsar
81.55,63.3,148.63,2.7479684,7.249,-28.818537,2.034925,0.0,0.88370454,0.99999934,0.14310679,0.04760358,-0.49785605,Non-Pulsar
81.57,-48.52,255.0,7.397256,93.779,-27.655342,2.1979606,0.0,2.0102885,-0.021405626,-0.11769933,-0.18929723,-0.3813474,Non-Pulsar
81.59,22.78,182.88,0.0,7.902,0.0,2.1854632,1.0,0.0,-0.8495571,0.24780081,-0.11746539,-0.06896259,Non-Pulsar
81.69,-15.32,217.78,2.572417,19.097,-28.336235,1.7208629,0.0,1.1929663,0.3963255,0.40229952,0.03252453,-0.3315393,Non-Pulsar
81.84,-62.4,271.69,2.2347817,6.604,-29.052408,2.019515,0.0,-0.11334345,0.9999722,0.08035318,0.13750674,-0.0484606,Non-Pulsar
82.19,-59.34,268.02,2.88567,17.091,-28.768686,2.0088694,0.0,0.54634887,0.9932046,-0.18307127,0.20796442,0.23857823,Non-Pulsar
82.28,-1.03,204.17,1.8663999,5.138,-28.1153,2.3137612,0.0,0.20977679,-0.04325618,-0.11482356,-0.65836406,1.4469255,Non-Pulsar
82.3,9.6,194.58,0.0,9.666,0.0,2.0302596,1.0,0.0,-0.24033421,-0.18858166,-0.09414354,0.6118832,Non-Pulsar
82.33,-72.73,283.82,4.1736403,10.133,-28.442612,2.3122237,0.0,0.0882149,0.75191647,-0.36852378,0.09862428,0.058563024,Non-Pulsar
82.37,-5.36,208.29,2.9754236,7.295,-27.874346,2.6958458,0.0,0.855183,-0.12645774,-0.2824872,-0.5174426,3.0222151,Non-Pulsar
82.61,33.05,174.78,0.0,6.22,0.0,2.0416932,1.0,0.0,-0.2371165,-0.46404004,0.15502247,0.5671337,Non-Pulsar
82.74,13.54,191.36,6.2860427,27.482,-27.123337,2.5542922,0.0,1.9053409,0.030706681,-0.3620165,-0.5570312,-0.058933202,Non-Pulsar
83.0,-48.46,255.03,8.246182,75.359,-27.685797,2.0881515,0.0,1.8917489,0.12221177,-0.043632902,-0.15410005,-0.21598758,Non-Pulsar
83.17,7.55,196.84,6.696096,79.962,-27.442879,2.2919042,0.0,2.0661,-0.1140682,-0.2198931,-0.21727589,-0.16717908,Non-Pulsar
83.19,57.82,153.92,2.7082648,6.212,-28.187502,2.5469072,0.0,0.66170543,0.09969408,-0.41985217,-0.4046786,0.07294083,Non-Pulsar
83.2,-39.69,244.78,4.0310497,18.513,-28.554352,2.6036375,0.0,-0.5092347,-0.29003263,-0.37088168,-0.37644163,-0.18089087,Non-Pulsar
83.25,-83.43,295.85,4.562831,7.997,-28.528032,2.1077673,0.0,0.33053187,-0.31677365,-0.1123295,-0.07843272,-0.011744705,Non-Pulsar
83.25,69.61,143.23,2.5689723,5.569,-28.766535,2.3026028,0.0,-1.4038737,-0.035376605,-0.63676476,0.36565515,0.62477916,Non-Pulsar
83.27,-84.78,297.32,3.7884018,5.213,-28.722317,2.1898112,0.0,-0.61696875,0.9920361,-0.33195668,-0.031356614,0.28961223,Non-Pulsar
83.28,-61.32,270.35,1.9009093,5.307,-28.550695,2.9379904,0.0,0.2275727,-0.47453496,-0.6257968,-0.10336485,0.08068213,Non-Pulsar
83.33,-55.82,263.8,2.7106924,5.98,-28.4858,2.780616,0.0,0.90257657,-0.23119529,-0.43856227,-0.9783258,0.8295992,Non-Pulsar
83.33,48.38,162.17,6.018374,59.144,-27.637224,2.301231,0.0,1.7842696,-0.100140624,-0.16427365,-0.29154715,-0.54813784,Non-Pulsar
83.47,-37.83,242.71,3.688227,8.6,-28.791956,2.336663,0.0,0.1306308,-0.35689738,-0.0178358,-0.5646569,3.322433,Non-Pulsar
83.54,-72.31,283.26,2.8557746,4.092,-28.556002,2.363601,0.0,0.6253093,-0.9422085,0.7575711,-0.3940907,1.4364607,Non-Pulsar
83.64,22.01,184.56,5.0545187,25.186,-24.557205,2.2742753,0.0,3.3142622,-0.006264479,-0.11319531,-0.28390825,-0.4395007,Pulsar
83.95,-66.08,275.96,2.7072108,5.177,-28.911009,1.6421299,0.0,0.8479134,-0.99908066,0.9975712,0.5021428,0.14325337,Non-Pulsar
84.02,-27.91,231.84,2.688596,7.517,-28.471214,2.526355,0.0,-1.736513,-0.19949493,-0.31731912,-0.2706532,-0.122563735,Non-Pulsar
84.07,17.55,188.59,2.9994216,14.119,-28.076084,1.8977411,0.0,1.1025798,0.9948188,0.3293678,0.008954661,-0.21666873,Non-Pulsar
84.1,-34.02,238.55,6.5672727,21.57,-28.088953,2.4270482,0.0,1.6546814,-0.14145732,-0.42118686,-0.4046262,0.060356103,Non-Pulsar
84.11,-33.72,238.23,2.8938973,30.27,-27.96101,1.6171901,0.0,1.2910129,-0.1810971,0.41838187,0.14225414,0.13884126,Non-Pulsar
84.13,-25.8,229.62,2.1967597,9.308,-28.861973,1.9316611,0.0,0.42384186,0.73279357,0.32704183,-0.075567834,-0.906831,Non-Pulsar
84.43,-57.29,265.55,2.5522666,20.879,-28.501432,1.7604206,0.0,1.1089815,0.13710931,0.17705755,0.15795068,0.18023813,Non-Pulsar
84.57,-39.17,244.44,3.8186388,10.604,-28.867697,1.9709527,0.0,0.27195686,-0.1725608,0.29556772,0.029233472,-2.015621,Non-Pulsar
84.66,4.73,200.12,2.6431358,4.602,-28.513594,1.8847136,0.0,0.5211155,0.074133344,-0.98243576,0.9863824,0.7202813,Non-Pulsar
84.71,-44.09,250.08,9.248603,249.871,-27.124334,2.0465772,0.0,2.7295094,0.030082667,-0.050575096,-0.11355092,-0.2962746,Non-Pulsar
84.75,16.74,189.62,3.4227512,8.606,-28.44964,1.7047272,0.0,0.9895324,0.99945426,-0.045924943,0.58419603,0.39934424,Non-Pulsar
84.91,14.54,191.6,5.3729177,16.568,-27.522272,2.4696336,0.0,1.0454696,-0.020560637,-0.26687032,-0.3915597,-0.98451495,Non-Pulsar
84.93,-10.51,214.42,2.4194374,5.075,-27.922009,2.4192917,0.0,-0.31791598,-0.55984837,-0.749981,0.49778083,0.7219432,Non-Pulsar
84.94,-5.36,209.51,2.5524545,4.705,-27.274927,2.8991916,0.0,1.2271099,0.17955445,-0.42240041,-0.89950466,1.3183961,Non-Pulsar
85.0,-28.66,232.94,6.8135505,49.627,-28.12616,2.6612852,0.0,1.8507258,-0.30988318,-0.43422276,-0.5336,-0.6043154,Non-Pulsar
85.01,12.15,193.74,2.4657626,8.512,-28.011515,2.3876286,0.0,-2.1278715,-0.21037175,-0.29599488,-0.19206145,0.3614915,Non-Pulsar
85.09,-69.34,279.72,2.7635002,28.461,-27.274296,2.470557,0.0,2.0100112,-0.2184158,-0.26698208,-0.3620774,-0.011337187,Pulsar
85.15,58.39,153.94,3.1990712,25.663,-28.324942,1.8841027,0.0,-0.44996515,0.09797501,-0.1770418,0.21960184,0.36421743,Non-Pulsar
85.21,-54.26,261.99,4.897151,12.975,-28.177248,2.7531393,0.0,0.76895237,-0.24929488,-0.38974804,-0.6230341,-0.10221774,Non-Pulsar
85.28,-48.91,255.74,2.8248692,8.688,-28.93348,2.052291,0.0,-0.23404709,0.2589572,0.118988894,-0.43835863,-0.08263628,Non-Pulsar
85.35,-73.58,284.62,2.4645312,7.757,-28.642675,2.29634,0.0,0.21547991,-0.3937774,-0.0020433592,-0.15408793,-4.51139,Non-Pulsar
85.41,-5.7,210.06,2.568091,7.581,-27.311266,2.8442552,0.0,1.106563,0.07738458,-0.31728795,-0.5453014,-0.040346306,Non-Pulsar
85.61,35.78,173.81,2.562209,6.141,-27.236275,2.6957283,0.0,1.0592507,-0.047369137,-0.34834063,-0.42278567,0.28298926,Non-Pulsar
85.7,-34.98,240.0,2.3280416,5.822,-29.035269,1.9649005,0.0,-0.29035306,-0.35525665,0.1261298,0.08700534,0.14376068,Non-Pulsar
85.74,-9.22,213.55,4.1312256,15.843,-27.121494,2.7028153,0.0,1.6501832,0.25310174,-0.4331893,-0.36464092,0.51943666,Non-Pulsar
85.81,82.63,130.69,5.260228,14.683,-28.779034,2.4795485,0.0,0.60051584,0.010276697,-0.21857646,-0.44082165,10.084867,Non-Pulsar
85.98,-55.53,263.51,5.908492,76.435,-27.678116,1.6606877,0.0,1.6464403,0.26218534,0.19607534,0.19770944,0.23113638,Non-Pulsar
86.27,6.23,199.59,2.9697158,7.619,-27.769527,2.6122522,0.0,1.3906913,0.39327422,-0.3716669,-0.9993667,1.0038855,Non-Pulsar
86.73,-22.11,226.67,2.139622,5.925,-28.957504,2.028755,0.0,0.0913087,0.8771575,-0.09292924,-0.077983506,-0.36963943,Non-Pulsar
87.14,-52.32,259.83,3.6540322,11.148,-29.107021,1.7443552,0.0,1.2995301,0.9997297,0.5180164,0.15493074,-0.39277366,Non-Pulsar
87.27,32.97,176.93,2.6433952,9.532,-28.15857,2.0407085,0.0,0.2745121,-0.33547544,0.25247535,-0.04707023,-0.20749758,Non-Pulsar
87.58,-57.55,265.92,3.3496902,9.553,-28.771984,2.2525225,0.0,0.42930403,0.28807437,-0.047602426,-0.2050024,-5.9844923,Non-Pulsar
87.63,-32.28,237.56,0.0,16.323,0.0,1.8294437,1.0,0.0,-0.15697551,0.04930781,0.22877425,0.14434658,Non-Pulsar
87.75,25.87,183.24,2.1854436,5.862,-27.269047,2.458488,0.0,0.78831726,0.22681047,-0.13827269,-0.32497877,-0.12710673,Non-Pulsar
87.75,-16.38,221.34,4.0604243,5.551,-29.19435,2.2533236,0.0,1.2278403,0.9991478,0.45870903,-0.33646393,-45.522293,Non-Pulsar
87.97,-35.28,240.87,2.7788446,5.014,-29.015324,2.0967965,0.0,-0.5990106,-0.19391544,0.12863848,-0.13083652,-0.31291738,Non-Pulsar
88.1,37.92,173.0,2.447955,9.407,-27.682005,2.5202677,0.0,0.87028515,-0.00085272995,-0.3799785,-0.23783942,0.20929542,Non-Pulsar
88.22,3.23,203.22,3.6859295,4.445,-27.393826,2.4136286,0.0,0.6462457,0.09212218,-0.13470691,-0.3777497,2.7458105,Non-Pulsar
88.39,-20.58,225.74,3.340764,27.389,-28.209246,1.8968011,0.0,1.2649714,-0.071883805,0.19913091,-0.097307675,-0.15641035,Non-Pulsar
88.55,31.12,179.08,2.6835325,45.036,-27.715233,1.9549568,0.0,2.7280953,0.3518442,0.093854696,-0.49227485,-0.6965118,Pulsar
88.59,-10.15,215.71,2.1233559,6.406,-27.734356,2.5972447,0.0,1.2956958,-0.21047887,-0.26763514,-0.802945,1.5873096,Non-Pulsar
88.61,-27.96,233.31,2.9250958,6.06,-29.041962,1.5423665,0.0,0.52658707,0.96688515,0.99045473,0.91309994,0.6400851,Non-Pulsar
88.78,3.07,203.64,2.902434,8.55,-27.360535,2.823608,0.0,1.3703766,0.11588397,-0.4338675,-0.47606373,0.54744804,Non-Pulsar
88.9,39.79,171.68,5.4366107,22.583,-27.70584,2.648592,0.0,1.7917155,-0.17679776,-0.46398222,-0.6147648,-2.3832397,Non-Pulsar
89.07,-43.87,250.49,3.810423,18.002,-28.529003,1.858257,0.0,1.2429951,0.999999,0.35186455,0.0020038022,-0.22795661,Non-Pulsar
89.31,77.09,136.63,2.8580747,6.846,-28.938154,2.1546376,0.0,0.12899901,0.7361822,-0.0536409,-0.15954375,-0.005744172,Non-Pulsar
89.34,-6.27,212.41,2.444867,9.133,-28.18159,2.0963988,0.0,-0.58570063,-0.10336133,-0.6232541,0.24954696,0.7518003,Non-Pulsar
89.37,-3.05,209.46,1.8164546,4.509,-27.842115,2.5060515,0.0,0.21860234,0.107410066,-0.61326766,-0.07993536,0.6949707,Non-Pulsar
89.42,-7.35,213.45,3.2606554,5.927,-28.47323,1.9182932,0.0,-1.9858735,-0.33497882,-0.88413817,0.90669143,0.72108966,Non-Pulsar
89.52,-38.63,244.85,3.128924,28.7,-28.245613,1.6983672,0.0,1.1492418,0.19245134,0.2121736,0.13969915,0.25245413,Non-Pulsar
89.54,-28.98,234.67,2.7270741,7.578,-28.851955,2.2632997,0.0,0.37170088,-0.22732079,0.011509171,-0.27041584,8.61632,Non-Pulsar
89.72,-74.99,286.09,3.0418968,22.978,-28.304523,1.9546953,0.0,0.8669637,-0.064990744,0.10871722,-0.011211802,-0.07152877,Non-Pulsar
89.9,30.75,179.98,2.6405113,8.558,-28.495342,1.5867844,0.0,1.0027695,-0.9968655,0.9986338,0.9847567,0.4657219,Non-Pulsar
89.95,-18.3,224.1,2.0146894,5.251,-28.399302,2.5674126,0.0,-0.83940625,-0.3728622,-0.5103377,-0.10121146,0.5402121,Non-Pulsar
90.0,64.16,149.63,2.443645,9.896,-28.848677,2.083123,0.0,-0.6670142,0.22576304,-0.4431645,0.3915388,0.44628033,Non-Pulsar
90.08,12.74,195.72,2.7734208,13.408,-28.118656,1.4077872,0.0,1.0981507,-0.96999305,1.0,0.50683093,0.46232894,Non-Pulsar
90.15,-39.65,246.09,4.7448044,16.758,-28.229933,2.656944,0.0,1.4999801,-0.3067455,-0.5020308,-0.6921904,-4.9516816,Non-Pulsar
90.27,38.63,173.21,2.4240696,22.024,-28.095356,2.006946,0.0,-0.39260724,-0.072048075,-0.10788231,0.0961176,0.118843265,Non-Pulsar
90.3,-70.59,281.02,6.8634887,60.791,-27.977318,2.2638283,0.0,1.9445834,-0.011672993,-0.18970333,-0.30196986,-0.21115127,Non-Pulsar
90.33,-72.64,283.37,0.0,8.908,0.0,2.2045777,1.0,0.0,0.916366,-0.11876067,-0.27964163,-0.060508706,Non-Pulsar
90.33,54.73,158.65,2.9261925,7.349,-28.904755,1.7463341,0.0,-0.8605607,-0.83864003,0.5083876,0.3698223,0.07395746,Non-Pulsar
90.37,23.35,186.62,2.5916007,9.514,-27.26802,3.119243,0.0,1.4338909,0.13940562,-0.5592695,-0.6920794,-0.13884994,Non-Pulsar
90.47,-20.06,226.02,3.0383065,13.079,-28.396759,2.6916916,0.0,0.22538427,-0.31518888,-0.4209316,-0.5788801,0.334548,Non-Pulsar
90.51,53.27,160.07,4.330814,31.037,-28.290396,1.9676299,0.0,0.29083204,0.07679182,0.0013454253,0.06540739,0.0857824,Non-Pulsar
90.7,-0.12,207.43,0.0,7.155,0.0,2.3381147,1.0,0.0,-0.25563496,-0.1562994,-0.29305965,0.032034557,Non-Pulsar
90.72,-40.33,246.94,3.5100472,42.196,-27.999306,1.7229947,0.0,1.6919258,0.99938905,0.10955212,0.20109557,0.1657075,Non-Pulsar
90.72,60.7,153.11,2.8995595,4.937,-28.664658,2.3711524,0.0,-0.22984868,-0.2364227,-0.17583297,-0.20941034,-1.8165398,Non-Pulsar
90.76,-29.61,235.69,1.7099267,4.698,-28.777756,2.496543,0.0,0.37202996,0.16544308,-0.37760723,-0.18625091,-1.1762217,Non-Pulsar
90.98,21.98,188.08,3.0282667,11.826,-27.22227,2.5215383,0.0,-0.95044166,-0.011558706,-0.6231818,0.17710467,0.531108,Non-Pulsar
91.05,-48.28,255.68,3.550981,16.045,-28.664532,1.8857121,0.0,0.2874971,0.96842456,0.10304153,0.003954325,0.040953096,Non-Pulsar
91.14,-48.86,256.34,0.0,4.322,0.0,2.3537204,1.0,0.0,-0.5297047,-0.21864022,-0.24345857,-0.108575255,Non-Pulsar
91.21,44.19,168.58,5.0135727,10.685,-28.147194,2.5771923,0.0,0.293288,-0.26142535,-0.25238645,-0.39344534,7.335463,Non-Pulsar
91.24,-0.0,207.58,2.3234024,14.047,-27.834112,2.012472,0.0,0.89750683,0.5306604,-0.02953665,-0.05693916,0.42591587,Non-Pulsar
91.64,-47.5,254.91,2.970655,14.127,-28.617716,1.848581,0.0,0.75958025,0.9949991,0.1685562,0.08175743,0.104174584,Non-Pulsar
91.74,44.04,168.9,2.8547988,4.904,-28.787683,1.8693658,0.0,0.5442037,0.7228308,0.9708704,-0.13662073,0.7195534,Non-Pulsar
91.82,-25.31,231.71,2.8433175,9.285,-28.87656,1.9060788,0.0,0.54054934,0.9999374,0.5700631,0.053565104,-31.81046,Non-Pulsar
91.86,47.66,165.63,5.1340656,68.234,-27.699638,1.9659305,0.0,1.7164574,0.033753153,0.05528598,-0.016744256,-0.1503386,Non-Pulsar
92.01,67.35,146.81,4.501418,16.702,-28.334875,2.3597524,0.0,1.1510189,-0.13002583,-0.098929286,-0.4380143,14.050474,Non-Pulsar
92.01,-8.59,215.76,5.8620706,32.646,-27.58226,2.3727977,0.0,1.5260758,-0.0982919,-0.21183868,-0.30351594,-0.4971769,Non-Pulsar
92.03,-60.48,269.47,3.9385483,6.637,-28.118776,2.7618725,0.0,0.49808946,0.2568816,-0.44529104,-0.50734437,-5.81843,Non-Pulsar
92.03,-15.36,222.12,5.9566426,21.234,-27.964552,2.4852147,0.0,1.0576657,-0.1500449,-0.37089735,-0.37232727,-0.02659698,Non-Pulsar
92.2,55.9,158.02,2.813168,5.023,-28.562885,2.4909613,0.0,0.3838031,0.69229585,-0.32766157,-0.22903888,-1.0856761,Non-Pulsar
92.24,-54.94,263.24,4.7793446,17.666,-28.386253,2.5245423,0.0,1.1214724,-0.1699436,-0.35639915,-0.5553587,-1.9300565,Non-Pulsar
92.26,-22.33,228.92,3.2696002,8.75,-28.54444,2.3159852,0.0,0.15549769,0.01598681,-0.112470806,-0.15187527,-2.9905415,Non-Pulsar
92.31,-2.8,210.6,2.5347657,26.779,-27.963936,1.5895778,0.0,1.7665093,0.9911322,0.66046053,0.1725933,0.033746272,Non-Pulsar
92.4,14.04,195.68,2.0706177,7.936,-27.314392,2.8376527,0.0,1.2610695,0.27069598,-0.42871693,-0.64685917,0.6065772,Non-Pulsar
92.55,-18.81,225.62,3.5203805,15.486,-28.098316,2.2549174,0.0,0.8833914,0.15321659,-0.046917986,-0.2843454,-0.72259575,Non-Pulsar
92.68,16.95,193.26,1.936729,5.943,-27.014015,2.8389106,0.0,1.4725503,0.34720844,-0.42426115,-0.63975376,0.5072394,Non-Pulsar
92.73,-60.92,270.0,3.8593469,12.047,-28.033834,2.7531831,0.0,1.0842289,-0.3779629,-0.29877424,-0.6109081,9.045087,Non-Pulsar
92.8,43.43,169.81,2.6209648,19.6,-28.26016,1.696263,0.0,0.97307885,0.4123777,0.10762603,0.23404944,0.33353528,Non-Pulsar
92.91,-27.22,233.97,6.1507483,30.111,-28.486454,2.3434017,0.0,0.6480376,-0.21998848,-0.1417324,-0.16566437,-2.667053,Non-Pulsar
92.92,28.06,183.62,3.419787,10.706,-27.753397,2.401088,0.0,-0.2682295,-0.22649963,-0.13246667,-0.27658668,-2.1299133,Non-Pulsar
93.13,-31.64,238.49,4.2441397,11.582,-28.402445,2.491887,0.0,-0.27406785,-0.35295227,-0.19883618,-0.39689133,-2.6895247,Non-Pulsar
93.14,-39.58,246.69,2.8112042,6.432,-28.45668,2.5404356,0.0,-0.38241595,-0.50675946,-0.14427164,-0.26332712,6.2495027,Non-Pulsar
93.22,41.37,171.83,4.601732,89.558,-27.500277,1.8400599,0.0,2.3184927,0.21259859,0.1175604,0.0064073727,-0.09982106,Non-Pulsar
93.41,71.14,143.14,0.0,8.484,0.0,2.0941036,1.0,0.0,-0.36728808,-0.10309197,-0.067242905,0.29733983,Non-Pulsar
93.42,17.15,193.43,3.9271047,4.685,-27.497778,2.4590628,0.0,1.1952784,0.9587539,0.504638,-0.33656415,-2.8541026,Non-Pulsar
93.72,61.61,152.8,3.6966891,6.151,-28.500013,2.5404818,0.0,0.1907391,-0.11623213,-0.4632912,-0.30290025,0.4240359,Non-Pulsar
93.74,24.45,187.15,2.3407817,7.488,-27.84779,2.277488,0.0,0.95474213,0.9999885,0.12455492,-0.0870495,0.00934513,Non-Pulsar
93.84,-31.29,238.35,3.5643778,13.365,-28.54803,2.2128365,0.0,-0.16754411,-0.105558,-0.14412794,-0.13468082,-0.28444576,Non-Pulsar
94.04,-17.55,225.01,2.4890826,5.631,-28.775877,1.3947723,0.0,0.8959731,0.97810024,0.23954226,0.6537347,0.12765488,Non-Pulsar
94.18,-10.82,218.78,3.0437899,7.186,-27.626614,2.890947,0.0,1.1794873,-0.4080516,-0.6061932,-0.516118,0.74350685,Non-Pulsar
94.24,43.68,170.05,0.0,5.501,0.0,1.8457897,1.0,0.0,-0.22551909,-0.31663227,0.09880182,0.6804048,Non-Pulsar
94.32,57.02,157.42,4.717361,46.908,-27.938992,1.9336871,0.0,1.3078126,0.1285704,0.063555665,0.01937501,-0.0325257,Non-Pulsar
94.43,-17.25,224.89,3.3386812,29.062,-27.976467,1.8352001,0.0,1.1450107,-0.016442224,0.11006385,0.10812836,0.27397633,Non-Pulsar
94.5,-3.33,212.09,3.510034,4.418,-27.935343,2.6479013,0.0,0.20422857,-0.29757994,0.0548548,-0.566452,1.3213731,Non-Pulsar
94.53,-24.48,231.86,2.2358136,8.754,-28.550756,2.214639,0.0,0.79022664,0.32315418,-0.037397232,-0.2192982,-0.12065438,Non-Pulsar
94.75,-11.64,219.78,3.389055,6.0,-27.780968,2.4846816,0.0,0.59642744,0.6750122,-0.043966513,-0.563181,1.5579275,Non-Pulsar
95.02,57.56,157.05,2.371578,4.747,-28.99795,1.9905553,0.0,-0.043809813,-0.11356933,0.0012540127,0.40576932,0.48804265,Non-Pulsar
95.08,38.08,175.47,2.2377336,4.983,-27.760767,2.5423229,0.0,-0.34374946,-0.13625833,-0.5248561,-0.3028896,0.33421224,Non-Pulsar
95.14,-25.21,232.79,4.947389,17.801,-28.074816,2.6112413,0.0,0.9735796,-0.19720773,-0.36128038,-0.39747125,-0.01882602,Non-Pulsar
95.18,26.73,185.74,2.378419,11.721,-28.371521,1.5881367,0.0,-0.033618663,-0.9994911,0.9999995,0.2805026,0.34666952,Non-Pulsar
95.3,-46.81,254.79,2.4728017,5.753,-28.625153,2.6969438,0.0,-0.5278677,-0.206269,-0.3694314,-0.45911494,5.0853457,Non-Pulsar
95.31,-22.22,229.96,2.985301,9.354,-28.5195,2.4087946,0.0,-0.0869529,-0.2218166,-0.19568475,-0.1371892,-0.85661495,Non-Pulsar
95.43,-34.2,241.76,1.5152856,6.836,-29.050114,1.7782495,0.0,0.7436613,-0.87917656,0.6637852,0.45809817,0.09968399,Non-Pulsar
95.45,17.78,193.79,3.3759608,8.465,-28.007065,1.936458,0.0,-1.0048467,-0.5545284,-0.06815511,-0.08716364,0.50898516,Non-Pulsar
95.56,37.83,175.88,2.3874676,41.621,-27.695038,2.3175821,0.0,2.9948583,0.34951523,-0.09664296,-0.8416025,2.636714,Pulsar
95.6,-26.1,233.81,4.989931,58.997,-27.691952,1.8107426,0.0,1.047288,0.15997338,0.10375742,0.089380704,0.20867622,Non-Pulsar
95.61,-64.56,274.25,2.8776355,5.224,-28.430027,2.920999,0.0,0.341283,-0.50789756,-0.7101048,0.10803906,0.56494105,Non-Pulsar
95.69,-41.69,249.5,2.6059496,12.223,-29.029137,1.883457,0.0,1.5149684,0.99959326,0.37030873,-0.09847042,-0.61042994,Non-Pulsar
95.73,33.43,179.94,7.9404597,53.316,-27.54364,2.1586695,0.0,1.5284193,0.054967783,-0.1303327,-0.09325366,-0.105013356,Non-Pulsar
95.76,-30.18,237.86,3.5172021,6.64,-28.478764,2.5637288,0.0,0.55184025,0.306164,-0.42873365,-0.29321963,-0.42701772,Non-Pulsar
95.82,30.74,182.41,3.2368617,14.728,-28.17129,1.7359515,0.0,0.9011994,-0.27310538,0.15169813,0.27858683,0.26303408,Non-Pulsar
95.91,-33.85,241.56,6.4642305,32.752,-28.126045,2.2078662,0.0,1.6839774,0.12753843,-0.17263375,-0.24485193,-0.19975527,Non-Pulsar
95.98,-53.0,261.54,3.0731392,11.075,-28.787378,2.0460126,0.0,-0.31918034,0.99998665,-0.25072455,-0.0002230314,0.44314426,Non-Pulsar
96.04,-63.51,273.1,0.0,5.766,0.0,2.1054149,1.0,0.0,-0.040606953,0.024717009,-0.028671885,-0.35307235,Non-Pulsar
96.06,-29.72,237.5,0.0,6.064,0.0,1.9742693,1.0,0.0,-0.6889082,0.4790605,-0.10710539,-3.8812985,Non-Pulsar
96.33,44.66,169.78,3.528942,28.906,-28.074856,2.026788,0.0,0.70921975,-0.008393954,-0.0054501393,0.0063040773,-0.0146675,Non-Pulsar
96.45,-54.69,263.44,3.455,12.17,-28.416998,2.7760963,0.0,-0.4382362,-0.38765547,-0.4974392,-0.11512766,-0.40273157,Non-Pulsar
96.61,-42.98,251.05,3.5036106,13.376,-28.648678,1.5564709,0.0,1.0249207,-0.05479367,0.20844255,0.29441354,0.18385682,Non-Pulsar
96.62,-17.2,225.74,1.9087807,7.171,-28.563385,1.9557076,0.0,-0.65223575,0.99988985,-0.37079096,0.47877863,0.42626694,Non-Pulsar
96.72,-26.06,234.17,2.2071435,4.219,-28.346786,2.546008,0.0,-0.5996845,0.11047326,-0.2816174,-0.52315044,0.054680876,Non-Pulsar
96.75,26.4,186.69,2.4331927,5.168,-28.790052,1.5975456,0.0,0.2821489,-0.99999905,0.9999999,0.49160942,0.45260885,Non-Pulsar
96.77,-35.49,243.45,3.6257045,45.122,-28.037504,1.9132535,0.0,0.35806915,-0.05315592,0.10259198,0.10632865,-0.12250331,Non-Pulsar
97.15,-67.19,277.26,3.4480336,4.348,-28.629957,2.5752702,0.0,-0.14696848,-0.2929069,-0.061905578,-0.46641517,1.6516336,Non-Pulsar
97.17,69.0,145.76,2.6722322,12.096,-28.853718,2.1352043,0.0,0.24905166,0.026107196,0.15892306,-0.09982971,-4.30892,Non-Pulsar
97.22,-62.84,272.44,3.6927295,26.967,-28.25382,2.067182,0.0,1.2454748,0.072045095,0.02714215,-0.14964381,-0.45749313,Non-Pulsar
97.35,-20.0,228.65,5.91347,23.511,-27.67381,2.288567,0.0,1.2773632,-0.073956616,-0.020365804,-0.2014737,-0.38348943,Non-Pulsar
97.41,24.59,188.58,3.3401186,9.657,-28.477268,1.9164708,0.0,1.1203785,0.9999236,0.60041076,0.13173646,0.060626697,Non-Pulsar
97.54,-20.18,228.9,0.0,5.082,0.0,2.0180573,1.0,0.0,0.062573425,-0.6697969,0.49083555,0.3209715,Non-Pulsar
97.56,32.47,181.51,2.4795222,4.92,-28.506598,2.0974638,0.0,-2.1570163,0.9216876,0.37223333,-0.38396978,3.39601,Non-Pulsar
97.74,-24.11,232.68,4.9056907,103.309,-27.243837,1.6562299,0.0,1.9148158,0.4098729,0.22668906,0.16547354,0.21682236,Non-Pulsar
97.78,20.34,192.54,4.2673826,14.253,-27.507114,2.307849,0.0,0.9546347,0.12803093,-0.025066268,-0.27383006,-0.7015393,Non-Pulsar
97.88,10.6,201.24,2.1231058,48.175,-27.329899,1.8434168,0.0,2.6918406,0.28567398,0.2180457,-0.055706218,-0.45502263,Pulsar
97.96,6.76,204.68,2.2186582,30.863,-27.499088,1.821473,0.0,2.432169,0.53268015,0.41205376,-0.03083721,-0.73401564,Pulsar
98.02,-10.53,220.2,1.8047922,11.594,-27.815363,2.3540986,0.0,0.56298894,-0.0867367,-0.029020706,-0.34002274,3.0370286,Non-Pulsar
98.37,-22.37,231.28,4.974132,14.547,-28.00862,2.4945338,0.0,1.1577197,0.027548121,-0.24131523,-0.481335,-11.051554,Non-Pulsar
98.44,6.54,205.09,2.3298137,96.174,-26.854343,2.0097241,0.0,3.3815923,0.45046708,0.13819371,-0.27476996,-0.7203934,Pulsar
98.48,17.77,195.14,2.998321,897.975,-25.233635,2.0288131,0.0,5.518701,0.36978692,0.1812582,-0.24724455,-0.76548296,Pulsar
98.73,-23.59,232.57,6.4804325,26.559,-27.876045,2.3499372,0.0,0.98854315,-0.16134241,-0.22727668,-0.23616767,-0.020028578,Non-Pulsar
98.9,-75.3,286.4,6.182983,29.423,-28.1768,2.5983174,0.0,1.1916026,-0.21854614,-0.4004175,-0.54489714,-0.15013817,Non-Pulsar
99.18,71.66,143.12,6.04661,26.05,-28.498297,2.3493035,0.0,0.18626827,-0.24187866,-0.20199753,-0.12664035,-0.3679291,Non-Pulsar
99.37,-35.63,244.36,2.9169111,8.348,-28.656002,2.2303374,0.0,0.5505435,0.22902544,0.105537385,-0.33439246,2.4205432,Non-Pulsar
99.57,60.35,155.07,2.80702,7.388,-28.752878,2.3143492,0.0,0.28712064,0.99994135,-0.054500353,-0.35146302,3.993495,Non-Pulsar
99.67,73.34,141.34,4.5436306,13.2,-28.412493,2.727925,0.0,0.76427597,-0.2741014,-0.5683666,-0.43957344,0.4161976,Non-Pulsar
99.69,27.89,186.5,2.1075397,5.666,-28.634283,2.0094976,0.0,-0.086342946,0.9992417,0.8753755,-0.3029746,1.8683826,Non-Pulsar
99.69,56.98,158.53,3.2276976,4.762,-28.664995,2.6990366,0.0,0.5470333,-0.41830406,-0.31336445,-0.5583758,1.8099006,Non-Pulsar
99.9,35.06,179.95,0.0,7.948,0.0,2.7073016,1.0,0.0,-0.01194471,-0.5779563,0.034442957,0.24392946,Non-Pulsar
100.02,-12.9,223.21,2.0157979,17.985,-28.115349,1.7386497,0.0,0.07139899,-0.35632938,0.30143163,0.20735061,0.09750048,Non-Pulsar
100.18,-19.41,229.24,2.789259,4.553,-28.015366,2.7257218,0.0,-0.085698225,0.054689653,-0.5563153,-0.2758851,0.5067597,Non-Pulsar
100.22,24.54,189.77,3.1908758,6.268,-28.661438,1.7893038,0.0,0.621679,0.9999659,-0.63534135,0.804706,0.540458,Non-Pulsar
100.44,-3.35,214.81,6.064912,20.564,-27.282719,2.6548,0.0,1.721493,-0.22266845,-0.32449237,-0.6180649,3.0468464,Non-Pulsar
100.82,-53.94,263.28,5.1715546,16.514,-28.574453,2.324193,0.0,0.54051584,0.009164102,-0.11094419,-0.12083678,-7.705886,Non-Pulsar
100.83,8.95,204.04,6.052619,27.626,-27.208752,2.6143105,0.0,1.9254634,-0.020971362,-0.31694236,-0.48702988,0.021678038,Non-Pulsar
100.85,-33.24,242.51,3.165645,4.23,-28.575611,2.442373,0.0,0.3190858,-0.004257956,-0.180138,-0.16689292,124.14818,Non-Pulsar
101.11,-67.21,277.53,7.3623347,52.55,-28.041796,2.059397,0.0,1.6084409,0.11026422,-0.049332988,-0.103625685,-0.08671202,Non-Pulsar
101.16,60.66,154.98,3.5802782,16.269,-28.70654,2.1146636,0.0,-0.03577286,-0.45133555,0.014256578,0.0010448002,-0.24028595,Non-Pulsar
101.17,-28.89,238.47,2.4645617,10.999,-28.523705,1.7936842,0.0,0.7133208,0.37016076,0.25080344,-0.14572687,0.27012777,Non-Pulsar
101.2,39.28,176.37,2.550788,4.116,-28.677776,2.1243625,0.0,-0.88986754,-0.14590207,-0.033847056,-0.09782361,0.241493,Non-Pulsar
101.68,-39.22,248.58,3.516708,5.46,-28.369688,2.9873035,0.0,0.4038743,-0.3464485,-0.5274899,-0.9163447,0.6147143,Non-Pulsar
101.77,-51.64,261.07,0.0,11.314,0.0,1.8109461,1.0,0.0,-0.5511625,-0.10777488,0.39927533,0.44746244,Non-Pulsar
101.93,-44.31,253.67,2.6321974,9.636,-28.644518,2.0705492,0.0,0.93603975,0.6755343,0.05547157,-0.011606729,-0.12742342,Non-Pulsar
101.93,-60.98,270.88,4.8878646,14.901,-28.488867,2.49602,0.0,-0.24852459,-0.3317847,-0.2724873,-0.1851852,-0.5515576,Non-Pulsar
101.96,45.46,170.57,2.8652728,4.858,-27.851734,2.6668463,0.0,-0.39786333,-0.51528776,-0.32185805,-0.54555315,-2.1701078,Non-Pulsar
102.01,-30.75,240.53,6.279784,34.907,-28.056574,2.3848188,0.0,1.638627,-0.11023925,-0.3024303,-0.39570716,0.14765885,Non-Pulsar
102.04,16.09,198.18,2.6954908,6.646,-28.515257,1.9470593,0.0,0.10333796,-0.99965656,0.99993473,-0.034447744,4.406203,Non-Pulsar
102.07,17.77,196.68,2.839032,6.597,-28.211267,2.22327,0.0,0.43039256,-0.4162418,-0.3828524,-0.11907702,0.5993111,Non-Pulsar
102.12,-17.74,228.51,8.473548,91.613,-27.064116,2.3155937,0.0,2.434224,-0.0836614,-0.17954901,-0.3106821,-0.50168675,Non-Pulsar
102.12,-69.69,280.31,2.263743,4.432,-29.236084,1.8387619,0.0,0.39855185,-0.995498,0.99988836,-0.46206075,5.473698,Non-Pulsar
102.19,15.28,198.98,3.9493563,38.21,-27.751844,1.604624,0.0,1.091044,0.89533585,0.30490994,0.22321145,0.20179008,Non-Pulsar
102.34,22.51,192.48,0.0,6.856,0.0,2.1060908,1.0,0.0,0.999954,-0.045845896,-0.2091046,-7.082872,Non-Pulsar
102.39,-31.66,241.53,3.657222,15.987,-28.383335,1.4405103,0.0,1.0838698,-0.34230724,0.34381554,0.44826996,0.31509998,Non-Pulsar
102.55,56.34,159.68,0.0,4.856,0.0,2.4448826,1.0,0.0,-0.16324538,-0.21395983,-0.46697408,-0.44039315,Non-Pulsar
102.57,-16.6,227.67,5.136042,24.539,-27.301783,2.5298815,0.0,1.3741292,-0.026836662,-0.28399253,-0.47397196,-0.46837148,Non-Pulsar
102.63,-28.86,238.98,3.429486,6.527,-28.240263,2.5473475,0.0,0.76663005,-0.46039706,-0.1595711,-0.29020602,-3.1053185,Non-Pulsar
102.7,25.05,190.28,6.056519,98.139,-27.207935,1.6599728,0.0,1.3371319,0.21102022,0.16512492,0.20563528,0.2974215,Non-Pulsar
102.77,40.23,175.93,2.7457907,21.622,-28.456282,2.088657,0.0,0.5754475,-0.074797004,0.03868081,0.005787714,-0.6595305,Non-Pulsar
102.86,65.42,150.13,2.9871445,19.518,-28.561789,1.984231,0.0,0.7795538,-0.19234513,0.13962689,0.04066104,-0.43994713,Non-Pulsar
102.89,79.95,134.2,2.0473685,6.305,-28.958288,2.3757498,0.0,-1.4819369,-0.45944956,0.029079616,-0.23398633,-1.1173819,Non-Pulsar
103.04,-48.22,257.86,2.327405,7.517,-28.883915,1.983776,0.0,0.5563014,0.21178024,0.19979759,-0.023313431,-0.69820255,Non-Pulsar
103.14,19.55,195.51,2.3988178,6.868,-28.267353,2.3687415,0.0,1.0148894,0.28367764,0.1316661,-0.71911997,1.27284,Non-Pulsar
103.41,16.61,198.3,3.0059786,10.283,-28.40899,2.0948496,0.0,-0.10531332,-0.41715735,0.020854818,-0.080292545,-0.47357222,Non-Pulsar
103.43,28.26,187.57,3.5067198,23.412,-28.20682,1.8988302,0.0,1.3468453,0.47501254,0.17205036,0.030213535,-0.45419386,Non-Pulsar
103.52,-41.88,251.7,2.5172951,6.788,-28.629822,2.208964,0.0,-1.6720722,-0.068112604,-0.23758128,0.031884898,0.32612383,Non-Pulsar
103.58,9.39,204.88,3.296639,6.414,-28.372742,2.1079388,0.0,-0.48230973,0.24979207,-0.081192195,-0.12876607,0.123377584,Non-Pulsar
103.6,50.7,165.68,5.8494105,40.131,-28.157665,2.1555028,0.0,1.2246463,-0.025839187,-0.10447225,-0.13357945,-0.16561724,Non-Pulsar
103.61,45.24,171.21,6.7067556,36.337,-27.953794,2.1936498,0.0,1.0800502,0.066484205,-0.14451078,-0.15968962,-0.13918664,Non-Pulsar
103.67,-49.87,259.66,4.0818353,12.307,-28.619001,2.3668678,0.0,0.5677969,0.07495277,-0.2728802,-0.15508373,-0.3356186,Non-Pulsar
103.69,42.78,173.68,2.9040728,12.574,-28.488724,1.9956142,0.0,0.46000996,0.99996537,-0.20144631,0.12690295,0.19550206,Non-Pulsar
103.87,-26.52,237.27,2.9445999,9.332,-28.345266,2.1134527,0.0,0.7865886,0.89998543,0.056188658,-0.17731048,-0.15898205,Non-Pulsar
104.02,24.34,191.45,3.3200357,5.043,-28.211906,2.6804614,0.0,0.43746796,0.6248004,-0.40612784,-0.5950937,0.15585983,Non-Pulsar
104.08,-3.37,216.48,4.933021,26.143,-27.058264,2.615822,0.0,1.9091952,-0.14609225,-0.3176207,-0.4319784,0.096800506,Non-Pulsar
104.09,42.59,173.97,2.4483047,8.876,-28.425056,1.9728146,0.0,0.31980228,0.994081,0.35413587,-0.008078858,-2.0820634,Non-Pulsar
104.1,-24.07,235.1,2.4702709,6.883,-28.301115,2.3250082,0.0,-1.1517681,-0.14580557,-0.47943956,0.2092054,0.46039307,Non-Pulsar
104.54,-58.67,268.82,2.7456574,7.066,-28.812836,2.1724145,0.0,-1.1549383,-0.270165,0.20406555,-0.20093614,-3.7842097,Non-Pulsar
104.57,27.15,189.04,0.0,6.153,0.0,2.2687156,1.0,0.0,-0.65308875,0.28933135,-0.025925431,-4.463332,Non-Pulsar
104.66,6.61,207.85,2.6502624,10.889,-28.32306,1.9479092,0.0,0.14850989,-0.812183,0.501544,0.17361535,-0.05969694,Non-Pulsar
104.91,-27.7,238.75,3.5238209,12.055,-28.120222,2.5177803,0.0,1.2325768,-0.086285464,-0.2851015,-0.58295596,0.23385863,Non-Pulsar
104.92,-67.71,278.38,2.4114013,8.183,-28.898838,1.729639,0.0,-0.3371062,-0.7033489,0.99985594,-0.100652434,24.712578,Non-Pulsar
104.94,14.28,201.07,2.3530147,43.549,-27.783672,2.4925816,0.0,2.6771343,-0.21628328,-0.657597,-0.90479237,1.2052522,Pulsar
104.98,17.15,198.47,3.899894,9.751,-28.20913,2.5923903,0.0,0.010163459,-0.3606457,-0.22364208,-0.5118161,3.4744413,Non-Pulsar
105.05,-63.19,273.6,3.554409,14.177,-28.57551,1.8641233,0.0,0.82098,0.9997026,0.22267541,0.026145931,-0.19692566,Non-Pulsar
105.08,13.07,202.22,1.8705205,17.054,-28.298763,2.0537448,0.0,0.42586967,-0.1743197,-0.049961552,0.113522045,-0.06345323,Non-Pulsar
105.13,-66.18,276.77,6.413714,94.477,-27.68512,1.9632711,0.0,2.0773761,0.090764344,0.055738196,-0.07811766,-0.36326522,Non-Pulsar
105.38,25.2,191.18,1.9758239,9.157,-28.686094,1.9092016,0.0,0.17391439,-0.32356685,0.06857585,-0.45232353,0.060582876,Non-Pulsar
105.39,-46.57,256.8,6.280667,42.799,-28.041735,2.3292284,0.0,1.8785437,-0.13087146,-0.18689093,-0.313765,-1.6817844,Non-Pulsar
105.68,-19.85,231.92,5.069891,40.038,-27.536041,2.0521216,0.0,1.2566763,-0.018796472,0.015244152,-0.04731553,-0.118969046,Non-Pulsar
105.81,68.15,147.39,2.7336676,5.14,-29.183867,2.0154693,0.0,-0.5708036,-0.117091745,-0.12460495,0.20344485,0.24472615,Non-Pulsar
105.82,-39.25,249.86,2.85846,21.516,-28.118593,2.0962553,0.0,0.7415259,0.21655078,-0.017440023,-0.027758047,-0.25607762,Non-Pulsar
105.83,-10.71,223.81,0.0,3.702,0.0,2.278204,1.0,0.0,0.31143373,-0.6711971,-0.42479128,0.76970845,Non-Pulsar
105.84,-0.84,215.04,4.948831,24.611,-27.554764,2.1450872,0.0,1.4233015,0.64021355,-0.060858548,-0.12626345,-0.008959954,Non-Pulsar
106.19,45.14,171.93,2.5726526,6.261,-28.554747,2.4179566,0.0,-0.56797856,-0.21145557,-0.17212993,-0.7241789,0.2915245,Non-Pulsar
106.21,49.13,167.83,4.7244225,17.068,-28.246902,2.3884115,0.0,1.0248935,-0.18988557,-0.14076096,-0.5513139,13.64696,Non-Pulsar
106.45,-48.81,259.26,2.8296487,19.172,-28.159498,2.3048885,0.0,1.488144,0.11811186,-0.13528523,-0.35147718,-0.22659545,Non-Pulsar
106.49,53.17,163.66,0.0,9.492,0.0,2.124423,1.0,0.0,0.14999115,-0.20847152,-0.09539238,0.4566148,Non-Pulsar
106.55,2.78,212.14,2.6242244,7.99,-28.454798,1.642911,0.0,-0.47444654,-0.99998575,0.9999964,0.4487989,-0.31864882,Non-Pulsar
106.63,37.74,179.5,2.8666227,39.959,-27.997942,1.8122023,0.0,0.97797805,0.1285363,0.16546057,0.06747349,0.12246284,Non-Pulsar
106.72,77.7,136.77,5.4213605,41.689,-28.410269,1.8644754,0.0,1.7379427,0.1288233,0.14263326,0.017711299,-0.13805366,Non-Pulsar
106.73,61.16,155.12,3.4819782,17.742,-28.660912,2.4524271,0.0,-1.4739262,-0.27627796,-0.2304644,-0.1397388,-0.7608614,Non-Pulsar
107.25,48.66,168.53,2.6740437,7.749,-28.941526,1.7154958,0.0,0.1588169,0.12286964,-0.14859082,0.28550747,0.5331192,Non-Pulsar
107.26,43.08,174.29,0.0,4.121,0.0,2.1295176,1.0,0.0,-0.76995724,0.48244837,-0.41202646,0.21255758,Non-Pulsar
107.28,22.68,194.26,4.5380163,30.334,-28.174448,2.0261562,0.0,0.5536954,0.040833537,0.12172822,-0.13649237,-1.2955003,Non-Pulsar
107.31,-15.45,228.69,3.183964,13.369,-28.11855,1.6811829,0.0,0.71945494,0.99998647,0.9133504,0.24203964,-0.105445586,Non-Pulsar
107.34,5.68,209.9,3.5002608,9.959,-28.334545,2.1006138,0.0,0.25397006,0.5168112,-0.24981709,0.23779611,0.27686295,Non-Pulsar
107.45,-2.93,217.64,5.821953,33.523,-27.596367,2.2631469,0.0,1.1823422,-0.0711761,-0.18607111,-0.16529334,-0.02687686,Non-Pulsar
107.62,59.14,157.41,3.5581357,29.127,-28.39159,1.5597303,0.0,0.99101496,0.19597442,0.32964972,0.23918039,0.27375335,Non-Pulsar
107.72,-38.85,250.1,4.781838,17.095,-27.976456,2.5545223,0.0,0.94729966,-0.23033957,-0.3162303,-0.59913087,0.0093340175,Non-Pulsar
107.73,47.55,169.77,4.3879895,12.902,-28.284325,2.5675848,0.0,0.90794945,-0.40563402,-0.22574753,-0.41439953,4.7172556,Non-Pulsar
108.12,57.41,159.34,3.403502,5.378,-28.884731,1.8752772,0.0,-0.26206753,-0.1444874,-0.40533897,0.27106234,0.5429563,Non-Pulsar
108.15,33.19,184.45,0.0,5.336,0.0,2.2096922,1.0,0.0,-0.5910467,-0.54445696,0.55101275,0.6034567,Non-Pulsar
108.19,50.55,166.71,4.9513593,43.294,-28.123291,2.153365,0.0,0.86505175,-4.782672e-06,-0.09081453,-0.12797272,-0.24567755,Non-Pulsar
108.26,57.63,159.11,4.727827,9.072,-28.49628,2.4943998,0.0,0.23253724,-0.1348883,-0.2645631,-0.21857472,-0.37747645,Non-Pulsar
108.38,25.63,191.88,2.4773612,6.943,-28.61805,2.2698944,0.0,0.52941114,-0.19444315,-0.20331578,0.21600236,-0.45693773,Non-Pulsar
108.46,19.59,197.64,6.7179065,39.272,-27.969606,2.2889779,0.0,1.4730529,-0.080488466,-0.17962345,-0.29646817,-1.0722923,Non-Pulsar
108.62,11.18,205.48,2.9273276,7.666,-28.548494,2.2239802,0.0,0.28626758,-0.20682214,0.0101717925,0.1178221,-0.5718186,Non-Pulsar
108.83,-68.48,279.59,2.8390582,7.73,-28.59706,2.298195,0.0,-1.0381379,0.72649914,-0.48511344,0.14888763,0.42130345,Non-Pulsar
108.92,-45.48,256.72,0.0,13.787,0.0,2.3860512,1.0,0.0,-0.011906279,-0.25039646,-0.36406398,-0.19229667,Non-Pulsar
109.44,-55.32,266.35,2.4957795,9.181,-28.855444,1.6579118,0.0,0.9139477,0.9995126,0.39597934,0.32627946,0.2154163,Non-Pulsar
109.52,45.62,172.16,5.4623017,23.247,-28.187048,2.3100166,0.0,1.6590832,0.17448421,-0.21579906,-0.32198873,0.06835417,Non-Pulsar
109.55,-13.42,227.9,2.952477,4.353,-27.904053,2.2877743,0.0,-0.60346156,-0.45752388,0.048978865,-0.27247936,-5.719062,Non-Pulsar
109.67,-43.33,254.92,2.9904716,59.529,-27.758669,1.8376907,0.0,1.7567031,0.15637536,0.086726464,0.10927237,0.050857726,Non-Pulsar
109.78,-70.93,282.25,2.6916578,9.103,-28.71766,1.8609363,0.0,0.73332345,0.9593607,0.518872,0.045495342,-0.28687772,Non-Pulsar
109.84,33.12,185.04,7.1855865,92.253,-27.714458,2.0622802,0.0,2.213399,0.05024697,-0.026811976,-0.17788494,-0.47081715,Non-Pulsar
109.92,-39.45,251.4,2.663103,4.183,-28.273867,2.3157425,0.0,-0.5711964,0.35764495,-0.05902061,-0.43045017,2.156564,Non-Pulsar
109.93,-40.21,252.1,2.171186,15.573,-28.29419,2.1589866,0.0,0.5840391,-0.35021782,0.08115623,-0.07041109,-1.024547,Non-Pulsar
110.0,-35.12,247.46,4.2201138,7.448,-28.150463,2.5095646,0.0,-1.1809913,0.08800147,-0.44840688,-0.4226014,0.6771734,Non-Pulsar
110.02,-62.62,273.73,3.0771866,8.042,-28.261805,3.132935,0.0,1.0317497,-0.43187743,-0.6992742,-0.60044384,0.07172979,Non-Pulsar
110.33,-2.37,218.47,2.5932837,7.374,-28.577065,1.8103627,0.0,-0.44894165,-0.8240273,0.5819771,-0.12310799,0.20677072,Non-Pulsar
110.35,4.09,212.69,4.914596,25.744,-27.932392,2.4670777,0.0,1.279073,-0.21555053,-0.31737697,-0.40920416,-0.61109495,Non-Pulsar
110.49,71.34,143.98,8.210901,318.785,-26.97168,2.0356224,0.0,2.8678749,0.060144033,-4.1801526e-05,-0.04263043,-0.15370384,Non-Pulsar
110.68,36.11,182.27,2.97665,6.861,-28.57146,2.6350763,0.0,-0.24842754,-0.21611314,-0.40236893,-0.24177504,-0.15348001,Non-Pulsar
110.75,-7.54,223.26,2.6122468,15.244,-28.131353,2.0514781,0.0,-2.2607248,0.019138217,-0.2737702,-0.004784248,0.47897667,Non-Pulsar
110.86,58.7,158.2,3.1624508,7.232,-29.105743,1.6354164,0.0,0.11746191,-0.5719842,-0.84503186,0.8823555,0.6856227,Non-Pulsar
110.89,29.01,189.47,3.8676465,6.255,-28.531029,2.7229614,0.0,0.259356,-0.054372203,-0.27021906,-0.56633735,1.47281,Non-Pulsar
110.95,20.84,197.43,0.0,14.697,0.0,1.8164653,1.0,0.0,-0.35621828,0.14806823,-0.0073913224,0.11957047,Non-Pulsar
111.32,14.42,203.64,7.8694096,75.831,-27.745312,2.1993358,0.0,1.8837894,-0.07398531,-0.14998907,-0.22900355,-0.25652102,Non-Pulsar
111.39,2.27,214.8,3.2035384,18.582,-28.047115,1.9364291,0.0,0.68059695,-0.08231318,0.2555955,-0.2177439,-0.46257803,Non-Pulsar
111.39,-5.07,221.37,2.6945577,7.047,-28.326189,2.059545,0.0,-0.27058864,-0.21999297,-0.20328552,-0.18624395,0.2605264,Non-Pulsar
111.42,-35.5,248.33,0.0,7.357,0.0,2.0218623,1.0,0.0,-0.59122276,-0.34800133,0.102896735,0.6093178,Non-Pulsar
111.47,-0.91,217.7,3.5610514,27.766,-28.1473,2.0427215,0.0,-0.39042473,-0.12453236,-0.05028982,0.070181094,0.15417801,Non-Pulsar
111.55,81.24,132.76,2.4289973,3.981,-29.378433,1.8640211,0.0,0.109160036,0.99596447,0.45293424,0.19508965,-0.84465605,Non-Pulsar
111.61,-47.46,259.37,4.8105426,20.65,-27.689638,2.518825,0.0,1.3931997,0.024433885,-0.2229927,-0.41023302,-2.8329768,Non-Pulsar
111.78,37.57,181.07,2.7675514,4.872,-28.984575,1.9301827,0.0,0.3993189,-0.5447685,-0.29189208,0.32109085,0.7049827,Non-Pulsar
111.87,53.43,164.13,1.9222652,6.672,-28.623846,2.7022645,0.0,-0.2631567,-0.47044772,-0.1672046,-0.45624343,1.9678272,Non-Pulsar
112.02,-47.67,259.69,2.353993,3.872,-28.184002,2.1562116,0.0,0.37611055,-0.83673346,-0.6890066,0.77617764,0.6257312,Non-Pulsar
112.05,48.46,169.59,2.9439263,9.089,-28.60702,2.3106046,0.0,-1.8738277,-0.3833731,-0.06735644,-0.2452629,-0.1252412,Non-Pulsar
112.14,61.48,155.18,2.446378,9.84,-28.602629,2.5039701,0.0,0.943173,-0.11979139,-0.4618191,-0.4911025,0.60866106,Non-Pulsar
112.28,-31.53,245.11,2.7070332,7.571,-28.160648,2.32572,0.0,0.17314792,-0.07619804,-0.2302799,-0.10854429,-1.230393,Non-Pulsar
112.29,57.06,160.15,3.697484,6.627,-28.790586,2.328036,0.0,0.18902704,0.34175912,-0.41955638,0.18209153,0.24263394,Non-Pulsar
112.34,-14.76,230.36,2.6896904,8.506,-27.634981,2.459798,0.0,0.7344809,0.67671365,-0.45258382,-0.3094011,0.38166016,Pulsar
112.53,68.88,146.8,2.7370985,8.021,-29.308186,2.0624733,0.0,1.1785145,0.37453213,0.4435998,-0.12337024,-1.1472785,Non-Pulsar
112.58,-11.69,227.77,8.040147,134.918,-27.122929,2.2272675,0.0,2.5427947,-0.06384721,-0.15695432,-0.24006715,-0.33392966,Non-Pulsar
112.62,33.13,185.86,2.350219,15.723,-28.465776,1.7551745,0.0,1.0033748,0.38048404,0.31507668,0.13434537,-0.13472478,Non-Pulsar
112.64,-5.58,222.41,4.169379,28.019,-28.086819,2.2104354,0.0,0.54459196,-0.20024954,-0.111796774,-0.027908264,-0.4034878,Non-Pulsar
112.69,-66.05,277.6,3.4520025,15.766,-28.607187,1.7649366,0.0,0.42847243,0.9972082,0.6638482,0.06583236,-0.33338884,Non-Pulsar
112.81,-14.07,229.97,2.443244,8.529,-28.315987,2.080945,0.0,1.2361388,-0.11517052,0.3498206,-0.09927879,-0.8669355,Non-Pulsar
112.96,-30.16,244.17,3.190017,8.298,-28.341518,2.0275948,0.0,0.6412761,-0.40671894,0.4586328,-0.26037923,5.5784945,Non-Pulsar
112.98,28.09,191.08,2.710483,5.084,-28.855562,2.1176615,0.0,-0.11280679,-0.76129293,0.36628148,-0.1393681,-1.5972413,Non-Pulsar
113.18,-46.65,259.09,4.6786766,10.331,-27.912254,2.5043519,0.0,1.5249156,0.068541594,-0.23223178,-0.84442747,1.2005805,Non-Pulsar
113.27,49.26,168.9,2.501606,5.051,-28.694307,2.2268,0.0,-1.1024935,-0.6079224,0.21524493,-0.53329474,5.493531,Non-Pulsar
113.28,59.17,157.85,2.004599,11.304,-28.650625,2.1471264,0.0,0.7410676,-0.049772643,0.098580614,-0.15418321,-1.3342547,Non-Pulsar
113.36,51.88,166.02,2.8974814,14.049,-28.70471,1.7689853,0.0,-0.33171257,0.086238466,0.22915505,0.11474303,-0.030616594,Non-Pulsar
113.38,35.29,183.85,2.3877923,6.365,-28.819574,2.146712,0.0,0.3883591,-0.41589758,0.26075563,-0.007233334,-2.8448775,Non-Pulsar
113.39,-54.76,266.73,4.644614,17.496,-28.494326,2.2148514,0.0,0.27158442,-0.18636434,-0.0038879209,-0.14302659,-1.0768929,Non-Pulsar
113.42,36.82,182.27,3.6023092,6.674,-28.712894,2.3642974,0.0,-0.64961094,0.18715471,-0.09615842,-0.22128932,15.858473,Non-Pulsar
113.44,2.09,215.91,2.673518,4.167,-28.05523,2.7545958,0.0,0.28911293,0.64160925,-0.39026195,-0.5421713,1.9836205,Non-Pulsar
113.45,41.17,177.69,2.5191135,16.339,-28.63261,1.9972551,0.0,0.08923345,-0.19645579,-0.08344619,0.23639467,0.30668518,Non-Pulsar
113.47,4.93,213.35,5.0885906,14.544,-28.184177,2.3892968,0.0,0.69710875,-0.22141801,-0.17610514,-0.28632128,-3.3432932,Non-Pulsar
113.52,50.36,167.73,6.1949778,30.68,-28.240274,2.2465696,0.0,1.5474465,7.6164186e-05,-0.13492654,-0.2749073,-0.808506,Non-Pulsar
113.61,-77.19,289.12,5.4413543,22.292,-28.121304,2.1800709,0.0,1.4680535,-0.003169337,-0.10270928,-0.15426926,-0.25324544,Non-Pulsar
113.69,-15.99,232.06,2.30523,65.947,-27.358665,2.1146758,0.0,2.8060272,0.08460729,-0.07631027,-0.38246605,-0.4184845,Pulsar
114.35,-82.79,295.1,2.8302665,19.618,-28.445387,1.97577,0.0,0.3107744,0.75366074,-0.07053607,0.07576559,0.1651571,Non-Pulsar
114.54,17.71,201.85,5.6550965,88.164,-27.158447,1.9869814,0.0,1.9580419,0.25302273,-0.0054292018,-0.005085523,0.06852878,Non-Pulsar
114.61,15.66,203.84,2.5685542,5.679,-29.086563,1.6951916,0.0,0.76982224,-0.84785503,0.99995905,0.0661595,-5.1646676,Non-Pulsar
114.74,-67.6,279.46,5.2342467,11.243,-28.154978,2.5381687,0.0,-0.7688457,-0.2714201,-0.21718106,-0.5418916,1.9862057,Non-Pulsar
114.82,1.62,216.98,7.8469625,107.733,-27.446507,2.3210616,0.0,2.4145312,-0.09659603,-0.22837423,-0.3107938,-0.43738973,Non-Pulsar
114.95,17.72,202.0,3.167707,5.038,-27.582653,2.5217452,0.0,0.19685106,-0.6187603,-0.32514578,-0.07074105,-0.038307663,Non-Pulsar
114.96,-67.37,279.26,2.9734104,6.272,-28.668404,1.8503166,0.0,0.37067086,0.11681476,0.96215916,0.55298775,0.68143183,Non-Pulsar
115.02,-7.9,225.59,3.3602893,6.234,-28.217794,2.5773187,0.0,0.12260609,-0.1732551,-0.35995784,-0.54477316,-0.019941354,Non-Pulsar
115.11,73.01,142.07,3.136173,3.257,-29.125944,2.254026,0.0,0.56967294,0.9999881,0.07436012,0.17114897,-3.6738048,Non-Pulsar
115.23,32.06,187.73,2.3729637,7.383,-28.619429,2.4202518,0.0,-0.17319407,-0.37837029,-0.38943842,0.16530451,0.3625363,Non-Pulsar
115.26,32.44,187.34,2.4541123,7.343,-28.868595,1.4044435,0.0,0.85492945,0.42851803,-0.9999807,0.99999624,0.49907526,Non-Pulsar
115.31,-51.67,264.35,3.0324712,5.389,-28.086561,2.604076,0.0,0.20384188,0.85600203,-0.3039558,-0.54884994,-0.18396366,Non-Pulsar
115.35,-81.54,293.81,2.642112,4.239,-29.047771,1.6785805,0.0,0.76581323,0.9948654,0.9451052,0.39068967,-0.12092613,Non-Pulsar
115.36,-47.16,260.25,3.941475,12.911,-27.967691,2.7068665,0.0,0.9510265,-0.06082098,-0.2804887,-0.6937069,11.481001,Non-Pulsar
115.54,49.04,169.45,4.5173664,11.869,-28.641657,2.290283,0.0,0.1636362,0.04478135,-0.11629365,-0.09172656,-1.0356125,Non-Pulsar
115.67,54.73,163.05,7.949914,62.215,-28.136997,2.2578912,0.0,1.6233197,-0.10147045,-0.16588193,-0.23312049,-0.5457413,Non-Pulsar
115.71,-28.38,243.78,2.286121,28.43,-27.588692,2.0666502,0.0,2.1677642,0.36837366,0.0106585855,-0.38180524,-0.82483065,Pulsar
115.74,-52.7,265.42,3.7880976,8.286,-27.941303,2.7961764,0.0,1.1010975,0.9613112,-0.52220446,-0.46506888,0.6037868,Non-Pulsar
115.77,-56.38,268.84,3.8480837,6.858,-28.288864,2.8131633,0.0,0.54934186,-0.43140903,-0.549484,-0.39954567,0.58474207,Non-Pulsar
115.78,17.22,202.82,2.5589666,10.843,-28.419403,2.2538865,0.0,-1.2287114,0.5834302,-0.11119626,-0.17750786,-0.19895555,Non-Pulsar
115.83,-49.21,262.26,1.3889016,7.901,-28.055964,2.5376399,0.0,-1.4055772,-0.056203917,-0.40278038,-0.35758165,0.4186114,Non-Pulsar
115.91,-38.09,252.35,3.9174156,5.835,-27.949142,2.4252458,0.0,0.1428609,-0.31090942,0.040797386,-0.503385,1.7593313,Non-Pulsar
116.01,-25.43,241.35,2.518936,35.164,-27.5408,1.9745094,0.0,2.4523325,0.32873937,0.16368346,-0.26645526,-0.62477434,Pulsar
116.03,-62.2,274.41,2.3210566,4.057,-29.0407,1.2105943,0.0,0.70681214,-0.5713193,-0.99999934,-0.8636212,1.0,Non-Pulsar
116.03,74.58,140.25,3.0794227,21.245,-28.670975,1.8062041,0.0,-0.53381485,0.17788805,-0.09072277,0.11891585,0.4328409,Non-Pulsar
116.05,-69.3,281.34,3.513936,11.237,-28.481066,2.367811,0.0,0.6187957,-0.01901745,-0.07045232,-0.3016592,4.115946,Non-Pulsar
116.36,-24.8,240.96,2.918571,4.323,-27.364567,3.119611,0.0,1.1370142,-0.1038874,-0.8146807,-0.102646574,0.73474324,Non-Pulsar
116.52,-0.65,219.85,2.425784,3.962,-28.297352,2.7952957,0.0,0.004103099,-0.2998857,-0.6846826,-0.2506495,0.75861776,Non-Pulsar
116.6,-2.43,221.48,3.24331,18.529,-28.240602,1.7567923,0.0,0.75711364,0.999994,0.09572946,0.14828464,0.30105183,Non-Pulsar
116.6,25.77,194.63,4.499967,17.3,-28.249002,2.8011785,0.0,1.5610502,-0.29698622,-0.64850986,-0.7054357,0.78088874,Non-Pulsar
116.63,27.52,192.85,3.5345078,9.235,-28.487352,2.6843984,0.0,0.5603644,-0.079606436,-0.45246372,-0.3753821,-0.08527724,Non-Pulsar
116.63,-7.18,225.73,3.2919939,16.547,-28.10369,2.1034112,0.0,1.3267384,0.30509728,0.08477332,-0.10572501,-0.5382746,Non-Pulsar
116.67,-47.92,261.35,5.918413,51.736,-27.74644,1.8547896,0.0,1.2578338,0.07610472,0.163597,0.023336371,-0.019039087,Non-Pulsar
116.82,45.5,173.59,2.7511191,7.188,-28.776796,2.1504076,0.0,0.2778716,0.9986115,-0.28505316,0.104087844,0.25511917,Non-Pulsar
116.83,-33.18,248.42,4.91177,21.965,-27.45842,2.2964206,0.0,0.28590974,0.03434116,-0.2563594,-0.104676135,0.0072860047,Non-Pulsar
116.88,9.09,211.04,2.0046914,11.927,-28.665852,2.0328708,0.0,-0.60195786,0.6502268,-0.0376777,-0.08389247,0.08136225,Non-Pulsar
116.88,-49.46,262.81,0.0,19.126,0.0,2.1056519,1.0,0.0,-0.1697571,-0.14955305,-0.05033754,0.33484513,Non-Pulsar
116.92,72.16,143.0,3.448888,6.366,-28.810287,2.4518964,0.0,-1.1409748,-0.5221773,-0.17235637,-0.11019922,-1.2721448,Non-Pulsar
117.01,-16.64,234.2,4.1911664,14.111,-27.848503,2.6007378,0.0,1.2084574,-0.24281786,-0.36606678,-0.34855297,0.03631852,Non-Pulsar
117.08,85.2,128.22,2.9357998,16.014,-28.778046,1.5433053,0.0,1.2966957,0.99546885,0.6065533,0.30012366,-0.029729238,Non-Pulsar
117.08,49.47,169.15,3.6024787,9.032,-28.49643,2.5101695,0.0,-1.3136737,-0.35101438,-0.18499212,-0.14307058,-4.5135665,Non-Pulsar
117.16,24.02,196.6,5.2001667,25.255,-28.244133,2.3390906,0.0,0.41893053,0.060419925,-0.16331786,-0.13536952,-0.90717804,Non-Pulsar
117.27,-39.07,253.73,0.0,7.451,0.0,2.0655828,1.0,0.0,0.99783206,-0.35120228,-0.056016576,0.49796572,Non-Pulsar
117.27,-29.95,245.82,2.5689669,5.835,-28.186176,1.9804273,0.0,0.17203234,-0.5901537,0.4133238,-0.2991478,24.67671,Non-Pulsar
117.32,23.23,197.45,1.8249067,8.279,-28.626905,2.051042,0.0,-0.29761055,-0.46987948,-0.30528894,-0.0790349,0.5035162,Non-Pulsar
117.35,44.89,174.34,4.379184,16.896,-28.403826,2.1504986,0.0,1.0924494,0.121050164,-0.020558467,-0.23310386,-0.51889706,Non-Pulsar
117.37,10.98,209.48,2.7378697,10.467,-28.430607,2.1884034,0.0,-0.1606413,0.42631865,0.027015783,-0.02209912,-0.20668276,Non-Pulsar
117.39,10.45,209.99,2.668271,3.494,-28.14983,2.857799,0.0,0.6697696,-0.4711128,-0.61041,-0.32778302,0.23883,Non-Pulsar
117.42,13.41,207.18,2.5221748,13.091,-28.197102,2.1575804,0.0,1.1321332,-0.13853419,0.1258828,-0.32726997,-34.16467,Non-Pulsar
117.43,74.85,139.9,0.0,11.337,0.0,2.1748505,1.0,0.0,0.045095414,0.12040693,-0.32406145,-3.9011014,Non-Pulsar
117.48,31.21,189.26,2.2101223,4.104,-28.708113,2.452208,0.0,-0.34362885,-0.4412854,-0.13806458,-0.1499948,-14.179717,Non-Pulsar
117.49,18.39,202.35,3.3648918,5.359,-28.150267,2.437007,0.0,0.515444,-0.40674886,0.02528063,-0.5438164,1.4718388,Non-Pulsar
117.51,82.64,131.06,3.5770187,5.785,-28.908552,2.628444,0.0,-0.888948,-0.30532867,0.07621708,-0.46004346,1.4257866,Non-Pulsar
117.7,12.49,208.18,5.885328,32.138,-27.995071,2.4234695,0.0,1.4628209,-0.08603534,-0.27977216,-0.28482607,0.019118315,Non-Pulsar
117.77,79.14,135.0,5.0425115,26.509,-28.774296,1.8968532,0.0,1.6747402,0.60877943,0.10734522,-0.07966296,-0.20990478,Non-Pulsar
117.77,-51.53,264.94,6.544393,26.59,-27.855219,2.3316505,0.0,1.7151519,0.027883502,-0.21667378,-0.24964413,0.09905564,Non-Pulsar
117.86,-4.36,223.83,1.9596179,10.39,-28.562359,2.0815973,0.0,0.60528165,0.14949976,-0.019690854,0.12997225,-0.29278183,Non-Pulsar
117.87,26.93,193.86,3.0275645,5.718,-29.212637,1.913759,0.0,0.82707167,-0.448043,0.89538586,-0.048169963,-1.3062118,Non-Pulsar
117.98,33.24,187.25,7.717069,43.287,-28.26367,2.3153691,0.0,1.8084841,-0.10636061,-0.25279698,-0.35926974,-0.3422959,Non-Pulsar
118.09,-16.53,234.63,3.6735973,21.515,-28.134075,1.7705446,0.0,1.2886523,0.4424843,0.23757112,0.2265131,-0.06596541,Non-Pulsar
118.25,53.89,164.19,3.4995918,44.907,-28.170368,2.0426676,0.0,1.1022077,0.08394399,-0.02590229,-0.0083332285,-0.14112963,Non-Pulsar
118.49,9.39,211.49,4.051499,7.506,-28.416864,2.474448,0.0,0.94909817,0.0013226157,-0.12191064,-0.24361566,-0.66550297,Non-Pulsar
118.52,4.86,215.75,3.3304415,15.888,-28.46013,1.6782796,0.0,0.8307087,-0.10758287,0.37192598,0.19774182,0.27699748,Non-Pulsar
118.61,-11.81,230.77,3.7802145,41.875,-27.851896,2.0340767,0.0,1.6615559,0.16635318,-0.02626243,-0.14009054,0.02045805,Non-Pulsar
118.64,39.2,180.91,2.4454992,4.589,-28.999786,1.9216198,0.0,0.59347934,0.99998605,0.036989156,0.4758218,-0.071187586,Non-Pulsar
118.69,48.39,170.56,4.5593586,52.797,-28.04624,1.9425544,0.0,1.7264693,0.1406216,0.057171676,-0.030664522,-0.2761627,Non-Pulsar
119.08,-64.52,277.23,0.0,11.13,0.0,2.063361,1.0,0.0,-0.03980016,0.095738895,-0.04695289,-0.10450316,Non-Pulsar
119.17,-77.39,289.78,2.1469223,5.263,-28.904276,2.0884686,0.0,0.648284,0.9872823,0.111161225,0.21648568,-0.0096709095,Non-Pulsar
119.28,-37.5,253.17,3.2848449,8.215,-28.386978,1.7472476,0.0,0.93778116,0.99958754,0.82477325,0.53842056,0.31471866,Non-Pulsar
119.29,9.95,211.31,3.6075566,45.088,-27.822409,2.1034365,0.0,0.820905,0.0083468,-0.06650997,-0.117927976,-0.028553832,Non-Pulsar
119.54,11.57,209.87,0.0,10.012,0.0,2.3137393,1.0,0.0,-0.26842004,-0.30022955,-0.002377651,0.23332432,Non-Pulsar
119.69,37.78,182.7,2.3604321,6.839,-28.767647,2.2557886,0.0,0.39128467,-0.6132901,0.34644106,-0.093993984,4.584129,Non-Pulsar
119.73,27.07,194.31,3.1005316,18.425,-28.3522,1.9705538,0.0,0.8739056,0.1289557,-0.0018902246,0.02794045,0.09167531,Non-Pulsar
119.9,13.36,208.28,3.1704426,14.186,-28.530788,1.9128444,0.0,0.06782168,-0.037625406,0.038809106,0.031365518,0.3299426,Non-Pulsar
120.08,56.19,161.59,3.402078,8.206,-29.085443,1.9723768,0.0,0.57912576,0.9150383,0.21462287,0.30716395,-0.009625114,Non-Pulsar
120.11,-22.96,241.14,3.5790267,9.911,-28.215624,2.433394,0.0,1.609835,0.95846933,-0.19926193,-0.3682717,0.10160231,Non-Pulsar
120.25,44.02,175.76,3.7763135,15.123,-28.601807,2.0277865,0.0,0.89705807,0.70489484,-0.021873174,-0.12037715,0.050289992,Non-Pulsar
120.28,13.59,208.22,2.306327,4.354,-28.571476,2.2683117,0.0,-1.505662,0.3032892,-0.47797993,0.40332,0.22268586,Non-Pulsar
120.29,64.74,151.53,4.12045,17.367,-28.841175,1.9448395,0.0,-0.23398238,-0.3512571,-0.03257573,0.23309286,0.17531589,Non-Pulsar
120.33,66.53,149.43,3.0666924,10.276,-28.7722,2.5705135,0.0,0.5620674,-0.09238839,-0.21187149,-0.43650913,5.2577677,Non-Pulsar
120.51,10.11,211.7,2.143415,13.655,-28.60819,2.085778,0.0,0.17068379,0.47585443,-0.053940557,-0.05052231,-0.028697304,Non-Pulsar
120.55,-56.2,269.95,2.0519564,26.487,-28.239468,1.9658039,0.0,2.3721876,0.7331605,0.17335694,-0.5397708,-0.6961103,Pulsar
120.58,-9.71,229.92,2.7646618,20.701,-28.292356,1.8789194,0.0,0.4624134,-0.35178667,0.11153144,0.16227873,0.25476295,Non-Pulsar
120.75,24.66,197.18,2.7403219,5.205,-28.880924,1.9436674,0.0,-1.51914,-0.01057665,-0.2971426,-0.54233646,0.8864521,Non-Pulsar
120.82,-3.62,224.63,3.6692157,30.648,-28.206797,2.0048573,0.0,0.33970565,0.1004332,0.04037845,0.004830598,-0.41299146,Non-Pulsar
120.89,20.77,201.26,3.7333941,5.489,-28.695044,2.4456704,0.0,1.1006459,0.19238974,-0.1666988,-0.9991145,1.0019947,Non-Pulsar
121.01,-36.49,253.03,3.698616,26.134,-27.831762,1.6872739,0.0,1.7097955,0.25875723,0.22857505,0.2973884,0.14122993,Non-Pulsar
121.13,4.24,217.57,3.7134638,11.696,-28.501776,2.458994,0.0,0.64493895,-0.18825078,-0.24491753,-0.34932858,-1.5136024,Non-Pulsar
121.23,-6.41,227.33,3.1236458,14.648,-28.369837,1.8915775,0.0,0.5264202,-0.15537113,0.24774107,0.06613225,-0.082661524,Non-Pulsar
121.25,67.77,147.95,3.1365159,6.027,-29.531694,1.9471688,0.0,0.97350466,-0.22169246,0.5902355,-0.09054291,-3.7772417,Non-Pulsar
121.29,77.74,136.43,4.0583444,8.869,-28.704327,2.603702,0.0,-1.129172,-0.113979846,-0.45164353,-0.1308982,0.20360349,Non-Pulsar
121.3,-1.18,222.66,4.722244,19.368,-28.339811,2.4068313,0.0,1.1904893,-0.08886697,-0.33194992,-0.26866487,-0.059178293,Non-Pulsar
121.36,61.79,154.98,5.6213856,11.91,-28.47615,2.7075555,0.0,0.99200743,-0.18985996,-0.52751225,-0.43154132,0.31293508,Non-Pulsar
121.36,75.58,138.89,3.7372828,62.331,-28.066471,1.776121,0.0,0.9369799,0.16514324,0.10045898,0.12460174,0.24258888,Non-Pulsar
121.47,-23.53,242.29,2.6457083,6.704,-28.409092,2.1464791,0.0,-1.1431246,0.40747187,-0.17559536,-0.253556,0.08291637,Non-Pulsar
121.49,38.57,182.17,2.762059,10.71,-28.828053,2.1163216,0.0,-0.6235407,0.34704426,-0.3593666,0.21693407,0.42343926,Non-Pulsar
121.54,-4.98,226.21,2.744662,4.698,-29.120604,1.939846,0.0,0.7150192,-0.9128883,0.80292624,-0.1546416,-3.3118396,Non-Pulsar
121.63,45.06,174.73,3.8164127,8.231,-28.677956,2.5322046,0.0,0.06778592,-0.41826844,-0.04085798,-0.57551193,1.5477773,Non-Pulsar
121.65,59.51,157.68,3.276189,15.479,-28.84635,2.0442362,0.0,-0.36330363,-0.32682756,-0.082455315,-0.030854266,0.44995263,Non-Pulsar
121.74,-21.85,241.0,2.1297512,5.825,-28.58316,2.152631,0.0,0.22972101,-0.41203678,-0.014916358,0.22229786,-0.42449844,Non-Pulsar
121.76,-61.04,274.62,2.5767066,8.525,-28.718147,1.9979736,0.0,1.0795755,0.99797165,0.36577645,0.012930038,-0.29687932,Non-Pulsar
121.78,-5.68,226.97,4.9016986,35.128,-27.911661,2.1071928,0.0,1.5621959,0.4237387,-0.10078644,-0.08676169,0.0039562196,Non-Pulsar
121.82,-76.51,289.16,3.3992004,9.925,-28.56605,2.2426603,0.0,0.21047166,0.9942054,-0.088158846,-0.11720236,-1.0414902,Non-Pulsar
121.84,-19.92,239.4,0.0,5.541,0.0,2.221383,1.0,0.0,-0.30793786,-0.061359666,-0.46249264,0.114104204,Non-Pulsar
121.93,-12.1,232.71,3.454228,7.009,-28.312374,2.8192804,0.0,-1.2458148,-0.40849546,-0.35975128,-0.5789408,2.9821935,Non-Pulsar
122.06,-7.86,229.04,8.266319,127.961,-27.396284,2.1106455,0.0,2.5893023,0.011514502,-0.0822378,-0.1967093,-0.6581276,Non-Pulsar
122.13,49.83,169.17,3.2995167,13.106,-28.46948,2.6514971,0.0,0.93210566,-0.21454825,-0.32673872,-0.7655536,1.2428391,Non-Pulsar
122.33,40.9,179.65,3.8410158,11.314,-28.557648,2.6259482,0.0,0.61458695,-0.32490376,-0.37478375,-0.20785095,-0.6243692,Non-Pulsar
122.35,31.35,190.45,3.036341,5.417,-28.864305,2.184313,0.0,0.6901087,0.25315124,0.16585408,-0.25798523,-2.468607,Non-Pulsar
122.38,53.69,164.61,6.3526454,46.283,-28.225088,2.1352725,0.0,1.779379,0.036158882,-0.09256696,-0.15058136,-0.35307735,Non-Pulsar
122.42,34.93,186.48,0.0,12.658,0.0,1.89344,1.0,0.0,0.36082548,-0.014930905,0.14773084,0.18343578,Non-Pulsar
122.46,52.31,166.25,5.8886094,105.441,-27.536541,1.83099,0.0,1.0658771,0.082248114,0.10243066,0.110487595,0.118058994,Non-Pulsar
122.48,-70.47,283.44,3.1339846,4.901,-28.75552,2.0411031,0.0,-0.73277026,0.9991361,0.14619094,-0.5954682,1.7818588,Non-Pulsar
122.64,61.66,155.11,0.0,4.282,0.0,2.0151691,1.0,0.0,-0.6537303,-0.65081024,0.5362503,0.6491528,Non-Pulsar
122.73,-49.44,264.72,2.0960176,4.842,-28.034908,2.4850447,0.0,-0.26905316,-0.19829,-0.38829938,0.029702958,0.14535204,Non-Pulsar
122.75,-75.5,288.28,3.2192152,68.883,-27.71908,1.814104,0.0,1.7158707,0.053002395,0.15642673,0.05104329,0.053545926,Non-Pulsar
122.86,1.78,220.71,6.2990355,72.843,-27.532766,2.0148573,0.0,2.097879,0.12500253,0.021754308,-0.0695805,-0.1618644,Non-Pulsar
122.99,78.78,135.16,2.4608831,5.939,-28.738037,2.5190659,0.0,-1.4597565,-0.67524314,0.13989525,-0.266282,2.3696237,Non-Pulsar
123.01,2.63,219.99,2.1335223,20.4,-28.313427,1.8821064,0.0,-0.47667956,0.030598529,0.024686761,0.057970665,0.20444849,Non-Pulsar
123.1,11.73,211.28,2.9583223,4.282,-28.68296,2.5896342,0.0,-0.079832606,0.36101726,-0.40708247,-0.1788268,-1.0512,Non-Pulsar
123.14,7.19,215.72,0.0,5.917,0.0,2.5570598,1.0,0.0,-0.590794,-0.3768945,0.12085114,0.31403887,Non-Pulsar
123.16,28.36,193.97,0.0,8.092,0.0,2.1010718,1.0,0.0,0.99781114,-0.336382,-0.27881315,0.6481428,Non-Pulsar
123.22,65.13,150.96,2.92921,12.379,-28.799633,2.0285213,0.0,-0.10794536,0.6682512,0.18251835,-0.26778668,-1.5962687,Non-Pulsar
123.25,55.92,161.96,0.0,11.851,0.0,2.1725512,1.0,0.0,-0.3966223,-0.17505707,0.09480599,0.2728644,Non-Pulsar
123.36,25.53,197.11,2.6655014,4.704,-28.568005,3.2695603,0.0,0.12828308,-0.64570826,-0.5362546,-0.9999513,1.0000672,Non-Pulsar
123.43,-3.95,226.25,2.6679344,9.877,-28.599712,1.5040992,0.0,0.9869863,0.5195412,-0.17957488,0.7650925,0.40551126,Non-Pulsar
123.55,-10.22,231.9,4.311178,32.128,-27.780972,2.0151126,0.0,0.66229844,-0.028032195,0.078031056,-0.06734222,-0.32433346,Non-Pulsar
123.61,69.44,145.86,2.2707605,5.17,-29.339403,1.7444282,0.0,0.64025843,0.99936,0.9995451,0.64120346,0.058544606,Non-Pulsar
123.61,29.69,192.64,2.0857134,9.457,-28.731512,1.9437864,0.0,0.44859242,-0.73225194,0.46608463,0.055324305,-0.82637405,Non-Pulsar
123.63,-26.7,246.02,2.9874675,4.939,-28.453482,2.1880443,0.0,0.74844,0.44341502,0.21129768,-0.24694097,-0.6975268,Non-Pulsar
123.67,64.5,151.68,5.404124,54.698,-28.050375,2.1814632,0.0,0.9074427,-0.031728882,-0.09759077,-0.124049604,-0.2600056,Non-Pulsar
123.91,36.7,184.78,1.957762,5.251,-28.738565,2.327789,0.0,0.14212383,0.22518368,-0.3579666,0.021020353,0.14490397,Non-Pulsar
123.98,29.86,192.54,2.715596,5.815,-28.724903,2.1132238,0.0,0.61306036,0.9802484,0.21690525,-0.124658756,2.328996,Non-Pulsar
124.03,49.16,170.08,2.6380281,10.722,-28.852125,2.061329,0.0,0.09065488,-0.01700346,0.0009858974,0.041915502,-0.0036918828,Non-Pulsar
124.1,57.66,159.85,4.110447,44.934,-28.188255,1.9552996,0.0,1.305314,0.15572554,0.005347202,0.05753115,0.005480697,Non-Pulsar
124.11,-13.2,234.8,4.936775,44.322,-27.757748,1.7224683,0.0,1.2276646,0.110797025,0.09755225,0.23072642,0.25174966,Non-Pulsar
124.12,-0.12,223.11,2.3886206,4.2,-28.75328,2.2360408,0.0,0.4739319,-0.8657457,0.57322776,0.1675514,-12.142967,Non-Pulsar
124.19,-24.34,244.33,5.0349216,15.098,-27.929827,2.5547404,0.0,0.56761384,-0.2993352,-0.3488032,-0.39753968,-0.4178304,Non-Pulsar
124.23,20.85,202.42,2.414687,14.361,-28.577488,1.7383469,0.0,1.1272975,-0.10703916,0.47104967,0.1610207,-0.19224484,Non-Pulsar
124.28,19.93,203.41,2.4520772,5.596,-28.8396,1.7937626,0.0,-0.29437697,0.9999998,0.82132816,0.22332242,-2.7106845,Non-Pulsar
124.47,32.72,189.45,2.3858685,10.345,-28.558052,2.0194027,0.0,0.5158881,-0.7906474,0.40705305,0.08439238,0.17309113,Non-Pulsar
124.47,-9.58,231.82,3.5517945,39.747,-27.785337,1.9689145,0.0,1.4043432,0.019680697,0.14930418,-0.12651008,-0.847353,Non-Pulsar
124.56,42.38,178.22,5.6408186,123.624,-27.53582,1.9959115,0.0,2.266112,0.08445889,-0.029470254,-0.03709702,-0.13854304,Non-Pulsar
124.61,28.27,194.49,3.125149,10.848,-28.581467,2.1786828,0.0,0.304751,0.044070225,0.019077655,-0.3979041,9.359633,Non-Pulsar
124.7,31.89,190.45,3.5464032,5.505,-28.813267,2.1395867,0.0,0.09371293,0.1972549,0.2862705,-0.031024288,-2.312174,Non-Pulsar
124.7,32.49,189.77,3.0896578,3.764,-28.376759,2.355027,0.0,-0.21804123,0.99191916,-0.41512203,-0.27617687,-3.3835328,Non-Pulsar
124.76,27.78,195.09,2.3549533,11.488,-28.596857,1.9295418,0.0,1.0574425,0.0018888501,0.37529898,0.071235366,-0.29920316,Non-Pulsar
124.85,-7.95,230.58,1.3230307,10.357,-28.56502,1.8058727,0.0,0.21201359,-0.51521397,-0.056569733,0.27289248,0.44623384,Non-Pulsar
124.85,40.6,180.38,2.8508527,6.719,-28.886263,2.0253334,0.0,0.18445912,0.000336972,-0.0756513,0.3216006,0.24740115,Non-Pulsar
125.04,-28.03,247.83,2.490069,5.839,-28.698544,1.5983996,0.0,0.62278104,-0.37996426,0.9961182,0.70608914,0.5279762,Non-Pulsar
125.09,36.67,185.04,3.216722,16.017,-28.603765,2.1979496,0.0,0.39152664,-0.04760978,-0.100895055,-0.15119302,-0.47874847,Non-Pulsar
125.15,-3.3,226.56,0.0,4.879,0.0,1.9300373,1.0,0.0,-0.8208199,0.9152309,-0.41925147,1.8607435,Non-Pulsar
125.18,-57.98,272.84,3.600913,4.905,-27.9703,2.6493793,0.0,0.8593914,-0.18549737,-0.3935875,-0.6265019,-0.6903308,Non-Pulsar
125.23,23.89,199.51,0.0,11.182,0.0,2.0986671,1.0,0.0,0.023001032,-0.124634355,-0.057086494,0.23145556,Non-Pulsar
125.24,-12.97,235.2,0.0,9.541,0.0,2.3272736,1.0,0.0,-0.37979797,-0.03063694,-0.18829982,-0.39542767,Non-Pulsar
125.3,10.13,213.87,3.6017017,6.553,-28.638575,2.4433284,0.0,-0.38860944,-0.37394634,-0.4591424,-0.008796469,0.62340474,Non-Pulsar
125.62,-26.5,246.85,2.7072904,3.266,-28.532713,2.2323313,0.0,-0.6921413,0.9999965,-0.90907913,0.8242308,0.6162026,Non-Pulsar
125.73,5.64,218.47,0.0,4.682,0.0,1.8968624,1.0,0.0,-0.28368282,-0.47894207,0.30420882,0.7414368,Non-Pulsar
125.8,-63.5,277.8,2.9431179,8.134,-28.766457,1.7964972,0.0,0.36750612,0.32634097,0.9990312,0.3405623,0.060867418,Non-Pulsar
125.8,40.71,180.37,0.0,9.742,0.0,2.455426,1.0,0.0,-0.50654536,-0.20930874,-0.38094074,-0.20132805,Non-Pulsar
125.84,22.41,201.33,2.8668144,12.002,-28.368958,2.233704,0.0,0.70239794,0.38441992,-0.10690393,-0.44184455,-0.58497244,Non-Pulsar
125.95,-48.64,265.22,3.2179935,7.465,-27.276728,2.8787642,0.0,0.2639369,-0.60019016,-0.41162518,-0.43860734,-1.3899256,Non-Pulsar
126.11,24.67,198.95,5.4721203,18.904,-28.313921,2.475958,0.0,-1.0881711,-0.32285848,-0.2732956,-0.19169463,-0.17628889,Non-Pulsar
126.19,-10.6,233.64,2.8571048,2.684,-28.545948,2.628398,0.0,0.16298983,0.99973357,-0.010573096,-0.9524788,1.0236008,Non-Pulsar
126.2,55.88,161.95,4.782134,25.516,-28.489307,2.623445,0.0,0.008220764,-0.33657578,-0.30461264,-0.4204905,-1.0163534,Non-Pulsar
126.24,39.26,182.17,3.5418875,24.357,-28.237894,2.3227093,0.0,1.141526,0.014469941,-0.22424188,-0.24431366,-0.41816792,Non-Pulsar
126.46,3.17,221.21,2.1589777,23.845,-28.404621,2.1769197,0.0,0.011193456,-0.20266274,-0.005571304,-0.09371097,-0.90506864,Non-Pulsar
126.48,-32.31,252.07,4.6886683,16.997,-27.800348,2.6007383,0.0,1.4591037,-0.122873835,-0.42520136,-0.4278053,0.17271711,Non-Pulsar
126.5,-22.51,243.98,5.9626303,102.101,-27.35903,1.9208462,0.0,1.8094951,0.12614077,0.03938075,0.05071235,-0.040094264,Non-Pulsar
126.62,-64.08,278.5,3.0222974,18.87,-28.448238,1.8121017,0.0,0.08880922,-0.2773639,0.37130982,-0.088121265,-0.10683378,Non-Pulsar
126.76,-7.14,230.89,3.321774,16.541,-28.36488,1.5596449,0.0,1.179972,0.988456,0.8028067,0.29746878,-0.118122645,Non-Pulsar
126.91,-37.59,256.58,4.314826,7.368,-27.212097,2.9056122,0.0,1.2465506,-0.15099008,-0.53538406,-0.879301,0.39430064,Non-Pulsar
126.96,52.36,166.26,2.5829382,6.865,-28.688715,2.3132756,0.0,-0.5183554,-0.3515519,-0.33655405,-0.13228916,0.509058,Non-Pulsar
127.02,23.12,200.96,2.2887592,6.279,-28.839148,1.8752886,0.0,0.21059017,-0.6833471,0.357751,-0.15877022,0.13637634,Non-Pulsar
127.09,41.88,179.12,2.810971,7.32,-28.971598,1.81963,0.0,-1.1089984,0.016271595,0.5662833,-0.28640133,-0.7699549,Non-Pulsar
127.17,-7.79,231.69,3.1554143,7.833,-28.724068,2.6333797,0.0,1.2734087,0.9862428,-0.34893245,-0.45809248,0.50066423,Non-Pulsar
127.18,-24.37,245.9,2.9297268,7.092,-28.62492,2.0896857,0.0,0.10052672,-0.35595626,0.0820279,0.17854744,-0.61664,Non-Pulsar
127.27,17.92,206.7,2.6355271,11.982,-28.574898,2.148508,0.0,0.61571956,0.18548533,-0.02433599,-0.0015415096,-3.3521416,Non-Pulsar
127.35,8.96,216.0,2.6461236,9.914,-28.681828,2.1469638,0.0,-0.57873154,0.07921546,-0.08417643,-0.14925084,-0.19960119,Non-Pulsar
127.36,40.32,181.04,3.3678138,8.269,-28.671453,2.3457377,0.0,-0.73356056,0.12008752,-0.06385066,-0.13726753,-2.263753,Non-Pulsar
127.42,-11.68,235.26,3.3482935,23.717,-28.1975,1.8403479,0.0,1.0325549,0.088679,0.018264763,0.19992197,0.1525891,Non-Pulsar
127.43,51.1,167.81,2.7426138,8.013,-29.0006,1.9522856,0.0,-0.6976575,-0.1533031,0.09463856,0.29048118,-0.0918905,Non-Pulsar
127.44,-58.94,274.33,3.1399662,19.642,-27.871649,2.5349948,0.0,1.1254193,-0.14550294,-0.315103,-0.4534644,-0.54874796,Non-Pulsar
127.51,52.53,166.04,0.0,8.903,0.0,1.7770604,1.0,0.0,-0.8496614,0.9991781,-0.10946025,4.50084,Non-Pulsar
127.54,-9.77,233.65,3.1283493,7.622,-28.781385,1.8769256,0.0,0.1382655,-0.37919757,0.2040611,0.0186149,0.36467475,Non-Pulsar
127.7,24.17,200.03,7.377259,41.47,-27.940777,2.408809,0.0,1.9229553,-0.085196644,-0.27870548,-0.5044987,-0.91265243,Non-Pulsar
127.87,26.52,197.43,3.4520311,8.297,-28.564709,2.5005825,0.0,-0.39878353,-0.1880475,-0.39164406,-0.09750826,-0.03988259,Non-Pulsar
127.89,17.79,207.09,3.002732,10.439,-28.661037,1.9286504,0.0,0.35188377,-0.44460517,0.41893297,-0.097853616,-3.7715986,Non-Pulsar
127.97,4.49,220.7,6.294259,78.875,-27.839396,2.1933184,0.0,1.8514916,-0.025061775,-0.18395393,-0.16303977,-0.11950326,Non-Pulsar
128.07,27.89,195.92,2.6007307,6.114,-28.841314,2.19427,0.0,0.19307613,-0.4490119,0.32883307,-0.4337662,1.6926467,Non-Pulsar
128.11,49.21,170.15,4.5119853,20.415,-28.707432,2.2783687,0.0,0.0064237774,-0.10650647,-0.15017267,-0.13481419,-0.3375474,Non-Pulsar
128.26,33.01,189.97,3.0597012,5.853,-28.9132,1.7195909,0.0,0.555477,-0.99360573,0.9999998,0.107771195,-5.2148376,Non-Pulsar
128.37,-4.97,229.8,2.9959528,10.415,-28.998878,1.9286985,0.0,1.4675153,0.31878233,0.33519104,-0.054816812,-0.54953766,Non-Pulsar
128.48,42.4,178.61,3.9122102,22.861,-28.393003,2.3322647,0.0,0.9178442,-0.14199746,-0.2642199,-0.15278745,-0.23474112,Non-Pulsar
128.67,44.05,176.59,3.2131462,14.421,-28.760378,2.278355,0.0,0.46590585,0.06796923,-0.042885303,-0.22374,-7.0112357,Non-Pulsar
128.77,62.72,153.44,2.2147207,4.187,-28.661304,2.9687366,0.0,0.0133528495,-0.5294044,-0.8781713,0.12285438,0.85863477,Non-Pulsar
128.81,-22.73,245.41,2.2402167,6.035,-28.38418,2.4678705,0.0,1.1696681,0.04077625,-0.17376933,-0.8082291,1.191396,Non-Pulsar
128.84,-45.18,263.55,2.6183722,689.218,-24.28582,2.2607012,0.0,5.5362244,0.26384264,0.05934968,-0.2559338,-0.65077853,Pulsar
128.95,9.62,216.1,3.0478637,8.153,-28.69007,2.1783795,0.0,-0.110085085,0.72531295,-0.41285732,0.11019206,0.40221575,Non-Pulsar
128.96,15.3,210.2,3.155975,4.848,-28.659786,2.4159205,0.0,-1.4446443,0.58915836,-0.5461437,-0.015154942,0.5250691,Non-Pulsar
128.99,-21.35,244.36,2.6425643,4.078,-28.833086,1.8747994,0.0,-0.45755944,-0.7595073,-0.16072218,-0.18926097,0.7860839,Non-Pulsar
129.0,-80.26,293.47,2.903258,5.033,-29.099182,1.693763,0.0,-0.3808994,0.99989337,0.118975624,-0.419973,-2.1355393,Non-Pulsar
129.05,21.7,203.26,0.0,11.521,0.0,2.6828597,1.0,0.0,-0.4048281,-0.34383342,-0.29922932,-1.4386128,Non-Pulsar
129.13,-20.45,243.69,3.9903846,6.943,-28.251377,2.7177293,0.0,1.2429403,0.09620636,-0.79817057,-0.99940604,0.9998393,Non-Pulsar
129.24,58.56,158.5,2.3582559,10.353,-28.7834,2.3338563,0.0,0.1303976,-0.3025713,-0.30772766,0.005352569,0.352561,Non-Pulsar
129.35,14.97,210.72,2.5948327,7.549,-28.742416,1.3925319,0.0,0.9492162,-0.9990538,0.99927,0.45193732,0.20485252,Non-Pulsar
129.37,24.9,199.75,0.0,4.624,0.0,2.720763,1.0,0.0,-0.25458634,-0.57051617,0.03307612,0.26132256,Non-Pulsar
129.87,18.06,207.6,0.0,14.741,0.0,2.1451163,1.0,0.0,-0.05911666,-0.034865856,-0.18173108,-0.4019877,Non-Pulsar
129.93,35.67,187.08,2.8326163,20.395,-28.400434,1.8316122,0.0,0.843915,-0.11118395,0.20594482,0.08156111,-0.029256918,Non-Pulsar
129.96,1.09,225.03,6.9345613,47.707,-28.03286,2.2253652,0.0,1.6464778,-0.05284609,-0.11990485,-0.23928021,-2.3343973,Non-Pulsar
130.04,-2.43,228.4,3.2635822,6.083,-28.917017,1.5085825,0.0,-0.66091555,-0.79152876,0.9999584,0.29857486,-0.47849697,Non-Pulsar
130.22,13.29,212.89,4.239175,8.608,-28.489655,2.3113809,0.0,1.0191134,-0.19277327,-0.19577055,-0.19353436,-0.13061649,Non-Pulsar
130.24,-70.75,285.09,2.750936,3.754,-28.474728,2.4575984,0.0,-0.6330747,-0.4622002,-0.53179115,0.11938602,0.58276665,Non-Pulsar
130.26,-27.75,250.3,2.967345,4.599,-28.11424,2.872364,0.0,0.7135932,-0.2648819,-0.41735533,-0.7256928,0.30921388,Non-Pulsar
130.34,-35.9,256.87,3.795758,38.432,-27.77979,1.5522588,0.0,1.9288644,0.8795294,0.36222768,0.28112602,0.20776366,Non-Pulsar
130.34,70.89,143.55,8.497852,73.211,-27.951336,2.7728395,0.0,2.7725205,-0.29556814,-0.5923001,-0.8079275,0.2739593,Non-Pulsar
130.6,-60.89,276.88,4.5611763,26.01,-27.943573,2.1508243,0.0,1.3286214,0.32948986,-0.10841541,-0.11874588,0.11537068,Non-Pulsar
130.63,2.87,223.68,0.0,9.138,0.0,1.9356909,1.0,0.0,-0.8326524,0.57702804,-0.07828676,-0.089654125,Non-Pulsar
130.69,66.95,148.14,2.7445781,7.491,-28.775904,1.908227,0.0,-0.29583353,-0.8888055,0.7977104,-0.3585177,-0.69519216,Non-Pulsar
130.77,-8.89,234.69,3.4223602,4.004,-28.63407,2.590437,0.0,0.27402887,0.068674825,-0.3087937,-0.67332405,1.6171278,Non-Pulsar
130.79,50.57,168.41,2.4800227,4.667,-29.319824,1.6759331,0.0,-0.1650816,0.9824917,0.0042270315,-0.6842503,0.9596288,Non-Pulsar
131.05,53.21,165.05,4.035884,37.774,-28.25177,1.9473515,0.0,0.90094084,0.012342771,0.010364402,0.09690672,0.012005458,Non-Pulsar
131.25,-54.97,272.31,3.0395272,44.08,-27.700548,2.0224688,0.0,1.3728735,-0.017160973,-0.0007288918,-0.002788543,0.0016769171,Non-Pulsar
131.35,4.71,222.24,3.1422036,6.61,-28.730286,2.1795595,0.0,-0.30076724,0.3094895,-0.023254767,-0.08784572,-0.5825766,Non-Pulsar
131.45,-55.95,273.16,0.0,12.293,0.0,2.2745543,1.0,0.0,-0.16757596,-0.09578667,-0.2808612,-0.32039145,Non-Pulsar
131.64,-26.16,249.78,2.7506578,8.276,-28.300755,2.5526552,0.0,1.1441206,-0.18150587,-0.009783319,-0.77784324,1.3404175,Non-Pulsar
131.73,46.14,174.06,3.3371246,9.059,-28.588398,2.4089077,0.0,0.8764872,-0.18669498,-0.17915721,-0.6393013,1.8260641,Non-Pulsar
131.76,-23.61,247.77,3.5949192,38.48,-27.98401,1.9189488,0.0,-0.72387165,0.28716594,0.022807391,0.03950862,0.1508216,Non-Pulsar
131.81,11.57,215.45,3.2011025,20.829,-28.343391,1.7704111,0.0,-0.46354517,0.99996454,0.17178762,0.055712387,0.17306489,Non-Pulsar
131.99,-7.04,233.74,3.5097022,20.041,-28.50342,2.2374485,0.0,0.649758,0.1595428,-0.11756936,-0.22566646,-1.1272923,Non-Pulsar
132.0,-5.41,232.26,2.8735194,7.264,-28.578194,2.70756,0.0,0.6224765,-0.4458222,-0.23530419,-0.7389143,1.3122973,Non-Pulsar
132.18,5.14,222.26,2.7631497,6.287,-28.569254,1.7255061,0.0,0.15215933,0.9999292,-0.46953505,-0.12876524,0.79726344,Non-Pulsar
132.18,-69.71,284.6,2.8510811,4.126,-29.174168,1.7173808,0.0,-0.837072,-0.03639358,-0.97221774,0.9682631,0.6885102,Non-Pulsar
132.18,70.3,144.01,2.2799692,16.335,-28.88827,1.8509163,0.0,1.129261,0.9988035,0.23359872,0.06847638,0.054276507,Non-Pulsar
132.24,2.09,225.31,0.0,5.388,0.0,2.3589947,1.0,0.0,0.18005873,-0.3995245,0.03586925,0.29713798,Non-Pulsar
132.28,66.12,148.93,3.3579776,25.396,-28.491756,1.7801125,0.0,1.0030323,0.013314178,0.11403305,0.20089765,0.20820083,Non-Pulsar
132.35,-29.19,252.59,3.8885372,14.446,-28.421268,2.1382933,0.0,-0.16864522,-0.25830433,-0.05787871,-0.115847394,0.12939423,Non-Pulsar
132.38,4.95,222.56,2.9473722,14.502,-28.246374,1.9814878,0.0,1.1703166,0.09306112,0.29510096,0.07959746,-0.41453496,Non-Pulsar
132.45,-35.69,257.76,5.12986,24.393,-27.656569,2.2371776,0.0,1.1128988,-0.20682682,0.014440188,-0.28504026,-2.6372602,Non-Pulsar
132.51,48.92,170.47,5.609893,37.702,-27.74378,2.1856775,0.0,1.3236712,0.047756646,-0.048727583,-0.17646526,-0.31098655,Non-Pulsar
132.51,51.14,167.61,7.2081923,53.148,-28.247854,2.1575403,0.0,1.6274612,0.084765516,-0.13014407,-0.27026576,-0.14073034,Non-Pulsar
132.54,-12.21,238.65,6.615273,53.001,-27.967947,2.226916,0.0,1.5634364,-0.0720795,-0.11965235,-0.28733248,-1.3428677,Non-Pulsar
132.64,34.93,188.46,2.8975766,14.758,-28.738478,2.121438,0.0,-0.09639735,-0.16541289,-0.07952474,-0.03396051,0.22494942,Non-Pulsar
132.88,55.48,162.02,3.9844685,26.415,-28.468012,2.1080542,0.0,1.0392966,0.011251063,-0.017487638,-0.17299347,-0.30659384,Non-Pulsar
132.99,-52.5,271.02,3.499423,7.034,-27.724058,2.4138052,0.0,0.4361634,0.39570615,-0.49486375,0.19954617,0.48594826,Non-Pulsar
132.99,48.76,170.66,4.1549306,7.012,-27.970942,2.5068972,0.0,-0.36231223,-0.31419063,-0.18251885,-0.369984,3.4930718,Non-Pulsar
133.07,28.57,196.47,2.8194513,8.997,-28.690462,2.420543,0.0,0.14137782,-0.4330024,-0.095507815,-0.18545847,36.26646,Non-Pulsar
133.14,-57.93,275.31,7.3634434,60.834,-27.554304,2.2070198,0.0,1.8532932,0.038989034,-0.102299474,-0.21959789,-0.34188333,Non-Pulsar
133.25,-38.4,260.27,3.124738,4.423,-27.791157,2.5519,0.0,-0.45200565,-0.563627,-0.35010853,-0.030850833,0.16570458,Non-Pulsar
133.29,-36.96,259.18,2.3992753,27.133,-27.825037,1.8493813,0.0,0.80700344,0.74451584,0.102561444,0.15337121,0.20207702,Non-Pulsar
133.52,27.88,197.44,2.781785,4.77,-29.162025,1.4708978,0.0,0.32584712,-0.9962973,0.98047966,0.5512429,0.54292166,Non-Pulsar
133.59,44.15,176.65,2.9079864,17.517,-28.64034,1.6800134,0.0,1.1133488,0.98103434,0.295053,0.25463048,-0.057290595,Non-Pulsar
133.71,20.12,206.8,6.922415,108.086,-27.507786,2.1646564,0.0,1.6368312,-0.07899181,-0.09334478,-0.15488712,-0.324776,Non-Pulsar
133.87,-7.24,235.03,2.8451872,9.824,-28.815334,2.1242938,0.0,1.4648491,0.69994193,0.005568125,-0.49477336,-0.5195883,Non-Pulsar
133.98,71.74,142.11,3.2531936,13.462,-28.44851,2.6121194,0.0,-0.51801133,-0.28214386,-0.34695312,-0.26351824,-0.80015224,Non-Pulsar
134.12,-53.16,271.97,0.0,6.42,0.0,2.201149,1.0,0.0,-0.5837255,-0.12083771,-0.23110333,0.3582722,Non-Pulsar
134.17,-11.1,238.65,3.8731303,62.685,-27.7298,1.9430676,0.0,1.6407512,0.10918319,0.0363229,-0.005386198,-0.09830507,Non-Pulsar
134.2,20.95,206.02,3.0934227,16.496,-28.403603,2.1137023,0.0,-0.26494476,0.4440966,-0.10789055,0.026451258,-0.06840163,Non-Pulsar
134.22,85.99,126.85,2.7884963,5.763,-28.600866,2.27888,0.0,-0.14225094,0.39157817,0.07684677,-0.28655744,-1.0598546,Non-Pulsar
134.43,1.63,227.0,1.5687288,6.348,-28.665215,2.3223085,0.0,-0.33698288,-0.29291224,-0.15799062,-0.114749946,-0.6740467,Non-Pulsar
134.49,-19.82,246.26,4.7708077,17.154,-28.215641,2.4918113,0.0,0.51852614,-0.23410133,-0.2217081,-0.36380467,-4.7707834,Non-Pulsar
134.51,-31.51,255.6,3.2803953,12.181,-28.401663,1.8881328,0.0,0.04100905,-0.33616832,0.116299674,0.19734207,0.34765843,Non-Pulsar
134.54,14.1,214.01,2.2259872,6.971,-28.59768,2.4637253,0.0,0.40532228,0.10944864,-0.2598856,-0.41334596,-2.984574,Non-Pulsar
134.82,0.79,228.05,2.7564094,5.598,-28.67954,1.7719414,0.0,0.16486803,0.99953014,-0.27007887,0.38276032,0.30966917,Non-Pulsar
134.87,62.3,153.19,0.0,13.49,0.0,2.2103307,1.0,0.0,-0.18804055,-0.2527733,0.11552558,0.21933115,Non-Pulsar
134.87,83.76,129.06,2.6858733,4.286,-29.494473,1.7335976,0.0,-0.2354901,0.9999945,-0.57954323,0.67647105,0.52941453,Non-Pulsar
135.17,-74.14,288.88,3.5539296,8.608,-28.308935,2.8840425,0.0,0.88196754,-0.21754593,-0.523787,-0.6901853,0.68102145,Non-Pulsar
135.18,-12.72,240.68,4.490563,13.89,-28.529995,2.2542312,0.0,-0.28557754,0.27117214,-0.20459628,-0.070115134,-0.43467808,Non-Pulsar
135.32,67.71,146.58,2.7924914,10.91,-28.43834,2.407712,0.0,1.073136,0.05464858,-0.24226357,-0.23777953,0.02306556,Non-Pulsar
135.37,45.71,174.58,2.6734264,5.324,-29.469913,2.100623,0.0,0.9115581,0.99999875,0.40381604,-0.29743323,-1.2506343,Non-Pulsar
135.39,67.2,147.18,2.8038976,7.997,-28.71404,2.1583343,0.0,-1.2901121,0.8797884,0.16743305,-0.22168103,-1.2134798,Non-Pulsar
135.61,64.68,150.16,2.973376,6.319,-28.89945,2.363975,0.0,-0.19571462,-0.3019551,0.15943015,-0.40082905,3.2586896,Non-Pulsar
135.62,20.85,206.67,4.6336217,42.528,-27.926342,2.0423844,0.0,0.96767426,0.08053338,0.016467264,-0.16521896,-0.16623813,Non-Pulsar
135.65,-48.02,268.71,2.3052146,7.339,-26.684776,2.9754155,0.0,1.4946882,0.25681385,-0.31055245,-0.62860215,0.068762794,Non-Pulsar
135.8,46.87,173.02,3.9652407,25.754,-28.643585,2.4177585,0.0,-0.79239416,-0.28763247,-0.26316893,-0.16014114,0.023640763,Non-Pulsar
135.89,28.79,196.92,2.8510528,4.142,-28.676891,2.519664,0.0,0.07947423,-0.6569409,-0.07275745,-0.08532669,-19.74971,Non-Pulsar
136.01,27.4,198.72,4.4833503,13.396,-28.410706,2.6799295,0.0,1.3165947,-0.22304755,-0.425953,-0.7089554,2.1436956,Non-Pulsar
136.14,-35.23,259.36,5.039846,12.57,-27.842184,2.4577713,0.0,1.0761096,-0.32397214,-0.10361674,-0.53392357,2.8147037,Non-Pulsar
136.16,42.65,178.66,2.2827065,11.769,-28.737148,2.2890477,0.0,-0.27248937,-0.3092749,-0.077118695,-0.13995887,-0.825909,Non-Pulsar
136.23,-57.58,276.12,9.673614,177.621,-27.016357,2.1528542,0.0,2.3445058,-0.00980521,-0.08695359,-0.15497741,-0.2662554,Non-Pulsar
136.4,13.98,215.03,3.7428741,35.321,-27.982367,1.6258049,0.0,1.5943822,0.29904595,0.24404971,0.22585528,0.2399959,Non-Pulsar
136.57,-17.13,245.3,3.0918415,6.242,-28.771034,1.9482352,0.0,-0.13698126,-0.4829067,0.24949367,0.09693223,0.35209262,Non-Pulsar
136.58,-9.09,238.37,4.669637,21.688,-28.20784,1.961768,0.0,0.7494424,0.15327194,0.1694322,-0.08899045,-0.36591667,Non-Pulsar
136.69,49.85,168.97,0.0,4.473,0.0,2.4125972,1.0,0.0,0.81974554,-0.47477174,0.24133173,0.25784644,Non-Pulsar
136.79,8.95,220.78,2.359909,3.985,-28.866837,2.0887058,0.0,0.5590052,-0.7439477,0.0031080488,0.45366666,0.26491547,Non-Pulsar
136.95,-10.05,239.45,2.5160706,4.241,-28.585596,2.0983994,0.0,-0.7069588,0.37368515,-0.24707195,-0.29659736,0.5691552,Non-Pulsar
137.15,-87.87,300.97,3.3568797,6.293,-28.320305,2.9054148,0.0,-0.7763713,-0.3542476,-0.6508807,-0.825618,0.933234,Non-Pulsar
137.18,-49.19,270.26,2.6891155,19.427,-26.605927,2.6742904,0.0,2.2707539,0.056830842,-0.14663114,-0.6873693,-0.13864447,Pulsar
137.24,23.19,204.4,2.9357755,21.676,-28.222738,1.6714754,0.0,0.9815598,0.60244375,0.0366803,0.20986195,0.48704273,Non-Pulsar
137.28,66.79,147.35,0.0,5.471,0.0,2.060687,1.0,0.0,0.98633766,-0.13175121,-0.21212931,0.2750724,Non-Pulsar
137.3,1.36,228.95,7.0198045,42.802,-27.784292,2.5565624,0.0,1.7609855,-0.16127078,-0.32932803,-0.33367252,-0.10063954,Non-Pulsar
137.42,1.99,228.39,3.698476,30.902,-27.761599,2.0065336,0.0,1.0167639,0.41658655,0.064423084,-0.027422538,-0.24496722,Non-Pulsar
137.45,-2.51,232.83,5.0535264,60.773,-27.916916,2.1923513,0.0,1.8187926,0.005517054,-0.15327843,-0.18533888,-0.3682369,Non-Pulsar
137.45,31.08,194.3,2.4486601,7.164,-28.955538,1.942968,0.0,-0.4809523,0.08829415,-0.01192227,-0.014198474,0.19888768,Non-Pulsar
137.65,33.49,191.12,3.4530225,44.079,-27.765116,1.8678677,0.0,1.1377983,0.6567291,0.052667633,0.14380018,0.07923453,Non-Pulsar
137.67,22.8,205.04,5.2502766,14.976,-28.358883,2.4085689,0.0,0.5236568,-0.22946438,-0.11348946,-0.17738438,-6.8924284,Non-Pulsar
137.71,39.0,183.65,3.9616609,16.825,-28.750725,2.0472147,0.0,0.074330054,-0.3562127,0.040161964,0.1545438,-0.21178895,Non-Pulsar
137.75,-50.8,271.69,3.521088,6.598,-27.045803,2.5165796,0.0,-0.15704733,-0.35819972,-0.40465787,-0.33153594,0.48141333,Non-Pulsar
137.94,33.82,190.72,2.8144228,9.938,-28.220316,2.2469494,0.0,-0.14357454,-0.57048064,-0.057018377,-0.11816523,-0.05771964,Non-Pulsar
138.06,41.46,180.29,0.0,26.538,0.0,2.50487,1.0,0.0,-0.18720369,-0.35980034,-0.21976137,0.15835755,Non-Pulsar
138.06,30.08,195.75,1.9760613,4.387,-28.82725,2.2495687,0.0,-0.45321506,0.9722316,0.30228138,-0.5099998,2.1039283,Non-Pulsar
138.07,-27.86,254.84,1.8641237,9.988,-28.29591,2.5028665,0.0,0.28872028,-0.14342716,-0.3269409,-0.4633887,0.14602949,Non-Pulsar
138.07,28.02,198.48,2.9274673,8.097,-28.886875,1.7533787,0.0,0.3593158,0.9962291,-0.11375023,-0.030043064,0.77801156,Non-Pulsar
138.14,15.93,213.58,0.0,12.899,0.0,1.7854987,1.0,0.0,0.5497859,0.007655265,0.15251161,0.07348083,Non-Pulsar
138.23,-21.04,249.57,0.0,35.036,0.0,1.8159631,1.0,0.0,-0.19755855,0.08821931,0.11797354,0.24775757,Non-Pulsar
138.35,81.57,131.01,2.9659467,8.358,-29.25222,1.7711713,0.0,0.10238296,-0.8588468,0.6110304,-0.14316659,0.6382015,Non-Pulsar
138.49,17.53,211.84,2.4472203,4.192,-28.683475,2.343264,0.0,-1.057888,-0.24834052,-0.63345045,0.37540993,0.70149606,Non-Pulsar
138.55,-2.04,233.06,2.1984305,6.25,-28.569103,2.2655582,0.0,-0.5971263,-0.075346135,-0.23146725,-0.36917362,0.5574356,Non-Pulsar
138.61,2.83,228.26,2.9333136,6.559,-28.380793,2.6120253,0.0,-0.25544295,-0.5536479,-0.42118084,-0.28229824,0.5969684,Non-Pulsar
138.7,58.77,156.95,2.5978372,8.36,-29.17525,1.8831091,0.0,0.9081808,0.37850064,0.22135155,-0.04221479,0.058905087,Non-Pulsar
138.79,-37.64,262.61,2.875771,5.215,-28.54524,2.1441097,0.0,0.38309127,-0.59480274,0.5813757,-0.06359005,36.098045,Non-Pulsar
138.88,-30.46,257.31,3.7218118,12.048,-28.363747,2.285545,0.0,0.67025536,-0.012122857,-0.17877589,-0.053688504,-0.6608833,Non-Pulsar
138.99,29.55,196.66,3.8038566,61.32,-27.757456,1.7179404,0.0,1.773837,0.16928938,0.1988869,0.12146966,0.055960137,Non-Pulsar
139.19,38.95,183.79,4.320263,18.511,-28.36521,2.2957385,0.0,0.9076351,0.034767285,-0.15760437,-0.42742702,-2.7370152,Non-Pulsar
139.19,52.65,164.9,2.8071716,11.144,-29.00629,1.6262997,0.0,0.84698725,0.97466904,0.7352512,0.15981412,-0.6826087,Non-Pulsar
139.28,-21.53,250.63,4.137339,7.811,-28.369534,2.4387758,0.0,-0.83708423,0.99954844,-0.17237757,-0.29682547,-3.9359322,Non-Pulsar
139.33,-3.7,235.16,2.8714995,8.572,-28.712696,1.7491083,0.0,-0.25426796,-0.07626989,0.3909597,0.0985463,0.4582813,Non-Pulsar
139.73,-6.42,237.97,3.0709436,7.394,-28.657919,2.3539677,0.0,0.6654458,-0.103556894,-0.10279268,-0.48946387,4.027311,Non-Pulsar
139.85,-22.05,251.41,2.6807022,6.015,-28.82184,1.9078759,0.0,0.41055304,-0.9994731,0.99952435,-0.007512826,-1.4821988,Non-Pulsar
140.07,-38.6,264.01,0.0,5.886,0.0,2.0248291,1.0,0.0,0.9858404,-0.26906803,-0.26332945,0.5326522,Non-Pulsar
140.1,-4.73,236.64,3.4540641,7.183,-28.38586,2.6654203,0.0,-0.93668586,-0.48989737,-0.30331734,-0.6584859,57.247208,Non-Pulsar
140.23,44.7,175.7,7.782225,69.093,-27.201517,2.4089105,0.0,2.4970686,0.008096873,-0.17247586,-0.36713472,-0.9161109,Non-Pulsar
140.24,-22.95,252.37,1.8147798,9.933,-28.624207,1.4679865,0.0,0.8073566,-0.9931508,0.9981835,0.535559,0.11609871,Non-Pulsar
140.32,-82.19,296.24,4.363599,8.677,-28.741495,2.2311285,0.0,0.8773876,0.99516046,0.05084489,-0.13150106,-0.44145125,Non-Pulsar
140.42,62.27,152.19,8.147527,107.427,-28.00166,2.1974933,0.0,2.233239,-0.063911885,-0.10916516,-0.28514457,-1.296678,Non-Pulsar
140.45,23.6,204.98,3.5368648,15.47,-28.650976,2.0496953,0.0,0.33027554,-0.1117444,-0.04881155,0.18654546,-0.30001423,Non-Pulsar
140.59,6.73,225.34,2.3410964,5.731,-28.514174,2.6904068,0.0,0.49238244,-0.3046269,-0.39395037,-0.607198,-0.57140446,Pulsar
140.61,-5.47,237.68,4.139488,24.831,-28.212904,1.9488907,0.0,1.1026684,0.99991304,0.05612956,-0.14617635,0.14538845,Non-Pulsar
140.66,44.91,175.36,2.7247543,6.548,-27.403755,2.562475,0.0,0.15724638,-0.6127912,-0.114984185,-0.29130945,-1.299805,Non-Pulsar
140.67,4.58,227.7,5.164308,22.254,-28.255444,2.3254657,0.0,0.9931046,0.02308815,-0.26182246,-0.3666682,0.13603032,Non-Pulsar
140.67,-21.28,251.33,2.2935512,4.262,-28.329247,2.8651304,0.0,0.24144655,-0.4416862,-0.5187004,-0.6082576,-0.14926758,Non-Pulsar
140.69,-39.99,265.35,6.744258,31.011,-27.74217,2.531659,0.0,1.5268408,-0.21775547,-0.37505832,-0.29473603,-0.0047558127,Non-Pulsar
140.88,38.87,183.94,4.739557,18.265,-28.276648,2.7296789,0.0,1.263623,-0.32066453,-0.3955884,-0.5821045,3.5239358,Non-Pulsar
140.89,42.18,179.23,3.7247508,4.827,-28.572239,2.7335515,0.0,-0.5886056,-0.5198549,0.03932035,-0.9819075,1.0103837,Non-Pulsar
140.89,41.43,180.29,4.4745984,31.868,-28.263817,2.141829,0.0,1.6218766,0.30927694,-0.10533565,-0.20554769,-0.20670019,Non-Pulsar
141.0,28.28,198.86,4.9212985,15.375,-28.672005,2.472643,0.0,-0.17931145,-0.32224688,-0.39784145,-0.041911963,0.3468758,Non-Pulsar
141.02,5.58,226.85,2.759518,8.356,-28.738268,1.9135123,0.0,-0.5956776,-0.029285891,0.04402114,0.19551177,0.28588545,Non-Pulsar
141.43,59.99,154.82,2.7284098,12.358,-29.020233,1.9097222,0.0,0.5995124,-0.30047056,0.20571138,0.0018132816,0.12684664,Non-Pulsar
141.45,31.45,194.54,2.9340568,14.605,-28.793427,2.1631038,0.0,0.5288765,0.057739742,-0.16797248,0.11396084,-0.2094985,Non-Pulsar
141.6,54.21,162.35,2.9920073,9.205,-29.070763,2.0218182,0.0,-0.6576821,-0.17030056,0.049543243,-0.017906593,-0.19879457,Non-Pulsar
141.82,24.9,203.7,2.2129617,6.084,-28.86299,2.2427187,0.0,-0.6188978,0.9999625,-0.4064158,0.27211154,0.19684249,Non-Pulsar
142.05,-20.6,251.71,4.943909,13.585,-28.419436,2.5806003,0.0,0.43006453,-0.3485083,-0.24387221,-0.4776095,22.003828,Non-Pulsar
142.07,-30.81,259.52,3.4236977,8.002,-28.216675,2.5847435,0.0,0.8356763,-0.23997118,-0.2037171,-0.6630803,-0.12858218,Non-Pulsar
142.09,74.75,137.52,2.2592285,5.118,-29.292538,2.094046,0.0,-1.1333855,-0.29339296,0.25868684,-0.04104699,-1.0207089,Non-Pulsar
142.12,-4.25,237.55,3.3405495,7.246,-28.627779,2.5521395,0.0,0.41855362,-0.18557021,-0.29415458,-0.34917617,13.689143,Non-Pulsar
142.15,40.81,181.13,3.4663093,14.128,-28.805658,2.0105007,0.0,0.19800511,-0.53842956,0.049308512,0.14710967,-0.03111818,Non-Pulsar
142.19,-35.49,262.99,2.6583471,9.638,-28.277756,2.3626049,0.0,-0.82311195,-0.46393734,-0.10956322,-0.09060605,-0.067032784,Non-Pulsar
142.31,73.04,139.3,2.5948322,4.621,-29.143057,2.26126,0.0,-0.27394304,0.99986506,-0.1943211,0.12978299,-0.17680034,Non-Pulsar
142.33,50.24,167.65,4.661743,37.132,-28.155901,2.037086,0.0,1.0693982,0.23269458,-0.02628899,-0.114610165,-0.090080366,Non-Pulsar
142.34,-24.25,254.76,2.7653875,5.541,-29.087502,1.8243412,0.0,0.86646885,0.6462646,0.4598822,-0.0007106192,-0.04652723,Non-Pulsar
142.4,46.35,173.12,1.8687057,7.632,-28.750301,2.5905194,0.0,-0.37784103,-0.33903617,-0.14666985,-0.5072545,1.958662,Non-Pulsar
142.6,86.2,126.29,5.482122,40.073,-28.067184,2.0505588,0.0,1.5627644,0.024653925,0.014099554,-0.035661723,-0.23522173,Non-Pulsar
142.63,49.86,168.12,0.0,9.305,0.0,1.8519762,1.0,0.0,-0.50940025,0.015175246,0.05852728,0.4912394,Non-Pulsar
142.63,51.54,165.77,2.8635063,4.45,-29.273054,2.0196438,0.0,0.5701537,-0.99992585,0.99983793,-0.22343032,1.5831996,Non-Pulsar
142.68,35.03,189.56,3.608497,11.394,-28.77879,1.9990435,0.0,0.7153838,-0.058458325,-0.000988585,0.13876949,-0.04300018,Non-Pulsar
142.74,-10.26,243.51,4.2485843,10.806,-28.543028,2.2754734,0.0,0.7496422,0.1538267,-0.18814872,-0.37657398,-0.1652251,Non-Pulsar
142.75,0.56,233.23,3.8166592,14.214,-28.179937,2.7267246,0.0,1.1627477,-0.2051898,-0.4756029,-0.6303918,-0.18361416,Non-Pulsar
142.82,-85.56,299.2,4.355181,13.311,-28.215303,2.592189,0.0,0.84129673,0.06602587,-0.39986563,-0.29617915,0.35742506,Non-Pulsar
142.98,67.62,145.2,4.020785,25.004,-28.41892,2.2290633,0.0,0.77682066,-0.0018195537,-0.1652939,-0.14619206,-0.003701431,Non-Pulsar
143.16,53.1,163.51,6.0952663,24.451,-28.520468,2.398604,0.0,0.9592289,-0.12386644,-0.26232275,-0.4244381,-0.29036903,Non-Pulsar
143.18,10.69,222.39,2.8267212,8.314,-28.785889,2.0194693,0.0,0.64600086,-0.10651446,0.12975268,0.3100555,-0.19195616,Non-Pulsar
143.22,33.63,191.66,3.162629,5.624,-29.08337,2.2286615,0.0,-0.31186852,0.028354783,0.25323087,-0.46332708,1.83408,Non-Pulsar
143.38,-0.22,234.45,2.8490787,4.454,-28.413498,2.5789928,0.0,0.40732703,-0.2512574,0.016312642,-0.56079763,1.3561424,Non-Pulsar
143.4,-52.68,275.49,2.8318152,10.646,-28.135523,1.8651481,0.0,1.0404412,-0.99983823,0.9999998,0.15151924,-0.36362812,Non-Pulsar
143.59,39.44,183.1,3.2965827,15.427,-28.739712,2.3818429,0.0,0.2844232,-0.1758963,-0.23461974,-0.073274426,-0.65877944,Non-Pulsar
143.63,-17.34,250.17,2.79421,7.271,-28.5686,1.9021245,0.0,-0.7744711,-0.92674935,0.9989079,-0.33467755,1.6189709,Non-Pulsar
143.83,-17.61,250.53,2.3051155,15.408,-28.349499,1.916544,0.0,0.3030185,0.30480447,-0.39421347,0.2995665,0.59751254,Non-Pulsar
143.85,-69.18,286.98,2.7801912,5.136,-28.578953,2.210717,0.0,-1.1440103,-0.32720283,-0.39858976,0.38703802,0.5742363,Non-Pulsar
144.09,-21.2,253.58,3.303374,16.6,-28.472647,1.5241542,0.0,1.3435357,-0.4845174,0.7955953,0.2678503,0.21435954,Non-Pulsar
144.13,18.8,212.77,2.5202668,12.376,-28.712547,2.0854194,0.0,0.29201412,-0.35374072,0.12580153,0.06553353,-1.2434273,Non-Pulsar
144.26,-20.74,253.34,2.3950732,4.037,-28.952295,2.2417796,0.0,0.69738454,0.9593501,0.3996319,-0.61946034,1.5055556,Non-Pulsar
144.3,50.14,167.38,4.2986784,14.209,-28.768747,2.4631207,0.0,0.64959913,-0.1559586,-0.18143845,-0.3614791,17.521807,Non-Pulsar
144.48,-14.57,248.48,3.7580588,13.151,-28.550547,1.8397839,0.0,0.9003243,0.99127936,0.2033551,-0.05279037,-0.022277446,Non-Pulsar
144.75,-64.05,283.7,0.0,10.525,0.0,2.3834324,1.0,0.0,-0.38842195,-0.11018661,-0.42797747,-0.17915477,Non-Pulsar
144.84,-17.54,251.19,4.220018,12.833,-28.391804,1.9944848,0.0,0.99360293,-0.11616182,0.1529699,-0.11164404,-0.43261525,Non-Pulsar
145.01,-28.48,259.71,4.7694974,13.478,-28.415924,2.4645646,0.0,0.5667871,-0.1989148,-0.2601112,-0.20310053,-2.0827236,Non-Pulsar
145.12,61.82,151.59,3.3932111,14.327,-28.840206,1.8176072,0.0,-0.45358282,-0.6969669,0.37087494,0.07205216,-0.2584925,Non-Pulsar
145.18,-61.09,281.85,3.5356507,9.456,-27.856106,2.4633174,0.0,0.87860936,-0.11215898,-0.10738481,-0.41462612,-4.7196603,Non-Pulsar
145.24,-13.59,248.21,5.357695,26.107,-28.27657,2.3619354,0.0,1.0913668,-0.13994157,-0.1591299,-0.4177171,33.134476,Non-Pulsar
145.28,-54.49,277.53,2.9304144,26.996,-27.395939,2.0397644,0.0,2.3420372,0.99097127,0.23644114,-0.3267809,-1.116657,Pulsar
145.45,41.42,180.01,3.6027577,8.832,-28.714035,2.5164225,0.0,1.1078146,0.7761773,-0.27830023,-0.34361777,0.15975069,Non-Pulsar
145.49,27.41,201.2,3.3445318,13.645,-28.68747,2.422454,0.0,0.60089535,-0.13165052,-0.13693728,-0.57477915,2.9884565,Non-Pulsar
145.58,28.71,199.31,2.9578626,7.469,-28.903128,2.057632,0.0,-1.1511828,0.3660054,-0.10714141,0.021299856,-0.002234034,Non-Pulsar
145.59,-8.01,243.54,5.141683,27.803,-28.228086,2.0511305,0.0,1.2645056,0.16674896,-0.038235392,-0.09644082,-0.25900787,Non-Pulsar
145.69,-20.48,254.15,3.0040658,12.806,-28.616909,1.9073733,0.0,0.28124055,0.97568756,0.14412409,0.07787651,-0.074149966,Non-Pulsar
145.93,61.62,151.6,4.6193686,10.538,-28.605467,2.7659316,0.0,-0.14949997,-0.25315863,-0.36480677,-0.40510416,4.897334,Non-Pulsar
146.07,55.97,158.87,2.1046288,5.942,-29.255026,2.0731642,0.0,0.7156432,0.9999679,0.25265166,-0.07097611,-1.3160104,Non-Pulsar
146.32,52.01,164.25,5.5552006,21.638,-28.516281,2.440845,0.0,1.0521002,-0.2511145,-0.25458091,-0.42910612,-1.7323594,Non-Pulsar
146.39,46.6,172.08,2.9884746,4.155,-29.218637,1.980073,0.0,-0.130971,-0.0960185,0.02224684,-0.24365029,0.36048618,Non-Pulsar
146.43,57.99,156.08,4.239694,14.234,-28.71051,1.9298393,0.0,0.8741622,0.99936044,0.18176511,0.07393994,-0.053129762,Non-Pulsar
146.52,47.58,170.59,1.9712082,4.343,-29.141228,2.0280504,0.0,-0.45072943,0.07631538,-0.3048686,-0.19180754,0.71597654,Non-Pulsar
146.57,1.07,235.37,2.749467,10.891,-28.441359,1.9864686,0.0,-0.32693797,-0.026714277,-0.039569438,-0.07398853,0.51593584,Non-Pulsar
146.66,10.28,225.0,6.099382,48.675,-28.065184,2.3125257,0.0,1.619357,-0.037309337,-0.2370012,-0.3711147,-0.28637284,Non-Pulsar
146.78,-25.68,258.87,3.6833353,33.391,-28.02736,1.6774867,0.0,1.4214735,0.791141,0.30291215,0.06522194,0.17200406,Non-Pulsar
146.9,22.26,209.17,3.4360113,9.298,-28.802784,1.9921398,0.0,0.9281535,0.71029204,-0.05657339,-0.13831735,0.3534061,Non-Pulsar
146.99,11.36,223.87,0.0,4.636,0.0,1.9410377,1.0,0.0,-0.5495405,-0.30447948,0.33434618,0.54913443,Non-Pulsar
147.17,-3.64,240.6,3.0785875,4.395,-28.762264,2.3428912,0.0,-0.35441586,-0.39857098,0.02775014,-0.11335016,-21.53704,Non-Pulsar
147.24,0.37,236.6,6.9264226,60.768,-27.922771,2.4731548,0.0,2.3875213,-0.20415804,-0.45295903,-0.5826231,-0.1480206,Non-Pulsar
147.26,40.64,181.03,3.6410434,10.98,-28.76211,2.5392072,0.0,-0.25362208,-0.17094792,-0.49451435,-0.21133061,0.5328599,Non-Pulsar
147.32,17.83,215.59,0.0,9.43,0.0,2.5038288,1.0,0.0,-0.045281067,-0.34572208,-0.19597812,-0.05865265,Non-Pulsar
147.44,58.33,155.33,4.392974,13.2,-28.626455,2.642429,0.0,0.62600976,-0.16013208,-0.26345924,-0.7088176,1.7794235,Non-Pulsar
147.55,-16.4,252.27,0.0,5.309,0.0,2.1642885,1.0,0.0,-0.039613217,-0.2278002,0.08442008,0.23597394,Non-Pulsar
147.56,6.26,230.36,3.1584187,12.738,-28.54952,1.928516,0.0,0.78851527,0.99895644,-0.012007687,0.050382737,0.15554994,Non-Pulsar
147.56,45.89,172.89,0.0,21.571,0.0,2.0279412,1.0,0.0,0.21994716,-0.22546738,0.16341461,0.33442956,Non-Pulsar
148.05,39.54,182.68,2.3456347,5.852,-29.0393,1.8614043,0.0,0.3383746,-0.9273067,0.8376747,0.05542877,-0.2155576,Non-Pulsar
148.06,75.06,136.1,2.6284251,11.119,-29.12394,1.5337749,0.0,0.22067842,0.9998332,0.022258349,0.3401458,0.6917532,Non-Pulsar
148.09,-43.71,271.99,2.7554343,5.208,-28.16939,2.4800491,0.0,-0.54375774,-0.15800662,-0.40177616,-0.30035353,0.42665437,Non-Pulsar
148.16,-50.81,276.51,3.5552967,6.341,-28.210066,2.1709454,0.0,0.3871541,0.99998903,0.12368178,0.06676349,-0.29694897,Non-Pulsar
148.22,7.21,229.71,3.157603,7.83,-28.939943,1.8443475,0.0,0.7114286,0.9960514,0.42467788,0.24347827,-0.4149857,Non-Pulsar
148.26,-8.67,246.19,4.2797823,62.958,-27.610764,1.7906989,0.0,1.2454798,0.079657465,0.1901548,0.05407129,0.11516969,Non-Pulsar
148.28,-30.1,263.07,4.914757,8.192,-28.355473,2.5928638,0.0,1.2135319,-0.06072245,-0.45530036,-0.47614422,0.4037009,Non-Pulsar
148.37,-76.99,293.41,0.0,9.811,0.0,1.9040523,1.0,0.0,-0.35203868,-0.59465516,0.5471202,0.67429197,Non-Pulsar
148.55,49.22,167.64,2.2826555,16.244,-28.629887,1.27291,0.0,1.3929094,0.9999782,0.42243385,0.56026417,0.3529417,Non-Pulsar
148.57,-25.34,259.89,0.0,9.843,0.0,2.049477,1.0,0.0,-0.35752234,-0.26996517,0.28268108,0.47101873,Non-Pulsar
148.78,35.86,188.52,3.0149567,8.758,-28.941519,1.7965059,0.0,0.5213867,0.02720709,0.30287144,0.23295066,-0.032705277,Non-Pulsar
148.82,8.59,228.47,2.9098806,4.129,-28.796253,2.2777088,0.0,-0.42224342,-0.45607758,-0.19673875,0.15178922,0.009630302,Non-Pulsar
149.01,39.61,182.46,2.535773,8.956,-28.922588,2.2809615,0.0,0.59400403,0.9952877,-0.33872762,-0.10623206,-0.028713318,Non-Pulsar
149.14,-9.97,248.04,2.7340631,6.825,-28.911545,1.452855,0.0,0.7121674,0.99971974,0.06427138,0.63924,0.24986279,Non-Pulsar
149.18,25.28,205.46,5.171532,26.74,-28.330536,2.4083123,0.0,1.2716048,-0.13906573,-0.26424903,-0.4135988,-2.0505598,Non-Pulsar
149.33,-13.81,251.51,4.8740597,22.794,-28.320017,2.362035,0.0,1.3390048,-0.15406637,-0.18178688,-0.53985494,3.1848652,Non-Pulsar
149.42,55.38,158.59,4.257382,210.692,-27.366455,1.8936765,0.0,2.7392943,0.1381274,0.05406017,-0.04233727,-0.15282997,Non-Pulsar
149.47,34.4,190.9,4.066245,20.416,-28.721666,2.092341,0.0,0.5292606,-0.1692587,0.045653168,-0.08499863,-0.96430403,Non-Pulsar
149.51,47.47,170.0,5.180059,21.081,-28.255806,2.6440923,0.0,1.8288915,0.03831035,-0.429061,-0.511402,0.3866471,Non-Pulsar
149.51,-3.33,242.11,2.7560368,5.444,-29.025244,1.7048397,0.0,0.489564,0.9999745,0.39727277,-0.24871223,0.8053101,Non-Pulsar
149.52,32.37,194.22,3.2282524,12.474,-28.668676,2.5114138,0.0,0.8414037,-0.1812657,-0.34364986,-0.27869412,-0.39759567,Non-Pulsar
149.53,-67.89,287.72,2.6250234,6.612,-28.16878,2.582276,0.0,0.40315327,-0.36940306,-0.44355914,-0.49036953,0.7819914,Non-Pulsar
149.59,-26.94,261.78,1.8640592,6.328,-28.80229,2.130277,0.0,0.013572672,-0.34551847,-0.055156354,0.14117011,0.034617294,Non-Pulsar
149.61,50.7,165.15,3.5285096,12.657,-28.840645,2.6646607,0.0,0.4175347,-0.20092331,-0.31250545,-0.48663527,3.8301046,Non-Pulsar
149.61,-24.69,260.18,3.4616141,12.035,-28.562124,1.9672352,0.0,1.0027021,0.384333,0.07332233,-0.033163562,0.12339765,Non-Pulsar
149.69,65.57,145.75,8.417915,137.748,-27.70667,2.1130092,0.0,2.1445427,-0.018816333,-0.064748466,-0.14937903,-0.4163589,Non-Pulsar
149.71,70.66,140.18,2.9046962,4.419,-29.325161,1.7788113,0.0,0.4824654,0.97669095,0.86787695,0.91984797,0.49696952,Non-Pulsar
149.87,21.35,211.73,0.0,14.081,0.0,1.9996647,1.0,0.0,-0.3881135,0.08533831,-0.039836664,0.09072322,Non-Pulsar
149.92,46.11,171.98,2.5388675,7.052,-28.776491,2.6237674,0.0,0.6594284,-0.05739017,-0.3642797,-0.62799346,-1.5287598,Non-Pulsar
150.29,29.19,199.52,5.7869534,33.293,-28.486153,2.266205,0.0,0.34664556,-0.15771103,-0.1335487,-0.22356929,-0.22044505,Non-Pulsar
150.6,-12.01,251.0,3.734381,4.141,-28.77045,2.1895466,0.0,-1.0385189,0.9813636,-0.089633435,-0.51144654,0.5283716,Non-Pulsar
150.65,22.26,210.67,1.6165925,12.609,-28.593853,1.8521171,0.0,-0.17352185,-0.31357077,-0.0139207365,0.14808124,0.25072148,Non-Pulsar
150.68,12.31,225.02,3.3455403,6.483,-28.470982,2.8001113,0.0,0.21365125,-0.52578837,-0.38497397,-0.5333564,0.48604423,Non-Pulsar
150.71,21.67,211.61,0.0,5.307,0.0,2.5277605,1.0,0.0,0.99118954,-0.40711728,-0.14784364,0.049675133,Non-Pulsar
150.86,2.09,237.54,2.3079617,8.263,-28.768871,1.7904596,0.0,0.4090357,-0.97112906,0.9232157,-0.19220161,0.22111255,Non-Pulsar
150.91,-21.63,258.93,2.902093,6.05,-28.866053,1.8637229,0.0,0.04435525,-0.83957136,0.85566473,0.071315914,-0.25444174,Non-Pulsar
150.91,26.1,204.69,2.7879293,10.119,-28.682697,2.3349586,0.0,-0.15657717,-0.16062409,-0.108162396,-0.18672277,-1.5147672,Non-Pulsar
151.63,64.68,146.13,2.2953007,10.345,-29.078346,1.8066819,0.0,-0.47356287,0.9880823,0.07863468,0.25475678,0.21362697,Non-Pulsar
151.69,-21.99,259.8,7.50846,66.505,-27.795214,2.2966142,0.0,1.4157606,-0.12755693,-0.2133113,-0.22481778,-0.08412923,Non-Pulsar
151.72,-50.13,277.9,3.5580451,5.033,-27.973276,2.6402984,0.0,0.96306425,0.09607649,-0.35808548,-0.7480606,0.60513073,Non-Pulsar
151.76,34.92,190.03,2.5432608,14.275,-28.758366,1.8233615,0.0,0.5538149,0.9111419,-0.03169129,0.25648066,0.34755287,Non-Pulsar
151.91,-33.54,267.89,6.027938,32.438,-28.108822,2.312044,0.0,1.7573844,-0.064434774,-0.21816333,-0.42535436,-0.3956746,Non-Pulsar
152.01,6.35,233.54,4.6676564,31.332,-28.0304,2.1028602,0.0,0.72359246,0.13566582,-0.051212482,-0.10888623,-0.14972192,Non-Pulsar
152.02,0.48,240.23,3.2330155,14.819,-28.431372,1.9695001,0.0,0.9998708,0.35414332,0.013038943,0.014680303,-0.048078544,Non-Pulsar
152.04,47.11,169.77,2.8671875,6.726,-29.218357,1.5067064,0.0,0.5488618,-0.9953545,0.9997051,0.3775257,0.6553246,Non-Pulsar
152.2,-29.16,265.21,3.7227545,6.724,-28.507977,2.3519795,0.0,0.94537956,-0.07023063,-0.06779845,-0.12757397,-0.20752478,Non-Pulsar
152.21,-31.66,266.87,2.843911,12.158,-28.293589,2.2545934,0.0,0.025295315,-0.08267884,-0.08686565,-0.1675384,-0.80889887,Non-Pulsar
152.57,82.86,128.4,2.6550019,3.87,-28.966463,2.3457487,0.0,0.46127117,0.9999811,0.2603174,-0.418858,2.0269957,Non-Pulsar
152.57,-31.32,266.91,3.850668,26.933,-28.143381,1.7652917,0.0,0.25667572,0.41213346,-0.15463485,0.39750153,0.32835144,Non-Pulsar
152.7,-1.98,243.4,3.6141176,9.639,-28.47855,2.5257697,0.0,0.47260022,-0.24425137,-0.24309397,-0.21805714,10.8420105,Non-Pulsar
152.79,-23.01,261.41,3.2204444,4.81,-28.452532,2.5370865,0.0,-0.27534908,-0.15784699,-0.26943353,-0.62404156,-0.18592675,Non-Pulsar
152.83,-4.46,245.98,3.3964763,4.796,-28.578753,2.6446717,0.0,0.3275055,-0.20374864,-0.44160196,-0.18084143,-0.805923,Non-Pulsar
152.91,36.01,188.08,1.9097604,9.062,-28.931458,2.0122893,0.0,0.8403444,0.78927195,0.14461276,-0.20435356,-0.51211727,Non-Pulsar
153.08,-12.55,253.54,2.4496732,7.059,-28.574736,2.3909254,0.0,-1.2277057,-0.36108658,-0.16381004,-0.35147682,0.02103058,Non-Pulsar
153.08,6.5,234.2,4.40138,34.563,-27.940277,1.934938,0.0,1.3418163,0.069432214,0.11454403,-0.032343633,-0.11194644,Non-Pulsar
153.19,42.48,176.92,3.2318077,18.048,-28.505936,1.6220957,0.0,0.7392631,-0.34478423,0.24736387,0.3004952,0.07625585,Non-Pulsar
153.2,24.66,207.77,6.646613,59.643,-28.025362,2.1775832,0.0,2.069727,-0.027799282,-0.10426101,-0.31446266,-2.0172658,Non-Pulsar
153.34,-25.86,263.83,2.7787719,7.067,-28.484814,2.5936122,0.0,1.2889273,-0.20943354,-0.3563528,-0.73264605,4.2579703,Non-Pulsar
153.37,-40.11,272.93,2.7810798,9.058,-28.48706,2.212997,0.0,0.33218342,-0.106779724,-0.24997175,0.1347457,0.19317062,Non-Pulsar
153.45,34.74,190.29,4.4272227,20.74,-28.52602,2.496648,0.0,0.2213946,-0.3165237,-0.14874572,-0.39369702,3.370073,Non-Pulsar
153.59,41.21,178.97,0.0,10.55,0.0,2.4100707,1.0,0.0,-0.11114922,-0.18858427,-0.19808611,-0.37109217,Non-Pulsar
153.68,32.17,194.84,2.7902539,8.23,-29.0103,1.6268045,0.0,0.80143887,-0.21872544,0.25328824,0.2777286,-0.017475538,Non-Pulsar
153.72,22.95,210.82,3.2320669,13.421,-28.434853,2.6953018,0.0,0.5607438,-0.28165233,-0.41127196,-0.4767053,-0.19714336,Non-Pulsar
153.72,-5.62,247.89,3.0019639,4.706,-28.834291,2.132603,0.0,0.66102034,0.78586185,0.8965505,0.17858489,-2.6545453,Non-Pulsar
153.73,-45.14,276.11,2.6561239,13.283,-28.282658,2.3660493,0.0,0.30369756,0.99929255,-0.21223375,-0.40718284,-0.55943185,Non-Pulsar
153.77,49.43,165.53,6.0360446,177.837,-27.20619,1.7614858,0.0,2.0001354,0.16833805,0.16186541,0.086228766,0.020935476,Non-Pulsar
153.9,-60.5,284.87,1.7450217,16.891,-26.785023,2.8356936,0.0,1.1580719,-0.16003077,-0.48135892,-0.54459214,0.2939346,Pulsar
153.91,55.89,156.17,4.440469,11.889,-28.829525,2.6405306,0.0,0.47534275,-0.035577644,-0.4011914,-0.26905474,-1.5190641,Non-Pulsar
154.01,5.21,236.53,6.391246,30.232,-28.168474,2.2529998,0.0,-0.50740856,-0.23022947,-0.25410193,-0.065228835,0.24889646,Non-Pulsar
154.1,-58.96,284.09,2.7655997,45.514,-25.807207,2.3247209,0.0,2.4162974,0.2404537,0.04778103,-0.3055536,-1.581496,Pulsar
154.11,77.06,133.02,2.6193066,4.64,-29.790403,1.6753954,0.0,1.0243165,0.9760358,0.9996756,0.48887387,0.124649085,Non-Pulsar
154.14,-26.84,265.12,2.1008227,4.17,-28.870731,2.0127099,0.0,0.32468027,0.98056304,0.98181427,0.38669655,-0.098536916,Non-Pulsar
154.32,-15.83,257.28,2.5369651,4.77,-28.975855,1.780528,0.0,-0.50447536,0.9968857,0.7536598,0.08276128,0.064776085,Non-Pulsar
154.35,52.07,161.34,2.844021,5.665,-29.290043,1.878684,0.0,0.61740404,0.5178734,0.20027645,0.37266478,-0.052222442,Non-Pulsar
154.37,25.64,206.48,2.95679,6.351,-29.037086,1.4899096,0.0,0.491872,-0.9950258,0.9122358,0.8156345,0.6342098,Non-Pulsar
154.47,7.26,234.38,3.348261,6.507,-28.45983,2.7223468,0.0,0.41621274,-0.45495373,-0.3756088,-0.57388705,-0.57041496,Non-Pulsar
154.55,19.1,217.51,0.0,13.99,0.0,2.0407798,1.0,0.0,-0.36908987,0.1478664,-0.22368501,-0.41827124,Non-Pulsar
154.59,-31.4,268.44,5.5357294,32.417,-28.072557,2.4725356,0.0,1.4122785,-0.10185667,-0.35878503,-0.35822642,0.11101515,Non-Pulsar
154.61,35.68,188.52,5.1137214,23.089,-28.379076,2.4566236,0.0,1.2075572,-0.068249635,-0.33092105,-0.404339,-0.27830604,Non-Pulsar
154.62,5.47,236.72,3.6685975,10.459,-28.22891,2.2837303,0.0,0.47063482,0.9995468,-0.12930135,-0.24555682,-10.198179,Non-Pulsar
154.65,31.44,196.21,2.202238,4.336,-29.23246,1.6668879,0.0,0.15296118,-0.99952924,0.9995303,0.6087194,0.3982758,Non-Pulsar
154.71,59.23,151.46,3.2989473,18.811,-28.700958,1.8457133,0.0,0.88426065,-0.09265602,0.13522826,0.08236773,0.08185672,Non-Pulsar
154.74,10.73,230.05,2.5412536,3.282,-28.557243,2.5376122,0.0,0.77654105,-0.30618563,-0.09026054,-0.84310985,1.1042293,Non-Pulsar
154.93,63.35,146.43,4.330011,26.326,-28.603765,1.9984992,0.0,1.283739,0.106661335,0.06671961,-0.12523556,-0.27086645,Non-Pulsar
154.94,5.19,237.34,3.2493272,9.243,-28.559912,2.0019538,0.0,0.57582295,0.99986017,0.039343823,0.2619916,0.10477227,Non-Pulsar
154.97,-57.83,283.84,2.291779,19.712,-26.153046,2.344514,0.0,1.776437,0.84544504,-0.02809696,-0.14598492,0.07282869,Pulsar
155.19,-39.33,273.66,2.4335709,7.29,-28.686121,2.101304,0.0,0.30592605,0.08159755,-0.05748965,0.1599505,-0.11347672,Non-Pulsar
155.29,16.44,222.14,2.1924953,6.29,-28.935863,1.8582274,0.0,0.39534712,0.99989367,-0.046503764,0.33590037,0.06436381,Non-Pulsar
155.34,38.09,184.06,3.0910344,4.529,-29.094334,1.9050511,0.0,0.474281,-0.41565242,-0.31889346,0.13536443,0.47624183,Non-Pulsar
155.36,80.35,130.05,2.1604197,21.021,-28.46603,2.162893,0.0,1.0365466,-0.21677116,-0.07011281,-0.15558816,-0.52498657,Non-Pulsar
155.49,51.39,161.84,2.7399344,5.283,-29.231716,2.085899,0.0,0.49916357,-0.6129029,0.40232393,0.21432497,-1.8997823,Non-Pulsar
155.62,-42.52,275.77,2.3769825,12.193,-28.415981,2.319808,0.0,-0.8553734,-0.122304775,-0.24981222,-0.099892646,0.16131335,Non-Pulsar
155.68,-1.21,245.24,3.0871086,24.811,-28.10497,1.8171449,0.0,0.7211338,-0.1140885,0.18747292,0.09278147,0.09067569,Non-Pulsar
155.77,-57.76,284.17,2.2283561,33.029,-25.382269,2.698453,0.0,3.0865006,-0.015271768,0.22356476,-0.39935744,-0.032673728,Pulsar
155.79,39.82,180.82,7.590732,48.511,-28.328726,2.3111522,0.0,1.5155702,-0.122933425,-0.16888408,-0.46892673,-4.4083257,Non-Pulsar
155.82,28.98,200.84,2.9212964,7.072,-28.6951,2.666243,0.0,0.18665726,-0.110005654,-0.28382814,-0.63514864,1.7820411,Non-Pulsar
155.96,30.05,198.89,2.8558064,8.692,-28.877066,1.8471087,0.0,0.41721305,-0.29266384,0.17067094,0.15446322,0.39556482,Non-Pulsar
155.97,-43.6,276.59,4.2290783,34.773,-27.96764,1.6436872,0.0,1.3761414,0.097327925,0.3526834,0.095534705,0.27759582,Non-Pulsar
156.0,-32.6,270.22,6.053266,20.478,-28.174221,2.4753754,0.0,0.94808745,-0.26016772,-0.31457898,-0.28089035,0.024116207,Non-Pulsar
156.21,23.55,210.82,3.113278,14.271,-28.647657,2.4624174,0.0,-0.51866615,-0.2750156,-0.1358913,-0.33329022,4.6268597,Non-Pulsar
156.73,6.14,237.74,2.4933567,10.294,-28.663488,1.7428145,0.0,0.23646782,-0.8660424,0.75258756,0.024179738,-0.009480779,Non-Pulsar
156.74,-17.82,260.92,4.846873,37.308,-27.90037,1.8495989,0.0,0.65668726,0.08125224,0.1554176,0.06710913,-0.028951747,Non-Pulsar
156.76,-85.72,300.18,2.1856692,39.38,-28.029202,1.7119445,0.0,1.3504875,-0.10373564,0.24442883,0.18421182,0.16673724,Non-Pulsar
156.81,74.45,134.68,5.5165396,22.268,-28.000175,2.4643595,0.0,1.1876472,-0.21878706,-0.1894199,-0.27584875,-0.3086397,Non-Pulsar
156.9,63.29,145.69,2.7366564,23.519,-28.78769,1.9488701,0.0,0.4192427,0.33817616,-0.093818925,0.22989826,0.17225282,Non-Pulsar
156.92,18.48,219.9,2.2303555,10.813,-28.654812,2.3767738,0.0,-0.67501885,-0.24814273,-0.32907102,0.13837539,0.054862138,Non-Pulsar
156.92,82.86,127.91,3.2732875,11.398,-28.938158,2.1669204,0.0,-0.18470171,-0.25330818,-0.039571673,-0.09496246,-0.79527014,Non-Pulsar
156.99,2.88,241.92,0.0,4.061,0.0,2.6555192,1.0,0.0,-0.6303937,-0.6138561,0.43004468,0.3561617,Non-Pulsar
157.08,31.14,196.92,0.0,8.699,0.0,2.1940038,1.0,0.0,-0.2773543,-0.013370051,0.014630115,-0.66111314,Non-Pulsar
157.12,-2.58,248.02,4.050746,12.553,-28.447266,2.6580968,0.0,0.41910473,-0.20495291,-0.37085307,-0.5133505,-0.9690058,Non-Pulsar
157.13,-58.32,285.07,1.9147701,146.358,-25.86894,2.3681533,0.0,3.501348,0.2588797,0.032650463,-0.28373024,-0.5674671,Pulsar
157.18,-64.53,288.33,2.5612035,6.189,-27.704456,2.6566105,0.0,1.1839191,0.55212533,-0.42871585,-0.9428531,0.8759024,Non-Pulsar
157.56,-84.06,299.23,2.9282503,7.416,-28.624044,2.1399565,0.0,-0.17640202,0.9997729,-0.24263574,-0.10604684,0.15039091,Non-Pulsar
157.61,-30.03,269.87,2.525497,5.872,-28.445526,2.5885932,0.0,-0.71278745,-0.6409887,-0.15583345,-0.26864296,7.157416,Non-Pulsar
157.66,-20.48,263.66,3.1890898,21.419,-28.20656,1.5659841,0.0,1.1251593,-0.0033028235,0.3122718,0.3204435,0.28481847,Non-Pulsar
157.79,74.7,134.21,3.556225,21.145,-28.330688,2.1755877,0.0,0.7549587,0.4429964,-0.15537769,-0.19547874,0.13290699,Non-Pulsar
157.85,50.88,161.44,2.767361,47.202,-28.069035,1.6382099,0.0,0.9187002,0.5698104,0.18960442,0.2173942,0.29975513,Non-Pulsar
157.91,60.32,148.68,4.921956,20.57,-28.051523,2.5693166,0.0,0.5029551,-0.28567773,-0.28019482,-0.27331606,-2.7484515,Non-Pulsar
157.95,-26.16,267.73,2.4528344,7.171,-28.763662,1.8003497,0.0,0.15421982,-0.6511633,0.18253414,0.2918357,0.2975785,Non-Pulsar
158.09,-13.98,259.2,3.406729,4.768,-28.524254,2.594546,0.0,-0.14187732,-0.22599906,-0.2999095,-0.21733528,-7.202712,Non-Pulsar
158.17,37.62,184.27,0.0,26.535,0.0,2.124292,1.0,0.0,0.5561189,0.019009884,-0.072033376,-0.52558494,Non-Pulsar
158.18,66.41,141.82,3.230981,13.583,-29.089125,2.1808255,0.0,0.6307089,-0.27443677,0.106305525,-0.13206485,-5.3588376,Non-Pulsar
158.28,41.26,177.4,5.3518934,38.706,-28.372663,2.2991216,0.0,1.1735879,0.0027130498,-0.2622813,-0.1591329,-0.15432751,Non-Pulsar
158.38,-50.59,281.72,3.1965158,29.777,-27.977858,1.6889379,0.0,1.2628204,0.24796636,0.2524134,0.24846804,0.17653829,Non-Pulsar
158.38,42.35,175.37,2.8468719,5.513,-29.155428,1.7638657,0.0,0.40276894,-0.75504524,0.25588003,0.24777468,0.50441074,Non-Pulsar
158.43,37.14,185.14,3.63065,17.182,-28.445599,2.2022994,0.0,0.6995681,-0.4992321,-0.22398512,-0.046256807,0.43786907,Non-Pulsar
158.48,60.85,147.78,7.375733,100.988,-27.48312,2.1734643,0.0,2.4049854,0.10962489,-0.04092063,-0.21706481,-0.4752857,Non-Pulsar
158.51,-25.79,267.96,3.1878304,4.363,-28.624691,2.378787,0.0,-0.06922944,0.9996274,-0.43937293,0.28060225,-0.13913359,Non-Pulsar
158.69,-46.75,279.94,0.0,6.073,0.0,2.1176903,1.0,0.0,-0.5345987,0.3186299,-0.2792934,-0.021641882,Non-Pulsar
158.78,-6.14,253.12,0.0,4.229,0.0,2.4344835,1.0,0.0,0.29962015,-0.29745954,-0.41918325,0.47777635,Non-Pulsar
158.83,-20.84,264.95,2.9324956,8.306,-28.580809,2.281213,0.0,-1.7385178,-0.5704803,0.03221183,-0.019748833,-0.38949266,Non-Pulsar
158.84,55.7,154.05,2.7732534,6.822,-29.01821,2.3232646,0.0,0.091684446,-0.11719289,-0.26736295,0.071525946,-0.33844605,Non-Pulsar
158.92,44.16,171.89,1.9932488,10.784,-28.856176,2.547415,0.0,-1.4185245,-0.20566814,-0.3803282,-0.40285504,0.49761206,Non-Pulsar
158.99,-31.15,271.63,2.5773878,4.881,-28.787504,2.1602151,0.0,-0.24262962,0.048104696,-0.41309896,0.48867697,0.40858638,Non-Pulsar
159.05,22.04,214.84,5.861886,25.977,-28.353514,2.4069004,0.0,0.81715125,-0.2678228,-0.20840472,-0.36737198,-3.0828288,Non-Pulsar
159.15,12.52,231.05,2.0399022,6.825,-29.027966,1.6613318,0.0,0.70465875,0.67755586,0.65490276,0.3182512,-0.32538274,Non-Pulsar
159.17,-37.69,275.46,3.0497913,6.416,-28.424042,2.8362277,0.0,0.87363124,-0.13183297,-0.6847799,-0.6464132,0.84965366,Non-Pulsar
159.27,-19.9,264.7,2.403404,5.268,-28.802595,2.0343754,0.0,-0.417027,0.97512734,-0.14529018,-0.11483497,0.39002442,Non-Pulsar
159.36,-29.56,270.98,5.0658193,23.947,-28.252085,2.3298516,0.0,0.3194273,-0.06276324,-0.17824043,-0.10065052,-0.86995655,Non-Pulsar
159.43,-28.38,270.33,5.98024,37.875,-27.889353,2.4168649,0.0,1.4450146,-0.17866784,-0.25113556,-0.32602945,-0.436639,Non-Pulsar
159.43,57.19,151.78,5.286973,79.418,-27.483454,1.7468411,0.0,2.2729788,0.2526654,0.25058642,0.13599129,0.078475125,Non-Pulsar
159.56,-24.42,267.97,0.0,8.821,0.0,2.373435,1.0,0.0,-0.42355946,0.08320638,-0.22372213,3.4728494,Non-Pulsar
159.63,39.44,180.32,2.9940624,3.579,-29.16006,1.982032,0.0,-1.2875485,0.994338,-0.12875369,-0.05703625,-0.48481607,Non-Pulsar
159.71,-53.21,283.75,6.700538,18.603,-27.503908,2.522204,0.0,1.7566236,0.19080296,-0.36400852,-0.7450849,0.18421108,Non-Pulsar
159.82,-28.81,270.91,0.0,5.871,0.0,2.0671656,1.0,0.0,0.95672154,0.026546543,-0.25889724,-0.1634343,Non-Pulsar
159.91,5.59,241.45,2.2778096,8.269,-28.610716,2.0004826,0.0,0.08468026,-0.6526005,-0.22737814,-0.07029729,0.64059407,Non-Pulsar
159.93,-15.67,262.25,3.1357796,4.05,-28.464756,2.7673213,0.0,0.07413559,-0.5923888,-0.22669044,-0.80105096,1.2724909,Non-Pulsar
160.0,73.44,134.67,0.0,12.999,0.0,2.202597,1.0,0.0,-0.045364037,-0.20989501,-0.26126117,0.38580075,Non-Pulsar
160.13,9.79,235.97,2.151455,4.971,-29.047003,1.5453006,0.0,0.8195702,-0.5671968,0.89002925,0.95933735,0.5155088,Non-Pulsar
160.15,6.28,240.79,5.148055,22.741,-27.428205,2.2683606,0.0,0.7843393,0.0006253345,-0.11639228,-0.09059338,0.057614267,Non-Pulsar
160.27,13.71,230.16,2.525237,9.349,-28.756441,1.90875,0.0,0.2043515,-0.5111258,0.19703859,0.4461567,-0.15858161,Non-Pulsar
160.29,-12.03,259.77,2.924051,9.603,-28.699741,2.0346434,0.0,-1.1165572,-0.25703198,0.15392993,-0.0197205,-1.3818282,Non-Pulsar
160.34,-64.62,289.55,3.046403,7.241,-27.604088,2.4866018,0.0,0.8831654,-0.46778733,0.22377503,-0.5371992,1.82991,Non-Pulsar
160.38,6.13,241.23,4.689993,6.311,-27.493578,2.7922497,0.0,0.6572463,-0.15966387,-0.3676006,-0.783952,1.5441325,Non-Pulsar
160.44,39.04,180.79,2.8692474,9.089,-28.944704,1.9454181,0.0,0.60086775,0.99944687,-0.11014313,0.20559406,0.25343266,Non-Pulsar
160.48,-5.95,254.67,0.0,12.058,0.0,1.8494984,1.0,0.0,-0.39596805,0.029030943,-0.029534705,0.41066846,Non-Pulsar
160.54,-41.48,278.42,2.4829931,12.558,-28.593065,1.776067,0.0,0.8494041,0.9996173,0.09359706,0.31742355,0.27026445,Non-Pulsar
160.73,0.91,247.91,2.4127808,8.999,-28.657482,1.8480119,0.0,0.0275094,0.99999857,0.19232734,0.0008917542,-0.3532424,Non-Pulsar
160.81,24.15,211.58,4.4975443,25.388,-28.439177,2.3442028,0.0,-0.9102181,-0.069981836,-0.20000844,-0.25609106,-0.3259515,Non-Pulsar
160.9,6.9,240.74,2.0472019,6.062,-28.822002,1.9113281,0.0,-0.09263553,-0.51772094,-0.24648775,0.41557696,0.2599324,Non-Pulsar
161.12,-57.63,286.57,3.0298276,93.985,-26.430834,2.2636113,0.0,3.1483045,0.105325244,-0.0833101,-0.38621327,-0.55201787,Pulsar
161.16,80.89,128.74,4.348067,27.274,-28.01505,2.996651,0.0,1.7146772,-0.24137345,-0.5156462,-0.6919878,-0.8112538,Non-Pulsar
161.34,27.85,204.07,0.0,5.94,0.0,1.9997435,1.0,0.0,0.99752456,-0.49080002,0.11761848,0.655682,Non-Pulsar
161.47,-29.48,272.66,5.1955605,11.694,-28.367022,2.565988,0.0,0.09141945,-0.46060455,-0.23242152,-0.24376419,-9.702884,Non-Pulsar
161.49,75.65,132.5,1.7561128,4.114,-29.35012,1.9342788,0.0,-0.6875671,-0.99984515,0.99955165,-0.39028215,7.7664227,Non-Pulsar
161.5,-23.53,269.11,3.1751516,5.523,-29.059303,1.9818127,0.0,0.79185665,-0.10522752,0.47702256,-0.52600014,2.8320644,Non-Pulsar
161.52,54.81,153.72,1.8567657,7.276,-28.852758,2.485757,0.0,-1.3237102,-0.44469327,-0.3040324,-0.35695052,0.4605536,Non-Pulsar
161.7,-25.57,270.56,2.8020375,12.155,-28.513252,1.4214771,0.0,1.0222409,0.8598571,0.52837604,0.43366498,0.33175662,Non-Pulsar
161.8,-55.29,285.82,4.090337,10.936,-27.535772,2.6002417,0.0,0.38575658,-0.07704488,-0.24931665,-0.40481,4.917694,Non-Pulsar
161.85,0.53,249.53,2.0775135,4.552,-28.648865,2.1022582,0.0,0.19330008,-0.99163723,0.9679907,0.12407862,-2.342024,Non-Pulsar
161.94,72.64,134.75,4.603028,16.756,-28.382147,2.2972405,0.0,0.43442303,0.24444425,-0.06458243,-0.25227147,-1.7684308,Non-Pulsar
161.96,-62.27,289.09,4.761653,21.202,-27.035034,2.4509068,0.0,1.1180246,-0.023947315,-0.2528588,-0.24896556,0.06293925,Non-Pulsar
161.98,0.92,249.24,5.1605935,8.952,-28.19676,2.5926886,0.0,0.37966722,-0.15130876,-0.29760358,-0.42397404,5.7348037,Non-Pulsar
161.99,-37.65,277.48,2.8582444,10.417,-28.719893,1.8636556,0.0,0.2577325,-0.2987506,-0.23311877,0.43524414,0.33781052,Non-Pulsar
161.99,-46.72,281.93,4.1746473,10.295,-28.170855,2.6858346,0.0,0.21206017,-0.31597134,-0.3710274,-0.4288937,-0.45151743,Non-Pulsar
162.0,-19.21,266.76,2.425389,6.003,-28.660145,2.4735394,0.0,-0.5821126,-0.043319397,-0.38041708,-0.44377622,0.5925367,Non-Pulsar
162.06,-58.54,287.43,2.440751,139.024,-26.14044,2.339669,0.0,3.4908438,0.31387523,0.030571952,-0.29792923,-0.56676704,Pulsar
162.11,71.73,135.45,9.45582,190.042,-27.422533,2.21623,0.0,2.738323,-0.030949362,-0.14362442,-0.21792169,-0.40485233,Non-Pulsar
162.15,-41.25,279.39,3.201607,4.829,-28.852634,2.028564,0.0,-0.087619506,0.99727136,-0.44442856,0.62078184,0.3754423,Non-Pulsar
162.39,15.81,228.47,2.9128847,19.871,-28.482458,2.2638595,0.0,-0.28344887,-0.23747048,-0.0061552487,-0.2209471,-20.966837,Non-Pulsar
162.43,50.18,159.84,4.475163,12.271,-28.715305,2.1687787,0.0,0.8322078,-0.06811655,-0.05944689,-0.32368305,-0.42203766,Non-Pulsar
162.47,14.48,230.83,6.425871,37.619,-28.120697,2.275249,0.0,1.6787413,-0.016708056,-0.14686774,-0.3836167,-3.6142664,Non-Pulsar
162.55,4.54,245.55,6.043393,19.296,-28.255096,2.4423478,0.0,1.0385532,-0.24207956,-0.14982113,-0.6493294,1.7257215,Non-Pulsar
162.66,20.46,219.96,3.2411172,4.519,-28.407677,2.982454,0.0,-1.7140448,-0.50962406,-0.48661563,-0.5232965,6.1456804,Non-Pulsar
162.67,-52.81,285.14,3.7574809,7.842,-27.489887,2.539276,0.0,-2.649907,-0.5637898,-0.3000972,-0.2090536,-0.18936141,Non-Pulsar
162.82,-65.3,290.8,2.6841543,15.512,-27.622116,2.2041166,0.0,0.7381487,0.48687327,-0.1301781,-0.13842943,0.16036238,Non-Pulsar
162.85,-31.65,275.0,0.0,7.529,0.0,2.6786284,1.0,0.0,-0.34407648,-0.6447226,-0.104117386,0.70904195,Non-Pulsar
162.87,39.72,178.37,3.2741952,11.792,-28.695229,1.4562058,0.0,0.94153816,0.9412342,0.9922477,0.044134554,0.44147596,Non-Pulsar
162.91,21.17,218.71,4.053972,6.777,-28.55971,2.6020453,0.0,1.1415979,0.9999416,-0.45011923,-0.35770774,0.4941246,Non-Pulsar
162.99,1.06,250.19,2.9078245,11.143,-28.698238,1.7160438,0.0,0.87933904,0.28782588,0.28249043,0.3814937,-0.061079897,Non-Pulsar
163.08,8.31,241.08,3.0904992,4.907,-28.683779,2.36994,0.0,-1.1547219,-0.4067483,0.07966578,-0.57781976,1.6577424,Non-Pulsar
163.24,-37.72,278.44,2.8999245,13.042,-28.61343,1.9582537,0.0,0.42666584,0.75338113,0.0077751237,-0.056233313,0.33146286,Non-Pulsar
163.33,-11.57,262.53,2.8393044,4.963,-28.323786,2.8666759,0.0,-0.17791894,-0.55251116,-0.727295,0.37167424,0.42812216,Non-Pulsar
163.43,49.51,160.23,3.764796,21.47,-28.665695,1.9010692,0.0,-0.011387749,0.45090896,0.033068206,0.11504622,0.08934264,Non-Pulsar
163.49,86.47,124.93,0.0,3.669,0.0,2.074379,1.0,0.0,0.41544643,-0.67220926,-0.5822959,0.96591246,Non-Pulsar
163.56,39.44,178.59,2.7526698,7.969,-28.71234,2.4973938,0.0,0.22068444,-0.1946432,-0.24107508,-0.42466027,-124.289986,Non-Pulsar
163.63,22.19,217.02,3.569299,43.424,-28.234982,2.146986,0.0,0.18396632,-0.13566159,-0.055443224,-0.08216277,-0.30293489,Non-Pulsar
163.89,-1.43,253.94,2.9861958,15.366,-28.4224,1.8654504,0.0,0.45062384,0.059225798,0.49340728,0.042340964,-0.64182806,Non-Pulsar
163.94,-60.47,289.14,2.7193637,20.313,-26.576555,2.316315,0.0,2.0300314,-0.17811453,0.17927204,-0.2966295,-0.55960995,Pulsar
164.0,2.89,249.22,2.4948232,5.365,-28.85191,1.4658315,0.0,-0.2434204,0.96590924,0.7607692,0.584065,0.61956596,Non-Pulsar
164.21,70.2,135.96,5.8087854,27.089,-27.521706,2.681889,0.0,1.7824174,-0.045931544,-0.3571615,-0.5093272,-0.61314744,Non-Pulsar
164.24,-58.88,288.6,1.8916146,21.086,-27.217968,2.2323675,0.0,2.2990773,0.620534,0.2308564,-0.6790163,-19.365995,Pulsar
164.32,55.18,151.46,3.368854,11.898,-29.026762,2.0037441,0.0,-1.1332259,-0.1946524,-0.38653633,0.4471551,0.48272854,Non-Pulsar
164.34,-23.69,271.82,3.552264,13.911,-28.29642,2.2594297,0.0,1.15662,0.15383421,-0.08289879,-0.54954255,4.553722,Non-Pulsar
164.45,-27.9,274.33,3.6989963,22.482,-28.25938,1.6981957,0.0,0.9312642,0.25656727,0.15281183,0.25255907,0.21848516,Non-Pulsar
164.46,-1.01,254.16,1.9375507,4.106,-28.898512,1.8104769,0.0,-1.079326,-0.9973544,0.98725533,-0.16481577,1.7651206,Non-Pulsar
164.5,-52.45,285.99,2.5816672,297.348,-26.726809,2.1442723,0.0,4.5355206,0.43998298,0.1382953,-0.50936323,-0.66413516,Pulsar
164.52,43.09,170.67,0.0,6.63,0.0,2.2522237,1.0,0.0,0.99998283,-0.35653415,-0.17179091,0.5026824,Non-Pulsar
164.62,1.56,251.51,6.511073,102.242,-27.396742,2.2060068,0.0,1.4002448,-0.095006414,-0.1220164,-0.16215335,-0.2024011,Non-Pulsar
164.63,81.25,127.95,5.0518417,17.04,-28.24122,2.3498356,0.0,0.9969475,-0.21145083,-0.19485743,-0.2674107,0.052330837,Non-Pulsar
164.65,28.29,203.67,6.335225,36.04,-28.112465,2.0100236,0.0,0.86656314,0.08739441,-0.0026635884,-0.09268539,0.018466262,Non-Pulsar
164.66,-80.06,298.01,6.474962,39.804,-28.046814,2.1081145,0.0,1.9876318,0.2986759,-0.019350514,-0.22055067,-0.6696926,Non-Pulsar
164.67,56.46,149.6,5.3695526,101.081,-27.763205,1.8790362,0.0,1.6129816,0.06937167,0.11228471,0.011244789,-0.09325818,Non-Pulsar
164.81,-11.57,264.12,5.041055,78.216,-27.619286,2.0510201,0.0,1.6737041,0.029133683,-0.024775779,-0.054303385,-0.34745923,Non-Pulsar
164.88,20.95,220.45,3.3711853,8.161,-28.509453,2.4781432,0.0,-0.37904453,-0.3573727,-0.14738065,-0.28406125,-373.6029,Non-Pulsar
165.09,40.34,175.84,2.6791341,21.203,-28.499119,1.6319766,0.0,1.0931,-0.26758677,0.28112876,0.2773179,0.20956253,Non-Pulsar
165.35,70.3,135.45,0.0,9.357,0.0,2.719493,1.0,0.0,-0.5032034,-0.21750799,-0.6416782,1.798901,Non-Pulsar
165.37,41.15,173.98,2.9219794,17.506,-28.694405,1.8663725,0.0,0.36150834,0.55682683,0.19578509,0.08836514,-0.018851042,Non-Pulsar
165.38,39.07,178.36,2.8636549,6.71,-28.07781,2.7265105,0.0,0.4376913,-0.25704876,-0.37386653,-0.43395332,-3.70375,Non-Pulsar
165.41,-43.97,282.88,3.086151,4.861,-28.167158,2.712309,0.0,0.8336593,-0.11999228,-0.35130847,-0.5377498,-2.265656,Non-Pulsar
165.51,-60.91,290.02,1.9868001,21.024,-26.05372,2.8555593,0.0,1.9957349,0.2529622,-0.15516959,-0.5261529,-1.45098,Non-Pulsar
165.55,22.83,216.73,2.5142264,6.751,-28.45923,2.5581331,0.0,0.8884134,0.16687797,-0.4423758,-0.61741364,0.52205724,Non-Pulsar
165.67,52.86,153.64,4.437512,9.364,-29.07467,2.3027573,0.0,1.2259635,0.14272775,-0.2472232,-0.45052785,0.11035529,Non-Pulsar
165.7,-1.81,256.48,2.8580132,4.954,-29.086416,1.4129047,0.0,0.53499866,-0.9995615,0.9999242,0.9664396,0.6045507,Non-Pulsar
165.74,-56.48,288.33,2.1123674,7.407,-28.10209,2.2188454,0.0,-0.1753783,-0.8444891,0.62383515,-0.28771618,24.168913,Non-Pulsar
165.74,30.24,199.0,3.0267525,5.411,-28.650904,2.989149,0.0,-0.36819494,-0.5851735,-0.2757843,-0.7961314,1.1743991,Non-Pulsar
165.77,11.97,238.45,6.3311143,37.857,-28.163145,2.3278878,0.0,1.3843342,-0.097162195,-0.2633964,-0.32657334,-0.06925443,Non-Pulsar
165.82,86.06,125.01,3.007691,6.514,-28.358004,2.394792,0.0,-0.6701248,0.48926008,-0.26757225,-0.15671398,0.3085955,Non-Pulsar
165.91,-23.5,273.19,2.753292,20.788,-28.268822,1.6992149,0.0,0.07294229,0.3705255,0.05434606,0.2749701,0.35353884,Non-Pulsar
165.98,-53.96,287.43,6.79588,82.228,-27.344362,2.0033214,0.0,2.1420765,0.10626865,0.051434074,-0.0712822,-0.26847312,Non-Pulsar
166.01,26.19,209.02,2.1347818,9.171,-28.926807,1.9954334,0.0,0.008332133,-0.5457997,0.3110054,0.33189017,-0.28648567,Non-Pulsar
166.02,0.34,254.59,0.0,5.602,0.0,2.318239,1.0,0.0,0.4111615,0.24171,-0.7081021,1.3235469,Non-Pulsar
166.12,7.51,245.72,3.9181943,16.023,-28.531511,2.1653717,0.0,0.3490383,-0.08922466,-0.054059174,0.00049687386,-0.5546926,Non-Pulsar
166.12,38.21,179.83,7.435055,363.7,-26.170786,1.7446052,0.0,1.4671781,0.15919352,0.13723461,0.14915912,0.18861516,Non-Pulsar
166.23,-60.63,290.23,2.2830148,29.135,-26.46739,2.3528535,0.0,2.4096198,0.3704386,0.061460763,-0.33961546,-0.8628479,Pulsar
166.24,57.81,146.94,0.0,8.709,0.0,2.665754,1.0,0.0,0.22347112,-0.74400824,0.2816295,0.57565314,Non-Pulsar
166.36,-61.15,290.5,2.32983,17.207,-26.414955,2.6178102,0.0,1.9330171,-0.26478797,-0.076717526,-0.42771298,-1.6267922,Pulsar
166.44,60.62,143.71,3.085151,4.903,-29.177362,2.4384787,0.0,0.34349093,-0.26409078,-0.069112,-0.5079678,2.3219032,Non-Pulsar
166.46,39.74,176.22,0.0,5.917,0.0,2.1620383,1.0,0.0,-0.1664497,-0.370932,-0.24736463,0.75341254,Non-Pulsar
166.47,-7.53,262.75,0.0,9.198,0.0,2.1839464,1.0,0.0,-0.37220255,-0.054611288,0.0043641124,-0.030668579,Non-Pulsar
166.5,28.23,204.08,4.964878,29.082,-28.260271,2.2917454,0.0,0.9895071,-0.06476491,-0.17535262,-0.26364854,-0.5983848,Non-Pulsar
166.57,-10.81,265.51,3.059837,7.657,-28.617006,2.227116,0.0,-0.48873144,-0.22441188,-0.08065658,-0.22399822,-0.005541907,Non-Pulsar
166.63,-36.77,280.56,4.2722254,24.857,-28.131157,2.009134,0.0,0.9117264,-0.019503975,-0.021953706,0.09296978,-0.040414564,Non-Pulsar
166.77,-44.83,284.17,5.5703993,31.033,-27.909859,2.5891397,0.0,1.9930373,-0.15498887,-0.3936229,-0.60773146,-1.9373976,Non-Pulsar
166.91,2.37,253.39,3.06137,22.331,-28.335573,1.9979584,0.0,-1.9335924,-0.26110622,-0.1440771,0.23857413,0.327842,Non-Pulsar
166.93,-30.72,277.96,0.0,6.044,0.0,2.3694773,1.0,0.0,0.14396551,-0.14476582,-0.5811764,0.25423968,Non-Pulsar
166.96,15.03,234.34,2.2943597,24.966,-28.237776,1.7605528,0.0,0.9002534,0.19143187,0.19321314,0.13686797,0.10520218,Non-Pulsar
167.19,-18.75,271.65,2.4272554,7.187,-28.263855,2.3479695,0.0,-0.040868398,-0.47450495,-0.14240277,-0.3268128,0.63155675,Non-Pulsar
167.22,-68.56,293.75,2.2702014,5.35,-28.205406,2.5417538,0.0,0.6396676,-0.3856628,-0.23123877,-0.1836893,-2.8450243,Non-Pulsar
167.34,24.19,214.48,2.3630865,17.883,-28.572744,1.877844,0.0,-0.42293593,-0.07990481,0.13215795,0.08131271,-0.045441315,Non-Pulsar
167.41,37.59,180.47,3.5871353,11.322,-28.711481,1.9590954,0.0,-0.012398313,-0.6447659,0.5047955,-0.07060093,-1.8489158,Non-Pulsar
167.44,-48.25,285.99,3.2554529,5.557,-28.171717,2.534105,0.0,0.24227986,0.0580419,-0.5663126,-0.031780444,0.4909181,Non-Pulsar
167.56,71.59,133.63,3.1320577,21.776,-28.683634,1.7759507,0.0,0.7686934,0.3527225,0.2489869,0.12436915,-0.033573348,Non-Pulsar
167.64,-18.61,272.04,3.8138454,16.917,-28.284307,1.7236471,0.0,0.9688861,0.91510427,0.18660377,0.019870844,0.08374017,Non-Pulsar
167.77,35.72,184.78,2.081949,7.291,-28.996658,2.0467994,0.0,0.3841991,-0.33061936,0.21452998,0.11775877,-0.9845319,Non-Pulsar
167.86,-46.41,285.53,2.5567694,4.662,-28.182232,2.6213453,0.0,0.64893013,-0.53861,-0.28800997,-0.31244817,-1.6358767,Non-Pulsar
167.88,34.93,186.69,0.0,4.172,0.0,1.8466233,1.0,0.0,0.97081137,0.19233662,0.053345125,-1.3416231,Non-Pulsar
167.96,-60.66,291.03,2.8540413,54.174,-26.518482,2.0499737,0.0,2.7454612,0.096387215,0.2138723,-0.03298151,-0.77090925,Pulsar
167.97,48.98,157.56,3.1775475,5.344,-29.281898,1.8217694,0.0,-1.0936625,0.12378532,-0.40402144,0.48735428,0.6221659,Non-Pulsar
168.01,26.13,209.83,2.7194006,5.097,-29.050621,2.0893269,0.0,-0.26366964,-0.99829334,0.99519604,-0.38229662,1.556211,Non-Pulsar
168.03,-61.13,291.24,1.6225392,13.451,-26.23365,2.723746,0.0,1.6617279,0.3194337,-0.28335124,-0.31901428,-0.33823466,Pulsar
168.11,17.85,229.87,2.4005303,9.205,-28.872238,1.9285591,0.0,-0.44710496,-0.2563238,-0.14334148,0.023959763,0.5332603,Non-Pulsar
168.15,34.8,186.88,5.2910757,16.786,-28.222837,2.414571,0.0,1.4388692,-0.15289442,-0.29900035,-0.47430238,-1.1117731,Non-Pulsar
168.4,-19.34,273.29,3.5171227,6.028,-28.568874,2.3575628,0.0,0.09235324,-0.41947433,0.18978673,-0.022172552,5.5002117,Non-Pulsar
168.46,15.48,235.15,2.082084,9.799,-28.658293,2.3724046,0.0,0.12635711,-0.57401603,-0.052508276,0.0045560966,-0.46951547,Non-Pulsar
168.49,55.4,148.19,3.0135486,16.482,-28.967293,2.07157,0.0,0.43975812,-0.057063922,-0.098066665,0.187918,-0.0033990452,Non-Pulsar
168.64,-8.32,266.02,3.645444,12.215,-28.26642,2.8088531,0.0,0.7865799,-0.35987285,-0.44567475,-0.7102295,3.0451968,Non-Pulsar
168.69,-2.8,261.24,2.863181,6.291,-28.310244,2.8456764,0.0,-0.3066723,-0.58970517,-0.26170054,-0.54576415,1.821101,Non-Pulsar
168.81,-7.06,265.19,0.0,13.663,0.0,2.265957,1.0,0.0,-0.30634534,-0.13594408,-0.10679568,-0.16259578,Non-Pulsar
169.09,-40.0,283.84,2.9587238,6.282,-28.74616,1.965743,0.0,0.35038513,0.99980783,0.5086842,0.08860911,-2.6293938,Non-Pulsar
169.16,29.26,201.53,2.4192257,3.795,-29.296371,1.6777647,0.0,0.12189803,-0.99999154,0.999979,0.30787474,0.73244643,Non-Pulsar
169.27,20.23,225.6,5.1200285,49.458,-27.997166,1.9045134,0.0,0.1940123,-0.101566456,0.067838944,0.15035263,-0.020484008,Non-Pulsar
169.3,0.14,259.06,2.7040944,9.943,-28.59777,1.6980373,0.0,0.5982476,0.9875763,0.8292535,0.46128327,0.1852271,Non-Pulsar
169.32,-53.63,289.13,2.5271864,26.175,-27.95498,1.8584098,0.0,1.081569,-0.2522788,0.13519873,0.15689692,0.13022032,Non-Pulsar
169.39,-48.66,287.37,3.775708,1.587,-28.631039,2.4,0.0,0.4867011,0.35571852,0.021362565,-0.8475667,1.0799692,Non-Pulsar
169.41,25.85,211.09,2.977902,15.105,-28.733297,2.0905967,0.0,0.35789314,-0.035137028,0.123301245,-0.09566369,-8.15074,Non-Pulsar
169.41,2.3,256.81,2.9794643,6.114,-28.53115,2.4052954,0.0,-1.5745429,-0.14982697,-0.28973913,0.069024384,-0.31038922,Non-Pulsar
169.44,-36.83,282.81,2.6477365,7.6,-28.64279,2.0707333,0.0,-0.2703389,-0.62914515,0.59739447,0.022154013,23.90159,Non-Pulsar
169.5,-16.34,272.67,3.0355537,5.171,-28.391779,2.7188034,0.0,0.9279319,-0.24458367,-0.54916835,-0.9983091,0.98273593,Non-Pulsar
169.51,53.94,149.19,3.5341854,38.535,-28.338383,1.7312284,0.0,1.3840711,0.5509767,0.121256664,0.18015414,0.14888538,Non-Pulsar
169.56,-46.58,286.71,4.0088573,9.802,-28.21273,2.704505,0.0,1.1342293,0.2988856,-0.43092072,-0.33113116,0.47787416,Non-Pulsar
169.57,-4.25,263.75,5.7932773,15.507,-28.226254,2.6572871,0.0,-0.4500791,-0.21555713,-0.39566308,-0.39728037,-0.30825248,Non-Pulsar
169.65,-12.6,270.41,3.4014654,12.755,-28.344755,2.7693763,0.0,0.07896631,-0.4624353,-0.42237744,-0.62094843,0.3233344,Non-Pulsar
169.77,12.59,242.3,4.104846,19.002,-28.2736,2.5000448,0.0,1.1875278,-0.09946539,-0.26183975,-0.59617096,2.485637,Non-Pulsar
169.78,-61.46,292.13,3.0086484,7.408,-26.265753,2.3760505,0.0,2.0440612,0.9164957,-0.37217894,-0.19670692,0.7761268,Pulsar
169.92,-30.8,280.64,2.8100686,6.626,-28.849646,1.9160689,0.0,-0.57641,0.99870086,-0.77310777,0.5516742,0.79367924,Non-Pulsar
170.15,7.22,251.5,2.9797416,27.622,-28.603796,1.6985506,0.0,2.260134,0.99980533,0.40596724,-0.08164577,-0.51504433,Non-Pulsar
170.2,42.2,167.85,3.2608404,59.176,-27.772968,1.5155357,0.0,1.3442879,0.343269,0.31634545,0.20265064,0.44394112,Non-Pulsar
170.35,-0.18,260.86,2.667507,6.496,-28.775667,1.918265,0.0,0.09635057,0.99693793,0.13505626,0.058470886,-0.47816128,Non-Pulsar
170.36,-5.9,266.23,6.2353234,42.452,-27.909992,2.3180952,0.0,1.8590987,-0.017564215,-0.18356721,-0.35911223,-2.8718688,Non-Pulsar
170.8,-32.56,282.17,0.0,6.378,0.0,2.0697396,1.0,0.0,0.997449,-0.59633005,0.40915215,0.65794647,Non-Pulsar
170.87,-25.49,279.08,3.7338395,9.256,-28.739283,1.9786564,0.0,0.9086053,0.9999982,0.10816441,-0.13836141,-0.046402927,Non-Pulsar
170.89,-64.31,293.59,4.293558,6.248,-27.354385,2.4498882,0.0,1.0641539,-0.14512336,0.110542156,-0.4186967,-0.2569966,Non-Pulsar
170.91,80.47,127.31,2.893776,10.957,-28.766775,2.1538167,0.0,0.84694606,0.9999673,-0.14800604,0.06238317,-0.041159865,Non-Pulsar
170.96,72.51,131.76,1.8985107,8.486,-29.139305,1.4625977,0.0,0.7413981,-0.9999426,0.9999764,0.32908812,-0.022698099,Non-Pulsar
171.0,23.62,218.16,2.899389,16.303,-28.346191,2.3993423,0.0,-0.22616087,0.12631585,-0.28079057,-0.20429628,-0.04953545,Non-Pulsar
171.02,20.76,225.95,2.477831,9.317,-28.789606,1.9961475,0.0,-0.2915193,-0.09878458,0.06765543,0.02667998,-0.31627977,Non-Pulsar
171.1,23.14,219.58,2.4772143,7.201,-28.58084,2.218285,0.0,-1.0521023,-0.5290222,-0.3244688,0.12944126,0.38217622,Non-Pulsar
171.16,-8.16,269.08,2.4415185,6.531,-28.524815,2.0964546,0.0,-0.2639895,-0.54170364,-0.29973188,0.1905891,0.44508886,Non-Pulsar
171.18,-59.26,292.04,2.4732268,72.29,-26.941317,2.2699387,0.0,2.7085788,0.041875068,-0.11837962,-0.46608928,-1.1379656,Pulsar
171.24,21.73,223.57,2.3335836,7.248,-28.88332,2.1281414,0.0,-1.6362696,0.3742892,-0.13738394,0.07155494,0.054429144,Non-Pulsar
171.24,49.57,153.63,3.6143658,26.583,-28.473236,1.5805253,0.0,1.4437915,0.95844334,0.29251456,0.20317273,0.26660115,Non-Pulsar
171.25,-58.08,291.69,2.7066245,12.56,-28.316933,1.456657,0.0,1.4037505,0.9820878,0.99775016,0.8209336,0.5328173,Non-Pulsar
171.29,-21.03,277.3,3.0972288,18.735,-28.252502,1.721681,0.0,1.0346085,0.98260677,0.45543522,0.04343883,-0.61792606,Non-Pulsar
171.39,-35.96,284.05,4.1354446,16.754,-28.437967,2.089544,0.0,-0.7378054,-0.3972055,0.017929746,-0.1276137,0.06877702,Non-Pulsar
171.49,-7.72,269.17,4.144383,18.132,-28.35097,1.9331036,0.0,-0.11980961,0.9973617,0.117536254,0.009161357,-0.097488604,Non-Pulsar
171.49,20.09,228.15,4.558851,20.578,-28.348894,2.1580336,0.0,0.88663435,0.2691457,-0.15850833,-0.11707287,0.09390958,Non-Pulsar
171.72,-38.5,285.27,3.4716434,21.414,-28.177288,2.148554,0.0,1.0637338,0.114847764,-0.09757174,-0.10663997,-0.04540885,Non-Pulsar
171.76,-18.96,276.72,8.625569,106.329,-27.594046,2.1135643,0.0,2.1345303,0.01716708,-0.088425696,-0.20970215,-0.34884113,Non-Pulsar
171.84,37.92,176.19,2.5288966,6.656,-28.076918,2.4340017,0.0,-0.12693585,-0.3514709,-0.1256921,-0.28813118,3.8651848,Non-Pulsar
171.86,56.8,143.91,4.6321244,19.64,-28.66632,2.5146656,0.0,1.1313211,-0.28158322,-0.32443893,-0.42478254,-0.9384845,Non-Pulsar
171.9,-49.34,289.18,2.734999,9.851,-28.33081,2.3886235,0.0,-0.2322812,0.8245949,-0.41359252,-0.16045377,0.42355394,Non-Pulsar
171.96,36.31,180.33,5.444434,36.407,-28.047861,2.3066695,0.0,0.771869,-0.17910992,-0.15759532,-0.15742546,-0.72083944,Non-Pulsar
172.0,59.4,141.19,5.774237,35.779,-28.398336,2.2645078,0.0,1.3340081,-0.13564599,-0.07230594,-0.27995002,-5.847603,Non-Pulsar
172.2,37.97,175.73,3.044578,11.251,-28.287838,2.0599623,0.0,0.9072745,-0.09865762,0.45245898,0.038026035,-0.32588756,Non-Pulsar
172.3,37.06,178.0,3.992118,14.334,-28.522259,2.2003546,0.0,-0.195953,0.06119545,-0.19623743,0.015572496,-0.120998174,Non-Pulsar
172.3,-10.25,272.08,3.0539327,5.102,-28.664799,2.2183862,0.0,-1.0134331,-0.99232125,0.9833906,0.080387026,-1.5858403,Non-Pulsar
172.31,-5.49,268.52,4.3068695,17.947,-27.901712,2.5017786,0.0,0.9666216,-0.40315458,-0.1692235,-0.39534688,31.481731,Non-Pulsar
172.38,30.58,197.17,3.198767,8.666,-28.76706,2.4235582,0.0,-0.5837716,-0.2268002,-0.22729391,-0.09670266,-1.1101015,Non-Pulsar
172.47,-14.8,275.19,7.541377,37.266,-27.781107,2.5904255,0.0,1.778928,-0.16340633,-0.35909736,-0.49783775,-0.8061842,Non-Pulsar
172.47,-42.29,287.2,3.1955135,11.471,-28.779282,2.1035516,0.0,1.5503266,0.99824864,0.20608486,-0.38300097,-2.3581579,Non-Pulsar
172.63,-78.02,298.65,3.15851,23.079,-28.246159,1.4526974,0.0,1.3606069,-0.99916655,0.9997811,0.3872464,0.3034036,Non-Pulsar
172.65,-31.62,283.44,0.0,6.552,0.0,1.5736481,1.0,0.0,-0.7003768,0.53366315,-0.057885863,0.16863088,Non-Pulsar
172.72,10.27,250.7,2.5129764,8.885,-28.501038,2.7352695,0.0,0.15287116,-0.40446132,-0.358825,-0.57340264,-2.4067402,Non-Pulsar
172.75,38.26,174.42,6.443108,43.454,-27.928795,2.3965073,0.0,1.9197963,-0.0691397,-0.27547207,-0.38032913,-0.7902378,Non-Pulsar
172.79,-9.74,272.37,2.8721628,10.022,-28.605473,2.064327,0.0,0.31945,-0.3776435,-0.12576571,0.0029377786,0.41226292,Non-Pulsar
172.86,58.15,141.74,3.0386128,16.481,-28.8461,2.1690695,0.0,-1.2772812,0.99841195,-0.22522758,0.069157586,0.13708273,Non-Pulsar
172.87,-5.07,268.98,3.5392683,10.631,-28.0701,2.3697278,0.0,0.993755,0.999996,-0.21136396,-0.359439,0.14425732,Non-Pulsar
173.06,-47.61,289.37,3.1040998,13.7,-28.456055,2.0993955,0.0,0.06904268,-0.33338827,-0.14310731,0.05164416,0.2392886,Non-Pulsar
173.08,-56.11,292.01,2.4946697,4.673,-28.118387,2.4005988,0.0,0.40474537,0.71454287,0.0107436795,-0.14286385,5.0522423,Non-Pulsar
173.2,0.57,264.26,3.2488713,62.926,-27.751297,2.060351,0.0,1.1402214,-0.066965945,-0.0051501645,-0.09684112,-0.26763278,Non-Pulsar
173.22,-53.47,291.29,3.5812175,5.745,-28.0712,2.5980964,0.0,-1.2340947,-0.3374444,-0.19705337,-0.8704464,0.3028495,Non-Pulsar
173.45,-20.81,279.54,2.880551,8.539,-28.857788,1.5410987,0.0,1.1789367,0.99878454,0.21220525,0.5771311,0.05790866,Non-Pulsar
173.68,66.21,134.62,2.7450137,6.131,-29.129631,2.4604895,0.0,0.4541597,-0.1734091,-0.1528868,-0.31340688,4.672664,Non-Pulsar
173.71,-17.5,278.18,2.5782173,6.758,-28.78151,1.6783233,0.0,0.5216183,0.99518776,0.9834461,-0.09373072,-1.1451665,Non-Pulsar
173.79,30.23,197.9,3.7303731,12.437,-28.768183,2.2666984,0.0,-0.34320015,-0.12483029,-0.07844423,-0.15495887,-0.55470663,Non-Pulsar
173.8,-60.93,293.8,2.4061048,56.481,-26.950224,2.1563294,0.0,2.666872,0.15727788,0.0046713296,-0.3670732,-0.722912,Pulsar
173.94,-4.46,270.02,3.9501956,6.059,-28.040552,2.6962698,0.0,0.19462577,-0.38765642,-0.28143242,-0.5314279,7.317501,Non-Pulsar
174.02,-68.41,296.06,2.8729913,11.629,-27.91856,2.450986,0.0,0.40698132,0.17847022,-0.33278242,-0.32219523,0.2057823,Non-Pulsar
174.08,34.13,184.89,5.71893,25.194,-28.455927,2.5046308,0.0,0.76484436,-0.2702637,-0.2617619,-0.3936285,-45.239536,Non-Pulsar
174.08,-5.03,270.67,2.1014512,7.259,-27.98939,2.5562515,0.0,0.8368399,0.018402398,-0.32970148,-0.48365238,0.3701594,Non-Pulsar
174.12,67.61,133.46,3.5080433,30.158,-28.605804,1.7747157,0.0,0.39803883,0.5038769,0.003289001,0.22809681,0.29736152,Non-Pulsar
174.12,70.15,131.91,4.1077886,53.827,-28.276245,1.8276782,0.0,0.41568443,0.02050649,0.15069315,0.09608991,0.03461732,Non-Pulsar
174.22,25.85,213.1,3.3342268,10.744,-28.81337,1.9449954,0.0,-1.1197208,-0.024280367,0.25977445,-0.12630332,-0.51348424,Non-Pulsar
174.22,-74.23,297.84,2.8801296,22.367,-27.959034,2.3236017,0.0,1.5512952,-0.015133614,-0.13533394,-0.31467143,-0.23073998,Non-Pulsar
174.48,-17.15,278.91,2.987059,14.673,-28.4602,1.3570496,0.0,1.3858141,-0.5803568,0.94095427,0.5138044,0.22027491,Non-Pulsar
174.57,41.26,165.0,2.8828025,7.759,-28.844858,2.1126769,0.0,0.20047735,0.17359382,-0.2622999,-0.14786422,0.40739554,Non-Pulsar
174.6,48.96,150.92,3.8707798,11.055,-28.871012,2.586464,0.0,0.6256692,-0.5399033,0.0835424,-0.59511334,1.3031402,Non-Pulsar
174.76,40.56,166.34,4.153752,10.423,-28.195293,2.6931593,0.0,0.7447473,-0.13143356,-0.3689206,-0.47879565,-0.9994238,Non-Pulsar
174.77,55.51,142.74,2.8700857,5.6,-29.381214,1.5570718,0.0,0.38181752,-0.9994962,0.9991368,0.73395723,0.5253486,Non-Pulsar
174.82,-62.79,294.79,2.1780841,23.435,-27.013771,2.0665781,0.0,1.9373486,0.98246723,0.07391186,-0.058316182,-0.0462792,Pulsar
174.91,11.82,251.71,2.4910598,4.463,-28.579058,2.7790833,0.0,0.16909486,-0.39952794,-0.610127,0.08571743,0.2683391,Non-Pulsar
175.13,15.48,244.59,2.8833227,8.427,-28.710114,1.729394,0.0,0.10824984,0.99305326,0.28115737,-0.00234023,0.4571266,Non-Pulsar
175.36,68.1,132.53,2.6962,15.35,-28.862509,1.4936715,0.0,1.3584577,0.78259945,0.74891835,0.23405345,-0.2646335,Non-Pulsar
175.39,-14.15,278.45,3.2170868,10.65,-28.61472,1.9578433,0.0,0.0909783,0.9075992,-0.028078772,0.06926147,0.11358513,Non-Pulsar
175.5,15.8,244.51,2.9880302,20.881,-28.316086,2.2760997,0.0,-0.26585075,-0.16235082,-0.14708783,-0.139728,-0.4101654,Non-Pulsar
175.79,61.38,136.73,4.6009784,22.595,-28.701168,1.9180733,0.0,1.3624516,0.31574282,0.0959501,-0.0047587864,-0.15371507,Non-Pulsar
175.95,-10.24,276.95,2.2062328,4.804,-29.326128,2.1661947,0.0,1.1139746,0.9969812,0.54921615,-0.12981814,-2.503436,Non-Pulsar
175.99,15.97,244.97,2.429362,3.962,-29.071766,1.8375244,0.0,0.17156391,-0.37106368,-0.38219208,0.41649282,0.7371039,Non-Pulsar
176.24,19.63,235.61,0.0,14.792,0.0,2.0106413,1.0,0.0,-0.13928954,0.26093498,-0.13243984,-2.4596062,Non-Pulsar
176.39,-3.68,273.11,0.0,6.165,0.0,1.9580772,1.0,0.0,-0.6401687,0.16184312,0.010524917,0.28782654,Non-Pulsar
176.4,44.39,156.08,2.72367,6.655,-29.025423,2.195637,0.0,-0.17362913,-0.11756363,0.1801699,-0.2230156,6.0229797,Non-Pulsar
176.41,55.88,140.84,2.9099662,3.767,-29.276983,2.257392,0.0,-0.31738523,-0.30098757,0.5235352,-0.47575638,1.6198891,Non-Pulsar
176.43,4.9,264.86,3.1569214,5.685,-28.55683,2.9138327,0.0,-0.23935421,-0.56756395,-0.29075164,-0.75382,1.3381814,Non-Pulsar
176.44,-69.83,297.29,4.887406,12.262,-27.814442,2.8719547,0.0,1.3419102,-0.27246678,-0.4267722,-0.73992366,4.270352,Non-Pulsar
176.45,-15.48,280.48,4.0656757,3.079,-28.931175,2.4182994,0.0,0.8643908,-0.2440528,-0.29192618,-0.3761949,0.32537046,Non-Pulsar
176.6,-9.45,277.39,4.2594543,2.559,-28.717417,2.5,0.0,-3.5323994,-0.5880247,-0.11746006,-0.14711039,-0.30937672,Non-Pulsar
176.61,-33.46,287.67,2.0556016,5.031,-28.679243,2.3905582,0.0,0.8534402,0.12365006,-0.327635,-0.20818305,0.49400496,Non-Pulsar
176.65,-29.04,286.26,2.270751,6.415,-28.627825,2.384485,0.0,0.4021305,-0.254471,-0.06334228,-0.49404952,2.0568607,Non-Pulsar
176.74,39.98,164.95,7.5005617,115.444,-27.7485,2.325557,0.0,2.1075878,-0.14564812,-0.22133121,-0.3094029,-0.33878124,Non-Pulsar
176.76,-38.2,289.24,5.1319156,54.32,-27.855333,2.1837745,0.0,1.2240635,-0.07113024,-0.12516141,-0.10268889,-0.29822955,Non-Pulsar
176.81,-26.46,285.52,4.4505205,12.582,-28.442974,2.6032715,0.0,0.5794455,-0.19153847,-0.41989586,-0.32928053,0.08702042,Non-Pulsar
176.87,-67.98,296.97,2.588677,8.276,-27.642662,2.661722,0.0,1.4313148,-0.10957811,-0.08394113,-0.5839724,7.854505,Non-Pulsar
176.96,-7.41,276.64,5.3791866,20.716,-28.07513,2.413973,0.0,0.94176465,-0.010036581,-0.32860836,-0.44094053,0.345343,Non-Pulsar
177.14,26.5,211.92,3.9262505,6.261,-28.541805,2.9436798,0.0,-0.24682185,-0.40676537,-0.6296985,-0.41219258,0.64547586,Non-Pulsar
177.15,18.69,239.94,0.0,10.773,0.0,2.2636886,1.0,0.0,-0.49828708,-0.18892445,0.14344707,0.028330049,Non-Pulsar
177.25,59.42,137.09,2.3494787,11.776,-28.739527,2.1880805,0.0,-0.6343572,-0.64819056,0.15160947,-0.07223362,-1.9177074,Non-Pulsar
177.28,28.33,204.34,2.9662335,5.733,-28.825705,2.2346153,0.0,-0.008420294,-0.7042686,0.12996696,0.011801619,-1.4069281,Non-Pulsar
177.32,62.77,134.66,2.4920475,5.501,-29.154514,2.3143845,0.0,0.12884863,0.46249038,0.105958074,-0.298692,3.2276726,Non-Pulsar
177.37,24.69,219.41,1.8641918,6.631,-28.560633,2.0704334,0.0,-0.009954481,0.99353063,0.10660096,-0.10788847,-6.800361,Non-Pulsar
177.39,-40.49,290.39,3.710605,11.508,-28.351028,2.41789,0.0,0.40103543,-0.006769867,-0.19202922,-0.43873724,-7.138286,Non-Pulsar
177.51,10.56,258.9,2.8101256,4.519,-28.756624,2.032582,0.0,-0.7125646,-0.7999474,0.48451748,-0.19491516,-1.4487619,Non-Pulsar
177.6,24.3,221.16,3.802432,40.492,-27.924591,2.1621518,0.0,1.2892768,-0.08852321,-0.10074442,-0.072268836,-0.22551954,Non-Pulsar
177.66,41.91,159.1,4.3336277,67.824,-27.785759,1.5537331,0.0,2.1804893,0.46336073,0.30502847,0.18169759,0.23186894,Non-Pulsar
177.66,-48.39,292.63,2.873814,16.153,-28.257963,2.4427607,0.0,1.9481616,0.18602915,-0.39152822,-0.9999942,1.0000135,Non-Pulsar
177.84,9.96,260.56,0.0,15.271,0.0,2.3780117,1.0,0.0,0.0029194076,-0.27637002,-0.09644693,-0.07633532,Non-Pulsar
177.88,-13.79,281.51,3.2623518,17.309,-28.36312,1.7696284,0.0,0.73170984,0.07879115,0.12160158,0.08307209,0.4290633,Non-Pulsar
177.88,58.99,136.89,3.3347325,39.582,-28.263107,1.7394896,0.0,1.4422127,0.44899854,0.24941728,0.10088821,-0.012879977,Non-Pulsar
177.92,-21.25,284.79,2.4799786,9.154,-28.712803,2.0197468,0.0,0.4150852,0.9999635,-0.03303359,0.11296502,-0.1847219,Non-Pulsar
178.02,-61.13,295.83,2.1260922,18.605,-27.342424,2.1761658,0.0,1.897247,0.99194694,0.17294228,-0.3995514,-0.8719994,Pulsar
178.03,28.63,202.95,2.5375435,8.296,-28.85157,1.9435661,0.0,-0.2376079,0.9586529,-0.10478152,0.17563957,0.3522128,Non-Pulsar
178.08,-8.67,279.07,6.1818585,38.792,-27.932173,2.2977836,0.0,1.5906788,-0.09914605,-0.18814063,-0.31815878,-0.9928344,Non-Pulsar
178.21,33.14,183.97,3.5521915,7.379,-28.652653,2.9239364,0.0,0.2998108,-0.68289304,-0.3593514,-0.23313421,-0.7899112,Non-Pulsar
178.27,80.94,125.74,4.6136794,11.265,-28.500954,2.7615728,0.0,-0.5797727,-0.2802259,-0.48111963,-0.37190515,0.10040976,Non-Pulsar
178.34,-11.08,280.78,7.530997,38.976,-27.942701,2.2164536,0.0,1.5756558,-0.03614408,-0.14121911,-0.22519849,-0.70239025,Non-Pulsar
178.35,49.52,145.55,7.2560472,43.253,-28.30509,2.3296978,0.0,1.1605216,-0.14165483,-0.18986872,-0.21161544,-0.94149655,Non-Pulsar
178.41,-25.9,286.99,3.4651783,12.822,-28.59822,1.7005166,0.0,1.088621,0.68934846,0.72616524,0.038810775,-0.9334359,Non-Pulsar
178.43,-32.18,288.96,2.8089433,4.174,-28.328897,2.4149175,0.0,0.3259454,0.9987982,0.41465953,-0.31894428,1.5397627,Non-Pulsar
178.45,38.37,166.36,2.2777064,7.498,-29.071146,1.9387773,0.0,-0.9757146,0.9869326,0.009449597,-0.34146947,0.5858777,Non-Pulsar
178.51,-0.18,273.79,3.2352927,17.228,-28.460245,1.8445255,0.0,0.35266903,0.18499354,-0.069384195,0.24740402,0.39858824,Non-Pulsar
178.51,40.63,160.52,3.3390028,17.254,-28.728374,2.0897038,0.0,0.33537507,-0.10233681,0.056670047,-0.036915403,-0.53699994,Non-Pulsar
178.52,60.31,135.41,4.9151692,13.77,-28.396175,2.8654563,0.0,1.2213674,-0.01217211,-0.4581293,-0.73805815,1.6255455,Non-Pulsar
178.54,-32.72,289.22,4.146545,34.977,-27.952946,1.9182042,0.0,1.7110684,0.06562527,0.0466383,0.08963078,-0.009638934,Non-Pulsar
178.81,43.34,154.34,2.481085,4.462,-28.74581,2.728165,0.0,-0.93277663,-0.48579887,-0.49716786,-0.0017622706,0.2992746,Non-Pulsar
178.88,-34.31,289.97,3.1428535,14.49,-28.56094,1.8798723,0.0,0.13192317,-0.2995683,0.17772247,0.21265271,0.009000841,Non-Pulsar
178.91,-65.79,297.25,2.536336,7.241,-27.355738,2.8170178,0.0,1.352455,-0.107577376,-0.32384092,-0.66865134,-0.072494745,Non-Pulsar
178.95,61.63,134.21,3.060222,8.612,-29.145298,2.0754151,0.0,-0.34896502,-0.47127756,-0.1787842,0.19024453,0.26362076,Non-Pulsar
178.97,-12.28,282.27,2.5398211,5.367,-28.585268,2.3158364,0.0,0.5143415,0.99838245,-0.36084294,0.17769119,-0.10491491,Non-Pulsar
179.16,6.67,267.99,3.5401754,6.992,-28.676342,2.5156422,0.0,-0.12152742,-0.37418202,0.0964828,-0.45714822,1.5136622,Non-Pulsar
179.16,-22.81,286.78,2.742063,13.037,-28.445919,2.0368526,0.0,0.37446627,0.97651565,0.0577013,-0.010314987,0.09678589,Non-Pulsar
179.22,-15.62,284.12,4.657109,10.783,-28.55252,2.3567367,0.0,0.336501,-0.018265888,-0.0864189,-0.28734887,25.780907,Non-Pulsar
179.64,48.42,145.18,4.959468,21.212,-28.612368,2.469472,0.0,0.48469517,-0.24975541,-0.19113697,-0.4388013,-9.630295,Non-Pulsar
179.73,9.95,264.67,3.425045,7.95,-28.23727,2.4318259,0.0,1.0935917,0.14569123,-0.13514662,-0.70504975,1.50097,Non-Pulsar
179.75,8.3,267.11,2.714048,10.733,-28.737001,2.0247657,0.0,-0.30798265,-0.541473,0.19844241,-0.061154135,-0.66754967,Non-Pulsar
179.75,9.66,265.15,2.9852593,13.307,-28.25504,1.6378669,0.0,1.014212,-0.09323002,0.12570478,0.53954864,0.25557908,Non-Pulsar
179.81,-22.46,287.4,6.5380173,35.54,-27.541246,2.284819,0.0,1.6778843,-0.022263637,-0.17985192,-0.31154037,-0.12953293,Non-Pulsar
179.84,-21.7,287.18,4.748576,35.389,-27.627308,2.505965,0.0,1.3628474,-0.20780131,-0.21827057,-0.40301558,-3.6062858,Non-Pulsar
179.88,29.24,199.42,9.654406,241.158,-27.151245,2.060865,0.0,2.7429326,0.024963059,-0.060527425,-0.13958432,-0.38953578,Non-Pulsar
179.9,-7.39,281.1,3.2988982,14.321,-28.495207,1.636923,0.0,1.2215675,0.9778583,0.3587574,0.25716823,0.1767314,Non-Pulsar
180.06,2.02,274.73,4.4079614,21.025,-28.294312,1.8437269,0.0,1.115387,0.088717304,0.20548572,0.11788846,-0.20519724,Non-Pulsar
180.17,12.49,261.37,3.6887605,11.795,-28.529976,2.5084352,0.0,-0.27361238,-0.35551918,-0.17515038,-0.3497344,-15.6657095,Non-Pulsar
180.19,20.14,241.32,4.0853343,18.332,-28.557365,2.4374497,0.0,-0.02531112,-0.1883227,-0.2421186,-0.19278114,-1.5606725,Non-Pulsar
180.21,-14.49,284.95,2.7184613,8.638,-28.599873,2.0042162,0.0,0.5284561,-0.76455885,0.632138,-0.14274414,-2.4946198,Non-Pulsar
180.29,-3.54,279.42,3.010606,7.2,-28.76446,2.1100042,0.0,0.6564389,0.84455985,0.29269898,0.06844399,15.563205,Non-Pulsar
180.45,14.49,257.99,3.2732906,7.892,-28.700405,2.1202464,0.0,0.80048674,0.13312182,0.1456658,-0.39402986,8.516286,Non-Pulsar
180.61,44.71,148.9,0.0,4.787,0.0,2.4660146,1.0,0.0,-0.068976656,0.060018405,-0.5540856,1.6488049,Non-Pulsar
180.63,-5.47,281.18,5.6664443,12.985,-28.257574,2.7479432,0.0,1.0472821,-0.3708292,-0.53822136,-0.9195749,-0.1219354,Non-Pulsar
180.65,38.88,160.81,0.0,10.219,0.0,2.2423196,1.0,0.0,0.26199886,-0.3312497,-0.057506613,0.4609366,Non-Pulsar
180.74,51.69,140.08,2.897315,3.99,-28.775827,2.4943395,0.0,0.092903726,-0.5578197,-0.36643425,-0.122606136,0.5802962,Non-Pulsar
180.79,60.52,133.43,3.6506248,40.037,-28.28078,1.9859921,0.0,1.2307925,0.2131648,0.077311695,-0.046890397,-0.6193328,Non-Pulsar
180.83,11.32,265.04,3.325782,6.295,-28.569626,2.3470018,0.0,0.4169297,-0.0971486,-0.3664636,0.01579237,0.04821161,Non-Pulsar
180.85,-39.43,292.91,3.3270268,19.666,-28.369213,1.8428689,0.0,-0.11298589,0.8581458,0.061622906,0.018549051,0.20941639,Non-Pulsar
180.94,58.36,134.62,3.8619301,10.261,-28.927116,2.4153836,0.0,0.118672416,-0.27227408,-0.27958667,-0.2941765,0.35972354,Non-Pulsar
180.98,-62.71,297.52,3.1308966,32.414,-26.452848,2.4478223,0.0,2.5039606,0.9305038,0.07343876,-0.29153335,-0.5996582,Pulsar
181.02,11.78,264.73,3.1129434,12.369,-28.57176,1.7927226,0.0,0.68341374,0.99976635,-0.14293979,0.27609536,0.405323,Non-Pulsar
181.07,-7.16,282.83,4.136829,25.167,-28.070965,1.7179565,0.0,1.032023,-0.018159192,0.17628993,0.2734026,0.11558048,Non-Pulsar
181.11,37.84,162.68,2.3487666,3.786,-28.775902,2.6443186,0.0,0.90168434,-0.014748555,-0.3442438,-0.930395,1.2087839,Non-Pulsar
181.2,4.12,275.09,3.6547248,5.348,-28.533491,2.7262633,0.0,-0.85299164,-0.59155124,-0.05019604,-0.61429894,1.4388794,Non-Pulsar
181.43,-26.59,290.42,4.20482,20.106,-28.216406,2.5313325,0.0,0.17720747,-0.22159736,-0.3460442,-0.18750194,-0.15882036,Non-Pulsar
181.46,33.35,177.85,0.0,6.899,0.0,2.5229895,1.0,0.0,-0.5274376,-0.18555632,-0.07974003,-1.7278445,Non-Pulsar
181.82,-5.41,283.13,2.7800233,10.225,-28.735727,1.6397307,0.0,0.8790612,-0.06319463,0.33716276,0.08048712,0.17438301,Non-Pulsar
181.93,-1.11,280.74,5.6709614,21.904,-28.270224,2.1440268,0.0,1.1987771,0.0984155,-0.16706564,-0.13967133,0.15120782,Non-Pulsar
181.94,-22.48,289.87,3.507208,13.283,-28.510572,2.0420651,0.0,-1.7871827,0.5803745,-0.11211134,0.005083654,0.26098633,Non-Pulsar
182.03,30.29,191.97,2.4829595,7.058,-29.050344,1.5456091,0.0,0.73155105,-0.8736649,0.95527154,0.37225083,-0.20549823,Non-Pulsar
182.05,-62.63,297.99,2.4181826,32.131,-26.316248,2.4108043,0.0,2.2317934,0.618648,-0.03715028,-0.21421543,-0.5832884,Pulsar
182.06,-78.18,300.65,1.6244928,10.021,-28.682451,1.704577,0.0,0.9256227,0.9923232,0.7317562,0.14413305,-0.19718748,Non-Pulsar
182.11,61.36,131.9,3.2336497,12.243,-29.014221,2.1170058,0.0,-0.69624645,-0.40560284,-0.10154185,-0.15158406,0.46853414,Non-Pulsar
182.21,-17.87,288.82,2.5719619,6.621,-28.91882,1.787807,0.0,0.977997,-0.7931732,0.76234055,0.20774366,-0.28388616,Non-Pulsar
182.22,-27.91,291.58,2.7585158,11.24,-28.754303,1.7630167,0.0,1.2065873,0.9999806,0.44982696,0.20724176,-0.09348259,Non-Pulsar
182.23,54.7,135.78,6.4153233,49.156,-28.435005,2.4954572,0.0,1.6318793,-0.22757117,-0.32947135,-0.37356403,-1.1355287,Non-Pulsar
182.27,-46.5,295.38,0.0,6.527,0.0,2.079687,1.0,0.0,-0.25487167,-0.38199246,0.2721561,0.5776022,Non-Pulsar
182.36,41.31,151.56,2.8932881,30.014,-28.4991,1.9445665,0.0,0.13622136,-0.163264,0.013505261,0.220046,0.055815503,Non-Pulsar
182.36,76.14,126.23,4.082745,12.232,-29.004473,1.9122171,0.0,1.0055352,0.99782807,0.13819475,0.17140202,-0.028045196,Non-Pulsar
182.44,25.8,218.69,2.4719217,5.331,-29.008818,2.1016202,0.0,0.1477999,0.6271956,0.029051598,0.25651067,-0.30663958,Non-Pulsar
182.47,18.18,253.83,5.1476727,20.487,-28.462833,2.4480615,0.0,-0.24239291,-0.34654295,-0.19879378,-0.35160446,-0.8770397,Non-Pulsar
182.6,39.48,154.99,2.6688194,6.047,-28.950436,2.1054676,0.0,-0.19231953,-0.39231196,-0.258458,0.15248294,0.39388552,Non-Pulsar
182.76,-38.02,294.22,3.6605923,7.93,-28.59704,2.2299569,0.0,0.33202597,-0.049240183,-0.15639573,0.08382524,-0.61036694,Non-Pulsar
182.9,-27.59,292.22,5.4356275,14.41,-28.073494,2.5497339,0.0,0.8664578,-0.3839634,-0.35005745,-0.37508655,-0.33114767,Non-Pulsar
182.9,39.03,155.34,2.74202,5.374,-29.094328,1.7562582,0.0,-0.046815995,-0.44706264,-0.34867412,0.6120132,0.61649156,Non-Pulsar
182.96,-48.29,296.16,2.0444171,4.306,-28.36126,2.3345652,0.0,-0.1843698,-0.32252306,-0.4848057,-0.079785235,0.72820294,Non-Pulsar
183.0,-23.45,291.35,3.7505684,15.228,-28.384811,2.0161445,0.0,0.6158979,0.13232167,0.011063131,0.07417093,-0.030312998,Non-Pulsar
183.01,22.71,237.12,2.0072434,9.841,-28.866884,1.9675776,0.0,0.44112387,0.9960092,-0.08518576,0.3350274,-0.03855827,Non-Pulsar
183.04,64.2,129.92,3.1050322,6.765,-28.780277,2.3018641,0.0,-0.16270074,0.90317357,-0.38411412,0.018504672,0.14696836,Non-Pulsar
183.05,24.71,226.06,2.41258,8.998,-28.864292,2.0844858,0.0,0.6025115,-0.19610065,0.06142535,-0.58552665,-0.23691937,Non-Pulsar
183.19,-14.04,288.9,2.5100617,4.868,-28.84651,1.9695894,0.0,-0.4155807,-0.44058314,-0.9994508,0.9993764,0.65000683,Non-Pulsar
183.26,51.48,136.94,3.026602,16.837,-28.878702,2.1007702,0.0,-0.2210394,-0.15622109,-0.02652673,0.15164657,-0.20736027,Non-Pulsar
183.34,-26.31,292.4,3.0870535,14.449,-28.460203,1.778886,0.0,0.63995486,0.95431083,0.123212315,0.4070982,0.31975988,Non-Pulsar
183.41,13.12,268.83,2.136228,19.206,-28.25949,2.3481967,0.0,1.4430752,-0.052890755,-0.17317194,-0.4946886,3.4421701,Non-Pulsar
183.44,64.4,129.57,2.5644855,3.768,-29.006792,2.035586,0.0,-0.04902889,-0.9999962,0.9999822,-0.11928149,7.1433086,Non-Pulsar
183.47,-43.76,295.79,2.71017,9.239,-28.174006,2.2926927,0.0,-0.9938749,-0.4603765,-0.17363727,-0.21965721,0.091091424,Non-Pulsar
183.67,-19.45,291.13,2.7908604,4.51,-28.884577,2.3508635,0.0,1.0225952,0.84824103,0.20776002,-0.99863434,1.001294,Non-Pulsar
183.77,53.85,134.56,0.0,5.651,0.0,2.1751292,1.0,0.0,-0.40875617,0.093656234,-0.80461234,0.23778607,Non-Pulsar
183.77,16.94,261.55,5.4888687,23.352,-28.440191,2.4061453,0.0,0.56177795,-0.121345185,-0.16815965,-0.38343254,-4.9710565,Non-Pulsar
183.78,50.04,137.39,3.2471828,20.274,-28.756565,1.943367,0.0,0.13769206,-0.1279056,-0.04162065,0.15137315,0.22707671,Non-Pulsar
183.79,7.52,277.58,3.442401,15.601,-28.536835,1.8611976,0.0,-0.4910842,-0.08381068,0.2882492,0.06209706,-0.4084766,Non-Pulsar
183.8,35.22,164.44,4.145539,14.101,-28.735554,2.337023,0.0,-0.32265902,-0.044162937,-0.18838842,-0.1800958,-0.26100934,Non-Pulsar
183.97,-37.54,295.17,2.1348567,6.657,-28.501293,2.2888455,0.0,-0.15140745,-0.035898346,-0.37037095,0.18208647,0.37319577,Non-Pulsar
183.97,-17.57,291.02,2.9260855,10.415,-28.376616,2.6076102,0.0,-0.23121452,-0.30305207,-0.25790462,-0.29285732,9.405804,Non-Pulsar
184.03,-2.71,285.63,2.7706647,7.734,-28.739845,2.0150528,0.0,0.028784424,0.99952316,0.071096756,-0.08290099,0.16772678,Non-Pulsar
184.04,9.51,275.98,0.0,15.124,0.0,2.0489445,1.0,0.0,0.21042451,-0.105009004,-0.08401785,0.2713785,Non-Pulsar
184.05,-61.36,298.72,2.4935126,5.037,-27.274637,2.7117918,0.0,1.1056464,0.5052824,0.06041591,-0.8892803,1.1611325,Non-Pulsar
184.08,-10.53,289.02,3.1990654,8.677,-28.22077,2.555852,0.0,1.1955844,0.024324268,-0.27629516,-0.84606576,1.2609833,Non-Pulsar
184.48,30.12,188.85,6.659953,150.387,-27.052753,1.867241,0.0,1.8922634,0.11842583,0.1126122,0.033729713,-0.03037694,Non-Pulsar
184.51,-0.48,285.37,3.640067,13.355,-28.319725,2.3444438,0.0,0.2826331,0.8533241,-0.18659166,-0.3923466,-0.41609582,Non-Pulsar
184.64,-1.33,286.08,5.352216,45.294,-27.809238,2.0042474,0.0,1.6685536,0.0031203036,0.010315894,-0.07864142,-0.00969452,Non-Pulsar
184.77,48.45,137.22,2.7746527,6.336,-28.934069,2.2451427,0.0,-0.054491214,-0.57855344,-0.33002886,0.40985644,0.43601695,Non-Pulsar
184.77,36.89,155.96,2.5592933,7.068,-29.08229,2.0817344,0.0,0.94253993,0.6716077,0.13750075,-0.13604172,-0.35501495,Non-Pulsar
184.77,-48.45,297.41,3.3825982,14.03,-28.33727,2.0528476,0.0,1.2607185,0.9997984,0.12748834,-0.15539484,-0.6423634,Non-Pulsar
184.91,5.84,281.95,0.0,8.603,0.0,2.172732,1.0,0.0,0.07818425,-0.21754386,0.028341476,0.19148256,Non-Pulsar
184.93,-3.22,287.56,3.1462862,17.006,-28.420557,1.9522283,0.0,0.040105987,0.04337859,0.033067983,0.0955478,-0.016194973,Non-Pulsar
184.94,4.75,282.89,2.6406415,11.113,-28.547968,2.085265,0.0,0.023497805,0.95395154,0.28899112,-0.16743934,-4.0282326,Non-Pulsar
184.97,66.0,128.0,2.9522312,5.191,-29.022467,2.660622,0.0,0.031002594,-0.0721007,-0.35683492,-0.7609327,0.21027295,Non-Pulsar
184.98,60.94,129.73,0.0,10.787,0.0,2.216855,1.0,0.0,-0.3504064,-0.21736833,0.06541224,0.3285639,Non-Pulsar
185.04,71.09,126.56,7.213713,77.174,-28.116325,2.2400203,0.0,2.0814764,-0.04427454,-0.1308503,-0.31363648,-0.8967946,Non-Pulsar
185.05,34.54,163.14,3.9706182,21.226,-28.490406,1.9147959,0.0,1.0368254,-0.037993178,0.18787019,-0.14498572,-0.2999273,Non-Pulsar
185.07,-37.22,296.08,2.5518398,15.968,-28.421116,1.7586756,0.0,0.8558844,-0.01557606,0.18549897,0.12643434,0.19733636,Non-Pulsar
185.29,47.71,136.97,2.5738413,5.083,-29.273432,1.5293053,0.0,0.13962176,0.96592647,-0.7161233,-0.3554473,0.93705386,Non-Pulsar
185.3,69.17,126.92,2.6527355,4.193,-29.210278,2.1310291,0.0,0.14085391,-0.73542756,-0.25538793,-0.17404258,0.6192168,Non-Pulsar
185.34,30.17,186.42,4.8569694,90.584,-27.287354,1.6761506,0.0,0.7856544,0.24263014,0.17401272,0.20420472,0.264631,Non-Pulsar
185.38,28.24,201.69,5.864827,85.731,-27.65899,2.1121728,0.0,0.90223503,-0.039524775,-0.048294947,-0.059157606,-0.44432718,Non-Pulsar
185.49,35.73,157.25,2.5403752,4.624,-29.049616,2.1113539,0.0,-1.3696097,0.99987334,-0.57161564,0.22228682,0.6698067,Non-Pulsar
185.51,-41.36,297.03,2.5490391,5.647,-29.223577,1.9612834,0.0,1.0293708,0.032570764,0.7320098,-0.087902464,-3.3046217,Non-Pulsar
185.63,4.24,284.89,5.235344,31.54,-27.714209,2.610668,0.0,1.6824675,-0.21621697,-0.41576412,-0.6304691,-1.7849934,Non-Pulsar
185.77,11.01,279.11,2.8251066,10.655,-28.680443,1.4939028,0.0,1.129343,-0.21448413,0.0505504,0.44937772,0.36857805,Non-Pulsar
185.84,12.23,277.73,2.537952,7.099,-28.498417,2.709352,0.0,-0.62370884,-0.21544836,-0.5505028,-0.03831723,0.37906668,Non-Pulsar
185.88,8.3,282.31,3.1558902,10.046,-28.698242,2.0042467,0.0,-0.354696,0.99974936,0.07631807,-0.08879429,-1.1026472,Non-Pulsar
185.91,-30.54,295.88,1.8353459,11.107,-28.598547,1.8102902,0.0,0.04332816,-0.34018308,-0.35132685,0.47363883,0.5256511,Non-Pulsar
185.96,46.82,136.54,0.0,4.938,0.0,2.302821,1.0,0.0,-0.3909917,0.08733367,-0.10980841,-0.8971802,Non-Pulsar
185.97,80.66,124.32,4.559169,42.262,-28.201582,2.1645517,0.0,1.6706383,0.07539083,-0.098311365,-0.2004334,-0.28942797,Non-Pulsar
185.99,79.9,124.44,2.5624452,8.69,-29.084488,1.8265591,0.0,0.25472805,-0.7130496,0.28416422,0.101241,0.518576,Non-Pulsar
185.99,50.01,134.06,5.3203316,28.354,-28.205473,2.447127,0.0,1.8025044,0.028758094,-0.2894438,-0.42206022,-0.58806103,Non-Pulsar
186.0,-5.75,290.51,3.1600666,4.418,-28.335669,2.5991974,0.0,-0.0011675018,0.111722544,-0.45266357,-0.1657361,-0.10282251,Non-Pulsar
186.03,22.65,247.31,2.5737665,7.71,-28.765732,1.9922575,0.0,0.44246113,-0.79261833,0.13541876,-0.2583432,0.25082833,Non-Pulsar
186.12,24.61,233.94,5.6160955,37.965,-28.021193,1.8272492,0.0,0.9706062,0.6684861,0.124507904,0.049001157,-0.044123836,Non-Pulsar
186.16,-64.14,300.02,1.8345001,4.711,-28.206192,2.1108258,0.0,1.0097787,-0.82090133,0.7167236,-0.043927606,-0.083216146,Pulsar
186.2,-83.23,302.1,4.265857,19.842,-28.072447,2.5431056,0.0,0.8299839,-0.26357687,-0.313451,-0.47612694,-0.16105968,Non-Pulsar
186.23,21.38,255.07,10.250232,205.533,-27.281145,2.2703955,0.0,2.1634963,-0.12210016,-0.18813537,-0.26248574,-0.35297468,Non-Pulsar
186.24,43.57,139.26,2.7277827,23.599,-28.543325,2.2516906,0.0,0.76277035,0.02298738,-0.25619033,-0.116897136,0.17862427,Non-Pulsar
186.25,3.51,286.82,5.4652624,15.313,-27.878633,2.6255875,0.0,0.6026835,-0.29349142,-0.07749162,-0.65065247,1.3878624,Non-Pulsar
186.35,-34.78,296.89,0.0,7.215,0.0,2.0739725,1.0,0.0,0.9892713,-0.27092972,-0.008665936,0.5216097,Non-Pulsar
186.37,-15.85,293.83,2.8235295,2.859,-29.160896,1.6991763,0.0,0.55675054,0.9969698,-0.979613,0.99678046,0.7556904,Non-Pulsar
186.39,-28.86,296.12,3.4603775,6.501,-28.438095,2.267237,0.0,0.86918783,-0.1406379,0.09317595,-0.63251054,8.382343,Non-Pulsar
186.41,-73.23,301.04,3.4358165,11.462,-28.220564,2.231963,0.0,-0.61637765,-0.08747025,-0.3355104,-0.00031827315,0.4293925,Non-Pulsar
186.41,-49.62,298.65,4.181997,10.728,-27.641376,2.629393,0.0,1.2270321,-0.084618665,-0.29797748,-0.5601508,-1.9351188,Non-Pulsar
186.46,-29.7,296.32,3.1963258,4.497,-28.378815,2.422546,0.0,-0.35462624,0.98045444,-0.022908058,-0.3275928,3.0700066,Non-Pulsar
186.52,56.37,130.05,3.241785,4.899,-29.06512,2.3702016,0.0,-0.06659472,-0.61766803,0.040493906,-0.1373947,-6.863483,Non-Pulsar
186.69,6.63,285.85,3.330795,10.099,-28.662508,1.4935473,0.0,0.8963898,0.92599446,0.73708534,0.4698462,0.23152924,Non-Pulsar
186.72,-13.49,293.82,3.962963,19.967,-28.248339,2.0352788,0.0,0.6509388,-0.44494012,0.35216445,-0.098683506,-7.3682995,Non-Pulsar
186.73,64.09,127.36,2.4430144,4.985,-28.841124,2.6691065,0.0,-0.070754394,0.10819125,-0.43629473,-0.5491709,0.27207702,Non-Pulsar
186.79,-44.63,298.39,3.2648866,6.916,-28.802431,1.9343784,0.0,-0.7720267,-0.30521193,-0.22970034,0.5458923,0.46874264,Non-Pulsar
186.97,60.88,128.05,2.376692,4.279,-29.18351,2.1618044,0.0,-0.08170965,0.9930439,-0.5207252,0.1525342,0.5360122,Non-Pulsar
187.08,75.35,124.89,0.0,7.893,0.0,2.2100272,1.0,0.0,-0.2212151,0.09626805,-0.11888117,-2.347102,Non-Pulsar
187.18,48.98,132.79,4.651657,17.616,-28.294746,2.4941368,0.0,1.1468425,-0.17815018,-0.27927464,-0.54698277,0.0705776,Non-Pulsar
187.19,-3.31,291.87,3.2039824,12.866,-28.459522,2.0561466,0.0,0.36619762,0.59721166,0.015965365,0.02644437,-0.4524049,Non-Pulsar
187.27,2.05,289.93,8.988842,135.4,-27.420876,2.627619,0.0,2.3117394,-0.30157873,-0.4248914,-0.5571324,-0.6767184,Non-Pulsar
187.3,55.35,129.56,3.2612314,6.159,-28.825361,2.7239575,0.0,-0.77988136,0.034019016,-0.47943836,-0.2814955,-0.24781482,Non-Pulsar
187.44,-53.07,299.63,3.1220186,15.121,-28.275932,2.1950264,0.0,-0.6660033,0.022771085,-0.18658912,-0.16587274,0.33439696,Non-Pulsar
187.56,25.3,232.8,7.6850257,110.657,-27.539268,2.0227857,0.0,1.7016505,-0.0066311676,-0.004260631,-0.045317788,-0.26889622,Non-Pulsar
187.71,12.39,283.8,3.192045,46.983,-27.82683,2.0054839,0.0,0.76391476,0.27792567,-0.03950831,-0.027375035,-0.030143192,Non-Pulsar
187.74,37.19,144.91,3.028062,4.456,-28.866045,2.4275348,0.0,0.20051374,-0.4467682,-0.6338654,0.46387354,0.38778645,Non-Pulsar
187.88,14.35,281.96,2.8076832,13.816,-28.567457,1.8748127,0.0,-1.599163,-0.37841237,-0.11171542,0.2653567,0.41996828,Non-Pulsar
187.9,64.25,126.49,3.157531,17.027,-28.81409,1.6192435,0.0,0.8042767,-0.010700873,0.43944317,0.15669711,0.23493728,Non-Pulsar
187.91,-51.27,299.77,2.3066196,30.353,-28.00903,2.1589565,0.0,2.5152304,0.2303669,-0.16345939,-0.9254159,1.3491553,Pulsar
187.92,-65.19,300.86,2.5694928,20.141,-27.415808,2.142951,0.0,2.0246801,0.7971844,0.09715359,-0.5161128,-0.8488626,Pulsar
187.93,28.79,190.86,5.7832484,53.17,-27.858864,1.9061363,0.0,0.81443626,0.023079118,0.11640711,-0.011056209,0.06430918,Non-Pulsar
188.13,48.35,131.51,3.1020803,18.082,-28.675346,2.3497221,0.0,0.012712159,-0.23607863,-0.12915903,-0.20715801,-1.0291234,Non-Pulsar
188.15,-37.34,298.78,2.9539175,19.846,-28.423164,1.9145088,0.0,-0.55783576,0.006051579,0.13496338,0.040523324,0.13715136,Non-Pulsar
188.28,17.06,279.19,3.129445,8.989,-28.827515,1.5234419,0.0,1.0891037,0.9998495,0.161844,0.43851903,0.113680415,Non-Pulsar
188.41,50.46,130.02,2.8172274,12.506,-28.846025,2.0294197,0.0,0.9775192,0.99988705,0.073280305,-0.16015863,-0.17213681,Non-Pulsar
188.43,-1.74,293.83,0.0,27.825,0.0,2.120001,1.0,0.0,-0.21205996,0.011197142,-0.10544392,-0.2201574,Non-Pulsar
188.52,-57.6,300.6,3.384618,32.303,-27.721375,1.8643433,0.0,1.5038807,0.9969985,0.2649128,-0.0011606261,0.0105722835,Non-Pulsar
188.57,28.23,195.73,0.0,4.759,0.0,1.9165139,1.0,0.0,0.14170842,-0.4118958,-0.3155655,0.79111403,Non-Pulsar
188.69,-4.57,295.06,0.0,6.44,0.0,2.0600667,1.0,0.0,0.99989665,0.07564633,-0.2881771,0.09905265,Non-Pulsar
188.8,-14.09,296.97,3.1438098,7.344,-28.688995,1.4196293,0.0,1.0135366,-0.13406563,0.99809486,0.9836389,0.3814209,Non-Pulsar
189.09,38.98,136.86,0.0,13.174,0.0,1.9755652,1.0,0.0,0.99999774,-0.021890223,-0.0147463335,0.030316912,Non-Pulsar
189.24,-72.53,301.83,2.5437224,7.795,-28.123627,2.4275014,0.0,0.38540483,-0.33849737,-0.34728053,-0.089404464,0.15953663,Non-Pulsar
189.25,30.32,166.82,2.21061,5.024,-29.166918,1.5678886,0.0,0.66030324,-0.74411154,0.9605083,-0.6366029,0.9413829,Non-Pulsar
189.46,62.93,125.57,0.0,7.532,0.0,1.9179682,1.0,0.0,-0.57425696,0.20559408,-0.021895902,0.28835526,Non-Pulsar
189.55,-45.69,300.51,3.489507,13.902,-28.400867,2.2802649,0.0,0.17927603,0.14666821,-0.20341837,-0.19425932,-0.33552063,Non-Pulsar
189.59,-19.99,298.75,3.7590365,23.374,-28.188728,2.0168703,0.0,1.0659056,0.07078607,0.020297421,-0.07101467,-0.18862984,Non-Pulsar
189.63,-12.03,297.93,5.1455474,20.27,-28.12511,2.5426,0.0,0.8633212,-0.22949879,-0.26582614,-0.54673827,2.7521188,Non-Pulsar
189.86,7.47,294.15,2.8598843,12.346,-28.49766,2.0183456,0.0,0.86873865,0.5586998,0.19593112,-0.3223371,-1.6956373,Non-Pulsar
189.89,4.73,295.19,7.9655447,106.846,-27.64015,2.2308283,0.0,2.4273238,-0.059086617,-0.17273524,-0.33355427,-1.2657708,Non-Pulsar
189.89,41.57,131.74,2.4317007,5.293,-29.277645,1.6924202,0.0,0.32330817,0.99796075,-0.17886665,0.5551605,0.5369196,Non-Pulsar
190.05,-68.77,301.91,2.592884,12.865,-27.947767,2.2312093,0.0,0.93414915,0.39570326,-0.13480704,-0.07279428,0.18501885,Non-Pulsar
190.11,-26.12,299.85,2.6330922,7.383,-28.475828,2.2438338,0.0,0.42630437,-0.15714368,0.009186902,0.06583929,-1.2664568,Non-Pulsar
190.12,-71.82,302.07,3.744657,20.94,-28.264935,1.858923,0.0,0.4199083,0.77258426,-0.13806252,0.18795241,0.4789271,Non-Pulsar
190.34,42.61,129.83,2.0536046,7.362,-28.901434,2.449092,0.0,-1.7671851,-0.25652754,-0.38252166,-0.14697143,0.35775793,Non-Pulsar
190.4,34.65,137.99,0.0,9.127,0.0,1.9068564,1.0,0.0,-0.15084243,-0.14990473,0.2544999,0.29291293,Non-Pulsar
190.42,38.75,132.27,2.7284348,4.272,-28.997454,2.263842,0.0,0.20216253,-0.65019125,0.0420529,0.1743317,-2.927915,Non-Pulsar
190.45,-14.94,299.46,3.1027594,16.012,-28.477592,1.6532282,0.0,1.2593623,0.75656474,0.83149505,0.2524003,-0.340236,Non-Pulsar
190.49,6.6,296.25,2.9676454,6.272,-28.801477,2.05043,0.0,-0.5605307,0.25424084,-0.5742622,0.4107673,0.5584645,Non-Pulsar
190.67,76.59,123.6,2.4658291,4.75,-29.363298,1.8283241,0.0,0.2101241,0.9342104,0.9979245,-0.11319917,2.1831582,Non-Pulsar
190.75,73.26,123.78,2.6262116,12.311,-29.118292,1.9046837,0.0,-1.0250974,-0.69501954,0.44243616,0.034581922,-1.6759603,Non-Pulsar
190.77,39.83,130.19,3.2443597,6.197,-28.791449,2.5981665,0.0,0.3797712,0.076593734,-0.4148699,-0.3009908,5.2279363,Non-Pulsar
190.81,36.46,132.97,3.176278,78.557,-27.6509,1.65427,0.0,1.6318882,0.2013631,0.2051609,0.23321247,0.19906782,Non-Pulsar
190.98,-2.31,299.12,5.1235247,17.922,-28.28314,2.0505064,0.0,1.1614193,-0.060719673,0.048878733,-0.09596114,-0.3831072,Non-Pulsar
191.06,-49.94,301.74,0.0,11.025,0.0,2.4168427,1.0,0.0,-0.22927469,-0.3064827,-0.13326591,0.24509878,Non-Pulsar
191.14,16.28,294.2,0.0,10.054,0.0,2.096197,1.0,0.0,0.9993639,-0.1570473,-0.16078003,0.09362719,Non-Pulsar
191.29,57.16,124.63,3.3078012,21.629,-28.575731,1.8975381,0.0,0.71052235,0.37476957,-0.010113232,0.14035752,0.2011513,Non-Pulsar
191.47,2.54,299.61,3.1355062,12.348,-28.639772,2.052399,0.0,1.4407415,0.68230003,0.16477334,-0.30314136,-1.1402104,Non-Pulsar
191.58,1.22,300.0,3.2277021,5.002,-28.72726,2.230859,0.0,0.27550298,-0.43788671,0.092634484,0.012189276,-1.1983398,Non-Pulsar
191.69,-25.8,301.61,7.6134853,124.397,-27.379622,2.2163336,0.0,2.6293695,-0.024236439,-0.14518711,-0.29912877,-0.48800802,Non-Pulsar
191.77,44.36,125.56,3.0001707,16.277,-28.628553,1.5687233,0.0,1.0286525,0.99181855,0.46316257,0.23866414,0.1394921,Non-Pulsar
192.08,58.34,123.72,5.2619476,145.046,-27.505676,1.8510432,0.0,1.646199,0.05994827,0.08266011,0.10455989,0.048476152,Non-Pulsar
192.18,51.46,123.96,2.8306696,9.931,-29.07207,2.1182399,0.0,-1.5705131,-0.240661,-0.00045792834,0.04818846,-0.339992,Non-Pulsar
192.24,48.67,124.04,0.0,9.2,0.0,2.5117319,1.0,0.0,-0.2660437,-0.25223145,-0.17666335,-0.63718265,Non-Pulsar
192.32,-28.15,302.35,0.0,18.894,0.0,2.0469732,1.0,0.0,0.02528846,-0.23299564,0.20392004,0.41100204,Non-Pulsar
192.33,-5.76,301.96,4.056107,21.051,-28.090572,1.8327171,0.0,0.88042253,0.66004163,0.02518247,0.1685296,0.162381,Non-Pulsar
192.46,37.13,124.77,3.7691004,18.05,-28.4104,1.5587435,0.0,0.7865759,0.9800484,0.3263323,0.34730273,0.20048638,Non-Pulsar
192.55,31.96,126.01,2.2465873,5.141,-29.144072,1.5324033,0.0,0.6977673,-0.9932342,0.97997975,0.6488252,-0.25543085,Non-Pulsar
192.65,2.29,302.44,2.7399912,15.852,-28.459778,2.0191512,0.0,-0.104561366,0.091989934,-0.13385077,0.10144166,0.17089544,Non-Pulsar
192.72,31.29,124.55,3.5403118,14.483,-28.751204,1.9721781,0.0,1.1211888,0.99506193,0.079744205,-0.17793341,-0.13033035,Non-Pulsar
192.82,10.65,302.8,3.2153437,8.15,-28.751331,2.1138248,0.0,0.5869247,0.68738127,0.17395386,-0.048272833,-89.99831,Non-Pulsar
192.84,-2.03,302.88,4.8238306,21.211,-28.313541,1.9880744,0.0,1.2315336,0.5647277,0.04619871,-0.19654499,-0.117241085,Non-Pulsar
192.84,-17.32,302.9,3.055964,4.522,-28.327208,3.1042466,0.0,-1.2055084,-0.49796084,-0.5724701,-0.9999988,0.99997824,Non-Pulsar
193.22,-33.36,303.28,3.0059314,5.246,-28.615662,2.2061536,0.0,0.099910185,0.98011756,0.39451742,-0.42110074,1.4441521,Non-Pulsar
193.31,53.02,122.32,4.9252467,101.985,-27.740818,1.9510546,0.0,2.2414613,0.12082795,0.06589295,-0.058650848,-0.22571237,Non-Pulsar
193.34,-58.28,303.19,2.6274788,8.465,-27.596384,2.624648,0.0,1.3667971,0.18339422,-0.37476516,-0.69418377,0.26071036,Pulsar
193.4,-39.57,303.38,3.0189319,7.531,-28.857515,1.5408473,0.0,0.94222635,-1.0,1.0,0.4902428,0.63700813,Non-Pulsar
193.45,3.45,304.41,3.0659103,25.451,-28.27297,2.0198915,0.0,0.5484668,0.13767453,0.11365219,-0.10155009,-0.97246885,Non-Pulsar
193.47,62.71,122.45,4.060939,28.295,-28.583443,1.7933387,0.0,1.104686,0.32607523,0.14787742,0.10514892,0.0589535,Non-Pulsar
193.47,29.5,110.34,0.0,4.508,0.0,2.0253997,1.0,0.0,-0.5193216,-0.20982012,0.25443357,0.42868897,Non-Pulsar
193.55,-22.09,303.78,3.8387454,11.728,-28.364763,2.2217875,0.0,0.18851033,-0.1705152,-0.077348895,-0.14461525,-0.6822013,Non-Pulsar
193.64,22.18,311.23,3.7044752,22.536,-28.519964,2.0297465,0.0,0.020978933,-0.31048948,0.13939025,0.16488273,-0.6438673,Non-Pulsar
193.73,-71.69,303.21,5.1158533,8.376,-28.082378,2.5185843,0.0,0.65528715,-0.37292004,-0.26809016,-0.28486568,-1.3255095,Non-Pulsar
193.73,-44.44,303.59,2.5621235,10.33,-28.337055,2.4482226,0.0,-0.6079576,-0.19849955,-0.13220258,-0.44213828,-2.8660493,Non-Pulsar
193.73,11.65,306.14,3.8842182,9.873,-28.42955,2.7645328,0.0,0.2188468,-0.26664463,-0.5424619,-0.56753945,0.63537294,Non-Pulsar
194.03,-59.32,303.53,2.8764045,14.726,-27.930113,2.1035404,0.0,-0.95200616,0.16382585,-0.16287118,-0.05852024,0.35140052,Non-Pulsar
194.04,-5.79,305.1,10.413295,319.282,-26.61999,2.2830229,0.0,3.2136066,-0.06720687,-0.1606431,-0.22850084,-0.38217777,Non-Pulsar
194.06,-11.78,304.81,2.9127398,26.823,-28.233208,1.9677166,0.0,-0.9715508,-0.04676052,0.18416528,-0.12938166,-0.5370889,Non-Pulsar
194.31,36.77,116.03,3.7100654,25.641,-28.445461,1.8063506,0.0,1.2746191,0.15693353,0.1733861,0.116135456,-0.1590573,Non-Pulsar
194.42,24.22,329.07,0.0,6.096,0.0,1.8552307,1.0,0.0,-0.9596922,0.9620409,-0.41401422,3.1986933,Non-Pulsar
194.47,32.47,108.65,6.1896796,48.384,-28.157387,2.2131612,0.0,1.6565781,-0.07802978,-0.09246159,-0.28314525,-1.2772804,Non-Pulsar
194.59,61.36,121.46,2.737633,10.527,-29.15748,1.7490416,0.0,0.87060726,0.99997,0.6267041,0.026515631,-0.9822116,Non-Pulsar
194.66,-18.0,305.35,5.705804,28.15,-28.081509,2.2165205,0.0,1.5418888,0.12796195,-0.20827241,-0.21657681,-0.052379437,Non-Pulsar
194.68,-4.87,306.36,3.0169418,8.094,-28.566916,1.5626706,0.0,0.83039916,-0.99669564,0.9992136,0.40839493,0.13570835,Non-Pulsar
194.69,51.72,120.2,2.5254993,8.045,-28.865088,2.3140087,0.0,0.22079016,-0.5320303,-0.25871786,-0.20099139,0.36377406,Non-Pulsar
194.72,-22.33,305.19,6.3935513,40.926,-27.688965,2.3415835,0.0,1.5263786,-0.059331723,-0.17038469,-0.31867236,-0.7158564,Non-Pulsar
194.78,-23.19,305.22,4.677076,24.284,-28.142967,2.0484798,0.0,-0.55855244,-0.021433512,-0.10019483,0.04725669,0.20085366,Non-Pulsar
194.89,23.55,330.49,2.404255,4.465,-28.383816,2.806695,0.0,-1.0668417,-0.4448239,-0.24180311,-0.4430312,1.9950635,Non-Pulsar
194.94,-32.39,304.97,5.3312335,24.284,-28.051601,2.243978,0.0,1.6174117,0.102019854,-0.1266304,-0.33891195,-0.6536168,Non-Pulsar
194.96,-37.82,304.77,3.5188918,20.796,-28.364384,2.1047919,0.0,-1.2963806,-0.008712169,0.058131468,-0.15137173,-0.45673168,Non-Pulsar
195.02,17.9,315.54,0.0,6.93,0.0,2.4936497,1.0,0.0,-0.009765088,-0.15665907,-0.37650222,3.9579816,Non-Pulsar
195.09,53.9,120.02,2.576615,4.089,-28.759148,2.5034962,0.0,0.65094316,-0.48531172,-0.047308043,-0.52715427,1.5070215,Non-Pulsar
195.12,14.27,312.69,4.0525494,19.575,-28.365574,2.5452955,0.0,1.0388218,-0.30954528,-0.4644726,-0.3560934,0.29964823,Non-Pulsar
195.4,44.23,116.78,0.0,9.362,0.0,2.1003387,1.0,0.0,0.16909453,-0.3060843,0.22508858,0.3797849,Non-Pulsar
195.4,40.95,114.96,3.1814713,10.097,-28.954063,1.7739582,0.0,0.8145618,0.99998534,0.5692587,-0.102142066,-0.9270391,Non-Pulsar
195.42,33.61,104.76,3.8740993,10.919,-28.617567,2.550726,0.0,0.3292499,-0.19251727,-0.2670865,-0.27129516,-14.431512,Non-Pulsar
195.59,69.03,121.47,3.4669397,7.79,-28.991108,2.6750576,0.0,0.49802688,-0.51430523,-0.31972006,-0.56713784,-5.776247,Non-Pulsar
195.69,47.85,117.59,2.6976767,3.954,-28.783482,2.563531,0.0,-0.8889563,-0.73090774,-0.04724992,-0.15463421,-1.6457611,Non-Pulsar
195.72,57.81,119.95,0.0,18.177,0.0,2.2562432,1.0,0.0,-0.2974223,0.020000573,-0.15515526,-1.640744,Non-Pulsar
195.76,24.58,349.26,5.7331576,53.966,-27.980133,2.0875568,0.0,1.4027696,0.059310447,-0.053994972,-0.112064816,-0.31375393,Non-Pulsar
195.92,-46.37,305.14,4.2689342,13.271,-28.36696,2.0229158,0.0,1.0994613,0.50651187,0.20439902,-0.1987388,-1.0627089,Non-Pulsar
196.0,-55.65,304.72,3.3851159,7.4,-27.583158,2.7341459,0.0,0.33336198,-0.0050352183,-0.5819928,-0.29689088,0.56421435,Non-Pulsar
196.01,37.07,108.74,3.2120426,9.489,-28.72508,2.4602015,0.0,0.22704057,-0.22749783,-0.23160917,-0.08870616,-3.8340764,Non-Pulsar
196.05,-24.21,306.66,3.82538,22.684,-28.065346,1.8981978,0.0,0.82988584,0.05855118,0.106581345,0.116738796,0.09521617,Non-Pulsar
196.09,-43.9,305.39,4.8177886,56.071,-27.626713,1.7592171,0.0,1.5968038,0.048179008,0.21521929,0.07918423,0.12162942,Non-Pulsar
196.17,-3.81,309.34,3.1623437,2.862,-28.771877,2.203844,0.0,0.544861,0.9997992,0.4996102,-0.41039962,1.5029035,Non-Pulsar
196.23,-21.13,307.13,1.739002,10.602,-28.290508,2.2908502,0.0,-0.977506,0.040233653,-0.26538175,-0.12313734,0.17160234,Non-Pulsar
196.33,51.31,117.67,3.034271,4.914,-28.74381,2.7492797,0.0,0.07560117,0.98310876,-0.7523452,-0.14060251,0.7809844,Non-Pulsar
196.41,78.89,122.06,2.9231176,18.14,-28.896782,2.2182148,0.0,0.3978127,-0.009251969,-0.07929886,-0.111057915,-0.63205856,Non-Pulsar
196.48,38.98,109.54,2.693558,4.722,-29.110249,2.2032075,0.0,0.20144004,0.9999927,0.08783731,-0.417589,1.8820193,Non-Pulsar
196.6,11.23,316.12,2.7906725,7.718,-28.80084,1.8716106,0.0,-1.173832,0.89732337,0.5355621,-0.0586237,6.3620086,Non-Pulsar
196.63,19.44,327.95,1.8544458,4.28,-28.533682,2.8327515,0.0,0.7709219,-0.44162762,-0.92782134,0.57666904,0.8524712,Non-Pulsar
196.7,-21.81,307.65,2.851988,15.016,-28.265524,1.9490398,0.0,1.1835679,0.5745899,0.34894252,-0.07195414,-1.1302085,Non-Pulsar
196.78,-3.75,310.52,3.0046813,5.645,-28.822245,1.9302909,0.0,0.5893163,-0.10263648,-0.2169574,0.3463654,0.4425676,Non-Pulsar
196.91,-43.0,306.08,3.5067294,46.387,-27.893156,1.9173187,0.0,0.47002324,0.45114917,0.075757325,0.07330537,0.02686083,Non-Pulsar
197.03,-38.02,306.55,2.3268132,5.045,-28.865587,1.8127,0.0,-1.7312863,-0.25421524,-0.76498467,0.84377414,0.4992458,Non-Pulsar
197.11,-67.11,304.59,4.9861445,17.821,-27.588083,2.2649999,0.0,1.1596724,0.105023995,0.004575884,-0.33872423,-0.89546835,Non-Pulsar
197.13,35.79,101.22,6.059124,43.74,-28.348629,2.191435,0.0,1.8013463,0.06821157,-0.13277008,-0.34161153,-0.658599,Non-Pulsar
197.36,43.08,111.19,3.6248012,57.858,-28.005367,1.761471,0.0,1.7174135,0.2081173,0.23615052,0.049892485,-0.16934788,Non-Pulsar
197.42,37.31,103.36,2.3579879,6.4,-29.137543,1.8704851,0.0,-1.642817,0.99914104,0.3454341,-0.35425314,3.732115,Non-Pulsar
197.44,11.9,319.57,2.5765736,19.134,-28.464222,2.2007716,0.0,0.5586323,0.016045453,0.008335805,-0.10445791,-3.913581,Non-Pulsar
197.54,-4.84,311.69,0.0,4.427,0.0,2.5081215,1.0,0.0,-0.66499263,-0.41805273,0.1300614,0.40218404,Non-Pulsar
197.57,-11.97,310.21,2.730908,15.775,-28.513304,2.0147722,0.0,-0.29337075,0.7959886,0.067332424,-0.13343956,-0.36540225,Non-Pulsar
197.63,32.35,85.68,7.4289556,53.728,-27.094015,2.2534835,0.0,2.4953732,-0.020280717,-0.019538622,-0.20177287,-0.59209216,Non-Pulsar
197.65,24.83,5.95,0.0,13.47,0.0,2.0045798,1.0,0.0,-0.5009774,0.22115645,0.12882562,-1.2676653,Non-Pulsar
197.68,-55.89,305.65,4.470907,6.111,-27.695963,2.643635,0.0,1.1081536,-0.38159218,-0.117417604,-0.65261734,1.9761205,Non-Pulsar
197.73,55.25,117.08,0.0,12.8,0.0,2.4974372,1.0,0.0,-0.40087754,-0.17446035,-0.23703597,-3.9231308,Non-Pulsar
197.75,0.57,313.77,0.0,13.438,0.0,2.1036727,1.0,0.0,0.07562217,-0.036374994,-0.07420922,0.14776202,Non-Pulsar
197.76,32.56,86.06,4.612327,11.453,-27.238909,2.474828,0.0,0.1626596,0.08540274,-0.2994457,-0.23811042,-2.7056773,Non-Pulsar
197.96,39.9,105.89,2.0386183,6.535,-29.117384,1.9473654,0.0,-1.140094,0.2294417,-0.42269328,0.16807629,0.6842676,Non-Pulsar
197.97,20.96,341.09,2.899312,1.287,-28.12673,2.8391178,0.0,-0.007903914,-0.81867653,-0.92873013,0.97390527,0.2800804,Non-Pulsar
198.11,-21.94,309.36,5.69133,48.618,-27.794325,1.8848132,0.0,1.7747389,0.14289246,0.121687025,0.041737944,-0.18528804,Non-Pulsar
198.16,-19.02,309.85,0.0,6.519,0.0,1.9670595,1.0,0.0,0.026685877,0.47232285,-0.26655495,5.7573633,Non-Pulsar
198.17,48.47,113.4,8.335178,64.325,-28.097712,2.0883598,0.0,1.3937374,0.02309634,-0.047646094,-0.10283513,-0.34690002,Non-Pulsar
198.2,-23.85,309.21,2.5940943,22.007,-28.196764,1.8617494,0.0,0.43278116,-0.18499759,0.2399852,0.10766506,0.22529083,Non-Pulsar
198.22,-4.42,313.06,6.5714345,49.873,-27.768986,2.2811348,0.0,2.031282,0.15353772,-0.17307594,-0.37616986,-0.28856254,Non-Pulsar
198.42,1.99,315.85,2.7076173,4.69,-28.460436,2.5687497,0.0,-0.7774694,-0.28664634,-0.3503472,0.041164834,-0.40916315,Non-Pulsar
198.69,-9.03,312.61,3.1744962,5.819,-28.791435,1.9099958,0.0,-0.29693043,0.999978,-0.1218116,0.120992355,0.39726058,Non-Pulsar
198.69,23.81,2.0,3.8275135,46.236,-28.0279,1.8811011,0.0,1.4409983,0.10449304,0.12301229,-0.016322134,-0.15847006,Non-Pulsar
198.77,-42.61,307.56,3.201492,18.641,-28.304873,1.79355,0.0,-0.17720893,-0.14561382,0.08278714,-0.025382066,0.40243065,Non-Pulsar
198.8,-53.56,306.5,5.9620686,31.435,-27.104738,2.4026637,0.0,1.3303103,-0.036135055,-0.107865945,-0.319634,-0.9556797,Non-Pulsar
198.87,84.89,122.3,0.0,6.426,0.0,2.5491796,1.0,0.0,-0.49166408,-0.2611644,-0.20626089,-0.11130162,Non-Pulsar
198.89,11.59,324.13,2.7945395,11.937,-28.582857,1.5930575,0.0,0.90429926,-0.6828644,0.60632986,0.28471848,0.30130646,Non-Pulsar
198.99,-7.55,313.51,4.339896,19.536,-28.33601,1.7747338,0.0,1.2009134,0.44954216,0.42792225,-0.03373261,-0.42407158,Non-Pulsar
198.99,-63.83,305.63,0.0,6.356,0.0,2.401291,1.0,0.0,-0.399824,0.09069201,-0.17133504,-0.7181292,Non-Pulsar
199.03,-33.64,308.8,6.830962,58.689,-27.586987,2.209505,0.0,1.3568296,0.03162125,-0.14247891,-0.21208516,-0.13474306,Non-Pulsar
199.14,30.23,63.74,1.826128,4.755,-29.132393,2.0964923,0.0,0.23680504,-0.6020935,-0.21819389,0.5357141,0.3026996,Non-Pulsar
199.19,20.91,347.19,2.8694456,4.503,-28.6892,2.1990342,0.0,-0.11949353,-0.45640346,-0.43866295,0.26177728,0.6668959,Non-Pulsar
199.28,66.22,118.85,0.0,6.02,0.0,2.5474372,1.0,0.0,0.07764551,-0.43466493,-0.51063824,0.64677495,Non-Pulsar
199.4,34.47,87.13,5.129434,18.099,-28.60695,2.5097764,0.0,0.60895216,-0.23722142,-0.27120954,-0.26701462,-1.7474226,Non-Pulsar
199.41,74.84,120.62,2.510236,7.149,-29.182798,2.2865133,0.0,0.23122609,-0.21551977,0.082530096,-0.35414913,2.7672021,Non-Pulsar
199.54,-17.68,311.9,2.6372533,7.122,-28.539892,2.28816,0.0,0.3902799,0.9142768,-0.34584138,-0.052332718,0.17230646,Non-Pulsar
199.56,67.92,119.1,4.6978064,10.682,-29.163704,2.2264342,0.0,0.59206116,-0.068753585,-0.25238732,0.23442374,-0.21800883,Non-Pulsar
199.69,-12.58,313.28,3.160634,20.694,-28.152391,2.016238,0.0,0.791686,0.022861099,0.031038139,-0.07648517,-0.09821026,Non-Pulsar
199.88,-0.76,317.67,3.9585197,11.468,-28.469347,2.2789075,0.0,1.0227798,-0.02320296,-0.26214537,-0.28843442,0.16465342,Non-Pulsar
199.9,14.07,331.03,0.0,11.629,0.0,2.043677,1.0,0.0,-0.7057554,0.39469773,0.04699272,-0.028418286,Non-Pulsar
199.97,77.99,121.03,0.0,20.717,0.0,2.048988,1.0,0.0,0.11323575,-0.17528687,-0.04761909,0.45317405,Non-Pulsar
200.19,33.24,78.7,3.7827637,7.236,-28.585112,2.5721748,0.0,0.35264575,-0.5799611,-0.19440775,-0.71207696,4.543243,Non-Pulsar
200.3,22.28,358.87,5.9956284,57.503,-27.880825,2.2779803,0.0,1.4555496,-0.114368804,-0.14372715,-0.27522764,-0.7842774,Non-Pulsar
200.33,-26.7,311.16,2.5814407,6.691,-28.339407,2.6511555,0.0,0.846182,-0.34195367,-0.630093,0.18078128,0.61985713,Non-Pulsar
200.48,32.33,72.95,3.6871297,9.453,-28.740591,2.293594,0.0,-1.005483,0.45033303,-0.18784186,-0.17989622,-0.06614852,Non-Pulsar
200.5,83.28,121.86,4.8053274,10.236,-28.595917,2.2658954,0.0,0.74528193,-0.17219293,-0.14127988,-0.15942597,-0.12887925,Non-Pulsar
200.52,-59.36,306.83,2.2080774,4.269,-27.860683,2.2635038,0.0,0.02989852,0.980127,-0.15298547,0.041203454,0.25239414,Non-Pulsar
200.55,8.7,325.91,3.7680495,11.242,-28.651115,2.2338274,0.0,-0.8666646,-0.26171598,-0.05348535,0.08262305,-0.75375986,Non-Pulsar
200.59,-6.11,316.74,2.8009284,13.016,-28.676296,1.8133497,0.0,1.2230514,0.94069046,0.2680689,0.005253564,-0.00065702695,Non-Pulsar
200.66,-9.61,315.63,6.17456,22.636,-28.16843,2.4964445,0.0,1.0281665,-0.16711178,-0.39110467,-0.49210408,0.18465364,Non-Pulsar
200.67,-14.31,314.25,1.7433226,5.417,-28.81607,1.9818671,0.0,0.5666658,0.9999257,0.27000523,0.16948543,-0.7717898,Non-Pulsar
200.67,-16.29,313.75,2.9629269,7.727,-28.701971,2.072732,0.0,0.5458384,-0.5849408,0.21263021,0.10714094,-1.0248923,Non-Pulsar
200.74,4.63,322.79,2.8406937,8.755,-29.00517,1.6566639,0.0,1.1450276,-0.7990463,0.9927059,0.41799814,-0.24157853,Non-Pulsar
200.76,29.69,54.99,3.1917343,45.22,-28.067318,2.1189375,0.0,1.1145338,-0.048592776,-0.06772747,-0.12324388,-0.15136331,Non-Pulsar
200.98,14.09,334.69,3.3456175,20.234,-28.300436,1.6576797,0.0,1.1504183,0.23966558,0.25967935,0.28480023,0.15824051,Non-Pulsar
201.24,47.81,107.58,4.6475735,13.005,-28.613207,2.6717002,0.0,0.16161096,-0.16336228,-0.33549175,-0.44495186,-2.328245,Non-Pulsar
201.34,66.36,117.61,2.2895875,4.606,-29.387959,1.9860713,0.0,-1.2796493,0.05046301,-0.34570578,0.112496205,0.59394485,Non-Pulsar
201.38,-43.02,309.53,3.619367,77.715,-27.422312,2.5739973,0.0,1.3046806,-0.3690307,-0.37056613,-0.26108366,0.18772955,Non-Pulsar
201.41,-2.46,319.85,2.8282454,6.431,-29.018986,1.8016742,0.0,1.0212764,0.9992675,0.7806472,0.3039295,-0.34557295,Non-Pulsar
201.54,-68.0,306.19,2.0872326,6.335,-27.721764,2.8827496,0.0,1.186529,0.320767,-0.35191423,-0.9338072,1.1223744,Non-Pulsar
201.54,29.55,52.57,3.1033797,8.781,-28.807713,2.014101,0.0,0.1002715,0.9763624,-0.071832255,0.14262487,-0.051373295,Non-Pulsar
201.55,12.53,333.79,2.5863667,5.308,-28.947882,2.000544,0.0,0.35679528,0.9955163,0.05672646,0.25281388,0.33272442,Non-Pulsar
201.56,41.26,98.31,3.3999865,9.987,-28.931953,2.452916,0.0,-3.1376348,-0.40056205,-0.02153335,-0.30268773,3.4612415,Non-Pulsar
201.66,1.88,322.89,3.2754593,4.923,-28.908278,1.8999202,0.0,-0.91587055,-0.18233448,-0.4445737,0.5661322,0.3992361,Non-Pulsar
201.7,-5.06,319.12,0.0,4.611,0.0,1.7616585,1.0,0.0,0.99804974,-0.33363032,0.24812652,0.5696003,Non-Pulsar
201.72,-52.94,308.33,6.180334,46.342,-27.43941,2.1979156,0.0,1.7393144,-0.018781867,-0.0331665,-0.2273809,-0.9501765,Non-Pulsar
201.73,22.17,3.27,5.717539,32.575,-27.968693,2.4001272,0.0,1.5834807,-0.082698114,-0.24645299,-0.39725396,-4.4498663,Non-Pulsar
201.77,31.9,66.69,2.8853245,4.479,-28.882753,2.2047007,0.0,-2.1676674,-0.47190192,-0.30155987,-0.21974388,0.62290347,Non-Pulsar
201.95,25.38,22.89,2.6851037,4.562,-29.060507,1.9032706,0.0,-0.63466376,-0.40147826,0.2501393,-0.020577567,0.38239148,Non-Pulsar
202.13,-47.46,309.41,3.0186934,19.905,-27.935389,1.971746,0.0,0.3604942,-0.17084125,0.08086812,-0.026847655,-0.007594344,Non-Pulsar
202.17,11.76,334.36,2.8467,8.409,-28.782753,1.7424585,0.0,0.5178031,0.99904335,0.05870415,-0.07813527,0.66474795,Non-Pulsar
202.27,-56.12,308.19,7.059591,54.115,-27.236273,2.3555543,0.0,2.0726936,-0.07146921,-0.16069108,-0.35760525,-0.8270899,Non-Pulsar
202.37,-5.51,320.09,2.5197203,12.335,-28.304047,2.1864161,0.0,1.113609,0.99699634,0.17718515,-0.2691464,-0.4272347,Non-Pulsar
202.56,-70.06,306.25,6.976073,37.443,-27.66423,2.3646946,0.0,1.8107508,-0.07899598,-0.22530888,-0.34634528,-0.085545875,Non-Pulsar
202.57,70.04,118.11,3.5769198,20.737,-28.773514,1.7444268,0.0,0.98209447,0.6384183,0.2455702,0.12892272,0.09223081,Non-Pulsar
202.58,44.69,101.54,2.757249,16.878,-28.807764,1.7382019,0.0,1.1964314,0.29314935,0.39695343,-0.0066164047,-0.525072,Non-Pulsar
202.6,31.96,64.98,2.8638716,4.536,-28.697327,2.51879,0.0,0.048257735,0.75059015,-0.5822421,0.3369965,0.24499221,Non-Pulsar
202.61,24.27,17.09,2.2554233,4.992,-28.79095,2.390276,0.0,-0.40525874,-0.4934086,0.05603414,-0.11491063,-2.1743066,Non-Pulsar
202.68,52.01,109.05,3.5333915,18.963,-28.746954,2.3624585,0.0,0.47737366,-0.1623173,-0.14793542,-0.23681478,-2.5025682,Non-Pulsar
202.69,29.55,50.89,4.526692,10.826,-28.568562,2.5281954,0.0,1.1760885,0.5183486,-0.23110215,-0.55418736,-0.26605284,Non-Pulsar
202.76,56.89,112.3,0.0,9.952,0.0,1.9511815,1.0,0.0,-0.5834073,-0.10244445,0.36003348,0.3687284,Non-Pulsar
202.82,-13.43,317.58,4.170755,12.031,-27.668255,2.4727714,0.0,0.9080749,0.37901345,-0.12864211,-0.49412337,-2.692774,Non-Pulsar
202.91,17.18,348.04,0.0,13.401,0.0,2.3085186,1.0,0.0,-0.367535,-0.05031825,-0.03517457,-0.94617915,Non-Pulsar
202.94,-3.72,321.98,3.9978313,8.266,-28.131514,2.4630651,0.0,1.0513629,0.04557777,-0.17557518,-0.99932617,1.0005921,Non-Pulsar
202.94,-6.79,320.44,3.4340618,8.852,-28.866003,1.7053256,0.0,1.1103747,0.999968,0.7117495,0.061848126,-0.57941425,Non-Pulsar
203.02,-5.16,321.37,7.825907,55.117,-27.67595,2.4946508,0.0,2.0847864,-0.12312488,-0.30378702,-0.5912258,-1.8121848,Non-Pulsar
203.06,47.37,104.06,3.8634105,7.488,-28.5129,2.6459036,0.0,0.37679657,0.1424236,-0.29906952,-0.45933142,3.4989707,Non-Pulsar
203.15,-12.94,318.23,6.8911414,54.646,-27.317339,2.4356601,0.0,1.9374486,-0.14815533,-0.20156522,-0.35023648,-0.78761053,Non-Pulsar
203.26,-66.44,307.08,3.330781,5.709,-27.48558,2.6489875,0.0,0.9090593,0.24515276,-0.32291797,-0.41407102,0.015105486,Non-Pulsar
203.32,27.42,37.14,4.1396756,19.958,-28.692379,2.3859675,0.0,0.012469426,-0.28186968,-0.13469195,-0.23250817,-4.2688994,Non-Pulsar
203.44,50.94,107.12,5.823929,36.612,-28.289963,2.213317,0.0,1.5793607,0.090048745,-0.13791502,-0.22415194,-0.22263704,Non-Pulsar
203.55,-35.35,312.68,2.450931,5.369,-28.866081,1.7628108,0.0,-1.5834968,0.99999964,0.4878688,0.3136987,0.053073067,Non-Pulsar
203.64,56.57,111.2,3.0555267,6.2,-28.914873,2.351099,0.0,-0.82387245,0.9994419,-0.23935336,-0.29604056,-0.09418295,Non-Pulsar
203.85,-29.83,314.19,3.8466868,16.854,-28.410358,1.8989221,0.0,0.17893869,0.99984586,0.01544969,0.20027728,-0.06052256,Non-Pulsar
204.05,21.12,4.85,2.227775,6.413,-28.730635,1.981005,0.0,0.19138353,-0.99883455,0.99895793,0.49300393,-0.034120962,Non-Pulsar
204.05,23.33,14.85,3.069649,9.387,-29.000422,1.673732,0.0,0.8784532,-0.32917377,0.44685286,0.28924838,-0.2023479,Non-Pulsar
204.07,20.88,3.93,2.352833,4.025,-28.70992,2.0490537,0.0,0.48152593,-0.2747481,-0.69501835,0.54537797,0.5904651,Non-Pulsar
204.15,-15.49,318.69,5.6400704,15.002,-28.398462,2.249832,0.0,0.11588448,0.058664974,-0.062277235,-0.23738046,-1.9413717,Non-Pulsar
204.37,55.04,109.36,3.4444902,5.857,-28.749062,2.6500027,0.0,-0.8364428,-0.32524073,-0.6769383,-0.044374604,0.70535856,Non-Pulsar
204.39,-78.04,305.39,1.8153425,10.25,-28.526724,2.1507654,0.0,0.37625238,-0.31194535,-0.07220444,0.23861386,-0.13349235,Non-Pulsar
204.42,-12.95,320.04,6.1699376,54.453,-27.61856,2.2678459,0.0,1.7006432,-0.019541474,-0.17059124,-0.30454063,-0.26010007,Non-Pulsar
204.49,-19.94,317.61,3.4645274,5.705,-28.324091,2.5245368,0.0,-0.096266024,-0.54867697,-0.1555159,-0.24406072,-1.8628697,Non-Pulsar
204.52,65.57,115.32,4.0859814,7.906,-28.597128,2.5758173,0.0,0.97234684,0.115731694,-0.15854688,-0.504683,2.0191767,Non-Pulsar
204.53,-9.52,321.69,2.503809,4.409,-28.934406,1.87968,0.0,0.30955523,0.89720726,0.99995905,-0.5187908,1.226609,Non-Pulsar
204.73,11.9,341.42,3.6078303,16.886,-28.495735,1.950942,0.0,-0.08500259,0.29253483,-0.077048466,0.11599143,0.32619038,Non-Pulsar
204.76,-24.01,316.68,4.2097764,23.493,-28.142603,2.2203522,0.0,0.814824,0.019994332,-0.09460742,-0.15959412,-0.895523,Non-Pulsar
204.8,-26.34,316.07,5.0602627,14.436,-28.44955,2.3242745,0.0,-0.4277372,-0.29591915,-0.13219532,-0.16073313,-0.45144895,Non-Pulsar
204.98,-1.64,326.94,4.126385,11.319,-28.811155,2.162987,0.0,1.5819162,0.7362324,-0.10065243,-0.29691562,0.3030999,Non-Pulsar
205.02,-15.03,320.03,2.4865377,5.925,-28.817358,1.9238455,0.0,0.20494808,0.99723816,0.026355539,0.06600887,0.38945493,Non-Pulsar
205.04,38.96,85.33,3.7160783,7.069,-28.91394,2.5364563,0.0,0.56023484,-0.34239584,-0.29021257,-0.157647,-0.81893533,Non-Pulsar
205.11,69.44,116.65,5.0921993,12.294,-28.881292,2.5586634,0.0,0.39174685,-0.11356621,-0.50327075,-0.0824332,0.2863152,Non-Pulsar
205.15,44.16,95.99,2.8707864,12.71,-28.818336,1.7391205,0.0,0.23420334,-0.5314484,0.378092,0.21849453,0.30240303,Non-Pulsar
205.22,-4.16,325.69,3.1426764,13.167,-28.523874,2.018339,0.0,0.23272759,0.99758786,0.088969864,-0.05408909,-1.5446062,Non-Pulsar
205.28,74.56,118.51,2.8310442,5.163,-29.416695,2.0165415,0.0,-0.6839406,0.9993772,0.2763812,-0.20286232,2.9912634,Non-Pulsar
205.32,39.97,87.28,0.0,14.423,0.0,1.7908467,1.0,0.0,0.4079526,-0.0928032,0.11359608,0.53429925,Non-Pulsar
205.41,55.25,108.4,2.8721592,3.773,-29.220474,2.1235821,0.0,0.28064403,0.9911305,0.8789052,-0.14224395,1.9362338,Non-Pulsar
205.43,-39.12,313.48,3.3473115,7.661,-28.671997,1.9897165,0.0,-0.7945942,0.41943198,-0.17911114,0.34976742,0.4084726,Non-Pulsar
205.43,-62.28,308.74,2.3150434,12.57,-25.950665,2.4014635,0.0,0.89371145,2.0879008e-05,-0.28342232,-0.26992214,-0.23840748,Pulsar
205.46,-20.89,318.47,4.964411,9.4,-28.219313,2.6786008,0.0,0.63517207,-0.27681136,-0.33234438,-0.5339412,6.91681,Non-Pulsar
205.67,9.73,340.15,3.2060916,12.902,-28.618065,2.027239,0.0,-0.42888594,-0.13361888,0.023032831,0.036343392,-0.09441643,Non-Pulsar
205.69,5.09,334.22,2.109926,11.729,-28.610422,2.2018874,0.0,-1.2094226,-0.19086629,-0.22994708,0.013003918,0.23434804,Non-Pulsar
205.91,57.92,109.9,3.0225441,4.625,-29.014343,2.5514631,0.0,-1.2318188,-0.47367254,-0.040231057,-0.4964695,1.6996748,Non-Pulsar
206.01,66.1,114.65,3.9061558,16.001,-28.71323,2.4733422,0.0,-0.42120156,-0.29823172,-0.29202846,-0.29060242,-0.20890243,Non-Pulsar
206.04,-77.01,305.96,1.8928626,7.519,-28.172651,2.5687869,0.0,0.43141323,0.41129768,-0.28773123,-0.64755857,2.6533506,Non-Pulsar
206.06,-17.4,320.47,6.2898455,44.362,-27.92933,2.0659602,0.0,1.8949203,0.063691124,-0.025735095,-0.11081507,-0.30268002,Non-Pulsar
206.12,-36.93,314.58,3.1748278,12.26,-28.478712,2.1554904,0.0,-1.518884,-0.27248743,-0.011476962,-0.18243247,-1.7895445,Non-Pulsar
206.39,44.88,95.09,8.9553995,170.954,-27.65011,2.1688616,0.0,2.7081666,-0.032516766,-0.14226235,-0.23917057,-0.7019678,Non-Pulsar
206.41,-33.95,315.6,4.3100758,15.104,-28.483591,2.1317616,0.0,-3.2613642,-0.17286858,-0.047438167,-0.22149822,0.2064163,Non-Pulsar
206.46,7.11,338.23,5.456712,23.826,-28.34836,2.4643939,0.0,0.24491216,-0.15939924,-0.21005438,-0.34102526,-2.25208,Non-Pulsar
206.59,-60.45,309.66,2.382348,24.854,-26.77207,2.2695227,0.0,1.4419501,0.45157152,-0.08551593,-0.14334191,-0.06379615,Non-Pulsar
206.6,72.46,117.22,3.066557,5.174,-29.08651,2.322686,0.0,0.004544051,-0.56672585,-0.09346642,-0.03432165,-0.89844966,Non-Pulsar
206.78,-29.98,317.05,3.1073086,16.375,-28.464144,1.945641,0.0,0.64729166,0.050437506,0.12408303,0.12757973,-0.31910872,Non-Pulsar
206.86,73.15,117.4,2.5612788,4.996,-28.77084,2.8718674,0.0,0.071048625,-0.12037799,-0.6491906,-0.13725574,0.37674013,Non-Pulsar
206.91,-37.86,315.02,4.2168303,19.269,-28.120514,2.2131133,0.0,1.2649136,0.41628626,-0.11565793,-0.2687307,-0.32155803,Non-Pulsar
206.99,-6.3,327.25,2.8041432,4.373,-29.458313,2.2028642,0.0,1.1611556,0.99989796,0.7926116,-0.5054185,1.7738752,Non-Pulsar
207.25,7.94,340.98,2.8210955,9.639,-28.725204,1.971622,0.0,-1.3643713,-0.41902238,0.095323786,-0.3209805,0.26729408,Non-Pulsar
207.38,-71.88,307.47,1.4596478,8.592,-27.98326,2.5238273,0.0,-0.2979923,-0.0479657,-0.5973149,-0.17331609,0.72519,Non-Pulsar
207.39,-11.52,324.87,6.3060226,25.732,-27.91281,2.3823583,0.0,1.2150707,-0.08460495,-0.24313614,-0.4623732,-0.6643067,Non-Pulsar
207.67,-62.41,309.73,2.0384822,31.749,-26.360699,2.145911,0.0,2.3916407,0.43144763,0.36186162,-0.17414117,-1.077011,Pulsar
207.71,30.56,51.22,5.8976774,29.237,-28.350735,2.3025708,0.0,1.3237802,-0.008221887,-0.2006721,-0.24227843,-0.28885794,Non-Pulsar
207.76,0.49,333.63,4.791583,7.105,-28.627964,2.380818,0.0,0.5686118,-0.1211767,-0.21987814,-0.046491712,-1.1620692,Non-Pulsar
207.84,11.25,347.39,3.3598804,30.811,-28.083298,1.7375745,0.0,1.1607702,0.42942485,0.2001216,0.08903413,0.1984115,Non-Pulsar
207.85,-15.48,323.57,0.0,12.641,0.0,2.1597335,1.0,0.0,-0.20577027,-0.2048297,0.06562767,0.29705957,Non-Pulsar
207.94,-29.21,318.44,4.337933,13.734,-28.335993,2.435885,0.0,0.45823592,-0.067075185,-0.23385961,-0.34438485,-0.82409155,Non-Pulsar
207.95,55.71,106.18,3.3697665,9.379,-29.28339,1.7966157,0.0,1.0296593,-0.9995005,0.9996274,0.028256277,-1.1186372,Non-Pulsar
208.0,28.8,43.57,2.9638288,6.696,-29.081282,2.0477338,0.0,-0.093976334,0.99991274,-0.05649193,0.23073882,-0.36848655,Non-Pulsar
208.16,31.55,54.95,2.8028517,5.906,-28.628132,2.6401472,0.0,0.12372075,-0.46772304,-0.4084899,-0.4076076,0.36002254,Non-Pulsar
208.19,-27.71,319.18,4.2194567,9.571,-27.986753,2.8059208,0.0,0.83616734,-0.398394,-0.28120327,-0.54976743,9.620714,Non-Pulsar
208.26,-44.23,314.42,3.5819356,21.324,-28.272345,2.2474163,0.0,0.62332535,0.18102255,-0.13359888,-0.12937403,-0.674041,Non-Pulsar
208.3,37.68,75.88,2.882796,9.849,-28.916048,2.0250642,0.0,0.14055668,0.21204193,0.03362915,0.11187081,-0.017162763,Non-Pulsar
208.34,14.58,354.99,4.034488,17.464,-28.590708,2.1976194,0.0,-0.27737302,-0.25415847,-0.023207895,-0.119867966,-0.88232356,Non-Pulsar
208.36,56.0,106.04,2.913497,9.238,-28.853266,2.0944316,0.0,0.16680577,0.9995365,-0.3092111,-0.26392677,0.4150264,Non-Pulsar
208.41,-66.67,309.04,4.113139,34.062,-27.912096,1.9488754,0.0,-0.06436236,0.27868944,0.062084973,-0.002429205,0.11337617,Non-Pulsar
208.44,-39.62,315.8,2.6130898,4.825,-28.952093,1.700771,0.0,0.088114806,-0.9997617,0.99969095,-0.30668962,1.869628,Non-Pulsar
208.54,-87.84,303.58,2.125627,4.59,-28.285019,2.5227387,0.0,-1.6295997,0.9969083,-0.23393399,-0.48397672,-2.665753,Non-Pulsar
208.57,69.57,115.03,0.0,7.798,0.0,2.245469,1.0,0.0,-0.35582644,0.094202526,-0.2543559,29.641806,Non-Pulsar
208.6,-2.11,332.83,3.3747723,8.458,-28.370966,2.4498794,0.0,1.2209152,-0.13769214,-0.36875576,-0.97519696,0.02012689,Non-Pulsar
208.61,37.13,73.8,2.1306999,16.491,-28.738144,2.0032732,0.0,0.3842272,0.1970627,0.08703078,-0.11964706,-0.9355991,Non-Pulsar
208.7,6.39,341.76,2.6064456,6.413,-28.819391,2.020668,0.0,0.42385024,-0.2489259,0.23766565,0.24732062,-0.14379832,Non-Pulsar
208.72,-10.69,327.18,5.291618,25.973,-27.951973,2.3187807,0.0,1.3062847,-0.12398864,-0.17076646,-0.50020283,-0.66738635,Non-Pulsar
209.06,-24.91,321.08,2.884633,5.509,-28.447105,2.6059716,0.0,0.4907764,-0.56388605,0.040353153,-0.5852717,1.3736123,Non-Pulsar
209.07,-17.45,324.19,2.5680892,6.729,-29.031017,1.7055601,0.0,1.0826496,-0.44608676,0.49175796,0.38634443,0.022752421,Non-Pulsar
209.23,-64.54,309.9,2.7117217,21.605,-26.773981,2.503446,0.0,2.2654996,0.059298348,-0.26629,-0.75809425,-5.377276,Pulsar
209.29,19.36,9.15,3.910395,10.313,-28.481398,2.726903,0.0,-0.4533289,-0.31309605,-0.3918951,-0.58410436,-2.7913206,Non-Pulsar
209.4,1.46,337.41,3.2839887,16.582,-28.174252,2.0366814,0.0,0.71685016,0.03840289,-0.017109118,-0.00802222,0.07422991,Non-Pulsar
209.53,76.71,118.01,4.925424,18.99,-28.907623,2.3999078,0.0,0.670635,-0.17936434,-0.15537728,-0.2016511,-9.1946335,Non-Pulsar
209.6,-60.44,311.1,1.9545039,26.844,-26.464128,2.329588,0.0,2.1838026,0.18278764,0.013313161,-0.3398133,-0.64028764,Pulsar
209.74,-7.06,330.91,2.8821504,7.42,-28.859844,1.941465,0.0,1.017449,-0.15562806,0.14412464,0.12733941,0.0014667797,Non-Pulsar
209.78,55.75,104.45,4.6767793,31.093,-28.491932,2.3471506,0.0,1.1342119,-0.16239758,-0.1396423,-0.3363592,-1.8147339,Non-Pulsar
209.79,-11.88,327.97,2.9815154,3.811,-29.040846,1.5718025,0.0,0.20992456,-0.9766909,0.93523073,-0.08566744,0.53686744,Non-Pulsar
209.86,2.04,338.8,4.1512265,6.619,-28.271759,2.3943675,0.0,0.85503805,0.99947375,-0.23336403,-0.1494604,0.14237556,Non-Pulsar
209.86,18.16,6.7,0.0,4.34,0.0,2.0577512,1.0,0.0,0.36475563,-0.108555816,0.12153791,0.17950127,Non-Pulsar
209.93,40.22,80.1,4.0342655,15.508,-28.685902,2.4309616,0.0,1.1189772,-0.04554096,-0.32267058,-0.48586708,-22.736065,Non-Pulsar
209.97,-37.77,317.58,4.032311,21.81,-28.24072,2.0568671,0.0,-0.8616762,-0.16700077,-0.1183076,0.049922545,0.278613,Non-Pulsar
210.05,-40.18,316.91,1.57007,8.296,-28.635859,1.9468191,0.0,-0.30461738,0.9999017,0.46539792,-0.2520344,-1.5253475,Non-Pulsar
210.16,-56.09,312.53,4.6020284,15.459,-27.485188,2.4895024,0.0,0.7226475,0.001273236,-0.32488656,-0.29173452,0.13202992,Non-Pulsar
210.3,-37.3,318.0,2.8291867,11.377,-28.49962,1.9375532,0.0,0.5939163,0.05495432,0.013562312,0.2601616,0.26210535,Non-Pulsar
210.31,-9.26,330.26,2.9134665,11.349,-28.55052,1.8761966,0.0,1.0121722,0.9967711,0.15008435,0.039752033,-0.02026941,Non-Pulsar
210.64,-18.46,325.59,2.9617712,8.125,-28.262653,2.6566133,0.0,-0.37241712,-0.19427527,-0.22040527,-0.4644478,2.0905776,Non-Pulsar
210.66,16.0,2.59,3.13664,8.917,-28.702414,2.1871011,0.0,-0.9869627,0.93014973,-0.43791404,0.081962705,0.59360826,Non-Pulsar
210.67,-33.5,319.57,3.135084,9.481,-28.119442,3.0594409,0.0,1.0001969,0.1645117,-0.78778857,-0.06161871,0.6721234,Non-Pulsar
210.87,43.32,85.62,2.7979343,5.366,-29.382605,1.4351474,0.0,0.48932308,-0.641083,0.999636,0.0081547545,-0.026957707,Non-Pulsar
210.9,36.11,67.79,0.0,5.132,0.0,1.9760827,1.0,0.0,0.89023155,0.20994198,0.1408976,-0.12539157,Non-Pulsar
211.22,65.9,111.5,3.9560387,25.614,-28.832336,1.9975728,0.0,0.6005226,-0.07589061,0.12580486,-0.0028260923,-0.6916154,Non-Pulsar
211.22,4.04,343.35,3.9820378,24.697,-28.316349,1.968558,0.0,-0.02735767,0.31732723,-0.09566723,0.1758397,0.16530009,Non-Pulsar
211.33,-6.68,333.48,2.4786718,7.982,-28.597935,2.150593,0.0,0.07550479,0.999942,-0.17233944,0.07184743,-0.104006596,Non-Pulsar
211.54,-25.14,323.59,3.7814066,14.341,-28.528465,2.042341,0.0,0.59890884,0.999307,0.22825024,0.017498674,-3.2879713,Non-Pulsar
211.62,-16.91,327.54,2.650291,5.651,-28.569204,2.214797,0.0,0.5412468,0.9962895,0.3989911,-0.30579916,1.765945,Non-Pulsar
211.64,-0.9,338.78,2.3001387,5.016,-28.459053,2.6207247,0.0,-1.0248857,-0.35794535,-0.54999274,0.042659346,0.6452066,Non-Pulsar
211.67,-39.57,318.37,3.3264043,8.026,-28.681086,1.3072704,0.0,1.0965525,0.950226,0.99897534,0.16075674,0.68125886,Non-Pulsar
211.74,16.72,6.05,2.9692292,12.209,-28.648697,1.5900743,0.0,0.7941714,-0.18583325,0.13021438,0.23549712,0.44767097,Non-Pulsar
211.79,53.21,99.78,2.8911238,4.368,-29.115183,2.2395194,0.0,-0.011342836,-0.6139722,-0.22197287,0.09424233,0.01766509,Non-Pulsar
211.89,-27.1,323.13,2.9779122,7.699,-28.703176,1.9180939,0.0,0.06857763,-0.7641757,0.07386233,0.14174639,0.5284981,Non-Pulsar
211.92,-43.02,317.44,4.1720247,15.369,-28.3872,2.1363726,0.0,0.26425135,-0.010003462,0.06717283,-0.11670979,-1.2268769,Non-Pulsar
212.18,36.29,66.94,2.7412894,5.609,-28.844257,2.406206,0.0,-0.77905595,-0.3522769,-0.32570815,-0.13254349,0.4260487,Non-Pulsar
212.24,-7.86,333.89,8.333901,85.933,-27.250362,2.154208,0.0,2.4094703,0.15451647,-0.05150517,-0.2684233,-0.6016697,Non-Pulsar
212.44,59.67,105.87,2.884113,6.834,-29.142632,2.306121,0.0,-0.57695144,0.0026748537,-0.1936938,0.020905718,-0.68241185,Non-Pulsar
212.53,2.04,343.17,3.950533,19.673,-28.288607,2.1891322,0.0,0.9282542,-0.16421941,-0.065808766,-0.12413144,-0.52647907,Non-Pulsar
212.59,14.64,2.71,2.805002,14.221,-28.621803,2.1660368,0.0,0.54432523,-0.045257363,0.037703488,-0.13416609,-2.909348,Non-Pulsar
212.6,60.98,106.9,2.995597,6.351,-29.392311,1.6144496,0.0,0.11352036,-0.9132762,0.6562608,0.39881194,0.4965996,Non-Pulsar
212.62,28.34,41.5,3.2985752,12.744,-28.77291,2.058606,0.0,-0.044336352,-0.32428426,0.20676558,-0.09068443,-1.6667796,Non-Pulsar
212.63,62.27,107.95,2.8840342,4.058,-29.338696,2.0372608,0.0,-0.15786062,-0.6865138,0.24588244,-0.16945833,-0.3745732,Non-Pulsar
212.89,-7.4,335.12,0.0,8.385,0.0,1.8547502,1.0,0.0,-0.63712966,-0.04612584,0.29187065,0.34269035,Non-Pulsar
212.9,-61.55,312.32,2.128156,6.626,-25.775835,2.8363748,0.0,1.5659708,-0.53324646,-0.37171772,-0.3217779,0.36610493,Pulsar
212.97,52.83,98.17,4.0935354,15.295,-28.899538,2.225083,0.0,0.016919786,0.115842655,0.11678694,-0.50148827,2.387907,Non-Pulsar
213.01,38.61,72.3,3.346774,8.859,-29.071314,1.7453016,0.0,0.8411841,0.9999998,0.4312682,-0.008135196,0.010551209,Non-Pulsar
213.04,74.45,115.83,0.0,13.961,0.0,2.1408086,1.0,0.0,-0.31879553,-0.07841004,0.008998142,0.08957455,Non-Pulsar
213.07,21.54,20.44,3.3318615,4.274,-28.782555,2.3558936,0.0,0.078587405,0.37773314,0.11679977,-0.4536651,1.6060349,Non-Pulsar
213.24,50.3,94.55,3.5773723,4.228,-28.946957,2.5279744,0.0,-0.907243,-0.46580288,0.1069134,-0.63821644,1.3118116,Non-Pulsar
213.29,-65.33,311.33,2.8618402,9.352,-27.658304,2.2446709,0.0,-1.4257823,0.9991157,-0.13913745,-0.18420042,-0.8350157,Non-Pulsar
213.38,-62.09,312.38,1.7784911,106.742,-25.819935,2.3095472,0.0,3.3258057,0.42641333,0.16435008,-0.1768752,-0.51118374,Pulsar
213.64,8.44,353.26,2.7031062,4.747,-28.525036,2.864585,0.0,-0.07491692,-0.589632,-0.15716346,-0.81002635,1.1575783,Non-Pulsar
213.9,48.51,91.21,5.1909475,32.124,-28.37415,1.8487731,0.0,0.98977226,0.26927492,0.09000041,0.025910614,0.1473988,Non-Pulsar
213.98,-10.05,334.64,2.7265885,5.535,-28.139233,2.4939873,0.0,0.86574143,0.40519586,-0.3792407,-0.99696654,1.0267285,Non-Pulsar
214.0,13.34,2.22,7.667951,63.183,-27.769964,1.9917266,0.0,1.2728423,-0.011806332,0.049562693,-0.13259812,-0.20363179,Non-Pulsar
214.01,34.72,60.88,5.2105827,9.192,-28.397417,2.5830393,0.0,1.0576779,0.056503408,-0.21542335,-0.8293445,1.2632929,Non-Pulsar
214.03,-24.3,326.53,3.4324749,10.384,-28.57543,1.9019908,0.0,-0.36724696,-0.8055704,0.7127474,0.094654754,-0.7246172,Non-Pulsar
214.48,46.23,86.83,3.6139767,3.522,-28.843487,2.9572616,0.0,-0.8811448,-0.25383532,-0.6986073,-0.99993813,0.9999768,Non-Pulsar
214.49,25.72,33.7,3.1177673,19.421,-28.252243,1.226658,0.0,1.0400274,0.411835,0.999799,0.24548659,0.3898764,Non-Pulsar
214.61,-2.56,341.58,4.529803,72.301,-27.44087,1.6471246,0.0,1.6926888,0.094993755,0.2311069,0.23704442,0.19951625,Non-Pulsar
214.62,35.72,63.21,7.481836,60.89,-27.956905,2.056961,0.0,1.456506,-0.017284937,-0.04906765,-0.086492196,-0.041781683,Non-Pulsar
214.68,-35.07,322.46,3.1581504,10.534,-28.167124,2.6651413,0.0,0.8088027,-0.3424797,-0.46029443,-0.5919793,-0.73863584,Non-Pulsar
214.69,-60.97,313.33,2.7777653,44.939,-24.795328,2.744797,0.0,3.2264998,0.07107259,0.093920395,-0.2602775,-0.0094140265,Pulsar
214.74,77.53,117.03,3.646796,21.189,-28.803715,1.5636472,0.0,1.410706,0.99955785,0.39517203,0.2985892,0.111298636,Non-Pulsar
214.84,4.74,349.93,2.0263004,11.5,-28.661127,1.9363734,0.0,0.5693608,0.9952104,0.026333032,0.057164397,0.5011534,Non-Pulsar
214.86,-8.64,336.81,6.634826,60.47,-27.763336,2.1310062,0.0,1.8028038,-0.056413006,-0.03430242,-0.21645235,-1.2830951,Non-Pulsar
214.89,38.37,69.85,3.8076668,19.191,-28.508686,2.4155,0.0,0.34469187,-0.08549454,-0.2520016,-0.33725223,-0.8417905,Non-Pulsar
214.92,-51.89,316.49,1.5791931,14.867,-27.784184,2.461779,0.0,0.22017704,-0.06447038,-0.19467929,-0.39928645,-1.0057043,Non-Pulsar
214.96,54.39,98.3,5.9729557,49.441,-28.273266,2.238918,0.0,1.2715474,-0.1051845,-0.12926275,-0.21831429,-0.65691483,Non-Pulsar
215.01,-60.8,313.53,2.9708707,12.917,-24.915339,2.5633032,0.0,2.4947796,-0.5169422,0.24470231,-0.30386463,0.6911654,Pulsar
215.09,6.2,352.23,2.7285202,6.817,-28.535484,2.4924192,0.0,-0.86023325,-0.15565181,-0.63360524,0.12843814,0.63914496,Non-Pulsar
215.24,-79.35,307.16,3.1119301,14.564,-27.948977,2.4090698,0.0,0.94558054,0.06535996,-0.2743785,-0.24658123,0.14944388,Non-Pulsar
215.29,-46.24,318.7,2.8096411,11.445,-27.902372,2.407316,0.0,0.82136214,0.28401133,-0.09508166,-0.432666,-32.15484,Non-Pulsar
215.29,-11.34,335.38,3.6826463,13.333,-28.18656,2.2332475,0.0,0.8343649,0.17718506,-0.19938868,-0.1410486,0.04335696,Non-Pulsar
215.29,39.0,71.02,3.657728,7.158,-28.580376,2.6130855,0.0,0.46723342,-0.64213085,0.018891055,-0.5021282,1.6044408,Non-Pulsar
215.41,-48.33,318.04,2.8790581,5.356,-27.876106,2.8795438,0.0,0.9151435,-0.10826348,-0.5365532,-0.53309083,-0.25948682,Non-Pulsar
215.63,-61.63,313.53,2.3421216,54.326,-26.749403,1.893063,0.0,2.9535904,0.9807366,0.4117107,0.110840924,-0.24140519,Pulsar
215.64,32.38,53.34,9.208613,130.028,-27.726164,2.168116,0.0,1.9234864,-0.04957108,-0.1332113,-0.2051484,-0.106586404,Non-Pulsar
215.66,58.02,101.85,2.3759897,16.095,-28.82805,1.4815152,0.0,1.0336268,-0.87421215,0.89372814,0.3028343,0.24954453,Non-Pulsar
215.67,81.84,119.1,1.6652045,6.083,-29.149616,2.2523537,0.0,0.52167004,-0.379103,0.29325464,-0.10841511,3.2138445,Non-Pulsar
215.79,37.65,67.31,5.515113,23.16,-28.483978,1.9950867,0.0,1.1302332,0.36937904,0.021727534,0.0077367816,-0.25475916,Non-Pulsar
215.88,45.4,83.94,2.802638,8.16,-29.138023,2.1159995,0.0,0.3955839,0.99926996,-0.038260024,0.012841824,-0.7524222,Non-Pulsar
215.92,-78.48,307.61,5.600875,24.107,-27.868572,2.312049,0.0,1.2140162,-0.10764911,-0.1287492,-0.19032198,-0.4716756,Non-Pulsar
216.03,-17.84,332.07,3.5945418,9.276,-28.556734,1.9469091,0.0,0.11575092,0.9999935,0.25170702,-0.09201204,-0.99038863,Non-Pulsar
216.03,29.29,44.43,2.7956188,4.66,-29.091131,2.1491694,0.0,-0.7224006,-0.632031,0.028466793,0.05764525,0.2755896,Non-Pulsar
216.05,4.56,351.46,5.444832,26.707,-28.237904,1.9594288,0.0,1.4336945,0.19796546,0.022932595,-0.06749751,0.014881186,Non-Pulsar
216.13,34.56,59.09,2.309577,5.431,-29.199593,1.4342028,0.0,0.74708813,-0.99971575,0.70580894,0.9980187,0.37663758,Non-Pulsar
216.14,37.1,65.67,2.212399,5.66,-29.174685,1.6761582,0.0,0.17981297,-0.9990482,0.97406685,0.8646818,0.63008386,Non-Pulsar
216.17,14.78,8.01,3.9509892,12.433,-28.505964,2.03301,0.0,0.5215447,0.99401385,-0.115215264,0.09653595,-0.0663704,Non-Pulsar
216.22,-68.15,311.48,4.9901195,31.632,-27.501612,2.413627,0.0,1.7510773,-0.039994292,-0.20400165,-0.464486,-0.18046384,Non-Pulsar
216.25,36.26,63.47,2.2147238,28.5,-28.24318,1.7380587,0.0,1.2813584,0.9938299,0.24107741,0.17996818,0.047033515,Non-Pulsar
216.36,-1.33,345.19,3.297179,5.968,-29.07712,1.6621039,0.0,0.7603897,-0.9999539,0.9998848,0.4255438,-1.1154295,Non-Pulsar
216.46,14.39,7.6,3.0966365,4.013,-28.44799,2.420201,0.0,0.30626944,-0.42952344,-0.12504904,-0.080656864,7.840039,Non-Pulsar
216.54,34.06,57.56,3.4232862,21.804,-28.461145,2.030244,0.0,0.77817166,0.46063676,0.014209126,-0.19184749,-0.031191137,Non-Pulsar
216.62,36.43,63.67,2.7519474,4.713,-28.311615,2.5358162,0.0,0.2674661,-0.2415612,-0.3023708,-0.2205325,-0.16459064,Non-Pulsar
216.76,23.8,29.49,6.535979,171.104,-26.965015,1.7043022,0.0,2.2473216,0.2569061,0.16970116,0.13365832,0.17541668,Non-Pulsar
216.87,-18.4,332.66,2.52088,12.352,-28.497824,1.9893681,0.0,0.37365857,-0.3424293,0.29519287,-0.14220329,-0.4088782,Non-Pulsar
216.91,-33.09,325.18,5.8518643,41.32,-27.908724,2.1954355,0.0,1.6978637,0.19103622,-0.103791066,-0.3366149,-0.19553308,Non-Pulsar
216.95,-32.25,325.58,4.0511255,16.261,-28.359228,2.0705488,0.0,-0.7802173,-0.38811553,-0.0072020027,-0.02929068,-0.18034114,Non-Pulsar
216.99,-42.11,321.45,9.767749,305.414,-26.668972,2.188892,0.0,3.3030674,0.011704544,-0.0818457,-0.15197916,-0.25119615,Non-Pulsar
217.05,16.49,12.52,3.3583894,12.096,-28.4735,2.5226583,0.0,0.25822306,-0.36997753,-0.12362463,-0.41623548,2.264602,Non-Pulsar
217.08,56.59,99.21,2.885624,6.027,-28.901829,2.5607958,0.0,-0.1552795,0.19545333,-0.2611887,-0.20092069,-261.5576,Non-Pulsar
217.13,42.68,77.5,3.1371377,35.555,-28.251692,1.6587297,0.0,0.014686216,0.04591011,0.25258806,0.14964096,0.37001258,Non-Pulsar
217.2,-10.3,338.46,2.4415123,8.361,-28.57576,1.3483728,0.0,0.7779938,0.99982923,0.8244941,0.6662808,0.40157762,Non-Pulsar
217.2,74.48,114.53,2.9340236,7.022,-29.143227,2.0556545,0.0,0.577944,0.80390745,-0.2813298,-0.2477494,0.53202355,Non-Pulsar
217.23,54.11,96.07,3.4218762,7.694,-28.673271,2.5382905,0.0,0.40538993,-0.5881188,0.10654565,-0.6813626,1.313848,Non-Pulsar
217.45,-30.97,326.61,2.5143716,5.086,-28.68195,1.9516304,0.0,-0.34334272,0.9930193,-0.24097992,0.10057053,0.1694695,Non-Pulsar
217.49,-59.19,315.26,2.4184299,82.08,-26.34758,2.2839086,0.0,3.0322409,0.10005908,-0.09541304,-0.39692333,-0.45644245,Pulsar
217.64,36.8,63.92,3.290303,7.921,-28.5855,2.5630412,0.0,-1.6613969,-0.26938078,-0.4959011,-0.10481488,0.43927842,Non-Pulsar
217.77,-44.98,320.84,3.470123,5.616,-27.983274,2.5389354,0.0,0.07440852,0.5729917,-0.059779633,-0.4321144,2.2562845,Non-Pulsar
217.8,-31.35,326.74,4.5295362,18.593,-28.308462,2.009,0.0,0.16311976,-0.029686447,0.1277117,-0.035227735,-0.12402713,Non-Pulsar
218.07,50.86,90.91,3.354359,6.405,-29.072756,2.1610703,0.0,-0.34763467,-0.04667973,-0.14475037,0.16189082,-0.047234282,Non-Pulsar
218.21,76.8,115.72,0.0,8.84,0.0,2.2647145,1.0,0.0,0.00022499017,-0.22304738,-0.16762929,0.20223968,Non-Pulsar
218.25,-18.02,334.37,4.9368258,9.305,-28.290146,2.506081,0.0,1.1902947,0.07542312,-0.42314237,-0.48795798,0.42438442,Non-Pulsar
218.43,-73.08,310.3,2.824781,6.378,-28.891178,1.6464454,0.0,0.4708009,-0.9996378,0.9954592,0.24909148,0.64198864,Non-Pulsar
218.56,42.07,75.08,0.0,19.421,0.0,2.4750514,1.0,0.0,-0.2822437,-0.29803988,-0.15351996,-0.06766979,Non-Pulsar
218.63,54.48,95.47,0.0,6.647,0.0,2.8838718,1.0,0.0,-0.37277716,-0.6481304,-0.7774801,0.9104969,Non-Pulsar
218.68,19.85,21.35,6.4545445,46.977,-27.847672,2.3019426,0.0,2.1025496,0.031895325,-0.15571651,-0.31049675,-0.35893762,Non-Pulsar
218.71,66.68,108.16,3.0120876,9.952,-29.23231,1.7167549,0.0,0.6401077,-0.95615345,0.9993559,0.29211563,-0.3960895,Non-Pulsar
218.85,71.34,111.79,3.062015,3.89,-29.714445,2.199453,0.0,0.8685345,0.99999475,0.004903629,-0.12584983,0.20755765,Non-Pulsar
218.88,20.36,22.68,2.395706,13.508,-28.24887,2.2030983,0.0,0.5615987,0.20833345,-0.15834998,0.23828882,-0.053561203,Non-Pulsar
218.95,61.81,103.56,0.0,4.524,0.0,2.3547614,1.0,0.0,-0.50696707,-0.14663635,0.30138922,-0.00059237133,Non-Pulsar
218.98,-83.8,305.86,5.4034195,21.6,-28.088055,2.3621082,0.0,1.0335459,-0.20443319,-0.23910339,-0.18930377,-0.082483016,Non-Pulsar
219.23,23.36,29.82,3.2551537,13.458,-28.31597,2.126408,0.0,0.76251847,0.20782325,0.051050033,-0.393296,-1.972055,Non-Pulsar
219.23,56.65,97.73,3.3712273,30.289,-28.609827,1.9111494,0.0,0.14571242,-0.17672458,0.04846051,0.10486239,0.14850251,Non-Pulsar
219.33,-32.66,327.42,3.893294,4.222,-28.224604,2.8488336,0.0,0.51891273,-0.44407544,-0.41379586,-0.9764328,1.1505284,Non-Pulsar
219.51,-31.47,328.15,3.744912,8.741,-28.441498,2.3641713,0.0,1.0924542,0.98566806,-0.22393191,-0.33166152,0.31305492,Non-Pulsar
219.54,-22.03,333.26,3.2717884,4.465,-28.378878,2.697867,0.0,0.123438306,-0.081499085,-0.3907863,-0.7488383,-2.1653516,Non-Pulsar
219.61,29.41,44.79,2.176247,4.896,-29.324272,1.5297816,0.0,1.038167,-0.997955,0.9995275,0.82751137,0.08405416,Non-Pulsar
219.63,-42.13,323.32,2.7397292,5.074,-28.65395,1.9809322,0.0,-0.81493455,-0.7338695,-0.061082948,0.04442943,0.24780582,Non-Pulsar
219.66,12.09,7.29,0.0,5.599,0.0,2.095613,1.0,0.0,-0.037453294,-0.33649263,-0.01759397,0.51784736,Non-Pulsar
219.74,37.18,63.61,6.066132,39.66,-28.410378,2.2791846,0.0,1.6386693,-0.018594945,-0.21759851,-0.30907628,-1.1398435,Non-Pulsar
219.83,39.54,68.83,3.4771657,27.715,-28.545156,1.9931228,0.0,-0.041295737,-0.059566338,0.12781589,-0.04363039,-0.30230594,Non-Pulsar
219.88,-25.42,331.65,2.22892,10.507,-28.622223,1.8221078,0.0,0.21805651,-0.4186738,0.3222264,0.28314742,0.3509967,Non-Pulsar
219.94,49.98,88.08,3.931991,25.953,-28.695374,2.3485754,0.0,0.45224983,-0.023645233,-0.19186968,-0.3505469,-0.32510188,Non-Pulsar
219.98,-39.9,324.56,2.984161,11.789,-28.403893,2.0536897,0.0,-1.0577759,0.95873946,-0.2782685,-0.016063277,0.5137192,Non-Pulsar
220.0,-23.72,332.72,3.2052813,15.086,-28.440079,1.9857379,0.0,-0.29992914,-0.29027218,0.1627477,0.050150365,-0.21012303,Non-Pulsar
220.01,-15.52,337.88,4.720776,14.985,-27.936249,2.2737815,0.0,-0.3638263,-0.1420602,-0.1661008,-0.19894028,0.25571454,Non-Pulsar
220.15,-38.78,325.19,2.8565156,26.555,-28.075314,1.7395099,0.0,-0.7213252,-0.4280608,0.13214466,0.084074564,0.39652115,Non-Pulsar
220.24,6.16,359.06,3.1438105,20.187,-28.081364,2.1578295,0.0,-0.28408763,-0.38329798,0.064804934,-0.07954378,-0.6368278,Non-Pulsar
220.41,-15.38,338.41,3.4907525,7.66,-27.940731,2.4015534,0.0,0.79442376,0.10789747,-0.28551233,-0.31916887,0.5243615,Non-Pulsar
220.44,18.61,20.21,3.0081174,10.34,-28.691698,2.093789,0.0,-0.6266719,0.42211282,0.061555024,-0.17751925,-0.99775165,Non-Pulsar
220.51,43.81,77.04,3.6651666,13.516,-28.955711,2.1217492,0.0,-0.20887373,-0.10761741,-0.10854739,0.122119315,0.116348416,Non-Pulsar
220.56,6.38,359.72,4.0823436,7.377,-27.87869,2.532905,0.0,0.8946345,0.9986879,-0.31840602,-0.26239786,-0.19356336,Non-Pulsar
220.66,-46.39,322.16,3.1823869,15.66,-28.271162,2.0075262,0.0,-0.29492205,0.6494647,0.3224119,0.066959985,-0.48690152,Non-Pulsar
220.7,12.01,8.33,3.2711575,23.121,-28.282452,1.7575915,0.0,0.5985364,0.69802505,-0.052893262,0.3739735,0.34792933,Non-Pulsar
220.78,52.03,90.52,2.81783,9.569,-29.05465,2.1087623,0.0,0.532521,0.13735546,0.000104163504,0.100763574,-0.7599518,Non-Pulsar
220.79,47.48,83.41,2.890193,11.576,-28.720749,2.4302716,0.0,1.2519145,-0.09679182,-0.21447061,-0.67411333,2.041371,Non-Pulsar
220.9,25.26,35.07,3.4353445,5.271,-28.125423,1.9407774,0.0,-0.28824443,0.94422644,0.93616784,-0.053699754,-3.1807766,Non-Pulsar
220.94,-9.9,343.1,2.3868077,5.674,-28.362967,2.4042406,0.0,-0.4388271,-0.6395942,-0.16769561,-0.10160211,0.50457746,Non-Pulsar
220.99,-39.15,325.64,5.6028156,91.402,-27.288084,1.734352,0.0,1.7890851,0.4693063,0.16769813,0.15995307,0.16264635,Non-Pulsar
220.99,25.03,34.57,7.9370027,55.87,-27.523928,2.0661564,0.0,2.16741,0.08990888,-0.022256648,-0.09850402,-0.23184025,Non-Pulsar
221.27,-3.45,349.23,2.4797683,24.578,-28.007692,1.6510248,0.0,0.9000059,-0.20821169,0.19873409,0.26457712,0.41658702,Non-Pulsar
221.3,-19.9,336.3,3.1593108,4.984,-28.549017,2.206972,0.0,-0.8310616,0.9994959,0.47274467,-0.64957815,1.20686,Non-Pulsar
221.5,-16.45,338.8,3.8795176,10.458,-28.208511,2.5420706,0.0,-0.24952981,-0.34816334,-0.22473463,-0.29138088,-1.7383751,Non-Pulsar
221.52,-30.66,330.27,3.796059,4.528,-28.487446,2.400412,0.0,0.22069544,0.30380604,0.11315438,-0.40101552,1.6550106,Non-Pulsar
221.59,31.2,49.07,5.214033,18.052,-28.605328,2.4626791,0.0,0.7312661,-0.15623756,-0.29585487,-0.5123299,-1.604577,Non-Pulsar
221.69,17.32,18.75,3.6085188,8.363,-28.521048,2.6420045,0.0,-0.34525427,-0.1726682,-0.56436545,-0.08099963,0.43323627,Non-Pulsar
221.72,-18.51,337.63,2.9114487,7.067,-28.59701,2.0015209,0.0,-0.35635954,-0.5724838,-0.27879378,0.43227556,0.48447078,Non-Pulsar
221.77,-26.96,332.5,0.0,7.77,0.0,2.0055282,1.0,0.0,-0.759475,0.6474613,-0.2938453,-4.84663,Non-Pulsar
221.86,-57.95,317.84,2.3170795,21.703,-26.686724,2.524934,0.0,2.1357682,0.15334626,-0.21188347,-0.7210767,0.17415702,Pulsar
222.02,36.13,60.24,3.6564288,58.521,-27.907469,1.6827526,0.0,1.6634681,0.45364064,0.24732721,0.08702589,0.13999309,Non-Pulsar
222.4,27.77,41.23,2.8128974,9.618,-28.776249,1.2691495,0.0,0.9131446,-0.9993804,1.0,0.47400168,0.42014605,Non-Pulsar
222.42,-21.63,336.29,4.7154217,11.635,-28.383387,2.3211892,0.0,0.16928218,-0.0130824195,-0.22164282,-0.01342149,-0.5227653,Non-Pulsar
222.44,-9.18,345.35,1.8150253,6.107,-28.615543,1.9432101,0.0,-0.35731277,0.9999998,-0.29469693,0.31733268,0.50749004,Non-Pulsar
222.62,9.18,6.02,5.7225943,17.187,-28.289543,2.151369,0.0,1.1184446,0.0029160022,-0.01656409,-0.3617272,-1.7546021,Non-Pulsar
222.72,52.03,89.17,2.7997067,26.494,-28.191818,2.0722358,0.0,1.1341373,0.31254372,0.029284459,-0.041732226,-0.2554904,Non-Pulsar
222.86,63.92,103.58,0.0,18.056,0.0,1.9214334,1.0,0.0,-0.16047917,0.02079557,-0.044479642,0.4356645,Non-Pulsar
222.89,14.26,14.32,3.6714156,12.038,-28.576893,2.4423785,0.0,-0.0943225,0.20927277,-0.23035806,-0.42387974,-2.5162268,Non-Pulsar
222.96,-38.85,327.22,0.0,3.577,0.0,2.2085652,1.0,0.0,0.6828443,-0.4574721,0.075486585,0.4748715,Non-Pulsar
223.26,-13.31,342.89,0.0,6.406,0.0,2.4263935,1.0,0.0,0.2195944,-0.66560394,0.15534928,0.69706225,Non-Pulsar
223.39,35.09,57.52,4.49562,15.102,-28.771729,2.4053407,0.0,0.25868076,-0.36595094,-0.10143425,-0.27371043,-9.177584,Non-Pulsar
223.52,49.46,84.74,3.5812852,3.587,-28.886974,2.5811028,0.0,0.31161797,-0.21082364,-0.46961293,0.056046505,-0.03197966,Non-Pulsar
223.54,16.37,18.57,3.9707344,16.337,-28.489367,2.154885,0.0,1.3802645,0.011244242,-0.030128876,-0.35836327,-0.36108893,Non-Pulsar
223.55,26.79,39.33,2.3484955,8.466,-28.805136,2.1813295,0.0,-0.49910927,0.3621483,-0.15038541,-0.09050438,-0.075729415,Non-Pulsar
223.62,-37.75,328.25,4.1590114,11.256,-27.920074,2.5539799,0.0,-0.08610736,-0.3239357,-0.24429429,-0.37503883,-2.6645234,Non-Pulsar
223.62,51.41,87.67,6.1997147,92.052,-27.678303,1.9856465,0.0,1.7932478,0.07220621,-0.0072852685,0.01249337,0.040081125,Non-Pulsar
223.68,52.62,89.41,0.0,7.867,0.0,2.2063956,1.0,0.0,-0.41336942,0.0448029,-0.25843698,-4.0103235,Non-Pulsar
223.72,-24.95,335.42,3.8350089,7.238,-28.25114,2.5029578,0.0,1.0440898,-0.13219486,-0.11536589,-0.74013835,1.4784346,Non-Pulsar
223.76,2.8,358.83,1.9813107,5.331,-29.216969,1.6733991,0.0,1.0565573,0.993996,-0.52896637,0.93942136,0.47600758,Non-Pulsar
223.85,-36.91,328.86,0.0,9.227,0.0,2.4288306,1.0,0.0,-0.046502173,-0.32190183,-0.34701985,0.34828928,Non-Pulsar
223.96,-76.02,310.35,2.6801658,9.766,-28.698206,2.0011778,0.0,-1.2725672,-0.6121948,0.24063817,-0.027092999,0.15743154,Non-Pulsar
224.02,50.85,86.58,0.0,8.339,0.0,1.9043887,1.0,0.0,0.9983868,0.2230016,-0.2770595,7.361523,Non-Pulsar
224.34,-42.78,326.24,6.3916225,29.152,-27.997732,2.3334937,0.0,-0.08251433,-0.114856616,-0.23449928,-0.20730302,-0.017231809,Non-Pulsar
224.37,-35.65,329.9,8.2611685,81.289,-27.612917,2.1981907,0.0,2.3958197,0.00021438197,-0.14344892,-0.26272488,-0.6055975,Non-Pulsar
224.47,-46.7,324.4,0.0,6.549,0.0,1.9650785,1.0,0.0,-0.7592428,0.43649244,0.2495081,0.058268577,Non-Pulsar
224.53,41.33,69.86,3.1299903,5.0,-29.44505,1.5641857,0.0,0.9087578,0.99989474,-0.22737007,0.74836314,0.32706285,Non-Pulsar
224.67,37.37,61.94,3.9776745,19.54,-28.723179,2.2274296,0.0,0.23404817,0.0666678,-0.06901805,-0.15478657,-0.7279299,Non-Pulsar
224.76,61.49,100.04,0.0,5.88,0.0,2.2073436,1.0,0.0,0.2645686,0.017779587,-0.015119607,-1.5351036,Non-Pulsar
224.77,-53.89,321.14,3.2417693,5.95,-27.581192,2.4240465,0.0,0.084491186,0.8534693,0.1210645,-0.61396104,1.3188739,Non-Pulsar
224.88,-60.89,317.89,2.2492397,75.236,-26.373821,2.3246152,0.0,3.0480294,0.0763615,-0.14503981,-0.4123332,-0.26909986,Pulsar
224.89,15.46,18.11,0.0,7.22,0.0,2.207354,1.0,0.0,0.17249455,-0.048584595,-0.08045653,-1.0913168,Non-Pulsar
225.18,47.87,81.16,3.1332803,12.165,-28.546003,2.3143516,0.0,0.45748055,-0.12691578,-0.1127874,-0.28383774,-4.0075707,Non-Pulsar
225.23,55.47,92.42,3.1653454,10.232,-28.934792,1.9376822,0.0,0.8235948,0.9998016,0.35601985,-0.022921871,-1.0643038,Non-Pulsar
225.26,22.64,31.45,4.455997,37.759,-28.037447,1.9539261,0.0,0.70620555,0.00734049,0.07747287,-0.013368605,-0.09202007,Non-Pulsar
225.63,55.88,92.74,4.6912074,10.229,-28.551813,2.447961,0.0,0.7721798,0.10101162,-0.26999396,-0.2231741,-0.034476113,Non-Pulsar
225.83,16.86,21.22,0.0,8.93,0.0,1.9765794,1.0,0.0,-0.2020139,-0.4612942,0.19886129,0.71199334,Non-Pulsar
225.83,-81.62,307.78,2.0111647,4.476,-28.400787,2.4842057,0.0,0.7856377,-0.23904069,-0.04286246,-0.70294935,-0.28539902,Non-Pulsar
225.9,48.0,80.96,3.4142199,23.922,-28.465622,2.258962,0.0,0.651895,-0.06311001,-0.075382635,-0.17621195,-2.1544347,Non-Pulsar
225.91,-64.45,316.59,4.46148,10.419,-27.429491,2.4118428,0.0,0.7242214,0.976009,-0.23750722,-0.17324778,-0.018579584,Non-Pulsar
225.93,-15.68,343.73,2.9101791,28.691,-27.909142,1.6931449,0.0,0.80576855,0.3654455,0.11248237,0.18284938,0.39845642,Non-Pulsar
225.93,-58.03,319.72,2.3883803,26.21,-26.280973,2.5035887,0.0,1.9866968,0.7124127,-0.031082092,-0.47331312,-1.3352277,Non-Pulsar
226.0,-42.8,327.32,2.8352323,9.102,-28.147814,2.5526326,0.0,1.3065737,0.971022,-0.06110264,-0.48303378,-93.68948,Non-Pulsar
226.1,10.5,11.39,9.646635,243.146,-27.118008,2.1288688,0.0,3.0538561,-0.0021320994,-0.12501353,-0.22383755,-0.5019027,Non-Pulsar
226.25,20.45,27.86,2.8041756,9.452,-28.516823,2.4833539,0.0,-0.08080442,-0.3265737,-0.27372238,-0.17977072,-0.0024790778,Non-Pulsar
226.26,-34.55,331.92,3.6303053,11.927,-28.220291,2.13585,0.0,0.8811587,0.99187785,0.0064836815,-0.1451264,-0.38532758,Non-Pulsar
226.27,3.45,2.23,4.3865633,36.515,-28.015665,2.443716,0.0,1.3740017,-0.20691194,-0.31639367,-0.4244156,-0.23949693,Non-Pulsar
226.38,-82.7,307.24,2.4774709,12.395,-28.65385,1.8625088,0.0,-0.30059364,0.9996636,0.20606837,-0.030003762,0.2815247,Non-Pulsar
226.53,37.52,61.66,7.6035724,62.853,-28.265362,2.3938296,0.0,2.031367,-0.17552274,-0.291562,-0.4563567,-0.7292357,Non-Pulsar
226.62,-5.68,352.86,2.8485248,4.88,-28.856384,1.6160216,0.0,0.46734503,-0.999923,0.99927455,0.6440669,0.5525334,Non-Pulsar
226.62,43.53,72.93,2.5527508,5.852,-28.656857,2.6568382,0.0,0.40023318,-0.4954606,-0.22139832,-0.47995353,-0.45747802,Non-Pulsar
226.67,8.23,8.72,3.5966327,34.321,-27.958635,1.5910879,0.0,1.4642144,0.33594733,0.23110123,0.29337516,0.19107863,Non-Pulsar
226.81,-16.86,343.69,2.299259,4.161,-28.226902,2.482241,0.0,-0.07800773,-0.20795111,-0.5668125,-0.4811928,0.88500565,Non-Pulsar
226.82,17.35,22.77,3.1898432,15.42,-28.578865,1.5984141,0.0,1.3348786,0.99419796,0.46137354,0.15779036,0.2235486,Non-Pulsar
226.83,-37.18,330.88,2.087497,10.598,-28.396229,2.224393,0.0,0.45732626,0.99990135,-0.37997955,0.14602819,0.26089758,Non-Pulsar
226.84,33.69,53.98,3.1830711,8.442,-29.004868,2.0951188,0.0,0.5393725,-0.2519189,0.3644071,0.096046135,-1.7781337,Non-Pulsar
227.1,77.29,113.97,3.394139,13.592,-29.009834,2.2638538,0.0,-0.59290403,-0.30569422,-0.13873903,-0.07507519,-0.13702498,Non-Pulsar
227.14,-49.86,324.4,4.2322774,17.307,-27.269001,2.8773088,0.0,1.3911561,-0.40148085,-0.45013052,-0.543851,-0.9368972,Non-Pulsar
227.2,27.14,40.98,2.0112796,12.739,-28.72467,1.9783889,0.0,-1.2881162,0.5486968,-0.17555743,0.026401153,0.39347813,Non-Pulsar
227.36,-58.84,319.98,2.8609488,76.887,-26.151644,2.158596,0.0,3.039776,0.14528413,0.09529246,-0.2402093,-0.6599608,Pulsar
227.42,-43.58,327.82,2.7609775,9.488,-27.734373,2.871231,0.0,0.82566005,-0.3603568,-0.5069561,-0.5257109,0.5628708,Non-Pulsar
227.44,55.94,91.84,3.3878694,19.127,-28.823711,1.5517405,0.0,1.3741153,-0.25659057,0.44382405,0.26641127,0.110286325,Non-Pulsar
227.46,-29.11,336.04,4.1018105,11.308,-27.93167,2.6943793,0.0,0.94042873,-0.4351674,-0.3356717,-0.4221741,-0.5999517,Non-Pulsar
227.54,57.04,93.23,5.1086087,14.519,-28.639565,2.842107,0.0,0.7341365,-0.29771578,-0.5159474,-0.5653563,-0.25535184,Non-Pulsar
227.61,-30.29,335.43,2.9032874,4.224,-28.046164,2.574532,0.0,0.2011873,0.99563396,-0.31180516,-0.40005776,-3.1605847,Non-Pulsar
227.7,79.99,115.95,4.3953032,10.484,-29.120655,2.2487297,0.0,-0.13414901,0.1397611,-0.2881688,0.08644023,0.120290704,Non-Pulsar
227.71,-5.71,353.9,4.276302,30.674,-27.637815,2.352798,0.0,1.3055787,0.114643835,-0.19091322,-0.37806824,-0.6894904,Non-Pulsar
227.96,-5.22,354.61,2.947822,20.86,-28.014076,1.6639371,0.0,1.0272061,-0.59794164,0.35616502,0.28765562,0.19763327,Non-Pulsar
228.05,-22.92,340.51,2.3820057,17.213,-28.179607,1.6866837,0.0,1.0844476,0.50183856,-0.030806242,0.30578095,0.37121797,Non-Pulsar
228.06,47.07,78.32,2.8145306,8.957,-29.103579,1.9938896,0.0,0.022681106,-0.32141897,-0.08067546,0.16675706,0.23627885,Non-Pulsar
228.07,2.04,2.34,3.7473528,50.783,-27.8327,2.0220706,0.0,1.8798114,0.062501915,0.0024232303,-0.13145976,-0.31383082,Non-Pulsar
228.21,-9.11,351.29,9.262657,245.442,-26.590652,2.3806243,0.0,2.6019425,-0.13882332,-0.22043762,-0.28258032,-0.3714971,Non-Pulsar
228.25,-56.66,321.5,5.4965205,23.515,-26.76342,2.133685,0.0,1.28617,0.24215835,-0.093681455,0.035945788,0.20844638,Non-Pulsar
228.27,-65.83,316.76,2.821199,4.195,-27.961193,2.5680692,0.0,0.5261179,0.23544647,-0.59098953,-0.18449925,0.6366332,Non-Pulsar
228.31,-71.52,313.75,4.89062,16.272,-28.300226,2.125872,0.0,1.3300909,0.9922151,-0.105266765,-0.06268268,0.13574398,Non-Pulsar
228.36,-37.36,331.86,2.153608,10.635,-28.436844,2.0784063,0.0,-0.54096574,0.9999313,-0.19470073,-0.13018374,0.45652807,Non-Pulsar
228.37,-7.89,352.52,1.8840915,5.256,-28.687275,1.7576158,0.0,0.6873066,-0.99810565,0.9987852,0.7671391,0.5439212,Non-Pulsar
228.37,-32.53,334.68,5.1709065,17.561,-28.000103,2.5083988,0.0,0.5008435,-0.32857996,-0.18967548,-0.42917138,50.929573,Non-Pulsar
228.61,-77.33,310.62,2.3721473,7.081,-28.934376,1.5640336,0.0,0.8858321,-0.91496587,0.99998546,0.55104107,0.2878105,Non-Pulsar
228.66,-20.75,342.54,0.0,9.036,0.0,2.2504582,1.0,0.0,-0.04405499,-0.18764535,-0.098211795,0.13308854,Non-Pulsar
228.68,-36.29,332.7,4.2860713,14.655,-28.107794,2.2503824,0.0,1.3120482,0.09140596,-0.004012085,-0.37360063,-2.3209298,Non-Pulsar
228.7,-47.81,326.35,4.308671,28.49,-27.468004,2.3186765,0.0,1.092721,-0.13783042,-0.13488671,-0.26221234,-0.34629783,Non-Pulsar
228.72,-9.82,351.14,5.8388696,18.201,-27.231787,2.2462249,0.0,0.8946874,0.088150464,-0.0028513197,-0.23183398,-0.40537843,Non-Pulsar
228.93,-23.36,340.96,2.282006,5.582,-28.541988,1.9020027,0.0,0.12968561,-0.94823945,0.9991362,0.07100716,26.081486,Non-Pulsar
229.01,24.41,36.39,2.4057775,4.837,-29.089336,1.6241704,0.0,0.45919183,-0.9994927,0.99999857,-0.28884673,0.7786111,Non-Pulsar
229.05,43.85,72.45,3.801684,5.875,-28.801472,2.3558195,0.0,0.33124626,0.5009256,0.048097696,-0.48535573,1.8006266,Non-Pulsar
229.11,-15.39,346.92,2.547558,4.466,-28.724096,1.8019258,0.0,0.034817446,0.99903166,-0.5987584,0.5766146,0.64267164,Non-Pulsar
229.14,0.27,1.37,2.615003,11.272,-28.275795,2.5495605,0.0,0.48250356,-0.18174244,-0.29294947,-0.50814337,-2.0234919,Non-Pulsar
229.21,29.31,45.53,2.3186128,7.661,-28.894707,1.9525524,0.0,-0.85077864,0.9999944,-0.31233758,0.090794265,0.44945163,Non-Pulsar
229.22,36.85,59.76,3.5866044,8.741,-28.949766,2.3523586,0.0,-0.010284197,0.21848142,0.028133309,-0.607875,1.5385131,Non-Pulsar
229.24,19.58,28.06,3.6228607,8.864,-28.536297,2.506667,0.0,-1.4878968,0.21376435,-0.53585374,-0.14350046,0.58462226,Non-Pulsar
229.26,26.65,40.58,3.3414996,9.136,-28.755,2.2761981,0.0,-0.014729686,0.399649,-0.30955833,0.083158106,0.10132589,Non-Pulsar
229.33,66.51,103.46,3.0415468,5.939,-28.900112,2.5429022,0.0,0.6241618,-0.20003453,-0.07669827,-0.4450079,1.7162747,Non-Pulsar
229.43,-24.37,340.68,6.459875,113.931,-27.208027,2.073417,0.0,1.5306919,0.021969019,-0.062387254,-0.054483347,-0.095522806,Non-Pulsar
229.44,65.42,102.27,3.4424272,45.125,-28.272429,1.6740459,0.0,1.3734844,0.3081287,0.14129812,0.20822202,0.33998027,Non-Pulsar
229.51,-27.53,338.67,5.2004876,39.04,-27.880363,2.036166,0.0,0.58974534,0.12672731,-0.006097863,0.06092192,-0.20371881,Non-Pulsar
229.61,7.84,10.85,2.239717,5.098,-28.9778,1.790022,0.0,0.5987097,-0.061856817,0.99133617,0.44488227,0.6647727,Non-Pulsar
229.65,6.24,8.84,0.0,6.124,0.0,1.8013628,1.0,0.0,0.9998103,-0.1665984,0.20461933,0.40305272,Non-Pulsar
229.66,40.74,66.77,2.4944196,15.711,-28.79078,1.8610506,0.0,0.06373683,0.99977756,0.2711656,-0.024586134,-0.39296702,Non-Pulsar
230.01,-9.09,352.98,0.0,8.542,0.0,2.0066729,1.0,0.0,0.89862865,-0.4042846,0.2834871,0.51304406,Non-Pulsar
230.12,55.77,90.29,3.2162282,13.964,-28.994917,2.1743004,0.0,0.501311,0.024400169,0.0076194843,-0.1426803,-1.7179692,Non-Pulsar
230.13,42.16,69.12,4.3657565,8.854,-28.853079,2.2335913,0.0,0.90646064,-0.27019614,-0.02228865,-0.50711584,-2.3691838,Non-Pulsar
230.2,-3.81,358.12,3.162876,33.089,-27.833643,1.5488033,0.0,1.7107261,0.21764195,0.2617192,0.32121316,0.26329255,Non-Pulsar
230.29,4.36,7.11,3.2660334,6.026,-28.799004,2.045799,0.0,0.7236483,0.9993892,0.17748752,-0.16185993,-0.43717375,Non-Pulsar
230.44,16.84,24.35,2.1943588,4.283,-28.540762,2.6465812,0.0,0.78680575,-0.09592546,-0.078778975,-0.73756427,1.2629634,Non-Pulsar
230.46,43.63,71.54,4.3317795,9.446,-28.50129,2.97776,0.0,0.8450371,-0.36576766,-0.686931,-0.44546953,0.661164,Non-Pulsar
230.49,-57.59,322.04,1.6686301,53.197,-26.265512,2.2607791,0.0,2.8538105,0.24920294,-0.017213233,-0.4276627,-0.44793984,Pulsar
230.55,31.74,50.17,9.261337,172.588,-27.50123,2.3525805,0.0,2.5591881,-0.1334973,-0.24030659,-0.35593817,-0.52628666,Non-Pulsar
230.66,-27.51,339.59,5.1786976,41.286,-27.637854,2.0965035,0.0,1.8145274,0.13292575,0.0068893116,-0.13152128,-0.3322548,Non-Pulsar
230.78,34.23,54.73,0.0,4.991,0.0,2.4868145,1.0,0.0,-0.35306704,-0.2455052,-0.04606996,-0.40770856,Non-Pulsar
230.82,-39.69,332.18,2.922654,5.837,-28.138079,2.524686,0.0,0.47885528,-0.08584796,0.07964316,-0.6642014,1.2742188,Non-Pulsar
230.82,5.56,9.01,0.0,6.557,0.0,2.1564667,1.0,0.0,-0.14153644,-0.23127799,-0.09647409,0.3504532,Non-Pulsar
230.82,28.31,43.97,0.0,5.138,0.0,2.710627,1.0,0.0,-0.5375001,-0.099821255,-0.60770965,1.4036639,Non-Pulsar
231.05,15.39,22.53,3.6514518,8.667,-28.36108,2.819853,0.0,-0.13641591,-0.4626946,-0.41493088,-0.5849096,-0.5326447,Non-Pulsar
231.21,-59.07,321.54,3.2678692,12.375,-27.439495,2.1673348,0.0,0.50417525,-0.4980579,-0.17705011,0.17077067,0.30617246,Non-Pulsar
231.43,-43.57,330.32,1.1621346,5.184,-27.925713,2.8423285,0.0,0.88108706,0.008162323,-0.5830219,-0.38469827,0.70840734,Non-Pulsar
231.53,-8.52,354.87,3.3588467,12.185,-28.396599,1.7562027,0.0,0.9669302,0.9999752,0.42188793,0.06817955,-0.9604162,Non-Pulsar
231.68,-15.49,349.09,2.4303393,9.232,-28.44737,2.0635595,0.0,0.15733744,0.99995804,0.019150384,-0.15426987,-1.7844512,Non-Pulsar
231.85,31.3,49.46,3.102248,7.596,-28.396072,2.4157953,0.0,-0.4679539,-0.39183182,0.20594141,-0.41233853,2.176085,Non-Pulsar
231.87,17.29,25.94,2.7022111,5.362,-28.42742,2.7640886,0.0,0.71843415,0.35733834,-0.5952071,-0.3573844,0.6503254,Non-Pulsar
232.07,-29.09,339.63,2.4355197,5.599,-28.440567,2.059021,0.0,-0.3574473,-0.5071645,0.25453457,0.002354361,-0.32907915,Non-Pulsar
232.11,-58.63,322.17,1.8222636,29.812,-27.239578,1.9911475,0.0,2.3478131,0.8127043,0.26106527,-0.22598813,-0.5628321,Pulsar
232.14,-22.67,344.07,1.391677,7.452,-28.592451,1.9956362,0.0,1.0460453,0.9993192,0.48802432,-0.35099992,7.668599,Non-Pulsar
232.31,38.2,61.66,2.4615066,8.703,-29.024508,2.0237746,0.0,-0.033981804,0.6462528,-0.43641737,0.3883199,0.45318806,Non-Pulsar
232.43,67.56,103.47,3.390337,9.018,-29.00513,2.3615716,0.0,-1.0526649,-0.10459323,-0.27020985,-0.13915627,-0.0062306803,Non-Pulsar
232.58,27.15,42.33,3.3915758,6.91,-29.000032,1.9200459,0.0,0.43061104,0.4138063,0.52739036,0.034673374,-1.3543322,Non-Pulsar
232.65,-30.44,339.16,3.3581972,10.43,-28.314981,2.135816,0.0,0.28878218,-0.024462458,-0.11840017,0.031865656,-0.07427555,Non-Pulsar
232.74,57.61,91.59,2.5612805,13.079,-29.020596,2.0347662,0.0,0.33908442,0.45474848,0.08783708,-0.24331734,-0.20334125,Non-Pulsar
232.9,-56.21,323.89,1.8970124,14.396,-26.512863,2.3926668,0.0,1.9474115,0.9999973,0.20659812,-0.56700563,-0.13702828,Pulsar
232.94,47.17,76.44,2.548318,8.333,-29.069838,1.9981993,0.0,-0.052542083,-0.58282346,0.6489952,-0.21798474,4.0377707,Non-Pulsar
233.02,30.27,47.78,3.3197587,23.745,-28.536867,1.9474679,0.0,-0.43079716,0.025665533,0.04879009,0.088428356,0.008274445,Non-Pulsar
233.19,23.71,36.75,4.2352204,6.954,-28.320486,2.5352747,0.0,0.23543806,0.37747747,-0.245517,-0.27560717,9.24197,Non-Pulsar
233.2,-13.33,352.15,7.3489966,79.784,-27.536549,2.0786805,0.0,2.2053614,0.04521206,-0.025989147,-0.26477376,-0.50496346,Non-Pulsar
233.31,18.92,29.23,0.0,14.35,0.0,1.7846719,1.0,0.0,-0.41839135,-0.022107909,0.3139015,0.36497822,Non-Pulsar
233.32,34.27,54.73,3.048506,19.834,-28.548986,1.691686,0.0,0.93772805,0.62490606,0.28790003,0.24426527,0.062483452,Non-Pulsar
233.72,37.27,59.87,3.2127209,15.003,-28.709383,1.9733717,0.0,-0.09708703,0.99999404,-0.15193066,0.097029,0.3774405,Non-Pulsar
233.72,1.52,6.79,5.4556475,23.056,-27.889383,2.3430877,0.0,0.67827326,-0.13995218,-0.24056888,-0.24155226,0.115989685,Non-Pulsar
233.75,53.34,85.37,1.9295365,14.32,-28.818933,1.5293179,0.0,0.8219455,0.997248,0.17267537,0.43672445,0.24616821,Non-Pulsar
233.84,-31.59,339.27,3.1709685,6.921,-28.656963,1.8662603,0.0,0.21811345,-0.36112866,0.18594998,0.21481782,0.10632025,Non-Pulsar
233.87,39.32,63.32,3.5186284,13.986,-28.855408,2.2358387,0.0,0.51109606,0.089621894,0.06255139,-0.20745793,5.294125,Non-Pulsar
233.96,-47.51,329.49,3.2220843,3.805,-27.489542,2.6374347,0.0,-0.22277592,-0.06894532,-0.54344726,-0.20766929,0.29855362,Non-Pulsar
234.21,-31.92,339.31,3.0397654,8.437,-28.383116,2.2036338,0.0,0.081574306,0.87338954,-0.4379734,0.24310058,0.3328505,Non-Pulsar
234.24,-37.53,335.73,2.3486948,5.244,-28.365213,2.1157646,0.0,-0.59656733,0.9999925,0.00065197074,-0.27220628,-0.6563819,Non-Pulsar
234.44,-79.96,309.98,3.677647,22.397,-28.284203,2.2287698,0.0,0.46727404,-0.08094611,-0.17975636,-0.014148244,-0.061785564,Non-Pulsar
234.49,-13.73,352.88,2.6907256,6.941,-28.604643,1.6460605,0.0,0.53478485,-0.90362144,0.99993205,0.4956885,0.24002255,Non-Pulsar
234.9,27.73,43.85,5.2032557,28.404,-28.265722,2.1035128,0.0,1.2887537,0.11828966,-0.08489786,-0.20103279,-0.10653663,Non-Pulsar
234.93,-11.46,355.17,2.4457583,14.537,-28.257914,1.88485,0.0,0.30121633,0.31698617,0.11323317,0.09798282,0.2209353,Non-Pulsar
234.98,42.34,68.11,2.897622,7.587,-28.958002,2.2344427,0.0,0.42208552,0.43769163,-0.10251357,-0.23099284,-3.494835,Non-Pulsar
235.03,41.71,67.08,2.1539059,3.854,-29.350695,1.8189448,0.0,-0.12178759,-0.99980676,0.9994988,0.13222349,0.13236324,Non-Pulsar
235.05,81.92,116.47,3.024591,41.327,-28.26786,1.5282326,0.0,1.4516073,0.20723139,0.26123476,0.26919544,0.4049706,Non-Pulsar
235.11,66.1,101.01,2.7133164,2.218,-28.697792,2.4633405,0.0,-0.2708317,0.70008063,-0.56166035,0.3012096,-0.06362446,Non-Pulsar
235.19,14.82,24.35,0.0,14.097,0.0,2.2539723,1.0,0.0,-0.23062834,-0.2755091,-0.036712315,0.32780936,Non-Pulsar
235.28,34.86,55.72,2.7179542,4.56,-28.78119,2.5856364,0.0,-0.114744015,-0.4882076,-0.022383185,-0.28494653,4.4157453,Non-Pulsar
235.45,14.23,23.7,0.0,10.011,0.0,1.8414747,1.0,0.0,0.99987346,0.061622575,0.0136190485,0.17867412,Non-Pulsar
235.5,-29.25,342.02,2.8380332,18.867,-28.254248,1.8448468,0.0,0.5305209,0.19614749,0.40850425,0.1450469,-0.2059762,Non-Pulsar
235.58,18.03,29.11,3.3696027,7.339,-28.450705,2.5776024,0.0,0.95943433,0.043250326,-0.37336007,-0.58340085,0.57348543,Non-Pulsar
235.76,61.5,95.39,7.1762714,142.068,-27.64943,1.8619231,0.0,2.315467,0.13344376,0.09099405,-0.00032536476,-0.06998485,Non-Pulsar
235.85,10.44,18.97,3.4396276,5.411,-28.312368,2.551102,0.0,-1.3883798,-0.49119866,-0.124375984,-0.42026138,7.197198,Non-Pulsar
235.9,65.86,100.5,0.0,4.956,0.0,2.2740877,1.0,0.0,-0.46597496,0.2802154,-0.026744459,-0.9652015,Non-Pulsar
235.91,4.87,12.27,3.4031014,17.054,-28.35506,1.928104,0.0,0.621446,-0.42794818,0.16916765,0.12159629,-0.04032556,Non-Pulsar
236.08,-6.83,0.28,6.3966184,32.575,-27.809233,1.782346,0.0,0.81545836,0.19399095,0.2307785,0.11373782,-0.05416382,Non-Pulsar
236.18,50.29,80.09,0.0,7.678,0.0,2.283591,1.0,0.0,-0.20041394,-0.31723252,0.040945195,0.24695465,Non-Pulsar
236.25,-66.7,318.92,2.441937,16.62,-28.436594,1.6479299,0.0,-0.5967085,-0.21219927,0.26842743,0.07278869,0.55592483,Non-Pulsar
236.45,-23.61,346.72,2.627157,7.236,-28.45298,1.8778852,0.0,-0.9116762,-0.8248068,0.16735238,0.20095786,0.34807616,Non-Pulsar
236.52,8.32,16.79,3.0874782,26.041,-28.152824,1.7650596,0.0,1.0447513,-0.139493,0.2584057,0.19189362,0.044997104,Non-Pulsar
236.54,-10.05,357.72,4.4272017,16.353,-27.99992,1.9067512,0.0,0.6920732,0.08848465,0.009112894,0.1237801,0.22393574,Non-Pulsar
236.62,-29.06,342.95,2.1587164,5.376,-28.526552,2.0674589,0.0,0.22235723,0.48200202,-0.21094936,0.091903806,-0.8545467,Non-Pulsar
236.63,18.28,30.02,3.2149956,7.829,-28.658215,2.2274237,0.0,0.56674886,0.95132244,0.34689057,-0.35269517,1.9931943,Non-Pulsar
236.83,-15.53,353.28,2.7981386,7.759,-28.56375,1.6388167,0.0,0.6907903,0.9950263,0.85901886,-0.25134575,0.65677065,Non-Pulsar
236.84,-28.04,343.82,2.771263,10.362,-28.39663,1.8765042,0.0,-0.451264,-0.15283763,0.11401235,0.024208507,-0.20862775,Non-Pulsar
236.99,-64.05,320.83,2.7773123,7.35,-27.799557,2.9341128,0.0,1.165132,-0.12441901,-0.59860426,-0.45841983,0.6503233,Non-Pulsar
237.1,66.26,100.59,0.0,3.683,0.0,2.1458404,1.0,0.0,0.03178479,-0.55283904,0.2820686,0.48914826,Non-Pulsar
237.1,14.95,25.65,6.4616537,67.421,-27.675718,1.8983715,0.0,1.7534676,0.2164995,0.105370924,-0.033284873,-0.16650298,Non-Pulsar
237.1,-21.17,349.04,3.1539536,4.994,-28.604382,1.8339185,0.0,0.36567163,-0.7630281,-0.79722244,0.928987,0.61595714,Non-Pulsar
237.2,-22.85,347.84,3.5019248,30.403,-27.886456,1.7990379,0.0,0.25396636,0.7202741,0.25413287,0.11761989,0.08706212,Non-Pulsar
237.26,48.36,76.92,2.3809245,5.967,-29.40206,1.5949161,0.0,1.0293995,0.99985534,0.54537314,0.46465963,-0.0053500338,Non-Pulsar
237.26,78.78,113.39,2.8347702,5.903,-29.344746,1.9577751,0.0,-0.3926677,-0.87924504,0.8220117,-0.10897104,-6.319579,Non-Pulsar
237.33,63.18,96.91,3.1653028,4.975,-29.175016,2.1818492,0.0,-0.59259933,-0.6026338,-0.32745403,0.28289887,0.4130364,Non-Pulsar
237.34,42.58,68.04,2.6551332,7.506,-29.1293,2.0513616,0.0,0.32028234,0.9999986,0.08840252,-0.2545183,-8.7457285,Non-Pulsar
237.36,74.17,108.94,0.0,9.866,0.0,2.5013957,1.0,0.0,-0.15552062,-0.43671507,0.123410836,0.09984162,Non-Pulsar
237.39,2.61,10.85,5.5568485,24.523,-28.001547,2.2951863,0.0,1.1160635,-0.17166257,-0.16075142,-0.23040876,-0.42955223,Non-Pulsar
237.41,17.18,28.87,3.1668115,6.554,-28.73758,2.059163,0.0,-1.291775,-0.070063025,-0.21705341,-0.21219017,0.47392437,Non-Pulsar
237.45,-30.75,342.35,2.8335292,9.486,-28.534616,1.9253458,0.0,0.39771172,0.99996734,0.026600244,-0.026270615,0.19310024,Non-Pulsar
237.47,-7.0,1.22,4.140861,23.485,-28.100311,1.9262166,0.0,0.08994224,0.0027450253,-0.0072296862,0.11498859,0.26152417,Non-Pulsar
237.68,70.11,104.68,2.4865963,4.869,-28.936237,2.6080537,0.0,-0.46491614,-0.43769205,0.0107704,-0.9958846,1.0032415,Non-Pulsar
237.7,5.47,14.27,4.517855,25.135,-27.956121,2.3205476,0.0,1.2005054,-0.04159242,-0.12140121,-0.2498051,-2.9129043,Non-Pulsar
237.72,-8.37,0.16,0.0,9.571,0.0,1.9958255,1.0,0.0,0.6938323,-0.15113778,-0.00017404361,0.4471791,Non-Pulsar
237.72,-17.84,352.09,2.9398801,7.742,-28.167795,2.5400548,0.0,-0.798056,-0.20314841,-0.3026605,-0.2779414,-0.5282986,Non-Pulsar
238.01,8.84,18.45,3.1044185,14.058,-28.365162,1.9905372,0.0,0.70831454,0.6357616,0.025538245,0.0009427641,0.0047725975,Non-Pulsar
238.33,6.01,15.34,3.124673,5.519,-29.125795,2.0638914,0.0,0.99192846,0.9533639,0.966622,-0.41065603,1.9293149,Non-Pulsar
238.39,-69.18,317.95,2.628163,6.406,-28.679626,1.8923824,0.0,0.5896946,-0.96092796,0.9998133,0.059692577,4.2113223,Non-Pulsar
238.39,-31.31,342.59,4.245921,37.528,-27.823708,1.8460625,0.0,1.3576697,0.29737192,0.11005659,0.059681784,0.14983656,Non-Pulsar
238.4,12.95,23.8,6.558305,37.266,-27.918543,2.2351615,0.0,1.6945994,-0.08923834,-0.059124913,-0.3838821,-52.156796,Non-Pulsar
238.4,-24.37,347.58,6.1399746,39.338,-27.622427,2.131453,0.0,1.0445075,-0.09119764,-0.05513091,-0.13286982,-0.43954736,Non-Pulsar
238.52,-2.73,6.14,4.357654,7.827,-28.032785,2.640091,0.0,1.2190471,0.38378176,-0.14462458,-0.7646595,-0.1772215,Non-Pulsar
238.62,-12.26,357.41,3.033458,9.621,-28.411253,1.5927914,0.0,0.98828965,-0.36184174,0.4945639,0.45111337,0.20873392,Non-Pulsar
238.74,21.73,35.91,2.9905078,8.942,-28.640667,2.2912364,0.0,-0.003899598,0.15011439,-0.12134029,-0.13597696,-1.4378102,Non-Pulsar
238.82,-41.83,335.78,4.4060593,13.992,-27.406631,2.5749943,0.0,1.0994482,-0.18544263,-0.29594895,-0.4119375,0.18232423,Non-Pulsar
238.93,11.19,21.91,5.540556,130.349,-26.522882,1.5804125,0.0,2.4420545,0.29786035,0.32136548,0.2505246,0.27129707,Non-Pulsar
239.05,28.21,45.56,2.8360684,5.4,-29.31855,1.5866864,0.0,0.78669405,0.99997896,-0.8426972,0.975831,0.41011608,Non-Pulsar
239.15,14.29,25.96,2.7526848,3.92,-28.804068,2.3293793,0.0,0.77505916,0.4247702,-0.050605368,-0.42286283,-0.54475844,Non-Pulsar
239.39,-70.67,317.21,2.3841972,23.208,-28.299809,2.170642,0.0,0.48975584,0.19714014,-0.15172021,0.01648479,-0.13822477,Non-Pulsar
239.49,-0.02,9.6,3.0482767,4.399,-28.321772,2.4636605,0.0,0.539571,0.013251043,-0.30401674,-0.0875746,-2.0470161,Non-Pulsar
239.49,-14.07,356.52,2.499585,8.146,-28.379543,2.2552507,0.0,1.1697212,0.5746262,0.14470732,-0.5405904,9.756392,Non-Pulsar
239.54,62.65,95.61,0.0,4.763,0.0,2.6769671,1.0,0.0,-0.0542726,-0.23896685,-0.24556743,10.851993,Non-Pulsar
239.72,56.43,87.59,4.731177,41.14,-28.198414,2.021807,0.0,0.95895034,-0.17935626,0.04532151,-0.029430684,-0.23470075,Non-Pulsar
239.74,-64.54,321.44,3.1886146,41.986,-27.980515,1.9714097,0.0,0.35347334,0.17694071,0.05799091,0.020442886,-7.4558775e-05,Non-Pulsar
239.78,67.62,101.38,3.0773299,10.501,-29.121918,1.9988734,0.0,0.48261827,-0.71717143,0.6921174,-0.40533012,2.063388,Non-Pulsar
239.96,-4.43,5.56,3.5700426,4.893,-27.983736,2.6229339,0.0,0.4123141,-0.38995454,-0.21113957,-0.47437903,2.1561346,Non-Pulsar
239.97,-25.42,347.9,0.0,7.168,0.0,2.2756605,1.0,0.0,0.03928076,-0.17637938,-0.31605473,-0.115172304,Non-Pulsar
239.98,23.32,38.65,0.0,19.744,0.0,2.2213871,1.0,0.0,0.13509922,-0.10547759,-0.1970553,-0.02844319,Non-Pulsar
240.01,85.17,118.83,3.7593057,27.464,-28.390863,1.9627826,0.0,0.81921595,-0.066194355,0.027759258,0.01323149,0.11779352,Non-Pulsar
240.1,-58.18,325.76,1.5845181,16.838,-27.671852,2.3556457,0.0,0.38746107,0.3395144,-0.264921,-0.19678424,-0.11371212,Non-Pulsar
240.5,-6.69,3.82,2.7065868,5.598,-28.392027,2.282644,0.0,0.79135054,0.49108258,-0.07046157,-0.1652723,0.12208255,Non-Pulsar
240.53,33.41,53.68,7.3446884,38.607,-28.323484,2.1402602,0.0,1.5061897,0.10323581,-0.10623368,-0.2277446,-0.36611956,Non-Pulsar
240.56,30.86,49.85,2.8524966,11.272,-28.87801,2.0694432,0.0,0.06938852,-0.053342804,0.19529948,-0.11329013,-0.77869993,Non-Pulsar
240.73,-19.47,353.01,3.1374495,10.635,-28.24315,2.0990567,0.0,-0.003466468,-0.22776984,0.056382485,-0.0144081935,-0.93635374,Non-Pulsar
240.88,15.87,28.94,2.8890898,4.887,-28.469147,2.3258517,0.0,-0.14154547,0.99992675,-0.47118595,0.26519045,0.14838739,Non-Pulsar
240.88,-71.21,317.21,2.807764,6.294,-28.422388,2.304127,0.0,0.6832494,-0.646787,0.15637937,0.0119173415,-9.178491,Non-Pulsar
240.96,11.07,23.0,3.0067453,7.587,-28.57377,2.1274648,0.0,-0.14004964,0.9999963,-0.17901638,-0.097746514,0.13590918,Non-Pulsar
240.97,50.16,78.61,2.8533535,12.266,-28.912376,1.7446108,0.0,0.85644984,0.99996597,0.58945805,-0.06131405,-0.77298784,Non-Pulsar
240.97,-49.06,332.16,6.283757,64.545,-26.727148,1.8928365,0.0,1.3778317,0.18313356,0.07325108,0.05871201,0.11329566,Non-Pulsar
241.13,-44.69,335.16,5.692317,28.246,-27.021076,2.3005733,0.0,1.2959831,0.08224628,-0.08225244,-0.18206495,-0.42171377,Non-Pulsar
241.16,57.24,88.27,5.6329517,58.105,-28.13954,2.3738232,0.0,1.6018368,-0.11122271,-0.22217527,-0.24137795,-1.3405861,Non-Pulsar
241.19,17.57,31.3,2.6865833,5.12,-29.306993,1.7493273,0.0,0.90143853,-0.9816157,0.99235904,0.19111806,-5.4632072,Non-Pulsar
241.23,-34.24,342.37,2.994174,4.181,-28.7474,1.7535186,0.0,0.47195217,-0.82129115,0.9922437,0.72395414,0.55509144,Non-Pulsar
241.29,-11.67,359.9,2.214888,9.737,-28.281616,2.0761013,0.0,0.41760945,0.16947106,0.20587888,-0.15056416,-0.4651455,Non-Pulsar
241.38,54.4,84.41,1.6869026,11.323,-29.046381,1.5790462,0.0,0.82078046,0.34678906,0.69201314,0.22541815,0.08889269,Non-Pulsar
241.45,72.14,105.98,2.7545943,4.912,-29.41943,1.8828874,0.0,-0.55536777,0.47577626,-0.50613487,0.53979564,0.51621234,Non-Pulsar
241.51,0.19,11.26,2.388428,5.178,-28.22311,2.6663496,0.0,1.2871033,0.025134841,-0.53738546,-1.0,1.0,Non-Pulsar
241.57,13.77,26.64,2.7120528,7.82,-28.660963,1.8213629,0.0,-0.43044215,0.82246685,0.46617636,0.53957385,0.11941649,Non-Pulsar
241.59,56.5,87.17,2.6053112,12.261,-29.006939,1.7625815,0.0,0.053179972,0.8942374,0.31747177,0.06964109,0.48851484,Non-Pulsar
241.61,18.23,32.36,2.6483476,5.451,-28.910978,1.8869889,0.0,-0.54872054,0.99921006,0.97832114,-0.06986322,282.69678,Non-Pulsar
241.64,27.3,44.86,0.0,6.091,0.0,2.5792572,1.0,0.0,-0.29297474,-0.32997188,-0.16378155,-0.95676017,Non-Pulsar
241.67,13.4,26.25,2.7095492,4.023,-28.480268,2.3362186,0.0,-0.12832713,0.13991371,-0.30008575,-0.23116022,-0.9614494,Non-Pulsar
241.71,-3.86,7.37,4.8064094,6.359,-28.25396,2.3160138,0.0,0.3097166,-0.0074118455,-0.2270639,0.033658672,-0.2840603,Non-Pulsar
241.73,59.32,90.82,3.3459122,7.344,-29.195436,2.1735034,0.0,0.24013448,-0.18462053,0.15415302,-0.06452763,-11.808908,Non-Pulsar
241.77,15.84,29.36,2.5686371,55.064,-27.839638,2.174858,0.0,1.8315191,-0.014706217,-0.10436658,-0.20101877,-0.23042881,Non-Pulsar
241.97,25.68,42.66,2.8402421,4.51,-29.03639,1.8745476,0.0,-0.4373895,0.40123475,-0.1289785,0.3893272,0.24798349,Non-Pulsar
242.01,49.83,77.91,3.6163228,5.986,-29.030916,2.3185499,0.0,0.2805451,0.052875213,-0.118100174,-0.40703285,4.4088664,Non-Pulsar
242.02,-16.42,356.4,2.5932024,4.422,-28.036684,2.6261873,0.0,0.63107425,-0.029558739,-0.56774074,-0.5158897,0.5921137,Non-Pulsar
242.02,-20.64,352.99,3.1532307,13.434,-28.171087,2.0544605,0.0,-0.98277956,-0.113684125,-0.03311399,0.036418695,0.0023496454,Non-Pulsar
242.08,40.21,63.9,3.2596295,4.703,-29.400927,2.0356317,0.0,0.8185357,-0.18785015,0.28750554,0.14117642,-0.44905287,Non-Pulsar
242.18,10.49,23.03,6.593734,35.03,-27.986954,2.4208663,0.0,1.5395746,-0.235414,-0.25422662,-0.4713319,-0.82123184,Non-Pulsar
242.6,-39.97,339.18,3.5781379,13.702,-27.26296,2.6226456,0.0,0.75167185,-0.18269803,-0.2787705,-0.4059622,0.12117012,Non-Pulsar
242.65,24.24,40.87,0.0,6.123,0.0,2.410861,1.0,0.0,-0.36490503,-0.40813348,-0.079691485,0.46454552,Non-Pulsar
242.69,-66.81,320.79,4.581195,75.75,-27.51177,1.556289,0.0,2.152083,0.3710307,0.28055248,0.23811884,0.29221886,Non-Pulsar
242.78,25.02,41.97,4.033505,5.814,-28.296658,2.6220672,0.0,-0.7387922,-0.011666971,-0.22600786,-0.40039527,3.0553076,Non-Pulsar
242.84,-9.51,2.92,3.6601093,5.245,-28.380323,2.1267712,0.0,-1.528419,-0.8019483,0.18416491,0.37219387,0.2041672,Non-Pulsar
243.06,28.47,46.88,2.3632834,4.815,-28.871332,2.2509882,0.0,-0.5579301,-0.707968,0.38012365,-0.32508922,-2.7115421,Non-Pulsar
243.1,-31.0,345.86,4.585381,24.704,-27.853302,2.0113564,0.0,1.1878427,0.16830476,0.0075442963,0.065541364,0.025245288,Non-Pulsar
243.12,-5.91,6.42,0.0,3.878,0.0,2.5631354,1.0,0.0,0.019575847,-0.9696148,0.881858,0.7663053,Non-Pulsar
243.35,-19.12,355.12,2.7424884,5.619,-28.189362,2.0729928,0.0,-3.4366179,0.017251141,-0.4761332,0.3678772,0.53948027,Non-Pulsar
243.38,-42.42,337.91,2.593685,4.553,-27.37563,2.5661886,0.0,0.055039484,0.9999893,-0.48846838,-0.34050286,0.55473936,Non-Pulsar
243.42,34.2,55.13,4.7858443,32.786,-28.287664,2.4014482,0.0,0.72687227,-0.11659994,-0.23383407,-0.3928332,-0.8061326,Non-Pulsar
243.54,-50.79,332.21,2.5228415,6.525,-25.458014,2.6629364,0.0,1.1601112,-0.28047323,-0.1340706,-0.36089447,-0.10351017,Pulsar
243.6,50.47,78.51,2.5182185,4.646,-29.31852,1.7650267,0.0,0.60427815,0.9883247,0.23885477,0.54701895,0.39149007,Non-Pulsar
243.71,-8.84,4.14,2.7318387,4.598,-28.591936,1.6931815,0.0,-1.4486237,0.9999997,0.53465086,-0.18683049,0.5529181,Non-Pulsar
243.83,-51.61,331.77,2.3127768,24.878,-26.589827,2.1048083,0.0,2.4960392,0.96675116,0.21296416,0.07281462,0.011170925,Pulsar
243.91,21.51,37.64,0.0,12.913,0.0,2.6304822,1.0,0.0,-0.4061747,-0.3952992,-0.034575325,-0.14419784,Non-Pulsar
243.92,47.2,73.87,3.4135873,20.858,-28.7006,2.2068357,0.0,-0.012580762,-0.11371423,-0.13636361,-0.045135044,-0.21897054,Non-Pulsar
244.13,-35.0,343.58,2.0497248,4.987,-27.69959,3.0223198,0.0,1.1282073,-0.3059482,-0.40649062,-0.71707827,1.8047428,Non-Pulsar
244.16,46.51,72.86,3.969137,6.69,-28.592302,2.6078703,0.0,0.7720547,0.3842109,-0.34774306,-0.7848691,0.35975894,Non-Pulsar
244.18,33.46,54.16,3.3757877,9.3,-28.795328,2.26382,0.0,0.49358058,-0.13286433,0.1426404,-0.057391115,14.5909605,Non-Pulsar
244.18,41.12,65.16,3.3844292,12.557,-28.993196,2.1653416,0.0,0.27241307,0.992616,-0.1618712,-0.101014435,-0.19623438,Non-Pulsar
244.32,-25.6,350.68,2.794841,6.408,-27.680077,2.5413358,0.0,0.93285465,0.40987754,-0.028901415,-0.7333824,11.767549,Non-Pulsar
244.33,-15.23,359.0,2.5188026,7.149,-28.602001,1.8317395,0.0,1.0951986,0.57653064,0.28381738,0.28232896,0.22508611,Non-Pulsar
244.35,-58.83,326.96,4.691971,17.448,-27.45182,2.5611367,0.0,1.4994655,0.08471671,-0.24983625,-0.35164568,0.054576688,Non-Pulsar
244.48,-77.3,313.42,6.302598,39.678,-27.870977,2.5804586,0.0,1.6338538,-0.24840991,-0.3469517,-0.45022693,-0.3006779,Non-Pulsar
244.52,51.67,79.99,4.7112694,8.055,-28.804443,2.7152288,0.0,-0.1291922,-0.3612192,-0.14614561,-0.74138755,1.2298412,Non-Pulsar
244.72,6.35,19.86,3.1198733,6.541,-28.621952,2.1991997,0.0,0.31183714,-0.48511463,0.31592262,0.021243682,-31.228493,Non-Pulsar
244.76,75.61,109.06,3.1299787,12.256,-29.06056,1.6554748,0.0,1.0032756,-0.64588284,0.76630706,0.08437983,-0.11228793,Non-Pulsar
244.77,-83.78,308.25,0.0,5.57,0.0,2.4207919,1.0,0.0,-0.46204704,0.02244462,-0.35624853,34.440998,Non-Pulsar
244.92,55.61,85.22,2.378073,14.909,-28.91457,2.3497627,0.0,0.41007653,-0.0713758,-0.21296805,-0.12722719,-0.49663833,Non-Pulsar
245.18,-49.46,333.89,2.0965343,81.804,-26.026752,1.9739164,0.0,3.2332494,0.11431565,0.33022392,0.006645427,-0.47419882,Pulsar
245.35,-0.51,13.13,2.7683668,5.427,-28.691648,1.6307698,0.0,0.50086075,-0.9521837,0.9097955,0.4316923,0.5429359,Non-Pulsar
245.43,-11.06,3.33,4.6256876,9.292,-27.86778,2.3943028,0.0,0.7924206,0.05244604,-0.10832823,-0.4242309,9.471091,Non-Pulsar
245.74,44.03,69.2,2.3583798,5.134,-29.223284,2.1006293,0.0,-0.13170908,-0.5491483,0.3373998,-0.018765446,-1.8103276,Non-Pulsar
245.75,-50.08,333.72,1.7701596,39.783,-26.093494,2.023102,0.0,2.4239366,0.8447294,0.39424828,0.0070850574,-0.53980666,Pulsar
245.87,8.98,23.42,0.0,8.003,0.0,2.0756326,1.0,0.0,0.98571134,-0.21460672,-0.3921308,0.73162913,Non-Pulsar
245.92,57.73,87.79,0.0,9.994,0.0,2.1907663,1.0,0.0,-0.13324717,-0.051008746,-0.100304775,-0.59762347,Non-Pulsar
246.04,-40.71,340.55,2.6667058,43.502,-27.264122,2.0506485,0.0,2.6329072,0.16760647,0.09828961,-0.35276118,-0.44998354,Pulsar
246.17,56.85,86.6,0.0,12.367,0.0,2.1623485,1.0,0.0,0.20250422,-0.23337041,-0.023580983,0.31425667,Non-Pulsar
246.23,-42.18,339.59,1.9517924,6.993,-26.989662,2.907345,0.0,1.3579367,-0.18765312,-0.30735368,-0.5646058,-0.18834233,Non-Pulsar
246.31,-36.01,344.11,2.926266,7.258,-27.436184,2.7504005,0.0,0.88116515,-0.07277053,-0.3204037,-0.5848137,0.3516324,Non-Pulsar
246.45,-25.46,352.14,7.523141,46.06,-26.955372,2.32548,0.0,1.9357338,-0.11779153,-0.14251459,-0.26691642,-0.27316335,Non-Pulsar
246.45,41.57,65.73,4.2994804,20.817,-28.465807,2.345613,0.0,1.2539775,-0.07487844,-0.2325949,-0.34436724,-1.6801131,Non-Pulsar
246.51,54.61,83.59,3.4399335,1.171,-28.974878,2.8,0.0,0.19904648,-0.6604797,0.13020788,-0.9999997,1.0,Non-Pulsar
246.52,-29.85,348.82,6.41374,45.135,-27.375769,2.4919138,0.0,1.7626098,-0.18268482,-0.31127766,-0.43618986,-0.21493702,Non-Pulsar
246.58,35.24,56.93,2.9029343,11.902,-28.897594,1.8270156,0.0,0.25550613,-0.17681555,-0.032505162,0.15185234,0.4254602,Non-Pulsar
246.61,18.34,34.73,0.0,4.209,0.0,2.5897193,1.0,0.0,0.72941196,-0.5805413,0.17616683,0.5001939,Non-Pulsar
246.64,-74.59,315.91,2.2929518,4.373,-28.800074,2.1918535,0.0,0.5593671,-0.9119451,0.814407,0.08433032,-2.8122225,Non-Pulsar
246.66,-76.65,314.28,3.4870884,18.411,-28.513725,1.9217873,0.0,-0.49660155,0.40759245,-0.12779441,-0.0005052086,0.33878574,Non-Pulsar
246.71,43.62,68.59,0.0,4.39,0.0,3.1365309,1.0,0.0,-0.5520895,-0.6365849,-0.29230925,-0.16413613,Non-Pulsar
246.83,31.81,52.28,3.0420265,8.276,-28.907875,1.9296124,0.0,0.4984023,-0.04327828,-0.013508778,0.3237059,0.4205588,Non-Pulsar
246.85,47.98,74.59,3.1547277,7.517,-28.679115,2.5459836,0.0,0.85056436,0.10764336,-0.27206808,-0.6219913,-2.1258035,Non-Pulsar
246.85,-33.03,346.62,1.9948905,6.551,-27.517715,2.605272,0.0,0.7333465,0.76565343,-0.39154026,-0.09320458,0.33742452,Non-Pulsar
246.94,2.86,17.53,3.307323,8.631,-28.715246,1.9396276,0.0,1.0086325,0.05405522,0.4750296,-0.032226022,-0.64477533,Non-Pulsar
247.08,-33.72,346.24,0.0,11.743,0.0,2.10087,1.0,0.0,-0.47901046,-0.21015306,0.10506524,0.42597347,Non-Pulsar
247.15,77.11,110.3,5.5358963,48.642,-28.287142,2.0184064,0.0,1.3142742,0.017229032,0.028452743,-0.11207874,-0.23451166,Non-Pulsar
247.21,25.49,43.97,2.3037944,4.106,-29.028744,1.9554828,0.0,0.59268934,0.9779314,0.6399841,0.0043773036,8.154644,Non-Pulsar
247.22,-61.83,325.79,4.682478,16.402,-27.52652,2.7874048,0.0,1.5986108,-0.15397017,-0.32162842,-0.5527459,-0.77485627,Non-Pulsar
247.67,82.57,115.84,2.152138,45.705,-28.202145,2.266339,0.0,1.693509,0.01385372,-0.1389503,-0.30175444,-1.1998454,Non-Pulsar
247.68,52.35,80.4,5.1086793,58.748,-28.087582,1.8974471,0.0,1.4568938,0.0924744,0.07220303,-0.00011716276,0.04183511,Non-Pulsar
247.76,-53.04,332.45,2.0058742,6.825,-27.153559,2.6206408,0.0,-0.2042977,-0.4335103,-0.22239965,-0.57569563,-0.13428658,Non-Pulsar
247.8,49.45,76.48,0.0,7.018,0.0,2.4974592,1.0,0.0,-0.17170808,-0.518497,0.12051552,0.36698538,Non-Pulsar
247.8,10.78,26.48,4.091605,10.59,-28.290756,2.4088852,0.0,0.66154504,0.044685133,-0.23717009,-0.10075155,-0.623859,Non-Pulsar
247.88,42.33,66.76,2.7031837,4.939,-29.237867,1.8695691,0.0,-0.74582034,-0.7531459,0.10081447,0.1850257,-0.02945575,Non-Pulsar
248.06,8.9,24.56,3.656047,10.276,-28.373047,2.2270465,0.0,-0.4424551,-0.3969084,-0.016052864,-0.19548506,-2.161925,Non-Pulsar
248.11,58.01,87.73,2.852122,6.822,-29.265923,1.7960413,0.0,0.23582251,-0.76862997,0.47469375,0.27844888,0.21569444,Non-Pulsar
248.2,-10.81,5.37,5.071083,10.028,-27.794746,2.6031404,0.0,-0.19987099,-0.39419657,-0.343592,-0.18052469,-0.56051254,Non-Pulsar
248.39,28.11,47.7,2.708928,4.949,-28.685589,2.60576,0.0,0.20108677,-0.44777074,-0.22953051,-0.4250026,7.1316442,Non-Pulsar
248.45,7.03,22.77,3.368546,10.908,-28.465029,2.1516392,0.0,0.15051146,-0.06422581,0.067164496,-0.0007390048,-1.0905979,Non-Pulsar
248.74,12.37,28.74,2.3483136,3.49,-28.316553,1.6737208,0.0,0.5706625,0.9982512,-0.104776286,-0.98904896,1.0024623,Non-Pulsar
248.82,38.14,61.09,9.294916,173.677,-27.27924,2.3540146,0.0,3.136577,-0.0829143,-0.23164502,-0.3807243,-1.4019693,Non-Pulsar
248.83,9.18,25.28,3.470041,4.982,-28.16041,2.673161,0.0,0.41092688,-0.08398882,-0.42068332,-0.39938492,-0.9986921,Non-Pulsar
248.9,35.01,56.9,3.3010583,7.161,-29.445904,1.918341,0.0,1.1133677,0.99998426,0.42509678,-0.072771385,-0.71042675,Non-Pulsar
248.92,36.48,58.87,0.0,11.388,0.0,2.6744897,1.0,0.0,-0.34768638,-0.3787207,-0.14642479,-0.9585867,Non-Pulsar
249.1,71.48,103.85,0.0,6.991,0.0,2.83154,1.0,0.0,-0.3606678,-0.62301546,-0.22982739,0.5676811,Non-Pulsar
249.14,-4.91,11.32,0.0,4.882,0.0,1.7951801,1.0,0.0,-0.065639034,0.25250474,-0.3050876,-0.3676268,Non-Pulsar
249.2,26.47,45.81,2.6954532,12.692,-28.679514,1.9385923,0.0,0.96593875,0.980854,-0.027348593,0.035436742,0.28180557,Non-Pulsar
249.24,-41.07,341.95,3.263367,9.569,-27.077822,2.5948896,0.0,0.7671245,0.168529,-0.1987057,-0.40390897,0.15781975,Non-Pulsar
249.29,13.27,30.03,0.0,5.792,0.0,2.2368886,1.0,0.0,-0.49462748,-0.24414876,0.02020973,0.20386548,Non-Pulsar
249.32,43.46,68.29,2.1688182,6.39,-29.132475,1.944915,0.0,-0.1017622,0.74754137,-0.4420742,0.43575153,0.48527703,Non-Pulsar
249.41,45.81,71.45,2.6358964,6.119,-29.154957,1.9776573,0.0,-2.133602,0.9965203,0.16446702,-0.52348685,-0.3466451,Non-Pulsar
249.43,47.29,73.44,6.765853,41.691,-28.34265,2.3629127,0.0,0.8718479,-0.19987221,-0.22733033,-0.25820556,-0.42014122,Non-Pulsar
249.45,73.44,106.0,3.3919263,7.979,-29.232353,1.7512299,0.0,0.5876004,0.99059135,0.9947312,0.5376929,0.061499905,Non-Pulsar
249.47,-34.82,346.75,3.5638993,27.74,-27.724958,1.714394,0.0,1.3335903,-0.2913161,0.26572278,0.23835222,0.19308786,Non-Pulsar
249.52,0.7,16.92,2.6233294,6.219,-28.640236,1.8053088,0.0,-0.44223619,0.9953964,-0.25478747,0.4010396,0.3805697,Non-Pulsar
249.53,57.36,86.67,4.6291265,24.578,-28.575813,2.6100416,0.0,1.1993376,-0.3596378,-0.31613338,-0.5848413,2.9040916,Non-Pulsar
249.82,41.5,65.66,4.715821,16.151,-28.318323,2.2783995,0.0,0.75797284,-0.09380861,-0.06126238,-0.43528917,-17.369053,Non-Pulsar
250.05,6.49,23.09,0.0,11.062,0.0,1.8428818,1.0,0.0,0.017308844,-0.1145957,-0.008332147,0.5232937,Non-Pulsar
250.08,68.85,100.67,3.266576,8.186,-28.885569,1.9122268,0.0,-0.1699694,-0.39769357,-0.30986258,-0.011516573,0.4380085,Non-Pulsar
250.12,39.76,63.35,6.1650944,40.333,-27.524042,2.4415529,0.0,0.39670575,-0.3510961,-0.1589115,-0.23316711,-2.6094098,Non-Pulsar
250.25,11.72,28.78,2.787029,10.797,-28.406757,2.3515866,0.0,-1.9479697,-0.085658975,-0.33532253,-0.11904926,0.293719,Non-Pulsar
250.32,-53.3,333.29,2.530342,29.919,-27.486,2.1378944,0.0,2.3636353,0.80779606,0.04254852,-0.48335993,-0.14868559,Pulsar
250.49,-6.35,10.82,5.1216316,24.498,-27.45873,2.311686,0.0,1.3918133,-0.06995265,-0.03737639,-0.1605848,-0.7868838,Non-Pulsar
250.59,-81.14,311.02,3.0560489,5.51,-28.405638,2.3692203,0.0,-0.8312471,-0.45270708,-0.5656264,-0.0632346,0.79342633,Non-Pulsar
250.61,22.2,41.0,2.275896,7.007,-28.723549,2.0164309,0.0,-1.2734876,0.53774166,-0.47018757,0.071397364,0.64288235,Non-Pulsar
250.62,68.93,100.67,0.0,4.839,0.0,2.3799365,1.0,0.0,0.88752955,-0.032507632,0.11602832,0.066300794,Non-Pulsar
250.73,39.82,63.46,6.5306416,64.956,-27.28333,2.4119515,0.0,1.4973257,-0.062346604,-0.2200387,-0.33724457,-0.3750479,Non-Pulsar
250.76,32.4,53.77,0.0,7.913,0.0,2.3547463,1.0,0.0,-0.3680981,-0.008006739,0.074254595,-1.2784659,Non-Pulsar
250.77,-77.25,314.4,2.4570465,5.465,-28.239283,2.5094373,0.0,-1.2289835,-0.2583309,-0.68644637,0.07435008,0.7411932,Non-Pulsar
250.88,-6.77,10.67,3.711131,9.459,-27.83966,2.1697855,0.0,-0.085756935,-0.30332127,-0.26744005,-0.08338675,0.46284878,Non-Pulsar
250.94,33.3,54.97,2.4526122,7.652,-29.110188,1.3811251,0.0,0.9851435,-0.9998225,0.9991831,0.55969805,0.39792606,Non-Pulsar
251.06,45.78,71.35,2.3336258,8.131,-29.133497,1.8634102,0.0,-0.22575921,0.99976975,0.38489053,-0.35419217,-22.390308,Non-Pulsar
251.14,-46.05,339.12,2.258779,7.86,-25.71201,2.8129864,0.0,1.5557957,0.9882452,-0.0028896416,-0.5222477,-0.57873356,Non-Pulsar
251.22,-21.91,357.89,2.2128978,7.561,-27.50257,2.3824928,0.0,0.5071157,-0.41885206,0.11024614,-0.41174832,2.745568,Non-Pulsar
251.23,26.35,46.25,4.3017707,16.025,-28.41343,2.7936816,0.0,0.5446406,-0.34987816,-0.5314705,-0.318274,0.26952925,Non-Pulsar
251.41,63.5,94.05,5.1303916,26.301,-28.527456,2.3783555,0.0,1.5557281,-0.035046276,-0.2809231,-0.57555753,-1.0595528,Non-Pulsar
251.51,-9.71,8.41,2.9559333,7.24,-27.99933,2.1157064,0.0,0.16642623,-0.65105575,0.03649522,-0.3692344,0.6123972,Non-Pulsar
251.66,74.37,106.74,3.0292757,5.928,-29.526356,1.8400822,0.0,0.9758532,0.85544074,0.2815261,-0.10612735,-0.02366335,Non-Pulsar
251.7,-13.5,5.21,3.1229515,5.511,-28.375782,1.8619765,0.0,-0.18870194,-0.5390996,-0.04683496,0.26722088,0.5186758,Non-Pulsar
251.76,60.67,90.51,3.3475215,4.193,-29.17188,2.1454918,0.0,-1.798499,0.41295946,-0.5076414,0.2892414,0.5872946,Non-Pulsar
251.79,61.83,91.95,3.1388507,10.032,-29.055069,1.9907215,0.0,0.2291341,-0.5497976,0.44363058,0.05912842,-3.8071494,Non-Pulsar
251.87,-64.65,325.02,3.4327044,21.475,-28.242504,2.2630177,0.0,0.6610211,-0.041614596,-0.12876552,-0.09715313,-0.44514948,Non-Pulsar
251.88,29.18,49.95,0.0,9.045,0.0,2.2555385,1.0,0.0,-0.5416975,0.03939026,-0.2968184,-0.33806664,Non-Pulsar
251.89,49.83,76.65,4.843606,49.666,-28.454674,2.3443413,0.0,-0.7340396,-0.13253582,-0.23900291,-0.26686037,0.12451811,Non-Pulsar
251.9,-12.18,6.48,3.567677,4.897,-27.762651,2.6134856,0.0,0.92861545,0.37763664,-0.5022675,0.053347573,0.46168435,Non-Pulsar
252.02,22.35,41.69,4.093842,7.665,-28.462465,2.6161733,0.0,-0.789069,-0.16149917,-0.40792108,-0.27508938,-0.3598983,Non-Pulsar
252.04,-29.34,352.42,2.5907552,5.568,-27.6824,2.54608,0.0,1.0033329,-0.04399553,-0.06262852,-0.90933776,1.5325224,Non-Pulsar
252.07,42.55,67.12,5.490908,27.81,-28.40316,2.2526283,0.0,0.9291742,0.013785734,-0.15446818,-0.29736477,-0.3272158,Non-Pulsar
252.11,-46.2,339.44,2.5608475,33.533,-26.293098,2.0554311,0.0,2.426817,0.9286947,0.3772963,-0.04320751,-0.38277173,Pulsar
252.34,82.88,115.8,2.2688901,5.458,-28.907093,2.1672869,0.0,0.5932555,-0.28619522,0.36891344,0.16534585,-0.3420157,Non-Pulsar
252.36,52.59,80.18,5.4115295,40.157,-28.28077,2.0169778,0.0,1.0648466,0.07561448,-0.014166614,-0.025056249,-0.08755292,Non-Pulsar
252.41,4.19,22.04,4.3863497,5.872,-28.122334,2.5371542,0.0,0.7672634,0.995753,-0.47516966,-0.17043704,0.20917702,Non-Pulsar
252.59,-50.75,336.14,5.8632803,42.209,-26.902021,2.2892163,0.0,0.9805047,-0.08161865,-0.15064283,-0.21508667,-0.0133011425,Non-Pulsar
252.6,-46.02,339.8,2.6266418,30.504,-25.87455,2.3839755,0.0,2.4236016,0.49303398,0.012702815,-0.27002072,-0.22923042,Pulsar
252.7,8.52,26.61,4.0056167,13.95,-28.03664,2.3689046,0.0,1.0960159,-0.24413009,-0.11085588,-0.44599944,7.5688777,Non-Pulsar
252.74,4.5,22.53,2.9110608,7.335,-28.580957,1.8685623,0.0,0.6827839,-0.8245454,0.40878123,-0.08701373,0.62145203,Non-Pulsar
252.76,-15.39,4.23,2.9062843,4.659,-27.760317,2.4442308,0.0,0.80095726,-0.38688904,0.28824267,-0.69893205,1.5824573,Non-Pulsar
252.91,72.33,104.27,3.447212,16.646,-28.906124,1.8386134,0.0,-0.9227048,0.6492455,-0.04378601,0.013454555,0.46326602,Non-Pulsar
253.2,40.41,64.4,3.4734504,15.01,-28.545076,1.990441,0.0,0.32593524,-0.1727998,0.117433496,0.05215452,-0.23588869,Non-Pulsar
253.47,39.76,63.6,6.5570283,186.864,-26.99307,1.7520078,0.0,1.098474,0.18719974,0.1426593,0.12595807,0.19112338,Non-Pulsar
253.51,-35.16,348.64,0.0,9.543,0.0,2.3245704,1.0,0.0,-0.16303802,-0.09481145,-0.19638102,0.08571807,Non-Pulsar
253.79,-22.65,358.78,2.517867,4.422,-28.306677,1.8927819,0.0,-2.7917829,0.08573768,-0.047219187,0.040076323,0.6047604,Non-Pulsar
253.99,32.81,54.92,2.5377655,5.364,-28.809118,2.6176817,0.0,-0.22814508,-0.08909797,-0.44332555,-0.42347482,0.48578915,Non-Pulsar
254.0,20.78,40.59,4.105077,10.306,-28.463377,2.492617,0.0,-0.5523466,-0.15379958,-0.28249723,-0.32659826,-0.97785896,Non-Pulsar
254.09,-33.02,350.63,5.061771,15.725,-27.212105,2.9306505,0.0,1.5089265,-0.228158,-0.5289462,-0.5487599,0.31318533,Non-Pulsar
254.24,-20.18,1.08,3.1224198,21.14,-27.909512,1.7512505,0.0,1.0320312,0.6562229,0.23345268,0.0603502,0.20520832,Non-Pulsar
254.26,60.17,89.57,3.7817461,10.319,-28.844795,2.4951432,0.0,-0.7139945,0.100700475,-0.31022817,-0.17421435,-0.7037744,Non-Pulsar
254.43,-61.34,328.41,3.0111215,5.987,-28.237194,2.2472963,0.0,-1.540942,-0.71727896,-0.22264987,0.25874814,0.4470957,Non-Pulsar
254.44,48.14,74.36,6.5545125,59.451,-28.188198,2.3361201,0.0,1.6176339,-0.17140871,-0.2035837,-0.33442456,-0.83443564,Non-Pulsar
254.44,7.63,26.59,0.0,5.201,0.0,2.8374467,1.0,0.0,-0.4519151,-0.11817456,-0.70847887,1.2203861,Non-Pulsar
254.62,61.85,91.61,2.5444236,9.759,-29.068314,2.1329353,0.0,-0.29634908,-0.5795014,0.17427188,0.04724611,-1.222016,Non-Pulsar
254.77,26.46,47.44,3.086032,5.48,-28.441185,2.6249998,0.0,-0.7844228,-0.42454994,-0.45846885,-0.61108965,0.679248,Non-Pulsar
254.95,-31.52,352.26,4.816456,24.502,-27.662392,2.229608,0.0,-0.040033188,-0.2778829,-0.13117242,-0.05853699,0.0066583105,Non-Pulsar
255.02,68.5,99.57,7.9828944,122.024,-27.856037,2.2486112,0.0,2.372301,-0.05650991,-0.13828401,-0.28166518,-1.0612582,Non-Pulsar
255.26,66.23,96.83,4.2378526,19.383,-28.499516,2.5419717,0.0,0.9163259,-0.25631982,-0.30804518,-0.45726553,-7.867167,Non-Pulsar
255.33,39.94,64.01,3.1677706,11.968,-28.75021,2.2871768,0.0,0.6714844,0.24423711,-0.02490411,-0.30513796,4.195382,Non-Pulsar
255.44,-56.36,332.77,2.614827,4.633,-27.610651,2.4724078,0.0,-1.4771063,0.9991268,-0.5685756,-0.28292716,0.68718565,Non-Pulsar
255.56,26.71,47.97,3.417138,11.841,-28.688402,2.116607,0.0,0.4952743,0.9930721,0.029418962,-0.090008445,-1.1770064,Non-Pulsar
255.67,31.25,53.38,2.6827462,18.456,-28.635244,1.8608791,0.0,0.5380415,0.011634861,-0.005161166,0.24465694,0.3252602,Non-Pulsar
255.74,-41.53,344.72,2.0121024,10.333,-25.861176,2.7512083,0.0,1.6846651,0.9155996,0.14296493,-0.5576849,-86.32774,Pulsar
255.91,-62.22,328.11,6.4915276,47.303,-27.518986,2.409209,0.0,1.9735186,-0.07271294,-0.23393491,-0.29550332,-0.22999483,Non-Pulsar
256.04,76.79,108.96,6.00535,31.385,-28.265768,2.4802597,0.0,0.8364443,-0.16947815,-0.33393666,-0.2238487,-0.10744033,Non-Pulsar
256.06,12.58,32.48,3.5225825,10.886,-28.420176,2.1837132,0.0,-0.24112809,-0.43654045,0.046888262,-0.14726771,-0.3841904,Non-Pulsar
256.14,-5.46,14.94,0.0,22.094,0.0,1.967484,1.0,0.0,-0.18408802,-0.10791558,0.08650742,0.35365224,Non-Pulsar
256.25,71.58,103.02,2.8858888,9.916,-29.012766,2.24923,0.0,-0.943262,-0.40261865,0.005034754,-0.07199735,-1.6525526,Non-Pulsar
256.34,-69.78,321.79,0.0,4.17,0.0,2.5251603,1.0,0.0,-0.55657196,-0.27141508,0.007106572,0.29662356,Non-Pulsar
256.37,54.6,82.46,2.4213324,13.425,-28.953674,1.6883341,0.0,0.85837513,0.94144166,0.4330721,0.23508434,-0.18422371,Non-Pulsar
256.38,-74.4,317.72,2.5297873,6.75,-28.978159,1.6251721,0.0,-0.6944633,-0.46523637,0.37756985,-0.21789663,0.124153025,Non-Pulsar
256.4,-19.17,3.14,2.3953013,9.685,-27.985096,2.671918,0.0,1.7390007,0.9988409,0.06139621,-0.7087604,-6.9749575,Pulsar
256.54,10.01,30.05,3.6854475,5.93,-28.098185,2.770644,0.0,0.32590297,-0.16982676,-0.4074215,-0.8540894,3.174568,Non-Pulsar
256.72,30.07,52.23,0.0,6.431,0.0,2.1471257,1.0,0.0,0.9999068,-0.5312966,0.23671125,0.53937596,Non-Pulsar
256.74,45.72,71.35,3.6461408,7.29,-28.624393,2.749087,0.0,0.36234906,-0.37010968,-0.2697854,-0.5132722,1.7477823,Non-Pulsar
256.78,-19.53,3.05,2.8119957,8.191,-28.003885,2.2279248,0.0,1.1561089,0.97889364,0.004333247,-0.052998,-0.03231853,Non-Pulsar
256.88,16.82,37.34,3.5830436,12.316,-28.440483,2.2878358,0.0,0.6052346,-0.13026318,-0.0005055302,-0.15243039,13.962306,Non-Pulsar
256.99,0.27,20.72,3.5175297,5.13,-28.501396,1.9908657,0.0,-0.03963553,0.9999737,-0.54950416,0.30643407,0.5826803,Non-Pulsar
257.25,-35.43,350.29,2.195818,5.878,-26.955074,2.6148994,0.0,0.35146555,-0.59453607,-0.18817212,-0.38094935,0.10458551,Non-Pulsar
257.43,-44.49,343.1,2.4137733,431.37,-25.43671,2.2109447,0.0,4.4898586,0.2565978,0.088955715,-0.19667059,-0.584934,Pulsar
257.43,43.31,68.39,7.7453704,63.251,-28.104889,2.254304,0.0,1.670868,-0.039707385,-0.20071836,-0.23941363,-0.21415173,Non-Pulsar
257.54,-20.51,2.65,2.464728,7.373,-27.903938,2.3237612,0.0,0.9349893,-0.17227341,0.21787438,-0.5512681,6.3361325,Non-Pulsar
257.59,-39.72,347.01,2.745155,15.102,-25.923386,2.6100924,0.0,1.8961359,0.32275587,-0.10959617,-0.3775869,-0.13669269,Non-Pulsar
257.78,2.7,23.45,2.600719,4.005,-28.763319,1.8564676,0.0,0.5206221,0.9996645,-0.81944525,0.9941709,0.34629792,Non-Pulsar
257.78,-46.01,342.02,2.7996578,4.205,-26.95457,2.7704165,0.0,0.90931445,0.9097183,-0.29740503,-0.28116077,0.29204202,Non-Pulsar
257.9,-50.45,338.45,3.2782261,11.497,-27.410137,2.6178644,0.0,0.26011515,-0.13291997,-0.525603,-0.14623976,0.42834648,Non-Pulsar
258.14,-31.7,353.75,1.8419948,6.353,-27.15094,2.7478178,0.0,1.0976813,0.56451374,-0.30312344,-0.60101855,0.19144529,Non-Pulsar
258.19,29.54,52.0,2.2226677,17.431,-28.50761,1.6598731,0.0,0.9324307,0.13785222,0.3556344,-0.028930563,0.31483608,Non-Pulsar
258.32,-34.29,351.73,2.5695398,4.104,-27.665567,2.0805144,0.0,-0.10298514,-0.971294,0.9874526,0.5786107,0.61146915,Non-Pulsar
258.45,88.74,121.63,2.5644917,5.517,-29.118261,1.9419097,0.0,0.2691443,0.9994706,0.6352104,0.27055424,0.07433658,Non-Pulsar
258.52,-20.49,3.2,3.3250046,11.111,-28.20235,1.6078991,0.0,-0.31993017,1.0,0.99805415,0.1070372,0.35696614,Non-Pulsar
258.61,-38.51,348.45,2.3972518,30.777,-25.418215,2.493553,0.0,2.0977328,-0.09409834,0.044530805,-0.26797324,-2.5968826,Pulsar
258.77,26.27,48.43,2.6551733,4.527,-28.70034,2.4306076,0.0,-0.008513287,-0.22920501,-0.11812102,-0.12605023,7.5328126,Non-Pulsar
258.87,-40.43,347.01,3.3889492,9.159,-27.02541,2.08064,0.0,0.7375647,0.31734365,0.156547,0.0498894,0.098427564,Non-Pulsar
258.97,21.86,43.61,2.3210166,5.668,-28.56948,2.369734,0.0,-0.33368275,-0.4082396,-0.1887532,-0.43868428,0.37045032,Non-Pulsar
259.03,68.61,99.27,0.0,25.1,0.0,2.363456,1.0,0.0,-0.2643628,-0.222162,-0.09925288,-0.22214428,Non-Pulsar
259.08,-34.35,352.05,2.8808057,8.191,-27.043118,2.3618345,0.0,1.0494761,-0.41179568,0.41221532,-0.24925071,-0.66759187,Non-Pulsar
259.15,-67.12,324.71,0.0,4.018,0.0,2.357963,1.0,0.0,-0.6697762,-0.02453471,0.1821987,0.10713319,Non-Pulsar
259.34,-60.75,330.3,2.624752,8.853,-28.601807,2.1139214,0.0,1.3105439,0.9993386,0.23031232,-0.17390274,-0.5536376,Non-Pulsar
259.38,-81.24,311.69,0.0,11.596,0.0,2.11799,1.0,0.0,0.28783587,-0.21887447,0.070448294,0.33444613,Non-Pulsar
259.4,-33.7,352.74,5.551061,20.246,-26.385784,2.5240955,0.0,1.2839918,-0.31551743,-0.1814723,-0.33608514,-0.3430774,Non-Pulsar
259.4,-51.91,337.79,6.2220864,18.795,-27.351513,2.5248764,0.0,1.5856179,-0.010006078,-0.25911692,-0.3733994,0.072732545,Non-Pulsar
259.52,-30.93,355.07,2.732306,12.412,-27.57808,2.009353,0.0,1.1528244,0.99857306,-0.06685969,0.14689185,0.22899635,Non-Pulsar
259.56,-38.43,348.95,1.2881731,47.799,-25.742506,2.5298193,0.0,2.722714,0.20469981,-0.12438976,-0.38909957,-0.20804238,Pulsar
259.81,17.75,39.53,7.28441,46.329,-27.906355,1.9646684,0.0,1.586962,0.026876407,0.067325205,-0.07938354,-0.12529312,Non-Pulsar
259.83,12.1,33.7,0.0,12.229,0.0,1.7824615,1.0,0.0,-0.53361166,-0.13936669,0.24660614,0.5635711,Non-Pulsar
260.02,-51.02,338.76,2.4322186,5.838,-27.52742,3.054476,0.0,1.3342004,-0.094971895,-0.49255636,-0.99830407,1.0021881,Non-Pulsar
260.07,38.41,62.78,2.6169765,7.832,-28.673943,2.4188895,0.0,-0.6374853,0.9907446,-0.35025433,-0.35576275,0.18002601,Non-Pulsar
260.21,-19.63,4.82,3.0659232,6.868,-27.67452,2.449716,0.0,-0.07657579,0.0671749,-0.46864602,0.15485828,0.35530147,Pulsar
260.66,61.07,90.16,4.334583,8.195,-28.57066,2.8489313,0.0,0.50924337,-0.43649092,-0.4372278,-0.86597556,465.8384,Non-Pulsar
260.69,10.23,32.23,4.923077,29.251,-27.781273,2.1610608,0.0,0.9075197,-0.070284024,-0.08414141,-0.15921025,-0.07620018,Non-Pulsar
260.92,-77.24,315.68,7.1701703,71.124,-27.703178,2.1699462,0.0,2.0698938,-0.023473918,-0.07885821,-0.21164666,-0.5754814,Non-Pulsar
261.05,33.07,56.76,0.0,7.29,0.0,2.1492066,1.0,0.0,-0.42972472,-0.12317311,0.16439405,0.24331379,Non-Pulsar
261.05,40.09,64.91,6.073929,30.606,-28.253445,2.410729,0.0,1.1256618,-0.19943695,-0.22417343,-0.38342485,-3.3765883,Non-Pulsar
261.07,-65.02,326.99,2.0766444,6.572,-28.279013,2.529917,0.0,-0.791923,-0.5954166,-0.42803374,-0.010237243,0.57362676,Non-Pulsar
261.23,76.92,108.68,4.3136544,11.511,-28.470621,2.713932,0.0,-0.62420917,-0.33522752,-0.37498027,-0.5261673,-0.7923891,Non-Pulsar
261.27,11.87,34.13,4.0096083,74.612,-27.34238,1.7665778,0.0,1.4354347,0.03645313,0.13929409,0.14222983,0.19841418,Non-Pulsar
261.36,52.91,80.29,0.0,4.141,0.0,1.8584167,1.0,0.0,-0.44141528,-0.04726857,-0.016323786,0.5788952,Non-Pulsar
261.39,58.86,87.46,4.4094377,22.082,-28.813036,2.1317525,0.0,0.507771,0.275458,-0.0852048,0.0753071,-0.3572487,Non-Pulsar
261.81,6.74,29.34,3.3379066,2.921,-27.981895,2.7472415,0.0,0.44210455,-0.24898866,-0.52620655,-0.21368378,0.0107931625,Non-Pulsar
261.85,45.51,71.43,7.1057477,80.089,-28.057133,2.3346117,0.0,2.0469773,-0.120417975,-0.24411336,-0.36062303,-0.5596367,Non-Pulsar
261.99,-6.91,16.79,2.4842675,4.608,-27.51333,2.6226308,0.0,0.45797783,-0.42272633,-0.29890347,-0.22227933,-1.227012,Non-Pulsar
262.02,12.28,34.86,4.710393,17.808,-27.768885,2.4691427,0.0,0.8355928,0.019378824,-0.1822804,-0.3800906,-1.1954352,Non-Pulsar
262.08,50.23,77.08,5.299521,64.907,-27.903254,1.7296035,0.0,0.63644177,0.050403915,0.14596353,0.19475424,0.22583403,Non-Pulsar
262.12,4.46,27.31,4.369341,17.698,-27.756144,2.5137758,0.0,1.3107891,-0.21534288,-0.34498325,-0.4101988,-0.32194844,Non-Pulsar
262.13,-73.05,319.81,4.356913,13.29,-28.338295,2.584293,0.0,0.051517084,-0.34824565,-0.2565002,-0.55645186,-11.056827,Non-Pulsar
262.15,-74.8,318.15,3.8944674,8.192,-28.429657,2.5114322,0.0,1.2510629,0.599487,-0.20694986,-0.7292101,2.4230292,Non-Pulsar
262.64,-33.88,354.11,2.5710578,12.948,-25.625504,2.7651951,0.0,1.5885904,-0.24843764,-0.3199291,-0.44431412,0.410606,Pulsar
262.66,0.41,23.79,6.0180945,23.547,-27.828125,2.1319304,0.0,1.4417737,0.19964507,-0.018884912,-0.18968946,-0.11916594,Non-Pulsar
262.66,38.09,62.85,2.8215506,5.608,-28.737797,2.1692502,0.0,-0.6035108,0.68992877,-0.23542006,-0.09416705,0.2889721,Non-Pulsar
262.7,37.26,61.91,3.5844002,14.417,-28.781315,1.8226585,0.0,1.1054703,-0.2983597,0.5518983,-0.124032885,-1.1417277,Non-Pulsar
262.92,-30.05,357.44,3.0477922,17.458,-27.035677,2.125208,0.0,1.4200568,0.9921013,0.45935953,-0.14346436,-0.7279484,Non-Pulsar
262.98,-27.33,359.75,2.6609375,8.252,-26.918264,2.3283453,0.0,-0.74264103,-0.28519598,-0.025570262,-0.449561,2.081621,Non-Pulsar
263.15,-31.52,356.31,1.9740688,109.628,-26.020887,2.2535415,0.0,3.5951056,0.6343327,0.37402388,-0.18790627,-0.59334373,Pulsar
263.26,-13.09,12.03,7.1140943,65.693,-27.114626,2.285435,0.0,2.1018543,-0.059876665,-0.16013332,-0.22753847,-0.43496218,Non-Pulsar
263.35,15.35,38.51,3.5053277,4.892,-28.369022,2.5957813,0.0,0.6471158,-0.13614967,-0.009829427,-0.39066178,1.5455675,Non-Pulsar
263.37,-39.72,349.53,3.0055764,12.358,-27.460962,2.2305553,0.0,-0.5001139,0.3584004,-0.21736887,-0.02656309,0.18237226,Non-Pulsar
263.37,45.29,71.32,0.0,4.186,0.0,1.8900181,1.0,0.0,-0.9963606,0.99362636,-0.28211358,24.804216,Non-Pulsar
263.37,54.48,82.2,2.360219,8.796,-28.463158,2.849817,0.0,0.9337077,-0.1443032,-0.7469294,-0.3772517,0.70862716,Non-Pulsar
263.42,-60.91,331.24,0.0,11.383,0.0,2.3899336,1.0,0.0,-0.07792674,-0.15988468,-0.13438976,-0.2707999,Non-Pulsar
263.51,8.09,31.44,3.0010312,4.883,-28.127779,2.629068,0.0,1.0662757,-0.33226964,-0.18795972,-0.6121014,3.1167102,Non-Pulsar
263.6,38.98,64.04,7.3886037,73.009,-27.853825,2.2572575,0.0,1.8959174,-0.1088902,-0.13287216,-0.29596013,-0.6214075,Non-Pulsar
263.77,-1.55,22.55,2.1663556,5.304,-28.583025,1.850502,0.0,0.5263014,0.94838506,0.997511,0.4587462,0.26201522,Non-Pulsar
263.87,-11.31,13.88,2.110499,8.625,-27.936697,2.057963,0.0,-0.44271603,0.1438635,0.54577625,0.028037425,-0.0949861,Non-Pulsar
263.97,-59.54,332.59,2.4888546,8.516,-28.460611,2.1765049,0.0,-0.18551478,-0.5782653,-0.43576294,0.37414756,0.55801076,Non-Pulsar
264.02,20.56,44.08,3.9552581,19.032,-28.377457,1.7421986,0.0,1.1241978,0.55620205,0.31706238,0.12378164,0.09925537,Non-Pulsar
264.03,-34.38,354.31,2.8697145,18.41,-26.663471,2.1424522,0.0,1.8400114,0.77132523,0.36078066,-0.18088874,-0.21029063,Pulsar
264.17,6.48,30.21,3.0591419,10.582,-27.94051,2.6431322,0.0,-0.28116465,-0.26353854,-0.46812415,-0.26671857,0.39879444,Non-Pulsar
264.23,-33.96,354.75,2.6465282,6.115,-26.248703,2.5733578,0.0,0.8891942,0.9010292,0.04225176,-0.3517385,-0.37482285,Non-Pulsar
264.42,-15.06,10.91,3.270761,3.802,-27.541988,2.6254442,0.0,0.5058007,-0.32254896,-0.32103482,-0.58007777,0.3831945,Non-Pulsar
264.5,87.29,120.01,5.6537094,9.06,-28.8879,2.234095,0.0,-0.012445566,0.8592088,-0.32387826,0.07945756,0.2208246,Non-Pulsar
264.51,2.61,26.74,2.328105,4.505,-27.843836,2.8241417,0.0,0.009004344,-0.14467278,-0.59290576,-0.9224629,0.9684102,Non-Pulsar
264.56,40.01,65.39,0.0,4.717,0.0,2.4503326,1.0,0.0,-0.1385849,0.024262698,-0.5965759,1.9313557,Non-Pulsar
264.58,32.48,56.97,3.1510224,4.549,-28.482706,2.8648348,0.0,0.68211436,-0.45522165,-0.560838,0.21272303,0.15288241,Non-Pulsar
264.72,38.37,63.56,2.1063337,6.763,-29.029009,1.89355,0.0,-1.4480023,0.0844178,0.32435906,-0.46035904,9.631262,Non-Pulsar
264.72,-34.31,354.68,2.0984633,5.297,-26.917923,2.428621,0.0,0.9354755,0.1330778,-0.061843235,-0.30553576,-0.14617376,Non-Pulsar
264.87,-30.26,358.17,2.5661268,11.242,-26.025671,2.6155245,0.0,1.8274271,0.9954362,0.32696116,-0.5823993,-0.045013394,Pulsar
264.89,49.93,76.9,5.649543,38.645,-28.249542,2.2911363,0.0,0.88490236,-0.100977845,-0.12370541,-0.356284,-0.9086535,Non-Pulsar
265.02,47.62,74.21,3.0836809,19.565,-28.747952,2.0767207,0.0,0.45434234,-0.34065902,-0.017083764,0.077861845,-0.20549381,Non-Pulsar
265.14,52.19,79.56,7.105754,71.725,-28.061813,2.4165263,0.0,1.2688092,-0.1929328,-0.28023645,-0.26909506,-0.26875108,Non-Pulsar
265.15,10.1,34.12,1.8727376,6.743,-27.924774,2.8343668,0.0,0.72763956,-0.34037536,-0.6572295,-0.25548694,0.6503883,Pulsar
265.16,53.77,81.41,4.225787,22.626,-28.593588,1.8604132,0.0,1.2284671,0.04090304,0.13197368,0.107009366,0.020240478,Non-Pulsar
265.28,72.44,103.32,2.6244483,8.837,-29.082949,2.1675506,0.0,-0.10601953,0.3304888,-0.13696225,-0.069693044,-0.16017774,Non-Pulsar
265.32,57.66,85.99,0.0,7.873,0.0,2.2201133,1.0,0.0,-0.16008453,-0.4294723,0.22706689,0.5119713,Non-Pulsar
265.38,-31.33,357.5,2.2160444,7.912,-25.956972,2.6329963,0.0,1.0975239,0.18715921,0.19038735,-0.23954207,0.27201563,Non-Pulsar
265.46,-25.62,2.38,2.9385037,13.479,-27.079144,2.1772804,0.0,-0.9320409,-0.39388654,-0.23300602,-0.15270388,0.32639652,Non-Pulsar
265.49,-20.9,6.43,1.8100955,116.301,-26.68156,2.3753157,0.0,3.7487943,0.29958263,-0.017618505,-0.7513443,-1.3051357,Pulsar
265.5,25.93,50.2,1.9937755,6.31,-29.310225,1.766308,0.0,0.92128605,0.99991566,0.49778402,0.39814076,-0.24610838,Non-Pulsar
265.58,-33.31,355.91,2.5348697,16.239,-26.721428,2.3687828,0.0,1.8429416,0.99808866,0.24954744,-0.37050828,-2.0111747,Pulsar
265.61,-15.31,11.3,2.5688481,5.312,-27.421387,2.557073,0.0,0.5686402,-0.34617674,-0.22472747,-0.52028626,-0.76938856,Non-Pulsar
265.63,59.75,88.45,4.528937,22.446,-28.753328,2.1705544,0.0,-0.25637597,-0.19570681,-0.09501098,-0.042532507,-0.19251779,Non-Pulsar
265.98,-18.41,8.8,2.2446516,9.114,-27.410738,2.5138276,0.0,1.6128006,-0.0031038907,0.05008142,-0.76893497,2.4373953,Non-Pulsar
266.0,37.79,63.17,2.778449,4.912,-29.015123,2.191728,0.0,0.3144238,0.9999966,-0.19710344,0.20285845,-0.25408226,Non-Pulsar
266.01,19.6,43.85,2.6667857,27.998,-28.1911,1.9215798,0.0,0.26203132,0.2593263,0.075555034,0.11881902,-0.0060067116,Non-Pulsar
266.03,46.6,73.14,2.7552452,4.193,-29.34068,1.6470338,0.0,-0.3974371,0.99619585,0.09081812,0.43276995,0.3488667,Non-Pulsar
266.05,-3.89,21.57,3.717271,9.486,-27.471592,2.6709619,0.0,0.57751775,-0.1895812,-0.43041745,-0.44531348,0.1304364,Non-Pulsar
266.1,18.86,43.15,2.832082,6.921,-28.69214,1.8765024,0.0,-0.8742715,-0.52024573,-0.371682,0.43000853,0.44075632,Non-Pulsar
266.16,-57.23,335.25,3.5823793,17.35,-28.264982,1.7813978,0.0,0.7800383,-0.31484705,0.17824951,0.25309816,0.22932851,Non-Pulsar
266.22,55.68,83.69,2.4086084,5.762,-29.104687,2.0815303,0.0,-0.24868907,-0.947625,0.83121467,0.11236732,-1.8264331,Non-Pulsar
266.23,-17.45,9.75,2.9960673,28.346,-27.635822,1.9088213,0.0,-0.8335417,0.40194148,-0.040504716,0.07222905,0.29637122,Non-Pulsar
266.28,47.52,74.23,3.2422752,3.724,-28.924816,2.246788,0.0,0.3169997,0.99940914,-0.18701595,-0.04020554,-0.16299765,Non-Pulsar
266.29,41.04,66.86,3.1097646,5.04,-28.865118,2.2933385,0.0,-0.43108743,0.49176458,-0.1946781,0.09159522,-0.14718355,Non-Pulsar
266.36,-7.89,18.16,2.4964385,26.863,-27.64103,2.0560393,0.0,-0.8671821,0.068917125,0.118094504,-0.1459307,-0.61326015,Non-Pulsar
266.42,39.84,65.54,0.0,10.423,0.0,1.9633778,1.0,0.0,-0.44013253,0.13055936,-0.03506519,-0.007169034,Non-Pulsar
266.72,-52.59,339.6,5.499949,12.668,-27.759115,2.5138614,0.0,1.3352728,-0.054922882,-0.22569998,-0.2731033,0.0619174,Non-Pulsar
266.72,-32.66,356.95,1.1681097,39.078,-26.507027,2.3589065,0.0,2.828927,0.72964174,0.119558536,-0.3176834,-0.1746325,Pulsar
266.79,-54.89,337.54,0.0,7.962,0.0,2.4809425,1.0,0.0,-0.064826325,-0.59003055,0.19739144,0.5949939,Non-Pulsar
266.8,49.63,76.71,3.079761,5.76,-29.077236,1.9223492,0.0,0.13431251,-0.12384289,0.13565618,0.105404936,0.28895316,Non-Pulsar
266.82,-29.96,359.31,3.3585703,36.95,-25.266745,2.8723178,0.0,2.8031938,0.14066923,-0.18121631,-0.43173233,-0.1319678,Pulsar
266.87,23.5,48.15,2.6734402,4.87,-28.063366,2.94953,0.0,0.65721375,-0.35900274,-0.6729188,-0.86573017,0.95626307,Non-Pulsar
266.87,27.99,52.81,4.1928616,5.956,-28.28189,2.7114496,0.0,-1.3814658,-0.569181,-0.18939054,-0.36547452,3.6252801,Non-Pulsar
266.9,-53.14,339.16,0.0,5.689,0.0,2.4201622,1.0,0.0,0.9911208,-0.250871,-0.29084912,-0.10359929,Non-Pulsar
266.91,-42.19,348.82,3.8019938,7.494,-27.708374,2.4455097,0.0,0.8611627,-0.004177416,-0.24581452,-0.18998879,0.42490622,Non-Pulsar
266.99,47.07,73.79,3.2443066,7.121,-28.929504,2.3560991,0.0,1.213795,0.9809209,0.5868502,-0.2829241,-10.94459,Non-Pulsar
267.01,34.06,59.32,4.1986003,18.274,-28.421051,2.0621846,0.0,1.0008315,-0.14655262,0.11022788,-0.14047,-1.3749778,Non-Pulsar
267.05,27.05,51.87,3.2695801,7.024,-28.65042,2.1451645,0.0,-0.30492198,0.7260346,-0.41878766,-0.16493988,0.68802124,Non-Pulsar
267.14,-8.9,17.65,0.0,6.557,0.0,1.8818351,1.0,0.0,0.99525565,-0.25656196,0.20711681,0.52923715,Non-Pulsar
267.16,70.1,100.52,6.1927757,123.477,-27.60223,1.9379336,0.0,1.8603078,0.10566993,0.033469982,0.010676565,0.011753926,Non-Pulsar
267.25,-23.46,5.08,2.7964153,7.934,-26.535807,2.9208324,0.0,1.3200217,-0.123629406,-0.41462344,-0.6402342,0.6095208,Non-Pulsar
267.26,43.36,69.63,3.7579098,37.574,-28.173529,1.9884857,0.0,0.7345805,-0.06713631,-0.008073462,0.037966788,0.027838819,Non-Pulsar
267.55,47.08,73.87,2.2563255,2.635,-29.197855,1.7398477,0.0,-1.8011959,0.64067274,0.9223026,0.5702093,0.30870485,Non-Pulsar
267.88,9.65,34.91,6.9748845,89.576,-27.359129,2.1441367,0.0,2.0052662,0.032544468,-0.09276696,-0.16366681,-0.20841382,Non-Pulsar
267.9,29.36,54.55,5.300602,9.108,-28.25535,2.5053484,0.0,0.9333787,0.59332544,-0.18516482,-0.5180393,-2.8929067,Non-Pulsar
267.91,-17.84,10.24,0.0,6.773,0.0,2.1775994,1.0,0.0,0.6736868,-0.15472744,-0.11842038,0.35176304,Non-Pulsar
268.03,45.53,72.19,2.9191923,4.157,-28.83734,2.4048686,0.0,-0.47622275,0.3619871,-0.578799,0.30153847,0.3355692,Non-Pulsar
268.16,-10.18,17.04,2.5848851,5.672,-27.37945,2.5144155,0.0,0.18130253,-0.13918363,-0.20140533,-0.59311104,-14.542669,Non-Pulsar
268.35,-33.42,357.01,1.4076996,12.356,-27.544682,2.364252,0.0,1.7507075,0.99987304,0.1794092,-0.40468067,0.0061734,Non-Pulsar
268.36,-59.23,333.97,2.0101976,5.367,-28.793568,1.9715079,0.0,0.12854446,-0.9867548,0.999592,0.10561286,-0.24845618,Non-Pulsar
268.41,-50.24,342.22,5.552736,15.758,-27.906864,2.4643643,0.0,1.4133255,-0.08735499,-0.24809024,-0.5095669,-0.70565486,Non-Pulsar
268.43,28.8,54.13,4.6824265,10.684,-28.349722,2.3941035,0.0,-0.47617593,-0.09876315,-0.3066298,-0.04116052,-0.035188492,Non-Pulsar
268.55,32.2,57.73,6.340132,63.182,-27.82188,1.7593787,0.0,1.8893352,0.11888698,0.24992701,0.041692518,-0.16907653,Non-Pulsar
268.64,-64.42,329.12,2.7123215,13.083,-28.324144,2.43373,0.0,-0.224764,-0.22353016,-0.20577061,-0.3366861,-1.2545077,Non-Pulsar
268.68,34.74,60.47,4.4744473,7.81,-28.515871,2.6933131,0.0,0.22315757,-0.2461774,-0.26913017,-0.55951726,1.7508667,Non-Pulsar
269.08,55.38,83.49,3.5837162,21.649,-28.60268,1.6722237,0.0,0.91000086,0.09193695,0.008857985,0.32330114,0.39384526,Non-Pulsar
269.17,15.9,41.45,2.4894266,6.544,-28.985481,1.8722728,0.0,0.94265217,0.79798853,0.98228407,0.29206812,-0.48812896,Non-Pulsar
269.24,15.52,41.12,2.8420515,6.126,-28.386528,2.2731311,0.0,0.20007204,-0.2458495,-0.63865614,0.5093877,0.37475744,Non-Pulsar
269.27,70.55,100.99,3.0696144,12.441,-28.722307,1.8555479,0.0,0.4317772,-0.6492262,0.18743755,0.115928724,0.22344194,Non-Pulsar
269.49,-24.33,5.37,2.6129465,6.868,-25.888582,2.4474428,0.0,0.060034964,0.89234674,-0.41136435,-0.5183804,2.6288097,Pulsar
269.56,65.54,95.21,2.6560125,7.227,-28.86665,2.4131405,0.0,0.26019907,0.048629068,-0.15753469,-0.1813401,12.189341,Non-Pulsar
269.58,14.5,40.27,3.3442485,10.153,-28.32443,2.258517,0.0,0.45919538,0.9281092,-0.058596626,-0.14867586,-0.69754696,Non-Pulsar
269.6,-30.47,0.09,2.7097075,12.438,-27.134413,2.2266743,0.0,0.998871,0.89299935,0.13161829,-0.13524729,-0.16716722,Non-Pulsar
269.68,-16.36,12.38,3.5681093,8.468,-27.229752,2.5496638,0.0,1.3919798,0.99988514,-0.067922615,-0.4522914,-0.3437714,Non-Pulsar
269.78,-48.38,344.33,5.4030013,15.672,-27.914145,2.2229085,0.0,0.6834518,0.12233417,0.014563162,-0.22433835,-0.58186543,Non-Pulsar
269.79,-38.82,352.87,3.1048467,14.367,-28.059692,2.028413,0.0,1.6808778,-0.061091244,0.2568168,0.09384789,0.02940633,Non-Pulsar
270.03,28.2,54.02,2.7770798,8.312,-28.808092,1.9502671,0.0,-0.10574666,0.09049763,-0.34143957,0.056640655,0.7116634,Non-Pulsar
270.03,70.63,101.07,3.6170936,12.87,-28.660078,1.836264,0.0,0.9167168,0.9969527,0.36208054,0.089306176,-0.36354238,Non-Pulsar
270.17,78.47,110.04,8.358859,182.905,-27.61384,2.1796448,0.0,2.1837015,-0.054455575,-0.11948549,-0.15692116,-0.37603515,Non-Pulsar
270.32,-24.85,5.29,1.4896878,19.3,-26.147552,2.328215,0.0,1.7343473,-0.048328273,-0.015073607,-0.18735999,0.1110582,Pulsar
270.38,44.07,70.94,7.3837247,53.718,-28.136364,2.3103373,0.0,1.2346867,-0.08386091,-0.22751142,-0.21035774,-0.18406267,Non-Pulsar
270.4,21.4,47.31,2.1446884,4.028,-28.351782,2.4254878,0.0,-0.6068555,-0.38853416,-0.42075312,-0.11637844,0.5208398,Non-Pulsar
270.45,29.85,55.85,2.679729,4.909,-28.969202,1.8347983,0.0,0.440586,-0.9998452,0.9996807,-0.16709039,2.4862394,Non-Pulsar
270.67,-39.67,352.45,8.021804,58.347,-27.24513,2.3272378,0.0,1.9315062,-0.07268613,-0.20085157,-0.24769478,-0.02845849,Non-Pulsar
270.78,-21.81,8.15,2.5367415,36.37,-25.676405,2.241336,0.0,2.3792517,0.44045404,0.03648559,-0.17918666,-0.6411864,Pulsar
270.86,-65.17,328.79,3.887218,9.382,-28.299232,2.488068,0.0,0.5288047,-0.044570006,-0.13658272,-0.5112758,3.0890596,Non-Pulsar
270.88,27.94,54.03,2.9593341,6.628,-28.553173,2.2385054,0.0,-0.18120305,-0.34647587,-0.15113635,0.15921451,0.09118462,Non-Pulsar
270.99,3.71,30.82,3.984758,4.587,-28.296936,2.196376,0.0,0.48107782,0.8968806,0.8603289,-0.19304362,2.711144,Non-Pulsar
271.12,52.83,80.77,0.0,5.137,0.0,1.8823683,1.0,0.0,-0.7116559,-0.01752702,0.19608146,0.3901752,Non-Pulsar
271.57,61.73,90.87,3.1900475,6.405,-28.650944,2.976851,0.0,-0.6168171,-0.55558085,-0.4717156,-0.6534077,-1.7243305,Non-Pulsar
271.59,53.76,81.86,3.3247254,10.704,-28.533358,2.632462,0.0,0.034137256,0.2005333,-0.31823164,-0.5152459,5.597049,Non-Pulsar
271.71,69.83,100.13,5.579944,91.648,-27.85323,2.265073,0.0,1.6114041,-0.070143245,-0.1583288,-0.19984606,-0.39762342,Non-Pulsar
271.75,-80.64,313.07,2.3549097,4.542,-28.834082,2.0169342,0.0,0.38214034,0.9935567,0.95691,0.17611736,-2.5910668,Non-Pulsar
271.81,64.5,94.04,3.620642,12.047,-28.994337,2.1142201,0.0,0.18296503,-0.0018507184,-0.02787118,-0.07811824,-0.6385899,Non-Pulsar
271.99,-64.21,329.93,3.5053568,8.379,-28.279446,2.4485323,0.0,0.30631262,-0.18013346,-0.265672,-0.24321477,-1.8094069,Non-Pulsar
272.0,46.84,74.24,2.5362062,8.523,-29.020441,1.7872989,0.0,-0.90185577,-0.7762729,0.40560013,-0.032936353,0.34677783,Non-Pulsar
272.03,-50.22,343.32,0.0,9.63,0.0,2.6295998,1.0,0.0,-0.10647256,-0.39888656,-0.4773497,0.50560176,Non-Pulsar
272.07,35.01,61.64,4.660445,20.011,-28.23885,2.253177,0.0,-0.51226974,-0.004654866,-0.07150821,-0.1166721,-0.79684466,Non-Pulsar
272.13,-37.03,355.34,2.7629852,11.98,-27.924986,2.3773313,0.0,1.470112,0.5957571,-0.10807449,-0.4740326,0.32664832,Pulsar
272.21,24.33,50.87,0.0,6.97,0.0,1.9867253,1.0,0.0,-0.18789664,0.030742843,-0.23375914,0.29855573,Non-Pulsar
272.22,35.38,62.07,2.5516753,6.087,-28.599382,2.2111597,0.0,0.7205483,-0.003259793,-0.21335496,-0.026636517,0.3347907,Non-Pulsar
272.34,20.71,47.37,3.07946,15.275,-28.509434,1.9589192,0.0,0.31980652,0.24132106,0.27525914,-0.16242924,-0.56728673,Non-Pulsar
272.4,-24.72,6.33,2.3025463,5.363,-27.965792,1.7769885,0.0,0.25444052,0.11268498,-0.9278027,0.8797644,0.77773213,Non-Pulsar
272.44,29.17,55.78,4.140887,33.505,-28.056028,1.8030049,0.0,1.3187593,-0.22657418,0.23606735,0.09293738,-0.05518218,Non-Pulsar
272.46,-23.54,7.39,2.6289792,188.9,-25.47106,2.3119369,0.0,3.8318412,0.2962852,0.09144119,-0.25948706,-0.629545,Pulsar
272.52,-45.84,347.51,0.0,4.398,0.0,2.687002,1.0,0.0,-0.5881071,-0.5084548,-0.19674937,0.41611823,Non-Pulsar
272.68,53.59,81.78,2.5222073,17.986,-28.61646,1.7727273,0.0,0.9285841,-0.30481943,0.36933118,0.13010699,0.04552977,Non-Pulsar
272.75,16.15,43.16,3.977351,10.473,-28.261997,1.938439,0.0,0.7529769,0.24678583,0.20494679,0.15533121,-0.15271701,Non-Pulsar
272.81,-28.0,3.63,2.7892423,7.151,-27.941423,1.9570401,0.0,-0.33047938,0.8937322,-0.039669506,0.14454663,0.2573259,Non-Pulsar
272.83,3.68,31.64,4.0881367,33.561,-27.765963,1.70096,0.0,1.5204232,0.9999033,0.29063934,0.15586348,0.11923418,Non-Pulsar
272.89,-19.43,11.19,2.5513208,6.103,-27.014654,2.146314,0.0,1.0649463,-0.9812815,0.9823628,0.9825643,0.62490624,Pulsar
273.24,42.83,70.14,3.2354326,5.48,-28.563982,2.6267588,0.0,-1.0499909,-0.22502632,-0.48381352,-0.23197544,0.382307,Non-Pulsar
273.35,-12.77,17.24,2.1088502,124.212,-25.859165,2.4892082,0.0,3.3967426,0.08702452,-0.12541297,-0.47641516,-0.57064956,Pulsar
273.39,31.75,58.68,6.201102,45.487,-27.4836,1.9806153,0.0,0.6401485,-0.12691516,0.09262194,-0.07686072,0.06930249,Non-Pulsar
273.41,6.24,34.24,4.0297136,25.928,-27.942165,1.8887035,0.0,1.544828,0.35460064,0.25021344,0.012233908,-0.22561926,Non-Pulsar
273.5,38.48,65.62,2.713113,7.482,-28.760769,2.3180904,0.0,-0.528956,-0.28644815,-0.40029618,0.021919033,0.5488808,Non-Pulsar
273.56,41.24,68.53,2.6633384,4.465,-28.571465,2.6666894,0.0,-0.50339967,-0.21163335,-0.50009286,-0.24634382,0.32619286,Non-Pulsar
273.62,29.89,56.88,3.7363229,4.499,-28.313383,2.781053,0.0,-1.0676134,0.09082371,-0.59879905,-0.3549717,0.74474496,Non-Pulsar
273.81,-27.26,4.7,2.7242095,8.53,-27.314716,2.4178882,0.0,0.9800422,0.99637735,-0.028379103,-0.15762955,0.24614437,Non-Pulsar
274.19,9.86,37.9,2.424071,5.124,-28.123028,2.34203,0.0,-0.02375144,0.9999674,-0.103563786,-0.16957958,-1.5973456,Non-Pulsar
274.24,-49.72,344.41,5.749398,27.636,-27.858505,2.300185,0.0,1.3106698,-0.0956219,-0.13619705,-0.35039005,-0.55851847,Non-Pulsar
274.29,-17.7,13.34,1.6868727,16.955,-26.211744,2.2726667,0.0,1.8057007,-0.18301599,0.15328197,-0.30902264,-0.38905457,Pulsar
274.49,27.12,54.42,2.69761,4.198,-28.202427,2.717951,0.0,-0.39885947,-0.5421551,-0.40990517,-0.10895066,-0.27244127,Non-Pulsar
274.67,9.06,37.38,4.9832983,23.433,-27.65283,2.2962275,0.0,1.5273033,0.01771996,-0.15427972,-0.30391532,-0.5531628,Non-Pulsar
274.78,21.55,49.12,2.3738923,12.075,-28.449306,2.0351148,0.0,-0.77507836,-0.13404426,-0.349648,0.33616954,0.53083175,Non-Pulsar
275.1,36.4,63.9,3.1344142,12.393,-28.781614,1.8388097,0.0,-0.43254972,-0.064074405,-0.07421656,0.22604929,0.50033826,Non-Pulsar
275.4,68.32,98.47,6.580935,34.904,-27.870031,2.4622476,0.0,1.5396188,-0.29850802,-0.16944939,-0.37341607,-9.331012,Non-Pulsar
275.52,16.0,44.16,2.9852607,7.121,-27.97653,2.696379,0.0,0.21145305,-0.22872432,-0.21479663,-0.844296,1.2281523,Non-Pulsar
275.85,-37.34,356.42,2.8923883,6.219,-28.224937,2.5065486,0.0,1.3828923,0.7040459,-0.27653614,-1.0,0.9999998,Non-Pulsar
275.89,68.97,99.21,5.1576524,34.716,-27.918915,2.1801906,0.0,1.3108447,0.33748066,-0.07316265,-0.19965018,-0.5215922,Non-Pulsar
275.91,-34.9,358.68,3.9697225,44.668,-27.589565,1.7245551,0.0,0.9242465,0.692628,0.22220048,0.19176766,0.14747278,Non-Pulsar
276.04,56.86,85.75,5.720424,63.928,-28.03562,2.3289852,0.0,1.3052347,-0.14363304,-0.22341284,-0.26204693,-0.14804602,Non-Pulsar
276.12,1.13,30.86,3.807329,10.176,-27.091047,2.6407077,0.0,0.37255615,-0.31495908,-0.47175387,-0.2104152,0.08968504,Non-Pulsar
276.13,43.2,71.16,2.1481612,11.226,-28.83175,1.9348539,0.0,0.16499741,0.57919484,-0.13542302,-0.007883215,0.28081387,Non-Pulsar
276.18,-32.72,0.76,2.7091892,5.634,-27.915314,2.3500109,0.0,0.61177725,-0.35453954,-0.12264447,-0.09034122,-0.71623725,Non-Pulsar
276.29,-52.53,342.24,6.0440784,24.238,-28.013947,2.3507662,0.0,1.4108359,0.061016247,-0.25572658,-0.2820225,0.01370022,Non-Pulsar
276.52,-50.62,344.14,2.7024717,8.093,-28.755999,1.6870737,0.0,0.8324251,0.99958074,0.90338296,0.14426859,-0.5028639,Non-Pulsar
276.54,-12.94,18.56,2.1917248,112.134,-24.79938,2.498841,0.0,3.529841,0.064307615,0.013382403,-0.3384701,-0.63573235,Pulsar
276.55,-29.38,3.93,3.8833964,5.877,-27.790527,2.3601944,0.0,-0.7205301,-0.49535188,0.025327379,-0.4621781,-0.15141645,Non-Pulsar
276.86,34.41,62.4,2.8637362,4.09,-28.47047,2.774319,0.0,0.44849634,-0.40083638,-0.3193442,-0.9999603,1.0000916,Non-Pulsar
276.87,-14.76,17.1,2.115226,22.097,-27.031576,2.30244,0.0,2.3918626,0.9978069,0.6202297,-0.22617863,0.010228461,Pulsar
276.88,20.25,48.7,0.0,5.408,0.0,1.9704154,1.0,0.0,0.058623902,-0.21099351,0.08513184,0.7094223,Non-Pulsar
276.91,-40.49,353.87,2.500236,4.646,-28.56114,2.2917795,0.0,1.1209866,0.73248357,0.4373959,-0.7653148,1.5131289,Non-Pulsar
277.02,26.57,54.77,3.2356317,9.142,-28.657633,1.7526463,0.0,0.72369075,0.99579173,0.42035773,0.12905544,-0.22744279,Non-Pulsar
277.1,-11.0,20.54,2.5542974,11.708,-25.532038,2.795534,0.0,1.3833913,-0.1639149,-0.41524878,-0.4444116,0.38013586,Pulsar
277.14,-59.35,335.68,2.265297,4.577,-29.10393,1.6390939,0.0,0.6989098,0.95884097,0.99847203,0.660726,0.6357768,Non-Pulsar
277.18,32.51,60.62,3.1009712,16.861,-28.7601,1.935057,0.0,1.9069896,0.58202237,0.2899732,-0.2336195,-0.5770141,Non-Pulsar
277.26,-24.29,8.78,0.0,12.895,0.0,2.0506613,1.0,0.0,0.12312527,0.09165792,0.05512552,-0.12001081,Non-Pulsar
277.28,27.5,55.76,4.0595303,17.913,-28.011337,2.4704626,0.0,1.1191291,-0.19403425,-0.2530554,-0.4285391,-2.55149,Non-Pulsar
277.31,-58.23,336.83,8.039517,72.468,-27.616098,2.518695,0.0,2.2184038,-0.22235042,-0.32169127,-0.3730536,-0.6492501,Non-Pulsar
277.33,54.05,82.86,3.244232,25.696,-28.490778,1.6970291,0.0,1.1601313,0.34356797,0.27203122,0.1295181,0.09533302,Non-Pulsar
277.48,39.58,67.78,2.9874978,5.958,-28.773214,2.0390463,0.0,0.6400637,0.99898326,0.7075029,-0.01086349,8.722022,Non-Pulsar
277.5,39.97,68.17,4.1391683,6.414,-28.282068,2.6409512,0.0,0.83550626,-0.28043327,-0.5224814,-0.7693504,0.616847,Non-Pulsar
277.51,-52.42,342.64,3.1495519,7.884,-28.644117,1.9167384,0.0,0.84917206,-0.29589579,0.64141977,0.07837228,-0.57370925,Non-Pulsar
277.51,13.41,42.61,3.5293536,14.127,-28.15277,2.130702,0.0,0.44558036,-0.534581,0.11247357,-0.06092105,-0.79602313,Non-Pulsar
277.54,6.29,36.14,5.504794,11.444,-27.56031,2.400445,0.0,0.30209535,-0.40130505,-0.094942145,-0.14420421,-0.79893404,Non-Pulsar
277.55,-44.72,350.09,6.063829,21.954,-27.967907,2.4952915,0.0,1.5322831,-0.14353764,-0.37950647,-0.4085063,0.07820831,Non-Pulsar
277.69,-27.23,6.32,2.3862998,13.506,-27.839935,2.22829,0.0,0.5982757,0.06979457,-0.014940016,-0.09291761,-0.55833334,Non-Pulsar
277.72,-9.79,21.88,2.339281,14.967,-25.54046,3.0703976,0.0,2.267996,-0.105985284,-0.36039218,-0.85591906,0.677126,Pulsar
277.99,38.35,66.66,2.6989224,9.061,-28.825556,1.9923581,0.0,-0.18743822,0.9994398,0.31806198,-0.13806532,7.2810245,Non-Pulsar
278.16,-56.98,338.25,4.258241,31.177,-27.915932,2.024431,0.0,0.9902255,-0.04762293,0.089481674,-0.07415379,-0.32394046,Non-Pulsar
278.38,-10.56,21.51,1.8199927,36.698,-25.792683,2.3742936,0.0,2.08495,0.18484071,-0.1551933,-0.3465147,-0.29910544,Pulsar
278.41,-21.06,12.17,10.527556,203.587,-26.3443,2.4187708,0.0,3.0983136,-0.12945628,-0.2644723,-0.38213563,-0.5321462,Non-Pulsar
278.56,31.6,60.18,0.0,17.832,0.0,2.1972656,1.0,0.0,-0.19875233,-0.3170146,-0.035238754,0.37794,Non-Pulsar
278.69,-58.98,336.32,3.3285615,7.968,-28.186058,2.466625,0.0,0.44090667,0.9986954,-0.239095,-0.2530346,14.479978,Non-Pulsar
278.88,13.82,43.56,2.9186816,7.769,-28.071697,2.2511435,0.0,0.56182736,0.15008926,-0.035517972,0.06719427,-0.5241118,Non-Pulsar
278.93,-5.7,26.07,0.0,4.235,0.0,2.318945,1.0,0.0,0.99173206,-0.38168246,-0.7064435,1.2665178,Non-Pulsar
279.06,59.43,88.88,2.6556418,587.57,-26.656605,2.0073266,0.0,4.9581017,0.38910347,0.15799281,-0.30478013,-0.6906909,Pulsar
279.11,31.62,60.37,3.4840555,11.927,-27.956743,2.3565598,0.0,-1.3782986,0.2563445,0.050899066,-0.36053008,5.315875,Non-Pulsar
279.13,19.81,49.19,2.3878481,12.683,-28.29169,2.0893698,0.0,-0.8757656,-0.18966044,-0.11073719,-0.021683201,0.27894872,Non-Pulsar
279.26,53.8,82.88,0.0,12.522,0.0,2.6174638,1.0,0.0,-0.33966535,-0.43421125,-0.26479095,0.27451032,Non-Pulsar
279.33,10.88,41.08,3.7062552,7.0,-27.698494,2.4749079,0.0,-1.928799,-0.17319015,-0.59531313,0.10459082,0.49865222,Non-Pulsar
279.35,-16.77,16.41,2.6251168,7.52,-27.080397,2.6472597,0.0,0.9717077,-0.023395594,-0.33153072,-0.67177653,-0.5475523,Non-Pulsar
279.47,-6.08,25.98,2.5667026,10.576,-25.584421,2.645578,0.0,1.3460333,0.76415795,-0.20089999,-0.32320943,-0.6390181,Pulsar
279.52,-59.99,335.42,2.9037502,13.59,-28.618128,1.5333434,0.0,1.3075056,0.84015137,0.9891937,0.29389328,-0.07851067,Non-Pulsar
279.6,-60.39,335.02,0.0,7.382,0.0,1.9997315,1.0,0.0,0.704888,-0.23798041,0.08256174,0.09156392,Non-Pulsar
279.65,57.56,86.94,3.0501423,6.569,-28.811943,2.1443272,0.0,-0.25253356,-0.9350127,0.7652229,-0.2509404,6.5504384,Non-Pulsar
279.71,48.04,76.95,5.5904264,77.463,-27.715008,1.771406,0.0,1.1849054,0.096894555,0.085293666,0.17529775,0.24983522,Non-Pulsar
279.74,-34.95,359.99,2.6040642,12.666,-27.96125,2.3238366,0.0,1.3433323,0.35574174,-0.12210411,-0.46148247,-0.49927723,Non-Pulsar
279.75,-5.62,26.51,2.0343423,36.488,-25.178087,2.4452317,0.0,2.5643718,-0.043971494,-0.071775645,-0.17838728,-0.6460024,Pulsar
279.91,-71.12,323.75,4.2575474,9.787,-28.225609,2.8169434,0.0,0.78911173,-0.43152013,-0.51144964,-0.61571735,0.14786623,Non-Pulsar
280.09,-30.62,4.15,2.2124543,5.159,-28.178839,2.4716713,0.0,0.8983729,0.20435563,-0.28523472,-0.29644194,0.29725942,Non-Pulsar
280.15,37.12,66.06,2.9856346,5.56,-28.3606,2.8248374,0.0,1.2145771,-0.32516703,-0.6371976,-0.9999993,0.99999356,Non-Pulsar
280.17,-55.75,339.87,4.950524,7.988,-28.262177,2.588858,0.0,0.95362383,-0.2274103,-0.3476152,-0.25429973,-0.33801752,Non-Pulsar
280.25,61.25,90.98,4.419175,12.433,-28.309399,2.506356,0.0,-1.4105891,-0.4093466,-0.51795834,0.11363372,0.4235699,Non-Pulsar
280.34,29.15,58.43,2.393555,18.726,-28.318151,1.7786722,0.0,0.39454663,-0.3472912,0.08947652,0.1425907,0.4828283,Non-Pulsar
280.45,32.3,61.48,3.9557774,19.442,-28.418938,1.5231563,0.0,1.3998265,0.9845587,0.03444276,0.491159,0.3458677,Non-Pulsar
280.58,68.17,98.54,3.2386062,12.678,-28.286894,2.699295,0.0,-0.17598416,-0.20510626,-0.4603577,-0.25072807,0.08210851,Non-Pulsar
280.61,-58.68,336.95,4.0205975,13.386,-28.615133,1.7305204,0.0,0.5432195,0.99855024,0.40617734,0.23311308,-0.058492012,Non-Pulsar
280.61,76.22,107.46,0.0,5.367,0.0,2.5871964,1.0,0.0,-0.19201368,-0.4258989,-0.033568878,-0.018919371,Non-Pulsar
280.87,-48.59,347.21,1.554125,6.797,-28.66339,2.017547,0.0,0.37224302,-0.17372349,0.57916814,-0.0014910455,-2.370987,Non-Pulsar
280.96,-20.2,14.02,2.97173,9.6,-28.104187,2.1205614,0.0,1.371428,0.99997234,0.3551886,-0.23250525,-0.9340459,Non-Pulsar
281.12,15.79,46.31,4.5952954,39.85,-27.45615,1.9558474,0.0,1.598361,0.0066615944,0.13442892,0.036780536,-0.054093767,Non-Pulsar
281.12,-3.76,28.79,3.070169,26.328,-25.977621,2.3557837,0.0,2.454865,0.9589186,0.22815768,-0.3210791,-0.60992867,Pulsar
281.21,-32.81,2.52,2.706331,4.584,-28.57491,1.8243431,0.0,0.6001554,-0.9776597,0.99991935,0.039747193,-8.296907,Non-Pulsar
281.23,57.15,86.73,2.5286107,23.806,-28.29248,2.0903192,0.0,0.76983845,0.7988107,-0.053483855,-0.14420483,-0.034743693,Non-Pulsar
281.26,16.22,46.77,4.3055525,13.515,-27.617199,2.2953641,0.0,-0.4878076,0.20796722,-0.23085764,-0.17629051,-0.057807766,Non-Pulsar
281.6,9.33,40.69,2.9954157,69.256,-27.550816,1.7232773,0.0,3.0298154,0.38364145,0.28674906,-0.12532863,-0.37815914,Pulsar
281.68,72.64,103.52,3.4723098,10.912,-29.021759,1.8812809,0.0,0.62746435,-0.72226375,-0.059324592,0.44959143,0.5333109,Non-Pulsar
281.91,52.33,81.81,3.0560627,11.175,-28.839504,2.184683,0.0,0.41438347,-0.22150435,-0.16544352,0.0043014754,-0.14051713,Non-Pulsar
282.03,-42.51,353.49,2.847998,8.376,-28.262009,2.2809587,0.0,-0.5763696,0.29415303,-0.36438224,-0.103935786,0.42588943,Non-Pulsar
282.11,32.29,62.03,6.643822,33.968,-27.36539,2.2790866,0.0,1.7743248,0.44077656,-0.017423227,-0.3693259,-2.5308573,Non-Pulsar
282.13,65.63,95.89,3.1630332,11.873,-29.020006,1.7829033,0.0,-0.49501678,-0.58772045,-0.20305043,0.2234117,0.6509869,Non-Pulsar
282.15,32.73,62.46,6.6554766,30.873,-27.323954,2.5296092,0.0,1.3531258,-0.29050136,-0.2485364,-0.31757215,-0.50476736,Non-Pulsar
282.15,-27.19,8.09,2.730753,7.14,-27.671608,2.6214478,0.0,0.93105257,-0.25412282,-0.18118897,-0.7785779,1.2786405,Non-Pulsar
282.24,42.79,72.25,3.0994616,10.839,-28.772135,1.9762329,0.0,-2.0186586,-0.08136024,0.33128858,-0.07639525,-0.06083365,Non-Pulsar
282.31,-16.78,17.67,0.0,13.701,0.0,1.7664992,1.0,0.0,0.9555294,-0.12236703,0.088394485,0.5403184,Non-Pulsar
282.32,67.09,97.49,7.846832,80.524,-27.677546,2.2880867,0.0,2.0894341,0.023328885,-0.12211171,-0.26725712,-0.841076,Non-Pulsar
282.34,-64.78,330.76,2.869407,9.512,-28.813198,1.6717606,0.0,0.7313274,0.38923365,0.07273376,0.28757858,0.35947186,Non-Pulsar
282.35,27.75,57.84,4.088753,10.864,-28.34424,2.3047352,0.0,0.34807304,-0.18871531,-0.0054563186,-0.27146232,-28.079828,Non-Pulsar
282.36,-43.22,352.89,4.528525,34.157,-27.843973,2.1508367,0.0,1.1537069,0.17081885,-0.11356614,-0.1011273,0.052869637,Non-Pulsar
282.54,-7.97,25.69,0.0,10.056,0.0,2.1714327,1.0,0.0,-0.56293106,-0.14875342,-0.17116927,0.43480957,Non-Pulsar
282.64,26.53,56.8,2.7401755,9.863,-28.588442,1.6879183,0.0,0.45332405,0.9950919,0.9012278,0.32664725,0.13286194,Non-Pulsar
282.88,34.1,64.01,3.2661133,6.82,-28.519756,2.339126,0.0,0.31356165,0.9746452,0.10321106,-0.4866573,1.7784133,Non-Pulsar
283.12,48.94,78.6,6.4201965,36.846,-28.168055,2.2271006,0.0,1.0757831,-0.06534007,-0.17940278,-0.11741671,0.012891621,Non-Pulsar
283.35,-0.09,33.08,3.0745661,7.077,-27.21642,2.1576467,0.0,1.338598,0.9997344,0.7788476,0.030799367,-0.4416399,Pulsar
283.46,67.25,97.75,2.571456,4.876,-28.359339,2.2981849,0.0,-0.48334584,-0.79436815,-0.009467898,0.05591244,0.34007573,Non-Pulsar
283.67,-60.13,335.88,2.218917,9.127,-28.848297,1.8533784,0.0,0.78450614,0.9989885,0.8981776,-0.22918947,5.1865087,Non-Pulsar
283.85,73.84,104.94,4.893526,10.512,-28.29125,2.6708698,0.0,0.9335028,-0.25554672,-0.35657084,-0.6216424,4.809715,Non-Pulsar
283.97,-20.47,15.01,3.4398487,7.036,-28.18795,2.208942,0.0,0.29607242,0.33035827,0.09338007,0.22064842,-0.15955174,Non-Pulsar
284.41,1.73,35.18,2.8485744,11.231,-26.028652,2.4984307,0.0,1.8621235,-0.07564965,0.4878124,-0.36814904,-2.33695,Pulsar
284.46,35.74,66.1,0.0,6.412,0.0,2.044943,1.0,0.0,-0.059969127,-0.00011982648,-0.3186612,-0.826308,Non-Pulsar
284.48,3.22,36.53,2.6363962,8.074,-25.656181,2.8948534,0.0,1.4535185,-0.51091766,-0.11531525,-0.48915407,0.28346807,Non-Pulsar
284.53,-18.36,17.17,0.0,4.377,0.0,2.1800299,1.0,0.0,0.9968681,-0.48318726,-0.13124631,0.7416887,Non-Pulsar
284.55,73.31,104.4,1.5426277,9.596,-28.824194,2.0692315,0.0,-0.44242698,0.9950352,-0.43899924,0.18835582,0.523111,Non-Pulsar
284.58,-25.2,10.87,4.570322,23.718,-27.626331,2.3102167,0.0,1.5239198,-0.023962302,-0.20580725,-0.22549033,0.13087751,Non-Pulsar
284.6,43.36,73.45,2.7255356,13.15,-28.654884,2.220702,0.0,-0.2388765,0.27921137,-0.32091576,0.11832932,0.2587102,Non-Pulsar
284.63,6.68,39.68,0.0,10.543,0.0,2.3220916,1.0,0.0,0.12225881,-0.49231637,-0.19586346,0.48947555,Non-Pulsar
284.7,57.15,87.27,2.8043084,10.106,-28.7549,2.322233,0.0,-0.042480152,-0.31510723,-0.013346215,-0.08386864,-4.26762,Non-Pulsar
284.77,23.5,54.85,2.4962778,8.532,-28.060642,2.261947,0.0,-0.33700675,-0.32615706,-0.39141783,0.02350334,0.57952744,Non-Pulsar
285.26,62.14,92.53,2.6677194,5.988,-28.629997,2.6330483,0.0,-1.9603308,-0.61305636,-0.017851137,-0.46163946,1.717247,Non-Pulsar
285.26,-17.65,18.13,3.086744,4.809,-27.76725,2.5324779,0.0,-0.97587985,-0.7909508,0.2263109,-0.06194857,-6.6231356,Non-Pulsar
285.43,-51.67,345.04,1.7517095,7.853,-28.530891,2.193573,0.0,1.1418244,0.9998872,0.1837333,-0.15559603,-0.38859737,Non-Pulsar
285.6,-6.48,28.39,3.0389569,8.252,-28.116472,1.866222,0.0,-0.53694373,0.82572865,-0.10070063,0.02817852,-0.016670339,Non-Pulsar
285.72,32.02,63.04,6.135529,21.6,-28.165806,2.5534024,0.0,0.059161402,-0.23992178,-0.3502079,-0.23270291,-0.08562196,Non-Pulsar
285.74,-67.81,327.76,7.0713086,67.46,-27.9502,2.273766,0.0,2.014224,-0.040103886,-0.20771492,-0.37514815,-0.056035593,Non-Pulsar
285.81,55.68,85.97,4.611877,109.417,-27.634605,1.8266928,0.0,2.066492,0.20659758,0.12535928,0.05714719,-0.017384453,Non-Pulsar
286.03,36.45,67.29,3.733774,19.978,-28.413889,1.85103,0.0,-0.1395641,-0.4951686,0.3390815,0.041073523,-0.14350925,Non-Pulsar
286.61,7.4,41.22,2.3581939,28.391,-25.623455,2.6384835,0.0,2.3624372,0.99546945,-0.16359365,-0.37338915,-3.0256727,Pulsar
286.69,54.32,84.77,2.5045528,11.403,-28.740944,2.0812523,0.0,1.2732272,-0.059363104,0.15485327,-0.17287134,-0.6005169,Non-Pulsar
286.82,1.44,36.03,0.0,8.219,0.0,2.2671301,1.0,0.0,-0.043019123,-0.050900303,-0.18940464,-1.949554,Non-Pulsar
286.94,-12.54,23.51,0.0,4.652,0.0,2.3404124,1.0,0.0,0.99963367,-0.28469202,-0.4006559,0.46020487,Non-Pulsar
286.98,6.04,40.18,2.8504694,131.041,-25.601973,2.3724525,0.0,3.488819,0.23876514,0.014868895,-0.3007502,-0.53879094,Pulsar
287.38,35.19,66.58,2.881405,6.118,-28.735838,2.0404098,0.0,-0.9125388,-0.26116145,0.034811098,0.13890491,-0.0510996,Non-Pulsar
287.43,-21.67,15.27,3.2253242,10.547,-28.075106,2.308673,0.0,-0.8104352,0.6634276,-0.10865037,-0.25251174,0.0024427562,Non-Pulsar
287.52,-24.89,12.27,3.1369205,3.031,-28.23065,2.2865398,0.0,0.13021415,-0.8577708,0.83439106,-0.28254822,1.6901729,Non-Pulsar
287.81,-20.11,16.88,6.6408696,62.684,-27.341198,2.3921666,0.0,2.1557379,-0.16312166,-0.22898768,-0.38259766,-0.74535197,Non-Pulsar
287.87,-19.15,17.81,3.405861,17.845,-28.166914,1.8694422,0.0,0.12994955,0.86874634,-0.0038206005,0.19267121,0.39054936,Non-Pulsar
287.9,3.18,38.07,2.37025,7.811,-28.323175,1.896159,0.0,1.1716514,-0.9922463,0.99999946,0.29726395,-0.13392818,Non-Pulsar
288.02,16.2,49.68,0.0,5.443,0.0,2.5966003,1.0,0.0,-0.6830361,-0.024598645,-0.2942408,-4.705464,Non-Pulsar
288.03,-8.06,28.06,4.918125,22.875,-27.584682,2.3626664,0.0,0.45463845,0.058637355,-0.2008245,-0.14730354,-0.5294884,Non-Pulsar
288.05,-20.95,16.2,2.6251402,4.715,-28.41804,2.3558562,0.0,0.9913329,0.9897327,0.14284849,-0.59682804,-2.674622,Non-Pulsar
288.12,-12.37,24.18,4.3055615,20.679,-27.249908,2.3658462,0.0,1.5803715,0.0449074,-0.14085302,-0.31364682,-0.03643151,Non-Pulsar
288.12,37.65,69.12,2.4909887,7.211,-28.289705,2.591985,0.0,0.43939874,-0.18518627,-0.50466853,-0.1627989,0.2498951,Non-Pulsar
288.2,-12.84,23.78,2.6916304,7.979,-27.873314,2.2071111,0.0,0.25692886,0.9995985,-0.03801663,-0.04118157,-1.4098966,Non-Pulsar
288.27,-80.16,314.01,6.259286,38.861,-27.839832,2.2973435,0.0,1.8642769,-0.016929524,-0.17028926,-0.32507598,-0.6257266,Non-Pulsar
288.31,5.21,40.05,2.603443,6.373,-26.67061,2.8459864,0.0,1.0783533,-0.22448711,-0.44209766,-0.3601527,0.27122858,Non-Pulsar
288.35,9.09,43.52,2.615176,18.201,-26.511501,2.2073047,0.0,2.1121542,-0.4433636,0.28228378,-0.19507441,-0.31673497,Pulsar
288.35,10.33,44.61,2.5068793,11.332,-26.585974,2.1674378,0.0,0.4325441,0.930661,0.2507156,-0.20032093,-0.9768406,Pulsar
288.35,-36.49,1.24,4.4085784,11.519,-27.432407,2.272456,0.0,1.0489587,-0.19998659,0.18125127,-0.2668051,-2.6262782,Non-Pulsar
288.49,44.66,75.82,3.2051556,20.921,-28.565165,2.008843,0.0,-0.23305234,-0.28505182,0.10805065,0.038129225,-0.12807132,Non-Pulsar
288.84,11.82,46.15,2.4798915,12.388,-26.101719,2.744183,0.0,1.8627943,0.13732736,-0.23829953,-0.40877315,-0.15267926,Non-Pulsar
289.18,-15.28,21.95,4.438855,8.795,-27.808825,2.768277,0.0,1.0524629,-0.101453625,-0.44097656,-0.52535194,0.36815864,Non-Pulsar
289.21,42.03,73.55,0.0,5.281,0.0,2.4445977,1.0,0.0,-0.44325283,-0.3174617,-0.048180487,0.10689703,Non-Pulsar
289.43,-64.7,331.42,2.594996,6.37,-28.94552,2.0621562,0.0,0.89490384,0.99630624,0.40488794,-0.46617815,5.886341,Non-Pulsar
289.44,-19.36,18.24,4.2309737,69.016,-27.559227,1.9452456,0.0,0.44761756,0.1584645,0.055961374,0.04944397,-0.027898826,Non-Pulsar
289.44,-69.51,326.03,3.9064026,14.375,-28.528538,2.3169708,0.0,-0.23978548,0.035970174,-0.10580116,-0.26675576,-1.5609437,Non-Pulsar
289.53,37.87,69.81,3.0911763,10.84,-28.600977,1.990882,0.0,0.5609665,0.02478995,0.48567232,0.01443294,-1.1059301,Non-Pulsar
289.56,-41.19,356.78,4.7680416,58.459,-27.623873,1.7998828,0.0,1.8789796,0.08936894,0.19232908,0.096859194,-0.17282197,Non-Pulsar
289.81,6.31,41.73,2.439064,7.288,-26.917374,2.9325738,0.0,0.8411868,0.03286983,-0.499691,-0.99999654,0.99999714,Non-Pulsar
289.85,-45.84,351.99,3.0543058,5.963,-28.261745,3.1283975,0.0,-0.12105537,-0.56827694,-0.3153388,-0.8231892,1.1195581,Non-Pulsar
290.34,-12.53,24.99,2.9134302,25.853,-27.709005,2.0134842,0.0,0.74961966,0.17640033,0.047174808,-0.0682777,0.0047389204,Non-Pulsar
290.45,58.3,89.49,2.6324382,4.951,-29.161013,1.9108994,0.0,-1.5835613,-0.99998003,0.99995404,-0.45018166,1.4085741,Non-Pulsar
290.46,-16.12,21.69,4.2135296,32.462,-27.791025,1.6966863,0.0,1.3197936,0.978865,0.19066018,0.23586567,0.15384008,Non-Pulsar
290.57,23.25,57.04,2.8581398,11.208,-27.742949,2.2044208,0.0,0.5329613,-0.054205775,-0.15722571,0.1286597,0.06794215,Non-Pulsar
290.63,-74.89,319.97,3.5433085,17.526,-28.594788,1.9188411,0.0,0.57832026,-0.14681081,-0.017248517,0.29451054,0.118071206,Non-Pulsar
290.66,-63.41,332.93,3.8076997,5.895,-29.047508,2.1276042,0.0,0.85629183,0.99686986,0.06740195,-0.29391414,0.2789558,Non-Pulsar
290.85,-25.05,13.33,2.5958452,4.904,-28.699495,1.7231714,0.0,0.5618758,0.99976647,0.28964388,0.0036893454,0.804038,Non-Pulsar
290.88,-21.07,17.18,7.6154423,40.971,-27.79767,2.1374493,0.0,1.7716242,0.004631919,-0.048251238,-0.19434613,-0.6759549,Non-Pulsar
290.89,73.9,105.47,1.8644643,4.462,-28.478928,2.7318451,0.0,0.024359912,-0.3793419,-0.4019642,-0.98980284,0.9781283,Non-Pulsar
291.06,-15.82,22.23,2.8211992,6.59,-28.316462,2.0991397,0.0,-0.014166449,-0.725802,0.77783257,-0.26293236,2.9142432,Non-Pulsar
291.09,-54.97,342.35,2.6658196,5.946,-29.294662,1.524817,0.0,1.1482891,0.99646914,0.8762464,0.92403084,0.1931909,Non-Pulsar
291.21,-29.25,9.34,5.699089,42.448,-27.745604,2.309131,0.0,1.1032852,-0.07198011,-0.22094224,-0.16661063,-0.15956803,Non-Pulsar
291.27,28.26,61.79,2.9125717,19.129,-28.207922,1.9968646,0.0,0.11683951,0.037042927,-0.09646543,0.06465306,0.17551333,Non-Pulsar
291.29,-33.98,4.61,3.199768,5.245,-28.162336,2.7222137,0.0,0.3397806,-0.5243772,-0.06829508,-0.9999867,1.0000094,Non-Pulsar
291.29,-10.32,27.43,2.37692,11.147,-27.554857,2.3406575,0.0,0.22113529,-0.2128932,-0.07491795,-0.08041998,-0.340432,Non-Pulsar
291.32,17.48,52.29,2.848592,8.246,-26.599676,2.6575308,0.0,1.6174417,-0.023394562,6.206519e-05,-0.53504974,0.18610188,Pulsar
291.43,12.46,47.92,4.7855067,9.985,-26.727104,2.4561377,0.0,0.8188295,0.10230567,-0.1631674,-0.2754528,-0.20174411,Non-Pulsar
291.47,-22.34,16.19,2.7759678,7.524,-28.568108,1.8288245,0.0,0.26630613,0.99977136,0.9506996,0.19073978,-1.0295975,Non-Pulsar
291.53,20.99,55.47,2.1569479,4.267,-27.004549,2.6704206,0.0,0.12349784,-0.6143278,-0.2693748,-0.3933872,-2.131333,Non-Pulsar
291.71,61.91,93.31,4.543237,49.135,-27.944267,1.7933288,0.0,1.3780223,0.20409395,0.19514245,0.0959066,0.1591874,Non-Pulsar
291.88,61.29,92.73,3.8390055,36.321,-28.038385,2.1168768,0.0,1.1704197,0.27783892,-0.028171688,-0.10009874,-0.19626234,Non-Pulsar
292.37,61.77,93.29,2.6152442,8.652,-28.035408,2.4017096,0.0,-0.40097567,-0.27074218,-0.36330834,-0.035212394,0.13861239,Non-Pulsar
292.59,9.2,45.58,4.118541,9.993,-27.077497,3.0065687,0.0,1.3509703,-0.07040579,-0.59262073,-0.46114346,0.4961684,Non-Pulsar
292.78,9.63,46.05,4.574205,51.743,-27.359829,1.6547822,0.0,1.6335248,0.02615122,0.2512002,0.206983,0.25773853,Non-Pulsar
292.82,59.97,91.61,2.5756907,4.256,-29.264174,1.6244189,0.0,0.17928222,-0.02778838,-0.99961746,0.9999982,0.6663389,Non-Pulsar
292.84,-15.94,22.85,2.520948,6.598,-28.68369,1.7970676,0.0,0.9356122,0.9159167,0.97858435,0.46374857,-0.13134058,Non-Pulsar
292.89,52.48,84.45,0.0,5.523,0.0,2.5155754,1.0,0.0,-0.1658702,-0.5205151,-0.114831194,0.6365585,Non-Pulsar
293.06,22.36,57.35,3.1469615,6.558,-27.148397,2.3792517,0.0,1.1292733,0.98759556,-0.0753616,-0.30036634,-0.23658606,Pulsar
293.08,19.27,54.65,2.599687,45.286,-26.168219,2.5014567,0.0,2.7876022,0.23222016,-0.079979725,-0.4952026,-0.58951074,Pulsar
293.31,-45.65,352.85,4.152669,11.625,-28.25331,2.4358945,0.0,1.0201634,-0.0919385,-0.25546524,-0.38390195,-3.1722379,Non-Pulsar
293.34,7.44,44.38,3.382843,29.68,-27.874424,1.8753916,0.0,0.45169216,-0.3047507,0.06934189,0.20335524,0.23645037,Non-Pulsar
293.49,-10.42,28.3,3.0505407,5.329,-27.843695,2.3141756,0.0,0.83143896,-0.5556502,-0.5779533,-0.06918422,0.84578645,Non-Pulsar
293.56,60.04,91.83,2.5572233,14.225,-28.943691,1.7841762,0.0,1.4797568,0.9999763,0.68077534,-0.008889784,-2.470648,Non-Pulsar
293.58,-24.33,15.02,2.5707684,9.529,-28.584616,1.5751107,0.0,0.94326407,0.9926122,0.9291804,0.2241495,-0.80892116,Non-Pulsar
293.6,65.69,97.38,6.078088,15.598,-28.342337,2.8292742,0.0,1.1810999,-0.4027438,-0.51465213,-0.7621695,-2.6010852,Non-Pulsar
293.64,61.65,93.41,3.1366658,6.083,-28.82161,2.2216175,0.0,-0.39072314,0.99979126,-0.11765847,-0.48791784,-0.23484829,Non-Pulsar
293.82,20.49,56.06,3.6047282,15.461,-26.484365,2.7174358,0.0,2.0045965,0.07837355,-0.26613924,-0.6035069,-0.0023727352,Pulsar
294.24,-47.34,351.15,3.9249828,26.509,-28.204508,1.8172626,0.0,-0.28544304,0.21913864,0.0010517084,0.2347783,0.22819097,Non-Pulsar
294.28,83.91,116.3,2.564423,8.815,-28.983225,2.1327486,0.0,0.42456,-0.42106286,0.4391079,-0.27617478,2.858088,Non-Pulsar
294.31,-39.98,359.14,4.4036965,20.837,-27.965418,2.5805721,0.0,1.214331,-0.26922962,-0.38014793,-0.43428248,-0.6877615,Non-Pulsar
294.32,-42.29,356.67,2.4132757,15.705,-28.347641,2.0413065,0.0,1.4322314,0.16546576,0.22346784,-0.34685862,18.55078,Non-Pulsar
294.88,-15.43,24.18,4.677675,8.721,-28.066236,2.302211,0.0,0.80850005,0.22616704,-0.052792985,-0.40666837,-0.24425815,Non-Pulsar
294.96,-49.47,348.9,0.0,10.188,0.0,2.2136674,1.0,0.0,-0.124630034,-0.20379709,0.042316273,0.23034172,Non-Pulsar
295.35,-62.18,334.52,7.1700883,77.786,-27.811317,2.3414788,0.0,1.9599965,-0.12480813,-0.2283166,-0.30464327,-0.43850437,Non-Pulsar
295.44,72.31,104.27,4.4042387,7.533,-28.137127,2.7758493,0.0,0.25916642,-0.49309835,-0.4380272,-0.41392648,-0.068241626,Non-Pulsar
295.54,40.2,74.07,0.0,13.311,0.0,2.2374227,1.0,0.0,-0.27826375,-0.22690146,0.13050176,0.109307855,Non-Pulsar
295.64,-58.46,338.8,2.7927601,9.72,-28.705627,2.0803428,0.0,-1.2303563,-0.39584386,0.10763039,0.07190199,-0.4425968,Non-Pulsar
295.7,10.56,48.26,4.4938154,53.306,-27.431995,1.7764152,0.0,1.017932,0.37318102,0.16238348,0.13039438,0.16790845,Non-Pulsar
295.72,-35.2,4.57,3.2083986,8.086,-28.32281,2.191525,0.0,-0.353017,-0.06758202,-0.22538571,-0.04128478,0.50385016,Non-Pulsar
295.92,-5.57,33.89,1.7793462,5.4,-28.310177,1.9401584,0.0,-0.5005641,-0.9280838,0.822565,-0.16501236,-0.73136896,Non-Pulsar
296.0,-27.09,13.08,0.0,6.048,0.0,2.264479,1.0,0.0,-0.37469062,-0.031531468,-0.48599038,-0.40362155,Non-Pulsar
296.0,21.29,57.76,2.7499974,17.99,-27.841513,1.3002404,0.0,1.4006752,-0.99627036,-0.99048126,1.0,0.57851917,Non-Pulsar
296.07,39.36,73.53,2.9403412,15.64,-28.133667,1.9775317,0.0,1.0970018,0.7431207,0.12459339,-0.03306729,-0.21317405,Non-Pulsar
296.1,-45.39,353.59,2.8254116,15.202,-28.416285,1.510875,0.0,0.74336416,0.9992349,0.07073653,0.37407833,0.5068901,Non-Pulsar
296.23,-21.72,18.57,4.568621,31.318,-27.991709,1.8362507,0.0,0.29898712,-0.02691109,0.15814984,0.15937662,0.08107304,Non-Pulsar
296.29,-40.12,359.42,4.6429734,12.015,-28.365175,2.0510576,0.0,1.1501744,0.9980081,0.19801824,-0.16204832,-3.3754504,Non-Pulsar
296.38,-1.9,37.47,3.036294,4.558,-28.471197,2.4272597,0.0,1.0701406,0.9993895,0.38345623,-0.5668191,1.7385569,Non-Pulsar
296.5,-31.21,8.99,3.1685534,21.077,-28.122103,2.2319746,0.0,-0.15787773,-0.3215195,-0.12381456,0.06252227,-0.23878075,Non-Pulsar
296.51,9.62,47.83,0.0,8.207,0.0,2.0340211,1.0,0.0,0.99988234,-0.088467106,0.23912711,0.343624,Non-Pulsar
296.6,60.53,92.95,2.7692602,4.127,-29.178871,1.9805614,0.0,0.41172406,0.5147365,0.9967348,-0.07883347,2.2193093,Non-Pulsar
297.1,12.12,50.3,2.4992254,6.67,-27.801765,2.5316231,0.0,1.2141607,0.42730916,-0.06074584,-0.58844626,-54.050816,Non-Pulsar
297.25,13.25,51.36,3.7855363,13.872,-27.431446,2.4044027,0.0,0.69413733,-0.20060088,-0.09536062,-0.3311399,-0.59579366,Non-Pulsar
297.32,72.84,105.02,4.594411,8.313,-27.877542,2.5509074,0.0,0.97950006,-0.34282905,-0.19240654,-0.31416968,0.21669798,Non-Pulsar
297.37,12.79,51.03,3.768535,4.321,-27.528824,2.4619727,0.0,-0.4109279,0.99914235,-0.34453103,-0.17316401,-0.3841232,Non-Pulsar
297.39,73.19,105.38,2.668083,5.997,-27.858637,2.7331877,0.0,0.66748124,0.09678662,-0.27537897,-0.5219886,1.7066321,Non-Pulsar
297.39,9.11,47.8,0.0,16.241,0.0,2.026916,1.0,0.0,-0.431165,-0.13876317,0.21333154,0.33806488,Non-Pulsar
297.49,-61.57,335.26,3.1689174,3.62,-28.565016,2.3959162,0.0,0.12497463,0.99862957,-0.055518977,-0.47411925,1.8651057,Non-Pulsar
297.51,-73.36,321.6,0.0,5.432,0.0,2.0876923,1.0,0.0,0.99956584,-0.047012053,0.052466948,-0.53194684,Non-Pulsar
297.66,34.94,70.3,2.927544,6.508,-28.403826,1.9346336,0.0,0.59884447,-0.44673237,0.99872404,-0.15069722,0.33631277,Non-Pulsar
297.72,12.2,50.68,2.54589,12.971,-27.570475,2.424514,0.0,1.4372921,0.08089724,-0.12677519,-0.3506042,-0.5617938,Non-Pulsar
297.82,-9.86,30.74,2.4978573,3.216,-27.999077,2.663126,0.0,0.25648233,-0.26080093,-0.62024206,0.19392419,0.31122985,Non-Pulsar
297.9,-46.42,352.71,2.8150904,4.236,-28.910177,1.9879037,0.0,0.21500044,0.9992673,0.7656653,-0.60075814,1.3000678,Non-Pulsar
297.96,-5.18,35.19,3.935849,6.045,-28.142221,2.416319,0.0,0.6303489,0.9818768,-0.10319089,-0.3237776,2.4402144,Non-Pulsar
298.25,32.88,68.77,2.0434365,84.379,-26.224764,2.3499322,0.0,3.3606992,0.27813867,0.023118783,-0.2969215,-0.55713683,Pulsar
298.25,76.85,109.15,2.7123911,5.434,-28.877495,2.1785247,0.0,0.36370924,0.42513257,0.062419493,0.06842408,-1.6281662,Non-Pulsar
298.27,-70.42,324.97,2.641808,13.419,-28.514254,2.1083167,0.0,-0.66095746,0.15219499,-0.22602454,-0.01368015,0.24027933,Non-Pulsar
298.59,28.6,65.25,2.590311,91.071,-26.506556,2.124695,0.0,3.1332245,0.23384927,0.059415363,-0.28256005,-0.91958934,Pulsar
298.67,-11.38,29.66,5.351013,26.21,-27.754295,2.3850493,0.0,0.8210567,-0.1490799,-0.24731962,-0.26779377,0.038168132,Non-Pulsar
298.74,-56.67,340.99,2.5283642,17.392,-28.539507,1.9307008,0.0,-0.49045235,0.10738306,-0.14813063,0.05658141,0.46285236,Non-Pulsar
298.78,-16.07,25.15,3.5500867,18.067,-28.13458,2.002701,0.0,-2.6416643,-0.21862431,-0.057090476,-0.053793695,0.44496614,Non-Pulsar
298.82,13.98,52.78,5.349328,16.245,-27.703777,2.3270507,0.0,0.974427,-0.18135151,-0.0982463,-0.39750883,-0.7976001,Non-Pulsar
298.86,51.54,85.29,5.0736613,26.253,-27.806181,2.450227,0.0,0.9386703,-0.23110056,-0.20398064,-0.33886325,-1.2781266,Non-Pulsar
298.94,2.24,42.45,2.0330796,13.325,-28.294086,1.7594286,0.0,0.8412089,0.99999774,0.4574964,-0.09097129,-2.0289624,Non-Pulsar
299.04,2.57,42.8,3.1424708,6.084,-28.392359,1.9967387,0.0,0.61455446,0.99538237,0.9768399,0.11782168,0.02897926,Non-Pulsar
299.29,-32.52,8.36,3.2910767,9.896,-28.129517,2.5616488,0.0,-0.027922135,0.12449286,-0.4793311,-0.40959802,0.6068208,Non-Pulsar
299.41,50.56,84.59,2.571384,76.046,-27.823477,2.0162823,0.0,3.2144237,0.36138907,-0.113076776,-0.7564426,-0.56079566,Pulsar
299.5,-38.75,1.58,8.810145,108.024,-27.512915,2.1296172,0.0,2.5583935,0.041312378,-0.08852168,-0.26475954,-0.73155165,Non-Pulsar
299.53,24.64,62.3,2.8456438,12.435,-27.728653,2.0262213,0.0,-0.21877305,0.9214143,0.1978603,0.07097232,-0.5689663,Non-Pulsar
299.53,-7.19,34.04,3.1312222,7.429,-28.439835,2.0869381,0.0,-0.7335041,-0.26733246,-0.13723879,0.18443838,0.2889835,Non-Pulsar
299.58,-30.18,10.96,3.528945,29.314,-27.949047,1.8330315,0.0,0.59406406,-0.21993287,0.20990834,0.19400746,0.13724126,Non-Pulsar
299.68,28.77,65.89,2.4161649,97.329,-26.607918,2.1089165,0.0,3.320956,0.29359686,0.056026764,-0.366863,-0.7076789,Pulsar
299.77,38.74,74.43,3.7465923,12.345,-27.320337,2.5638018,0.0,1.3090819,-0.014030312,-0.3543197,-0.4147325,0.097959675,Non-Pulsar
299.8,-42.79,357.1,6.1771502,20.117,-28.157206,2.2470624,0.0,1.3817543,0.06856551,-0.17483523,-0.25625116,-0.7239035,Non-Pulsar
299.95,-47.43,351.79,3.2751212,39.298,-27.927341,1.6394204,0.0,1.6006719,0.59079266,0.2251279,0.225901,0.22146933,Non-Pulsar
300.0,42.24,77.54,4.1063724,5.378,-27.763699,2.4823127,0.0,-0.3657601,-0.5738896,-0.21963413,-0.2832648,0.13035724,Non-Pulsar
300.01,65.15,98.01,7.4008884,180.332,-27.131596,1.7623795,0.0,1.3677665,0.24134637,0.16316798,0.11687532,0.13617973,Non-Pulsar
300.08,-29.51,11.82,1.7842135,17.633,-28.074862,2.5020084,0.0,0.51784056,-0.10020699,-0.31552052,-0.3507217,-0.6201961,Non-Pulsar
300.16,-13.47,28.29,2.943299,12.747,-28.046106,2.5222921,0.0,-1.184119,-0.11388257,-0.35998014,-0.4346181,0.40227956,Non-Pulsar
300.23,-17.82,24.01,6.39929,46.636,-27.517155,2.1923215,0.0,1.3230277,0.032987658,-0.14040911,-0.07136546,-0.080027975,Non-Pulsar
300.24,66.25,99.08,1.9570769,4.97,-28.618862,2.1929507,0.0,0.5020973,-0.8532276,0.25959194,-0.022144819,-2.2395027,Non-Pulsar
300.3,43.89,79.07,7.274718,60.966,-27.417337,1.8763152,0.0,1.7041626,-0.0008017921,0.18865325,0.045500945,-0.064221404,Non-Pulsar
300.38,-8.32,33.36,2.9854157,6.103,-28.249437,2.2950492,0.0,-0.5898133,-0.30882427,-0.106857605,-0.42199296,0.32514533,Non-Pulsar
300.43,70.67,103.32,3.0904963,18.402,-28.406006,2.211985,0.0,0.4035241,0.4220312,-0.0978322,-0.14910741,-0.7719875,Non-Pulsar
300.49,-57.63,339.9,2.163557,12.546,-28.67944,2.0598536,0.0,0.5462012,0.14958684,-0.16487072,0.21337056,0.24670863,Non-Pulsar
300.6,-71.32,323.83,3.172012,13.202,-28.695417,1.7665766,0.0,0.18057813,-0.22962855,0.082613245,0.29425678,0.41750783,Non-Pulsar
300.67,63.05,96.19,2.437701,10.033,-28.883303,1.4467152,0.0,1.20769,-0.61929107,0.99997556,0.30843022,0.19259602,Non-Pulsar
300.9,23.56,62.04,2.2791524,5.938,-27.706888,2.538146,0.0,1.186379,-0.0025941706,-0.19194232,-0.37107703,0.2864651,Non-Pulsar
301.28,70.06,102.87,4.2253027,25.337,-28.34803,1.6039451,0.0,1.6011997,-0.048444245,0.48503393,0.23385553,0.088144705,Non-Pulsar
301.32,-18.37,23.88,0.0,8.943,0.0,2.3383598,1.0,0.0,-0.41932556,-0.20343415,-0.20352396,0.0017444523,Non-Pulsar
301.39,77.88,110.47,6.435311,63.945,-27.937574,2.1733809,0.0,1.2459306,-0.041077293,-0.098397955,-0.11057957,-0.32575434,Non-Pulsar
301.46,64.4,97.61,4.079776,13.914,-28.181557,2.3114264,0.0,1.1925957,0.07320708,-0.1606744,-0.19534615,0.05657288,Non-Pulsar
301.48,-23.15,19.0,5.767948,27.519,-27.924767,2.37487,0.0,1.2189324,-0.034411903,-0.27000326,-0.3694154,-0.2593727,Non-Pulsar
301.57,31.04,68.69,1.7970932,16.351,-27.266012,2.119106,0.0,1.8948557,0.6159934,0.17881614,-0.27768332,-0.48127016,Pulsar
301.81,-14.56,27.91,2.2845182,9.33,-28.097233,2.5892773,0.0,1.5197076,0.10357424,-0.332266,-0.89500767,-2.7775111,Non-Pulsar
301.81,66.12,99.27,5.2025046,18.785,-27.75855,2.430558,0.0,1.1338525,0.07301509,-0.31291306,-0.20921443,0.21670498,Non-Pulsar
301.85,-77.48,316.7,4.2370586,12.24,-28.457344,2.1806061,0.0,1.3259542,0.15009086,0.107906945,-0.39731166,-9.189758,Non-Pulsar
301.98,-44.54,355.38,6.6207204,31.631,-28.114513,2.4279284,0.0,1.6467541,-0.1263014,-0.29717237,-0.5638707,-12.429615,Non-Pulsar
302.36,-48.82,350.38,5.1848316,75.737,-27.54647,1.7619551,0.0,1.2397882,0.16326876,0.20287074,0.09980439,-0.020609511,Non-Pulsar
302.49,35.75,73.06,3.5739553,6.631,-27.199722,2.3104527,0.0,-0.78865254,0.06766182,-0.39312616,0.0561545,0.2640441,Non-Pulsar
302.5,7.44,48.91,2.619722,4.829,-27.846926,2.6329281,0.0,0.32627922,0.17132784,-0.27899212,-0.5087324,2.0968418,Non-Pulsar
302.52,72.49,105.36,4.7666054,45.368,-27.96238,2.1665583,0.0,1.7847416,0.02424836,-0.058157224,-0.19633342,-0.42130175,Non-Pulsar
302.92,-15.77,27.16,2.887247,7.735,-27.743156,2.981368,0.0,1.105496,-0.37587687,-0.48756567,-0.84566474,2.2076857,Non-Pulsar
303.02,46.49,82.32,6.3466,78.699,-27.262247,1.8910981,0.0,2.0498037,0.08121613,0.13621096,0.038537495,-0.014345583,Non-Pulsar
303.07,-16.77,26.2,4.675354,14.068,-27.804916,2.6383636,0.0,1.7194322,0.20650344,-0.37634364,-0.72147644,22.866297,Non-Pulsar
303.27,-37.29,3.96,0.0,8.312,0.0,2.2953825,1.0,0.0,-0.05521138,-0.2106804,-0.27653706,0.14455648,Non-Pulsar
303.27,-38.48,2.6,2.309383,5.339,-28.87027,2.1735413,0.0,0.9582136,0.9998569,0.3416273,-0.4442564,4.909624,Non-Pulsar
303.6,-0.79,41.99,3.3334115,14.362,-28.26928,1.996364,0.0,-0.18267111,0.20139319,0.09967463,0.06256929,-0.64174366,Non-Pulsar
303.64,6.81,48.93,2.299726,18.386,-28.2222,1.8957744,0.0,-0.3904485,0.9862309,0.026613181,0.008826157,0.26595867,Non-Pulsar
303.76,16.37,57.35,2.1352699,13.214,-28.079758,2.3661613,0.0,0.46297643,-0.3424413,-0.19519381,-0.38628873,0.54033643,Non-Pulsar
303.81,-1.63,41.32,2.7496188,29.782,-27.806103,2.2088974,0.0,1.4390043,0.0022025676,-0.06717697,-0.2343041,-0.3279617,Non-Pulsar
303.83,-14.54,28.79,0.0,5.698,0.0,2.03139,1.0,0.0,0.8258231,0.117311135,-0.98913294,0.9902606,Non-Pulsar
303.86,65.95,99.53,2.6712556,5.512,-28.10079,2.6041195,0.0,0.54600793,0.025235243,-0.24761924,-0.41370836,4.030804,Non-Pulsar
303.89,37.18,74.87,5.5895,28.321,-25.868713,2.668175,0.0,2.2795596,0.9125509,-0.0019870023,-0.342321,-0.42435402,Non-Pulsar
304.09,-23.53,19.51,2.1443348,11.301,-28.645765,2.0579357,0.0,1.3566462,0.65837854,0.17004783,-0.07155956,-0.29443383,Non-Pulsar
304.1,-9.06,34.36,3.4959576,33.786,-27.901814,1.8427333,0.0,1.2633178,0.106237076,0.1969518,-0.026602078,-0.010557953,Non-Pulsar
304.39,-41.23,359.56,2.979429,9.97,-28.613932,2.0484216,0.0,0.5317036,0.30254465,0.21097736,-0.10642456,-13.83466,Non-Pulsar
304.4,-37.9,3.47,3.051527,6.128,-28.713917,1.9952389,0.0,0.24030192,0.17103346,0.31829944,-0.24107876,-4.273752,Non-Pulsar
304.49,36.43,74.52,2.662009,57.785,-26.191921,2.3265865,0.0,2.967256,0.20709343,0.07357018,-0.4799028,-1.6796429,Pulsar
304.64,38.87,76.6,2.5077224,18.349,-27.514334,1.8224992,0.0,1.3386601,0.99865264,0.39587596,0.25541317,0.12151307,Non-Pulsar
305.28,36.86,75.23,1.9078386,208.308,-25.58928,2.3814964,0.0,4.064122,0.27376178,0.05726534,-0.33379284,-0.78283554,Pulsar
305.37,-20.8,22.89,3.4024277,8.17,-28.31686,2.5204475,0.0,-0.033169698,-0.20107079,-0.42968026,-0.10918261,0.10498293,Non-Pulsar
305.39,40.44,78.23,5.6903954,145.661,-25.213799,2.546685,0.0,4.123112,0.37945753,-0.0014122301,-0.43473724,-0.65617424,Pulsar
305.49,6.49,49.62,3.2524774,14.815,-28.20108,1.9147116,0.0,1.124125,0.3746724,0.22078407,0.073497176,-0.08379342,Non-Pulsar
305.51,-72.41,322.26,2.0363052,10.164,-28.903946,1.5744364,0.0,0.78753763,-0.10410928,0.41289905,0.3265024,0.10774983,Non-Pulsar
305.58,38.67,76.86,2.3437555,16.949,-26.273474,2.6641183,0.0,1.872333,-0.2067248,-0.29114476,-0.45187888,0.1632319,Pulsar
305.59,-45.22,354.93,4.207419,25.486,-28.06528,2.0843208,0.0,1.2082279,0.12384338,-0.04206117,-0.14401631,-0.19980696,Non-Pulsar
305.65,76.2,109.29,4.810659,39.123,-28.00772,2.2167628,0.0,0.9609465,-0.088104956,-0.07789686,-0.16609994,-0.6411018,Non-Pulsar
305.82,31.89,71.4,3.1931765,12.098,-27.563671,2.0868044,0.0,-0.1872892,0.023233311,-0.41688487,-0.043406017,0.5315933,Non-Pulsar
305.87,41.45,79.27,2.9078717,10.662,-26.832613,2.2772396,0.0,0.42791283,0.95025635,0.18251517,-0.28980932,3.4603817,Non-Pulsar
305.9,-11.66,32.61,3.4709003,32.699,-28.038532,1.939982,0.0,1.5409813,0.34071386,0.032336686,-0.050550748,0.076765865,Non-Pulsar
305.92,-1.4,42.61,3.2804039,13.43,-28.527744,2.0103562,0.0,1.5365254,0.37032497,0.23102836,-0.11883703,-0.58434033,Non-Pulsar
305.97,-48.47,351.01,2.301779,4.273,-28.810926,2.1743,0.0,-0.40966582,-0.6728949,0.3941956,0.05777397,-7.1461754,Non-Pulsar
306.11,-8.8,35.57,3.1125064,21.119,-28.227064,2.021238,0.0,-0.23578018,-0.014913224,-0.015845178,0.036736723,0.13898166,Non-Pulsar
306.16,-32.87,9.67,4.858422,21.25,-28.124256,2.364153,0.0,1.2907152,-0.016454564,-0.27679813,-0.36135748,-0.061177395,Non-Pulsar
306.18,-23.48,20.29,3.9972148,10.791,-28.70788,1.7993973,0.0,1.2056648,0.999743,0.22853637,0.20013788,0.11142765,Non-Pulsar
306.2,-64.99,330.93,4.123158,9.449,-28.675455,2.4026053,0.0,-0.17433596,0.19626117,-0.40914482,-0.20948337,0.42473245,Non-Pulsar
306.21,27.57,68.04,2.936133,4.446,-28.445402,1.9441248,0.0,0.4678469,0.99994683,0.7380758,0.0046568955,0.26614916,Non-Pulsar
306.31,3.29,47.16,4.7138133,27.0,-27.996084,2.0458403,0.0,1.2448511,0.016207397,-0.029035542,0.010713405,-0.077318124,Non-Pulsar
306.33,-22.52,21.38,3.355057,14.061,-28.49582,2.004487,0.0,-0.025073465,0.550553,0.16764086,0.0073238877,-1.8608909,Non-Pulsar
306.34,33.69,73.13,4.9701777,18.326,-26.637398,2.8436875,0.0,1.9088327,-0.36741415,-0.35556015,-0.44897655,0.24318029,Non-Pulsar
306.42,-7.59,36.9,8.316022,141.771,-27.31006,2.194562,0.0,2.627952,-0.028359568,-0.12897362,-0.25685766,-0.6422598,Non-Pulsar
306.5,-28.75,14.49,3.2300446,6.921,-28.389563,2.589048,0.0,0.4473634,-0.11553271,-0.35270685,-0.4131548,-0.6104215,Non-Pulsar
306.54,76.76,109.93,3.1369076,13.835,-28.762415,1.5705163,0.0,0.8072997,-0.9575424,0.9997813,0.26578447,-0.071606815,Non-Pulsar
306.65,34.83,74.21,0.0,12.034,0.0,2.112239,1.0,0.0,0.0826345,-0.33853003,-0.057722356,0.46463573,Non-Pulsar
307.08,33.53,73.36,2.4905102,68.273,-27.041828,1.9627247,0.0,3.3248026,0.99940586,0.25673863,-0.4130057,-0.6598548,Pulsar
307.28,-18.66,25.92,2.3615017,7.515,-28.468847,2.3782759,0.0,0.4970234,-0.21866761,-0.13411693,-0.45113426,-4.2304115,Non-Pulsar
307.38,49.42,86.41,5.1158223,25.115,-27.393476,2.3265076,0.0,1.9031407,0.23483151,-0.03400941,-0.44306114,-2.8191745,Non-Pulsar
307.51,36.69,76.12,2.4756978,62.283,-27.093515,1.9052845,0.0,3.059679,0.64640826,0.30736515,-0.2536107,-0.6659929,Pulsar
307.56,-6.34,38.69,0.0,7.148,0.0,2.2620678,1.0,0.0,-0.17086147,-0.24474078,-0.0013751948,0.018547164,Non-Pulsar
307.62,-5.05,39.99,2.649607,4.818,-28.630083,2.1101372,0.0,-0.22684923,-0.7361673,0.12698111,-0.02766585,0.19915386,Non-Pulsar
307.63,-14.66,30.3,0.0,10.02,0.0,1.8794802,1.0,0.0,-0.6095111,0.13381186,0.09833941,0.5323514,Non-Pulsar
307.7,-69.99,324.87,2.9534338,8.494,-28.76972,2.2023542,0.0,-1.039349,-0.37156406,-0.14822738,-0.08958713,0.45747718,Non-Pulsar
307.73,44.27,82.35,1.9861224,52.737,-26.85685,2.1193495,0.0,2.9653776,0.19686592,0.15268008,-0.54418623,-1.2691462,Pulsar
307.74,-16.36,28.55,0.0,10.295,0.0,2.0561018,1.0,0.0,-0.114376,-0.15681873,0.09744449,0.50177675,Non-Pulsar
307.74,19.6,62.22,3.2615013,27.904,-28.020674,1.7443867,0.0,1.105892,-0.0977107,0.18044956,0.23194693,0.12782688,Non-Pulsar
307.79,-26.26,17.7,2.3264587,12.862,-28.53083,1.9657568,0.0,1.0186557,0.99998665,0.23406555,-0.32136393,-3.0654054,Non-Pulsar
307.81,-41.36,359.83,5.0385327,6.849,-28.740608,2.3285787,0.0,1.2052177,0.999813,-0.027737105,-0.4653838,-1.0242531,Non-Pulsar
307.95,16.32,59.56,0.0,5.546,0.0,2.4651673,1.0,0.0,-0.4124776,-0.55361706,0.33879843,0.43808526,Non-Pulsar
307.98,24.06,66.07,1.968694,4.59,-28.643965,1.8640943,0.0,-0.4426235,-0.998226,0.9928235,0.25391322,-1.0354321,Non-Pulsar
308.0,12.33,56.15,4.076332,14.658,-27.989899,2.403568,0.0,0.119803526,-0.30316246,-0.12940754,-0.3095179,-2.1439219,Non-Pulsar
308.06,41.46,80.23,3.263636,111.514,-26.086458,2.0981717,0.0,3.2529275,0.40141138,0.274796,-0.023989115,-0.64151317,Pulsar
308.09,-58.28,338.92,0.0,4.099,0.0,2.366829,1.0,0.0,-0.4939735,-0.4987265,0.22385387,0.5078948,Non-Pulsar
308.43,63.13,98.15,3.236003,9.156,-28.941341,1.7077595,0.0,1.3661735,-0.78713936,0.9999988,0.45554402,-0.030726453,Non-Pulsar
308.65,11.9,56.14,5.5499043,22.002,-27.357145,2.4149597,0.0,0.6811559,0.045839366,-0.20524268,-0.31958148,-0.9018109,Non-Pulsar
308.71,-42.0,359.13,3.0157926,14.576,-28.531448,1.9699249,0.0,0.64643896,-0.122934446,0.04879503,0.20819736,-0.031905696,Non-Pulsar
308.75,-4.85,40.76,2.9239128,8.903,-28.47107,2.2838004,0.0,0.64968777,0.9943152,-0.023095082,-0.32028478,5.042366,Non-Pulsar
308.85,10.94,55.41,8.129649,69.155,-27.314445,2.3432095,0.0,2.0109496,-0.13435572,-0.16419184,-0.3471105,-1.7752409,Non-Pulsar
308.98,49.03,86.71,2.9290047,16.021,-27.763205,2.1122587,0.0,0.48725656,0.14855824,-0.20394832,0.07404528,0.10202231,Non-Pulsar
309.1,65.88,100.66,3.6248703,22.998,-28.320099,1.9119569,0.0,1.3421978,0.99998325,0.17922753,0.068967484,-0.10641757,Non-Pulsar
309.23,-33.49,9.61,2.3655128,13.639,-28.432886,1.8169341,0.0,-0.19126907,-0.41039485,-0.23477174,0.2178118,0.6636064,Non-Pulsar
309.48,-5.07,40.91,2.5947971,6.849,-28.895601,1.5833807,0.0,1.0138357,-0.81104076,0.8375059,0.2999997,0.13596581,Non-Pulsar
309.69,51.29,88.8,5.068451,22.967,-26.966728,2.469733,0.0,1.8645849,0.5641779,-0.18619257,-0.50057024,-8.831625,Non-Pulsar
309.76,-10.77,35.3,4.3591523,48.396,-27.842966,1.9491895,0.0,1.6298646,0.14347178,0.028211469,-0.04899426,-0.042102475,Non-Pulsar
309.83,21.85,65.24,3.3033643,8.405,-28.159958,2.6446881,0.0,1.0342163,-0.4799207,-0.17037794,-0.6387808,1.7524905,Non-Pulsar
309.88,52.31,89.69,1.962111,16.104,-28.240374,1.8370702,0.0,0.57117593,-0.99987835,0.9998364,-0.11321028,-11.12711,Non-Pulsar
310.01,-57.62,339.6,1.8224136,11.352,-28.46574,2.2991369,0.0,0.035482448,0.29135475,-0.15335669,-0.09117362,-0.36066833,Non-Pulsar
310.02,12.62,57.53,2.2411566,3.815,-28.782333,2.0080535,0.0,0.44324255,-0.9986474,0.99848485,0.37173492,-0.686635,Non-Pulsar
310.04,-46.37,353.75,2.9016054,8.328,-28.634346,1.5836762,0.0,0.69797945,-0.630337,0.76804566,0.28952926,0.057964463,Non-Pulsar
310.07,-71.26,323.15,3.3031645,22.004,-28.493298,1.7695533,0.0,0.0058241426,-0.16153729,0.17476392,0.1062227,0.33890212,Non-Pulsar
310.07,-25.11,19.73,3.976186,12.243,-28.340174,2.20894,0.0,0.98744076,0.17043677,-0.11977221,-0.4073626,-0.57600087,Non-Pulsar
310.14,-17.09,28.77,4.196329,14.617,-28.33751,2.4568608,0.0,-2.2079034,-0.20846263,-0.2804134,-0.2061897,-0.16989316,Non-Pulsar
310.46,-73.33,320.73,2.1013827,12.072,-28.774132,1.9251289,0.0,-0.8454369,-0.22568542,-0.24324371,0.33012554,0.44619498,Non-Pulsar
310.48,-37.59,4.8,0.0,14.209,0.0,1.883673,1.0,0.0,0.11918261,0.041866723,0.050458256,0.3394662,Non-Pulsar
310.54,24.46,67.78,3.5252824,23.051,-28.241634,1.9467443,0.0,-0.46388805,0.35451013,-0.0050991583,0.18289682,0.09342251,Non-Pulsar
310.55,42.16,81.9,2.5791183,10.107,-26.412521,2.808907,0.0,1.688714,0.23939103,0.03425146,-0.6001024,-6.6014104,Non-Pulsar
310.67,16.49,61.23,3.2196212,9.993,-28.476051,1.9839325,0.0,0.54467016,0.9997368,-0.15647447,0.32800692,0.1965223,Non-Pulsar
310.68,-54.26,343.76,2.5746655,11.015,-28.854431,2.1925392,0.0,1.5266867,0.54682,0.2844135,-0.5004426,8.747563,Non-Pulsar
310.69,-1.92,44.63,2.826769,7.589,-28.486982,2.195068,0.0,0.3024051,-0.38469708,0.28659248,-0.49484468,1.8716286,Non-Pulsar
310.93,27.69,70.62,3.895892,27.475,-27.966208,2.0977042,0.0,2.2838871,0.22471218,-0.0347096,-0.68404084,-2.0586083,Pulsar
310.94,0.01,46.61,0.0,10.388,0.0,2.2702465,1.0,0.0,-0.116708815,-0.35334596,0.0133546125,0.46608856,Non-Pulsar
311.0,10.61,56.34,3.9385266,5.684,-29.092472,1.7389451,0.0,1.0121068,0.99887955,0.8941312,0.62192523,0.05317976,Non-Pulsar
311.28,-23.78,21.67,2.273599,11.603,-28.590502,2.0076437,0.0,-0.8273924,0.9903791,-0.12186488,0.03100688,0.04372318,Non-Pulsar
311.67,-10.2,36.82,2.7653399,9.946,-28.527653,1.925356,0.0,0.31716684,0.999921,0.01723022,0.105002284,-0.053834002,Non-Pulsar
311.72,-42.97,358.12,3.5387115,7.842,-28.797104,1.9852691,0.0,1.0485519,0.99974465,0.25553814,-0.17035602,-0.9852902,Non-Pulsar
311.75,-2.59,44.55,0.0,5.697,0.0,2.6757388,1.0,0.0,-0.41167545,-0.42551273,-0.12087258,-0.008094529,Non-Pulsar
311.78,-74.0,319.81,2.027277,4.571,-28.468752,2.6766176,0.0,-2.074496,0.114182666,-0.55196935,0.10787156,0.18372007,Non-Pulsar
311.98,-31.38,12.76,2.963474,10.451,-28.505148,2.0430615,0.0,0.29803413,-0.26424214,0.13688165,-0.021148037,-0.91212857,Non-Pulsar
312.16,-68.07,326.62,0.0,14.258,0.0,2.1727653,1.0,0.0,0.040271837,-0.21527717,0.1578672,0.26359016,Non-Pulsar
312.26,16.79,62.4,2.7589335,8.536,-28.405483,2.1884549,0.0,-1.027407,0.9893084,-0.374638,-0.109503575,0.492909,Non-Pulsar
312.26,-40.35,1.51,3.742372,5.682,-28.657637,2.127707,0.0,-0.1403133,0.073207766,-0.37413174,-0.22381642,0.75822836,Non-Pulsar
312.45,-0.62,46.85,2.7125375,4.177,-28.882723,1.5332977,0.0,-0.46968183,-0.5382821,0.9159042,0.5965602,-1.7965262,Non-Pulsar
312.48,10.04,56.71,4.267656,27.128,-27.95669,2.410165,0.0,1.4182394,-0.15717046,-0.2066127,-0.379876,-5.7695875,Non-Pulsar
312.48,-24.89,20.76,3.2567549,5.942,-28.362082,2.3210478,0.0,-0.63251156,0.99979144,0.091125615,-0.46970943,1.8641896,Non-Pulsar
312.52,4.14,51.39,0.0,22.586,0.0,2.2833245,1.0,0.0,-0.16122712,-0.16635753,-0.23985729,0.100894436,Non-Pulsar
312.61,-26.47,18.91,4.9455767,15.982,-28.198788,2.1649854,0.0,0.9271064,0.24921116,-0.19013427,-0.040176947,0.16475281,Non-Pulsar
313.07,-55.56,341.9,7.2402687,49.189,-28.033522,2.2312565,0.0,1.530248,-0.010094643,-0.1440669,-0.26312494,-0.4388329,Non-Pulsar
313.13,8.17,55.43,2.5391562,7.594,-28.588343,1.1708341,0.0,0.95544636,-0.99940926,0.99996275,-0.9665753,0.9987158,Non-Pulsar
313.45,29.37,73.35,3.2927065,34.39,-27.862383,1.6768852,0.0,1.2577221,-0.2041552,0.3223399,0.17690101,0.17094684,Non-Pulsar
313.51,70.4,105.45,0.0,5.079,0.0,2.2043686,1.0,0.0,-0.8865849,0.6544978,-0.55491906,1.4054976,Non-Pulsar
313.65,47.52,87.46,2.688529,6.166,-27.958376,1.9755832,0.0,-1.0999172,0.2990799,-0.69427866,0.3466357,0.71876776,Non-Pulsar
313.72,0.26,48.42,0.0,11.791,0.0,1.898179,1.0,0.0,-0.3241349,0.19619976,-0.019763475,0.40466815,Non-Pulsar
313.78,-10.47,37.59,3.349149,5.507,-28.586922,2.2558599,0.0,0.621658,-0.58762467,0.4509472,-0.24566133,1.8205986,Non-Pulsar
313.85,-0.34,47.92,2.9458125,15.692,-28.251106,1.5875303,0.0,0.8382149,0.9999894,-0.18675493,0.4546225,0.457951,Non-Pulsar
313.87,-5.08,43.23,0.0,6.553,0.0,2.2950878,1.0,0.0,0.16953254,-0.20001364,-0.27581942,0.2221489,Non-Pulsar
313.96,25.67,70.7,2.5198667,123.321,-27.687181,2.0802097,0.0,3.6473205,0.4254258,0.12302637,-0.5311589,-0.3759209,Pulsar
314.07,-47.24,352.6,8.033278,125.052,-27.633572,2.3583226,0.0,2.5305998,-0.12501884,-0.2870669,-0.39937633,-0.4042745,Non-Pulsar
314.12,-49.07,350.2,3.068339,4.22,-28.372866,2.7033682,0.0,0.2791969,-0.27643147,-0.42847413,-0.7506704,0.53002703,Non-Pulsar
314.14,-2.04,46.43,4.1698294,12.606,-28.248575,2.3819165,0.0,0.83012027,-0.09332988,-0.24399582,-0.34065065,-0.21497871,Non-Pulsar
314.18,-32.16,12.24,2.2425308,5.516,-28.429523,2.4985185,0.0,0.3572219,-0.27829146,-0.004977431,-0.9987808,1.0009121,Non-Pulsar
314.19,49.67,89.33,3.4152822,38.271,-27.577196,1.8601846,0.0,-0.14032455,0.95430934,0.17640834,0.14897221,0.15483856,Non-Pulsar
314.35,-7.39,41.13,3.2277758,9.464,-28.319344,2.7296338,0.0,0.7031027,-0.33046556,-0.52391684,-0.44050902,-0.67086214,Non-Pulsar
314.71,-14.71,33.41,0.0,6.373,0.0,2.0396855,1.0,0.0,-0.7461986,0.5575788,-0.008911887,-1.6477311,Non-Pulsar
314.78,-41.06,0.74,2.2392244,9.666,-28.459518,2.5172985,0.0,1.5380051,0.6402129,-0.20391504,-0.52261174,3.1596777,Non-Pulsar
315.0,21.06,67.59,3.000439,7.455,-28.266256,2.4408388,0.0,0.37472215,-0.5094212,0.14987463,-0.5486323,1.4721682,Non-Pulsar
315.35,9.2,57.7,2.2107544,8.298,-28.626846,1.9046866,0.0,-0.34570625,-0.41596258,0.22387366,-0.007515479,0.22448967,Non-Pulsar
315.37,-29.59,15.77,3.7082489,9.715,-28.33149,2.7880812,0.0,0.58885455,-0.42632195,-0.4817092,-0.3912032,0.23818602,Non-Pulsar
315.58,47.04,87.95,3.9048316,19.398,-27.364977,2.2715812,0.0,0.5017659,0.692389,-0.11787316,-0.20629726,-0.4338735,Non-Pulsar
315.76,3.71,52.93,3.1489398,7.819,-28.350178,2.500793,0.0,-0.20455071,-0.18679968,-0.39019486,-0.17341411,0.057111315,Non-Pulsar
315.82,-21.24,26.28,0.0,6.908,0.0,2.237526,1.0,0.0,-0.3963165,-0.044249024,0.038449235,-0.093316756,Non-Pulsar
315.87,-78.28,314.66,2.3423824,3.449,-28.780312,2.279454,0.0,0.8792218,-0.22294553,0.4715115,-0.3213736,-7.014379,Non-Pulsar
315.94,-11.21,37.87,3.3734417,28.294,-28.526773,1.8195506,0.0,2.2516603,0.730445,0.34509927,-0.25371367,-0.74905425,Non-Pulsar
315.95,-62.56,332.7,4.3898573,60.069,-28.003502,1.8686574,0.0,1.8933965,0.38411772,0.10739195,-0.034590367,-0.16391003,Non-Pulsar
316.01,-35.77,7.86,5.6118007,24.314,-28.140366,2.1834047,0.0,1.1010156,-0.014738269,-0.09592384,-0.14038277,-0.38323045,Non-Pulsar
316.08,-2.21,47.38,2.7022269,12.08,-28.521524,1.658127,0.0,0.51689476,-0.6314653,0.5920775,0.49415582,0.28307945,Non-Pulsar
316.18,1.14,50.73,3.057994,5.479,-28.636652,2.078834,0.0,0.6121199,0.8669665,0.8675204,-0.22916216,1.6414776,Non-Pulsar
316.32,-51.73,346.51,0.0,7.807,0.0,2.535257,1.0,0.0,-0.50442713,-0.19636302,-0.38155192,-0.31740746,Non-Pulsar
316.69,35.83,80.11,3.2975142,6.695,-27.965204,2.486582,0.0,0.5531844,-0.08362868,-0.12009285,-0.5101428,1.8418562,Non-Pulsar
316.74,24.93,71.75,3.4112794,6.796,-28.163391,2.8143885,0.0,0.99203765,-0.41839132,-0.32399508,-0.6158617,1.5262951,Non-Pulsar
316.8,-14.89,34.17,3.1158888,6.676,-28.50585,2.392973,0.0,-0.8265011,-0.351055,-0.38630888,-0.039177574,0.54858124,Non-Pulsar
316.91,-41.82,359.8,2.2005255,7.173,-28.485083,2.2529025,0.0,0.7326487,-0.31454745,0.21749073,-0.18444756,47.510395,Non-Pulsar
316.98,60.1,98.28,2.0188937,4.079,-27.620571,2.8366346,0.0,1.0348349,-0.1266031,-0.34377396,-0.32968226,-1.2180597,Non-Pulsar
317.0,36.93,81.11,2.679403,15.591,-28.277254,2.068986,0.0,0.53555435,0.28354532,0.14762509,-0.07672034,-0.75822496,Non-Pulsar
317.06,-24.91,22.19,3.80104,10.833,-28.271658,2.3155308,0.0,0.9003409,0.11376923,-0.13948187,-0.4446491,19.624762,Non-Pulsar
317.09,-48.41,350.86,2.8178675,2.944,-28.406256,2.5128317,0.0,-1.0137614,0.36829534,-0.2739843,-0.4129721,-0.80095524,Non-Pulsar
317.15,14.58,63.52,4.0664916,11.749,-28.243263,2.7705722,0.0,0.65328795,-0.43172187,-0.4765299,-0.37840995,0.2259222,Non-Pulsar
317.18,-2.84,47.38,0.0,15.479,0.0,2.0505629,1.0,0.0,0.4424977,0.15755032,-0.1521377,-2.0602283,Non-Pulsar
317.19,75.54,110.37,2.519752,4.259,-28.61781,2.5305924,0.0,1.1227306,0.99989974,0.33784294,-0.9129015,1.0966847,Non-Pulsar
317.24,-66.64,327.52,2.7448313,30.71,-28.530912,2.1580622,0.0,-2.2189136,-0.12274484,-0.1345212,-0.004965036,0.03787206,Non-Pulsar
317.41,4.68,54.85,2.8591306,12.481,-28.369461,2.0577338,0.0,-0.39660054,-0.15825275,-0.08103135,0.040047288,0.20983458,Non-Pulsar
317.44,-41.16,0.7,2.3469474,4.849,-28.693985,2.2123723,0.0,-0.59415835,0.16966012,-0.5880809,0.48069844,0.3661472,Non-Pulsar
317.46,-86.31,306.41,2.9561925,16.713,-28.57339,1.7987621,0.0,0.5049641,0.6826504,0.12459008,-0.046233386,0.49157947,Non-Pulsar
317.56,-10.36,39.65,2.6307092,5.747,-28.330732,2.599468,0.0,-0.048143055,0.05085493,-0.44202146,-0.57283366,0.41687426,Non-Pulsar
317.58,8.15,58.15,4.7238746,11.748,-28.194185,2.5201302,0.0,-0.19733594,-0.39653966,-0.22869594,-0.101865694,-0.5024771,Non-Pulsar
317.59,4.08,54.41,3.0068865,8.909,-28.506123,2.0686483,0.0,-0.025866909,0.6624399,-0.021726355,-0.12057137,-0.16009238,Non-Pulsar
317.86,46.1,88.31,2.4518626,78.372,-27.253933,2.008295,0.0,2.819911,0.2513008,0.031724516,-0.17632051,-0.4033594,Pulsar
318.19,8.32,58.7,3.2493913,20.077,-28.19243,1.6740788,0.0,1.020111,0.9261036,-0.14963976,0.33261472,0.37157682,Non-Pulsar
318.23,-48.31,350.89,0.0,4.727,0.0,2.4370143,1.0,0.0,-0.42284134,-0.23443362,-0.16326047,-0.68981874,Non-Pulsar
318.5,11.34,61.59,5.120138,12.843,-28.216274,2.434794,0.0,1.0582631,-0.12862548,-0.32377207,-0.3122373,0.0870109,Non-Pulsar
318.68,-25.64,21.75,0.0,4.193,0.0,2.5488417,1.0,0.0,-0.37886596,-0.3109712,-0.58280516,0.24000992,Non-Pulsar
318.69,31.5,77.99,2.9305794,12.476,-28.19038,2.436153,0.0,0.16103768,-0.18333401,-0.19529493,-0.08035696,-2.3413546,Non-Pulsar
318.72,28.52,75.74,3.4795597,8.672,-27.860037,2.7123065,0.0,0.95252764,-0.22723901,-0.37240136,-0.31254154,-0.41319335,Non-Pulsar
318.72,20.44,69.39,2.8585875,5.156,-29.048489,1.7541368,0.0,0.722646,-0.97925997,0.98327637,0.17155463,-0.24189858,Non-Pulsar
318.82,12.3,62.64,3.26206,12.441,-28.54246,1.9472929,0.0,-0.92868656,0.9961056,-0.05631095,0.18711694,0.09851858,Non-Pulsar
318.87,29.55,76.62,6.838895,69.073,-27.528809,2.3281882,0.0,1.9941125,-0.06089615,-0.20516104,-0.23569207,-0.3673352,Non-Pulsar
318.9,-49.64,349.0,2.5832336,11.517,-28.706253,2.0101962,0.0,0.64768225,-0.35487866,0.41353002,0.037986368,-5.778532,Non-Pulsar
318.95,67.89,104.74,2.1959698,6.53,-28.896458,1.6415071,0.0,0.9882384,-0.9999985,0.9999359,0.974625,0.4884571,Non-Pulsar
319.0,-1.23,50.12,2.512225,10.839,-28.533176,2.176171,0.0,-1.1733022,-0.23697235,-0.05614093,0.018362103,-0.6691398,Non-Pulsar
319.06,37.03,82.3,2.351915,16.444,-27.926977,2.3043056,0.0,1.9682636,0.22415157,-0.052840073,-0.6857408,-15.961812,Pulsar
319.06,33.66,79.82,5.357046,71.359,-27.578304,1.8032615,0.0,1.8094248,0.15945856,0.16018236,0.07985917,0.032805845,Non-Pulsar
319.08,10.25,61.01,2.3984566,3.473,-29.081705,2.2479753,0.0,0.93177474,0.9999742,0.4356868,-0.66789573,1.4284906,Non-Pulsar
319.37,61.99,100.48,2.0785737,5.618,-27.778805,2.8907006,0.0,1.0667672,-0.21296254,-0.42974535,-0.9340393,0.8985836,Non-Pulsar
319.46,-15.36,34.89,2.6898324,7.199,-28.529718,2.3396711,0.0,0.03363747,-0.026247304,-0.036887757,-0.41797006,7.0416856,Non-Pulsar
319.47,-32.72,12.44,0.0,8.912,0.0,2.1057646,1.0,0.0,0.9803143,-0.07915367,-0.40298194,0.07636132,Non-Pulsar
319.5,0.33,52.0,0.0,6.561,0.0,2.6262155,1.0,0.0,-0.1822217,-0.3907281,-0.76434237,0.70929563,Non-Pulsar
319.55,57.87,97.54,4.3614974,6.211,-27.665886,2.5806837,0.0,0.52698857,-0.30195755,-0.26766458,-0.48838553,13.572574,Non-Pulsar
319.57,-54.33,342.58,2.9746184,5.953,-28.905853,1.8234701,0.0,-0.7732803,-0.7145556,0.26337326,0.030016175,0.27816033,Non-Pulsar
319.72,-7.39,44.11,3.1040902,5.399,-28.301083,2.877148,0.0,0.16499853,-0.33046466,-0.5613115,-0.8713878,0.87970424,Non-Pulsar
319.77,-33.29,11.71,2.6920178,7.683,-28.69401,2.0696423,0.0,1.2629622,0.031797685,0.43672955,-0.27617505,-2.6956267,Non-Pulsar
319.87,46.87,89.82,2.1971917,6.105,-28.741764,1.9167358,0.0,1.0677829,0.99843496,-0.73787445,0.91611135,0.47941622,Non-Pulsar
319.88,-45.69,354.34,0.0,4.845,0.0,2.551056,1.0,0.0,-0.44398013,-0.16510734,-0.51148033,-1.8176281,Non-Pulsar
319.92,-11.09,40.1,5.078335,12.608,-28.450842,2.3563342,0.0,0.5378872,-0.37055203,0.02451311,-0.26155168,3.8150425,Non-Pulsar
320.15,-12.91,38.12,0.0,10.193,0.0,2.351527,1.0,0.0,-0.04137726,-0.24207097,-0.1716436,-0.24211432,Non-Pulsar
320.16,-61.24,333.53,3.4257834,7.495,-28.761255,2.4063127,0.0,0.25980824,-0.40657222,-0.19467951,-0.22099069,-0.53794855,Non-Pulsar
320.19,44.48,88.28,2.5871453,4.728,-27.691547,2.5519488,0.0,-0.23933347,-0.43947804,-0.38797307,-0.20398666,0.2285555,Non-Pulsar
320.26,19.03,69.25,4.3414474,52.239,-27.804024,2.1536515,0.0,1.2012218,-0.056250192,-0.10697205,-0.08269059,-0.09209097,Non-Pulsar
320.92,5.59,58.0,4.2845063,17.521,-28.311802,2.3555973,0.0,-0.1707744,-0.1173217,-0.32956043,-0.13826554,0.22928305,Non-Pulsar
320.97,-31.81,13.96,2.737732,7.29,-28.454144,2.46294,0.0,1.160951,0.44864228,-0.4148567,-0.3972892,0.59007925,Non-Pulsar
321.54,-39.38,3.22,2.7688956,8.082,-28.635027,2.262607,0.0,-1.1606282,-0.14730112,-0.34033787,0.012365334,0.4338253,Non-Pulsar
321.59,-46.1,353.59,6.4526324,28.06,-28.160923,2.4780414,0.0,1.0542153,-0.18956362,-0.3669613,-0.1683705,0.046507288,Non-Pulsar
321.63,18.71,69.9,2.9305685,7.753,-28.626307,2.0641098,0.0,-0.943816,0.8634158,-0.36231196,0.26554692,0.45100513,Non-Pulsar
321.89,74.34,110.28,2.149189,4.098,-28.056072,2.659363,0.0,0.39206457,-0.16343448,-0.28000683,-0.6693267,1.7167184,Non-Pulsar
321.9,-57.74,337.61,2.7209966,5.39,-28.921179,2.0892186,0.0,0.53831035,-0.11277811,0.38771337,-0.06276027,4.760145,Non-Pulsar
321.93,36.21,83.35,4.333143,29.557,-27.989658,1.8337977,0.0,1.3078537,0.19387278,0.18812545,0.05388573,0.05868405,Non-Pulsar
322.2,-19.67,30.77,1.6661206,4.187,-28.913006,2.0753129,0.0,-0.62662286,-0.20541419,-0.18425019,0.29714447,0.3279463,Non-Pulsar
322.51,26.18,76.35,2.9979236,6.36,-28.42447,2.2158487,0.0,0.18925555,-0.28289732,-0.056423005,-0.09140161,-0.7291731,Non-Pulsar
322.55,-73.33,318.94,2.5308516,5.38,-28.88204,2.2131693,0.0,0.35161793,-0.5704274,0.3495818,-0.39774057,2.1394556,Non-Pulsar
322.6,-42.69,358.38,5.3991437,6.674,-28.49773,2.5516264,0.0,0.30484435,0.08768573,-0.42091456,-0.16862927,-0.043106165,Non-Pulsar
322.7,-66.39,326.7,3.1082182,30.006,-28.811518,1.8588282,0.0,2.2658348,0.68791056,0.2972103,-0.44263518,-4.08842,Non-Pulsar
322.75,-27.77,19.99,3.5935411,31.737,-28.061918,1.6157706,0.0,1.4268738,0.8267003,0.3992308,0.08176751,0.11336239,Non-Pulsar
322.89,-9.27,43.88,0.0,23.686,0.0,2.017133,1.0,0.0,-0.022566183,-0.101077236,0.054220404,0.27603906,Non-Pulsar
322.94,-25.26,23.55,3.1535976,16.557,-28.363714,1.6946514,0.0,0.8325735,0.6197397,0.1317739,0.124318406,0.35997778,Non-Pulsar
323.02,-54.31,341.89,4.54825,12.757,-28.603638,2.4018307,0.0,0.41262954,-0.1027321,-0.13884287,-0.27069932,-148.82503,Non-Pulsar
323.25,26.18,76.83,2.5104985,7.142,-28.111374,2.6264822,0.0,0.30872408,-0.03202628,-0.3931428,-0.2821292,-1.4513443,Non-Pulsar
323.29,25.49,76.34,2.7941034,11.717,-28.56781,1.920442,0.0,-0.47454253,-0.58253014,0.014994778,0.25870833,0.294476,Non-Pulsar
323.4,80.04,114.87,2.6869845,4.507,-29.532534,1.6847441,0.0,0.895039,-0.99992526,0.029672423,1.0,0.29875097,Non-Pulsar
323.42,14.66,67.8,3.3397183,4.432,-28.257816,2.9295907,0.0,-1.5308113,-0.65532225,-0.053549875,-0.47116816,1.4989424,Non-Pulsar
323.48,66.78,105.18,4.368699,20.192,-28.12265,2.1046567,0.0,0.38796976,-0.12467458,-0.19823468,0.1299269,0.30766284,Non-Pulsar
323.57,-1.9,52.39,4.9474964,35.443,-27.999046,2.1893997,0.0,1.1847795,-0.09593638,-0.13732994,-0.1346262,-0.16441946,Non-Pulsar
323.59,-65.19,327.9,2.778591,7.52,-28.678919,2.2136855,0.0,0.55301666,0.1132129,0.2287207,-0.3358368,1.9987727,Non-Pulsar
323.64,-21.5,28.94,4.2618465,24.226,-28.195116,1.8896115,0.0,0.9574091,0.74039805,0.13503987,-0.025147494,-0.0057907896,Non-Pulsar
323.84,-50.1,347.54,4.717103,23.323,-28.073635,2.3255317,0.0,1.296168,0.079612896,-0.14113304,-0.30694273,-0.88325393,Non-Pulsar
324.06,0.55,55.25,5.7155795,20.503,-28.302513,2.6857634,0.0,1.3833218,-0.40621266,-0.3910505,-0.99999875,1.0000013,Non-Pulsar
324.07,-6.72,47.51,0.0,6.67,0.0,2.6854692,1.0,0.0,-0.64422786,-0.06607843,-0.74935865,1.4129713,Non-Pulsar
324.14,42.99,89.32,5.518707,10.739,-27.855095,2.6495,0.0,0.61514556,-0.26485774,-0.43556833,-0.18768698,-0.1653418,Non-Pulsar
324.36,-32.16,13.97,2.4844787,6.787,-28.841736,1.9415329,0.0,0.39297205,0.89090884,0.0061646546,0.24035361,-0.00088814134,Non-Pulsar
324.59,35.94,84.74,2.331322,6.914,-28.641476,2.026299,0.0,-0.3871451,-0.76448536,0.40503886,-0.10876074,-0.19276299,Non-Pulsar
324.59,-49.56,348.15,3.5132878,4.394,-28.21339,3.1002336,0.0,1.045317,-0.26389968,-0.6969331,-0.69712895,0.66391474,Non-Pulsar
324.71,-20.92,30.16,2.8826828,8.549,-28.827003,1.8822082,0.0,0.13754362,-0.25265968,-0.112608545,0.32278752,0.14924918,Non-Pulsar
324.79,37.41,85.88,2.7471356,4.935,-28.057043,2.757979,0.0,0.71172446,0.9999317,-0.31679344,-0.98974013,1.0243188,Non-Pulsar
324.82,-22.25,28.38,2.4885526,7.308,-28.503681,2.5783932,0.0,-1.0387484,-0.48016536,-0.20720683,-0.4004331,3.7168236,Non-Pulsar
324.82,-24.75,24.87,0.0,4.761,0.0,2.572517,1.0,0.0,-0.37519348,-0.36466616,-0.25147188,0.28858992,Non-Pulsar
324.85,-42.59,358.32,6.8373647,109.46,-27.387955,1.9303722,0.0,1.8767267,0.07475012,0.040240362,0.0051552574,-0.09586986,Non-Pulsar
324.99,39.17,87.21,3.2859046,4.089,-27.975487,2.764028,0.0,-1.9072907,-0.4142592,-0.5761508,-0.43024722,0.72327876,Non-Pulsar
325.0,47.27,92.64,2.4953458,59.341,-27.640661,1.9892852,0.0,3.0674067,0.3340204,0.052826777,-0.6468602,-2.0323358,Pulsar
325.14,-67.52,324.8,3.9382672,5.601,-28.61805,2.7067275,0.0,1.1758419,0.032195847,-0.6655514,-0.9018375,0.9388621,Non-Pulsar
325.37,29.78,80.89,3.1423373,5.54,-28.763748,1.9816785,0.0,-0.36633828,-0.52222186,0.26709348,-0.18789746,-0.9595726,Non-Pulsar
325.43,-64.18,328.62,7.7182927,67.272,-27.964815,2.2307382,0.0,2.0491123,0.031884987,-0.16334969,-0.24686709,-0.2820251,Non-Pulsar
325.46,-37.45,6.05,4.2953124,17.264,-28.372156,2.4745684,0.0,0.7586425,-0.21733548,-0.2511651,-0.48933125,-2.68547,Non-Pulsar
325.53,45.02,91.43,2.8089728,7.582,-28.845978,1.6536686,0.0,0.7545357,0.9985512,0.46215257,0.45296696,0.36731675,Non-Pulsar
325.6,36.99,86.08,2.4034624,11.481,-28.540277,1.7998888,0.0,0.5236548,0.9999993,-0.31120688,0.3957211,0.56283414,Non-Pulsar
325.64,-25.88,23.49,4.9589167,21.975,-28.34587,1.9886702,0.0,1.2856202,0.36460608,-0.1090236,0.028816612,0.1426971,Non-Pulsar
325.69,-4.62,50.91,2.4952521,8.331,-28.599735,2.3348892,0.0,-0.15104842,0.020962635,-0.24623027,-0.1565552,0.01752098,Non-Pulsar
325.7,19.98,73.77,3.2566564,10.022,-28.668081,1.5005238,0.0,0.84552425,0.6913402,0.34403858,0.32048285,0.22359584,Non-Pulsar
325.76,-55.03,340.22,2.8165042,5.426,-28.538395,3.0901763,0.0,1.043042,-0.32925546,-0.9999442,0.9995084,0.24631092,Non-Pulsar
325.79,-39.49,2.93,3.9709842,16.544,-28.50675,2.1453204,0.0,-0.45785713,-0.19262919,-0.11877225,-0.012013638,-0.06414689,Non-Pulsar
325.89,17.73,72.11,7.6264324,86.34,-27.666046,2.452314,0.0,1.4284538,-0.24872348,-0.2984727,-0.3091677,-0.17420086,Non-Pulsar
326.0,33.63,84.01,3.3114924,12.83,-28.471346,2.057452,0.0,-0.72113764,0.56011045,0.11936109,-0.20149949,-0.46377343,Non-Pulsar
326.06,31.55,82.6,3.6638744,21.259,-28.37124,2.141145,0.0,0.3033311,-0.13703077,0.06051302,-0.18417226,-0.6679534,Non-Pulsar
326.09,-78.03,313.55,3.047615,3.385,-28.294127,2.7769985,0.0,0.90235204,0.0884047,-0.4982229,-0.9999968,1.000003,Non-Pulsar
326.21,-18.3,34.41,3.0120296,5.834,-28.83962,2.0233593,0.0,-0.61838263,0.9995926,0.20348926,-0.29962873,-3.8033476,Non-Pulsar
326.25,-33.94,11.46,5.954477,40.709,-28.207222,2.2111988,0.0,1.5203973,-0.019997252,-0.13340347,-0.32275656,-0.99032205,Non-Pulsar
326.38,10.12,66.04,3.066156,7.79,-28.768644,1.7734632,0.0,0.62544745,0.99990755,-0.17936273,0.39601192,0.53591126,Non-Pulsar
326.44,7.31,63.54,2.4142475,9.358,-28.480156,2.1110334,0.0,-0.33430013,-0.24849078,-0.33078894,0.061235867,0.5206605,Non-Pulsar
326.62,-15.48,38.39,4.0057473,8.05,-28.309921,2.8250964,0.0,0.34326667,-0.18077755,-0.39894703,-0.62585324,0.053820983,Non-Pulsar
326.64,-13.73,40.66,4.045224,46.525,-27.71319,1.5702428,0.0,1.7179915,0.6158707,0.25450522,0.23399164,0.31920636,Non-Pulsar
326.71,4.43,61.01,3.4276762,6.412,-28.347689,2.7564957,0.0,0.066343635,-0.040541835,-0.41220456,-0.6607322,-5.1100636,Non-Pulsar
326.78,9.52,65.81,6.5519958,42.018,-27.962706,2.4501042,0.0,1.5072662,-0.19827622,-0.29760787,-0.44673878,-0.72787714,Non-Pulsar
326.83,-75.6,315.8,8.312286,77.782,-27.688702,2.3925986,0.0,2.0121582,-0.18319462,-0.19781126,-0.30906022,-1.0446087,Non-Pulsar
327.02,-7.56,48.48,3.1315503,17.381,-28.411215,1.7391772,0.0,1.0155414,-0.39359358,0.43983096,0.09028515,-0.286951,Non-Pulsar
327.16,6.88,63.69,3.9531431,9.163,-28.140856,2.7548993,0.0,1.0215625,-0.3603675,-0.35738468,-0.69951326,1.4208493,Non-Pulsar
327.23,-1.36,55.55,2.4160762,4.411,-28.566648,2.2114918,0.0,-0.012827119,0.2826759,-0.79802525,0.4668228,0.80139315,Non-Pulsar
327.29,61.07,102.62,3.1902773,8.512,-27.502825,2.897773,0.0,1.3181176,-0.34674764,-0.45491683,-0.6015475,-0.4057425,Non-Pulsar
327.42,3.4,60.55,3.903681,17.388,-28.458126,2.137528,0.0,0.052870095,-0.4335719,0.07647047,-0.02935872,-1.3672754,Non-Pulsar
327.44,19.29,74.49,4.439833,11.51,-28.248178,2.5006,0.0,-1.7700226,-0.22221184,-0.2801852,-0.4074952,-0.17525195,Non-Pulsar
327.54,-14.18,40.6,3.249196,14.594,-28.341091,1.5356253,0.0,0.76549083,-0.569827,0.4424595,0.49218258,0.18024729,Non-Pulsar
327.69,-17.83,35.77,2.7546098,10.305,-28.431173,2.556977,0.0,-1.3392678,-0.4214035,-0.39353028,-0.16126625,0.4301689,Non-Pulsar
327.7,-28.17,20.59,3.4560866,4.009,-28.778244,2.1356292,0.0,-0.11850615,0.9921018,-0.4680199,0.36111912,0.6049561,Non-Pulsar
327.7,11.31,68.1,2.6819558,7.64,-28.669125,2.0389597,0.0,-0.053935207,-0.86355466,0.67889947,-0.14892595,-21.182905,Non-Pulsar
327.86,41.94,90.72,3.2678165,16.29,-28.44754,1.7039059,0.0,1.440903,0.9993342,0.44559473,0.17811294,0.1378426,Non-Pulsar
327.93,-27.82,21.18,3.6393938,6.168,-28.370634,2.6181073,0.0,0.4779584,-0.35427785,-0.23713978,-0.5771245,1.8918138,Non-Pulsar
327.97,-30.46,17.08,7.2467995,44.399,-27.920975,2.8408568,0.0,2.2057023,-0.30145803,-0.58834106,-0.683297,-0.1251909,Non-Pulsar
328.02,-12.09,43.59,3.0046873,8.763,-28.615974,1.6928052,0.0,0.72129804,0.99893266,0.42192358,0.19219626,0.15524569,Non-Pulsar
328.14,17.62,73.69,0.0,6.12,0.0,2.370448,1.0,0.0,0.1234975,-0.35604036,-0.16122682,0.3472388,Non-Pulsar
328.28,-0.69,57.04,0.0,9.529,0.0,1.8573903,1.0,0.0,0.78454065,0.43831328,0.039392814,0.03551219,Non-Pulsar
328.46,-11.63,44.45,4.5695143,20.686,-28.198408,2.429857,0.0,1.0949924,-0.1423365,-0.36484692,-0.40244082,0.12179786,Non-Pulsar
328.81,22.83,78.23,4.9142613,10.207,-28.438486,2.593416,0.0,0.59013873,-0.34747362,-0.18645138,-0.42697045,2.7457266,Non-Pulsar
328.83,66.04,106.32,2.871064,6.699,-27.687038,2.8655314,0.0,0.97249526,-0.20646365,-0.5203343,-0.27481174,0.42087132,Non-Pulsar
329.01,18.31,74.91,3.0045264,18.968,-28.28408,1.5638136,0.0,0.9250491,0.9996327,0.38370624,0.20055138,0.2412837,Non-Pulsar
329.02,-69.71,321.37,1.8028225,7.182,-28.337269,2.7269454,0.0,1.4118153,0.10509214,-0.58440405,-0.96082103,-0.11314802,Non-Pulsar
329.08,-0.6,57.74,0.0,13.659,0.0,2.3312538,1.0,0.0,-0.16135615,-0.26314646,-0.11187859,0.14588797,Non-Pulsar
329.23,-8.91,48.38,2.1901345,12.445,-28.610355,2.1278987,0.0,0.28973708,-0.20358555,0.0009478185,0.103000574,-0.17786464,Non-Pulsar
329.27,10.03,68.2,1.9858162,4.26,-28.467476,2.4731889,0.0,0.8018754,0.9985938,-0.24606417,-0.51168364,-5.367767,Non-Pulsar
329.39,31.46,84.76,7.706734,54.992,-27.907091,2.189016,0.0,2.0766416,-0.04107253,-0.088783905,-0.27379632,-1.5865768,Non-Pulsar
329.53,-15.02,40.63,3.86999,29.167,-28.103678,2.0913892,0.0,0.9352604,0.105568305,-0.04699155,-0.21923909,0.021132037,Non-Pulsar
329.63,-75.84,315.03,0.0,5.575,0.0,2.3336318,1.0,0.0,0.9299041,-0.48276895,0.20241614,0.24989331,Non-Pulsar
329.71,-30.23,17.73,6.9672318,248.351,-26.630182,1.7733436,0.0,2.1044357,0.17915243,0.1406215,0.0925465,0.090539984,Non-Pulsar
329.79,-28.68,20.24,2.800252,17.238,-28.319235,1.7757622,0.0,0.7421278,0.99987346,0.17532739,0.0952761,0.083346836,Non-Pulsar
329.96,-47.85,349.29,4.3130407,13.667,-28.602085,2.541652,0.0,0.3107479,-0.0999782,-0.34270307,-0.43558356,0.05799128,Non-Pulsar
330.03,21.64,78.25,3.838678,15.743,-28.319864,1.9501857,0.0,0.7255048,0.16574173,-0.17662127,0.23531847,0.39731228,Non-Pulsar
330.09,10.5,69.27,2.7305946,7.289,-28.45995,2.3803895,0.0,0.13685074,-0.28735387,-0.28109172,0.064605094,-0.19019267,Non-Pulsar
330.16,2.54,61.84,3.309654,7.79,-28.444588,2.5824058,0.0,-0.9673126,-0.2328908,-0.38302356,-0.27418914,0.25345236,Non-Pulsar
330.18,-24.24,27.41,3.0911098,10.096,-28.698599,2.1580698,0.0,0.43119282,0.17741527,-0.15739502,0.0077255485,-0.20781282,Non-Pulsar
330.26,-59.12,333.36,2.4288516,5.952,-29.072151,1.9764185,0.0,0.61860627,0.999898,0.5576804,-0.080622904,2.7849126,Non-Pulsar
330.38,-83.66,307.96,6.3374863,45.617,-27.55711,2.4523213,0.0,1.975526,-0.15696876,-0.23364942,-0.33355865,-0.9421904,Non-Pulsar
330.4,29.85,84.38,2.9690933,7.017,-28.733849,2.1046553,0.0,0.26108906,0.9991451,-0.2550451,0.23498872,0.13403675,Non-Pulsar
330.45,50.81,97.65,8.339836,48.703,-27.439758,2.5924618,0.0,2.0836601,-0.19730455,-0.38556954,-0.54308,-0.8894035,Non-Pulsar
330.49,-17.11,38.27,2.5429125,6.921,-28.86112,1.6595788,0.0,-0.04844419,0.33677775,-0.18442109,-0.99889755,0.9987161,Non-Pulsar
330.69,42.28,92.6,10.15544,343.185,-26.481329,2.0777278,0.0,2.8676708,0.03817114,-0.047784917,-0.086707816,-0.16454743,Non-Pulsar
330.7,-56.63,336.45,0.0,7.551,0.0,1.9017942,1.0,0.0,0.6019473,-0.1573791,0.29988366,0.14418274,Non-Pulsar
330.72,-23.47,28.81,3.1895292,4.288,-28.762403,2.8202977,0.0,0.82718384,0.7306977,-0.4409383,-0.96991694,0.9298529,Non-Pulsar
330.87,17.43,75.68,7.3341365,57.276,-27.928877,2.2494342,0.0,1.5068719,-0.039657827,-0.1934113,-0.24045663,-0.124870524,Non-Pulsar
330.91,67.85,108.11,2.3243043,5.124,-27.970945,2.6554804,0.0,0.51517624,-0.4582494,-0.40427685,-0.45581543,-0.8661439,Non-Pulsar
331.08,4.64,64.68,3.20811,14.08,-28.322432,2.275311,0.0,0.94575745,-0.016620422,-0.120792724,-0.33349383,-0.578163,Non-Pulsar
331.14,36.57,89.31,3.0690167,4.23,-28.457375,2.2187889,0.0,-0.52304184,-0.13147542,-0.47121957,0.13484982,0.5291833,Non-Pulsar
331.27,74.55,112.37,4.376367,6.439,-28.80468,2.5532327,0.0,0.83312654,0.9999468,0.44266006,-0.53889257,2.5706756,Non-Pulsar
331.71,-0.55,59.9,4.70721,26.826,-27.977219,2.1441822,0.0,1.105261,0.09651519,-0.019802833,-0.106428176,-1.1446433,Non-Pulsar
331.77,36.12,89.44,2.5133162,6.122,-28.730482,1.9867185,0.0,-0.034472346,0.98413724,0.29507524,-0.20618087,0.38953468,Non-Pulsar
331.79,43.27,93.85,3.2187,11.985,-28.26154,1.8557235,0.0,0.7055408,0.9997607,0.046686754,0.12117703,0.37188706,Non-Pulsar
331.81,-21.37,32.55,2.6247916,4.106,-28.676146,2.6486511,0.0,0.1910783,-0.46792412,-0.06327287,-0.6507647,1.3146725,Non-Pulsar
331.89,-53.77,339.92,4.637269,32.278,-28.374998,2.367499,0.0,0.7158961,-0.15923141,-0.26364172,-0.26515272,-0.059161417,Non-Pulsar
331.91,0.89,61.6,0.0,9.419,0.0,2.5861712,1.0,0.0,-0.40446708,-0.2928246,-0.53944385,0.15549359,Non-Pulsar
332.04,40.97,92.62,3.7000709,8.51,-27.688654,2.9675586,0.0,1.4174352,0.020034917,-0.7004382,-0.22503877,0.306418,Pulsar
332.04,-45.13,352.91,0.0,4.44,0.0,1.9878563,1.0,0.0,0.99883777,0.22660974,-0.019312575,-1.1177851,Non-Pulsar
332.06,3.83,64.71,1.4652667,5.044,-28.810368,2.122487,0.0,0.13298315,0.9990054,-0.015480217,-0.09880521,-2.6179984,Non-Pulsar
332.35,43.49,94.32,0.0,9.411,0.0,2.586182,1.0,0.0,-0.41868994,-0.27084473,-0.5202069,-2.1302938,Non-Pulsar
332.44,-4.86,55.65,2.4947891,14.597,-28.449158,1.9220606,0.0,-0.58836454,-0.1426363,0.11763997,-0.14283296,0.1349164,Non-Pulsar
332.47,-50.47,344.48,3.2146502,4.592,-28.841799,2.2953753,0.0,-0.40464288,-0.33870837,-0.2542363,-0.12953603,-0.07300205,Non-Pulsar
332.63,36.39,90.18,2.0194106,5.15,-28.445011,2.2232683,0.0,-0.9406376,0.084553786,-0.3360485,-0.6697636,0.8178978,Non-Pulsar
332.72,32.05,87.5,2.9657488,5.647,-29.08148,1.3910524,0.0,0.35865253,-0.40820098,-0.9448102,0.99999815,0.26874053,Non-Pulsar
332.75,-0.45,60.88,2.6988473,4.572,-28.553225,2.0430508,0.0,-0.19921665,-0.9523226,0.8168028,0.039872155,-0.6193148,Non-Pulsar
332.76,-0.06,61.3,2.7041917,8.764,-28.540749,1.9308583,0.0,0.34299237,0.97840416,-0.19567609,-0.09325379,0.48588243,Non-Pulsar
332.82,-13.42,44.93,5.6445327,21.694,-28.383839,2.6790664,0.0,0.48360968,-0.26202127,-0.49912462,-0.3212427,0.4427783,Non-Pulsar
332.86,-70.68,319.3,3.0259762,11.844,-28.87792,2.1533568,0.0,-0.82568413,-0.20396432,-0.21501218,-0.036691323,0.33897424,Non-Pulsar
332.99,8.35,69.79,0.0,5.656,0.0,2.5066636,1.0,0.0,-0.62138224,-0.1103651,-0.44340268,-2.007979,Non-Pulsar
333.02,23.93,82.24,2.785503,37.225,-27.996656,2.1755996,0.0,1.2291105,-0.018342732,-0.121760614,-0.18273224,-0.035466507,Non-Pulsar
333.06,-72.85,317.11,2.87583,5.764,-28.66264,2.6378894,0.0,-1.2214041,-0.45377532,-0.14449477,-0.47032198,2.646058,Non-Pulsar
333.17,28.01,85.16,2.3521154,17.021,-28.49009,2.2038476,0.0,0.47601077,0.39023674,-0.004983215,-0.3033191,-7.272596,Non-Pulsar
333.21,6.79,68.55,3.0635788,11.612,-27.848667,2.4691691,0.0,0.74706435,-0.05686292,-0.15685463,-0.35087502,-1.1943562,Non-Pulsar
333.23,-25.43,26.49,4.542153,21.426,-28.448713,2.0820506,0.0,1.2736446,0.26671642,-0.091047995,-0.1306859,-0.05889224,Non-Pulsar
333.39,-47.91,348.05,2.505109,10.818,-28.842703,1.9063854,0.0,-0.15512691,-0.66351914,0.23281538,0.10348798,0.24819031,Non-Pulsar
333.5,59.81,104.31,2.8733974,3.423,-27.39473,2.4325795,0.0,-0.28425425,-0.34513044,-0.2755527,-0.33905986,-2.2372067,Non-Pulsar
333.86,5.75,68.14,2.8096273,9.132,-28.583532,2.0732722,0.0,-0.66745454,0.9997778,-0.38968554,0.121297784,0.45842916,Non-Pulsar
333.87,61.09,105.18,2.6461422,4.833,-27.301561,2.7055373,0.0,0.96621656,-0.079984896,-0.34479493,-0.39241078,0.32217312,Non-Pulsar
334.2,31.06,87.93,3.1635568,5.68,-28.402018,2.5686305,0.0,0.5852519,-0.0026281758,-0.44992802,-0.21244526,-0.22180825,Non-Pulsar
334.24,24.36,83.51,3.8413515,22.667,-28.352161,2.2395775,0.0,0.067895085,-0.10593524,-0.14307784,-0.1428644,-0.10762394,Non-Pulsar
334.65,19.7,80.52,0.0,4.12,0.0,2.6765053,1.0,0.0,-0.25791326,-0.44173035,-0.023413705,-0.15499675,Non-Pulsar
334.81,18.1,79.46,6.401592,38.363,-28.00745,2.1885476,0.0,1.2540402,0.011618061,-0.092496976,-0.18019578,-0.9339235,Non-Pulsar
334.82,-3.71,59.0,5.4135885,17.944,-28.160135,2.6714628,0.0,0.814593,-0.3352944,-0.321854,-0.70672023,1.4684,Non-Pulsar
335.14,28.23,86.82,2.1539695,11.721,-28.609694,2.143585,0.0,-0.4801172,-0.47047418,-0.03053765,0.026021061,-0.17778005,Non-Pulsar
335.39,-52.43,340.35,3.8160498,37.091,-28.117373,1.6063086,0.0,1.6168635,0.9993956,0.3593358,0.15301383,0.13724132,Non-Pulsar
335.47,33.98,90.67,2.7277253,5.163,-28.757933,2.1928737,0.0,-0.6243229,-0.27468213,-0.015345067,-0.12170742,-0.086928494,Non-Pulsar
335.5,-35.07,9.55,3.945097,8.503,-28.797049,2.6631453,0.0,0.37241545,-0.26105088,-0.33110532,-0.70020175,-35.207764,Non-Pulsar
335.71,12.16,75.52,4.087834,7.975,-28.361576,2.2098076,0.0,0.73528045,0.30505443,0.014433124,-0.16897446,-0.6225557,Non-Pulsar
335.77,67.77,109.59,2.0925798,4.3,-27.953892,2.4773943,0.0,0.44712842,-0.3806661,-0.1927786,-0.3749472,2.0356328,Non-Pulsar
335.85,1.05,65.22,2.8833215,7.18,-28.740166,1.9454181,0.0,0.32790217,0.26217338,-0.06637889,0.15702358,0.369189,Non-Pulsar
335.87,58.24,104.47,1.7622914,5.885,-27.101288,3.079486,0.0,1.4001902,-0.13014556,-0.5099338,-0.76271844,-14.4306,Non-Pulsar
336.02,-11.47,50.03,2.9644887,8.01,-28.403753,2.2344398,0.0,-0.60753167,-0.38823053,0.2172367,-0.22417998,9.034114,Non-Pulsar
336.09,77.62,115.22,2.21681,6.114,-28.260983,2.4688237,0.0,1.0076249,0.2065747,-0.10692339,-0.7305509,1.6760465,Non-Pulsar
336.13,3.89,68.39,2.73156,5.981,-28.712278,2.08286,0.0,0.27627566,0.36032283,0.35963297,-0.28686157,3.1319351,Non-Pulsar
336.4,-11.24,50.64,3.4353125,8.163,-28.737835,1.9444953,0.0,1.1792916,0.9997964,0.09348923,0.1340171,-0.059187025,Non-Pulsar
336.41,21.34,83.19,3.7618446,11.378,-27.873257,2.7754185,0.0,1.2745403,-0.4468807,-0.40122768,-0.7007354,-3.5669718,Non-Pulsar
336.43,-4.95,58.94,5.648847,28.976,-28.008654,2.3318675,0.0,0.97863936,-0.0675985,-0.24088468,-0.24600352,-0.37704355,Non-Pulsar
336.63,69.02,110.53,2.4630585,8.51,-28.585775,1.9028639,0.0,-0.049824785,0.99941987,-0.06590882,0.0418147,0.34808025,Non-Pulsar
336.66,2.17,67.16,3.234705,9.393,-28.645994,1.6356624,0.0,0.023972422,-0.9988572,0.999346,-0.11459633,-0.07143162,Non-Pulsar
336.71,0.86,65.83,3.9838126,7.148,-27.900452,2.735349,0.0,1.1225142,-0.18208289,-0.362492,-0.31735027,0.13325886,Non-Pulsar
336.98,-30.52,18.1,2.574173,7.572,-28.897446,2.0906522,0.0,0.0376011,-0.16226071,0.016794294,-0.30107343,0.3127349,Non-Pulsar
336.98,0.62,65.83,3.4682896,23.302,-27.84994,1.8867937,0.0,1.0715038,0.65369725,0.1766866,0.037367016,-0.1857934,Non-Pulsar
337.0,-19.3,38.57,3.2048764,4.961,-28.601416,2.5632737,0.0,-0.59637004,-0.2581673,-0.24388549,-0.63790005,0.13470195,Non-Pulsar
337.0,-41.93,356.66,2.810074,5.862,-29.07036,1.891721,0.0,-0.2515467,0.9999541,0.6138029,-0.3771997,1.792005,Non-Pulsar
337.15,22.19,84.41,2.3042314,10.657,-28.51498,2.315778,0.0,0.1405021,0.9924231,0.09609738,-0.41718957,2.2257197,Non-Pulsar
337.17,-16.61,43.12,3.9365678,10.661,-28.696667,2.0388408,0.0,0.14085463,-0.055002175,0.2412694,0.018216824,-2.9084265,Non-Pulsar
337.27,61.24,106.65,2.334176,168.595,-26.4503,2.316082,0.0,3.6883872,0.15046392,-0.017347917,-0.28192842,-0.6570399,Pulsar
337.3,22.91,85.03,2.9297512,7.153,-28.858934,1.8654393,0.0,-0.076302096,0.06886163,-0.023280872,0.090215676,0.29573974,Non-Pulsar
337.3,-69.19,319.37,2.8608983,11.113,-28.705923,2.4749227,0.0,-2.2385764,-0.17344634,-0.26463032,-0.19200704,-0.70475847,Non-Pulsar
337.4,25.82,87.05,3.0584173,4.331,-28.730907,2.3746047,0.0,0.07905829,-0.022766525,-0.12784937,0.18993007,-0.5535354,Non-Pulsar
337.43,-8.54,55.23,6.975995,65.863,-27.914902,2.4740937,0.0,2.0110953,-0.23139013,-0.361921,-0.48266765,-0.80620867,Non-Pulsar
337.73,-78.26,311.31,3.840554,14.0,-28.436186,2.3888113,0.0,-0.8040689,-0.29036286,-0.15978366,-0.21613133,-0.7278089,Non-Pulsar
337.76,-44.28,352.22,5.6837406,27.095,-28.486155,2.359698,0.0,0.8511037,-0.07991558,-0.32805532,-0.32314298,0.37925056,Non-Pulsar
337.9,27.91,88.8,2.4651601,5.9,-29.003668,1.7939874,0.0,0.26618528,-0.93009573,0.84184957,-0.122590944,0.43669537,Non-Pulsar
338.09,76.27,114.85,2.6330712,4.536,-28.710747,2.2019112,0.0,-0.3345472,0.7022864,0.038466096,-0.2962541,-37.316555,Non-Pulsar
338.1,62.78,107.77,1.864185,6.573,-27.372149,2.5547829,0.0,0.4457742,-0.083547294,-0.27628064,-0.30361238,25.542118,Non-Pulsar
338.15,11.73,77.44,11.405301,340.599,-26.747906,2.2871451,0.0,3.328445,-0.063397296,-0.16592312,-0.23559844,-0.3388911,Non-Pulsar
338.17,-20.39,37.37,2.6341248,10.047,-28.74139,1.9591058,0.0,-0.49294204,-0.14109045,-0.33958197,0.26219788,0.56603986,Non-Pulsar
338.22,13.58,79.01,2.370913,5.773,-28.880886,1.8423407,0.0,0.27988762,0.7004378,0.014930562,0.53672874,0.5342754,Non-Pulsar
338.5,-12.49,50.56,2.5300863,6.548,-28.705616,2.1632936,0.0,0.559052,0.9997243,-0.009258708,0.062612586,-4.222572,Non-Pulsar
338.54,-26.94,25.29,5.3191185,37.565,-28.064785,1.9958432,0.0,1.0822883,0.31962028,-0.04632997,-0.05885603,0.087953225,Non-Pulsar
338.8,-6.4,59.33,3.2979226,8.017,-28.641512,2.1256995,0.0,0.18342735,0.023473028,0.03827346,0.17702718,-1.8526614,Non-Pulsar
338.84,18.31,83.17,2.8963163,11.321,-28.415024,2.0832174,0.0,0.94294226,0.40141836,0.017320607,0.0014949436,-0.09755563,Non-Pulsar
338.84,-48.6,344.47,5.397614,30.637,-28.425879,2.3988671,0.0,0.9663919,-0.0868234,-0.3050189,-0.30125445,0.19457395,Non-Pulsar
338.97,-36.46,6.34,4.5981965,38.431,-28.262728,2.1135602,0.0,1.2788239,-0.056842383,-0.025867343,-0.14375065,-1.0276049,Non-Pulsar
339.06,-17.11,43.63,2.4859354,14.528,-28.56278,2.2639325,0.0,-0.12659937,0.1664416,-0.14028397,-0.29237902,-0.39753872,Non-Pulsar
339.1,28.48,90.12,7.155706,114.702,-27.599823,2.1341686,0.0,2.283791,0.0012690966,-0.07642205,-0.23149201,-0.6947918,Non-Pulsar
339.12,-23.16,32.79,3.997016,16.473,-28.432014,2.450542,0.0,1.2855234,0.013280573,-0.4621756,-0.424019,0.07735557,Non-Pulsar
339.14,-14.56,47.88,7.544282,114.042,-27.511675,2.0663116,0.0,2.2152169,0.038036834,-0.061846845,-0.1470747,-0.3334936,Non-Pulsar
339.16,37.1,95.14,0.0,7.022,0.0,1.9720777,1.0,0.0,0.14348188,-0.32913694,0.055927936,0.6742447,Non-Pulsar
339.27,-39.36,0.61,5.2876515,17.233,-28.560017,2.3848433,0.0,0.92851186,-0.081730425,-0.26843134,-0.25755486,-0.019263191,Non-Pulsar
339.37,51.42,102.68,2.830189,7.608,-28.299866,2.2422721,0.0,0.06342025,0.99986696,0.27302843,-0.26513484,2.610273,Non-Pulsar
339.63,59.06,106.56,2.6112893,73.536,-26.818226,2.2916174,0.0,3.0047245,0.17328773,-0.07086083,-0.39496702,-0.7317369,Pulsar
339.81,-56.95,331.89,2.8187222,4.759,-28.913483,2.4241984,0.0,0.350258,-0.15156114,-0.005129091,-0.301697,2.2016845,Non-Pulsar
339.89,-24.67,30.17,2.532881,4.782,-29.158022,1.5937794,0.0,-0.51513094,0.99973756,-0.92898494,0.96745235,0.7391518,Non-Pulsar
340.09,-12.78,51.48,0.0,7.452,0.0,1.7372638,1.0,0.0,0.987602,-0.42721972,0.29813576,0.62608427,Non-Pulsar
340.11,51.56,103.16,4.4339294,10.822,-27.993242,2.5580747,0.0,1.1697948,-0.08852272,-0.239148,-0.36753777,-0.1936497,Non-Pulsar
340.17,58.55,106.56,1.7220466,16.77,-27.288675,2.2753763,0.0,1.727267,0.122435935,0.062480785,-0.2705641,-0.7120855,Pulsar
340.19,-47.77,345.06,2.8421507,10.928,-28.91758,2.0570405,0.0,-0.96429706,-0.5291295,0.21504071,-0.19182502,0.18242075,Non-Pulsar
340.24,-18.43,42.15,3.22882,2.912,-28.929735,2.3,0.0,0.5338493,0.9891624,-0.2644131,-0.4638921,4.921826,Non-Pulsar
340.28,-41.38,356.34,2.2555425,4.904,-29.176075,1.9306123,0.0,-1.7406657,-0.31639707,-0.4587362,0.2097339,0.7447644,Non-Pulsar
340.31,41.34,98.19,2.9267292,15.247,-28.028835,2.2820876,0.0,0.2511807,0.7236776,-0.12333463,-0.08116857,-0.3599985,Non-Pulsar
340.34,29.72,91.87,3.285323,12.547,-28.541187,2.2064302,0.0,0.7086643,0.02117003,-0.3352809,-0.113113165,0.65430903,Non-Pulsar
340.38,4.9,73.58,0.0,5.982,0.0,1.8884617,1.0,0.0,0.99879956,0.84829307,-0.52600116,2.179638,Non-Pulsar
340.87,-25.74,28.37,3.7103376,46.412,-27.861776,1.9910426,0.0,1.7772676,0.15036865,0.06802091,-0.13442829,-0.3020332,Non-Pulsar
340.88,-39.52,359.67,3.1700525,13.124,-28.727581,2.4147239,0.0,0.45548865,-0.1563873,-0.21249188,-0.31496686,-0.63214684,Non-Pulsar
340.88,32.34,93.8,2.379474,4.085,-29.044163,1.8880616,0.0,0.40234283,-0.9999772,0.99997264,0.032267027,2.1887124,Non-Pulsar
340.93,-12.53,52.62,0.0,14.899,0.0,1.9892974,1.0,0.0,-0.60842586,0.21162614,-0.12620106,0.16934034,Non-Pulsar
340.96,-25.17,29.56,3.7535183,5.331,-28.17048,2.7002482,0.0,-0.12015779,-0.1601582,-0.43888617,-0.6477163,0.088959605,Non-Pulsar
340.99,20.36,86.58,5.094009,96.011,-27.367811,1.7364159,0.0,1.9391962,0.29892835,0.19261338,0.06781379,0.11288109,Non-Pulsar
341.06,40.96,98.5,8.611569,93.559,-27.403603,2.0723972,0.0,2.327919,0.0100138355,-0.016024914,-0.08170138,-0.22752978,Non-Pulsar
341.17,25.04,89.76,2.561983,11.541,-28.702047,2.0692565,0.0,0.019032361,0.3058624,0.13528529,0.021111181,-0.14061372,Non-Pulsar
341.24,-0.12,69.32,2.512602,5.769,-28.574223,2.1606271,0.0,-0.3291618,0.2918124,-0.32393366,0.1173941,0.1675261,Non-Pulsar
341.38,-17.57,44.52,2.5499158,6.028,-29.19694,1.6000623,0.0,0.79465115,0.9783571,0.8275286,0.5328623,0.41839987,Non-Pulsar
341.45,-56.15,331.99,2.5845618,4.985,-29.038,2.1182542,0.0,-0.3695256,0.66651356,-0.5008521,-0.058503605,0.72333974,Non-Pulsar
341.49,15.75,83.82,3.5907404,19.655,-28.145378,1.8296286,0.0,0.86508226,0.27438685,0.2650844,0.09118583,-0.031666875,Non-Pulsar
341.63,-12.08,53.97,4.530111,9.246,-27.861404,2.7856781,0.0,0.53048754,-0.111703195,-0.34059602,-0.86679995,1.2550334,Non-Pulsar
341.68,-52.13,337.4,3.0438697,11.606,-28.809692,1.74848,0.0,-0.06148317,0.92548394,0.575488,0.40178934,0.00820218,Non-Pulsar
341.78,46.98,101.92,2.9277833,3.365,-28.631443,2.275301,0.0,0.44460854,0.99935466,-0.08751045,-0.044595007,-1.6617347,Non-Pulsar
341.87,-0.03,70.11,2.9578593,18.927,-28.287443,2.038306,0.0,0.6491792,0.08778865,-0.12572627,0.17637181,0.17807555,Non-Pulsar
341.9,-37.0,4.4,0.0,4.54,0.0,2.5835905,1.0,0.0,-0.41205436,-0.49923182,0.211468,0.1572436,Non-Pulsar
341.97,44.23,100.73,2.4953823,22.235,-28.286892,1.7356893,0.0,0.31205294,0.90227,-0.0068056006,0.18624048,0.515379,Non-Pulsar
342.19,-32.59,13.81,5.350586,21.404,-28.427092,2.56301,0.0,1.0484009,-0.325592,-0.3905498,-0.37653324,-0.37594497,Non-Pulsar
342.19,-43.05,352.2,0.0,5.445,0.0,2.2431045,1.0,0.0,0.8366919,-0.22990654,-0.32456627,0.5261759,Non-Pulsar
342.25,21.12,88.26,7.798181,57.834,-27.79933,2.140085,0.0,1.6002302,0.011412573,-0.03836524,-0.18319038,-0.8857181,Non-Pulsar
342.36,-13.0,53.2,5.146167,6.131,-26.587961,2.3665051,0.0,0.077390805,-0.42761362,-0.27201417,-0.5061908,-1.0002943,Non-Pulsar
342.43,-59.74,327.03,0.0,11.643,0.0,2.1253011,1.0,0.0,0.60849124,-0.08091223,-0.15661386,0.19303446,Non-Pulsar
342.48,4.87,75.79,2.983393,7.21,-28.611202,2.282042,0.0,-0.9224043,-0.33239037,-0.13452837,-0.3799167,0.34729585,Non-Pulsar
342.5,-12.85,53.58,9.147411,64.168,-26.352463,2.4299443,0.0,2.7753952,0.10058718,-0.12251225,-0.24864651,-0.3498555,Non-Pulsar
342.51,38.42,98.25,3.8025267,25.923,-28.220522,1.7696037,0.0,-0.3648428,0.26174337,0.12936383,0.2219596,0.14953803,Non-Pulsar
342.61,-42.11,353.76,3.715568,18.299,-28.6675,2.1448152,0.0,-0.48954353,-0.07844528,-0.036599256,-0.18205443,-0.48723173,Non-Pulsar
342.62,17.81,86.4,0.0,8.464,0.0,2.6158788,1.0,0.0,-0.6376254,-0.04985659,-0.5633902,2.055082,Non-Pulsar
342.69,-28.11,23.75,6.779302,55.205,-27.821308,2.056039,0.0,1.6468213,0.23107629,-0.037998848,-0.1404658,-0.26187414,Non-Pulsar
342.8,55.84,106.57,3.7024488,3.558,-28.17486,2.3044076,0.0,0.41293618,0.90075195,-0.38702634,0.12436458,0.058625657,Non-Pulsar
342.88,-49.47,340.66,4.709083,24.771,-28.332624,1.7711287,0.0,0.89871365,0.33638665,0.08015995,0.21934302,0.25498638,Non-Pulsar
342.94,-32.14,14.74,2.5456092,8.611,-28.832184,1.8429055,0.0,-0.79654336,0.1478835,0.20809352,-0.03632215,-0.15580277,Non-Pulsar
343.01,81.82,118.61,2.8007944,3.845,-28.454721,2.630969,0.0,0.5391339,-0.32952285,-0.43558294,-0.60907954,0.081106246,Non-Pulsar
343.01,40.52,99.64,3.5140116,30.928,-27.983198,1.9809209,0.0,0.8229153,0.25811607,0.028269455,0.026471416,-0.026489038,Non-Pulsar
343.17,12.75,83.28,2.4794424,7.223,-28.728199,1.922469,0.0,-1.1372968,1.0,0.5126853,-0.36853442,2.3071685,Non-Pulsar
343.31,-12.54,54.87,3.5161333,9.971,-27.533056,2.7392762,0.0,0.9027177,-0.20289886,-0.22652802,-0.78924453,1.3724656,Non-Pulsar
343.34,32.56,95.88,3.0498476,7.617,-28.495396,2.2823539,0.0,-1.389184,-0.100399755,-0.1878609,-0.44455114,0.24983901,Non-Pulsar
343.45,14.09,84.58,3.003421,8.759,-28.637873,2.0180743,0.0,0.3415048,-0.69225025,0.29584453,-0.092680655,-0.923807,Non-Pulsar
343.5,16.15,86.12,11.4725,448.024,-26.388844,2.3885727,0.0,3.7536442,-0.11076137,-0.21622527,-0.35746253,-0.59362435,Non-Pulsar
343.56,43.1,101.24,0.0,8.712,0.0,2.554642,1.0,0.0,-0.45881832,-0.25924093,-0.23692438,-1.026486,Non-Pulsar
343.72,-27.42,25.51,4.1252093,14.361,-28.312439,1.9877286,0.0,-0.16365182,-0.25873655,0.52100825,-0.023148414,-0.17712922,Non-Pulsar
343.82,24.19,91.63,3.8355906,35.658,-28.026163,2.0145493,0.0,0.69898427,-0.024418933,0.029094711,-0.116950594,-0.09536016,Non-Pulsar
343.97,-65.73,319.99,2.2353017,5.422,-28.735542,2.722632,0.0,0.35915476,-0.31213075,-0.47612277,-0.47539523,0.4197153,Non-Pulsar
344.02,-27.67,24.99,4.5584273,9.214,-27.261086,3.0137763,0.0,0.83277154,-0.425197,-0.5271174,-0.705885,2.4285882,Non-Pulsar
344.08,-33.07,12.46,3.9460583,14.815,-28.72876,2.1491718,0.0,-0.5410675,-0.012273338,-0.0028321084,-0.0761438,-0.9415897,Non-Pulsar
344.11,-71.32,315.09,2.9315267,8.072,-28.96588,1.3148671,0.0,1.1035647,-0.56222963,-0.8491399,0.97745067,0.6148899,Non-Pulsar
344.17,-20.2,41.53,3.9783998,28.682,-28.421738,2.1448438,0.0,-0.08073806,-0.1793247,-0.0643208,0.05119252,-0.44397378,Non-Pulsar
344.18,13.12,84.62,2.7409604,6.51,-28.771988,1.9668608,0.0,0.3633693,0.9203823,0.33211097,0.08523697,0.14020488,Non-Pulsar
344.39,7.8,80.57,4.76082,11.081,-28.547922,2.271221,0.0,-0.3412411,-0.060546823,-0.017441798,-0.088182524,-2.2751021,Non-Pulsar
344.53,-27.98,24.36,7.301762,68.327,-27.27948,2.3553095,0.0,2.306435,0.031744454,-0.17250612,-0.41688186,-1.0428514,Non-Pulsar
344.58,-36.73,3.95,2.948449,14.245,-28.770979,2.1065428,0.0,0.6363436,0.15951166,0.121235006,-0.23041816,-1.7977237,Non-Pulsar
344.6,-55.41,330.97,2.2498307,17.745,-28.803602,2.2297242,0.0,0.24061395,-0.4144286,-0.09265268,-0.09511668,0.17290786,Non-Pulsar
344.64,-82.78,307.01,3.713258,15.925,-28.240412,2.0039432,0.0,0.883046,0.27495527,0.06041413,0.06977418,-0.1155535,Non-Pulsar
344.93,-35.82,5.85,2.2509832,10.109,-28.713903,1.9003891,0.0,0.73845476,-0.22818066,0.07811253,0.042855136,0.01047272,Non-Pulsar
344.95,-15.88,50.68,4.0193143,17.424,-28.375134,2.021817,0.0,0.91165495,-0.11023922,0.014838839,-0.15984401,0.11614473,Non-Pulsar
345.03,40.9,101.25,2.8889606,6.24,-28.838717,1.7995179,0.0,-0.18356848,-0.63720506,-0.071312465,0.34486997,0.55649483,Non-Pulsar
345.09,31.61,96.83,2.584486,33.297,-28.127508,1.7222397,0.0,1.5704913,0.5390829,0.22678462,0.09148156,0.04750915,Non-Pulsar
345.18,-26.75,27.42,4.0203896,8.053,-28.5392,2.420191,0.0,0.23909873,-0.040876593,-0.08229081,-0.26557696,8.041895,Non-Pulsar
345.21,-7.61,64.48,0.0,8.02,0.0,1.9799263,1.0,0.0,0.19240032,-0.12921548,0.18584181,0.25204137,Non-Pulsar
345.25,71.14,114.18,3.138541,9.957,-28.982313,1.9659889,0.0,1.3389665,-0.25083312,0.9999699,0.14725715,-0.92071456,Non-Pulsar
345.26,-1.98,71.8,7.010604,52.097,-28.019463,2.2354667,0.0,1.6798874,-0.075391196,-0.1886901,-0.23366979,-0.26983204,Non-Pulsar
345.44,6.15,80.32,4.1531878,7.735,-28.365673,2.4318342,0.0,0.20271419,-0.24467635,-0.22141482,-0.29669508,-0.69607776,Non-Pulsar
345.72,-18.7,45.84,2.7675989,8.692,-28.793701,2.2744763,0.0,0.20773926,0.111668095,-0.09284348,-0.21304546,-3.7302802,Non-Pulsar
346.08,6.31,81.22,3.2818997,5.621,-28.533,2.4704573,0.0,1.0857595,0.43412554,-0.25392288,-0.35621235,0.36139235,Non-Pulsar
346.17,37.08,100.35,3.610288,24.516,-28.170357,1.6493793,0.0,0.79853755,0.13484746,-0.08406299,0.34042817,0.45232928,Non-Pulsar
346.4,-42.25,351.0,1.9643093,4.993,-28.894423,2.4082341,0.0,-0.609375,0.12985906,-0.5732836,0.080114454,0.67530125,Non-Pulsar
346.65,9.67,84.71,2.6299837,6.113,-28.644669,2.3265674,0.0,-0.47738266,0.1039074,-0.2465455,-0.1707218,0.13828535,Non-Pulsar
346.65,-11.09,60.91,2.316284,6.617,-28.67028,2.2555544,0.0,-0.20358655,0.25665894,-0.44976583,-0.17799969,0.7405922,Non-Pulsar
346.72,-30.6,18.05,2.6941714,5.045,-29.388485,1.8080705,0.0,1.037035,0.92978555,0.9992463,0.24187538,-1.7662129,Non-Pulsar
346.86,-12.11,59.47,2.0647502,6.295,-28.741333,2.1317866,0.0,-0.39651456,0.17847973,-0.34089348,-0.37565708,0.8222038,Non-Pulsar
346.89,86.5,121.25,2.8481805,5.974,-28.363428,2.5012348,0.0,0.8272687,0.23853062,-0.46213162,-0.6097702,0.60040486,Non-Pulsar
346.92,14.86,88.84,4.5556655,10.111,-28.356878,2.223218,0.0,0.58543706,0.13267632,0.1876191,-0.22325948,4.747355,Non-Pulsar
346.93,67.22,113.12,3.5067697,6.411,-28.621492,1.9135246,0.0,0.7825395,-0.54359084,0.8212255,0.23681293,0.36273876,Non-Pulsar
347.16,-45.93,343.4,2.3967319,5.354,-28.679474,2.5427582,0.0,-0.0012141682,-0.6639904,-0.018311774,-0.52310354,-2.8222208,Non-Pulsar
347.25,11.2,86.58,2.951406,8.722,-28.584007,2.051639,0.0,0.799669,0.17643707,0.093379915,-0.21703056,-0.2559241,Non-Pulsar
347.43,-36.55,2.93,2.2711234,20.031,-28.584448,2.0146656,0.0,-1.4856852,-0.11756015,0.020627271,0.04507004,-0.015067081,Non-Pulsar
347.6,-73.91,312.0,3.277728,5.615,-28.724136,2.6896613,0.0,0.03964401,-0.20937747,-0.5764966,-0.14202215,0.45811263,Non-Pulsar
347.77,2.1,79.35,5.2734776,22.294,-28.215624,2.0118482,0.0,1.0964361,0.24537937,0.07841003,-0.3045597,-0.67567104,Non-Pulsar
347.77,34.42,100.41,7.8815737,95.334,-27.792122,2.2377012,0.0,2.2300446,-0.062898844,-0.1717116,-0.2734228,-0.82254165,Non-Pulsar
347.93,26.08,96.53,4.1955986,12.009,-28.484362,2.4558585,0.0,-0.33298364,-0.19395128,-0.22629511,-0.15970756,-0.891218,Non-Pulsar
347.96,45.69,105.31,2.8586166,6.383,-28.293476,2.7324927,0.0,0.3227171,-0.17080659,-0.48888093,-0.3744162,0.035176672,Non-Pulsar
348.06,-65.6,318.09,2.3229299,4.558,-29.461508,2.1436584,0.0,0.87154424,0.99915516,0.3370042,-0.047371317,-0.76073873,Non-Pulsar
348.14,72.69,115.64,3.8741152,7.603,-28.172867,2.4079695,0.0,0.9626512,0.015431685,-0.20432839,-0.289436,0.1767192,Non-Pulsar
348.35,-69.38,314.94,3.143302,6.93,-29.070227,1.6519703,0.0,0.82200915,0.5380797,0.9999998,0.6786892,0.19625579,Non-Pulsar
348.4,39.76,103.22,4.9036856,14.714,-28.202187,2.6249347,0.0,1.2542328,-0.22608277,-0.4232152,-0.6532687,-0.06586695,Non-Pulsar
348.49,-45.02,343.89,2.6707823,7.945,-28.361578,2.9843726,0.0,0.91195565,0.70874715,-0.5886782,-0.68877745,0.76369333,Non-Pulsar
348.51,14.75,90.53,3.1520507,22.786,-28.261543,1.8244174,0.0,0.5309523,0.11948296,0.21491961,0.09918062,0.05719499,Non-Pulsar
348.91,-50.31,334.69,4.120455,12.299,-28.697037,2.4005592,0.0,-0.31044212,0.109645866,-0.21770163,-0.10149552,-1.6371236,Non-Pulsar
349.25,-52.17,331.75,0.0,8.536,0.0,2.0612473,1.0,0.0,-0.35443667,-0.19851819,0.27481213,0.35860544,Non-Pulsar
349.27,37.94,103.13,3.2222586,6.807,-28.357199,2.6501513,0.0,-0.5826894,-0.39440474,-0.13199198,-0.39511347,2.228632,Non-Pulsar
349.36,-45.56,342.1,3.7940304,23.283,-28.439611,1.7565098,0.0,1.3535364,-0.19143683,0.24850863,0.15193051,-0.053357992,Non-Pulsar
349.56,19.26,94.47,4.3489575,16.125,-28.268618,2.6359181,0.0,0.31747183,-0.31405902,-0.40194488,-0.13044283,-0.52516896,Non-Pulsar
349.66,-16.96,53.49,3.334391,6.707,-28.751667,2.4200566,0.0,-1.4051328,-0.3466414,-0.33047095,-0.25681195,0.33337265,Non-Pulsar
349.78,-42.12,348.44,1.7783134,14.53,-28.749418,2.00309,0.0,-0.1275832,-0.2951503,0.1668904,-0.053645473,-0.71541095,Non-Pulsar
349.9,-4.95,74.25,3.1003113,5.664,-28.79015,1.9246215,0.0,0.5444578,0.9997484,0.11892595,0.32365546,0.100964874,Non-Pulsar
349.94,16.16,93.06,2.7302823,9.303,-28.754549,1.5004773,0.0,0.7468481,0.998997,0.1241702,0.46357274,0.21393077,Non-Pulsar
350.22,-8.39,69.89,3.154747,4.576,-28.474363,2.380613,0.0,0.8537353,0.50401336,-0.3897233,-0.43811584,0.6199106,Non-Pulsar
350.26,-63.14,318.98,2.3993993,9.525,-29.014101,1.853509,0.0,-0.19973676,0.120244004,0.45569554,-0.11798932,27.522766,Non-Pulsar
350.26,28.6,99.95,3.5502872,5.969,-28.378092,2.3928802,0.0,0.34128952,-0.42887336,-0.11987003,-0.12753403,-5.1192164,Non-Pulsar
350.37,51.19,108.87,3.2829888,11.294,-28.533112,1.7205943,0.0,0.80597264,0.9999282,-0.016742617,0.27185076,0.47535828,Non-Pulsar
350.39,-16.32,55.75,3.8308473,15.375,-28.520805,1.580676,0.0,1.1122876,0.75015664,0.4464027,0.3427214,-0.05179547,Non-Pulsar
350.43,-64.65,317.61,5.343184,25.692,-28.670147,2.1001532,0.0,-0.061205585,-0.12966363,-0.020047788,-0.047455024,-0.31820133,Non-Pulsar
350.48,32.07,101.69,7.2867994,60.029,-27.776875,2.1640713,0.0,1.9599307,-0.022302119,-0.06952349,-0.19111407,-0.75593096,Non-Pulsar
350.49,27.57,99.7,5.965348,36.102,-27.977486,2.2392428,0.0,0.6831699,0.023493657,-0.20277852,-0.15427476,0.093179226,Non-Pulsar
350.53,44.67,106.66,2.5481868,6.794,-28.366163,2.546409,0.0,0.16724123,-0.34207204,-0.33041757,-0.15857135,-0.8988039,Non-Pulsar
350.62,-29.11,21.95,2.616614,4.61,-28.843088,2.4447927,0.0,-1.9984127,-0.6164551,0.22345318,-0.47207215,1.5832491,Non-Pulsar
350.66,-7.59,71.71,4.270137,13.738,-28.339579,2.4362943,0.0,-0.8138549,-0.328157,-0.20668057,-0.20389064,-1.2632339,Non-Pulsar
350.68,34.61,102.92,2.945765,17.216,-28.5252,2.008092,0.0,0.086661115,0.21084435,-0.12654142,-0.042071097,0.3741641,Non-Pulsar
350.71,-49.27,334.6,3.9701912,26.741,-28.301569,1.6746844,0.0,1.447592,0.99996954,0.4123427,0.13225634,-0.27658927,Non-Pulsar
350.71,-42.35,347.03,2.6620624,5.549,-29.13022,1.6127232,0.0,0.62423545,-0.9733055,0.999238,0.05374205,-0.41458893,Non-Pulsar
350.89,-3.29,77.75,7.0089545,83.669,-27.712557,2.1645706,0.0,2.118799,0.024490975,-0.14199802,-0.24016528,-0.21986982,Non-Pulsar
350.92,-6.3,73.92,5.351782,17.325,-28.224262,2.2292473,0.0,1.2449659,0.099249914,-0.05284983,-0.52591276,4.92688,Non-Pulsar
350.97,42.18,106.07,4.1593723,54.639,-27.783699,1.801717,0.0,1.4471135,0.28296754,0.037074395,0.16717067,0.32041374,Non-Pulsar
351.18,-40.68,350.19,4.6310096,39.581,-27.921175,1.59832,0.0,1.2702336,0.378736,0.24029128,0.24395634,0.27539247,Non-Pulsar
351.19,8.03,89.02,3.7958794,24.657,-28.279524,2.1733146,0.0,0.6504336,0.075380474,-0.13323295,0.07708922,-0.20347337,Non-Pulsar
351.31,-20.17,47.74,2.9823725,9.555,-28.846937,1.8541318,0.0,-0.815778,0.61077523,-0.3122053,0.35873,0.49845678,Non-Pulsar
351.32,39.95,105.5,4.649173,41.14,-28.039284,1.9833175,0.0,1.6976736,0.20336482,0.024317425,-0.06989848,-0.039158676,Non-Pulsar
351.35,-48.0,335.95,5.5089374,49.921,-27.831238,2.0045383,0.0,0.7271345,-0.10401463,0.017189289,-0.028808812,0.0012685397,Non-Pulsar
351.36,-35.99,1.72,5.242879,52.311,-28.243652,2.1299975,0.0,2.1263354,0.049980123,-0.112188034,-0.32880336,-0.9719814,Non-Pulsar
351.42,16.75,95.1,2.9311879,9.617,-28.72438,1.9918602,0.0,0.42352402,-0.033228476,0.45626572,-0.23971339,8.843065,Non-Pulsar
351.44,18.37,96.03,0.0,15.151,0.0,2.3999448,1.0,0.0,-0.27083018,-0.29226702,-0.23726013,0.26700693,Non-Pulsar
351.5,62.1,113.12,2.608716,2.145,-27.185495,2.638749,0.0,0.6757785,0.6286697,-0.6301608,-0.2043192,0.25026232,Non-Pulsar
351.57,1.22,83.65,4.647006,14.22,-28.59549,2.259953,0.0,-1.0014073,-0.17517495,0.05329737,-0.30787408,13.485634,Non-Pulsar
351.74,-2.02,80.48,0.0,9.72,0.0,2.5753016,1.0,0.0,-0.4049515,-0.3198973,-0.61667156,0.44560626,Non-Pulsar
351.83,47.29,108.45,2.294854,9.074,-28.644358,2.1504464,0.0,-0.082202956,-0.3585342,0.051602785,-0.014484109,-0.17521138,Non-Pulsar
351.85,4.74,87.27,2.857005,7.451,-28.573067,2.378719,0.0,-0.5293515,-0.2805918,-0.1158811,-0.20153144,-2.4356005,Non-Pulsar
351.88,-32.99,9.94,3.235341,9.586,-28.815304,2.5851042,0.0,0.6263598,0.2028652,-0.31554377,-0.40181103,8.417122,Non-Pulsar
351.9,9.65,91.14,6.0531273,36.312,-27.977518,2.7331855,0.0,1.6250623,-0.27316546,-0.4579881,-0.50959814,-0.2683958,Non-Pulsar
351.97,-56.45,324.2,2.7845542,4.999,-29.579039,1.8475989,0.0,0.93861294,0.79517996,0.9982787,0.29093674,-1.3367833,Non-Pulsar
352.08,-40.6,349.44,6.168099,43.384,-27.925825,2.3541417,0.0,1.4436222,-0.2028086,-0.18616971,-0.2223485,-0.47753227,Non-Pulsar
352.26,8.54,90.81,3.319344,7.834,-28.248705,2.4316993,0.0,-0.5607119,-0.60150135,-0.22268291,-0.10842537,-0.19031607,Non-Pulsar
352.32,37.92,105.54,2.7237244,25.934,-28.252539,1.8826205,0.0,-0.57808304,-0.04835919,0.001399634,0.1695275,0.32194492,Non-Pulsar
352.33,-49.93,331.99,9.816088,175.233,-27.54419,2.176546,0.0,2.9005392,-0.01807575,-0.15491775,-0.27133176,-0.5756064,Non-Pulsar
352.34,-47.56,335.63,4.1050725,13.31,-28.290428,2.65748,0.0,-0.41651067,-0.36836827,-0.2712295,-0.25711963,-14.808952,Non-Pulsar
352.43,61.02,113.2,3.2946534,16.463,-27.908504,2.0446246,0.0,-0.626322,-0.21506809,-0.23003043,0.095430434,0.32140458,Non-Pulsar
352.44,-21.3,45.89,3.6811457,16.374,-28.165201,2.3074393,0.0,-0.9619796,-0.5973496,0.18310255,-0.37625694,2.72953,Non-Pulsar
352.57,77.99,118.63,3.8060174,12.109,-28.449778,2.3990128,0.0,-0.41816798,-0.18123369,-0.19990906,-0.13077329,-0.51836634,Non-Pulsar
352.58,-23.54,39.52,1.9709389,6.34,-28.829832,2.1567576,0.0,0.44396996,0.92737734,-0.106933676,0.20855196,-0.32584903,Non-Pulsar
352.58,-29.81,19.6,1.166792,8.627,-28.882511,2.0875297,0.0,-0.5361771,0.55615586,-0.15569583,-0.006568265,0.27573952,Non-Pulsar
352.62,12.51,93.98,2.7326875,5.644,-28.696314,2.2738135,0.0,0.3645858,0.64970815,0.14485063,-0.40667352,1.8583096,Non-Pulsar
352.63,11.05,93.04,3.842857,11.893,-28.218678,2.4940584,0.0,1.1629703,-0.22201774,-0.21553974,-0.48808387,-4.6098375,Non-Pulsar
352.66,-37.43,356.66,2.742343,15.203,-28.669085,2.4072325,0.0,-0.09864747,-0.33844244,-0.22436133,-0.112588935,0.008930201,Non-Pulsar
352.76,-21.8,44.82,6.057331,40.125,-27.872118,2.387971,0.0,1.9716872,0.14121994,-0.24422675,-0.25914878,-0.36386102,Non-Pulsar
352.78,-16.9,57.63,3.2433028,3.687,-28.491392,2.7428262,0.0,0.078324325,0.21341653,-0.31632218,-0.8041031,1.2459962,Non-Pulsar
352.82,-38.66,353.3,2.9110403,6.088,-29.071875,1.4860916,0.0,-0.061786193,-0.81261194,0.99967265,-0.4459135,-1.3082592,Non-Pulsar
352.84,-15.98,59.82,3.6779926,6.152,-28.520628,2.5705163,0.0,-0.18394424,-0.55805486,-0.06487651,-0.5172024,1.8387108,Non-Pulsar
352.88,-2.98,81.14,3.449268,8.04,-28.649687,1.943888,0.0,0.20694944,0.026949752,-0.083453454,0.011838959,0.4900035,Non-Pulsar
353.03,-41.3,346.8,2.1007454,8.186,-28.6233,2.2568688,0.0,0.6616915,0.99987537,0.042378124,-0.33421227,2.596349,Non-Pulsar
353.37,-1.55,83.5,4.1763673,8.976,-27.981,2.55447,0.0,0.6682213,0.6212914,-0.21407937,-0.4911095,2.429261,Non-Pulsar
353.49,-23.72,39.66,3.4097366,8.075,-28.1343,2.6149173,0.0,0.3813008,0.9956127,-0.31245574,-0.40650654,3.1284502,Non-Pulsar
353.52,-25.48,34.0,2.5818417,5.435,-29.458933,1.8307761,0.0,1.0090275,-0.60600436,0.88921314,-0.012152158,-2.890605,Non-Pulsar
353.56,7.6,91.89,4.5627875,11.164,-28.36,2.5281625,0.0,-0.09799852,-0.13096462,-0.21639666,-0.51801497,9.311529,Non-Pulsar
353.72,14.53,96.57,4.8399873,27.664,-28.116432,1.8734195,0.0,1.3306628,0.35180157,0.05161382,-0.0011969055,0.27059728,Non-Pulsar
353.87,-1.48,84.37,4.125265,10.364,-27.93933,2.5192127,0.0,1.2199899,-0.3259885,-0.21622692,-0.4761363,0.19298707,Non-Pulsar
353.98,-58.19,320.81,2.6380615,4.766,-29.260763,1.8994194,0.0,0.30889407,0.8895011,0.9822558,-0.08706236,2.4306476,Non-Pulsar
354.05,-31.61,13.13,0.0,5.523,0.0,2.2299252,1.0,0.0,-0.08484239,-0.42054474,-0.29582265,0.76953053,Non-Pulsar
354.14,-76.38,308.59,3.1807168,12.801,-28.690268,2.232809,0.0,-0.18334886,0.20635098,-0.039684363,-0.2650336,-2.442619,Non-Pulsar
354.15,23.94,101.74,2.550015,12.048,-28.657314,1.9516135,0.0,-1.9993097,0.9995332,-0.22334334,-0.044447985,0.59353393,Non-Pulsar
354.16,-41.26,345.52,5.208241,27.123,-28.318247,2.2687597,0.0,1.2651867,-0.048545226,-0.17231421,-0.30573362,-0.121071085,Non-Pulsar
354.25,-58.99,319.86,3.1750622,6.384,-28.959724,2.3202271,0.0,0.3819791,0.061835475,0.034365635,-0.2109665,2.4154778,Non-Pulsar
354.51,-2.51,84.29,5.144808,26.363,-28.078367,2.3937004,0.0,1.0037845,-0.16198094,-0.15837812,-0.40772337,-12.180593,Non-Pulsar
354.53,3.43,90.03,2.8282905,6.376,-28.27865,2.4594574,0.0,0.2412705,0.1480709,-0.29244605,-0.2576753,-0.76061,Non-Pulsar
354.74,21.4,101.25,2.9218323,17.837,-28.532265,2.0297945,0.0,-0.54140043,-0.07685516,0.05969583,-0.0956392,0.03514593,Non-Pulsar
354.82,-74.06,309.52,3.2546399,22.211,-28.672928,1.9883764,0.0,0.46743393,-0.09418446,0.06471902,0.010074599,-0.28064522,Non-Pulsar
354.84,-26.95,29.45,3.318139,3.354,-28.883038,2.4648569,0.0,-2.3912115,-0.34760708,-0.5500347,0.31783408,0.48157516,Non-Pulsar
354.9,2.71,90.0,3.375597,10.589,-28.205053,2.51309,0.0,1.0692887,-0.17374237,-0.22246434,-0.3644789,-0.5943597,Non-Pulsar
355.13,38.91,108.13,0.0,7.117,0.0,2.1145842,1.0,0.0,-0.08112631,-0.58641046,0.50423807,0.5844012,Non-Pulsar
355.21,80.26,119.84,2.987173,51.557,-27.742565,1.7728803,0.0,1.658605,0.25690925,0.24924138,0.2010214,0.15017407,Non-Pulsar
355.45,-29.29,20.82,2.8914092,8.214,-28.721266,2.092763,0.0,0.7276488,0.38512263,-0.08167799,-0.1128512,-0.1549031,Non-Pulsar
355.91,34.64,107.43,3.3407934,15.78,-28.457962,1.693093,0.0,-0.08373656,0.9019123,0.48802924,0.116506524,0.12742491,Non-Pulsar
355.93,-56.4,320.79,4.076672,5.48,-29.055994,2.2053318,0.0,0.05256928,-0.28143188,-0.3168445,0.24271764,-0.18825291,Non-Pulsar
355.98,15.66,99.99,2.8559792,6.462,-28.636324,2.5699291,0.0,-0.17208512,-0.07390362,-0.56335765,0.13260278,0.32082355,Non-Pulsar
355.99,5.78,94.07,3.6843417,14.017,-28.445234,2.0115144,0.0,1.2590951,0.3626572,-0.041064065,-0.03438483,0.3166623,Non-Pulsar
356.3,-15.92,65.68,8.446364,123.662,-27.260723,2.045716,0.0,2.5096538,0.120239325,-0.026410656,-0.12800558,-0.3851932,Non-Pulsar
356.49,34.23,107.81,2.475631,5.391,-28.951054,1.7773424,0.0,-0.18599989,0.9924047,0.2775005,0.17263304,-0.65724707,Non-Pulsar
356.68,7.09,96.01,0.0,28.357,0.0,1.9021542,1.0,0.0,0.9993629,-0.09158637,0.15694073,0.29704735,Non-Pulsar
356.69,80.14,120.06,2.686202,13.583,-27.843153,2.5384917,0.0,1.3076442,0.22876346,-0.11457422,-0.37214664,-1.9228663,Non-Pulsar
356.77,51.7,112.89,4.26537,75.685,-27.621906,1.7719736,0.0,1.0804552,0.2972213,0.21868382,0.07137011,-0.040802557,Non-Pulsar
356.98,54.61,113.74,3.442995,19.437,-28.432661,1.6207037,0.0,1.3265219,0.9998114,0.6046359,0.15676488,0.07833274,Non-Pulsar
357.02,-16.52,65.56,7.6270814,92.982,-27.408653,2.2150877,0.0,1.9832523,-0.02209108,-0.109335914,-0.20159352,-0.5557498,Non-Pulsar
357.04,-49.57,327.16,3.5637777,7.529,-28.856068,2.1994822,0.0,0.9934837,-0.26485813,0.070941746,-0.5899909,5.253659,Non-Pulsar
357.09,-60.82,316.17,2.8104331,5.038,-29.06143,2.3122509,0.0,-0.7686961,-0.70116603,0.19755413,-0.08109165,-3.7055244,Non-Pulsar
357.15,-4.44,86.73,3.2214024,5.593,-28.573149,2.7418523,0.0,-0.6864581,-0.03834904,-0.4367234,-0.9994577,0.9986356,Non-Pulsar
357.3,45.6,111.68,3.9925294,13.608,-28.587252,2.181017,0.0,-1.4592454,-0.31730947,-0.08041251,-0.020508457,0.115418494,Non-Pulsar
357.36,5.58,96.01,3.2220006,8.695,-28.465038,2.470076,0.0,-0.43614975,-0.5766347,-0.037865333,-0.39071706,11.4713,Non-Pulsar
357.6,-5.99,85.72,2.6307461,5.192,-28.923218,1.6267817,0.0,0.7446018,0.92494917,0.98749775,0.13508326,0.4724596,Non-Pulsar
357.66,-30.09,16.84,3.424218,17.806,-28.614553,2.0724583,0.0,-0.38324693,-0.037350114,-0.059780862,-0.0036054794,-0.007416879,Non-Pulsar
357.75,-14.28,72.28,2.8291235,6.494,-28.919746,1.9886901,0.0,0.13623218,0.99993914,0.065027356,-0.19763455,-0.4009312,Non-Pulsar
357.83,-75.99,307.67,2.9717824,20.213,-28.454565,1.8654349,0.0,0.7985455,-0.15834796,0.24391606,0.040532626,-0.38658693,Non-Pulsar
357.93,-34.27,0.17,2.6091764,5.629,-28.821888,2.3682845,0.0,1.048986,-0.057933144,-0.017131139,-0.77312547,1.5796787,Non-Pulsar
358.01,17.84,103.52,3.8747456,16.867,-28.38132,1.9051948,0.0,0.90973663,-0.16846098,0.118941635,0.057384986,0.007519391,Non-Pulsar
358.05,-43.02,336.2,2.9545417,6.464,-28.756186,2.6835752,0.0,0.55003107,-0.10694419,-0.36484212,-0.6285106,4.5371685,Non-Pulsar
358.23,30.52,108.27,3.3366477,4.77,-28.655739,2.1582592,0.0,0.9961985,-0.25230095,-0.37223327,0.001608391,0.41250777,Non-Pulsar
358.29,-48.11,327.47,2.8235078,13.746,-28.830126,2.2454042,0.0,0.057485253,-0.047544084,-0.04826334,-0.08573066,-1.9029706,Non-Pulsar
358.39,66.77,117.26,2.5640192,3.769,-27.428911,2.5893736,0.0,0.36313376,-0.064417526,-0.58486176,-0.62445194,0.51337504,Non-Pulsar
358.4,-14.96,72.14,3.1544938,8.073,-28.7127,2.1776385,0.0,-0.9545989,-0.38841942,-0.18561119,-0.090854615,0.48281792,Non-Pulsar
358.43,-30.62,14.05,2.6192577,17.736,-28.470755,1.959488,0.0,0.97818536,0.03098107,0.21968913,0.0059228595,-1.3750571,Non-Pulsar
358.47,-39.2,344.11,2.7973273,9.273,-28.885487,2.1473546,0.0,-0.27578577,-0.46079704,-0.09205212,-0.062128548,-0.18752922,Non-Pulsar
358.53,27.35,107.59,2.0972,8.517,-28.811176,2.119407,0.0,0.62010217,0.9863163,0.08477083,0.16097556,-1.7075114,Non-Pulsar
358.53,-9.98,81.99,0.0,3.029,0.0,2.394414,1.0,0.0,-0.5456643,-0.027260276,0.15343554,-0.19013414,Non-Pulsar
358.66,45.91,112.71,1.5531567,9.588,-28.572319,2.1139693,0.0,0.9373059,0.9999179,-0.12741023,-0.3484144,0.3710211,Non-Pulsar
358.74,81.87,120.84,4.1751456,13.881,-28.394255,2.5088623,0.0,0.3708619,-0.19818144,-0.27261418,-0.36834237,-1.3700359,Non-Pulsar
358.93,-33.86,0.22,2.9828506,13.163,-28.651457,2.5233703,0.0,0.46689826,-0.2634307,-0.22339116,-0.43937212,17.362318,Non-Pulsar
359.07,40.61,111.75,2.8880754,15.301,-28.584435,1.9186448,0.0,0.03018009,0.99992585,0.055436682,0.15043983,-0.021258622,Non-Pulsar
359.27,-48.67,325.38,2.270231,9.823,-28.915518,2.165575,0.0,-0.041222256,0.06971736,-0.19222559,-0.08596397,0.070756786,Non-Pulsar
359.37,-1.87,93.55,3.0307343,11.575,-28.640501,2.2818823,0.0,0.44559845,-0.26274863,0.13081993,-0.3314808,2.2421389,Non-Pulsar
359.37,-17.31,68.37,2.9081833,20.921,-28.229029,1.4314126,0.0,0.98784274,-0.44408882,0.37014717,0.40252554,0.38887963,Non-Pulsar
359.46,-53.19,320.19,5.497762,15.784,-28.398668,2.6007423,0.0,0.6285905,-0.3035629,-0.2615608,-0.36950135,697.60864,Non-Pulsar
359.52,-46.02,328.67,4.077115,16.564,-28.747694,2.4999917,0.0,-0.5022229,-0.24035323,-0.31524086,-0.2530535,-0.0952706,Non-Pulsar
359.55,-28.89,21.29,2.5887492,14.979,-28.594416,2.104133,0.0,0.9049425,0.5822571,-0.11147036,-0.10274531,-0.20759894,Non-Pulsar
359.58,-10.36,83.68,5.4239664,27.283,-28.368086,2.427429,0.0,1.387964,-0.16172753,-0.35423073,-0.51626885,-0.16491887,Non-Pulsar
359.59,38.51,111.66,3.738738,17.531,-28.482079,2.0461242,0.0,0.51653427,0.08544249,-0.0777546,0.029799186,0.07314697,Non-Pulsar
359.61,65.78,117.53,2.8107727,7.664,-27.378933,2.6212854,0.0,1.2070197,-0.18400243,-0.089767106,-0.44269717,-0.45433083,Non-Pulsar
359.64,-18.14,66.59,3.1509092,25.806,-28.21332,1.7834756,0.0,0.8895792,0.74526644,0.18431278,0.13609184,0.085291855,Non-Pulsar
359.75,39.37,112.0,3.9318397,11.45,-28.324934,2.4470038,0.0,-0.018756254,-0.20841727,-0.23411156,-0.3556683,-1.5178405,Non-Pulsar
359.77,-30.64,12.81,0.0,22.709,0.0,1.8376471,1.0,0.0,-0.13602336,-0.0017788252,0.21694538,0.30887967,Non-Pulsar
359.78,17.32,105.52,2.2753336,7.143,-28.855255,2.019587,0.0,0.3190282,0.96348715,0.67268234,-0.37103674,1.8545766,Non-Pulsar
359.82,-31.58,8.41,4.5581794,9.18,-28.643604,2.7165194,0.0,-1.4516859,-0.1810084,-0.5150114,-0.41058266,0.46651825,Non-Pulsar
359.83,2.26,97.75,2.8909492,8.578,-28.895758,1.5779167,0.0,1.3316659,-0.027627697,0.99995047,0.18638836,-0.14268081,Non-Pulsar
359.84,-20.82,58.09,0.0,18.289,0.0,1.9284763,1.0,0.0,-0.19757703,-0.016177254,0.077846505,0.2844043,Non-Pulsar
359.94,-50.69,322.13,1.9364872,5.15,-28.927265,2.639918,0.0,1.1109748,0.12294676,-0.39261353,-0.70992625,7.483461,Non-Pulsar
359.98,-37.62,345.66,2.0897412,11.476,-28.90057,1.9044238,0.0,1.0204401,0.8929818,0.09623298,0.017433723,-0.089336686,Non-Pulsar
359.99,31.76,110.32,2.955175,11.307,-28.729836,1.892839,0.0,0.6298798,-0.015211213,0.2459701,0.31406426,-0.03988984,Non-Pulsar
